ticker,company_name,screening_status,watchlist_status,manual_review_required,manual_bctc_required,market_source_confidence,finance_source_confidence,crosscheck_status,verification_status,missing_fields,block_reasons,reason_to_review,last_price_date,last_close,avg_volume_20d,avg_volume_60d,last_volume,recent_trading_value,stale_days,market_fetch_status,finance_quality_status,finance_source_layer,micro_sector,sector,archetype,cycle_status,survival_status,valuation_context,timing_liquidity_status,confidence_score,source_conflicts
A32,Công ty Cổ phần 32,BLOCKED_INSUFFICIENT_MARKET_DATA,REJECTED,True,False,PROVISIONAL_PRIMARY_ONLY,PROVISIONAL_LOW,NOT_AVAILABLE,NEEDS_MANUAL_BCTC_REVIEW,"[""capex"", ""cfo"", ""equity"", ""gross_profit"", ""last_close"", ""last_price_date"", ""net_income"", ""revenue"", ""total_assets"", ""total_liabilities""]","[""Primary market data missing or incomplete.""]",Primary market data missing or incomplete.,,,5000.0,,5000.0,,,,PARTIAL_PROVISIONAL_DATA,provisional_structured,,,,,,,,,
AAA,Công ty Cổ phần Nhựa An Phát Xanh,BLOCKED_INSUFFICIENT_MARKET_DATA,REJECTED,True,False,PROVISIONAL_PRIMARY_ONLY,PROVISIONAL_LOW,NOT_AVAILABLE,NEEDS_MANUAL_BCTC_REVIEW,"[""capex"", ""cfo"", ""equity"", ""gross_profit"", ""last_close"", ""last_price_date"", ""net_income"", ""revenue"", ""total_assets"", ""total_liabilities""]","[""Primary market data missing or incomplete.""]",Primary market data missing or incomplete.,,,741020.0,,741020.0,,,,PARTIAL_PROVISIONAL_DATA,provisional_structured,,,,,,,,,
AAH,Công ty Cổ phần Hợp Nhất,BLOCKED_INSUFFICIENT_MARKET_DATA,REJECTED,True,False,PROVISIONAL_PRIMARY_ONLY,PROVISIONAL_LOW,NOT_AVAILABLE,NEEDS_MANUAL_BCTC_REVIEW,"[""avg_volume_20d"", ""capex"", ""cfo"", ""equity"", ""gross_profit"", ""last_close"", ""last_price_date"", ""net_income"", ""revenue"", ""total_assets"", ""total_liabilities""]","[""Primary market data missing or incomplete.""]",Primary market data missing or incomplete.,,,,,,,,,INSUFFICIENT_DATA,provisional_structured,,,,,,,,,
AAM,Công ty Cổ Phần Thủy Sản MeKong,BLOCKED_INSUFFICIENT_MARKET_DATA,REJECTED,True,False,PROVISIONAL_PRIMARY_ONLY,PROVISIONAL_LOW,NOT_AVAILABLE,NEEDS_MANUAL_BCTC_REVIEW,"[""capex"", ""cfo"", ""equity"", ""gross_profit"", ""last_price_date"", ""net_income"", ""revenue"", ""total_assets"", ""total_liabilities""]","[""Primary market data missing or incomplete.""]",Primary market data missing or incomplete.,,6.55,3170.0,,3170.0,20763.5,,,PARTIAL_PROVISIONAL_DATA,provisional_structured,,,,,,,,,
AAN,Công ty Cổ phần Lương thực A An,BLOCKED_INSUFFICIENT_MARKET_DATA,REJECTED,True,False,PROVISIONAL_PRIMARY_ONLY,PROVISIONAL_LOW,NOT_AVAILABLE,NEEDS_MANUAL_BCTC_REVIEW,"[""avg_volume_20d"", ""capex"", ""cfo"", ""equity"", ""gross_profit"", ""last_close"", ""last_price_date"", ""net_income"", ""revenue"", ""total_assets"", ""total_liabilities""]","[""Primary market data missing or incomplete.""]",Primary market data missing or incomplete.,,,,,,,,,INSUFFICIENT_DATA,provisional_structured,,,,,,,,,
AAS,Công ty Cổ phần Chứng khoán SmartInvest,BLOCKED_INSUFFICIENT_MARKET_DATA,REJECTED,True,False,PROVISIONAL_PRIMARY_ONLY,PROVISIONAL_LOW,NOT_AVAILABLE,NEEDS_MANUAL_BCTC_REVIEW,"[""capex"", ""cfo"", ""equity"", ""gross_profit"", ""last_close"", ""last_price_date"", ""net_income"", ""revenue"", ""total_assets"", ""total_liabilities""]","[""Primary market data missing or incomplete.""]",Primary market data missing or incomplete.,,,592430.0,,592430.0,,,,PARTIAL_PROVISIONAL_DATA,provisional_structured,,,,,,,,,
AAT,Công ty Cổ phần Tập đoàn Tiên Sơn Thanh Hóa,BLOCKED_INSUFFICIENT_MARKET_DATA,REJECTED,True,False,PROVISIONAL_PRIMARY_ONLY,PROVISIONAL_LOW,NOT_AVAILABLE,NEEDS_MANUAL_BCTC_REVIEW,"[""capex"", ""cfo"", ""equity"", ""gross_profit"", ""last_close"", ""last_price_date"", ""net_income"", ""revenue"", ""total_assets"", ""total_liabilities""]","[""Primary market data missing or incomplete.""]",Primary market data missing or incomplete.,,,19040.0,,19040.0,,,,PARTIAL_PROVISIONAL_DATA,provisional_structured,,,,,,,,,
AAV,Công ty Cổ phần AAV Group,BLOCKED_INSUFFICIENT_MARKET_DATA,REJECTED,True,False,PROVISIONAL_PRIMARY_ONLY,PROVISIONAL_LOW,NOT_AVAILABLE,NEEDS_MANUAL_BCTC_REVIEW,"[""capex"", ""cfo"", ""equity"", ""gross_profit"", ""last_close"", ""last_price_date"", ""net_income"", ""revenue"", ""total_assets"", ""total_liabilities""]","[""Primary market data missing or incomplete.""]",Primary market data missing or incomplete.,,,317220.0,,317220.0,,,,PARTIAL_PROVISIONAL_DATA,provisional_structured,,,,,,,,,
ABB,Ngân hàng Thương mại Cổ phần An Bình,BLOCKED_INSUFFICIENT_MARKET_DATA,REJECTED,True,False,PROVISIONAL_PRIMARY_ONLY,PROVISIONAL_LOW,NOT_AVAILABLE,NEEDS_MANUAL_BCTC_REVIEW,"[""capex"", ""cfo"", ""equity"", ""gross_profit"", ""last_close"", ""last_price_date"", ""net_income"", ""revenue"", ""total_assets"", ""total_liabilities""]","[""Primary market data missing or incomplete.""]",Primary market data missing or incomplete.,,,670200.0,,670200.0,,,,PARTIAL_PROVISIONAL_DATA,provisional_structured,,,,,,,,,
ABC,Công ty Cổ phần Truyền thông VMG,BLOCKED_INSUFFICIENT_MARKET_DATA,REJECTED,True,False,PROVISIONAL_PRIMARY_ONLY,PROVISIONAL_LOW,NOT_AVAILABLE,NEEDS_MANUAL_BCTC_REVIEW,"[""capex"", ""cfo"", ""equity"", ""gross_profit"", ""last_close"", ""last_price_date"", ""net_income"", ""revenue"", ""total_assets"", ""total_liabilities""]","[""Primary market data missing or incomplete.""]",Primary market data missing or incomplete.,,,20270.0,,20270.0,,,,PARTIAL_PROVISIONAL_DATA,provisional_structured,,,,,,,,,
ABI,Công ty Cổ phần Bảo hiểm Ngân hàng Nông Nghiệp,BLOCKED_INSUFFICIENT_MARKET_DATA,REJECTED,True,False,PROVISIONAL_PRIMARY_ONLY,PROVISIONAL_LOW,NOT_AVAILABLE,NEEDS_MANUAL_BCTC_REVIEW,"[""capex"", ""cfo"", ""equity"", ""gross_profit"", ""last_close"", ""last_price_date"", ""net_income"", ""revenue"", ""total_assets"", ""total_liabilities""]","[""Primary market data missing or incomplete.""]",Primary market data missing or incomplete.,,,29170.0,,29170.0,,,,PARTIAL_PROVISIONAL_DATA,provisional_structured,,,,,,,,,
ABR,Công ty Cổ phần Đầu tư Nhãn Hiệu Việt,BLOCKED_INSUFFICIENT_MARKET_DATA,REJECTED,True,False,PROVISIONAL_PRIMARY_ONLY,PROVISIONAL_LOW,NOT_AVAILABLE,NEEDS_MANUAL_BCTC_REVIEW,"[""capex"", ""cfo"", ""equity"", ""gross_profit"", ""last_close"", ""last_price_date"", ""net_income"", ""revenue"", ""total_assets"", ""total_liabilities""]","[""Primary market data missing or incomplete.""]",Primary market data missing or incomplete.,,,1220.0,,1220.0,,,,PARTIAL_PROVISIONAL_DATA,provisional_structured,,,,,,,,,
ABS,Công ty Cổ phần Dịch vụ Nông nghiệp Bình Thuận,BLOCKED_INSUFFICIENT_MARKET_DATA,REJECTED,True,False,PROVISIONAL_PRIMARY_ONLY,PROVISIONAL_LOW,NOT_AVAILABLE,NEEDS_MANUAL_BCTC_REVIEW,"[""capex"", ""cfo"", ""equity"", ""gross_profit"", ""last_close"", ""last_price_date"", ""net_income"", ""revenue"", ""total_assets"", ""total_liabilities""]","[""Primary market data missing or incomplete.""]",Primary market data missing or incomplete.,,,230920.0,,230920.0,,,,PARTIAL_PROVISIONAL_DATA,provisional_structured,,,,,,,,,
ABT,Công ty Cổ phần Xuất nhập khẩu Thủy sản Bến Tre,BLOCKED_INSUFFICIENT_MARKET_DATA,REJECTED,True,False,PROVISIONAL_PRIMARY_ONLY,PROVISIONAL_LOW,NOT_AVAILABLE,NEEDS_MANUAL_BCTC_REVIEW,"[""capex"", ""cfo"", ""equity"", ""gross_profit"", ""last_close"", ""last_price_date"", ""net_income"", ""revenue"", ""total_assets"", ""total_liabilities""]","[""Primary market data missing or incomplete.""]",Primary market data missing or incomplete.,,,3660.0,,3660.0,,,,PARTIAL_PROVISIONAL_DATA,provisional_structured,,,,,,,,,
ABW,Công ty Cổ phần Chứng khoán An Bình,BLOCKED_INSUFFICIENT_MARKET_DATA,REJECTED,True,False,PROVISIONAL_PRIMARY_ONLY,PROVISIONAL_LOW,NOT_AVAILABLE,NEEDS_MANUAL_BCTC_REVIEW,"[""avg_volume_20d"", ""capex"", ""cfo"", ""equity"", ""gross_profit"", ""last_close"", ""last_price_date"", ""net_income"", ""revenue"", ""total_assets"", ""total_liabilities""]","[""Primary market data missing or incomplete.""]",Primary market data missing or incomplete.,,,,,,,,,INSUFFICIENT_DATA,provisional_structured,,,,,,,,,
AC4,Công ty Cổ phần ACC - 244,BLOCKED_INSUFFICIENT_MARKET_DATA,REJECTED,True,False,PROVISIONAL_PRIMARY_ONLY,PROVISIONAL_LOW,NOT_AVAILABLE,NEEDS_MANUAL_BCTC_REVIEW,"[""avg_volume_20d"", ""capex"", ""cfo"", ""equity"", ""gross_profit"", ""last_close"", ""last_price_date"", ""net_income"", ""revenue"", ""total_assets"", ""total_liabilities""]","[""Primary market data missing or incomplete.""]",Primary market data missing or incomplete.,,,,,,,,,CACHE_MISSING,provisional_structured,,,,,,,,,
ACB,Ngân hàng Thương mại Cổ phần Á Châu,BLOCKED_INSUFFICIENT_MARKET_DATA,REJECTED,True,False,PROVISIONAL_PRIMARY_ONLY,PROVISIONAL_LOW,NOT_AVAILABLE,NEEDS_MANUAL_BCTC_REVIEW,"[""capex"", ""cfo"", ""equity"", ""gross_profit"", ""last_close"", ""last_price_date"", ""net_income"", ""revenue"", ""total_assets"", ""total_liabilities""]","[""Primary market data missing or incomplete.""]",Primary market data missing or incomplete.,,,22137880.0,,22137880.0,,,,PARTIAL_PROVISIONAL_DATA,provisional_structured,,,,,,,,,
ACC,Công ty Cổ phần Đầu tư và Xây dựng Bình Dương ACC,BLOCKED_INSUFFICIENT_MARKET_DATA,REJECTED,True,False,PROVISIONAL_PRIMARY_ONLY,PROVISIONAL_LOW,NOT_AVAILABLE,NEEDS_MANUAL_BCTC_REVIEW,"[""capex"", ""cfo"", ""equity"", ""gross_profit"", ""last_close"", ""last_price_date"", ""net_income"", ""revenue"", ""total_assets"", ""total_liabilities""]","[""Primary market data missing or incomplete.""]",Primary market data missing or incomplete.,,,7420.0,,7420.0,,,,PARTIAL_PROVISIONAL_DATA,provisional_structured,,,,,,,,,
ACE,Công ty Cổ phần Bê tông ly tâm An Giang,BLOCKED_INSUFFICIENT_MARKET_DATA,REJECTED,True,False,PROVISIONAL_PRIMARY_ONLY,PROVISIONAL_LOW,NOT_AVAILABLE,NEEDS_MANUAL_BCTC_REVIEW,"[""capex"", ""cfo"", ""equity"", ""gross_profit"", ""last_close"", ""last_price_date"", ""net_income"", ""revenue"", ""total_assets"", ""total_liabilities""]","[""Primary market data missing or incomplete.""]",Primary market data missing or incomplete.,,,1410.0,,1410.0,,,,PARTIAL_PROVISIONAL_DATA,provisional_structured,,,,,,,,,
ACG,Công ty Cổ phần Gỗ An Cường,BLOCKED_INSUFFICIENT_MARKET_DATA,REJECTED,True,False,PROVISIONAL_PRIMARY_ONLY,PROVISIONAL_LOW,NOT_AVAILABLE,NEEDS_MANUAL_BCTC_REVIEW,"[""capex"", ""cfo"", ""equity"", ""gross_profit"", ""last_close"", ""last_price_date"", ""net_income"", ""revenue"", ""total_assets"", ""total_liabilities""]","[""Primary market data missing or incomplete.""]",Primary market data missing or incomplete.,,,5950.0,,5950.0,,,,PARTIAL_PROVISIONAL_DATA,provisional_structured,,,,,,,,,
ACL,Công ty Cổ phần Xuất nhập khẩu Thủy sản Cửu Long An Giang,BLOCKED_INSUFFICIENT_MARKET_DATA,REJECTED,True,False,PROVISIONAL_PRIMARY_ONLY,PROVISIONAL_LOW,NOT_AVAILABLE,NEEDS_MANUAL_BCTC_REVIEW,"[""capex"", ""cfo"", ""equity"", ""gross_profit"", ""last_close"", ""last_price_date"", ""net_income"", ""revenue"", ""total_assets"", ""total_liabilities""]","[""Primary market data missing or incomplete.""]",Primary market data missing or incomplete.,,,1690.0,,1690.0,,,,PARTIAL_PROVISIONAL_DATA,provisional_structured,,,,,,,,,
ACM,Công ty Cổ phần Tập đoàn Khoáng sản Á Cường,BLOCKED_INSUFFICIENT_MARKET_DATA,REJECTED,True,False,PROVISIONAL_PRIMARY_ONLY,PROVISIONAL_LOW,NOT_AVAILABLE,NEEDS_MANUAL_BCTC_REVIEW,"[""capex"", ""cfo"", ""equity"", ""gross_profit"", ""last_close"", ""last_price_date"", ""net_income"", ""revenue"", ""total_assets"", ""total_liabilities""]","[""Primary market data missing or incomplete.""]",Primary market data missing or incomplete.,,,92670.0,,92670.0,,,,PARTIAL_PROVISIONAL_DATA,provisional_structured,,,,,,,,,
ACS,Công ty Cổ phần Xây lắp Thương mại 2,BLOCKED_INSUFFICIENT_MARKET_DATA,REJECTED,True,False,PROVISIONAL_PRIMARY_ONLY,PROVISIONAL_LOW,NOT_AVAILABLE,NEEDS_MANUAL_BCTC_REVIEW,"[""capex"", ""cfo"", ""equity"", ""gross_profit"", ""last_close"", ""last_price_date"", ""net_income"", ""revenue"", ""total_assets"", ""total_liabilities""]","[""Primary market data missing or incomplete.""]",Primary market data missing or incomplete.,,,30.0,,30.0,,,,PARTIAL_PROVISIONAL_DATA,provisional_structured,,,,,,,,,
ACV,Tổng Công ty Cảng Hàng không Việt Nam - CTCP,BLOCKED_INSUFFICIENT_MARKET_DATA,REJECTED,True,False,PROVISIONAL_PRIMARY_ONLY,PROVISIONAL_LOW,NOT_AVAILABLE,NEEDS_MANUAL_BCTC_REVIEW,"[""capex"", ""cfo"", ""equity"", ""gross_profit"", ""last_close"", ""last_price_date"", ""net_income"", ""revenue"", ""total_assets"", ""total_liabilities""]","[""Primary market data missing or incomplete.""]",Primary market data missing or incomplete.,,,952890.0,,952890.0,,,,PARTIAL_PROVISIONAL_DATA,provisional_structured,,,,,,,,,
ADC,Công ty Cổ phần Mĩ thuật và Truyền thông,BLOCKED_INSUFFICIENT_MARKET_DATA,REJECTED,True,False,PROVISIONAL_PRIMARY_ONLY,PROVISIONAL_LOW,NOT_AVAILABLE,NEEDS_MANUAL_BCTC_REVIEW,"[""capex"", ""cfo"", ""equity"", ""gross_profit"", ""last_close"", ""last_price_date"", ""net_income"", ""revenue"", ""total_assets"", ""total_liabilities""]","[""Primary market data missing or incomplete.""]",Primary market data missing or incomplete.,,,130.0,,130.0,,,,PARTIAL_PROVISIONAL_DATA,provisional_structured,,,,,,,,,
ADG,Công ty Cổ phần Clever Group,BLOCKED_INSUFFICIENT_MARKET_DATA,REJECTED,True,False,PROVISIONAL_PRIMARY_ONLY,PROVISIONAL_LOW,NOT_AVAILABLE,NEEDS_MANUAL_BCTC_REVIEW,"[""capex"", ""cfo"", ""equity"", ""gross_profit"", ""last_close"", ""last_price_date"", ""net_income"", ""revenue"", ""total_assets"", ""total_liabilities""]","[""Primary market data missing or incomplete.""]",Primary market data missing or incomplete.,,,1330.0,,1330.0,,,,PARTIAL_PROVISIONAL_DATA,provisional_structured,,,,,,,,,
ADP,Công ty Cổ phần Sơn Á Đông,BLOCKED_INSUFFICIENT_MARKET_DATA,REJECTED,True,False,PROVISIONAL_PRIMARY_ONLY,PROVISIONAL_LOW,NOT_AVAILABLE,NEEDS_MANUAL_BCTC_REVIEW,"[""capex"", ""cfo"", ""equity"", ""gross_profit"", ""last_close"", ""last_price_date"", ""net_income"", ""revenue"", ""total_assets"", ""total_liabilities""]","[""Primary market data missing or incomplete.""]",Primary market data missing or incomplete.,,,3300.0,,3300.0,,,,PARTIAL_PROVISIONAL_DATA,provisional_structured,,,,,,,,,
ADS,Công ty Cổ phần DAMSAN,BLOCKED_INSUFFICIENT_MARKET_DATA,REJECTED,True,False,PROVISIONAL_PRIMARY_ONLY,PROVISIONAL_LOW,NOT_AVAILABLE,NEEDS_MANUAL_BCTC_REVIEW,"[""capex"", ""cfo"", ""equity"", ""gross_profit"", ""last_close"", ""last_price_date"", ""net_income"", ""revenue"", ""total_assets"", ""total_liabilities""]","[""Primary market data missing or incomplete.""]",Primary market data missing or incomplete.,,,100480.0,,100480.0,,,,PARTIAL_PROVISIONAL_DATA,provisional_structured,,,,,,,,,
AFC,Công ty Cổ phần Nông Lâm Nghiệp Bình Dương,BLOCKED_INSUFFICIENT_MARKET_DATA,REJECTED,True,False,PROVISIONAL_PRIMARY_ONLY,PROVISIONAL_LOW,NOT_AVAILABLE,NEEDS_MANUAL_BCTC_REVIEW,"[""avg_volume_20d"", ""capex"", ""cfo"", ""equity"", ""gross_profit"", ""last_close"", ""last_price_date"", ""net_income"", ""revenue"", ""total_assets"", ""total_liabilities""]","[""Primary market data missing or incomplete.""]",Primary market data missing or incomplete.,,,,,,,,,CACHE_MISSING,provisional_structured,,,,,,,,,
AFX,Công ty Cổ phần Xuất Nhập khẩu Nông sản Thực phẩm An Giang,BLOCKED_INSUFFICIENT_MARKET_DATA,REJECTED,True,False,PROVISIONAL_PRIMARY_ONLY,PROVISIONAL_LOW,NOT_AVAILABLE,NEEDS_MANUAL_BCTC_REVIEW,"[""capex"", ""cfo"", ""equity"", ""gross_profit"", ""last_close"", ""last_price_date"", ""net_income"", ""revenue"", ""total_assets"", ""total_liabilities""]","[""Primary market data missing or incomplete.""]",Primary market data missing or incomplete.,,,59790.0,,59790.0,,,,PARTIAL_PROVISIONAL_DATA,provisional_structured,,,,,,,,,
AG1,Công ty Cổ phần 28.1,BLOCKED_INSUFFICIENT_MARKET_DATA,REJECTED,True,False,PROVISIONAL_PRIMARY_ONLY,PROVISIONAL_LOW,NOT_AVAILABLE,NEEDS_MANUAL_BCTC_REVIEW,"[""capex"", ""cfo"", ""equity"", ""gross_profit"", ""last_close"", ""last_price_date"", ""net_income"", ""revenue"", ""total_assets"", ""total_liabilities""]","[""Primary market data missing or incomplete.""]",Primary market data missing or incomplete.,,,12870.0,,12870.0,,,,PARTIAL_PROVISIONAL_DATA,provisional_structured,,,,,,,,,
AGC,Công ty Cổ phần Cà phê An Giang,BLOCKED_INSUFFICIENT_MARKET_DATA,REJECTED,True,False,PROVISIONAL_PRIMARY_ONLY,PROVISIONAL_LOW,NOT_AVAILABLE,NEEDS_MANUAL_BCTC_REVIEW,"[""avg_volume_20d"", ""capex"", ""cfo"", ""equity"", ""gross_profit"", ""last_close"", ""last_price_date"", ""net_income"", ""revenue"", ""total_assets"", ""total_liabilities""]","[""Primary market data missing or incomplete.""]",Primary market data missing or incomplete.,,,,,,,,,CACHE_MISSING,provisional_structured,,,,,,,,,
AGD,Công ty Cổ phần Gò Đàng,BLOCKED_INSUFFICIENT_MARKET_DATA,REJECTED,True,False,PROVISIONAL_PRIMARY_ONLY,PROVISIONAL_LOW,NOT_AVAILABLE,NEEDS_MANUAL_BCTC_REVIEW,"[""avg_volume_20d"", ""capex"", ""cfo"", ""equity"", ""gross_profit"", ""last_close"", ""last_price_date"", ""net_income"", ""revenue"", ""total_assets"", ""total_liabilities""]","[""Primary market data missing or incomplete.""]",Primary market data missing or incomplete.,,,,,,,,,CACHE_MISSING,provisional_structured,,,,,,,,,
AGE,Công ty Cổ phần Môi trường Đô thị An Giang,BLOCKED_INSUFFICIENT_MARKET_DATA,REJECTED,True,False,PROVISIONAL_PRIMARY_ONLY,PROVISIONAL_LOW,NOT_AVAILABLE,NEEDS_MANUAL_BCTC_REVIEW,"[""avg_volume_20d"", ""capex"", ""cfo"", ""equity"", ""gross_profit"", ""last_close"", ""last_price_date"", ""net_income"", ""revenue"", ""total_assets"", ""total_liabilities""]","[""Primary market data missing or incomplete.""]",Primary market data missing or incomplete.,,,,,,,,,INSUFFICIENT_DATA,provisional_structured,,,,,,,,,
AGF,Công ty Cổ phần Xuất nhập khẩu Thủy sản An Giang,BLOCKED_INSUFFICIENT_MARKET_DATA,REJECTED,True,False,PROVISIONAL_PRIMARY_ONLY,PROVISIONAL_LOW,NOT_AVAILABLE,NEEDS_MANUAL_BCTC_REVIEW,"[""capex"", ""cfo"", ""equity"", ""gross_profit"", ""last_close"", ""last_price_date"", ""net_income"", ""revenue"", ""total_assets"", ""total_liabilities""]","[""Primary market data missing or incomplete.""]",Primary market data missing or incomplete.,,,240.0,,240.0,,,,PARTIAL_PROVISIONAL_DATA,provisional_structured,,,,,,,,,
AGG,Công ty Cổ phần Đầu tư và Phát triển Bất động sản An Gia,BLOCKED_INSUFFICIENT_MARKET_DATA,REJECTED,True,False,PROVISIONAL_PRIMARY_ONLY,PROVISIONAL_LOW,NOT_AVAILABLE,NEEDS_MANUAL_BCTC_REVIEW,"[""capex"", ""cfo"", ""equity"", ""gross_profit"", ""last_close"", ""last_price_date"", ""net_income"", ""revenue"", ""total_assets"", ""total_liabilities""]","[""Primary market data missing or incomplete.""]",Primary market data missing or incomplete.,,,203870.0,,203870.0,,,,PARTIAL_PROVISIONAL_DATA,provisional_structured,,,,,,,,,
AGM,Công ty Cổ phần Xuất nhập khẩu An Giang,BLOCKED_INSUFFICIENT_MARKET_DATA,REJECTED,True,False,PROVISIONAL_PRIMARY_ONLY,PROVISIONAL_LOW,NOT_AVAILABLE,NEEDS_MANUAL_BCTC_REVIEW,"[""capex"", ""cfo"", ""equity"", ""gross_profit"", ""last_close"", ""last_price_date"", ""net_income"", ""revenue"", ""total_assets"", ""total_liabilities""]","[""Primary market data missing or incomplete.""]",Primary market data missing or incomplete.,,,56090.0,,56090.0,,,,PARTIAL_PROVISIONAL_DATA,provisional_structured,,,,,,,,,
AGP,Công ty Cổ phần Dược phẩm AGIMEXPHARM,BLOCKED_INSUFFICIENT_MARKET_DATA,REJECTED,True,False,PROVISIONAL_PRIMARY_ONLY,PROVISIONAL_LOW,NOT_AVAILABLE,NEEDS_MANUAL_BCTC_REVIEW,"[""capex"", ""cfo"", ""equity"", ""gross_profit"", ""last_close"", ""last_price_date"", ""net_income"", ""revenue"", ""total_assets"", ""total_liabilities""]","[""Primary market data missing or incomplete.""]",Primary market data missing or incomplete.,,,2170.0,,2170.0,,,,PARTIAL_PROVISIONAL_DATA,provisional_structured,,,,,,,,,
AGR,Công ty Cổ phần Chứng khoán AGRIBANK,BLOCKED_INSUFFICIENT_MARKET_DATA,REJECTED,True,False,PROVISIONAL_PRIMARY_ONLY,PROVISIONAL_LOW,NOT_AVAILABLE,NEEDS_MANUAL_BCTC_REVIEW,"[""capex"", ""cfo"", ""equity"", ""gross_profit"", ""last_close"", ""last_price_date"", ""net_income"", ""revenue"", ""total_assets"", ""total_liabilities""]","[""Primary market data missing or incomplete.""]",Primary market data missing or incomplete.,,,266050.0,,266050.0,,,,PARTIAL_PROVISIONAL_DATA,provisional_structured,,,,,,,,,
AGX,Công ty Cổ phần Thực phẩm Nông sản Xuất khẩu Sài Gòn,BLOCKED_INSUFFICIENT_MARKET_DATA,REJECTED,True,False,PROVISIONAL_PRIMARY_ONLY,PROVISIONAL_LOW,NOT_AVAILABLE,NEEDS_MANUAL_BCTC_REVIEW,"[""capex"", ""cfo"", ""equity"", ""gross_profit"", ""last_close"", ""last_price_date"", ""net_income"", ""revenue"", ""total_assets"", ""total_liabilities""]","[""Primary market data missing or incomplete.""]",Primary market data missing or incomplete.,,,3090.0,,3090.0,,,,PARTIAL_PROVISIONAL_DATA,provisional_structured,,,,,,,,,
AIC,Công ty Cổ phần Tập đoàn Bảo hiểm DBV,BLOCKED_INSUFFICIENT_MARKET_DATA,REJECTED,True,False,PROVISIONAL_PRIMARY_ONLY,PROVISIONAL_LOW,NOT_AVAILABLE,NEEDS_MANUAL_BCTC_REVIEW,"[""capex"", ""cfo"", ""equity"", ""gross_profit"", ""last_price_date"", ""net_income"", ""revenue"", ""total_assets"", ""total_liabilities""]","[""Primary market data missing or incomplete.""]",Primary market data missing or incomplete.,,8.9,6564.0,,6564.0,58419.6,,,PARTIAL_PROVISIONAL_DATA,provisional_structured,,,,,,,,,
AIG,Công ty Cổ phần Nguyên liệu Á Châu AIG,BLOCKED_INSUFFICIENT_MARKET_DATA,REJECTED,True,False,PROVISIONAL_PRIMARY_ONLY,PROVISIONAL_LOW,NOT_AVAILABLE,NEEDS_MANUAL_BCTC_REVIEW,"[""avg_volume_20d"", ""capex"", ""cfo"", ""equity"", ""gross_profit"", ""last_close"", ""last_price_date"", ""net_income"", ""revenue"", ""total_assets"", ""total_liabilities""]","[""Primary market data missing or incomplete.""]",Primary market data missing or incomplete.,,,,,,,,,INSUFFICIENT_DATA,provisional_structured,,,,,,,,,
ALC,Công ty Cổ phần Âu Lạc,BLOCKED_INSUFFICIENT_MARKET_DATA,REJECTED,True,False,PROVISIONAL_PRIMARY_ONLY,PROVISIONAL_LOW,NOT_AVAILABLE,NEEDS_MANUAL_BCTC_REVIEW,"[""avg_volume_20d"", ""capex"", ""cfo"", ""equity"", ""gross_profit"", ""last_close"", ""last_price_date"", ""net_income"", ""revenue"", ""total_assets"", ""total_liabilities""]","[""Primary market data missing or incomplete.""]",Primary market data missing or incomplete.,,,,,,,,,INSUFFICIENT_DATA,provisional_structured,,,,,,,,,
ALP,Công ty Cổ phần Đầu tư Alphanam,BLOCKED_INSUFFICIENT_MARKET_DATA,REJECTED,True,False,PROVISIONAL_PRIMARY_ONLY,PROVISIONAL_LOW,NOT_AVAILABLE,NEEDS_MANUAL_BCTC_REVIEW,"[""avg_volume_20d"", ""capex"", ""cfo"", ""equity"", ""gross_profit"", ""last_close"", ""last_price_date"", ""net_income"", ""revenue"", ""total_assets"", ""total_liabilities""]","[""Primary market data missing or incomplete.""]",Primary market data missing or incomplete.,,,,,,,,,CACHE_MISSING,provisional_structured,,,,,,,,,
ALT,Công ty Cổ phần Văn hóa Tân Bình,BLOCKED_INSUFFICIENT_MARKET_DATA,REJECTED,True,False,PROVISIONAL_PRIMARY_ONLY,PROVISIONAL_LOW,NOT_AVAILABLE,NEEDS_MANUAL_BCTC_REVIEW,"[""capex"", ""cfo"", ""equity"", ""gross_profit"", ""last_close"", ""last_price_date"", ""net_income"", ""revenue"", ""total_assets"", ""total_liabilities""]","[""Primary market data missing or incomplete.""]",Primary market data missing or incomplete.,,,1130.0,,1130.0,,,,PARTIAL_PROVISIONAL_DATA,provisional_structured,,,,,,,,,
ALV,Công ty Cổ phần Tập đoàn MCST,BLOCKED_INSUFFICIENT_MARKET_DATA,REJECTED,True,False,PROVISIONAL_PRIMARY_ONLY,PROVISIONAL_LOW,NOT_AVAILABLE,NEEDS_MANUAL_BCTC_REVIEW,"[""capex"", ""cfo"", ""equity"", ""gross_profit"", ""last_close"", ""last_price_date"", ""net_income"", ""revenue"", ""total_assets"", ""total_liabilities""]","[""Primary market data missing or incomplete.""]",Primary market data missing or incomplete.,,,11240.0,,11240.0,,,,PARTIAL_PROVISIONAL_DATA,provisional_structured,,,,,,,,,
AMC,Công ty Cổ phần Khoáng sản Á Châu,BLOCKED_INSUFFICIENT_MARKET_DATA,REJECTED,True,False,PROVISIONAL_PRIMARY_ONLY,PROVISIONAL_LOW,NOT_AVAILABLE,NEEDS_MANUAL_BCTC_REVIEW,"[""capex"", ""cfo"", ""equity"", ""gross_profit"", ""last_close"", ""last_price_date"", ""net_income"", ""revenue"", ""total_assets"", ""total_liabilities""]","[""Primary market data missing or incomplete.""]",Primary market data missing or incomplete.,,,190.0,,190.0,,,,PARTIAL_PROVISIONAL_DATA,provisional_structured,,,,,,,,,
AMD,Công ty Cổ phần Đầu tư và Khoáng sản FLC Stone,BLOCKED_INSUFFICIENT_MARKET_DATA,REJECTED,True,False,PROVISIONAL_PRIMARY_ONLY,PROVISIONAL_LOW,NOT_AVAILABLE,NEEDS_MANUAL_BCTC_REVIEW,"[""avg_volume_20d"", ""capex"", ""cfo"", ""equity"", ""gross_profit"", ""last_close"", ""last_price_date"", ""net_income"", ""revenue"", ""total_assets"", ""total_liabilities""]","[""Primary market data missing or incomplete.""]",Primary market data missing or incomplete.,,,,,,,,,INSUFFICIENT_DATA,provisional_structured,,,,,,,,,
AME,Công ty cổ phần Alphanam E&C,BLOCKED_INSUFFICIENT_MARKET_DATA,REJECTED,True,False,PROVISIONAL_PRIMARY_ONLY,PROVISIONAL_LOW,NOT_AVAILABLE,NEEDS_MANUAL_BCTC_REVIEW,"[""capex"", ""cfo"", ""equity"", ""gross_profit"", ""last_close"", ""last_price_date"", ""net_income"", ""revenue"", ""total_assets"", ""total_liabilities""]","[""Primary market data missing or incomplete.""]",Primary market data missing or incomplete.,,,180.0,,180.0,,,,PARTIAL_PROVISIONAL_DATA,provisional_structured,,,,,,,,,
AMP,Công ty Cổ phần Armephaco,BLOCKED_INSUFFICIENT_MARKET_DATA,REJECTED,True,False,PROVISIONAL_PRIMARY_ONLY,PROVISIONAL_LOW,NOT_AVAILABLE,NEEDS_MANUAL_BCTC_REVIEW,"[""capex"", ""cfo"", ""equity"", ""gross_profit"", ""last_price_date"", ""net_income"", ""revenue"", ""total_assets"", ""total_liabilities""]","[""Primary market data missing or incomplete.""]",Primary market data missing or incomplete.,,12.5,2110.0,,2110.0,26375.0,,,PARTIAL_PROVISIONAL_DATA,provisional_structured,,,,,,,,,
AMS,Công ty Cổ phần Cơ khí Xây dựng AMECC,BLOCKED_INSUFFICIENT_MARKET_DATA,REJECTED,True,False,PROVISIONAL_PRIMARY_ONLY,PROVISIONAL_LOW,NOT_AVAILABLE,NEEDS_MANUAL_BCTC_REVIEW,"[""capex"", ""cfo"", ""equity"", ""gross_profit"", ""last_close"", ""last_price_date"", ""net_income"", ""revenue"", ""total_assets"", ""total_liabilities""]","[""Primary market data missing or incomplete.""]",Primary market data missing or incomplete.,,,105420.0,,105420.0,,,,PARTIAL_PROVISIONAL_DATA,provisional_structured,,,,,,,,,
AMV,Công ty Cổ phần Sản xuất Kinh doanh Dược và Trang thiết bị Y tế Việt Mỹ,BLOCKED_INSUFFICIENT_MARKET_DATA,REJECTED,True,False,PROVISIONAL_PRIMARY_ONLY,PROVISIONAL_LOW,NOT_AVAILABLE,NEEDS_MANUAL_BCTC_REVIEW,"[""capex"", ""cfo"", ""equity"", ""gross_profit"", ""last_close"", ""last_price_date"", ""net_income"", ""revenue"", ""total_assets"", ""total_liabilities""]","[""Primary market data missing or incomplete.""]",Primary market data missing or incomplete.,,,309260.0,,309260.0,,,,PARTIAL_PROVISIONAL_DATA,provisional_structured,,,,,,,,,
ANC11601,Trái Phiếu Công ty Cổ phần Dinh dưỡng Nông nghiệp Quốc tế,BLOCKED_INSUFFICIENT_MARKET_DATA,REJECTED,True,False,PROVISIONAL_PRIMARY_ONLY,PROVISIONAL_LOW,NOT_AVAILABLE,NEEDS_MANUAL_BCTC_REVIEW,"[""avg_volume_20d"", ""capex"", ""cfo"", ""equity"", ""gross_profit"", ""last_close"", ""last_price_date"", ""net_income"", ""revenue"", ""total_assets"", ""total_liabilities""]","[""Primary market data missing or incomplete.""]",Primary market data missing or incomplete.,,,,,,,,,CACHE_MISSING,provisional_structured,,,,,,,,,
ANT,Công ty Cổ phần Rau quả Thực phẩm An Giang,BLOCKED_INSUFFICIENT_MARKET_DATA,REJECTED,True,False,PROVISIONAL_PRIMARY_ONLY,PROVISIONAL_LOW,NOT_AVAILABLE,NEEDS_MANUAL_BCTC_REVIEW,"[""capex"", ""cfo"", ""equity"", ""gross_profit"", ""last_close"", ""last_price_date"", ""net_income"", ""revenue"", ""total_assets"", ""total_liabilities""]","[""Primary market data missing or incomplete.""]",Primary market data missing or incomplete.,,,11470.0,,11470.0,,,,PARTIAL_PROVISIONAL_DATA,provisional_structured,,,,,,,,,
ANV,Công ty Cổ phần Nam Việt,BLOCKED_INSUFFICIENT_MARKET_DATA,REJECTED,True,False,PROVISIONAL_PRIMARY_ONLY,PROVISIONAL_LOW,NOT_AVAILABLE,NEEDS_MANUAL_BCTC_REVIEW,"[""capex"", ""cfo"", ""equity"", ""gross_profit"", ""last_close"", ""last_price_date"", ""net_income"", ""revenue"", ""total_assets"", ""total_liabilities""]","[""Primary market data missing or incomplete.""]",Primary market data missing or incomplete.,,,396610.0,,396610.0,,,,PARTIAL_PROVISIONAL_DATA,provisional_structured,,,,,,,,,
APC,Công ty Cổ phần Chiếu xạ An Phú,BLOCKED_INSUFFICIENT_MARKET_DATA,REJECTED,True,False,PROVISIONAL_PRIMARY_ONLY,PROVISIONAL_LOW,NOT_AVAILABLE,NEEDS_MANUAL_BCTC_REVIEW,"[""capex"", ""cfo"", ""equity"", ""gross_profit"", ""last_close"", ""last_price_date"", ""net_income"", ""revenue"", ""total_assets"", ""total_liabilities""]","[""Primary market data missing or incomplete.""]",Primary market data missing or incomplete.,,,670.0,,670.0,,,,PARTIAL_PROVISIONAL_DATA,provisional_structured,,,,,,,,,
APF,Công ty Cổ phần Nông sản Thực phẩm Quảng Ngãi,BLOCKED_INSUFFICIENT_MARKET_DATA,REJECTED,True,False,PROVISIONAL_PRIMARY_ONLY,PROVISIONAL_LOW,NOT_AVAILABLE,NEEDS_MANUAL_BCTC_REVIEW,"[""capex"", ""cfo"", ""equity"", ""gross_profit"", ""last_close"", ""last_price_date"", ""net_income"", ""revenue"", ""total_assets"", ""total_liabilities""]","[""Primary market data missing or incomplete.""]",Primary market data missing or incomplete.,,,29320.0,,29320.0,,,,PARTIAL_PROVISIONAL_DATA,provisional_structured,,,,,,,,,
APG,Công ty Cổ phần Chứng khoán APG,BLOCKED_INSUFFICIENT_MARKET_DATA,REJECTED,True,False,PROVISIONAL_PRIMARY_ONLY,PROVISIONAL_LOW,NOT_AVAILABLE,NEEDS_MANUAL_BCTC_REVIEW,"[""capex"", ""cfo"", ""equity"", ""gross_profit"", ""last_price_date"", ""net_income"", ""revenue"", ""total_assets"", ""total_liabilities""]","[""Primary market data missing or incomplete.""]",Primary market data missing or incomplete.,,4.6,248800.0,,248800.0,1144480.0,,,PARTIAL_PROVISIONAL_DATA,provisional_structured,,,,,,,,,
APH,Công ty Cổ phần Tập đoàn An Phát Holdings,BLOCKED_INSUFFICIENT_MARKET_DATA,REJECTED,True,False,PROVISIONAL_PRIMARY_ONLY,PROVISIONAL_LOW,NOT_AVAILABLE,NEEDS_MANUAL_BCTC_REVIEW,"[""capex"", ""cfo"", ""equity"", ""gross_profit"", ""last_close"", ""last_price_date"", ""net_income"", ""revenue"", ""total_assets"", ""total_liabilities""]","[""Primary market data missing or incomplete.""]",Primary market data missing or incomplete.,,,126550.0,,126550.0,,,,PARTIAL_PROVISIONAL_DATA,provisional_structured,,,,,,,,,
API,Công ty Cổ phần Đầu tư Châu Á - Thái Bình Dương,BLOCKED_INSUFFICIENT_MARKET_DATA,REJECTED,True,False,PROVISIONAL_PRIMARY_ONLY,PROVISIONAL_LOW,NOT_AVAILABLE,NEEDS_MANUAL_BCTC_REVIEW,"[""capex"", ""cfo"", ""equity"", ""gross_profit"", ""last_close"", ""last_price_date"", ""net_income"", ""revenue"", ""total_assets"", ""total_liabilities""]","[""Primary market data missing or incomplete.""]",Primary market data missing or incomplete.,,,272710.0,,272710.0,,,,PARTIAL_PROVISIONAL_DATA,provisional_structured,,,,,,,,,
APL,Công ty Cổ phần Cơ khí và Thiết bị áp lực - VVMI,BLOCKED_INSUFFICIENT_MARKET_DATA,REJECTED,True,False,PROVISIONAL_PRIMARY_ONLY,PROVISIONAL_LOW,NOT_AVAILABLE,NEEDS_MANUAL_BCTC_REVIEW,"[""avg_volume_20d"", ""capex"", ""cfo"", ""equity"", ""gross_profit"", ""last_close"", ""last_price_date"", ""net_income"", ""revenue"", ""total_assets"", ""total_liabilities""]","[""Primary market data missing or incomplete.""]",Primary market data missing or incomplete.,,,,,,,,,INSUFFICIENT_DATA,provisional_structured,,,,,,,,,
APP,Công ty Cổ phần Phát triển Phụ gia và Sản phẩm dầu mỏ,BLOCKED_INSUFFICIENT_MARKET_DATA,REJECTED,True,False,PROVISIONAL_PRIMARY_ONLY,PROVISIONAL_LOW,NOT_AVAILABLE,NEEDS_MANUAL_BCTC_REVIEW,"[""capex"", ""cfo"", ""equity"", ""gross_profit"", ""last_close"", ""last_price_date"", ""net_income"", ""revenue"", ""total_assets"", ""total_liabilities""]","[""Primary market data missing or incomplete.""]",Primary market data missing or incomplete.,,,3200.0,,3200.0,,,,PARTIAL_PROVISIONAL_DATA,provisional_structured,,,,,,,,,
APS,Công ty Cổ phần Chứng khoán Châu Á - Thái Bình Dương,BLOCKED_INSUFFICIENT_MARKET_DATA,REJECTED,True,False,PROVISIONAL_PRIMARY_ONLY,PROVISIONAL_LOW,NOT_AVAILABLE,NEEDS_MANUAL_BCTC_REVIEW,"[""capex"", ""cfo"", ""equity"", ""gross_profit"", ""last_close"", ""last_price_date"", ""net_income"", ""revenue"", ""total_assets"", ""total_liabilities""]","[""Primary market data missing or incomplete.""]",Primary market data missing or incomplete.,,,694190.0,,694190.0,,,,PARTIAL_PROVISIONAL_DATA,provisional_structured,,,,,,,,,
APT,Công ty Cổ phần Kinh doanh thủy hải sản Sài Gòn,BLOCKED_INSUFFICIENT_MARKET_DATA,REJECTED,True,False,PROVISIONAL_PRIMARY_ONLY,PROVISIONAL_LOW,NOT_AVAILABLE,NEEDS_MANUAL_BCTC_REVIEW,"[""avg_volume_20d"", ""capex"", ""cfo"", ""equity"", ""gross_profit"", ""last_close"", ""last_price_date"", ""net_income"", ""revenue"", ""total_assets"", ""total_liabilities""]","[""Primary market data missing or incomplete.""]",Primary market data missing or incomplete.,,,,,,,,,INSUFFICIENT_DATA,provisional_structured,,,,,,,,,
AQN,Công ty cổ phần 28 Quảng Ngãi,BLOCKED_INSUFFICIENT_MARKET_DATA,REJECTED,True,False,PROVISIONAL_PRIMARY_ONLY,PROVISIONAL_LOW,NOT_AVAILABLE,NEEDS_MANUAL_BCTC_REVIEW,"[""avg_volume_20d"", ""capex"", ""cfo"", ""equity"", ""gross_profit"", ""last_close"", ""last_price_date"", ""net_income"", ""revenue"", ""total_assets"", ""total_liabilities""]","[""Primary market data missing or incomplete.""]",Primary market data missing or incomplete.,,,,,,,,,CACHE_MISSING,provisional_structured,,,,,,,,,
ARM,Công ty Cổ phần Xuất nhập khẩu Hàng không,BLOCKED_INSUFFICIENT_MARKET_DATA,REJECTED,True,False,PROVISIONAL_PRIMARY_ONLY,PROVISIONAL_LOW,NOT_AVAILABLE,NEEDS_MANUAL_BCTC_REVIEW,"[""avg_volume_20d"", ""capex"", ""cfo"", ""equity"", ""gross_profit"", ""last_close"", ""last_price_date"", ""net_income"", ""revenue"", ""total_assets"", ""total_liabilities""]","[""Primary market data missing or incomplete.""]",Primary market data missing or incomplete.,,,,,,,,,INSUFFICIENT_DATA,provisional_structured,,,,,,,,,
ART,Công ty Cổ phần Chứng khoán ARTEX,BLOCKED_INSUFFICIENT_MARKET_DATA,REJECTED,True,False,PROVISIONAL_PRIMARY_ONLY,PROVISIONAL_LOW,NOT_AVAILABLE,NEEDS_MANUAL_BCTC_REVIEW,"[""avg_volume_20d"", ""capex"", ""cfo"", ""equity"", ""gross_profit"", ""last_close"", ""last_price_date"", ""net_income"", ""revenue"", ""total_assets"", ""total_liabilities""]","[""Primary market data missing or incomplete.""]",Primary market data missing or incomplete.,,,,,,,,,INSUFFICIENT_DATA,provisional_structured,,,,,,,,,
ASA,Công ty Cổ phần ASA,BLOCKED_INSUFFICIENT_MARKET_DATA,REJECTED,True,False,PROVISIONAL_PRIMARY_ONLY,PROVISIONAL_LOW,NOT_AVAILABLE,NEEDS_MANUAL_BCTC_REVIEW,"[""avg_volume_20d"", ""capex"", ""cfo"", ""equity"", ""gross_profit"", ""last_close"", ""last_price_date"", ""net_income"", ""revenue"", ""total_assets"", ""total_liabilities""]","[""Primary market data missing or incomplete.""]",Primary market data missing or incomplete.,,,,,,,,,INSUFFICIENT_DATA,provisional_structured,,,,,,,,,
ASD,Công ty Cổ phần Sông Đà Hà Nội,BLOCKED_INSUFFICIENT_MARKET_DATA,REJECTED,True,False,PROVISIONAL_PRIMARY_ONLY,PROVISIONAL_LOW,NOT_AVAILABLE,NEEDS_MANUAL_BCTC_REVIEW,"[""avg_volume_20d"", ""capex"", ""cfo"", ""equity"", ""gross_profit"", ""last_close"", ""last_price_date"", ""net_income"", ""revenue"", ""total_assets"", ""total_liabilities""]","[""Primary market data missing or incomplete.""]",Primary market data missing or incomplete.,,,,,,,,,CACHE_MISSING,provisional_structured,,,,,,,,,
ASG,Công ty Cổ phần Tập đoàn ASG,BLOCKED_INSUFFICIENT_MARKET_DATA,REJECTED,True,False,PROVISIONAL_PRIMARY_ONLY,PROVISIONAL_LOW,NOT_AVAILABLE,NEEDS_MANUAL_BCTC_REVIEW,"[""capex"", ""cfo"", ""equity"", ""gross_profit"", ""last_close"", ""last_price_date"", ""net_income"", ""revenue"", ""total_assets"", ""total_liabilities""]","[""Primary market data missing or incomplete.""]",Primary market data missing or incomplete.,,,2160.0,,2160.0,,,,PARTIAL_PROVISIONAL_DATA,provisional_structured,,,,,,,,,
ASIAGF,Quỹ đầu tư tăng trưởng ACB,BLOCKED_INSUFFICIENT_MARKET_DATA,REJECTED,True,False,PROVISIONAL_PRIMARY_ONLY,PROVISIONAL_LOW,NOT_AVAILABLE,NEEDS_MANUAL_BCTC_REVIEW,"[""avg_volume_20d"", ""capex"", ""cfo"", ""equity"", ""gross_profit"", ""last_close"", ""last_price_date"", ""net_income"", ""revenue"", ""total_assets"", ""total_liabilities""]","[""Primary market data missing or incomplete.""]",Primary market data missing or incomplete.,,,,,,,,,CACHE_MISSING,provisional_structured,,,,,,,,,
ASM,Công ty Cổ phần Tập đoàn Sao Mai,BLOCKED_INSUFFICIENT_MARKET_DATA,REJECTED,True,False,PROVISIONAL_PRIMARY_ONLY,PROVISIONAL_LOW,NOT_AVAILABLE,NEEDS_MANUAL_BCTC_REVIEW,"[""capex"", ""cfo"", ""equity"", ""gross_profit"", ""last_close"", ""last_price_date"", ""net_income"", ""revenue"", ""total_assets"", ""total_liabilities""]","[""Primary market data missing or incomplete.""]",Primary market data missing or incomplete.,,,353340.0,,353340.0,,,,PARTIAL_PROVISIONAL_DATA,provisional_structured,,,,,,,,,
ASP,Công ty Cổ phần Tập đoàn Dầu khí An Pha,BLOCKED_INSUFFICIENT_MARKET_DATA,REJECTED,True,False,PROVISIONAL_PRIMARY_ONLY,PROVISIONAL_LOW,NOT_AVAILABLE,NEEDS_MANUAL_BCTC_REVIEW,"[""capex"", ""cfo"", ""equity"", ""gross_profit"", ""last_close"", ""last_price_date"", ""net_income"", ""revenue"", ""total_assets"", ""total_liabilities""]","[""Primary market data missing or incomplete.""]",Primary market data missing or incomplete.,,,202510.0,,202510.0,,,,PARTIAL_PROVISIONAL_DATA,provisional_structured,,,,,,,,,
AST,Công ty Cổ phần Dịch vụ Hàng không Taseco,BLOCKED_INSUFFICIENT_MARKET_DATA,REJECTED,True,False,PROVISIONAL_PRIMARY_ONLY,PROVISIONAL_LOW,NOT_AVAILABLE,NEEDS_MANUAL_BCTC_REVIEW,"[""capex"", ""cfo"", ""equity"", ""gross_profit"", ""last_close"", ""last_price_date"", ""net_income"", ""revenue"", ""total_assets"", ""total_liabilities""]","[""Primary market data missing or incomplete.""]",Primary market data missing or incomplete.,,,4050.0,,4050.0,,,,PARTIAL_PROVISIONAL_DATA,provisional_structured,,,,,,,,,
ATA,Công ty Cổ phần NTACO,BLOCKED_INSUFFICIENT_MARKET_DATA,REJECTED,True,False,PROVISIONAL_PRIMARY_ONLY,PROVISIONAL_LOW,NOT_AVAILABLE,NEEDS_MANUAL_BCTC_REVIEW,"[""capex"", ""cfo"", ""equity"", ""gross_profit"", ""last_close"", ""last_price_date"", ""net_income"", ""revenue"", ""total_assets"", ""total_liabilities""]","[""Primary market data missing or incomplete.""]",Primary market data missing or incomplete.,,,2460.0,,2460.0,,,,PARTIAL_PROVISIONAL_DATA,provisional_structured,,,,,,,,,
ATB,Công ty Cổ phần An Thịnh,BLOCKED_INSUFFICIENT_MARKET_DATA,REJECTED,True,False,PROVISIONAL_PRIMARY_ONLY,PROVISIONAL_LOW,NOT_AVAILABLE,NEEDS_MANUAL_BCTC_REVIEW,"[""capex"", ""cfo"", ""equity"", ""gross_profit"", ""last_close"", ""last_price_date"", ""net_income"", ""revenue"", ""total_assets"", ""total_liabilities""]","[""Primary market data missing or incomplete.""]",Primary market data missing or incomplete.,,,7930.0,,7930.0,,,,PARTIAL_PROVISIONAL_DATA,provisional_structured,,,,,,,,,
ATD,Công ty cổ phần 28 Đà Nẵng,BLOCKED_INSUFFICIENT_MARKET_DATA,REJECTED,True,False,PROVISIONAL_PRIMARY_ONLY,PROVISIONAL_LOW,NOT_AVAILABLE,NEEDS_MANUAL_BCTC_REVIEW,"[""avg_volume_20d"", ""capex"", ""cfo"", ""equity"", ""gross_profit"", ""last_close"", ""last_price_date"", ""net_income"", ""revenue"", ""total_assets"", ""total_liabilities""]","[""Primary market data missing or incomplete.""]",Primary market data missing or incomplete.,,,,,,,,,CACHE_MISSING,provisional_structured,,,,,,,,,
ATG,Công ty Cổ phần ATG Planet,BLOCKED_INSUFFICIENT_MARKET_DATA,REJECTED,True,False,PROVISIONAL_PRIMARY_ONLY,PROVISIONAL_LOW,NOT_AVAILABLE,NEEDS_MANUAL_BCTC_REVIEW,"[""capex"", ""cfo"", ""equity"", ""gross_profit"", ""last_close"", ""last_price_date"", ""net_income"", ""revenue"", ""total_assets"", ""total_liabilities""]","[""Primary market data missing or incomplete.""]",Primary market data missing or incomplete.,,,19663.0,,19663.0,,,,PARTIAL_PROVISIONAL_DATA,provisional_structured,,,,,,,,,
ATS,Công ty Cổ phần Tập đoàn Đầu tư ATS,BLOCKED_INSUFFICIENT_MARKET_DATA,REJECTED,True,False,PROVISIONAL_PRIMARY_ONLY,PROVISIONAL_LOW,NOT_AVAILABLE,NEEDS_MANUAL_BCTC_REVIEW,"[""capex"", ""cfo"", ""equity"", ""gross_profit"", ""last_close"", ""last_price_date"", ""net_income"", ""revenue"", ""total_assets"", ""total_liabilities""]","[""Primary market data missing or incomplete.""]",Primary market data missing or incomplete.,,,2.0,,2.0,,,,PARTIAL_PROVISIONAL_DATA,provisional_structured,,,,,,,,,
AUM,Công ty Cổ phần Vinacafe Sơn Thành,BLOCKED_INSUFFICIENT_MARKET_DATA,REJECTED,True,False,PROVISIONAL_PRIMARY_ONLY,PROVISIONAL_LOW,NOT_AVAILABLE,NEEDS_MANUAL_BCTC_REVIEW,"[""avg_volume_20d"", ""capex"", ""cfo"", ""equity"", ""gross_profit"", ""last_close"", ""last_price_date"", ""net_income"", ""revenue"", ""total_assets"", ""total_liabilities""]","[""Primary market data missing or incomplete.""]",Primary market data missing or incomplete.,,,,,,,,,INSUFFICIENT_DATA,provisional_structured,,,,,,,,,
AVC,Công ty Cổ phần Thủy điện A Vương,BLOCKED_INSUFFICIENT_MARKET_DATA,REJECTED,True,False,PROVISIONAL_PRIMARY_ONLY,PROVISIONAL_LOW,NOT_AVAILABLE,NEEDS_MANUAL_BCTC_REVIEW,"[""capex"", ""cfo"", ""equity"", ""gross_profit"", ""last_close"", ""last_price_date"", ""net_income"", ""revenue"", ""total_assets"", ""total_liabilities""]","[""Primary market data missing or incomplete.""]",Primary market data missing or incomplete.,,,330.0,,330.0,,,,PARTIAL_PROVISIONAL_DATA,provisional_structured,,,,,,,,,
AVF,Công ty Cổ phần Việt An,BLOCKED_INSUFFICIENT_MARKET_DATA,REJECTED,True,False,PROVISIONAL_PRIMARY_ONLY,PROVISIONAL_LOW,NOT_AVAILABLE,NEEDS_MANUAL_BCTC_REVIEW,"[""avg_volume_20d"", ""capex"", ""cfo"", ""equity"", ""gross_profit"", ""last_close"", ""last_price_date"", ""net_income"", ""revenue"", ""total_assets"", ""total_liabilities""]","[""Primary market data missing or incomplete.""]",Primary market data missing or incomplete.,,,,,,,,,INSUFFICIENT_DATA,provisional_structured,,,,,,,,,
AVG,Công ty Cổ phần Phân Bón Quốc Tế Âu Việt,BLOCKED_INSUFFICIENT_MARKET_DATA,REJECTED,True,False,PROVISIONAL_PRIMARY_ONLY,PROVISIONAL_LOW,NOT_AVAILABLE,NEEDS_MANUAL_BCTC_REVIEW,"[""avg_volume_20d"", ""capex"", ""cfo"", ""equity"", ""gross_profit"", ""last_close"", ""last_price_date"", ""net_income"", ""revenue"", ""total_assets"", ""total_liabilities""]","[""Primary market data missing or incomplete.""]",Primary market data missing or incomplete.,,,,,,,,,INSUFFICIENT_DATA,provisional_structured,,,,,,,,,
AVS,,BLOCKED_INSUFFICIENT_MARKET_DATA,REJECTED,True,False,PROVISIONAL_PRIMARY_ONLY,PROVISIONAL_LOW,NOT_AVAILABLE,NEEDS_MANUAL_BCTC_REVIEW,"[""avg_volume_20d"", ""capex"", ""cfo"", ""equity"", ""gross_profit"", ""last_close"", ""last_price_date"", ""net_income"", ""revenue"", ""total_assets"", ""total_liabilities""]","[""Primary market data missing or incomplete.""]",Primary market data missing or incomplete.,,,,,,,,,CACHE_MISSING,provisional_structured,,,,,,,,,
B82,Công ty Cổ phần 482,BLOCKED_INSUFFICIENT_MARKET_DATA,REJECTED,True,False,PROVISIONAL_PRIMARY_ONLY,PROVISIONAL_LOW,NOT_AVAILABLE,NEEDS_MANUAL_BCTC_REVIEW,"[""avg_volume_20d"", ""capex"", ""cfo"", ""equity"", ""gross_profit"", ""last_close"", ""last_price_date"", ""net_income"", ""revenue"", ""total_assets"", ""total_liabilities""]","[""Primary market data missing or incomplete.""]",Primary market data missing or incomplete.,,,,,,,,,INSUFFICIENT_DATA,provisional_structured,,,,,,,,,
BAB,Ngân hàng Thương mại Cổ phần Bắc Á,BLOCKED_INSUFFICIENT_MARKET_DATA,REJECTED,True,False,PROVISIONAL_PRIMARY_ONLY,PROVISIONAL_LOW,NOT_AVAILABLE,NEEDS_MANUAL_BCTC_REVIEW,"[""capex"", ""cfo"", ""equity"", ""gross_profit"", ""last_close"", ""last_price_date"", ""net_income"", ""revenue"", ""total_assets"", ""total_liabilities""]","[""Primary market data missing or incomplete.""]",Primary market data missing or incomplete.,,,3780.0,,3780.0,,,,PARTIAL_PROVISIONAL_DATA,provisional_structured,,,,,,,,,
BAF,Công ty Cổ phần Nông nghiệp BAF Việt Nam,BLOCKED_INSUFFICIENT_MARKET_DATA,REJECTED,True,False,PROVISIONAL_PRIMARY_ONLY,PROVISIONAL_LOW,NOT_AVAILABLE,NEEDS_MANUAL_BCTC_REVIEW,"[""capex"", ""cfo"", ""equity"", ""gross_profit"", ""last_price_date"", ""net_income"", ""revenue"", ""total_assets"", ""total_liabilities""]","[""Primary market data missing or incomplete.""]",Primary market data missing or incomplete.,,34.55,1628690.0,,1628690.0,56271239.5,,,PARTIAL_PROVISIONAL_DATA,provisional_structured,,,,,,,,,
BAL,Công ty Cổ phần Bao bì Bia - Rượu - Nước giải khát,BLOCKED_INSUFFICIENT_MARKET_DATA,REJECTED,True,False,PROVISIONAL_PRIMARY_ONLY,PROVISIONAL_LOW,NOT_AVAILABLE,NEEDS_MANUAL_BCTC_REVIEW,"[""avg_volume_20d"", ""capex"", ""cfo"", ""equity"", ""gross_profit"", ""last_close"", ""last_price_date"", ""net_income"", ""revenue"", ""total_assets"", ""total_liabilities""]","[""Primary market data missing or incomplete.""]",Primary market data missing or incomplete.,,,,,,,,,INSUFFICIENT_DATA,provisional_structured,,,,,,,,,
BAM,CTCP Khoáng sản và Luyện kim Bắc Á,BLOCKED_INSUFFICIENT_MARKET_DATA,REJECTED,True,False,PROVISIONAL_PRIMARY_ONLY,PROVISIONAL_LOW,NOT_AVAILABLE,NEEDS_MANUAL_BCTC_REVIEW,"[""avg_volume_20d"", ""capex"", ""cfo"", ""equity"", ""gross_profit"", ""last_close"", ""last_price_date"", ""net_income"", ""revenue"", ""total_assets"", ""total_liabilities""]","[""Primary market data missing or incomplete.""]",Primary market data missing or incomplete.,,,,,,,,,CACHE_MISSING,provisional_structured,,,,,,,,,
BAOMINH,Công ty cổ phần Lê Bảo Minh,BLOCKED_INSUFFICIENT_MARKET_DATA,REJECTED,True,False,PROVISIONAL_PRIMARY_ONLY,PROVISIONAL_LOW,NOT_AVAILABLE,NEEDS_MANUAL_BCTC_REVIEW,"[""avg_volume_20d"", ""capex"", ""cfo"", ""equity"", ""gross_profit"", ""last_close"", ""last_price_date"", ""net_income"", ""revenue"", ""total_assets"", ""total_liabilities""]","[""Primary market data missing or incomplete.""]",Primary market data missing or incomplete.,,,,,,,,,CACHE_MISSING,provisional_structured,,,,,,,,,
BAS,Công ty Cổ phần Basa,BLOCKED_INSUFFICIENT_MARKET_DATA,REJECTED,True,False,PROVISIONAL_PRIMARY_ONLY,PROVISIONAL_LOW,NOT_AVAILABLE,NEEDS_MANUAL_BCTC_REVIEW,"[""avg_volume_20d"", ""capex"", ""cfo"", ""equity"", ""gross_profit"", ""last_close"", ""last_price_date"", ""net_income"", ""revenue"", ""total_assets"", ""total_liabilities""]","[""Primary market data missing or incomplete.""]",Primary market data missing or incomplete.,,,,,,,,,CACHE_MISSING,provisional_structured,,,,,,,,,
BAX,Công ty Cổ phần Thống Nhất,BLOCKED_INSUFFICIENT_MARKET_DATA,REJECTED,True,False,PROVISIONAL_PRIMARY_ONLY,PROVISIONAL_LOW,NOT_AVAILABLE,NEEDS_MANUAL_BCTC_REVIEW,"[""capex"", ""cfo"", ""equity"", ""gross_profit"", ""last_close"", ""last_price_date"", ""net_income"", ""revenue"", ""total_assets"", ""total_liabilities""]","[""Primary market data missing or incomplete.""]",Primary market data missing or incomplete.,,,20.0,,20.0,,,,PARTIAL_PROVISIONAL_DATA,provisional_structured,,,,,,,,,
BB,,BLOCKED_INSUFFICIENT_MARKET_DATA,REJECTED,True,False,PROVISIONAL_PRIMARY_ONLY,PROVISIONAL_LOW,NOT_AVAILABLE,NEEDS_MANUAL_BCTC_REVIEW,"[""avg_volume_20d"", ""capex"", ""cfo"", ""equity"", ""gross_profit"", ""last_close"", ""last_price_date"", ""net_income"", ""revenue"", ""total_assets"", ""total_liabilities""]","[""Primary market data missing or incomplete.""]",Primary market data missing or incomplete.,,,,,,,,,CACHE_MISSING,provisional_structured,,,,,,,,,
BBC,Công ty Cổ phần Bibica,BLOCKED_INSUFFICIENT_MARKET_DATA,REJECTED,True,False,PROVISIONAL_PRIMARY_ONLY,PROVISIONAL_LOW,NOT_AVAILABLE,NEEDS_MANUAL_BCTC_REVIEW,"[""capex"", ""cfo"", ""equity"", ""gross_profit"", ""last_close"", ""last_price_date"", ""net_income"", ""revenue"", ""total_assets"", ""total_liabilities""]","[""Primary market data missing or incomplete.""]",Primary market data missing or incomplete.,,,3550.0,,3550.0,,,,PARTIAL_PROVISIONAL_DATA,provisional_structured,,,,,,,,,
BBH,Công ty Cổ phần Bao bì Hoàng Thạch,BLOCKED_INSUFFICIENT_MARKET_DATA,REJECTED,True,False,PROVISIONAL_PRIMARY_ONLY,PROVISIONAL_LOW,NOT_AVAILABLE,NEEDS_MANUAL_BCTC_REVIEW,"[""capex"", ""cfo"", ""equity"", ""gross_profit"", ""last_close"", ""last_price_date"", ""net_income"", ""revenue"", ""total_assets"", ""total_liabilities""]","[""Primary market data missing or incomplete.""]",Primary market data missing or incomplete.,,,70.0,,70.0,,,,PARTIAL_PROVISIONAL_DATA,provisional_structured,,,,,,,,,
BBM,Công ty Cổ phần Bia Hà Nội - Nam Định,BLOCKED_INSUFFICIENT_MARKET_DATA,REJECTED,True,False,PROVISIONAL_PRIMARY_ONLY,PROVISIONAL_LOW,NOT_AVAILABLE,NEEDS_MANUAL_BCTC_REVIEW,"[""capex"", ""cfo"", ""equity"", ""gross_profit"", ""last_close"", ""last_price_date"", ""net_income"", ""revenue"", ""total_assets"", ""total_liabilities""]","[""Primary market data missing or incomplete.""]",Primary market data missing or incomplete.,,,10.0,,10.0,,,,PARTIAL_PROVISIONAL_DATA,provisional_structured,,,,,,,,,
BBS,Công ty Cổ phần VICEM Bao bì Bút Sơn,BLOCKED_INSUFFICIENT_MARKET_DATA,REJECTED,True,False,PROVISIONAL_PRIMARY_ONLY,PROVISIONAL_LOW,NOT_AVAILABLE,NEEDS_MANUAL_BCTC_REVIEW,"[""capex"", ""cfo"", ""equity"", ""gross_profit"", ""last_close"", ""last_price_date"", ""net_income"", ""revenue"", ""total_assets"", ""total_liabilities""]","[""Primary market data missing or incomplete.""]",Primary market data missing or incomplete.,,,330.0,,330.0,,,,PARTIAL_PROVISIONAL_DATA,provisional_structured,,,,,,,,,
BBT,Công ty Cổ phần Bông Bạch Tuyết,BLOCKED_INSUFFICIENT_MARKET_DATA,REJECTED,True,False,PROVISIONAL_PRIMARY_ONLY,PROVISIONAL_LOW,NOT_AVAILABLE,NEEDS_MANUAL_BCTC_REVIEW,"[""capex"", ""cfo"", ""equity"", ""gross_profit"", ""last_close"", ""last_price_date"", ""net_income"", ""revenue"", ""total_assets"", ""total_liabilities""]","[""Primary market data missing or incomplete.""]",Primary market data missing or incomplete.,,,410.0,,410.0,,,,PARTIAL_PROVISIONAL_DATA,provisional_structured,,,,,,,,,
BCA,Công ty cổ phần B.C.H,BLOCKED_INSUFFICIENT_MARKET_DATA,REJECTED,True,False,PROVISIONAL_PRIMARY_ONLY,PROVISIONAL_LOW,NOT_AVAILABLE,NEEDS_MANUAL_BCTC_REVIEW,"[""capex"", ""cfo"", ""equity"", ""gross_profit"", ""last_price_date"", ""net_income"", ""revenue"", ""total_assets"", ""total_liabilities""]","[""Primary market data missing or incomplete.""]",Primary market data missing or incomplete.,,21.4,35470.0,,35470.0,759058.0,,,PARTIAL_PROVISIONAL_DATA,provisional_structured,,,,,,,,,
BCB,Công ty Cổ phần 397,BLOCKED_INSUFFICIENT_MARKET_DATA,REJECTED,True,False,PROVISIONAL_PRIMARY_ONLY,PROVISIONAL_LOW,NOT_AVAILABLE,NEEDS_MANUAL_BCTC_REVIEW,"[""avg_volume_20d"", ""capex"", ""cfo"", ""equity"", ""gross_profit"", ""last_close"", ""last_price_date"", ""net_income"", ""revenue"", ""total_assets"", ""total_liabilities""]","[""Primary market data missing or incomplete.""]",Primary market data missing or incomplete.,,,,,,,,,INSUFFICIENT_DATA,provisional_structured,,,,,,,,,
BCC,Công ty Cổ phần Xi măng Bỉm Sơn,BLOCKED_INSUFFICIENT_MARKET_DATA,REJECTED,True,False,PROVISIONAL_PRIMARY_ONLY,PROVISIONAL_LOW,NOT_AVAILABLE,NEEDS_MANUAL_BCTC_REVIEW,"[""capex"", ""cfo"", ""equity"", ""gross_profit"", ""last_close"", ""last_price_date"", ""net_income"", ""revenue"", ""total_assets"", ""total_liabilities""]","[""Primary market data missing or incomplete.""]",Primary market data missing or incomplete.,,,54930.0,,54930.0,,,,PARTIAL_PROVISIONAL_DATA,provisional_structured,,,,,,,,,
BCE,Công ty Cổ phần Xây dựng và Giao thông Bình Dương,BLOCKED_INSUFFICIENT_MARKET_DATA,REJECTED,True,False,PROVISIONAL_PRIMARY_ONLY,PROVISIONAL_LOW,NOT_AVAILABLE,NEEDS_MANUAL_BCTC_REVIEW,"[""capex"", ""cfo"", ""equity"", ""gross_profit"", ""last_close"", ""last_price_date"", ""net_income"", ""revenue"", ""total_assets"", ""total_liabilities""]","[""Primary market data missing or incomplete.""]",Primary market data missing or incomplete.,,,40810.0,,40810.0,,,,PARTIAL_PROVISIONAL_DATA,provisional_structured,,,,,,,,,
BCF,Công ty Cổ phần Thực phẩm Bích Chi,BLOCKED_INSUFFICIENT_MARKET_DATA,REJECTED,True,False,PROVISIONAL_PRIMARY_ONLY,PROVISIONAL_LOW,NOT_AVAILABLE,NEEDS_MANUAL_BCTC_REVIEW,"[""capex"", ""cfo"", ""equity"", ""gross_profit"", ""last_close"", ""last_price_date"", ""net_income"", ""revenue"", ""total_assets"", ""total_liabilities""]","[""Primary market data missing or incomplete.""]",Primary market data missing or incomplete.,,,110.0,,110.0,,,,PARTIAL_PROVISIONAL_DATA,provisional_structured,,,,,,,,,
BCG,Công ty Cổ phần Tập đoàn Bamboo Capital,BLOCKED_INSUFFICIENT_MARKET_DATA,REJECTED,True,False,PROVISIONAL_PRIMARY_ONLY,PROVISIONAL_LOW,NOT_AVAILABLE,NEEDS_MANUAL_BCTC_REVIEW,"[""avg_volume_20d"", ""capex"", ""cfo"", ""equity"", ""gross_profit"", ""last_close"", ""last_price_date"", ""net_income"", ""revenue"", ""total_assets"", ""total_liabilities""]","[""Primary market data missing or incomplete.""]",Primary market data missing or incomplete.,,,,,,,,,INSUFFICIENT_DATA,provisional_structured,,,,,,,,,
BCI,Công ty Cổ phần Đầu tư Xây dựng Bình Chánh,BLOCKED_INSUFFICIENT_MARKET_DATA,REJECTED,True,False,PROVISIONAL_PRIMARY_ONLY,PROVISIONAL_LOW,NOT_AVAILABLE,NEEDS_MANUAL_BCTC_REVIEW,"[""avg_volume_20d"", ""capex"", ""cfo"", ""equity"", ""gross_profit"", ""last_close"", ""last_price_date"", ""net_income"", ""revenue"", ""total_assets"", ""total_liabilities""]","[""Primary market data missing or incomplete.""]",Primary market data missing or incomplete.,,,,,,,,,CACHE_MISSING,provisional_structured,,,,,,,,,
BCM,Tập đoàn Đầu tư và Phát triển Công nghiệp Becamex - CTCP,BLOCKED_INSUFFICIENT_MARKET_DATA,REJECTED,True,False,PROVISIONAL_PRIMARY_ONLY,PROVISIONAL_LOW,NOT_AVAILABLE,NEEDS_MANUAL_BCTC_REVIEW,"[""capex"", ""cfo"", ""equity"", ""gross_profit"", ""last_close"", ""last_price_date"", ""net_income"", ""revenue"", ""total_assets"", ""total_liabilities""]","[""Primary market data missing or incomplete.""]",Primary market data missing or incomplete.,,,650090.0,,650090.0,,,,PARTIAL_PROVISIONAL_DATA,provisional_structured,,,,,,,,,
BCO,Công ty Cổ phần Xây dựng Bình Phước,BLOCKED_INSUFFICIENT_MARKET_DATA,REJECTED,True,False,PROVISIONAL_PRIMARY_ONLY,PROVISIONAL_LOW,NOT_AVAILABLE,NEEDS_MANUAL_BCTC_REVIEW,"[""avg_volume_20d"", ""capex"", ""cfo"", ""equity"", ""gross_profit"", ""last_close"", ""last_price_date"", ""net_income"", ""revenue"", ""total_assets"", ""total_liabilities""]","[""Primary market data missing or incomplete.""]",Primary market data missing or incomplete.,,,,,,,,,INSUFFICIENT_DATA,provisional_structured,,,,,,,,,
BCP,Công ty Cổ phần Dược Enlie,BLOCKED_INSUFFICIENT_MARKET_DATA,REJECTED,True,False,PROVISIONAL_PRIMARY_ONLY,PROVISIONAL_LOW,NOT_AVAILABLE,NEEDS_MANUAL_BCTC_REVIEW,"[""capex"", ""cfo"", ""equity"", ""gross_profit"", ""last_close"", ""last_price_date"", ""net_income"", ""revenue"", ""total_assets"", ""total_liabilities""]","[""Primary market data missing or incomplete.""]",Primary market data missing or incomplete.,,,800.0,,800.0,,,,PARTIAL_PROVISIONAL_DATA,provisional_structured,,,,,,,,,
BCR,Công ty Cổ phần BCG Land,BLOCKED_INSUFFICIENT_MARKET_DATA,REJECTED,True,False,PROVISIONAL_PRIMARY_ONLY,PROVISIONAL_LOW,NOT_AVAILABLE,NEEDS_MANUAL_BCTC_REVIEW,"[""avg_volume_20d"", ""capex"", ""cfo"", ""equity"", ""gross_profit"", ""last_close"", ""last_price_date"", ""net_income"", ""revenue"", ""total_assets"", ""total_liabilities""]","[""Primary market data missing or incomplete.""]",Primary market data missing or incomplete.,,,,,,,,,INSUFFICIENT_DATA,provisional_structured,,,,,,,,,
BCV,Công ty Cổ phần Du lịch và Thương mại Bằng Giang - Vimico,BLOCKED_INSUFFICIENT_MARKET_DATA,REJECTED,True,False,PROVISIONAL_PRIMARY_ONLY,PROVISIONAL_LOW,NOT_AVAILABLE,NEEDS_MANUAL_BCTC_REVIEW,"[""avg_volume_20d"", ""capex"", ""cfo"", ""equity"", ""gross_profit"", ""last_close"", ""last_price_date"", ""net_income"", ""revenue"", ""total_assets"", ""total_liabilities""]","[""Primary market data missing or incomplete.""]",Primary market data missing or incomplete.,,,,,,,,,INSUFFICIENT_DATA,provisional_structured,,,,,,,,,
BDB,Công ty Cổ phần Sách và Thiết bị Bình Định,BLOCKED_INSUFFICIENT_MARKET_DATA,REJECTED,True,False,PROVISIONAL_PRIMARY_ONLY,PROVISIONAL_LOW,NOT_AVAILABLE,NEEDS_MANUAL_BCTC_REVIEW,"[""capex"", ""cfo"", ""equity"", ""gross_profit"", ""last_close"", ""last_price_date"", ""net_income"", ""revenue"", ""total_assets"", ""total_liabilities""]","[""Primary market data missing or incomplete.""]",Primary market data missing or incomplete.,,,140.0,,140.0,,,,PARTIAL_PROVISIONAL_DATA,provisional_structured,,,,,,,,,
BDC,Tổng Công ty Xây dựng Bạch Đằng - CTCP,BLOCKED_INSUFFICIENT_MARKET_DATA,REJECTED,True,False,PROVISIONAL_PRIMARY_ONLY,PROVISIONAL_LOW,NOT_AVAILABLE,NEEDS_MANUAL_BCTC_REVIEW,"[""avg_volume_20d"", ""capex"", ""cfo"", ""equity"", ""gross_profit"", ""last_close"", ""last_price_date"", ""net_income"", ""revenue"", ""total_assets"", ""total_liabilities""]","[""Primary market data missing or incomplete.""]",Primary market data missing or incomplete.,,,,,,,,,CACHE_MISSING,provisional_structured,,,,,,,,,
BDF,Công ty cổ phần Giày Bình Định,BLOCKED_INSUFFICIENT_MARKET_DATA,REJECTED,True,False,PROVISIONAL_PRIMARY_ONLY,PROVISIONAL_LOW,NOT_AVAILABLE,NEEDS_MANUAL_BCTC_REVIEW,"[""avg_volume_20d"", ""capex"", ""cfo"", ""equity"", ""gross_profit"", ""last_close"", ""last_price_date"", ""net_income"", ""revenue"", ""total_assets"", ""total_liabilities""]","[""Primary market data missing or incomplete.""]",Primary market data missing or incomplete.,,,,,,,,,CACHE_MISSING,provisional_structured,,,,,,,,,
BDG,Công ty Cổ phần May mặc Bình Dương,BLOCKED_INSUFFICIENT_MARKET_DATA,REJECTED,True,False,PROVISIONAL_PRIMARY_ONLY,PROVISIONAL_LOW,NOT_AVAILABLE,NEEDS_MANUAL_BCTC_REVIEW,"[""capex"", ""cfo"", ""equity"", ""gross_profit"", ""last_close"", ""last_price_date"", ""net_income"", ""revenue"", ""total_assets"", ""total_liabilities""]","[""Primary market data missing or incomplete.""]",Primary market data missing or incomplete.,,,980.0,,980.0,,,,PARTIAL_PROVISIONAL_DATA,provisional_structured,,,,,,,,,
BDT,Công ty Cổ phần Xây lắp và Vật liệu xây dựng Đồng Tháp,BLOCKED_INSUFFICIENT_MARKET_DATA,REJECTED,True,False,PROVISIONAL_PRIMARY_ONLY,PROVISIONAL_LOW,NOT_AVAILABLE,NEEDS_MANUAL_BCTC_REVIEW,"[""capex"", ""cfo"", ""equity"", ""gross_profit"", ""last_close"", ""last_price_date"", ""net_income"", ""revenue"", ""total_assets"", ""total_liabilities""]","[""Primary market data missing or incomplete.""]",Primary market data missing or incomplete.,,,3270.0,,3270.0,,,,PARTIAL_PROVISIONAL_DATA,provisional_structured,,,,,,,,,
BDW,Công ty Cổ phần Cấp thoát nước Bình Định,BLOCKED_INSUFFICIENT_MARKET_DATA,REJECTED,True,False,PROVISIONAL_PRIMARY_ONLY,PROVISIONAL_LOW,NOT_AVAILABLE,NEEDS_MANUAL_BCTC_REVIEW,"[""capex"", ""cfo"", ""equity"", ""gross_profit"", ""last_close"", ""last_price_date"", ""net_income"", ""revenue"", ""total_assets"", ""total_liabilities""]","[""Primary market data missing or incomplete.""]",Primary market data missing or incomplete.,,,50.0,,50.0,,,,PARTIAL_PROVISIONAL_DATA,provisional_structured,,,,,,,,,
BED,Công ty Cổ phần Sách và Thiết bị trường học Đà Nẵng,BLOCKED_INSUFFICIENT_MARKET_DATA,REJECTED,True,False,PROVISIONAL_PRIMARY_ONLY,PROVISIONAL_LOW,NOT_AVAILABLE,NEEDS_MANUAL_BCTC_REVIEW,"[""avg_volume_20d"", ""capex"", ""cfo"", ""equity"", ""gross_profit"", ""last_close"", ""last_price_date"", ""net_income"", ""revenue"", ""total_assets"", ""total_liabilities""]","[""Primary market data missing or incomplete.""]",Primary market data missing or incomplete.,,,,,,,,,INSUFFICIENT_DATA,provisional_structured,,,,,,,,,
BEL,Công ty Cổ phần Điện tử Biên Hòa,BLOCKED_INSUFFICIENT_MARKET_DATA,REJECTED,True,False,PROVISIONAL_PRIMARY_ONLY,PROVISIONAL_LOW,NOT_AVAILABLE,NEEDS_MANUAL_BCTC_REVIEW,"[""avg_volume_20d"", ""capex"", ""cfo"", ""equity"", ""gross_profit"", ""last_close"", ""last_price_date"", ""net_income"", ""revenue"", ""total_assets"", ""total_liabilities""]","[""Primary market data missing or incomplete.""]",Primary market data missing or incomplete.,,,,,,,,,INSUFFICIENT_DATA,provisional_structured,,,,,,,,,
BFC,Công ty Cổ phần Phân bón Bình Điền,BLOCKED_INSUFFICIENT_MARKET_DATA,REJECTED,True,False,PROVISIONAL_PRIMARY_ONLY,PROVISIONAL_LOW,NOT_AVAILABLE,NEEDS_MANUAL_BCTC_REVIEW,"[""capex"", ""cfo"", ""equity"", ""gross_profit"", ""last_close"", ""last_price_date"", ""net_income"", ""revenue"", ""total_assets"", ""total_liabilities""]","[""Primary market data missing or incomplete.""]",Primary market data missing or incomplete.,,,194970.0,,194970.0,,,,PARTIAL_PROVISIONAL_DATA,provisional_structured,,,,,,,,,
BGE,Công ty Cổ phần BCG Energy,BLOCKED_INSUFFICIENT_MARKET_DATA,REJECTED,True,False,PROVISIONAL_PRIMARY_ONLY,PROVISIONAL_LOW,NOT_AVAILABLE,NEEDS_MANUAL_BCTC_REVIEW,"[""avg_volume_20d"", ""capex"", ""cfo"", ""equity"", ""gross_profit"", ""last_close"", ""last_price_date"", ""net_income"", ""revenue"", ""total_assets"", ""total_liabilities""]","[""Primary market data missing or incomplete.""]",Primary market data missing or incomplete.,,,,,,,,,INSUFFICIENT_DATA,provisional_structured,,,,,,,,,
BGM,Công ty Cổ phần Khai thác và Chế biến Khoáng sản Bắc Giang,BLOCKED_INSUFFICIENT_MARKET_DATA,REJECTED,True,False,PROVISIONAL_PRIMARY_ONLY,PROVISIONAL_LOW,NOT_AVAILABLE,NEEDS_MANUAL_BCTC_REVIEW,"[""avg_volume_20d"", ""capex"", ""cfo"", ""equity"", ""gross_profit"", ""last_close"", ""last_price_date"", ""net_income"", ""revenue"", ""total_assets"", ""total_liabilities""]","[""Primary market data missing or incomplete.""]",Primary market data missing or incomplete.,,,,,,,,,CACHE_MISSING,provisional_structured,,,,,,,,,
BGW,Công ty Cổ phần Nước sạch Bắc Giang,BLOCKED_INSUFFICIENT_MARKET_DATA,REJECTED,True,False,PROVISIONAL_PRIMARY_ONLY,PROVISIONAL_LOW,NOT_AVAILABLE,NEEDS_MANUAL_BCTC_REVIEW,"[""capex"", ""cfo"", ""equity"", ""gross_profit"", ""last_close"", ""last_price_date"", ""net_income"", ""revenue"", ""total_assets"", ""total_liabilities""]","[""Primary market data missing or incomplete.""]",Primary market data missing or incomplete.,,,500.0,,500.0,,,,PARTIAL_PROVISIONAL_DATA,provisional_structured,,,,,,,,,
BHA,Công ty Cổ phần Thủy điện Bắc Hà,BLOCKED_INSUFFICIENT_MARKET_DATA,REJECTED,True,False,PROVISIONAL_PRIMARY_ONLY,PROVISIONAL_LOW,NOT_AVAILABLE,NEEDS_MANUAL_BCTC_REVIEW,"[""capex"", ""cfo"", ""equity"", ""gross_profit"", ""last_close"", ""last_price_date"", ""net_income"", ""revenue"", ""total_assets"", ""total_liabilities""]","[""Primary market data missing or incomplete.""]",Primary market data missing or incomplete.,,,210.0,,210.0,,,,PARTIAL_PROVISIONAL_DATA,provisional_structured,,,,,,,,,
BHC,Công ty Cổ phần Bê tông Biên Hòa,BLOCKED_INSUFFICIENT_MARKET_DATA,REJECTED,True,False,PROVISIONAL_PRIMARY_ONLY,PROVISIONAL_LOW,NOT_AVAILABLE,NEEDS_MANUAL_BCTC_REVIEW,"[""capex"", ""cfo"", ""equity"", ""gross_profit"", ""last_close"", ""last_price_date"", ""net_income"", ""revenue"", ""total_assets"", ""total_liabilities""]","[""Primary market data missing or incomplete.""]",Primary market data missing or incomplete.,,,160.0,,160.0,,,,PARTIAL_PROVISIONAL_DATA,provisional_structured,,,,,,,,,
BHG,Công ty Cổ phần Chè Biển Hồ,BLOCKED_INSUFFICIENT_MARKET_DATA,REJECTED,True,False,PROVISIONAL_PRIMARY_ONLY,PROVISIONAL_LOW,NOT_AVAILABLE,NEEDS_MANUAL_BCTC_REVIEW,"[""avg_volume_20d"", ""capex"", ""cfo"", ""equity"", ""gross_profit"", ""last_close"", ""last_price_date"", ""net_income"", ""revenue"", ""total_assets"", ""total_liabilities""]","[""Primary market data missing or incomplete.""]",Primary market data missing or incomplete.,,,,,,,,,INSUFFICIENT_DATA,provisional_structured,,,,,,,,,
BHH,Công ty Cổ Phần Bia Hà Nội - Hưng Yên 89,BLOCKED_INSUFFICIENT_MARKET_DATA,REJECTED,True,False,PROVISIONAL_PRIMARY_ONLY,PROVISIONAL_LOW,NOT_AVAILABLE,NEEDS_MANUAL_BCTC_REVIEW,"[""avg_volume_20d"", ""capex"", ""cfo"", ""equity"", ""gross_profit"", ""last_close"", ""last_price_date"", ""net_income"", ""revenue"", ""total_assets"", ""total_liabilities""]","[""Primary market data missing or incomplete.""]",Primary market data missing or incomplete.,,,,,,,,,INSUFFICIENT_DATA,provisional_structured,,,,,,,,,
BHI,Tổng Công ty Cổ phần Bảo hiểm Sài Gòn - Hà Nội,BLOCKED_INSUFFICIENT_MARKET_DATA,REJECTED,True,False,PROVISIONAL_PRIMARY_ONLY,PROVISIONAL_LOW,NOT_AVAILABLE,NEEDS_MANUAL_BCTC_REVIEW,"[""avg_volume_20d"", ""capex"", ""cfo"", ""equity"", ""gross_profit"", ""last_close"", ""last_price_date"", ""net_income"", ""revenue"", ""total_assets"", ""total_liabilities""]","[""Primary market data missing or incomplete.""]",Primary market data missing or incomplete.,,,,,,,,,INSUFFICIENT_DATA,provisional_structured,,,,,,,,,
BHK,Công ty Cổ phần Bia Hà Nội - Kim Bài,BLOCKED_INSUFFICIENT_MARKET_DATA,REJECTED,True,False,PROVISIONAL_PRIMARY_ONLY,PROVISIONAL_LOW,NOT_AVAILABLE,NEEDS_MANUAL_BCTC_REVIEW,"[""avg_volume_20d"", ""capex"", ""cfo"", ""equity"", ""gross_profit"", ""last_close"", ""last_price_date"", ""net_income"", ""revenue"", ""total_assets"", ""total_liabilities""]","[""Primary market data missing or incomplete.""]",Primary market data missing or incomplete.,,,,,,,,,INSUFFICIENT_DATA,provisional_structured,,,,,,,,,
BHN,Tổng Công ty Cổ phần Bia - Rượu - Nước giải khát Hà Nội,BLOCKED_INSUFFICIENT_MARKET_DATA,REJECTED,True,False,PROVISIONAL_PRIMARY_ONLY,PROVISIONAL_LOW,NOT_AVAILABLE,NEEDS_MANUAL_BCTC_REVIEW,"[""capex"", ""cfo"", ""equity"", ""gross_profit"", ""last_close"", ""last_price_date"", ""net_income"", ""revenue"", ""total_assets"", ""total_liabilities""]","[""Primary market data missing or incomplete.""]",Primary market data missing or incomplete.,,,1490.0,,1490.0,,,,PARTIAL_PROVISIONAL_DATA,provisional_structured,,,,,,,,,
BHP,Công ty Cổ phần Bia Hà Nội - Hải Phòng,BLOCKED_INSUFFICIENT_MARKET_DATA,REJECTED,True,False,PROVISIONAL_PRIMARY_ONLY,PROVISIONAL_LOW,NOT_AVAILABLE,NEEDS_MANUAL_BCTC_REVIEW,"[""capex"", ""cfo"", ""equity"", ""gross_profit"", ""last_close"", ""last_price_date"", ""net_income"", ""revenue"", ""total_assets"", ""total_liabilities""]","[""Primary market data missing or incomplete.""]",Primary market data missing or incomplete.,,,40.0,,40.0,,,,PARTIAL_PROVISIONAL_DATA,provisional_structured,,,,,,,,,
BHS,Công ty Cổ phần Đường Biên Hòa,BLOCKED_INSUFFICIENT_MARKET_DATA,REJECTED,True,False,PROVISIONAL_PRIMARY_ONLY,PROVISIONAL_LOW,NOT_AVAILABLE,NEEDS_MANUAL_BCTC_REVIEW,"[""avg_volume_20d"", ""capex"", ""cfo"", ""equity"", ""gross_profit"", ""last_close"", ""last_price_date"", ""net_income"", ""revenue"", ""total_assets"", ""total_liabilities""]","[""Primary market data missing or incomplete.""]",Primary market data missing or incomplete.,,,,,,,,,CACHE_MISSING,provisional_structured,,,,,,,,,
BHT,Công ty Cổ phần Đầu tư Xây dựng Bạch Đằng TMC,BLOCKED_INSUFFICIENT_MARKET_DATA,REJECTED,True,False,PROVISIONAL_PRIMARY_ONLY,PROVISIONAL_LOW,NOT_AVAILABLE,NEEDS_MANUAL_BCTC_REVIEW,"[""avg_volume_20d"", ""capex"", ""cfo"", ""equity"", ""gross_profit"", ""last_close"", ""last_price_date"", ""net_income"", ""revenue"", ""total_assets"", ""total_liabilities""]","[""Primary market data missing or incomplete.""]",Primary market data missing or incomplete.,,,,,,,,,INSUFFICIENT_DATA,provisional_structured,,,,,,,,,
BHV,Công ty Cổ phần Viglacera Bá Hiến,BLOCKED_INSUFFICIENT_MARKET_DATA,REJECTED,True,False,PROVISIONAL_PRIMARY_ONLY,PROVISIONAL_LOW,NOT_AVAILABLE,NEEDS_MANUAL_BCTC_REVIEW,"[""avg_volume_20d"", ""capex"", ""cfo"", ""equity"", ""gross_profit"", ""last_close"", ""last_price_date"", ""net_income"", ""revenue"", ""total_assets"", ""total_liabilities""]","[""Primary market data missing or incomplete.""]",Primary market data missing or incomplete.,,,,,,,,,CACHE_MISSING,provisional_structured,,,,,,,,,
BIC,Tổng Công ty Cổ phần Bảo hiểm Ngân hàng Đầu tư và Phát triển Việt Nam,BLOCKED_INSUFFICIENT_MARKET_DATA,REJECTED,True,False,PROVISIONAL_PRIMARY_ONLY,PROVISIONAL_LOW,NOT_AVAILABLE,NEEDS_MANUAL_BCTC_REVIEW,"[""capex"", ""cfo"", ""equity"", ""gross_profit"", ""last_close"", ""last_price_date"", ""net_income"", ""revenue"", ""total_assets"", ""total_liabilities""]","[""Primary market data missing or incomplete.""]",Primary market data missing or incomplete.,,,73460.0,,73460.0,,,,PARTIAL_PROVISIONAL_DATA,provisional_structured,,,,,,,,,
BID,Ngân hàng Thương mại Cổ phần Đầu tư và Phát triển Việt Nam,BLOCKED_INSUFFICIENT_MARKET_DATA,REJECTED,True,False,PROVISIONAL_PRIMARY_ONLY,PROVISIONAL_LOW,NOT_AVAILABLE,NEEDS_MANUAL_BCTC_REVIEW,"[""capex"", ""cfo"", ""equity"", ""gross_profit"", ""last_close"", ""last_price_date"", ""net_income"", ""revenue"", ""total_assets"", ""total_liabilities""]","[""Primary market data missing or incomplete.""]",Primary market data missing or incomplete.,,,10720030.0,,10720030.0,,,,PARTIAL_PROVISIONAL_DATA,provisional_structured,,,,,,,,,
BIG,Công ty Cổ phần Đầu tư BIG Group Holdings,BLOCKED_INSUFFICIENT_MARKET_DATA,REJECTED,True,False,PROVISIONAL_PRIMARY_ONLY,PROVISIONAL_LOW,NOT_AVAILABLE,NEEDS_MANUAL_BCTC_REVIEW,"[""capex"", ""cfo"", ""equity"", ""gross_profit"", ""last_price_date"", ""net_income"", ""revenue"", ""total_assets"", ""total_liabilities""]","[""Primary market data missing or incomplete.""]",Primary market data missing or incomplete.,,6.4,447950.0,,447950.0,2866880.0,,,PARTIAL_PROVISIONAL_DATA,provisional_structured,,,,,,,,,
BII,Công ty Cổ phần Đầu tư và Phát triển Công nghiệp Bảo Thư,BLOCKED_INSUFFICIENT_MARKET_DATA,REJECTED,True,False,PROVISIONAL_PRIMARY_ONLY,PROVISIONAL_LOW,NOT_AVAILABLE,NEEDS_MANUAL_BCTC_REVIEW,"[""capex"", ""cfo"", ""equity"", ""gross_profit"", ""last_close"", ""last_price_date"", ""net_income"", ""revenue"", ""total_assets"", ""total_liabilities""]","[""Primary market data missing or incomplete.""]",Primary market data missing or incomplete.,,,536880.0,,536880.0,,,,PARTIAL_PROVISIONAL_DATA,provisional_structured,,,,,,,,,
BIO,Công ty Cổ phần Vắc xin và Sinh phẩm Nha Trang,BLOCKED_INSUFFICIENT_MARKET_DATA,REJECTED,True,False,PROVISIONAL_PRIMARY_ONLY,PROVISIONAL_LOW,NOT_AVAILABLE,NEEDS_MANUAL_BCTC_REVIEW,"[""capex"", ""cfo"", ""equity"", ""gross_profit"", ""last_close"", ""last_price_date"", ""net_income"", ""revenue"", ""total_assets"", ""total_liabilities""]","[""Primary market data missing or incomplete.""]",Primary market data missing or incomplete.,,,680.0,,680.0,,,,PARTIAL_PROVISIONAL_DATA,provisional_structured,,,,,,,,,
BKC,Công ty Cổ phần Khoáng sản Bắc Kạn,BLOCKED_INSUFFICIENT_MARKET_DATA,REJECTED,True,False,PROVISIONAL_PRIMARY_ONLY,PROVISIONAL_LOW,NOT_AVAILABLE,NEEDS_MANUAL_BCTC_REVIEW,"[""capex"", ""cfo"", ""equity"", ""gross_profit"", ""last_close"", ""last_price_date"", ""net_income"", ""revenue"", ""total_assets"", ""total_liabilities""]","[""Primary market data missing or incomplete.""]",Primary market data missing or incomplete.,,,10780.0,,10780.0,,,,PARTIAL_PROVISIONAL_DATA,provisional_structured,,,,,,,,,
BKG,Công ty Cổ phần Đầu tư BKG Việt Nam,BLOCKED_INSUFFICIENT_MARKET_DATA,REJECTED,True,False,PROVISIONAL_PRIMARY_ONLY,PROVISIONAL_LOW,NOT_AVAILABLE,NEEDS_MANUAL_BCTC_REVIEW,"[""capex"", ""cfo"", ""equity"", ""gross_profit"", ""last_close"", ""last_price_date"", ""net_income"", ""revenue"", ""total_assets"", ""total_liabilities""]","[""Primary market data missing or incomplete.""]",Primary market data missing or incomplete.,,,58520.0,,58520.0,,,,PARTIAL_PROVISIONAL_DATA,provisional_structured,,,,,,,,,
BKH,Công ty Cổ phần Bánh mứt kẹo Hà Nội,BLOCKED_INSUFFICIENT_MARKET_DATA,REJECTED,True,False,PROVISIONAL_PRIMARY_ONLY,PROVISIONAL_LOW,NOT_AVAILABLE,NEEDS_MANUAL_BCTC_REVIEW,"[""capex"", ""cfo"", ""equity"", ""gross_profit"", ""last_close"", ""last_price_date"", ""net_income"", ""revenue"", ""total_assets"", ""total_liabilities""]","[""Primary market data missing or incomplete.""]",Primary market data missing or incomplete.,,,50.0,,50.0,,,,PARTIAL_PROVISIONAL_DATA,provisional_structured,,,,,,,,,
BLF,Công ty Cổ phần Thủy sản Bạc Liêu,BLOCKED_INSUFFICIENT_MARKET_DATA,REJECTED,True,False,PROVISIONAL_PRIMARY_ONLY,PROVISIONAL_LOW,NOT_AVAILABLE,NEEDS_MANUAL_BCTC_REVIEW,"[""capex"", ""cfo"", ""equity"", ""gross_profit"", ""last_price_date"", ""net_income"", ""revenue"", ""total_assets"", ""total_liabilities""]","[""Primary market data missing or incomplete.""]",Primary market data missing or incomplete.,,2.1,3230.0,,3230.0,6783.0,,,PARTIAL_PROVISIONAL_DATA,provisional_structured,,,,,,,,,
BLI,Tổng Công ty Cổ phần Bảo hiểm Bảo Long,BLOCKED_INSUFFICIENT_MARKET_DATA,REJECTED,True,False,PROVISIONAL_PRIMARY_ONLY,PROVISIONAL_LOW,NOT_AVAILABLE,NEEDS_MANUAL_BCTC_REVIEW,"[""capex"", ""cfo"", ""equity"", ""gross_profit"", ""last_close"", ""last_price_date"", ""net_income"", ""revenue"", ""total_assets"", ""total_liabilities""]","[""Primary market data missing or incomplete.""]",Primary market data missing or incomplete.,,,4810.0,,4810.0,,,,PARTIAL_PROVISIONAL_DATA,provisional_structured,,,,,,,,,
BLN,Công ty Cổ phần Vận tải và Dịch vụ Liên Ninh,BLOCKED_INSUFFICIENT_MARKET_DATA,REJECTED,True,False,PROVISIONAL_PRIMARY_ONLY,PROVISIONAL_LOW,NOT_AVAILABLE,NEEDS_MANUAL_BCTC_REVIEW,"[""capex"", ""cfo"", ""equity"", ""gross_profit"", ""last_close"", ""last_price_date"", ""net_income"", ""revenue"", ""total_assets"", ""total_liabilities""]","[""Primary market data missing or incomplete.""]",Primary market data missing or incomplete.,,,10.0,,10.0,,,,PARTIAL_PROVISIONAL_DATA,provisional_structured,,,,,,,,,
BLT,Công ty Cổ phần Lương thực Bình Định,BLOCKED_INSUFFICIENT_MARKET_DATA,REJECTED,True,False,PROVISIONAL_PRIMARY_ONLY,PROVISIONAL_LOW,NOT_AVAILABLE,NEEDS_MANUAL_BCTC_REVIEW,"[""capex"", ""cfo"", ""equity"", ""gross_profit"", ""last_close"", ""last_price_date"", ""net_income"", ""revenue"", ""total_assets"", ""total_liabilities""]","[""Primary market data missing or incomplete.""]",Primary market data missing or incomplete.,,,130.0,,130.0,,,,PARTIAL_PROVISIONAL_DATA,provisional_structured,,,,,,,,,
BLU,Trung tâm Dịch vụ Đô thị tỉnh Bạc Liêu,BLOCKED_INSUFFICIENT_MARKET_DATA,REJECTED,True,False,PROVISIONAL_PRIMARY_ONLY,PROVISIONAL_LOW,NOT_AVAILABLE,NEEDS_MANUAL_BCTC_REVIEW,"[""avg_volume_20d"", ""capex"", ""cfo"", ""equity"", ""gross_profit"", ""last_close"", ""last_price_date"", ""net_income"", ""revenue"", ""total_assets"", ""total_liabilities""]","[""Primary market data missing or incomplete.""]",Primary market data missing or incomplete.,,,,,,,,,INSUFFICIENT_DATA,provisional_structured,,,,,,,,,
BLW,Công ty Cổ phần Cấp nước Bạc Liêu,BLOCKED_INSUFFICIENT_MARKET_DATA,REJECTED,True,False,PROVISIONAL_PRIMARY_ONLY,PROVISIONAL_LOW,NOT_AVAILABLE,NEEDS_MANUAL_BCTC_REVIEW,"[""avg_volume_20d"", ""capex"", ""cfo"", ""equity"", ""gross_profit"", ""last_close"", ""last_price_date"", ""net_income"", ""revenue"", ""total_assets"", ""total_liabilities""]","[""Primary market data missing or incomplete.""]",Primary market data missing or incomplete.,,,,,,,,,INSUFFICIENT_DATA,provisional_structured,,,,,,,,,
BM9,CTCP Đầu tư Xây dựng 319 Miền Nam,BLOCKED_INSUFFICIENT_MARKET_DATA,REJECTED,True,False,PROVISIONAL_PRIMARY_ONLY,PROVISIONAL_LOW,NOT_AVAILABLE,NEEDS_MANUAL_BCTC_REVIEW,"[""avg_volume_20d"", ""capex"", ""cfo"", ""equity"", ""gross_profit"", ""last_close"", ""last_price_date"", ""net_income"", ""revenue"", ""total_assets"", ""total_liabilities""]","[""Primary market data missing or incomplete.""]",Primary market data missing or incomplete.,,,,,,,,,CACHE_MISSING,provisional_structured,,,,,,,,,
BMC,Công ty Cổ phần Khoáng sản Bình Định,BLOCKED_INSUFFICIENT_MARKET_DATA,REJECTED,True,False,PROVISIONAL_PRIMARY_ONLY,PROVISIONAL_LOW,NOT_AVAILABLE,NEEDS_MANUAL_BCTC_REVIEW,"[""capex"", ""cfo"", ""equity"", ""gross_profit"", ""last_close"", ""last_price_date"", ""net_income"", ""revenue"", ""total_assets"", ""total_liabilities""]","[""Primary market data missing or incomplete.""]",Primary market data missing or incomplete.,,,12100.0,,12100.0,,,,PARTIAL_PROVISIONAL_DATA,provisional_structured,,,,,,,,,
BMD,Công ty Cổ phần Môi trường và Dịch vụ Đô thị Bình Thuận,BLOCKED_INSUFFICIENT_MARKET_DATA,REJECTED,True,False,PROVISIONAL_PRIMARY_ONLY,PROVISIONAL_LOW,NOT_AVAILABLE,NEEDS_MANUAL_BCTC_REVIEW,"[""capex"", ""cfo"", ""equity"", ""gross_profit"", ""last_close"", ""last_price_date"", ""net_income"", ""revenue"", ""total_assets"", ""total_liabilities""]","[""Primary market data missing or incomplete.""]",Primary market data missing or incomplete.,,,580.0,,580.0,,,,PARTIAL_PROVISIONAL_DATA,provisional_structured,,,,,,,,,
BMF,Công ty Cổ phần Vật liệu Xây dựng và Chất đốt Đồng Nai,BLOCKED_INSUFFICIENT_MARKET_DATA,REJECTED,True,False,PROVISIONAL_PRIMARY_ONLY,PROVISIONAL_LOW,NOT_AVAILABLE,NEEDS_MANUAL_BCTC_REVIEW,"[""capex"", ""cfo"", ""equity"", ""gross_profit"", ""last_close"", ""last_price_date"", ""net_income"", ""revenue"", ""total_assets"", ""total_liabilities""]","[""Primary market data missing or incomplete.""]",Primary market data missing or incomplete.,,,180.0,,180.0,,,,PARTIAL_PROVISIONAL_DATA,provisional_structured,,,,,,,,,
BMG,Công ty Cổ phần May Bình Minh,BLOCKED_INSUFFICIENT_MARKET_DATA,REJECTED,True,False,PROVISIONAL_PRIMARY_ONLY,PROVISIONAL_LOW,NOT_AVAILABLE,NEEDS_MANUAL_BCTC_REVIEW,"[""avg_volume_20d"", ""capex"", ""cfo"", ""equity"", ""gross_profit"", ""last_close"", ""last_price_date"", ""net_income"", ""revenue"", ""total_assets"", ""total_liabilities""]","[""Primary market data missing or incomplete.""]",Primary market data missing or incomplete.,,,,,,,,,INSUFFICIENT_DATA,provisional_structured,,,,,,,,,
BMI,Tổng Công ty Cổ phần Bảo Minh,BLOCKED_INSUFFICIENT_MARKET_DATA,REJECTED,True,False,PROVISIONAL_PRIMARY_ONLY,PROVISIONAL_LOW,NOT_AVAILABLE,NEEDS_MANUAL_BCTC_REVIEW,"[""capex"", ""cfo"", ""equity"", ""gross_profit"", ""last_close"", ""last_price_date"", ""net_income"", ""revenue"", ""total_assets"", ""total_liabilities""]","[""Primary market data missing or incomplete.""]",Primary market data missing or incomplete.,,,172410.0,,172410.0,,,,PARTIAL_PROVISIONAL_DATA,provisional_structured,,,,,,,,,
BMJ,Công ty Cổ phần Khoáng sản Miền Đông AHP,BLOCKED_INSUFFICIENT_MARKET_DATA,REJECTED,True,False,PROVISIONAL_PRIMARY_ONLY,PROVISIONAL_LOW,NOT_AVAILABLE,NEEDS_MANUAL_BCTC_REVIEW,"[""capex"", ""cfo"", ""equity"", ""gross_profit"", ""last_close"", ""last_price_date"", ""net_income"", ""revenue"", ""total_assets"", ""total_liabilities""]","[""Primary market data missing or incomplete.""]",Primary market data missing or incomplete.,,,80.0,,80.0,,,,PARTIAL_PROVISIONAL_DATA,provisional_structured,,,,,,,,,
BMK,Công ty Cổ Phần Kỹ thuật Nhiệt Mèo Đen,BLOCKED_INSUFFICIENT_MARKET_DATA,REJECTED,True,False,PROVISIONAL_PRIMARY_ONLY,PROVISIONAL_LOW,NOT_AVAILABLE,NEEDS_MANUAL_BCTC_REVIEW,"[""avg_volume_20d"", ""capex"", ""cfo"", ""equity"", ""gross_profit"", ""last_close"", ""last_price_date"", ""net_income"", ""revenue"", ""total_assets"", ""total_liabilities""]","[""Primary market data missing or incomplete.""]",Primary market data missing or incomplete.,,,,,,,,,INSUFFICIENT_DATA,provisional_structured,,,,,,,,,
BMN,Công ty Cổ phần 715,BLOCKED_INSUFFICIENT_MARKET_DATA,REJECTED,True,False,PROVISIONAL_PRIMARY_ONLY,PROVISIONAL_LOW,NOT_AVAILABLE,NEEDS_MANUAL_BCTC_REVIEW,"[""capex"", ""cfo"", ""equity"", ""gross_profit"", ""last_close"", ""last_price_date"", ""net_income"", ""revenue"", ""total_assets"", ""total_liabilities""]","[""Primary market data missing or incomplete.""]",Primary market data missing or incomplete.,,,1310.0,,1310.0,,,,PARTIAL_PROVISIONAL_DATA,provisional_structured,,,,,,,,,
BMP,Công ty Cổ phần Nhựa Bình Minh,BLOCKED_INSUFFICIENT_MARKET_DATA,REJECTED,True,False,PROVISIONAL_PRIMARY_ONLY,PROVISIONAL_LOW,NOT_AVAILABLE,NEEDS_MANUAL_BCTC_REVIEW,"[""capex"", ""cfo"", ""equity"", ""gross_profit"", ""last_close"", ""last_price_date"", ""net_income"", ""revenue"", ""total_assets"", ""total_liabilities""]","[""Primary market data missing or incomplete.""]",Primary market data missing or incomplete.,,,156490.0,,156490.0,,,,PARTIAL_PROVISIONAL_DATA,provisional_structured,,,,,,,,,
BMS,Công ty Cổ phần Chứng khoán Bảo Minh,BLOCKED_INSUFFICIENT_MARKET_DATA,REJECTED,True,False,PROVISIONAL_PRIMARY_ONLY,PROVISIONAL_LOW,NOT_AVAILABLE,NEEDS_MANUAL_BCTC_REVIEW,"[""capex"", ""cfo"", ""equity"", ""gross_profit"", ""last_close"", ""last_price_date"", ""net_income"", ""revenue"", ""total_assets"", ""total_liabilities""]","[""Primary market data missing or incomplete.""]",Primary market data missing or incomplete.,,,149380.0,,149380.0,,,,PARTIAL_PROVISIONAL_DATA,provisional_structured,,,,,,,,,
BMV,Công ty Cổ phần Bột mỳ Vinafood 1,BLOCKED_INSUFFICIENT_MARKET_DATA,REJECTED,True,False,PROVISIONAL_PRIMARY_ONLY,PROVISIONAL_LOW,NOT_AVAILABLE,NEEDS_MANUAL_BCTC_REVIEW,"[""capex"", ""cfo"", ""equity"", ""gross_profit"", ""last_close"", ""last_price_date"", ""net_income"", ""revenue"", ""total_assets"", ""total_liabilities""]","[""Primary market data missing or incomplete.""]",Primary market data missing or incomplete.,,,160.0,,160.0,,,,PARTIAL_PROVISIONAL_DATA,provisional_structured,,,,,,,,,
BNA,Công ty Cổ phần Tập đoàn Đầu tư Bảo Ngọc,BLOCKED_INSUFFICIENT_MARKET_DATA,REJECTED,True,False,PROVISIONAL_PRIMARY_ONLY,PROVISIONAL_LOW,NOT_AVAILABLE,NEEDS_MANUAL_BCTC_REVIEW,"[""capex"", ""cfo"", ""equity"", ""gross_profit"", ""last_close"", ""last_price_date"", ""net_income"", ""revenue"", ""total_assets"", ""total_liabilities""]","[""Primary market data missing or incomplete.""]",Primary market data missing or incomplete.,,,83370.0,,83370.0,,,,PARTIAL_PROVISIONAL_DATA,provisional_structured,,,,,,,,,
BNW,Công ty Cổ phần Nước sạch Bắc Ninh,BLOCKED_INSUFFICIENT_MARKET_DATA,REJECTED,True,False,PROVISIONAL_PRIMARY_ONLY,PROVISIONAL_LOW,NOT_AVAILABLE,NEEDS_MANUAL_BCTC_REVIEW,"[""capex"", ""cfo"", ""equity"", ""gross_profit"", ""last_close"", ""last_price_date"", ""net_income"", ""revenue"", ""total_assets"", ""total_liabilities""]","[""Primary market data missing or incomplete.""]",Primary market data missing or incomplete.,,,900.0,,900.0,,,,PARTIAL_PROVISIONAL_DATA,provisional_structured,,,,,,,,,
BOT,Công ty Cổ phần BOT Cầu Thái Hà,BLOCKED_INSUFFICIENT_MARKET_DATA,REJECTED,True,False,PROVISIONAL_PRIMARY_ONLY,PROVISIONAL_LOW,NOT_AVAILABLE,NEEDS_MANUAL_BCTC_REVIEW,"[""capex"", ""cfo"", ""equity"", ""gross_profit"", ""last_close"", ""last_price_date"", ""net_income"", ""revenue"", ""total_assets"", ""total_liabilities""]","[""Primary market data missing or incomplete.""]",Primary market data missing or incomplete.,,,201808.0,,201808.0,,,,PARTIAL_PROVISIONAL_DATA,provisional_structured,,,,,,,,,
BPC,Công ty Cổ phần Vicem Bao bì Bỉm Sơn,BLOCKED_INSUFFICIENT_MARKET_DATA,REJECTED,True,False,PROVISIONAL_PRIMARY_ONLY,PROVISIONAL_LOW,NOT_AVAILABLE,NEEDS_MANUAL_BCTC_REVIEW,"[""avg_volume_20d"", ""capex"", ""cfo"", ""equity"", ""gross_profit"", ""last_close"", ""last_price_date"", ""net_income"", ""revenue"", ""total_assets"", ""total_liabilities""]","[""Primary market data missing or incomplete.""]",Primary market data missing or incomplete.,,,,,,,,,INSUFFICIENT_DATA,provisional_structured,,,,,,,,,
BPW,Công ty Cổ phần Cấp thoát nước Bình Phước,BLOCKED_INSUFFICIENT_MARKET_DATA,REJECTED,True,False,PROVISIONAL_PRIMARY_ONLY,PROVISIONAL_LOW,NOT_AVAILABLE,NEEDS_MANUAL_BCTC_REVIEW,"[""capex"", ""cfo"", ""equity"", ""gross_profit"", ""last_close"", ""last_price_date"", ""net_income"", ""revenue"", ""total_assets"", ""total_liabilities""]","[""Primary market data missing or incomplete.""]",Primary market data missing or incomplete.,,,200.0,,200.0,,,,PARTIAL_PROVISIONAL_DATA,provisional_structured,,,,,,,,,
BQB,Công ty Cổ phần Bia Hà Nội - Quảng Bình,BLOCKED_INSUFFICIENT_MARKET_DATA,REJECTED,True,False,PROVISIONAL_PRIMARY_ONLY,PROVISIONAL_LOW,NOT_AVAILABLE,NEEDS_MANUAL_BCTC_REVIEW,"[""capex"", ""cfo"", ""equity"", ""gross_profit"", ""last_close"", ""last_price_date"", ""net_income"", ""revenue"", ""total_assets"", ""total_liabilities""]","[""Primary market data missing or incomplete.""]",Primary market data missing or incomplete.,,,610.0,,610.0,,,,PARTIAL_PROVISIONAL_DATA,provisional_structured,,,,,,,,,
BQP,Công ty Cổ phần Nhựa chất lượng cao Bình Thuận,BLOCKED_INSUFFICIENT_MARKET_DATA,REJECTED,True,False,PROVISIONAL_PRIMARY_ONLY,PROVISIONAL_LOW,NOT_AVAILABLE,NEEDS_MANUAL_BCTC_REVIEW,"[""avg_volume_20d"", ""capex"", ""cfo"", ""equity"", ""gross_profit"", ""last_close"", ""last_price_date"", ""net_income"", ""revenue"", ""total_assets"", ""total_liabilities""]","[""Primary market data missing or incomplete.""]",Primary market data missing or incomplete.,,,,,,,,,INSUFFICIENT_DATA,provisional_structured,,,,,,,,,
BRC,Công ty Cổ phần Cao su Bến Thành,BLOCKED_INSUFFICIENT_MARKET_DATA,REJECTED,True,False,PROVISIONAL_PRIMARY_ONLY,PROVISIONAL_LOW,NOT_AVAILABLE,NEEDS_MANUAL_BCTC_REVIEW,"[""capex"", ""cfo"", ""equity"", ""gross_profit"", ""last_close"", ""last_price_date"", ""net_income"", ""revenue"", ""total_assets"", ""total_liabilities""]","[""Primary market data missing or incomplete.""]",Primary market data missing or incomplete.,,,2290.0,,2290.0,,,,PARTIAL_PROVISIONAL_DATA,provisional_structured,,,,,,,,,
BRR,Công ty Cổ phần Cao su Bà Rịa,BLOCKED_INSUFFICIENT_MARKET_DATA,REJECTED,True,False,PROVISIONAL_PRIMARY_ONLY,PROVISIONAL_LOW,NOT_AVAILABLE,NEEDS_MANUAL_BCTC_REVIEW,"[""capex"", ""cfo"", ""equity"", ""gross_profit"", ""last_close"", ""last_price_date"", ""net_income"", ""revenue"", ""total_assets"", ""total_liabilities""]","[""Primary market data missing or incomplete.""]",Primary market data missing or incomplete.,,,980.0,,980.0,,,,PARTIAL_PROVISIONAL_DATA,provisional_structured,,,,,,,,,
BRS,Công ty Cổ phần Dịch vụ Đô thị Bà Rịa,BLOCKED_INSUFFICIENT_MARKET_DATA,REJECTED,True,False,PROVISIONAL_PRIMARY_ONLY,PROVISIONAL_LOW,NOT_AVAILABLE,NEEDS_MANUAL_BCTC_REVIEW,"[""capex"", ""cfo"", ""equity"", ""gross_profit"", ""last_close"", ""last_price_date"", ""net_income"", ""revenue"", ""total_assets"", ""total_liabilities""]","[""Primary market data missing or incomplete.""]",Primary market data missing or incomplete.,,,3460.0,,3460.0,,,,PARTIAL_PROVISIONAL_DATA,provisional_structured,,,,,,,,,
BSA,Công ty Cổ phần Thủy điện Buôn Đôn,BLOCKED_INSUFFICIENT_MARKET_DATA,REJECTED,True,False,PROVISIONAL_PRIMARY_ONLY,PROVISIONAL_LOW,NOT_AVAILABLE,NEEDS_MANUAL_BCTC_REVIEW,"[""capex"", ""cfo"", ""equity"", ""gross_profit"", ""last_close"", ""last_price_date"", ""net_income"", ""revenue"", ""total_assets"", ""total_liabilities""]","[""Primary market data missing or incomplete.""]",Primary market data missing or incomplete.,,,7210.0,,7210.0,,,,PARTIAL_PROVISIONAL_DATA,provisional_structured,,,,,,,,,
BSC,Công ty Cổ phần Dịch vụ Bến Thành,BLOCKED_INSUFFICIENT_MARKET_DATA,REJECTED,True,False,PROVISIONAL_PRIMARY_ONLY,PROVISIONAL_LOW,NOT_AVAILABLE,NEEDS_MANUAL_BCTC_REVIEW,"[""capex"", ""cfo"", ""equity"", ""gross_profit"", ""last_close"", ""last_price_date"", ""net_income"", ""revenue"", ""total_assets"", ""total_liabilities""]","[""Primary market data missing or incomplete.""]",Primary market data missing or incomplete.,,,110.0,,110.0,,,,PARTIAL_PROVISIONAL_DATA,provisional_structured,,,,,,,,,
BSD,"Công ty Cổ phần Bia, Rượu Sài Gòn - Đồng Xuân",BLOCKED_INSUFFICIENT_MARKET_DATA,REJECTED,True,False,PROVISIONAL_PRIMARY_ONLY,PROVISIONAL_LOW,NOT_AVAILABLE,NEEDS_MANUAL_BCTC_REVIEW,"[""avg_volume_20d"", ""capex"", ""cfo"", ""equity"", ""gross_profit"", ""last_close"", ""last_price_date"", ""net_income"", ""revenue"", ""total_assets"", ""total_liabilities""]","[""Primary market data missing or incomplete.""]",Primary market data missing or incomplete.,,,,,,,,,INSUFFICIENT_DATA,provisional_structured,,,,,,,,,
BSG,Công ty Cổ phần Xe khách Sài Gòn,BLOCKED_INSUFFICIENT_MARKET_DATA,REJECTED,True,False,PROVISIONAL_PRIMARY_ONLY,PROVISIONAL_LOW,NOT_AVAILABLE,NEEDS_MANUAL_BCTC_REVIEW,"[""capex"", ""cfo"", ""equity"", ""gross_profit"", ""last_close"", ""last_price_date"", ""net_income"", ""revenue"", ""total_assets"", ""total_liabilities""]","[""Primary market data missing or incomplete.""]",Primary market data missing or incomplete.,,,400.0,,400.0,,,,PARTIAL_PROVISIONAL_DATA,provisional_structured,,,,,,,,,
BSH,Công ty Cổ phần Bia Sài Gòn - Hà Nội,BLOCKED_INSUFFICIENT_MARKET_DATA,REJECTED,True,False,PROVISIONAL_PRIMARY_ONLY,PROVISIONAL_LOW,NOT_AVAILABLE,NEEDS_MANUAL_BCTC_REVIEW,"[""capex"", ""cfo"", ""equity"", ""gross_profit"", ""last_close"", ""last_price_date"", ""net_income"", ""revenue"", ""total_assets"", ""total_liabilities""]","[""Primary market data missing or incomplete.""]",Primary market data missing or incomplete.,,,730.0,,730.0,,,,PARTIAL_PROVISIONAL_DATA,provisional_structured,,,,,,,,,
BSI,Công ty Cổ phần Chứng khoán BIDV,BLOCKED_INSUFFICIENT_MARKET_DATA,REJECTED,True,False,PROVISIONAL_PRIMARY_ONLY,PROVISIONAL_LOW,NOT_AVAILABLE,NEEDS_MANUAL_BCTC_REVIEW,"[""capex"", ""cfo"", ""equity"", ""gross_profit"", ""last_price_date"", ""net_income"", ""revenue"", ""total_assets"", ""total_liabilities""]","[""Primary market data missing or incomplete.""]",Primary market data missing or incomplete.,,35.45,227460.0,,227460.0,8063457.0,,,PARTIAL_PROVISIONAL_DATA,provisional_structured,,,,,,,,,
BSL,Công ty Cổ phần Bia Sài Gòn - Sông Lam,BLOCKED_INSUFFICIENT_MARKET_DATA,REJECTED,True,False,PROVISIONAL_PRIMARY_ONLY,PROVISIONAL_LOW,NOT_AVAILABLE,NEEDS_MANUAL_BCTC_REVIEW,"[""capex"", ""cfo"", ""equity"", ""gross_profit"", ""last_close"", ""last_price_date"", ""net_income"", ""revenue"", ""total_assets"", ""total_liabilities""]","[""Primary market data missing or incomplete.""]",Primary market data missing or incomplete.,,,3830.0,,3830.0,,,,PARTIAL_PROVISIONAL_DATA,provisional_structured,,,,,,,,,
BSP,Công ty Cổ phần Bia Sài Gòn - Phú Thọ,BLOCKED_INSUFFICIENT_MARKET_DATA,REJECTED,True,False,PROVISIONAL_PRIMARY_ONLY,PROVISIONAL_LOW,NOT_AVAILABLE,NEEDS_MANUAL_BCTC_REVIEW,"[""capex"", ""cfo"", ""equity"", ""gross_profit"", ""last_close"", ""last_price_date"", ""net_income"", ""revenue"", ""total_assets"", ""total_liabilities""]","[""Primary market data missing or incomplete.""]",Primary market data missing or incomplete.,,,480.0,,480.0,,,,PARTIAL_PROVISIONAL_DATA,provisional_structured,,,,,,,,,
BSQ,Công ty Cổ phần Bia Sài Gòn - Quảng Ngãi,BLOCKED_INSUFFICIENT_MARKET_DATA,REJECTED,True,False,PROVISIONAL_PRIMARY_ONLY,PROVISIONAL_LOW,NOT_AVAILABLE,NEEDS_MANUAL_BCTC_REVIEW,"[""capex"", ""cfo"", ""equity"", ""gross_profit"", ""last_close"", ""last_price_date"", ""net_income"", ""revenue"", ""total_assets"", ""total_liabilities""]","[""Primary market data missing or incomplete.""]",Primary market data missing or incomplete.,,,370.0,,370.0,,,,PARTIAL_PROVISIONAL_DATA,provisional_structured,,,,,,,,,
BSR,Công ty Cổ phần - Tổng Công ty Lọc Hoá dầu Việt Nam,BLOCKED_INSUFFICIENT_MARKET_DATA,REJECTED,True,False,PROVISIONAL_PRIMARY_ONLY,PROVISIONAL_LOW,NOT_AVAILABLE,NEEDS_MANUAL_BCTC_REVIEW,"[""capex"", ""cfo"", ""equity"", ""gross_profit"", ""last_close"", ""last_price_date"", ""net_income"", ""revenue"", ""total_assets"", ""total_liabilities""]","[""Primary market data missing or incomplete.""]",Primary market data missing or incomplete.,,,19037580.0,,19037580.0,,,,PARTIAL_PROVISIONAL_DATA,provisional_structured,,,,,,,,,
BST,Công ty Cổ phần Sách và Thiết bị Bình Thuận,BLOCKED_INSUFFICIENT_MARKET_DATA,REJECTED,True,False,PROVISIONAL_PRIMARY_ONLY,PROVISIONAL_LOW,NOT_AVAILABLE,NEEDS_MANUAL_BCTC_REVIEW,"[""capex"", ""cfo"", ""equity"", ""gross_profit"", ""last_close"", ""last_price_date"", ""net_income"", ""revenue"", ""total_assets"", ""total_liabilities""]","[""Primary market data missing or incomplete.""]",Primary market data missing or incomplete.,,,1830.0,,1830.0,,,,PARTIAL_PROVISIONAL_DATA,provisional_structured,,,,,,,,,
BT1,Công ty Cổ phần Bảo vệ thực vật 1 Trung ương,BLOCKED_INSUFFICIENT_MARKET_DATA,REJECTED,True,False,PROVISIONAL_PRIMARY_ONLY,PROVISIONAL_LOW,NOT_AVAILABLE,NEEDS_MANUAL_BCTC_REVIEW,"[""capex"", ""cfo"", ""equity"", ""gross_profit"", ""last_close"", ""last_price_date"", ""net_income"", ""revenue"", ""total_assets"", ""total_liabilities""]","[""Primary market data missing or incomplete.""]",Primary market data missing or incomplete.,,,270.0,,270.0,,,,PARTIAL_PROVISIONAL_DATA,provisional_structured,,,,,,,,,
BT6,Công ty Cổ phần BETON 6,BLOCKED_INSUFFICIENT_MARKET_DATA,REJECTED,True,False,PROVISIONAL_PRIMARY_ONLY,PROVISIONAL_LOW,NOT_AVAILABLE,NEEDS_MANUAL_BCTC_REVIEW,"[""avg_volume_20d"", ""capex"", ""cfo"", ""equity"", ""gross_profit"", ""last_close"", ""last_price_date"", ""net_income"", ""revenue"", ""total_assets"", ""total_liabilities""]","[""Primary market data missing or incomplete.""]",Primary market data missing or incomplete.,,,,,,,,,INSUFFICIENT_DATA,provisional_structured,,,,,,,,,
BTB,Công ty Cổ phần Bia Hà Nội - Thái Bình,BLOCKED_INSUFFICIENT_MARKET_DATA,REJECTED,True,False,PROVISIONAL_PRIMARY_ONLY,PROVISIONAL_LOW,NOT_AVAILABLE,NEEDS_MANUAL_BCTC_REVIEW,"[""capex"", ""cfo"", ""equity"", ""gross_profit"", ""last_close"", ""last_price_date"", ""net_income"", ""revenue"", ""total_assets"", ""total_liabilities""]","[""Primary market data missing or incomplete.""]",Primary market data missing or incomplete.,,,30.0,,30.0,,,,PARTIAL_PROVISIONAL_DATA,provisional_structured,,,,,,,,,
BTC,Công ty Cổ phần Cơ khí và Xây dựng Bình Triệu,BLOCKED_INSUFFICIENT_MARKET_DATA,REJECTED,True,False,PROVISIONAL_PRIMARY_ONLY,PROVISIONAL_LOW,NOT_AVAILABLE,NEEDS_MANUAL_BCTC_REVIEW,"[""avg_volume_20d"", ""capex"", ""cfo"", ""equity"", ""gross_profit"", ""last_close"", ""last_price_date"", ""net_income"", ""revenue"", ""total_assets"", ""total_liabilities""]","[""Primary market data missing or incomplete.""]",Primary market data missing or incomplete.,,,,,,,,,CACHE_MISSING,provisional_structured,,,,,,,,,
BTD,Công ty Cổ phần Bê tông ly tâm Thủ Đức,BLOCKED_INSUFFICIENT_MARKET_DATA,REJECTED,True,False,PROVISIONAL_PRIMARY_ONLY,PROVISIONAL_LOW,NOT_AVAILABLE,NEEDS_MANUAL_BCTC_REVIEW,"[""capex"", ""cfo"", ""equity"", ""gross_profit"", ""last_close"", ""last_price_date"", ""net_income"", ""revenue"", ""total_assets"", ""total_liabilities""]","[""Primary market data missing or incomplete.""]",Primary market data missing or incomplete.,,,430.0,,430.0,,,,PARTIAL_PROVISIONAL_DATA,provisional_structured,,,,,,,,,
BTG,Công ty Cổ phần Bao bì Tiền Giang,BLOCKED_INSUFFICIENT_MARKET_DATA,REJECTED,True,False,PROVISIONAL_PRIMARY_ONLY,PROVISIONAL_LOW,NOT_AVAILABLE,NEEDS_MANUAL_BCTC_REVIEW,"[""avg_volume_20d"", ""capex"", ""cfo"", ""equity"", ""gross_profit"", ""last_close"", ""last_price_date"", ""net_income"", ""revenue"", ""total_assets"", ""total_liabilities""]","[""Primary market data missing or incomplete.""]",Primary market data missing or incomplete.,,,,,,,,,INSUFFICIENT_DATA,provisional_structured,,,,,,,,,
BTH,Công ty Cổ phần Chế tạo Biến thế và Vật liệu Điện Hà Nội,BLOCKED_INSUFFICIENT_MARKET_DATA,REJECTED,True,False,PROVISIONAL_PRIMARY_ONLY,PROVISIONAL_LOW,NOT_AVAILABLE,NEEDS_MANUAL_BCTC_REVIEW,"[""capex"", ""cfo"", ""equity"", ""gross_profit"", ""last_close"", ""last_price_date"", ""net_income"", ""revenue"", ""total_assets"", ""total_liabilities""]","[""Primary market data missing or incomplete.""]",Primary market data missing or incomplete.,,,4360.0,,4360.0,,,,PARTIAL_PROVISIONAL_DATA,provisional_structured,,,,,,,,,
BTN,Công ty Cổ phần Đầu tư Bitco Bình Định,BLOCKED_INSUFFICIENT_MARKET_DATA,REJECTED,True,False,PROVISIONAL_PRIMARY_ONLY,PROVISIONAL_LOW,NOT_AVAILABLE,NEEDS_MANUAL_BCTC_REVIEW,"[""capex"", ""cfo"", ""equity"", ""gross_profit"", ""last_close"", ""last_price_date"", ""net_income"", ""revenue"", ""total_assets"", ""total_liabilities""]","[""Primary market data missing or incomplete.""]",Primary market data missing or incomplete.,,,90.0,,90.0,,,,PARTIAL_PROVISIONAL_DATA,provisional_structured,,,,,,,,,
BTP,Công ty Cổ phần Nhiệt điện Bà Rịa,BLOCKED_INSUFFICIENT_MARKET_DATA,REJECTED,True,False,PROVISIONAL_PRIMARY_ONLY,PROVISIONAL_LOW,NOT_AVAILABLE,NEEDS_MANUAL_BCTC_REVIEW,"[""capex"", ""cfo"", ""equity"", ""gross_profit"", ""last_close"", ""last_price_date"", ""net_income"", ""revenue"", ""total_assets"", ""total_liabilities""]","[""Primary market data missing or incomplete.""]",Primary market data missing or incomplete.,,,29530.0,,29530.0,,,,PARTIAL_PROVISIONAL_DATA,provisional_structured,,,,,,,,,
BTR,CTCP Đường sắt Bình Trị Thiên,BLOCKED_INSUFFICIENT_MARKET_DATA,REJECTED,True,False,PROVISIONAL_PRIMARY_ONLY,PROVISIONAL_LOW,NOT_AVAILABLE,NEEDS_MANUAL_BCTC_REVIEW,"[""avg_volume_20d"", ""capex"", ""cfo"", ""equity"", ""gross_profit"", ""last_close"", ""last_price_date"", ""net_income"", ""revenue"", ""total_assets"", ""total_liabilities""]","[""Primary market data missing or incomplete.""]",Primary market data missing or incomplete.,,,,,,,,,CACHE_MISSING,provisional_structured,,,,,,,,,
BTS,Công ty Cổ phần Xi măng VICEM Bút Sơn,BLOCKED_INSUFFICIENT_MARKET_DATA,REJECTED,True,False,PROVISIONAL_PRIMARY_ONLY,PROVISIONAL_LOW,NOT_AVAILABLE,NEEDS_MANUAL_BCTC_REVIEW,"[""capex"", ""cfo"", ""equity"", ""gross_profit"", ""last_close"", ""last_price_date"", ""net_income"", ""revenue"", ""total_assets"", ""total_liabilities""]","[""Primary market data missing or incomplete.""]",Primary market data missing or incomplete.,,,5020.0,,5020.0,,,,PARTIAL_PROVISIONAL_DATA,provisional_structured,,,,,,,,,
BTT,Công ty Cổ phần Thương mại - Dịch vụ Bến Thành,BLOCKED_INSUFFICIENT_MARKET_DATA,REJECTED,True,False,PROVISIONAL_PRIMARY_ONLY,PROVISIONAL_LOW,NOT_AVAILABLE,NEEDS_MANUAL_BCTC_REVIEW,"[""capex"", ""cfo"", ""equity"", ""gross_profit"", ""last_close"", ""last_price_date"", ""net_income"", ""revenue"", ""total_assets"", ""total_liabilities""]","[""Primary market data missing or incomplete.""]",Primary market data missing or incomplete.,,,100.0,,100.0,,,,PARTIAL_PROVISIONAL_DATA,provisional_structured,,,,,,,,,
BTU,Công ty Cổ phần Công trình Đô thị Bến Tre,BLOCKED_INSUFFICIENT_MARKET_DATA,REJECTED,True,False,PROVISIONAL_PRIMARY_ONLY,PROVISIONAL_LOW,NOT_AVAILABLE,NEEDS_MANUAL_BCTC_REVIEW,"[""capex"", ""cfo"", ""equity"", ""gross_profit"", ""last_close"", ""last_price_date"", ""net_income"", ""revenue"", ""total_assets"", ""total_liabilities""]","[""Primary market data missing or incomplete.""]",Primary market data missing or incomplete.,,,900.0,,900.0,,,,PARTIAL_PROVISIONAL_DATA,provisional_structured,,,,,,,,,
BTV,Công ty Cổ phần Dịch vụ Du lịch Bến Thành,BLOCKED_INSUFFICIENT_MARKET_DATA,REJECTED,True,False,PROVISIONAL_PRIMARY_ONLY,PROVISIONAL_LOW,NOT_AVAILABLE,NEEDS_MANUAL_BCTC_REVIEW,"[""capex"", ""cfo"", ""equity"", ""gross_profit"", ""last_close"", ""last_price_date"", ""net_income"", ""revenue"", ""total_assets"", ""total_liabilities""]","[""Primary market data missing or incomplete.""]",Primary market data missing or incomplete.,,,590.0,,590.0,,,,PARTIAL_PROVISIONAL_DATA,provisional_structured,,,,,,,,,
BTW,Công ty Cổ phần Cấp nước Bến Thành,BLOCKED_INSUFFICIENT_MARKET_DATA,REJECTED,True,False,PROVISIONAL_PRIMARY_ONLY,PROVISIONAL_LOW,NOT_AVAILABLE,NEEDS_MANUAL_BCTC_REVIEW,"[""capex"", ""cfo"", ""equity"", ""gross_profit"", ""last_close"", ""last_price_date"", ""net_income"", ""revenue"", ""total_assets"", ""total_liabilities""]","[""Primary market data missing or incomplete.""]",Primary market data missing or incomplete.,,,20.0,,20.0,,,,PARTIAL_PROVISIONAL_DATA,provisional_structured,,,,,,,,,
BUD,Công ty Cổ phần Khoa học Công nghệ Việt Nam,BLOCKED_INSUFFICIENT_MARKET_DATA,REJECTED,True,False,PROVISIONAL_PRIMARY_ONLY,PROVISIONAL_LOW,NOT_AVAILABLE,NEEDS_MANUAL_BCTC_REVIEW,"[""capex"", ""cfo"", ""equity"", ""gross_profit"", ""last_close"", ""last_price_date"", ""net_income"", ""revenue"", ""total_assets"", ""total_liabilities""]","[""Primary market data missing or incomplete.""]",Primary market data missing or incomplete.,,,2970.0,,2970.0,,,,PARTIAL_PROVISIONAL_DATA,provisional_structured,,,,,,,,,
BVB,Ngân hàng Thương mại Cổ phần Bản Việt,BLOCKED_INSUFFICIENT_MARKET_DATA,REJECTED,True,False,PROVISIONAL_PRIMARY_ONLY,PROVISIONAL_LOW,NOT_AVAILABLE,NEEDS_MANUAL_BCTC_REVIEW,"[""capex"", ""cfo"", ""equity"", ""gross_profit"", ""last_close"", ""last_price_date"", ""net_income"", ""revenue"", ""total_assets"", ""total_liabilities""]","[""Primary market data missing or incomplete.""]",Primary market data missing or incomplete.,,,1092270.0,,1092270.0,,,,PARTIAL_PROVISIONAL_DATA,provisional_structured,,,,,,,,,
BVG,Công ty Cổ phần Group Bắc Việt,BLOCKED_INSUFFICIENT_MARKET_DATA,REJECTED,True,False,PROVISIONAL_PRIMARY_ONLY,PROVISIONAL_LOW,NOT_AVAILABLE,NEEDS_MANUAL_BCTC_REVIEW,"[""capex"", ""cfo"", ""equity"", ""gross_profit"", ""last_close"", ""last_price_date"", ""net_income"", ""revenue"", ""total_assets"", ""total_liabilities""]","[""Primary market data missing or incomplete.""]",Primary market data missing or incomplete.,,,39753.0,,39753.0,,,,PARTIAL_PROVISIONAL_DATA,provisional_structured,,,,,,,,,
BVH,Tập đoàn Bảo Việt,BLOCKED_INSUFFICIENT_MARKET_DATA,REJECTED,True,False,PROVISIONAL_PRIMARY_ONLY,PROVISIONAL_LOW,NOT_AVAILABLE,NEEDS_MANUAL_BCTC_REVIEW,"[""capex"", ""cfo"", ""equity"", ""gross_profit"", ""last_close"", ""last_price_date"", ""net_income"", ""revenue"", ""total_assets"", ""total_liabilities""]","[""Primary market data missing or incomplete.""]",Primary market data missing or incomplete.,,,834040.0,,834040.0,,,,PARTIAL_PROVISIONAL_DATA,provisional_structured,,,,,,,,,
BVL,Công ty Cổ phần BV Land,BLOCKED_INSUFFICIENT_MARKET_DATA,REJECTED,True,False,PROVISIONAL_PRIMARY_ONLY,PROVISIONAL_LOW,NOT_AVAILABLE,NEEDS_MANUAL_BCTC_REVIEW,"[""capex"", ""cfo"", ""equity"", ""gross_profit"", ""last_close"", ""last_price_date"", ""net_income"", ""revenue"", ""total_assets"", ""total_liabilities""]","[""Primary market data missing or incomplete.""]",Primary market data missing or incomplete.,,,440.0,,440.0,,,,PARTIAL_PROVISIONAL_DATA,provisional_structured,,,,,,,,,
BVN,Công ty Cổ phần Bông Việt Nam,BLOCKED_INSUFFICIENT_MARKET_DATA,REJECTED,True,False,PROVISIONAL_PRIMARY_ONLY,PROVISIONAL_LOW,NOT_AVAILABLE,NEEDS_MANUAL_BCTC_REVIEW,"[""capex"", ""cfo"", ""equity"", ""gross_profit"", ""last_close"", ""last_price_date"", ""net_income"", ""revenue"", ""total_assets"", ""total_liabilities""]","[""Primary market data missing or incomplete.""]",Primary market data missing or incomplete.,,,20.0,,20.0,,,,PARTIAL_PROVISIONAL_DATA,provisional_structured,,,,,,,,,
BVS,Công ty Cổ phần Chứng khoán Bảo Việt,BLOCKED_INSUFFICIENT_MARKET_DATA,REJECTED,True,False,PROVISIONAL_PRIMARY_ONLY,PROVISIONAL_LOW,NOT_AVAILABLE,NEEDS_MANUAL_BCTC_REVIEW,"[""capex"", ""cfo"", ""equity"", ""gross_profit"", ""last_close"", ""last_price_date"", ""net_income"", ""revenue"", ""total_assets"", ""total_liabilities""]","[""Primary market data missing or incomplete.""]",Primary market data missing or incomplete.,,,148170.0,,148170.0,,,,PARTIAL_PROVISIONAL_DATA,provisional_structured,,,,,,,,,
BWA,Công ty Cổ phần Cấp thoát nước và Xây dựng Bảo Lộc,BLOCKED_INSUFFICIENT_MARKET_DATA,REJECTED,True,False,PROVISIONAL_PRIMARY_ONLY,PROVISIONAL_LOW,NOT_AVAILABLE,NEEDS_MANUAL_BCTC_REVIEW,"[""avg_volume_20d"", ""capex"", ""cfo"", ""equity"", ""gross_profit"", ""last_close"", ""last_price_date"", ""net_income"", ""revenue"", ""total_assets"", ""total_liabilities""]","[""Primary market data missing or incomplete.""]",Primary market data missing or incomplete.,,,,,,,,,INSUFFICIENT_DATA,provisional_structured,,,,,,,,,
BWE,Công ty Cổ phần - Tổng công ty Nước - Môi trường Bình Dương,BLOCKED_INSUFFICIENT_MARKET_DATA,REJECTED,True,False,PROVISIONAL_PRIMARY_ONLY,PROVISIONAL_LOW,NOT_AVAILABLE,NEEDS_MANUAL_BCTC_REVIEW,"[""capex"", ""cfo"", ""equity"", ""gross_profit"", ""last_close"", ""last_price_date"", ""net_income"", ""revenue"", ""total_assets"", ""total_liabilities""]","[""Primary market data missing or incomplete.""]",Primary market data missing or incomplete.,,,129860.0,,129860.0,,,,PARTIAL_PROVISIONAL_DATA,provisional_structured,,,,,,,,,
BWS,Công ty Cổ phần Cấp Nước Bà Rịa - Vũng Tàu,BLOCKED_INSUFFICIENT_MARKET_DATA,REJECTED,True,False,PROVISIONAL_PRIMARY_ONLY,PROVISIONAL_LOW,NOT_AVAILABLE,NEEDS_MANUAL_BCTC_REVIEW,"[""capex"", ""cfo"", ""equity"", ""gross_profit"", ""last_close"", ""last_price_date"", ""net_income"", ""revenue"", ""total_assets"", ""total_liabilities""]","[""Primary market data missing or incomplete.""]",Primary market data missing or incomplete.,,,5000.0,,5000.0,,,,PARTIAL_PROVISIONAL_DATA,provisional_structured,,,,,,,,,
BXD,Công ty Cổ phần Vận tải và Quản lý Bến xe Đà Nẵng,BLOCKED_INSUFFICIENT_MARKET_DATA,REJECTED,True,False,PROVISIONAL_PRIMARY_ONLY,PROVISIONAL_LOW,NOT_AVAILABLE,NEEDS_MANUAL_BCTC_REVIEW,"[""avg_volume_20d"", ""capex"", ""cfo"", ""equity"", ""gross_profit"", ""last_close"", ""last_price_date"", ""net_income"", ""revenue"", ""total_assets"", ""total_liabilities""]","[""Primary market data missing or incomplete.""]",Primary market data missing or incomplete.,,,,,,,,,CACHE_MISSING,provisional_structured,,,,,,,,,
BXH,Công ty Cổ phần VICEM Bao bì Hải Phòng,BLOCKED_INSUFFICIENT_MARKET_DATA,REJECTED,True,False,PROVISIONAL_PRIMARY_ONLY,PROVISIONAL_LOW,NOT_AVAILABLE,NEEDS_MANUAL_BCTC_REVIEW,"[""capex"", ""cfo"", ""equity"", ""gross_profit"", ""last_price_date"", ""net_income"", ""revenue"", ""total_assets"", ""total_liabilities""]","[""Primary market data missing or incomplete.""]",Primary market data missing or incomplete.,,16.0,2690.0,,2690.0,43040.0,,,PARTIAL_PROVISIONAL_DATA,provisional_structured,,,,,,,,,
BXT,Công ty Cổ phần Bến xe tàu Hậu Giang,BLOCKED_INSUFFICIENT_MARKET_DATA,REJECTED,True,False,PROVISIONAL_PRIMARY_ONLY,PROVISIONAL_LOW,NOT_AVAILABLE,NEEDS_MANUAL_BCTC_REVIEW,"[""avg_volume_20d"", ""capex"", ""cfo"", ""equity"", ""gross_profit"", ""last_close"", ""last_price_date"", ""net_income"", ""revenue"", ""total_assets"", ""total_liabilities""]","[""Primary market data missing or incomplete.""]",Primary market data missing or incomplete.,,,,,,,,,INSUFFICIENT_DATA,provisional_structured,,,,,,,,,
C12,Công ty Cổ phần Cầu 12,BLOCKED_INSUFFICIENT_MARKET_DATA,REJECTED,True,False,PROVISIONAL_PRIMARY_ONLY,PROVISIONAL_LOW,NOT_AVAILABLE,NEEDS_MANUAL_BCTC_REVIEW,"[""avg_volume_20d"", ""capex"", ""cfo"", ""equity"", ""gross_profit"", ""last_close"", ""last_price_date"", ""net_income"", ""revenue"", ""total_assets"", ""total_liabilities""]","[""Primary market data missing or incomplete.""]",Primary market data missing or incomplete.,,,,,,,,,INSUFFICIENT_DATA,provisional_structured,,,,,,,,,
C21,Công ty Cổ phần Thế kỷ 21,BLOCKED_INSUFFICIENT_MARKET_DATA,REJECTED,True,False,PROVISIONAL_PRIMARY_ONLY,PROVISIONAL_LOW,NOT_AVAILABLE,NEEDS_MANUAL_BCTC_REVIEW,"[""capex"", ""cfo"", ""equity"", ""gross_profit"", ""last_close"", ""last_price_date"", ""net_income"", ""revenue"", ""total_assets"", ""total_liabilities""]","[""Primary market data missing or incomplete.""]",Primary market data missing or incomplete.,,,600.0,,600.0,,,,PARTIAL_PROVISIONAL_DATA,provisional_structured,,,,,,,,,
C22,Công ty Cổ phần 22,BLOCKED_INSUFFICIENT_MARKET_DATA,REJECTED,True,False,PROVISIONAL_PRIMARY_ONLY,PROVISIONAL_LOW,NOT_AVAILABLE,NEEDS_MANUAL_BCTC_REVIEW,"[""capex"", ""cfo"", ""equity"", ""gross_profit"", ""last_close"", ""last_price_date"", ""net_income"", ""revenue"", ""total_assets"", ""total_liabilities""]","[""Primary market data missing or incomplete.""]",Primary market data missing or incomplete.,,,30.0,,30.0,,,,PARTIAL_PROVISIONAL_DATA,provisional_structured,,,,,,,,,
C32,Công ty Cổ phần Đầu tư và Xây dựng 3-2,BLOCKED_INSUFFICIENT_MARKET_DATA,REJECTED,True,False,PROVISIONAL_PRIMARY_ONLY,PROVISIONAL_LOW,NOT_AVAILABLE,NEEDS_MANUAL_BCTC_REVIEW,"[""capex"", ""cfo"", ""equity"", ""gross_profit"", ""last_close"", ""last_price_date"", ""net_income"", ""revenue"", ""total_assets"", ""total_liabilities""]","[""Primary market data missing or incomplete.""]",Primary market data missing or incomplete.,,,14230.0,,14230.0,,,,PARTIAL_PROVISIONAL_DATA,provisional_structured,,,,,,,,,
C36,Công ty Cổ phần Quản lý và Xây dựng công trình giao thông 236,BLOCKED_INSUFFICIENT_MARKET_DATA,REJECTED,True,False,PROVISIONAL_PRIMARY_ONLY,PROVISIONAL_LOW,NOT_AVAILABLE,NEEDS_MANUAL_BCTC_REVIEW,"[""avg_volume_20d"", ""capex"", ""cfo"", ""equity"", ""gross_profit"", ""last_close"", ""last_price_date"", ""net_income"", ""revenue"", ""total_assets"", ""total_liabilities""]","[""Primary market data missing or incomplete.""]",Primary market data missing or incomplete.,,,,,,,,,CACHE_MISSING,provisional_structured,,,,,,,,,
C47,Công ty Cổ phần Xây dựng 47,BLOCKED_INSUFFICIENT_MARKET_DATA,REJECTED,True,False,PROVISIONAL_PRIMARY_ONLY,PROVISIONAL_LOW,NOT_AVAILABLE,NEEDS_MANUAL_BCTC_REVIEW,"[""capex"", ""cfo"", ""equity"", ""gross_profit"", ""last_close"", ""last_price_date"", ""net_income"", ""revenue"", ""total_assets"", ""total_liabilities""]","[""Primary market data missing or incomplete.""]",Primary market data missing or incomplete.,,,43220.0,,43220.0,,,,PARTIAL_PROVISIONAL_DATA,provisional_structured,,,,,,,,,
C4G,Công ty Cổ phần Tập Đoàn Cienco4,BLOCKED_INSUFFICIENT_MARKET_DATA,REJECTED,True,False,PROVISIONAL_PRIMARY_ONLY,PROVISIONAL_LOW,NOT_AVAILABLE,NEEDS_MANUAL_BCTC_REVIEW,"[""capex"", ""cfo"", ""equity"", ""gross_profit"", ""last_close"", ""last_price_date"", ""net_income"", ""revenue"", ""total_assets"", ""total_liabilities""]","[""Primary market data missing or incomplete.""]",Primary market data missing or incomplete.,,,232100.0,,232100.0,,,,PARTIAL_PROVISIONAL_DATA,provisional_structured,,,,,,,,,
C69,Công ty Cổ phần Xây dựng 1369,BLOCKED_INSUFFICIENT_MARKET_DATA,REJECTED,True,False,PROVISIONAL_PRIMARY_ONLY,PROVISIONAL_LOW,NOT_AVAILABLE,NEEDS_MANUAL_BCTC_REVIEW,"[""capex"", ""cfo"", ""equity"", ""gross_profit"", ""last_close"", ""last_price_date"", ""net_income"", ""revenue"", ""total_assets"", ""total_liabilities""]","[""Primary market data missing or incomplete.""]",Primary market data missing or incomplete.,,,690260.0,,690260.0,,,,PARTIAL_PROVISIONAL_DATA,provisional_structured,,,,,,,,,
C71,Công ty Cổ phần 471,BLOCKED_INSUFFICIENT_MARKET_DATA,REJECTED,True,False,PROVISIONAL_PRIMARY_ONLY,PROVISIONAL_LOW,NOT_AVAILABLE,NEEDS_MANUAL_BCTC_REVIEW,"[""avg_volume_20d"", ""capex"", ""cfo"", ""equity"", ""gross_profit"", ""last_close"", ""last_price_date"", ""net_income"", ""revenue"", ""total_assets"", ""total_liabilities""]","[""Primary market data missing or incomplete.""]",Primary market data missing or incomplete.,,,,,,,,,CACHE_MISSING,provisional_structured,,,,,,,,,
C92,Công ty Cổ phần Xây dựng và Đầu tư 492,BLOCKED_INSUFFICIENT_MARKET_DATA,REJECTED,True,False,PROVISIONAL_PRIMARY_ONLY,PROVISIONAL_LOW,NOT_AVAILABLE,NEEDS_MANUAL_BCTC_REVIEW,"[""capex"", ""cfo"", ""equity"", ""gross_profit"", ""last_close"", ""last_price_date"", ""net_income"", ""revenue"", ""total_assets"", ""total_liabilities""]","[""Primary market data missing or incomplete.""]",Primary market data missing or incomplete.,,,640.0,,640.0,,,,PARTIAL_PROVISIONAL_DATA,provisional_structured,,,,,,,,,
CAB,Công ty Cổ phần Tổng Công ty Truyền hình Cáp Việt Nam,BLOCKED_INSUFFICIENT_MARKET_DATA,REJECTED,True,False,PROVISIONAL_PRIMARY_ONLY,PROVISIONAL_LOW,NOT_AVAILABLE,NEEDS_MANUAL_BCTC_REVIEW,"[""capex"", ""cfo"", ""equity"", ""gross_profit"", ""last_close"", ""last_price_date"", ""net_income"", ""revenue"", ""total_assets"", ""total_liabilities""]","[""Primary market data missing or incomplete.""]",Primary market data missing or incomplete.,,,4775.0,,4775.0,,,,PARTIAL_PROVISIONAL_DATA,provisional_structured,,,,,,,,,
CACB2304,,BLOCKED_INSUFFICIENT_MARKET_DATA,REJECTED,True,False,PROVISIONAL_PRIMARY_ONLY,PROVISIONAL_LOW,NOT_AVAILABLE,NEEDS_MANUAL_BCTC_REVIEW,"[""avg_volume_20d"", ""capex"", ""cfo"", ""equity"", ""gross_profit"", ""last_close"", ""last_price_date"", ""net_income"", ""revenue"", ""total_assets"", ""total_liabilities""]","[""Primary market data missing or incomplete.""]",Primary market data missing or incomplete.,,,,,,,,,CACHE_MISSING,provisional_structured,,,,,,,,,
CACB2305,,BLOCKED_INSUFFICIENT_MARKET_DATA,REJECTED,True,False,PROVISIONAL_PRIMARY_ONLY,PROVISIONAL_LOW,NOT_AVAILABLE,NEEDS_MANUAL_BCTC_REVIEW,"[""avg_volume_20d"", ""capex"", ""cfo"", ""equity"", ""gross_profit"", ""last_close"", ""last_price_date"", ""net_income"", ""revenue"", ""total_assets"", ""total_liabilities""]","[""Primary market data missing or incomplete.""]",Primary market data missing or incomplete.,,,,,,,,,CACHE_MISSING,provisional_structured,,,,,,,,,
CAD,Công ty Cổ phần Chế biến và Xuất khẩu Thủy sản Cadovimex,BLOCKED_INSUFFICIENT_MARKET_DATA,REJECTED,True,False,PROVISIONAL_PRIMARY_ONLY,PROVISIONAL_LOW,NOT_AVAILABLE,NEEDS_MANUAL_BCTC_REVIEW,"[""capex"", ""cfo"", ""equity"", ""gross_profit"", ""last_close"", ""last_price_date"", ""net_income"", ""revenue"", ""total_assets"", ""total_liabilities""]","[""Primary market data missing or incomplete.""]",Primary market data missing or incomplete.,,,4760.0,,4760.0,,,,PARTIAL_PROVISIONAL_DATA,provisional_structured,,,,,,,,,
CAG,Công ty Cổ phần Cảng An Giang,BLOCKED_INSUFFICIENT_MARKET_DATA,REJECTED,True,False,PROVISIONAL_PRIMARY_ONLY,PROVISIONAL_LOW,NOT_AVAILABLE,NEEDS_MANUAL_BCTC_REVIEW,"[""capex"", ""cfo"", ""equity"", ""gross_profit"", ""last_close"", ""last_price_date"", ""net_income"", ""revenue"", ""total_assets"", ""total_liabilities""]","[""Primary market data missing or incomplete.""]",Primary market data missing or incomplete.,,,470.0,,470.0,,,,PARTIAL_PROVISIONAL_DATA,provisional_structured,,,,,,,,,
CAM,Công ty TNHH MTV Môi trường đô thị Cà Mau,BLOCKED_INSUFFICIENT_MARKET_DATA,REJECTED,True,False,PROVISIONAL_PRIMARY_ONLY,PROVISIONAL_LOW,NOT_AVAILABLE,NEEDS_MANUAL_BCTC_REVIEW,"[""avg_volume_20d"", ""capex"", ""cfo"", ""equity"", ""gross_profit"", ""last_close"", ""last_price_date"", ""net_income"", ""revenue"", ""total_assets"", ""total_liabilities""]","[""Primary market data missing or incomplete.""]",Primary market data missing or incomplete.,,,,,,,,,CACHE_MISSING,provisional_structured,,,,,,,,,
CAN,Công ty Cổ phần Đồ hộp Hạ Long,BLOCKED_INSUFFICIENT_MARKET_DATA,REJECTED,True,False,PROVISIONAL_PRIMARY_ONLY,PROVISIONAL_LOW,NOT_AVAILABLE,NEEDS_MANUAL_BCTC_REVIEW,"[""capex"", ""cfo"", ""equity"", ""gross_profit"", ""last_close"", ""last_price_date"", ""net_income"", ""revenue"", ""total_assets"", ""total_liabilities""]","[""Primary market data missing or incomplete.""]",Primary market data missing or incomplete.,,,10.0,,10.0,,,,PARTIAL_PROVISIONAL_DATA,provisional_structured,,,,,,,,,
CAP,Công ty Cổ phần Lâm Nông sản Thực phẩm Yên Bái,BLOCKED_INSUFFICIENT_MARKET_DATA,REJECTED,True,False,PROVISIONAL_PRIMARY_ONLY,PROVISIONAL_LOW,NOT_AVAILABLE,NEEDS_MANUAL_BCTC_REVIEW,"[""capex"", ""cfo"", ""equity"", ""gross_profit"", ""last_close"", ""last_price_date"", ""net_income"", ""revenue"", ""total_assets"", ""total_liabilities""]","[""Primary market data missing or incomplete.""]",Primary market data missing or incomplete.,,,56110.0,,56110.0,,,,PARTIAL_PROVISIONAL_DATA,provisional_structured,,,,,,,,,
CAR,Công ty cổ phần Tập đoàn Giáo dục Trí Việt,BLOCKED_INSUFFICIENT_MARKET_DATA,REJECTED,True,False,PROVISIONAL_PRIMARY_ONLY,PROVISIONAL_LOW,NOT_AVAILABLE,NEEDS_MANUAL_BCTC_REVIEW,"[""capex"", ""cfo"", ""equity"", ""gross_profit"", ""last_close"", ""last_price_date"", ""net_income"", ""revenue"", ""total_assets"", ""total_liabilities""]","[""Primary market data missing or incomplete.""]",Primary market data missing or incomplete.,,,19240.0,,19240.0,,,,PARTIAL_PROVISIONAL_DATA,provisional_structured,,,,,,,,,
CAT,Công ty Cổ phần Thủy sản Cà Mau,BLOCKED_INSUFFICIENT_MARKET_DATA,REJECTED,True,False,PROVISIONAL_PRIMARY_ONLY,PROVISIONAL_LOW,NOT_AVAILABLE,NEEDS_MANUAL_BCTC_REVIEW,"[""capex"", ""cfo"", ""equity"", ""gross_profit"", ""last_close"", ""last_price_date"", ""net_income"", ""revenue"", ""total_assets"", ""total_liabilities""]","[""Primary market data missing or incomplete.""]",Primary market data missing or incomplete.,,,19960.0,,19960.0,,,,PARTIAL_PROVISIONAL_DATA,provisional_structured,,,,,,,,,
CAV,Công ty Cổ Phần Dây cáp điện Việt Nam,BLOCKED_INSUFFICIENT_MARKET_DATA,REJECTED,True,False,PROVISIONAL_PRIMARY_ONLY,PROVISIONAL_LOW,NOT_AVAILABLE,NEEDS_MANUAL_BCTC_REVIEW,"[""capex"", ""cfo"", ""equity"", ""gross_profit"", ""last_close"", ""last_price_date"", ""net_income"", ""revenue"", ""total_assets"", ""total_liabilities""]","[""Primary market data missing or incomplete.""]",Primary market data missing or incomplete.,,,11060.0,,11060.0,,,,PARTIAL_PROVISIONAL_DATA,provisional_structured,,,,,,,,,
CBC,Công ty cổ phần Chè Bàu Cạn,BLOCKED_INSUFFICIENT_MARKET_DATA,REJECTED,True,False,PROVISIONAL_PRIMARY_ONLY,PROVISIONAL_LOW,NOT_AVAILABLE,NEEDS_MANUAL_BCTC_REVIEW,"[""avg_volume_20d"", ""capex"", ""cfo"", ""equity"", ""gross_profit"", ""last_close"", ""last_price_date"", ""net_income"", ""revenue"", ""total_assets"", ""total_liabilities""]","[""Primary market data missing or incomplete.""]",Primary market data missing or incomplete.,,,,,,,,,CACHE_MISSING,provisional_structured,,,,,,,,,
CBI,Công ty Cổ phần Gang thép Cao Bằng,BLOCKED_INSUFFICIENT_MARKET_DATA,REJECTED,True,False,PROVISIONAL_PRIMARY_ONLY,PROVISIONAL_LOW,NOT_AVAILABLE,NEEDS_MANUAL_BCTC_REVIEW,"[""capex"", ""cfo"", ""equity"", ""gross_profit"", ""last_close"", ""last_price_date"", ""net_income"", ""revenue"", ""total_assets"", ""total_liabilities""]","[""Primary market data missing or incomplete.""]",Primary market data missing or incomplete.,,,270.0,,270.0,,,,PARTIAL_PROVISIONAL_DATA,provisional_structured,,,,,,,,,
CBS,Công ty Cổ phần Mía đường Cao Bằng,BLOCKED_INSUFFICIENT_MARKET_DATA,REJECTED,True,False,PROVISIONAL_PRIMARY_ONLY,PROVISIONAL_LOW,NOT_AVAILABLE,NEEDS_MANUAL_BCTC_REVIEW,"[""capex"", ""cfo"", ""equity"", ""gross_profit"", ""last_close"", ""last_price_date"", ""net_income"", ""revenue"", ""total_assets"", ""total_liabilities""]","[""Primary market data missing or incomplete.""]",Primary market data missing or incomplete.,,,1790.0,,1790.0,,,,PARTIAL_PROVISIONAL_DATA,provisional_structured,,,,,,,,,
CC1,Tổng Công ty Xây dựng số 1 - CTCP,BLOCKED_INSUFFICIENT_MARKET_DATA,REJECTED,True,False,PROVISIONAL_PRIMARY_ONLY,PROVISIONAL_LOW,NOT_AVAILABLE,NEEDS_MANUAL_BCTC_REVIEW,"[""capex"", ""cfo"", ""equity"", ""gross_profit"", ""last_close"", ""last_price_date"", ""net_income"", ""revenue"", ""total_assets"", ""total_liabilities""]","[""Primary market data missing or incomplete.""]",Primary market data missing or incomplete.,,,350.0,,350.0,,,,PARTIAL_PROVISIONAL_DATA,provisional_structured,,,,,,,,,
CC4,Công ty Cổ phần Đầu tư và Xây dựng số 4,BLOCKED_INSUFFICIENT_MARKET_DATA,REJECTED,True,False,PROVISIONAL_PRIMARY_ONLY,PROVISIONAL_LOW,NOT_AVAILABLE,NEEDS_MANUAL_BCTC_REVIEW,"[""capex"", ""cfo"", ""equity"", ""gross_profit"", ""last_close"", ""last_price_date"", ""net_income"", ""revenue"", ""total_assets"", ""total_liabilities""]","[""Primary market data missing or incomplete.""]",Primary market data missing or incomplete.,,,1290.0,,1290.0,,,,PARTIAL_PROVISIONAL_DATA,provisional_structured,,,,,,,,,
CCA,Công ty Cổ phần Xuất nhập khẩu Thủy sản Cần Thơ,BLOCKED_INSUFFICIENT_MARKET_DATA,REJECTED,True,False,PROVISIONAL_PRIMARY_ONLY,PROVISIONAL_LOW,NOT_AVAILABLE,NEEDS_MANUAL_BCTC_REVIEW,"[""capex"", ""cfo"", ""equity"", ""gross_profit"", ""last_close"", ""last_price_date"", ""net_income"", ""revenue"", ""total_assets"", ""total_liabilities""]","[""Primary market data missing or incomplete.""]",Primary market data missing or incomplete.,,,1890.0,,1890.0,,,,PARTIAL_PROVISIONAL_DATA,provisional_structured,,,,,,,,,
CCC,Công ty Cổ Phần Xây Dựng CDC,BLOCKED_INSUFFICIENT_MARKET_DATA,REJECTED,True,False,PROVISIONAL_PRIMARY_ONLY,PROVISIONAL_LOW,NOT_AVAILABLE,NEEDS_MANUAL_BCTC_REVIEW,"[""avg_volume_20d"", ""capex"", ""cfo"", ""equity"", ""gross_profit"", ""last_close"", ""last_price_date"", ""net_income"", ""revenue"", ""total_assets"", ""total_liabilities""]","[""Primary market data missing or incomplete.""]",Primary market data missing or incomplete.,,,,,,,,,INSUFFICIENT_DATA,provisional_structured,,,,,,,,,
CCH,Công ty Cổ phần Tư vấn và Đầu tư xây dựng CCIC Hà Nội,BLOCKED_INSUFFICIENT_MARKET_DATA,REJECTED,True,False,PROVISIONAL_PRIMARY_ONLY,PROVISIONAL_LOW,NOT_AVAILABLE,NEEDS_MANUAL_BCTC_REVIEW,"[""avg_volume_20d"", ""capex"", ""cfo"", ""equity"", ""gross_profit"", ""last_close"", ""last_price_date"", ""net_income"", ""revenue"", ""total_assets"", ""total_liabilities""]","[""Primary market data missing or incomplete.""]",Primary market data missing or incomplete.,,,,,,,,,CACHE_MISSING,provisional_structured,,,,,,,,,
CCI,Công ty Cổ phần Đầu tư Phát triển Công nghiệp Thương mại Củ Chi,BLOCKED_INSUFFICIENT_MARKET_DATA,REJECTED,True,False,PROVISIONAL_PRIMARY_ONLY,PROVISIONAL_LOW,NOT_AVAILABLE,NEEDS_MANUAL_BCTC_REVIEW,"[""capex"", ""cfo"", ""equity"", ""gross_profit"", ""last_close"", ""last_price_date"", ""net_income"", ""revenue"", ""total_assets"", ""total_liabilities""]","[""Primary market data missing or incomplete.""]",Primary market data missing or incomplete.,,,430.0,,430.0,,,,PARTIAL_PROVISIONAL_DATA,provisional_structured,,,,,,,,,
CCL,Công ty Cổ phần Đầu tư và Phát triển Đô thị Dầu khí Cửu Long,BLOCKED_INSUFFICIENT_MARKET_DATA,REJECTED,True,False,PROVISIONAL_PRIMARY_ONLY,PROVISIONAL_LOW,NOT_AVAILABLE,NEEDS_MANUAL_BCTC_REVIEW,"[""capex"", ""cfo"", ""equity"", ""gross_profit"", ""last_close"", ""last_price_date"", ""net_income"", ""revenue"", ""total_assets"", ""total_liabilities""]","[""Primary market data missing or incomplete.""]",Primary market data missing or incomplete.,,,87990.0,,87990.0,,,,PARTIAL_PROVISIONAL_DATA,provisional_structured,,,,,,,,,
CCM,Công ty Cổ phần Khoáng sản và Xi măng Cần Thơ,BLOCKED_INSUFFICIENT_MARKET_DATA,REJECTED,True,False,PROVISIONAL_PRIMARY_ONLY,PROVISIONAL_LOW,NOT_AVAILABLE,NEEDS_MANUAL_BCTC_REVIEW,"[""capex"", ""cfo"", ""equity"", ""gross_profit"", ""last_close"", ""last_price_date"", ""net_income"", ""revenue"", ""total_assets"", ""total_liabilities""]","[""Primary market data missing or incomplete.""]",Primary market data missing or incomplete.,,,20.0,,20.0,,,,PARTIAL_PROVISIONAL_DATA,provisional_structured,,,,,,,,,
CCP,Công ty Cổ phần Cảng Cửa Cấm Hải Phòng,BLOCKED_INSUFFICIENT_MARKET_DATA,REJECTED,True,False,PROVISIONAL_PRIMARY_ONLY,PROVISIONAL_LOW,NOT_AVAILABLE,NEEDS_MANUAL_BCTC_REVIEW,"[""capex"", ""cfo"", ""equity"", ""gross_profit"", ""last_close"", ""last_price_date"", ""net_income"", ""revenue"", ""total_assets"", ""total_liabilities""]","[""Primary market data missing or incomplete.""]",Primary market data missing or incomplete.,,,20.0,,20.0,,,,PARTIAL_PROVISIONAL_DATA,provisional_structured,,,,,,,,,
CCR,Công ty Cổ phần Cảng Cam Ranh,BLOCKED_INSUFFICIENT_MARKET_DATA,REJECTED,True,False,PROVISIONAL_PRIMARY_ONLY,PROVISIONAL_LOW,NOT_AVAILABLE,NEEDS_MANUAL_BCTC_REVIEW,"[""capex"", ""cfo"", ""equity"", ""gross_profit"", ""last_close"", ""last_price_date"", ""net_income"", ""revenue"", ""total_assets"", ""total_liabilities""]","[""Primary market data missing or incomplete.""]",Primary market data missing or incomplete.,,,680.0,,680.0,,,,PARTIAL_PROVISIONAL_DATA,provisional_structured,,,,,,,,,
CCS,Công ty Cổ phần Chíp Sáng,BLOCKED_INSUFFICIENT_MARKET_DATA,REJECTED,True,False,PROVISIONAL_PRIMARY_ONLY,PROVISIONAL_LOW,NOT_AVAILABLE,NEEDS_MANUAL_BCTC_REVIEW,"[""avg_volume_20d"", ""capex"", ""cfo"", ""equity"", ""gross_profit"", ""last_close"", ""last_price_date"", ""net_income"", ""revenue"", ""total_assets"", ""total_liabilities""]","[""Primary market data missing or incomplete.""]",Primary market data missing or incomplete.,,,,,,,,,INSUFFICIENT_DATA,provisional_structured,,,,,,,,,
CCT,Công ty Cổ phần Cảng Cần Thơ,BLOCKED_INSUFFICIENT_MARKET_DATA,REJECTED,True,False,PROVISIONAL_PRIMARY_ONLY,PROVISIONAL_LOW,NOT_AVAILABLE,NEEDS_MANUAL_BCTC_REVIEW,"[""avg_volume_20d"", ""capex"", ""cfo"", ""equity"", ""gross_profit"", ""last_close"", ""last_price_date"", ""net_income"", ""revenue"", ""total_assets"", ""total_liabilities""]","[""Primary market data missing or incomplete.""]",Primary market data missing or incomplete.,,,,,,,,,INSUFFICIENT_DATA,provisional_structured,,,,,,,,,
CCV,Công ty Cổ phần Tư vấn Xây dựng Công nghiệp và Đô thị Việt Nam,BLOCKED_INSUFFICIENT_MARKET_DATA,REJECTED,True,False,PROVISIONAL_PRIMARY_ONLY,PROVISIONAL_LOW,NOT_AVAILABLE,NEEDS_MANUAL_BCTC_REVIEW,"[""capex"", ""cfo"", ""equity"", ""gross_profit"", ""last_close"", ""last_price_date"", ""net_income"", ""revenue"", ""total_assets"", ""total_liabilities""]","[""Primary market data missing or incomplete.""]",Primary market data missing or incomplete.,,,90.0,,90.0,,,,PARTIAL_PROVISIONAL_DATA,provisional_structured,,,,,,,,,
CDC,Công ty Cổ phần Chương Dương,BLOCKED_INSUFFICIENT_MARKET_DATA,REJECTED,True,False,PROVISIONAL_PRIMARY_ONLY,PROVISIONAL_LOW,NOT_AVAILABLE,NEEDS_MANUAL_BCTC_REVIEW,"[""capex"", ""cfo"", ""equity"", ""gross_profit"", ""last_close"", ""last_price_date"", ""net_income"", ""revenue"", ""total_assets"", ""total_liabilities""]","[""Primary market data missing or incomplete.""]",Primary market data missing or incomplete.,,,172660.0,,172660.0,,,,PARTIAL_PROVISIONAL_DATA,provisional_structured,,,,,,,,,
CDG,Công ty Cổ phần Cầu Đuống,BLOCKED_INSUFFICIENT_MARKET_DATA,REJECTED,True,False,PROVISIONAL_PRIMARY_ONLY,PROVISIONAL_LOW,NOT_AVAILABLE,NEEDS_MANUAL_BCTC_REVIEW,"[""avg_volume_20d"", ""capex"", ""cfo"", ""equity"", ""gross_profit"", ""last_close"", ""last_price_date"", ""net_income"", ""revenue"", ""total_assets"", ""total_liabilities""]","[""Primary market data missing or incomplete.""]",Primary market data missing or incomplete.,,,,,,,,,INSUFFICIENT_DATA,provisional_structured,,,,,,,,,
CDH,Công ty Cổ phần Công trình Công cộng và Dịch vụ Du lịch Hải Phòng,BLOCKED_INSUFFICIENT_MARKET_DATA,REJECTED,True,False,PROVISIONAL_PRIMARY_ONLY,PROVISIONAL_LOW,NOT_AVAILABLE,NEEDS_MANUAL_BCTC_REVIEW,"[""capex"", ""cfo"", ""equity"", ""gross_profit"", ""last_close"", ""last_price_date"", ""net_income"", ""revenue"", ""total_assets"", ""total_liabilities""]","[""Primary market data missing or incomplete.""]",Primary market data missing or incomplete.,,,1930.0,,1930.0,,,,PARTIAL_PROVISIONAL_DATA,provisional_structured,,,,,,,,,
CDN,Công ty Cổ phần Cảng Đà Nẵng,BLOCKED_INSUFFICIENT_MARKET_DATA,REJECTED,True,False,PROVISIONAL_PRIMARY_ONLY,PROVISIONAL_LOW,NOT_AVAILABLE,NEEDS_MANUAL_BCTC_REVIEW,"[""capex"", ""cfo"", ""equity"", ""gross_profit"", ""last_close"", ""last_price_date"", ""net_income"", ""revenue"", ""total_assets"", ""total_liabilities""]","[""Primary market data missing or incomplete.""]",Primary market data missing or incomplete.,,,8060.0,,8060.0,,,,PARTIAL_PROVISIONAL_DATA,provisional_structured,,,,,,,,,
CDO,Công ty Cổ phần Tư vấn Thiết kế và Phát triển Đô thị,BLOCKED_INSUFFICIENT_MARKET_DATA,REJECTED,True,False,PROVISIONAL_PRIMARY_ONLY,PROVISIONAL_LOW,NOT_AVAILABLE,NEEDS_MANUAL_BCTC_REVIEW,"[""capex"", ""cfo"", ""equity"", ""gross_profit"", ""last_close"", ""last_price_date"", ""net_income"", ""revenue"", ""total_assets"", ""total_liabilities""]","[""Primary market data missing or incomplete.""]",Primary market data missing or incomplete.,,,10370.0,,10370.0,,,,PARTIAL_PROVISIONAL_DATA,provisional_structured,,,,,,,,,
CDP,Công ty Cổ phần Dược phẩm Trung ương Codupha,BLOCKED_INSUFFICIENT_MARKET_DATA,REJECTED,True,False,PROVISIONAL_PRIMARY_ONLY,PROVISIONAL_LOW,NOT_AVAILABLE,NEEDS_MANUAL_BCTC_REVIEW,"[""capex"", ""cfo"", ""equity"", ""gross_profit"", ""last_close"", ""last_price_date"", ""net_income"", ""revenue"", ""total_assets"", ""total_liabilities""]","[""Primary market data missing or incomplete.""]",Primary market data missing or incomplete.,,,2940.0,,2940.0,,,,PARTIAL_PROVISIONAL_DATA,provisional_structured,,,,,,,,,
CDR,Công ty Cổ phần Xây dựng Cao su Đồng Nai,BLOCKED_INSUFFICIENT_MARKET_DATA,REJECTED,True,False,PROVISIONAL_PRIMARY_ONLY,PROVISIONAL_LOW,NOT_AVAILABLE,NEEDS_MANUAL_BCTC_REVIEW,"[""capex"", ""cfo"", ""equity"", ""gross_profit"", ""last_close"", ""last_price_date"", ""net_income"", ""revenue"", ""total_assets"", ""total_liabilities""]","[""Primary market data missing or incomplete.""]",Primary market data missing or incomplete.,,,3290.0,,3290.0,,,,PARTIAL_PROVISIONAL_DATA,provisional_structured,,,,,,,,,
CE1,Công ty Cổ phần Xây dựng và Thiết bị Công nghiệp CIE1,BLOCKED_INSUFFICIENT_MARKET_DATA,REJECTED,True,False,PROVISIONAL_PRIMARY_ONLY,PROVISIONAL_LOW,NOT_AVAILABLE,NEEDS_MANUAL_BCTC_REVIEW,"[""avg_volume_20d"", ""capex"", ""cfo"", ""equity"", ""gross_profit"", ""last_close"", ""last_price_date"", ""net_income"", ""revenue"", ""total_assets"", ""total_liabilities""]","[""Primary market data missing or incomplete.""]",Primary market data missing or incomplete.,,,,,,,,,INSUFFICIENT_DATA,provisional_structured,,,,,,,,,
CEC,Công ty Cổ phần Thiết kế Công nghiệp Hóa chất,BLOCKED_INSUFFICIENT_MARKET_DATA,REJECTED,True,False,PROVISIONAL_PRIMARY_ONLY,PROVISIONAL_LOW,NOT_AVAILABLE,NEEDS_MANUAL_BCTC_REVIEW,"[""avg_volume_20d"", ""capex"", ""cfo"", ""equity"", ""gross_profit"", ""last_close"", ""last_price_date"", ""net_income"", ""revenue"", ""total_assets"", ""total_liabilities""]","[""Primary market data missing or incomplete.""]",Primary market data missing or incomplete.,,,,,,,,,CACHE_MISSING,provisional_structured,,,,,,,,,
CEE,Công ty Cổ phần Xây Dựng Hạ Tầng Cii,BLOCKED_INSUFFICIENT_MARKET_DATA,REJECTED,True,False,PROVISIONAL_PRIMARY_ONLY,PROVISIONAL_LOW,NOT_AVAILABLE,NEEDS_MANUAL_BCTC_REVIEW,"[""capex"", ""cfo"", ""equity"", ""gross_profit"", ""last_close"", ""last_price_date"", ""net_income"", ""revenue"", ""total_assets"", ""total_liabilities""]","[""Primary market data missing or incomplete.""]",Primary market data missing or incomplete.,,,3050.0,,3050.0,,,,PARTIAL_PROVISIONAL_DATA,provisional_structured,,,,,,,,,
CEG,Công ty Cổ phần Tập đoàn Xây dựng và Thiết bị Công nghiệp,BLOCKED_INSUFFICIENT_MARKET_DATA,REJECTED,True,False,PROVISIONAL_PRIMARY_ONLY,PROVISIONAL_LOW,NOT_AVAILABLE,NEEDS_MANUAL_BCTC_REVIEW,"[""avg_volume_20d"", ""capex"", ""cfo"", ""equity"", ""gross_profit"", ""last_close"", ""last_price_date"", ""net_income"", ""revenue"", ""total_assets"", ""total_liabilities""]","[""Primary market data missing or incomplete.""]",Primary market data missing or incomplete.,,,,,,,,,INSUFFICIENT_DATA,provisional_structured,,,,,,,,,
CEN,Công ty Cổ phần CENCON Việt Nam,BLOCKED_INSUFFICIENT_MARKET_DATA,REJECTED,True,False,PROVISIONAL_PRIMARY_ONLY,PROVISIONAL_LOW,NOT_AVAILABLE,NEEDS_MANUAL_BCTC_REVIEW,"[""capex"", ""cfo"", ""equity"", ""gross_profit"", ""last_price_date"", ""net_income"", ""revenue"", ""total_assets"", ""total_liabilities""]","[""Primary market data missing or incomplete.""]",Primary market data missing or incomplete.,,1.8,9900.0,,9900.0,17820.0,,,PARTIAL_PROVISIONAL_DATA,provisional_structured,,,,,,,,,
CEO,Công ty Cổ phần Tập đoàn C.E.O,BLOCKED_INSUFFICIENT_MARKET_DATA,REJECTED,True,False,PROVISIONAL_PRIMARY_ONLY,PROVISIONAL_LOW,NOT_AVAILABLE,NEEDS_MANUAL_BCTC_REVIEW,"[""capex"", ""cfo"", ""equity"", ""gross_profit"", ""last_close"", ""last_price_date"", ""net_income"", ""revenue"", ""total_assets"", ""total_liabilities""]","[""Primary market data missing or incomplete.""]",Primary market data missing or incomplete.,,,11011550.0,,11011550.0,,,,PARTIAL_PROVISIONAL_DATA,provisional_structured,,,,,,,,,
CER,Công ty Cổ phần Địa chính và Tài nguyên Môi trường,BLOCKED_INSUFFICIENT_MARKET_DATA,REJECTED,True,False,PROVISIONAL_PRIMARY_ONLY,PROVISIONAL_LOW,NOT_AVAILABLE,NEEDS_MANUAL_BCTC_REVIEW,"[""avg_volume_20d"", ""capex"", ""cfo"", ""equity"", ""gross_profit"", ""last_close"", ""last_price_date"", ""net_income"", ""revenue"", ""total_assets"", ""total_liabilities""]","[""Primary market data missing or incomplete.""]",Primary market data missing or incomplete.,,,,,,,,,CACHE_MISSING,provisional_structured,,,,,,,,,
CET,Công ty Cổ phần HTC Holding,BLOCKED_INSUFFICIENT_MARKET_DATA,REJECTED,True,False,PROVISIONAL_PRIMARY_ONLY,PROVISIONAL_LOW,NOT_AVAILABLE,NEEDS_MANUAL_BCTC_REVIEW,"[""capex"", ""cfo"", ""equity"", ""gross_profit"", ""last_close"", ""last_price_date"", ""net_income"", ""revenue"", ""total_assets"", ""total_liabilities""]","[""Primary market data missing or incomplete.""]",Primary market data missing or incomplete.,,,320.0,,320.0,,,,PARTIAL_PROVISIONAL_DATA,provisional_structured,,,,,,,,,
CFC,Công ty Cổ phần Cafico Việt Nam,BLOCKED_INSUFFICIENT_MARKET_DATA,REJECTED,True,False,PROVISIONAL_PRIMARY_ONLY,PROVISIONAL_LOW,NOT_AVAILABLE,NEEDS_MANUAL_BCTC_REVIEW,"[""avg_volume_20d"", ""capex"", ""cfo"", ""equity"", ""gross_profit"", ""last_close"", ""last_price_date"", ""net_income"", ""revenue"", ""total_assets"", ""total_liabilities""]","[""Primary market data missing or incomplete.""]",Primary market data missing or incomplete.,,,,,,,,,CACHE_MISSING,provisional_structured,,,,,,,,,
CFM,Công ty Cổ phần Đầu tư CFM,BLOCKED_INSUFFICIENT_MARKET_DATA,REJECTED,True,False,PROVISIONAL_PRIMARY_ONLY,PROVISIONAL_LOW,NOT_AVAILABLE,NEEDS_MANUAL_BCTC_REVIEW,"[""capex"", ""cfo"", ""equity"", ""gross_profit"", ""last_close"", ""last_price_date"", ""net_income"", ""revenue"", ""total_assets"", ""total_liabilities""]","[""Primary market data missing or incomplete.""]",Primary market data missing or incomplete.,,,40.0,,40.0,,,,PARTIAL_PROVISIONAL_DATA,provisional_structured,,,,,,,,,
CFPT2016,,BLOCKED_INSUFFICIENT_MARKET_DATA,REJECTED,True,False,PROVISIONAL_PRIMARY_ONLY,PROVISIONAL_LOW,NOT_AVAILABLE,NEEDS_MANUAL_BCTC_REVIEW,"[""avg_volume_20d"", ""capex"", ""cfo"", ""equity"", ""gross_profit"", ""last_close"", ""last_price_date"", ""net_income"", ""revenue"", ""total_assets"", ""total_liabilities""]","[""Primary market data missing or incomplete.""]",Primary market data missing or incomplete.,,,,,,,,,CACHE_MISSING,provisional_structured,,,,,,,,,
CFPT2101,,BLOCKED_INSUFFICIENT_MARKET_DATA,REJECTED,True,False,PROVISIONAL_PRIMARY_ONLY,PROVISIONAL_LOW,NOT_AVAILABLE,NEEDS_MANUAL_BCTC_REVIEW,"[""avg_volume_20d"", ""capex"", ""cfo"", ""equity"", ""gross_profit"", ""last_close"", ""last_price_date"", ""net_income"", ""revenue"", ""total_assets"", ""total_liabilities""]","[""Primary market data missing or incomplete.""]",Primary market data missing or incomplete.,,,,,,,,,CACHE_MISSING,provisional_structured,,,,,,,,,
CFPT2102,,BLOCKED_INSUFFICIENT_MARKET_DATA,REJECTED,True,False,PROVISIONAL_PRIMARY_ONLY,PROVISIONAL_LOW,NOT_AVAILABLE,NEEDS_MANUAL_BCTC_REVIEW,"[""avg_volume_20d"", ""capex"", ""cfo"", ""equity"", ""gross_profit"", ""last_close"", ""last_price_date"", ""net_income"", ""revenue"", ""total_assets"", ""total_liabilities""]","[""Primary market data missing or incomplete.""]",Primary market data missing or incomplete.,,,,,,,,,CACHE_MISSING,provisional_structured,,,,,,,,,
CFPT2103,,BLOCKED_INSUFFICIENT_MARKET_DATA,REJECTED,True,False,PROVISIONAL_PRIMARY_ONLY,PROVISIONAL_LOW,NOT_AVAILABLE,NEEDS_MANUAL_BCTC_REVIEW,"[""avg_volume_20d"", ""capex"", ""cfo"", ""equity"", ""gross_profit"", ""last_close"", ""last_price_date"", ""net_income"", ""revenue"", ""total_assets"", ""total_liabilities""]","[""Primary market data missing or incomplete.""]",Primary market data missing or incomplete.,,,,,,,,,CACHE_MISSING,provisional_structured,,,,,,,,,
CFPT2104,,BLOCKED_INSUFFICIENT_MARKET_DATA,REJECTED,True,False,PROVISIONAL_PRIMARY_ONLY,PROVISIONAL_LOW,NOT_AVAILABLE,NEEDS_MANUAL_BCTC_REVIEW,"[""avg_volume_20d"", ""capex"", ""cfo"", ""equity"", ""gross_profit"", ""last_close"", ""last_price_date"", ""net_income"", ""revenue"", ""total_assets"", ""total_liabilities""]","[""Primary market data missing or incomplete.""]",Primary market data missing or incomplete.,,,,,,,,,CACHE_MISSING,provisional_structured,,,,,,,,,
CFPT2105,,BLOCKED_INSUFFICIENT_MARKET_DATA,REJECTED,True,False,PROVISIONAL_PRIMARY_ONLY,PROVISIONAL_LOW,NOT_AVAILABLE,NEEDS_MANUAL_BCTC_REVIEW,"[""avg_volume_20d"", ""capex"", ""cfo"", ""equity"", ""gross_profit"", ""last_close"", ""last_price_date"", ""net_income"", ""revenue"", ""total_assets"", ""total_liabilities""]","[""Primary market data missing or incomplete.""]",Primary market data missing or incomplete.,,,,,,,,,CACHE_MISSING,provisional_structured,,,,,,,,,
CFPT2214,,BLOCKED_INSUFFICIENT_MARKET_DATA,REJECTED,True,False,PROVISIONAL_PRIMARY_ONLY,PROVISIONAL_LOW,NOT_AVAILABLE,NEEDS_MANUAL_BCTC_REVIEW,"[""avg_volume_20d"", ""capex"", ""cfo"", ""equity"", ""gross_profit"", ""last_close"", ""last_price_date"", ""net_income"", ""revenue"", ""total_assets"", ""total_liabilities""]","[""Primary market data missing or incomplete.""]",Primary market data missing or incomplete.,,,,,,,,,CACHE_MISSING,provisional_structured,,,,,,,,,
CFPT2303,,BLOCKED_INSUFFICIENT_MARKET_DATA,REJECTED,True,False,PROVISIONAL_PRIMARY_ONLY,PROVISIONAL_LOW,NOT_AVAILABLE,NEEDS_MANUAL_BCTC_REVIEW,"[""avg_volume_20d"", ""capex"", ""cfo"", ""equity"", ""gross_profit"", ""last_close"", ""last_price_date"", ""net_income"", ""revenue"", ""total_assets"", ""total_liabilities""]","[""Primary market data missing or incomplete.""]",Primary market data missing or incomplete.,,,,,,,,,CACHE_MISSING,provisional_structured,,,,,,,,,
CFPT2313,,BLOCKED_INSUFFICIENT_MARKET_DATA,REJECTED,True,False,PROVISIONAL_PRIMARY_ONLY,PROVISIONAL_LOW,NOT_AVAILABLE,NEEDS_MANUAL_BCTC_REVIEW,"[""avg_volume_20d"", ""capex"", ""cfo"", ""equity"", ""gross_profit"", ""last_close"", ""last_price_date"", ""net_income"", ""revenue"", ""total_assets"", ""total_liabilities""]","[""Primary market data missing or incomplete.""]",Primary market data missing or incomplete.,,,,,,,,,CACHE_MISSING,provisional_structured,,,,,,,,,
CFPT2314,,BLOCKED_INSUFFICIENT_MARKET_DATA,REJECTED,True,False,PROVISIONAL_PRIMARY_ONLY,PROVISIONAL_LOW,NOT_AVAILABLE,NEEDS_MANUAL_BCTC_REVIEW,"[""avg_volume_20d"", ""capex"", ""cfo"", ""equity"", ""gross_profit"", ""last_close"", ""last_price_date"", ""net_income"", ""revenue"", ""total_assets"", ""total_liabilities""]","[""Primary market data missing or incomplete.""]",Primary market data missing or incomplete.,,,,,,,,,CACHE_MISSING,provisional_structured,,,,,,,,,
CFV,Công ty Cổ phần Cà phê Thắng Lợi,BLOCKED_INSUFFICIENT_MARKET_DATA,REJECTED,True,False,PROVISIONAL_PRIMARY_ONLY,PROVISIONAL_LOW,NOT_AVAILABLE,NEEDS_MANUAL_BCTC_REVIEW,"[""capex"", ""cfo"", ""equity"", ""gross_profit"", ""last_close"", ""last_price_date"", ""net_income"", ""revenue"", ""total_assets"", ""total_liabilities""]","[""Primary market data missing or incomplete.""]",Primary market data missing or incomplete.,,,830.0,,830.0,,,,PARTIAL_PROVISIONAL_DATA,provisional_structured,,,,,,,,,
CGL,Công ty Cổ phần Thương Mại Gia Lai,BLOCKED_INSUFFICIENT_MARKET_DATA,REJECTED,True,False,PROVISIONAL_PRIMARY_ONLY,PROVISIONAL_LOW,NOT_AVAILABLE,NEEDS_MANUAL_BCTC_REVIEW,"[""avg_volume_20d"", ""capex"", ""cfo"", ""equity"", ""gross_profit"", ""last_close"", ""last_price_date"", ""net_income"", ""revenue"", ""total_assets"", ""total_liabilities""]","[""Primary market data missing or incomplete.""]",Primary market data missing or incomplete.,,,,,,,,,INSUFFICIENT_DATA,provisional_structured,,,,,,,,,
CGP,Công ty cổ phần Dược phẩm Cần Giờ,BLOCKED_INSUFFICIENT_MARKET_DATA,REJECTED,True,False,PROVISIONAL_PRIMARY_ONLY,PROVISIONAL_LOW,NOT_AVAILABLE,NEEDS_MANUAL_BCTC_REVIEW,"[""avg_volume_20d"", ""capex"", ""cfo"", ""equity"", ""gross_profit"", ""last_close"", ""last_price_date"", ""net_income"", ""revenue"", ""total_assets"", ""total_liabilities""]","[""Primary market data missing or incomplete.""]",Primary market data missing or incomplete.,,,,,,,,,CACHE_MISSING,provisional_structured,,,,,,,,,
CGV,Công ty Cổ phần Vinaceglass,BLOCKED_INSUFFICIENT_MARKET_DATA,REJECTED,True,False,PROVISIONAL_PRIMARY_ONLY,PROVISIONAL_LOW,NOT_AVAILABLE,NEEDS_MANUAL_BCTC_REVIEW,"[""capex"", ""cfo"", ""equity"", ""gross_profit"", ""last_close"", ""last_price_date"", ""net_income"", ""revenue"", ""total_assets"", ""total_liabilities""]","[""Primary market data missing or incomplete.""]",Primary market data missing or incomplete.,,,2095.0,,2095.0,,,,PARTIAL_PROVISIONAL_DATA,provisional_structured,,,,,,,,,
CH5,Công ty Cổ phần Xây dựng số 5 Hà Nội,BLOCKED_INSUFFICIENT_MARKET_DATA,REJECTED,True,False,PROVISIONAL_PRIMARY_ONLY,PROVISIONAL_LOW,NOT_AVAILABLE,NEEDS_MANUAL_BCTC_REVIEW,"[""avg_volume_20d"", ""capex"", ""cfo"", ""equity"", ""gross_profit"", ""last_close"", ""last_price_date"", ""net_income"", ""revenue"", ""total_assets"", ""total_liabilities""]","[""Primary market data missing or incomplete.""]",Primary market data missing or incomplete.,,,,,,,,,INSUFFICIENT_DATA,provisional_structured,,,,,,,,,
CHC,Công ty Cổ phần Cẩm Hà,BLOCKED_INSUFFICIENT_MARKET_DATA,REJECTED,True,False,PROVISIONAL_PRIMARY_ONLY,PROVISIONAL_LOW,NOT_AVAILABLE,NEEDS_MANUAL_BCTC_REVIEW,"[""avg_volume_20d"", ""capex"", ""cfo"", ""equity"", ""gross_profit"", ""last_close"", ""last_price_date"", ""net_income"", ""revenue"", ""total_assets"", ""total_liabilities""]","[""Primary market data missing or incomplete.""]",Primary market data missing or incomplete.,,,,,,,,,INSUFFICIENT_DATA,provisional_structured,,,,,,,,,
CHDB2101,,BLOCKED_INSUFFICIENT_MARKET_DATA,REJECTED,True,False,PROVISIONAL_PRIMARY_ONLY,PROVISIONAL_LOW,NOT_AVAILABLE,NEEDS_MANUAL_BCTC_REVIEW,"[""avg_volume_20d"", ""capex"", ""cfo"", ""equity"", ""gross_profit"", ""last_close"", ""last_price_date"", ""net_income"", ""revenue"", ""total_assets"", ""total_liabilities""]","[""Primary market data missing or incomplete.""]",Primary market data missing or incomplete.,,,,,,,,,CACHE_MISSING,provisional_structured,,,,,,,,,
CHDB2102,,BLOCKED_INSUFFICIENT_MARKET_DATA,REJECTED,True,False,PROVISIONAL_PRIMARY_ONLY,PROVISIONAL_LOW,NOT_AVAILABLE,NEEDS_MANUAL_BCTC_REVIEW,"[""avg_volume_20d"", ""capex"", ""cfo"", ""equity"", ""gross_profit"", ""last_close"", ""last_price_date"", ""net_income"", ""revenue"", ""total_assets"", ""total_liabilities""]","[""Primary market data missing or incomplete.""]",Primary market data missing or incomplete.,,,,,,,,,CACHE_MISSING,provisional_structured,,,,,,,,,
CHP,Công ty Cổ phần Thủy điện Miền Trung,BLOCKED_INSUFFICIENT_MARKET_DATA,REJECTED,True,False,PROVISIONAL_PRIMARY_ONLY,PROVISIONAL_LOW,NOT_AVAILABLE,NEEDS_MANUAL_BCTC_REVIEW,"[""capex"", ""cfo"", ""equity"", ""gross_profit"", ""last_close"", ""last_price_date"", ""net_income"", ""revenue"", ""total_assets"", ""total_liabilities""]","[""Primary market data missing or incomplete.""]",Primary market data missing or incomplete.,,,8770.0,,8770.0,,,,PARTIAL_PROVISIONAL_DATA,provisional_structured,,,,,,,,,
CHPG2020,,BLOCKED_INSUFFICIENT_MARKET_DATA,REJECTED,True,False,PROVISIONAL_PRIMARY_ONLY,PROVISIONAL_LOW,NOT_AVAILABLE,NEEDS_MANUAL_BCTC_REVIEW,"[""avg_volume_20d"", ""capex"", ""cfo"", ""equity"", ""gross_profit"", ""last_close"", ""last_price_date"", ""net_income"", ""revenue"", ""total_assets"", ""total_liabilities""]","[""Primary market data missing or incomplete.""]",Primary market data missing or incomplete.,,,,,,,,,CACHE_MISSING,provisional_structured,,,,,,,,,
CHPG2101,,BLOCKED_INSUFFICIENT_MARKET_DATA,REJECTED,True,False,PROVISIONAL_PRIMARY_ONLY,PROVISIONAL_LOW,NOT_AVAILABLE,NEEDS_MANUAL_BCTC_REVIEW,"[""avg_volume_20d"", ""capex"", ""cfo"", ""equity"", ""gross_profit"", ""last_close"", ""last_price_date"", ""net_income"", ""revenue"", ""total_assets"", ""total_liabilities""]","[""Primary market data missing or incomplete.""]",Primary market data missing or incomplete.,,,,,,,,,CACHE_MISSING,provisional_structured,,,,,,,,,
CHS,Công ty Cổ phần Chiếu sáng Công cộng Thành phố Hồ Chí Minh,BLOCKED_INSUFFICIENT_MARKET_DATA,REJECTED,True,False,PROVISIONAL_PRIMARY_ONLY,PROVISIONAL_LOW,NOT_AVAILABLE,NEEDS_MANUAL_BCTC_REVIEW,"[""capex"", ""cfo"", ""equity"", ""gross_profit"", ""last_close"", ""last_price_date"", ""net_income"", ""revenue"", ""total_assets"", ""total_liabilities""]","[""Primary market data missing or incomplete.""]",Primary market data missing or incomplete.,,,2480.0,,2480.0,,,,PARTIAL_PROVISIONAL_DATA,provisional_structured,,,,,,,,,
CI5,Công ty Cổ phần Đầu tư Xây dựng số 5,BLOCKED_INSUFFICIENT_MARKET_DATA,REJECTED,True,False,PROVISIONAL_PRIMARY_ONLY,PROVISIONAL_LOW,NOT_AVAILABLE,NEEDS_MANUAL_BCTC_REVIEW,"[""avg_volume_20d"", ""capex"", ""cfo"", ""equity"", ""gross_profit"", ""last_close"", ""last_price_date"", ""net_income"", ""revenue"", ""total_assets"", ""total_liabilities""]","[""Primary market data missing or incomplete.""]",Primary market data missing or incomplete.,,,,,,,,,INSUFFICIENT_DATA,provisional_structured,,,,,,,,,
CIA,Công ty Cổ Phần Dịch Vụ Sân Bay Quốc Tế Cam Ranh,BLOCKED_INSUFFICIENT_MARKET_DATA,REJECTED,True,False,PROVISIONAL_PRIMARY_ONLY,PROVISIONAL_LOW,NOT_AVAILABLE,NEEDS_MANUAL_BCTC_REVIEW,"[""capex"", ""cfo"", ""equity"", ""gross_profit"", ""last_close"", ""last_price_date"", ""net_income"", ""revenue"", ""total_assets"", ""total_liabilities""]","[""Primary market data missing or incomplete.""]",Primary market data missing or incomplete.,,,2540.0,,2540.0,,,,PARTIAL_PROVISIONAL_DATA,provisional_structured,,,,,,,,,
CIC,Công ty Cổ phần Đầu tư và Xây dựng COTEC,BLOCKED_INSUFFICIENT_MARKET_DATA,REJECTED,True,False,PROVISIONAL_PRIMARY_ONLY,PROVISIONAL_LOW,NOT_AVAILABLE,NEEDS_MANUAL_BCTC_REVIEW,"[""avg_volume_20d"", ""capex"", ""cfo"", ""equity"", ""gross_profit"", ""last_close"", ""last_price_date"", ""net_income"", ""revenue"", ""total_assets"", ""total_liabilities""]","[""Primary market data missing or incomplete.""]",Primary market data missing or incomplete.,,,,,,,,,CACHE_MISSING,provisional_structured,,,,,,,,,
CID,Công ty Cổ phần Xây dựng và Phát triển Cơ sở Hạ tầng,BLOCKED_INSUFFICIENT_MARKET_DATA,REJECTED,True,False,PROVISIONAL_PRIMARY_ONLY,PROVISIONAL_LOW,NOT_AVAILABLE,NEEDS_MANUAL_BCTC_REVIEW,"[""capex"", ""cfo"", ""equity"", ""gross_profit"", ""last_close"", ""last_price_date"", ""net_income"", ""revenue"", ""total_assets"", ""total_liabilities""]","[""Primary market data missing or incomplete.""]",Primary market data missing or incomplete.,,,2710.0,,2710.0,,,,PARTIAL_PROVISIONAL_DATA,provisional_structured,,,,,,,,,
CIG,Công ty Cổ phần COMA 18,BLOCKED_INSUFFICIENT_MARKET_DATA,REJECTED,True,False,PROVISIONAL_PRIMARY_ONLY,PROVISIONAL_LOW,NOT_AVAILABLE,NEEDS_MANUAL_BCTC_REVIEW,"[""capex"", ""cfo"", ""equity"", ""gross_profit"", ""last_close"", ""last_price_date"", ""net_income"", ""revenue"", ""total_assets"", ""total_liabilities""]","[""Primary market data missing or incomplete.""]",Primary market data missing or incomplete.,,,29840.0,,29840.0,,,,PARTIAL_PROVISIONAL_DATA,provisional_structured,,,,,,,,,
CII,Công ty Cổ phần Đầu tư Hạ tầng Kỹ thuật Thành phố Hồ Chí Minh,BLOCKED_INSUFFICIENT_MARKET_DATA,REJECTED,True,False,PROVISIONAL_PRIMARY_ONLY,PROVISIONAL_LOW,NOT_AVAILABLE,NEEDS_MANUAL_BCTC_REVIEW,"[""capex"", ""cfo"", ""equity"", ""gross_profit"", ""last_close"", ""last_price_date"", ""net_income"", ""revenue"", ""total_assets"", ""total_liabilities""]","[""Primary market data missing or incomplete.""]",Primary market data missing or incomplete.,,,18043430.0,,18043430.0,,,,PARTIAL_PROVISIONAL_DATA,provisional_structured,,,,,,,,,
CIP,Công ty Cổ phần Xây lắp và Sản xuất Công nghiệp,BLOCKED_INSUFFICIENT_MARKET_DATA,REJECTED,True,False,PROVISIONAL_PRIMARY_ONLY,PROVISIONAL_LOW,NOT_AVAILABLE,NEEDS_MANUAL_BCTC_REVIEW,"[""capex"", ""cfo"", ""equity"", ""gross_profit"", ""last_close"", ""last_price_date"", ""net_income"", ""revenue"", ""total_assets"", ""total_liabilities""]","[""Primary market data missing or incomplete.""]",Primary market data missing or incomplete.,,,34150.0,,34150.0,,,,PARTIAL_PROVISIONAL_DATA,provisional_structured,,,,,,,,,
CJC,Công ty Cổ phần Cơ điện Miền Trung,BLOCKED_INSUFFICIENT_MARKET_DATA,REJECTED,True,False,PROVISIONAL_PRIMARY_ONLY,PROVISIONAL_LOW,NOT_AVAILABLE,NEEDS_MANUAL_BCTC_REVIEW,"[""avg_volume_20d"", ""capex"", ""cfo"", ""equity"", ""gross_profit"", ""last_close"", ""last_price_date"", ""net_income"", ""revenue"", ""total_assets"", ""total_liabilities""]","[""Primary market data missing or incomplete.""]",Primary market data missing or incomplete.,,,,,,,,,INSUFFICIENT_DATA,provisional_structured,,,,,,,,,
CK8,Công ty Cổ phần Cơ khí 120,BLOCKED_INSUFFICIENT_MARKET_DATA,REJECTED,True,False,PROVISIONAL_PRIMARY_ONLY,PROVISIONAL_LOW,NOT_AVAILABLE,NEEDS_MANUAL_BCTC_REVIEW,"[""avg_volume_20d"", ""capex"", ""cfo"", ""equity"", ""gross_profit"", ""last_close"", ""last_price_date"", ""net_income"", ""revenue"", ""total_assets"", ""total_liabilities""]","[""Primary market data missing or incomplete.""]",Primary market data missing or incomplete.,,,,,,,,,INSUFFICIENT_DATA,provisional_structured,,,,,,,,,
CKA,Công ty Cổ phần Cơ khí An Giang,BLOCKED_INSUFFICIENT_MARKET_DATA,REJECTED,True,False,PROVISIONAL_PRIMARY_ONLY,PROVISIONAL_LOW,NOT_AVAILABLE,NEEDS_MANUAL_BCTC_REVIEW,"[""capex"", ""cfo"", ""equity"", ""gross_profit"", ""last_close"", ""last_price_date"", ""net_income"", ""revenue"", ""total_assets"", ""total_liabilities""]","[""Primary market data missing or incomplete.""]",Primary market data missing or incomplete.,,,3260.0,,3260.0,,,,PARTIAL_PROVISIONAL_DATA,provisional_structured,,,,,,,,,
CKD,Công ty Cổ phần Cơ khí Đông Anh Licogi,BLOCKED_INSUFFICIENT_MARKET_DATA,REJECTED,True,False,PROVISIONAL_PRIMARY_ONLY,PROVISIONAL_LOW,NOT_AVAILABLE,NEEDS_MANUAL_BCTC_REVIEW,"[""capex"", ""cfo"", ""equity"", ""gross_profit"", ""last_close"", ""last_price_date"", ""net_income"", ""revenue"", ""total_assets"", ""total_liabilities""]","[""Primary market data missing or incomplete.""]",Primary market data missing or incomplete.,,,2950.0,,2950.0,,,,PARTIAL_PROVISIONAL_DATA,provisional_structured,,,,,,,,,
CKG,Công ty Cổ phần Tập đoàn CIC,BLOCKED_INSUFFICIENT_MARKET_DATA,REJECTED,True,False,PROVISIONAL_PRIMARY_ONLY,PROVISIONAL_LOW,NOT_AVAILABLE,NEEDS_MANUAL_BCTC_REVIEW,"[""capex"", ""cfo"", ""equity"", ""gross_profit"", ""last_close"", ""last_price_date"", ""net_income"", ""revenue"", ""total_assets"", ""total_liabilities""]","[""Primary market data missing or incomplete.""]",Primary market data missing or incomplete.,,,57010.0,,57010.0,,,,PARTIAL_PROVISIONAL_DATA,provisional_structured,,,,,,,,,
CKH,Công ty Cổ phần Cơ khí chế tạo Hải Phòng,BLOCKED_INSUFFICIENT_MARKET_DATA,REJECTED,True,False,PROVISIONAL_PRIMARY_ONLY,PROVISIONAL_LOW,NOT_AVAILABLE,NEEDS_MANUAL_BCTC_REVIEW,"[""avg_volume_20d"", ""capex"", ""cfo"", ""equity"", ""gross_profit"", ""last_close"", ""last_price_date"", ""net_income"", ""revenue"", ""total_assets"", ""total_liabilities""]","[""Primary market data missing or incomplete.""]",Primary market data missing or incomplete.,,,,,,,,,CACHE_MISSING,provisional_structured,,,,,,,,,
CKV,Công ty Cổ phần CokyVina,BLOCKED_INSUFFICIENT_MARKET_DATA,REJECTED,True,False,PROVISIONAL_PRIMARY_ONLY,PROVISIONAL_LOW,NOT_AVAILABLE,NEEDS_MANUAL_BCTC_REVIEW,"[""avg_volume_20d"", ""capex"", ""cfo"", ""equity"", ""gross_profit"", ""last_close"", ""last_price_date"", ""net_income"", ""revenue"", ""total_assets"", ""total_liabilities""]","[""Primary market data missing or incomplete.""]",Primary market data missing or incomplete.,,,,,,,,,INSUFFICIENT_DATA,provisional_structured,,,,,,,,,
CL1,,BLOCKED_INSUFFICIENT_MARKET_DATA,REJECTED,True,False,PROVISIONAL_PRIMARY_ONLY,PROVISIONAL_LOW,NOT_AVAILABLE,NEEDS_MANUAL_BCTC_REVIEW,"[""avg_volume_20d"", ""capex"", ""cfo"", ""equity"", ""gross_profit"", ""last_close"", ""last_price_date"", ""net_income"", ""revenue"", ""total_assets"", ""total_liabilities""]","[""Primary market data missing or incomplete.""]",Primary market data missing or incomplete.,,,,,,,,,CACHE_MISSING,provisional_structured,,,,,,,,,
CLC,Công ty Cổ phần Cát Lợi,BLOCKED_INSUFFICIENT_MARKET_DATA,REJECTED,True,False,PROVISIONAL_PRIMARY_ONLY,PROVISIONAL_LOW,NOT_AVAILABLE,NEEDS_MANUAL_BCTC_REVIEW,"[""capex"", ""cfo"", ""equity"", ""gross_profit"", ""last_close"", ""last_price_date"", ""net_income"", ""revenue"", ""total_assets"", ""total_liabilities""]","[""Primary market data missing or incomplete.""]",Primary market data missing or incomplete.,,,560.0,,560.0,,,,PARTIAL_PROVISIONAL_DATA,provisional_structured,,,,,,,,,
CLG,Công ty Cổ phần Đầu tư và Phát triển Nhà đất Cotec,BLOCKED_INSUFFICIENT_MARKET_DATA,REJECTED,True,False,PROVISIONAL_PRIMARY_ONLY,PROVISIONAL_LOW,NOT_AVAILABLE,NEEDS_MANUAL_BCTC_REVIEW,"[""avg_volume_20d"", ""capex"", ""cfo"", ""equity"", ""gross_profit"", ""last_close"", ""last_price_date"", ""net_income"", ""revenue"", ""total_assets"", ""total_liabilities""]","[""Primary market data missing or incomplete.""]",Primary market data missing or incomplete.,,,,,,,,,INSUFFICIENT_DATA,provisional_structured,,,,,,,,,
CLH,Công ty Cổ phần Xi măng La Hiên VVMI,BLOCKED_INSUFFICIENT_MARKET_DATA,REJECTED,True,False,PROVISIONAL_PRIMARY_ONLY,PROVISIONAL_LOW,NOT_AVAILABLE,NEEDS_MANUAL_BCTC_REVIEW,"[""capex"", ""cfo"", ""equity"", ""gross_profit"", ""last_close"", ""last_price_date"", ""net_income"", ""revenue"", ""total_assets"", ""total_liabilities""]","[""Primary market data missing or incomplete.""]",Primary market data missing or incomplete.,,,9060.0,,9060.0,,,,PARTIAL_PROVISIONAL_DATA,provisional_structured,,,,,,,,,
CLI,Công ty Cổ phần Tập đoàn CNCTech,BLOCKED_INSUFFICIENT_MARKET_DATA,REJECTED,True,False,PROVISIONAL_PRIMARY_ONLY,PROVISIONAL_LOW,NOT_AVAILABLE,NEEDS_MANUAL_BCTC_REVIEW,"[""avg_volume_20d"", ""capex"", ""cfo"", ""equity"", ""gross_profit"", ""last_close"", ""last_price_date"", ""net_income"", ""revenue"", ""total_assets"", ""total_liabilities""]","[""Primary market data missing or incomplete.""]",Primary market data missing or incomplete.,,,,,,,,,INSUFFICIENT_DATA,provisional_structured,,,,,,,,,
CLL,Công ty Cổ phần Cảng Cát Lái,BLOCKED_INSUFFICIENT_MARKET_DATA,REJECTED,True,False,PROVISIONAL_PRIMARY_ONLY,PROVISIONAL_LOW,NOT_AVAILABLE,NEEDS_MANUAL_BCTC_REVIEW,"[""capex"", ""cfo"", ""equity"", ""gross_profit"", ""last_close"", ""last_price_date"", ""net_income"", ""revenue"", ""total_assets"", ""total_liabilities""]","[""Primary market data missing or incomplete.""]",Primary market data missing or incomplete.,,,4870.0,,4870.0,,,,PARTIAL_PROVISIONAL_DATA,provisional_structured,,,,,,,,,
CLM,Công ty Cổ phần Xuất nhập khẩu Than - Vinacomin,BLOCKED_INSUFFICIENT_MARKET_DATA,REJECTED,True,False,PROVISIONAL_PRIMARY_ONLY,PROVISIONAL_LOW,NOT_AVAILABLE,NEEDS_MANUAL_BCTC_REVIEW,"[""capex"", ""cfo"", ""equity"", ""gross_profit"", ""last_close"", ""last_price_date"", ""net_income"", ""revenue"", ""total_assets"", ""total_liabilities""]","[""Primary market data missing or incomplete.""]",Primary market data missing or incomplete.,,,100.0,,100.0,,,,PARTIAL_PROVISIONAL_DATA,provisional_structured,,,,,,,,,
CLP,Công ty Cổ phần Thủy Sản Cửu Long,BLOCKED_INSUFFICIENT_MARKET_DATA,REJECTED,True,False,PROVISIONAL_PRIMARY_ONLY,PROVISIONAL_LOW,NOT_AVAILABLE,NEEDS_MANUAL_BCTC_REVIEW,"[""avg_volume_20d"", ""capex"", ""cfo"", ""equity"", ""gross_profit"", ""last_close"", ""last_price_date"", ""net_income"", ""revenue"", ""total_assets"", ""total_liabilities""]","[""Primary market data missing or incomplete.""]",Primary market data missing or incomplete.,,,,,,,,,CACHE_MISSING,provisional_structured,,,,,,,,,
CLS,,BLOCKED_INSUFFICIENT_MARKET_DATA,REJECTED,True,False,PROVISIONAL_PRIMARY_ONLY,PROVISIONAL_LOW,NOT_AVAILABLE,NEEDS_MANUAL_BCTC_REVIEW,"[""avg_volume_20d"", ""capex"", ""cfo"", ""equity"", ""gross_profit"", ""last_close"", ""last_price_date"", ""net_income"", ""revenue"", ""total_assets"", ""total_liabilities""]","[""Primary market data missing or incomplete.""]",Primary market data missing or incomplete.,,,,,,,,,CACHE_MISSING,provisional_structured,,,,,,,,,
CLW,Công ty Cổ phần Cấp nước Chợ Lớn,BLOCKED_INSUFFICIENT_MARKET_DATA,REJECTED,True,False,PROVISIONAL_PRIMARY_ONLY,PROVISIONAL_LOW,NOT_AVAILABLE,NEEDS_MANUAL_BCTC_REVIEW,"[""avg_volume_20d"", ""capex"", ""cfo"", ""equity"", ""gross_profit"", ""last_close"", ""last_price_date"", ""net_income"", ""revenue"", ""total_assets"", ""total_liabilities""]","[""Primary market data missing or incomplete.""]",Primary market data missing or incomplete.,,,,,,,,,INSUFFICIENT_DATA,provisional_structured,,,,,,,,,
CLX,Công ty Cổ phần Xuất nhập khẩu và Đầu tư Chợ Lớn (CHOLIMEX),BLOCKED_INSUFFICIENT_MARKET_DATA,REJECTED,True,False,PROVISIONAL_PRIMARY_ONLY,PROVISIONAL_LOW,NOT_AVAILABLE,NEEDS_MANUAL_BCTC_REVIEW,"[""capex"", ""cfo"", ""equity"", ""gross_profit"", ""last_close"", ""last_price_date"", ""net_income"", ""revenue"", ""total_assets"", ""total_liabilities""]","[""Primary market data missing or incomplete.""]",Primary market data missing or incomplete.,,,30190.0,,30190.0,,,,PARTIAL_PROVISIONAL_DATA,provisional_structured,,,,,,,,,
CMC,Công ty Cổ phần Đầu tư CMC,BLOCKED_INSUFFICIENT_MARKET_DATA,REJECTED,True,False,PROVISIONAL_PRIMARY_ONLY,PROVISIONAL_LOW,NOT_AVAILABLE,NEEDS_MANUAL_BCTC_REVIEW,"[""capex"", ""cfo"", ""equity"", ""gross_profit"", ""last_close"", ""last_price_date"", ""net_income"", ""revenue"", ""total_assets"", ""total_liabilities""]","[""Primary market data missing or incomplete.""]",Primary market data missing or incomplete.,,,50.0,,50.0,,,,PARTIAL_PROVISIONAL_DATA,provisional_structured,,,,,,,,,
CMD,Công ty Cổ phần Vật liệu xây dựng và Trang trí nội thất TP Hồ Chí Minh,BLOCKED_INSUFFICIENT_MARKET_DATA,REJECTED,True,False,PROVISIONAL_PRIMARY_ONLY,PROVISIONAL_LOW,NOT_AVAILABLE,NEEDS_MANUAL_BCTC_REVIEW,"[""capex"", ""cfo"", ""equity"", ""gross_profit"", ""last_close"", ""last_price_date"", ""net_income"", ""revenue"", ""total_assets"", ""total_liabilities""]","[""Primary market data missing or incomplete.""]",Primary market data missing or incomplete.,,,4610.0,,4610.0,,,,PARTIAL_PROVISIONAL_DATA,provisional_structured,,,,,,,,,
CMF,Công ty Cổ phần Thực phẩm Cholimex,BLOCKED_INSUFFICIENT_MARKET_DATA,REJECTED,True,False,PROVISIONAL_PRIMARY_ONLY,PROVISIONAL_LOW,NOT_AVAILABLE,NEEDS_MANUAL_BCTC_REVIEW,"[""capex"", ""cfo"", ""equity"", ""gross_profit"", ""last_close"", ""last_price_date"", ""net_income"", ""revenue"", ""total_assets"", ""total_liabilities""]","[""Primary market data missing or incomplete.""]",Primary market data missing or incomplete.,,,520.0,,520.0,,,,PARTIAL_PROVISIONAL_DATA,provisional_structured,,,,,,,,,
CMG,Công ty Cổ phần Tập đoàn Công nghệ CMC,BLOCKED_INSUFFICIENT_MARKET_DATA,REJECTED,True,False,PROVISIONAL_PRIMARY_ONLY,PROVISIONAL_LOW,NOT_AVAILABLE,NEEDS_MANUAL_BCTC_REVIEW,"[""capex"", ""cfo"", ""equity"", ""gross_profit"", ""last_close"", ""last_price_date"", ""net_income"", ""revenue"", ""total_assets"", ""total_liabilities""]","[""Primary market data missing or incomplete.""]",Primary market data missing or incomplete.,,,329940.0,,329940.0,,,,PARTIAL_PROVISIONAL_DATA,provisional_structured,,,,,,,,,
CMI,Công ty Cổ phần CMISTONE Việt Nam,BLOCKED_INSUFFICIENT_MARKET_DATA,REJECTED,True,False,PROVISIONAL_PRIMARY_ONLY,PROVISIONAL_LOW,NOT_AVAILABLE,NEEDS_MANUAL_BCTC_REVIEW,"[""capex"", ""cfo"", ""equity"", ""gross_profit"", ""last_close"", ""last_price_date"", ""net_income"", ""revenue"", ""total_assets"", ""total_liabilities""]","[""Primary market data missing or incomplete.""]",Primary market data missing or incomplete.,,,10450.0,,10450.0,,,,PARTIAL_PROVISIONAL_DATA,provisional_structured,,,,,,,,,
CMK,Công ty Cổ phần Cơ khí Mạo Khê - Vinacomin,BLOCKED_INSUFFICIENT_MARKET_DATA,REJECTED,True,False,PROVISIONAL_PRIMARY_ONLY,PROVISIONAL_LOW,NOT_AVAILABLE,NEEDS_MANUAL_BCTC_REVIEW,"[""avg_volume_20d"", ""capex"", ""cfo"", ""equity"", ""gross_profit"", ""last_close"", ""last_price_date"", ""net_income"", ""revenue"", ""total_assets"", ""total_liabilities""]","[""Primary market data missing or incomplete.""]",Primary market data missing or incomplete.,,,,,,,,,INSUFFICIENT_DATA,provisional_structured,,,,,,,,,
CMM,Công ty Cổ phần Camimex,BLOCKED_INSUFFICIENT_MARKET_DATA,REJECTED,True,False,PROVISIONAL_PRIMARY_ONLY,PROVISIONAL_LOW,NOT_AVAILABLE,NEEDS_MANUAL_BCTC_REVIEW,"[""capex"", ""cfo"", ""equity"", ""gross_profit"", ""last_close"", ""last_price_date"", ""net_income"", ""revenue"", ""total_assets"", ""total_liabilities""]","[""Primary market data missing or incomplete.""]",Primary market data missing or incomplete.,,,100.0,,100.0,,,,PARTIAL_PROVISIONAL_DATA,provisional_structured,,,,,,,,,
CMMN,,BLOCKED_INSUFFICIENT_MARKET_DATA,REJECTED,True,False,PROVISIONAL_PRIMARY_ONLY,PROVISIONAL_LOW,NOT_AVAILABLE,NEEDS_MANUAL_BCTC_REVIEW,"[""avg_volume_20d"", ""capex"", ""cfo"", ""equity"", ""gross_profit"", ""last_close"", ""last_price_date"", ""net_income"", ""revenue"", ""total_assets"", ""total_liabilities""]","[""Primary market data missing or incomplete.""]",Primary market data missing or incomplete.,,,,,,,,,CACHE_MISSING,provisional_structured,,,,,,,,,
CMN,Công ty Cổ phần Lương thực Thực phẩm Colusa - Miliket,BLOCKED_INSUFFICIENT_MARKET_DATA,REJECTED,True,False,PROVISIONAL_PRIMARY_ONLY,PROVISIONAL_LOW,NOT_AVAILABLE,NEEDS_MANUAL_BCTC_REVIEW,"[""capex"", ""cfo"", ""equity"", ""gross_profit"", ""last_close"", ""last_price_date"", ""net_income"", ""revenue"", ""total_assets"", ""total_liabilities""]","[""Primary market data missing or incomplete.""]",Primary market data missing or incomplete.,,,4770.0,,4770.0,,,,PARTIAL_PROVISIONAL_DATA,provisional_structured,,,,,,,,,
CMNN1,,BLOCKED_INSUFFICIENT_MARKET_DATA,REJECTED,True,False,PROVISIONAL_PRIMARY_ONLY,PROVISIONAL_LOW,NOT_AVAILABLE,NEEDS_MANUAL_BCTC_REVIEW,"[""avg_volume_20d"", ""capex"", ""cfo"", ""equity"", ""gross_profit"", ""last_close"", ""last_price_date"", ""net_income"", ""revenue"", ""total_assets"", ""total_liabilities""]","[""Primary market data missing or incomplete.""]",Primary market data missing or incomplete.,,,,,,,,,CACHE_MISSING,provisional_structured,,,,,,,,,
CMP,Công ty Cổ phần Cảng Chân Mây,BLOCKED_INSUFFICIENT_MARKET_DATA,REJECTED,True,False,PROVISIONAL_PRIMARY_ONLY,PROVISIONAL_LOW,NOT_AVAILABLE,NEEDS_MANUAL_BCTC_REVIEW,"[""avg_volume_20d"", ""capex"", ""cfo"", ""equity"", ""gross_profit"", ""last_close"", ""last_price_date"", ""net_income"", ""revenue"", ""total_assets"", ""total_liabilities""]","[""Primary market data missing or incomplete.""]",Primary market data missing or incomplete.,,,,,,,,,INSUFFICIENT_DATA,provisional_structured,,,,,,,,,
CMS,Công ty Cổ phần Tập đoàn CMH Việt Nam,BLOCKED_INSUFFICIENT_MARKET_DATA,REJECTED,True,False,PROVISIONAL_PRIMARY_ONLY,PROVISIONAL_LOW,NOT_AVAILABLE,NEEDS_MANUAL_BCTC_REVIEW,"[""capex"", ""cfo"", ""equity"", ""gross_profit"", ""last_close"", ""last_price_date"", ""net_income"", ""revenue"", ""total_assets"", ""total_liabilities""]","[""Primary market data missing or incomplete.""]",Primary market data missing or incomplete.,,,25060.0,,25060.0,,,,PARTIAL_PROVISIONAL_DATA,provisional_structured,,,,,,,,,
CMT,Công ty Cổ phần Công nghệ mạng và Truyền thông,BLOCKED_INSUFFICIENT_MARKET_DATA,REJECTED,True,False,PROVISIONAL_PRIMARY_ONLY,PROVISIONAL_LOW,NOT_AVAILABLE,NEEDS_MANUAL_BCTC_REVIEW,"[""capex"", ""cfo"", ""equity"", ""gross_profit"", ""last_close"", ""last_price_date"", ""net_income"", ""revenue"", ""total_assets"", ""total_liabilities""]","[""Primary market data missing or incomplete.""]",Primary market data missing or incomplete.,,,520.0,,520.0,,,,PARTIAL_PROVISIONAL_DATA,provisional_structured,,,,,,,,,
CMV,Công ty Cổ phần Thương nghiệp Cà Mau,BLOCKED_INSUFFICIENT_MARKET_DATA,REJECTED,True,False,PROVISIONAL_PRIMARY_ONLY,PROVISIONAL_LOW,NOT_AVAILABLE,NEEDS_MANUAL_BCTC_REVIEW,"[""capex"", ""cfo"", ""equity"", ""gross_profit"", ""last_close"", ""last_price_date"", ""net_income"", ""revenue"", ""total_assets"", ""total_liabilities""]","[""Primary market data missing or incomplete.""]",Primary market data missing or incomplete.,,,250.0,,250.0,,,,PARTIAL_PROVISIONAL_DATA,provisional_structured,,,,,,,,,
CMW,Công ty Cổ phần Cấp nước Cà Mau,BLOCKED_INSUFFICIENT_MARKET_DATA,REJECTED,True,False,PROVISIONAL_PRIMARY_ONLY,PROVISIONAL_LOW,NOT_AVAILABLE,NEEDS_MANUAL_BCTC_REVIEW,"[""capex"", ""cfo"", ""equity"", ""gross_profit"", ""last_close"", ""last_price_date"", ""net_income"", ""revenue"", ""total_assets"", ""total_liabilities""]","[""Primary market data missing or incomplete.""]",Primary market data missing or incomplete.,,,430.0,,430.0,,,,PARTIAL_PROVISIONAL_DATA,provisional_structured,,,,,,,,,
CMX,Công ty Cổ phần CAMIMEX Group,BLOCKED_INSUFFICIENT_MARKET_DATA,REJECTED,True,False,PROVISIONAL_PRIMARY_ONLY,PROVISIONAL_LOW,NOT_AVAILABLE,NEEDS_MANUAL_BCTC_REVIEW,"[""capex"", ""cfo"", ""equity"", ""gross_profit"", ""last_close"", ""last_price_date"", ""net_income"", ""revenue"", ""total_assets"", ""total_liabilities""]","[""Primary market data missing or incomplete.""]",Primary market data missing or incomplete.,,,48290.0,,48290.0,,,,PARTIAL_PROVISIONAL_DATA,provisional_structured,,,,,,,,,
CNA,Công ty Cổ phần Tổng công ty Chè Nghệ An,BLOCKED_INSUFFICIENT_MARKET_DATA,REJECTED,True,False,PROVISIONAL_PRIMARY_ONLY,PROVISIONAL_LOW,NOT_AVAILABLE,NEEDS_MANUAL_BCTC_REVIEW,"[""avg_volume_20d"", ""capex"", ""cfo"", ""equity"", ""gross_profit"", ""last_close"", ""last_price_date"", ""net_income"", ""revenue"", ""total_assets"", ""total_liabilities""]","[""Primary market data missing or incomplete.""]",Primary market data missing or incomplete.,,,,,,,,,INSUFFICIENT_DATA,provisional_structured,,,,,,,,,
CNC,Công ty Cổ phần Công nghệ cao Traphaco,BLOCKED_INSUFFICIENT_MARKET_DATA,REJECTED,True,False,PROVISIONAL_PRIMARY_ONLY,PROVISIONAL_LOW,NOT_AVAILABLE,NEEDS_MANUAL_BCTC_REVIEW,"[""capex"", ""cfo"", ""equity"", ""gross_profit"", ""last_close"", ""last_price_date"", ""net_income"", ""revenue"", ""total_assets"", ""total_liabilities""]","[""Primary market data missing or incomplete.""]",Primary market data missing or incomplete.,,,70.0,,70.0,,,,PARTIAL_PROVISIONAL_DATA,provisional_structured,,,,,,,,,
CNG,Công ty Cổ phần CNG Việt Nam,BLOCKED_INSUFFICIENT_MARKET_DATA,REJECTED,True,False,PROVISIONAL_PRIMARY_ONLY,PROVISIONAL_LOW,NOT_AVAILABLE,NEEDS_MANUAL_BCTC_REVIEW,"[""capex"", ""cfo"", ""equity"", ""gross_profit"", ""last_close"", ""last_price_date"", ""net_income"", ""revenue"", ""total_assets"", ""total_liabilities""]","[""Primary market data missing or incomplete.""]",Primary market data missing or incomplete.,,,16340.0,,16340.0,,,,PARTIAL_PROVISIONAL_DATA,provisional_structured,,,,,,,,,
CNN,"Công ty Cổ phần Tư vấn Công nghệ, Thiết bị và Kiểm định Xây dựng - CONINCO",BLOCKED_INSUFFICIENT_MARKET_DATA,REJECTED,True,False,PROVISIONAL_PRIMARY_ONLY,PROVISIONAL_LOW,NOT_AVAILABLE,NEEDS_MANUAL_BCTC_REVIEW,"[""capex"", ""cfo"", ""equity"", ""gross_profit"", ""last_close"", ""last_price_date"", ""net_income"", ""revenue"", ""total_assets"", ""total_liabilities""]","[""Primary market data missing or incomplete.""]",Primary market data missing or incomplete.,,,6030.0,,6030.0,,,,PARTIAL_PROVISIONAL_DATA,provisional_structured,,,,,,,,,
CNT,Công ty Cổ phần Tập đoàn CNT,BLOCKED_INSUFFICIENT_MARKET_DATA,REJECTED,True,False,PROVISIONAL_PRIMARY_ONLY,PROVISIONAL_LOW,NOT_AVAILABLE,NEEDS_MANUAL_BCTC_REVIEW,"[""capex"", ""cfo"", ""equity"", ""gross_profit"", ""last_close"", ""last_price_date"", ""net_income"", ""revenue"", ""total_assets"", ""total_liabilities""]","[""Primary market data missing or incomplete.""]",Primary market data missing or incomplete.,,,2460.0,,2460.0,,,,PARTIAL_PROVISIONAL_DATA,provisional_structured,,,,,,,,,
COM,Công ty Cổ phần Vật tư - Xăng dầu,BLOCKED_INSUFFICIENT_MARKET_DATA,REJECTED,True,False,PROVISIONAL_PRIMARY_ONLY,PROVISIONAL_LOW,NOT_AVAILABLE,NEEDS_MANUAL_BCTC_REVIEW,"[""capex"", ""cfo"", ""equity"", ""gross_profit"", ""last_close"", ""last_price_date"", ""net_income"", ""revenue"", ""total_assets"", ""total_liabilities""]","[""Primary market data missing or incomplete.""]",Primary market data missing or incomplete.,,,30.0,,30.0,,,,PARTIAL_PROVISIONAL_DATA,provisional_structured,,,,,,,,,
CPA,Công ty Cổ phần Cà phê Phước An,BLOCKED_INSUFFICIENT_MARKET_DATA,REJECTED,True,False,PROVISIONAL_PRIMARY_ONLY,PROVISIONAL_LOW,NOT_AVAILABLE,NEEDS_MANUAL_BCTC_REVIEW,"[""avg_volume_20d"", ""capex"", ""cfo"", ""equity"", ""gross_profit"", ""last_close"", ""last_price_date"", ""net_income"", ""revenue"", ""total_assets"", ""total_liabilities""]","[""Primary market data missing or incomplete.""]",Primary market data missing or incomplete.,,,,,,,,,INSUFFICIENT_DATA,provisional_structured,,,,,,,,,
CPC,Công ty Cổ phần Thuốc sát trùng Cần Thơ,BLOCKED_INSUFFICIENT_MARKET_DATA,REJECTED,True,False,PROVISIONAL_PRIMARY_ONLY,PROVISIONAL_LOW,NOT_AVAILABLE,NEEDS_MANUAL_BCTC_REVIEW,"[""capex"", ""cfo"", ""equity"", ""gross_profit"", ""last_close"", ""last_price_date"", ""net_income"", ""revenue"", ""total_assets"", ""total_liabilities""]","[""Primary market data missing or incomplete.""]",Primary market data missing or incomplete.,,,1140.0,,1140.0,,,,PARTIAL_PROVISIONAL_DATA,provisional_structured,,,,,,,,,
CPH,Công ty Cổ phần Phục vụ Mai táng Hải Phòng,BLOCKED_INSUFFICIENT_MARKET_DATA,REJECTED,True,False,PROVISIONAL_PRIMARY_ONLY,PROVISIONAL_LOW,NOT_AVAILABLE,NEEDS_MANUAL_BCTC_REVIEW,"[""avg_volume_20d"", ""capex"", ""cfo"", ""equity"", ""gross_profit"", ""last_close"", ""last_price_date"", ""net_income"", ""revenue"", ""total_assets"", ""total_liabilities""]","[""Primary market data missing or incomplete.""]",Primary market data missing or incomplete.,,,,,,,,,INSUFFICIENT_DATA,provisional_structured,,,,,,,,,
CPI,Công ty Cổ phần Đầu tư Cảng Cái Lân,BLOCKED_INSUFFICIENT_MARKET_DATA,REJECTED,True,False,PROVISIONAL_PRIMARY_ONLY,PROVISIONAL_LOW,NOT_AVAILABLE,NEEDS_MANUAL_BCTC_REVIEW,"[""capex"", ""cfo"", ""equity"", ""gross_profit"", ""last_price_date"", ""net_income"", ""revenue"", ""total_assets"", ""total_liabilities""]","[""Primary market data missing or incomplete.""]",Primary market data missing or incomplete.,,6.0,1637.0,,1637.0,9822.0,,,PARTIAL_PROVISIONAL_DATA,provisional_structured,,,,,,,,,
CQN,Công ty Cổ phần Cảng Quảng Ninh,BLOCKED_INSUFFICIENT_MARKET_DATA,REJECTED,True,False,PROVISIONAL_PRIMARY_ONLY,PROVISIONAL_LOW,NOT_AVAILABLE,NEEDS_MANUAL_BCTC_REVIEW,"[""capex"", ""cfo"", ""equity"", ""gross_profit"", ""last_close"", ""last_price_date"", ""net_income"", ""revenue"", ""total_assets"", ""total_liabilities""]","[""Primary market data missing or incomplete.""]",Primary market data missing or incomplete.,,,15480.0,,15480.0,,,,PARTIAL_PROVISIONAL_DATA,provisional_structured,,,,,,,,,
CQT,Công ty Cổ phần Xi măng Quán Triều VVMI,BLOCKED_INSUFFICIENT_MARKET_DATA,REJECTED,True,False,PROVISIONAL_PRIMARY_ONLY,PROVISIONAL_LOW,NOT_AVAILABLE,NEEDS_MANUAL_BCTC_REVIEW,"[""capex"", ""cfo"", ""equity"", ""gross_profit"", ""last_close"", ""last_price_date"", ""net_income"", ""revenue"", ""total_assets"", ""total_liabilities""]","[""Primary market data missing or incomplete.""]",Primary market data missing or incomplete.,,,820.0,,820.0,,,,PARTIAL_PROVISIONAL_DATA,provisional_structured,,,,,,,,,
CRC,Công ty Cổ phần Create Capital Việt Nam,BLOCKED_INSUFFICIENT_MARKET_DATA,REJECTED,True,False,PROVISIONAL_PRIMARY_ONLY,PROVISIONAL_LOW,NOT_AVAILABLE,NEEDS_MANUAL_BCTC_REVIEW,"[""capex"", ""cfo"", ""equity"", ""gross_profit"", ""last_close"", ""last_price_date"", ""net_income"", ""revenue"", ""total_assets"", ""total_liabilities""]","[""Primary market data missing or incomplete.""]",Primary market data missing or incomplete.,,,833730.0,,833730.0,,,,PARTIAL_PROVISIONAL_DATA,provisional_structured,,,,,,,,,
CRE,Công ty Cổ phần Bất động sản Thế Kỷ,BLOCKED_INSUFFICIENT_MARKET_DATA,REJECTED,True,False,PROVISIONAL_PRIMARY_ONLY,PROVISIONAL_LOW,NOT_AVAILABLE,NEEDS_MANUAL_BCTC_REVIEW,"[""capex"", ""cfo"", ""equity"", ""gross_profit"", ""last_close"", ""last_price_date"", ""net_income"", ""revenue"", ""total_assets"", ""total_liabilities""]","[""Primary market data missing or incomplete.""]",Primary market data missing or incomplete.,,,232440.0,,232440.0,,,,PARTIAL_PROVISIONAL_DATA,provisional_structured,,,,,,,,,
CRV,Công ty Cổ phần Tập đoàn Bất động sản CRV,BLOCKED_INSUFFICIENT_MARKET_DATA,REJECTED,True,False,PROVISIONAL_PRIMARY_ONLY,PROVISIONAL_LOW,NOT_AVAILABLE,NEEDS_MANUAL_BCTC_REVIEW,"[""avg_volume_20d"", ""capex"", ""cfo"", ""equity"", ""gross_profit"", ""last_close"", ""last_price_date"", ""net_income"", ""revenue"", ""total_assets"", ""total_liabilities""]","[""Primary market data missing or incomplete.""]",Primary market data missing or incomplete.,,,,,,,,,INSUFFICIENT_DATA,provisional_structured,,,,,,,,,
CSC,Công ty Cổ phần Tập đoàn COTANA,BLOCKED_INSUFFICIENT_MARKET_DATA,REJECTED,True,False,PROVISIONAL_PRIMARY_ONLY,PROVISIONAL_LOW,NOT_AVAILABLE,NEEDS_MANUAL_BCTC_REVIEW,"[""capex"", ""cfo"", ""equity"", ""gross_profit"", ""last_close"", ""last_price_date"", ""net_income"", ""revenue"", ""total_assets"", ""total_liabilities""]","[""Primary market data missing or incomplete.""]",Primary market data missing or incomplete.,,,13740.0,,13740.0,,,,PARTIAL_PROVISIONAL_DATA,provisional_structured,,,,,,,,,
CSI,Công ty Cổ phần Chứng khoán Kiến thiết Việt Nam,BLOCKED_INSUFFICIENT_MARKET_DATA,REJECTED,True,False,PROVISIONAL_PRIMARY_ONLY,PROVISIONAL_LOW,NOT_AVAILABLE,NEEDS_MANUAL_BCTC_REVIEW,"[""capex"", ""cfo"", ""equity"", ""gross_profit"", ""last_close"", ""last_price_date"", ""net_income"", ""revenue"", ""total_assets"", ""total_liabilities""]","[""Primary market data missing or incomplete.""]",Primary market data missing or incomplete.,,,27830.0,,27830.0,,,,PARTIAL_PROVISIONAL_DATA,provisional_structured,,,,,,,,,
CSM,Công ty Cổ phần Công nghiệp Cao su Miền Nam,BLOCKED_INSUFFICIENT_MARKET_DATA,REJECTED,True,False,PROVISIONAL_PRIMARY_ONLY,PROVISIONAL_LOW,NOT_AVAILABLE,NEEDS_MANUAL_BCTC_REVIEW,"[""capex"", ""cfo"", ""equity"", ""gross_profit"", ""last_close"", ""last_price_date"", ""net_income"", ""revenue"", ""total_assets"", ""total_liabilities""]","[""Primary market data missing or incomplete.""]",Primary market data missing or incomplete.,,,254090.0,,254090.0,,,,PARTIAL_PROVISIONAL_DATA,provisional_structured,,,,,,,,,
CST,Công ty Cổ phần Than Cao Sơn - TKV,BLOCKED_INSUFFICIENT_MARKET_DATA,REJECTED,True,False,PROVISIONAL_PRIMARY_ONLY,PROVISIONAL_LOW,NOT_AVAILABLE,NEEDS_MANUAL_BCTC_REVIEW,"[""capex"", ""cfo"", ""equity"", ""gross_profit"", ""last_close"", ""last_price_date"", ""net_income"", ""revenue"", ""total_assets"", ""total_liabilities""]","[""Primary market data missing or incomplete.""]",Primary market data missing or incomplete.,,,21940.0,,21940.0,,,,PARTIAL_PROVISIONAL_DATA,provisional_structured,,,,,,,,,
CSV,Công ty Cổ phần Hóa chất Cơ bản miền Nam,BLOCKED_INSUFFICIENT_MARKET_DATA,REJECTED,True,False,PROVISIONAL_PRIMARY_ONLY,PROVISIONAL_LOW,NOT_AVAILABLE,NEEDS_MANUAL_BCTC_REVIEW,"[""capex"", ""cfo"", ""equity"", ""gross_profit"", ""last_close"", ""last_price_date"", ""net_income"", ""revenue"", ""total_assets"", ""total_liabilities""]","[""Primary market data missing or incomplete.""]",Primary market data missing or incomplete.,,,291180.0,,291180.0,,,,PARTIAL_PROVISIONAL_DATA,provisional_structured,,,,,,,,,
CT3,Công ty Cổ phần Đầu tư và Xây dựng công trình 3,BLOCKED_INSUFFICIENT_MARKET_DATA,REJECTED,True,False,PROVISIONAL_PRIMARY_ONLY,PROVISIONAL_LOW,NOT_AVAILABLE,NEEDS_MANUAL_BCTC_REVIEW,"[""capex"", ""cfo"", ""equity"", ""gross_profit"", ""last_close"", ""last_price_date"", ""net_income"", ""revenue"", ""total_assets"", ""total_liabilities""]","[""Primary market data missing or incomplete.""]",Primary market data missing or incomplete.,,,1120.0,,1120.0,,,,PARTIAL_PROVISIONAL_DATA,provisional_structured,,,,,,,,,
CT5,Công ty cổ phần 319.5,BLOCKED_INSUFFICIENT_MARKET_DATA,REJECTED,True,False,PROVISIONAL_PRIMARY_ONLY,PROVISIONAL_LOW,NOT_AVAILABLE,NEEDS_MANUAL_BCTC_REVIEW,"[""avg_volume_20d"", ""capex"", ""cfo"", ""equity"", ""gross_profit"", ""last_close"", ""last_price_date"", ""net_income"", ""revenue"", ""total_assets"", ""total_liabilities""]","[""Primary market data missing or incomplete.""]",Primary market data missing or incomplete.,,,,,,,,,INSUFFICIENT_DATA,provisional_structured,,,,,,,,,
CT6,Công ty Cổ phần Công trình 6,BLOCKED_INSUFFICIENT_MARKET_DATA,REJECTED,True,False,PROVISIONAL_PRIMARY_ONLY,PROVISIONAL_LOW,NOT_AVAILABLE,NEEDS_MANUAL_BCTC_REVIEW,"[""capex"", ""cfo"", ""equity"", ""gross_profit"", ""last_close"", ""last_price_date"", ""net_income"", ""revenue"", ""total_assets"", ""total_liabilities""]","[""Primary market data missing or incomplete.""]",Primary market data missing or incomplete.,,,460.0,,460.0,,,,PARTIAL_PROVISIONAL_DATA,provisional_structured,,,,,,,,,
CTA,Công ty Cổ phần Vinavico,BLOCKED_INSUFFICIENT_MARKET_DATA,REJECTED,True,False,PROVISIONAL_PRIMARY_ONLY,PROVISIONAL_LOW,NOT_AVAILABLE,NEEDS_MANUAL_BCTC_REVIEW,"[""avg_volume_20d"", ""capex"", ""cfo"", ""equity"", ""gross_profit"", ""last_close"", ""last_price_date"", ""net_income"", ""revenue"", ""total_assets"", ""total_liabilities""]","[""Primary market data missing or incomplete.""]",Primary market data missing or incomplete.,,,,,,,,,INSUFFICIENT_DATA,provisional_structured,,,,,,,,,
CTB,Công ty Cổ phần Chế tạo Bơm Hải Dương,BLOCKED_INSUFFICIENT_MARKET_DATA,REJECTED,True,False,PROVISIONAL_PRIMARY_ONLY,PROVISIONAL_LOW,NOT_AVAILABLE,NEEDS_MANUAL_BCTC_REVIEW,"[""capex"", ""cfo"", ""equity"", ""gross_profit"", ""last_close"", ""last_price_date"", ""net_income"", ""revenue"", ""total_assets"", ""total_liabilities""]","[""Primary market data missing or incomplete.""]",Primary market data missing or incomplete.,,,1220.0,,1220.0,,,,PARTIAL_PROVISIONAL_DATA,provisional_structured,,,,,,,,,
CTC,Công ty Cổ phần Tập đoàn Hoàng Kim Tây Nguyên,BLOCKED_INSUFFICIENT_MARKET_DATA,REJECTED,True,False,PROVISIONAL_PRIMARY_ONLY,PROVISIONAL_LOW,NOT_AVAILABLE,NEEDS_MANUAL_BCTC_REVIEW,"[""avg_volume_20d"", ""capex"", ""cfo"", ""equity"", ""gross_profit"", ""last_close"", ""last_price_date"", ""net_income"", ""revenue"", ""total_assets"", ""total_liabilities""]","[""Primary market data missing or incomplete.""]",Primary market data missing or incomplete.,,,,,,,,,INSUFFICIENT_DATA,provisional_structured,,,,,,,,,
CTD,Công ty Cổ phần Xây dựng Coteccons,BLOCKED_INSUFFICIENT_MARKET_DATA,REJECTED,True,False,PROVISIONAL_PRIMARY_ONLY,PROVISIONAL_LOW,NOT_AVAILABLE,NEEDS_MANUAL_BCTC_REVIEW,"[""capex"", ""cfo"", ""equity"", ""gross_profit"", ""last_close"", ""last_price_date"", ""net_income"", ""revenue"", ""total_assets"", ""total_liabilities""]","[""Primary market data missing or incomplete.""]",Primary market data missing or incomplete.,,,1177740.0,,1177740.0,,,,PARTIAL_PROVISIONAL_DATA,provisional_structured,,,,,,,,,
CTF,Công ty Cổ phần City Auto,BLOCKED_INSUFFICIENT_MARKET_DATA,REJECTED,True,False,PROVISIONAL_PRIMARY_ONLY,PROVISIONAL_LOW,NOT_AVAILABLE,NEEDS_MANUAL_BCTC_REVIEW,"[""capex"", ""cfo"", ""equity"", ""gross_profit"", ""last_price_date"", ""net_income"", ""revenue"", ""total_assets"", ""total_liabilities""]","[""Primary market data missing or incomplete.""]",Primary market data missing or incomplete.,,18.05,280850.0,,280850.0,5069342.5,,,PARTIAL_PROVISIONAL_DATA,provisional_structured,,,,,,,,,
CTG,Ngân hàng Thương mại Cổ phần Công thương Việt Nam,BLOCKED_INSUFFICIENT_MARKET_DATA,REJECTED,True,False,PROVISIONAL_PRIMARY_ONLY,PROVISIONAL_LOW,NOT_AVAILABLE,NEEDS_MANUAL_BCTC_REVIEW,"[""capex"", ""cfo"", ""equity"", ""gross_profit"", ""last_close"", ""last_price_date"", ""net_income"", ""revenue"", ""total_assets"", ""total_liabilities""]","[""Primary market data missing or incomplete.""]",Primary market data missing or incomplete.,,,10493340.0,,10493340.0,,,,PARTIAL_PROVISIONAL_DATA,provisional_structured,,,,,,,,,
CTI,Công ty Cổ phần Đầu tư Phát triển Cường Thuận IDICO,BLOCKED_INSUFFICIENT_MARKET_DATA,REJECTED,True,False,PROVISIONAL_PRIMARY_ONLY,PROVISIONAL_LOW,NOT_AVAILABLE,NEEDS_MANUAL_BCTC_REVIEW,"[""capex"", ""cfo"", ""equity"", ""gross_profit"", ""last_close"", ""last_price_date"", ""net_income"", ""revenue"", ""total_assets"", ""total_liabilities""]","[""Primary market data missing or incomplete.""]",Primary market data missing or incomplete.,,,317370.0,,317370.0,,,,PARTIAL_PROVISIONAL_DATA,provisional_structured,,,,,,,,,
CTN,Công ty Cổ phần Xây dựng Công trình ngầm,BLOCKED_INSUFFICIENT_MARKET_DATA,REJECTED,True,False,PROVISIONAL_PRIMARY_ONLY,PROVISIONAL_LOW,NOT_AVAILABLE,NEEDS_MANUAL_BCTC_REVIEW,"[""avg_volume_20d"", ""capex"", ""cfo"", ""equity"", ""gross_profit"", ""last_close"", ""last_price_date"", ""net_income"", ""revenue"", ""total_assets"", ""total_liabilities""]","[""Primary market data missing or incomplete.""]",Primary market data missing or incomplete.,,,,,,,,,INSUFFICIENT_DATA,provisional_structured,,,,,,,,,
CTP,Công ty Cổ phần Tập đoàn CTP Group,BLOCKED_INSUFFICIENT_MARKET_DATA,REJECTED,True,False,PROVISIONAL_PRIMARY_ONLY,PROVISIONAL_LOW,NOT_AVAILABLE,NEEDS_MANUAL_BCTC_REVIEW,"[""capex"", ""cfo"", ""equity"", ""gross_profit"", ""last_price_date"", ""net_income"", ""revenue"", ""total_assets"", ""total_liabilities""]","[""Primary market data missing or incomplete.""]",Primary market data missing or incomplete.,,8.9,120410.0,,120410.0,1071649.0,,,PARTIAL_PROVISIONAL_DATA,provisional_structured,,,,,,,,,
CTR,Tổng Công ty Cổ phần Công trình Viettel,BLOCKED_INSUFFICIENT_MARKET_DATA,REJECTED,True,False,PROVISIONAL_PRIMARY_ONLY,PROVISIONAL_LOW,NOT_AVAILABLE,NEEDS_MANUAL_BCTC_REVIEW,"[""capex"", ""cfo"", ""equity"", ""gross_profit"", ""last_close"", ""last_price_date"", ""net_income"", ""revenue"", ""total_assets"", ""total_liabilities""]","[""Primary market data missing or incomplete.""]",Primary market data missing or incomplete.,,,728580.0,,728580.0,,,,PARTIAL_PROVISIONAL_DATA,provisional_structured,,,,,,,,,
CTS,Công ty Cổ phần Chứng khoán Vietinbank,BLOCKED_INSUFFICIENT_MARKET_DATA,REJECTED,True,False,PROVISIONAL_PRIMARY_ONLY,PROVISIONAL_LOW,NOT_AVAILABLE,NEEDS_MANUAL_BCTC_REVIEW,"[""capex"", ""cfo"", ""equity"", ""gross_profit"", ""last_close"", ""last_price_date"", ""net_income"", ""revenue"", ""total_assets"", ""total_liabilities""]","[""Primary market data missing or incomplete.""]",Primary market data missing or incomplete.,,,992430.0,,992430.0,,,,PARTIAL_PROVISIONAL_DATA,provisional_structured,,,,,,,,,
CTT,Công ty Cổ phần Chế tạo máy - Vinacomin,BLOCKED_INSUFFICIENT_MARKET_DATA,REJECTED,True,False,PROVISIONAL_PRIMARY_ONLY,PROVISIONAL_LOW,NOT_AVAILABLE,NEEDS_MANUAL_BCTC_REVIEW,"[""capex"", ""cfo"", ""equity"", ""gross_profit"", ""last_close"", ""last_price_date"", ""net_income"", ""revenue"", ""total_assets"", ""total_liabilities""]","[""Primary market data missing or incomplete.""]",Primary market data missing or incomplete.,,,40.0,,40.0,,,,PARTIAL_PROVISIONAL_DATA,provisional_structured,,,,,,,,,
CTW,Công ty Cổ phần Cấp thoát nước Cần Thơ,BLOCKED_INSUFFICIENT_MARKET_DATA,REJECTED,True,False,PROVISIONAL_PRIMARY_ONLY,PROVISIONAL_LOW,NOT_AVAILABLE,NEEDS_MANUAL_BCTC_REVIEW,"[""capex"", ""cfo"", ""equity"", ""gross_profit"", ""last_close"", ""last_price_date"", ""net_income"", ""revenue"", ""total_assets"", ""total_liabilities""]","[""Primary market data missing or incomplete.""]",Primary market data missing or incomplete.,,,220.0,,220.0,,,,PARTIAL_PROVISIONAL_DATA,provisional_structured,,,,,,,,,
CTX,Tổng Công ty Cổ phần Đầu tư Xây dựng và Thương mại Việt Nam,BLOCKED_INSUFFICIENT_MARKET_DATA,REJECTED,True,False,PROVISIONAL_PRIMARY_ONLY,PROVISIONAL_LOW,NOT_AVAILABLE,NEEDS_MANUAL_BCTC_REVIEW,"[""capex"", ""cfo"", ""equity"", ""gross_profit"", ""last_close"", ""last_price_date"", ""net_income"", ""revenue"", ""total_assets"", ""total_liabilities""]","[""Primary market data missing or incomplete.""]",Primary market data missing or incomplete.,,,14020.0,,14020.0,,,,PARTIAL_PROVISIONAL_DATA,provisional_structured,,,,,,,,,
CVN,Công ty Cổ phần Vinam,BLOCKED_INSUFFICIENT_MARKET_DATA,REJECTED,True,False,PROVISIONAL_PRIMARY_ONLY,PROVISIONAL_LOW,NOT_AVAILABLE,NEEDS_MANUAL_BCTC_REVIEW,"[""capex"", ""cfo"", ""equity"", ""gross_profit"", ""last_close"", ""last_price_date"", ""net_income"", ""revenue"", ""total_assets"", ""total_liabilities""]","[""Primary market data missing or incomplete.""]",Primary market data missing or incomplete.,,,35330.0,,35330.0,,,,PARTIAL_PROVISIONAL_DATA,provisional_structured,,,,,,,,,
CVP,Công ty cổ phần Cảng Cửa Việt,BLOCKED_INSUFFICIENT_MARKET_DATA,REJECTED,True,False,PROVISIONAL_PRIMARY_ONLY,PROVISIONAL_LOW,NOT_AVAILABLE,NEEDS_MANUAL_BCTC_REVIEW,"[""avg_volume_20d"", ""capex"", ""cfo"", ""equity"", ""gross_profit"", ""last_close"", ""last_price_date"", ""net_income"", ""revenue"", ""total_assets"", ""total_liabilities""]","[""Primary market data missing or incomplete.""]",Primary market data missing or incomplete.,,,,,,,,,INSUFFICIENT_DATA,provisional_structured,,,,,,,,,
CVT,Công ty Cổ phần CMC,BLOCKED_INSUFFICIENT_MARKET_DATA,REJECTED,True,False,PROVISIONAL_PRIMARY_ONLY,PROVISIONAL_LOW,NOT_AVAILABLE,NEEDS_MANUAL_BCTC_REVIEW,"[""capex"", ""cfo"", ""equity"", ""gross_profit"", ""last_close"", ""last_price_date"", ""net_income"", ""revenue"", ""total_assets"", ""total_liabilities""]","[""Primary market data missing or incomplete.""]",Primary market data missing or incomplete.,,,1070.0,,1070.0,,,,PARTIAL_PROVISIONAL_DATA,provisional_structured,,,,,,,,,
CX8,Công ty Cổ phần Đầu tư và Xây lắp Constrexim số 8,BLOCKED_INSUFFICIENT_MARKET_DATA,REJECTED,True,False,PROVISIONAL_PRIMARY_ONLY,PROVISIONAL_LOW,NOT_AVAILABLE,NEEDS_MANUAL_BCTC_REVIEW,"[""avg_volume_20d"", ""capex"", ""cfo"", ""equity"", ""gross_profit"", ""last_close"", ""last_price_date"", ""net_income"", ""revenue"", ""total_assets"", ""total_liabilities""]","[""Primary market data missing or incomplete.""]",Primary market data missing or incomplete.,,,,,,,,,INSUFFICIENT_DATA,provisional_structured,,,,,,,,,
CYC,Công ty Cổ phần Gạch men Chang Yih,BLOCKED_INSUFFICIENT_MARKET_DATA,REJECTED,True,False,PROVISIONAL_PRIMARY_ONLY,PROVISIONAL_LOW,NOT_AVAILABLE,NEEDS_MANUAL_BCTC_REVIEW,"[""capex"", ""cfo"", ""equity"", ""gross_profit"", ""last_close"", ""last_price_date"", ""net_income"", ""revenue"", ""total_assets"", ""total_liabilities""]","[""Primary market data missing or incomplete.""]",Primary market data missing or incomplete.,,,50.0,,50.0,,,,PARTIAL_PROVISIONAL_DATA,provisional_structured,,,,,,,,,
D11,Công ty Cổ phần Địa ốc 11,BLOCKED_INSUFFICIENT_MARKET_DATA,REJECTED,True,False,PROVISIONAL_PRIMARY_ONLY,PROVISIONAL_LOW,NOT_AVAILABLE,NEEDS_MANUAL_BCTC_REVIEW,"[""capex"", ""cfo"", ""equity"", ""gross_profit"", ""last_close"", ""last_price_date"", ""net_income"", ""revenue"", ""total_assets"", ""total_liabilities""]","[""Primary market data missing or incomplete.""]",Primary market data missing or incomplete.,,,2770.0,,2770.0,,,,PARTIAL_PROVISIONAL_DATA,provisional_structured,,,,,,,,,
D17,Công ty Cổ Phần Đồng Tân,BLOCKED_INSUFFICIENT_MARKET_DATA,REJECTED,True,False,PROVISIONAL_PRIMARY_ONLY,PROVISIONAL_LOW,NOT_AVAILABLE,NEEDS_MANUAL_BCTC_REVIEW,"[""avg_volume_20d"", ""capex"", ""cfo"", ""equity"", ""gross_profit"", ""last_close"", ""last_price_date"", ""net_income"", ""revenue"", ""total_assets"", ""total_liabilities""]","[""Primary market data missing or incomplete.""]",Primary market data missing or incomplete.,,,,,,,,,INSUFFICIENT_DATA,provisional_structured,,,,,,,,,
D2D,Công ty Cổ phần Phát triển Đô thị Công nghiệp số 2,BLOCKED_INSUFFICIENT_MARKET_DATA,REJECTED,True,False,PROVISIONAL_PRIMARY_ONLY,PROVISIONAL_LOW,NOT_AVAILABLE,NEEDS_MANUAL_BCTC_REVIEW,"[""capex"", ""cfo"", ""equity"", ""gross_profit"", ""last_close"", ""last_price_date"", ""net_income"", ""revenue"", ""total_assets"", ""total_liabilities""]","[""Primary market data missing or incomplete.""]",Primary market data missing or incomplete.,,,42880.0,,42880.0,,,,PARTIAL_PROVISIONAL_DATA,provisional_structured,,,,,,,,,
DAC,Công ty Cổ phần 382 Đông Anh,BLOCKED_INSUFFICIENT_MARKET_DATA,REJECTED,True,False,PROVISIONAL_PRIMARY_ONLY,PROVISIONAL_LOW,NOT_AVAILABLE,NEEDS_MANUAL_BCTC_REVIEW,"[""avg_volume_20d"", ""capex"", ""cfo"", ""equity"", ""gross_profit"", ""last_close"", ""last_price_date"", ""net_income"", ""revenue"", ""total_assets"", ""total_liabilities""]","[""Primary market data missing or incomplete.""]",Primary market data missing or incomplete.,,,,,,,,,INSUFFICIENT_DATA,provisional_structured,,,,,,,,,
DAD,Công ty Cổ phần Đầu tư và Phát triển Giáo dục Đà Nẵng,BLOCKED_INSUFFICIENT_MARKET_DATA,REJECTED,True,False,PROVISIONAL_PRIMARY_ONLY,PROVISIONAL_LOW,NOT_AVAILABLE,NEEDS_MANUAL_BCTC_REVIEW,"[""capex"", ""cfo"", ""equity"", ""gross_profit"", ""last_close"", ""last_price_date"", ""net_income"", ""revenue"", ""total_assets"", ""total_liabilities""]","[""Primary market data missing or incomplete.""]",Primary market data missing or incomplete.,,,340.0,,340.0,,,,PARTIAL_PROVISIONAL_DATA,provisional_structured,,,,,,,,,
DAE,Công ty Cổ phần Sách Giáo dục tại Thành phố Đà Nẵng,BLOCKED_INSUFFICIENT_MARKET_DATA,REJECTED,True,False,PROVISIONAL_PRIMARY_ONLY,PROVISIONAL_LOW,NOT_AVAILABLE,NEEDS_MANUAL_BCTC_REVIEW,"[""capex"", ""cfo"", ""equity"", ""gross_profit"", ""last_close"", ""last_price_date"", ""net_income"", ""revenue"", ""total_assets"", ""total_liabilities""]","[""Primary market data missing or incomplete.""]",Primary market data missing or incomplete.,,,20.0,,20.0,,,,PARTIAL_PROVISIONAL_DATA,provisional_structured,,,,,,,,,
DAG,Công ty Cổ phần Tập đoàn Nhựa Đông Á,BLOCKED_INSUFFICIENT_MARKET_DATA,REJECTED,True,False,PROVISIONAL_PRIMARY_ONLY,PROVISIONAL_LOW,NOT_AVAILABLE,NEEDS_MANUAL_BCTC_REVIEW,"[""avg_volume_20d"", ""capex"", ""cfo"", ""equity"", ""gross_profit"", ""last_close"", ""last_price_date"", ""net_income"", ""revenue"", ""total_assets"", ""total_liabilities""]","[""Primary market data missing or incomplete.""]",Primary market data missing or incomplete.,,,,,,,,,INSUFFICIENT_DATA,provisional_structured,,,,,,,,,
DAH,Công ty Cổ phần Tập đoàn Khách sạn Đông Á,BLOCKED_INSUFFICIENT_MARKET_DATA,REJECTED,True,False,PROVISIONAL_PRIMARY_ONLY,PROVISIONAL_LOW,NOT_AVAILABLE,NEEDS_MANUAL_BCTC_REVIEW,"[""capex"", ""cfo"", ""equity"", ""gross_profit"", ""last_close"", ""last_price_date"", ""net_income"", ""revenue"", ""total_assets"", ""total_liabilities""]","[""Primary market data missing or incomplete.""]",Primary market data missing or incomplete.,,,83180.0,,83180.0,,,,PARTIAL_PROVISIONAL_DATA,provisional_structured,,,,,,,,,
DAN,Công ty Cổ phần Dược Danapha,BLOCKED_INSUFFICIENT_MARKET_DATA,REJECTED,True,False,PROVISIONAL_PRIMARY_ONLY,PROVISIONAL_LOW,NOT_AVAILABLE,NEEDS_MANUAL_BCTC_REVIEW,"[""capex"", ""cfo"", ""equity"", ""gross_profit"", ""last_close"", ""last_price_date"", ""net_income"", ""revenue"", ""total_assets"", ""total_liabilities""]","[""Primary market data missing or incomplete.""]",Primary market data missing or incomplete.,,,40.0,,40.0,,,,PARTIAL_PROVISIONAL_DATA,provisional_structured,,,,,,,,,
DAR,Công ty Cổ phần Xe lửa Dĩ An,BLOCKED_INSUFFICIENT_MARKET_DATA,REJECTED,True,False,PROVISIONAL_PRIMARY_ONLY,PROVISIONAL_LOW,NOT_AVAILABLE,NEEDS_MANUAL_BCTC_REVIEW,"[""avg_volume_20d"", ""capex"", ""cfo"", ""equity"", ""gross_profit"", ""last_close"", ""last_price_date"", ""net_income"", ""revenue"", ""total_assets"", ""total_liabilities""]","[""Primary market data missing or incomplete.""]",Primary market data missing or incomplete.,,,,,,,,,INSUFFICIENT_DATA,provisional_structured,,,,,,,,,
DAS,Công ty Cổ phần Máy - Thiết bị Dầu khí Đà Nẵng,BLOCKED_INSUFFICIENT_MARKET_DATA,REJECTED,True,False,PROVISIONAL_PRIMARY_ONLY,PROVISIONAL_LOW,NOT_AVAILABLE,NEEDS_MANUAL_BCTC_REVIEW,"[""avg_volume_20d"", ""capex"", ""cfo"", ""equity"", ""gross_profit"", ""last_close"", ""last_price_date"", ""net_income"", ""revenue"", ""total_assets"", ""total_liabilities""]","[""Primary market data missing or incomplete.""]",Primary market data missing or incomplete.,,,,,,,,,INSUFFICIENT_DATA,provisional_structured,,,,,,,,,
DAT,Công ty Cổ phần Đầu tư Du lịch và Phát triển Thủy sản,BLOCKED_INSUFFICIENT_MARKET_DATA,REJECTED,True,False,PROVISIONAL_PRIMARY_ONLY,PROVISIONAL_LOW,NOT_AVAILABLE,NEEDS_MANUAL_BCTC_REVIEW,"[""capex"", ""cfo"", ""equity"", ""gross_profit"", ""last_close"", ""last_price_date"", ""net_income"", ""revenue"", ""total_assets"", ""total_liabilities""]","[""Primary market data missing or incomplete.""]",Primary market data missing or incomplete.,,,1600.0,,1600.0,,,,PARTIAL_PROVISIONAL_DATA,provisional_structured,,,,,,,,,
DBC,Công ty Cổ phần Tập đoàn Dabaco Việt Nam,BLOCKED_INSUFFICIENT_MARKET_DATA,REJECTED,True,False,PROVISIONAL_PRIMARY_ONLY,PROVISIONAL_LOW,NOT_AVAILABLE,NEEDS_MANUAL_BCTC_REVIEW,"[""capex"", ""cfo"", ""equity"", ""gross_profit"", ""last_close"", ""last_price_date"", ""net_income"", ""revenue"", ""total_assets"", ""total_liabilities""]","[""Primary market data missing or incomplete.""]",Primary market data missing or incomplete.,,,1699430.0,,1699430.0,,,,PARTIAL_PROVISIONAL_DATA,provisional_structured,,,,,,,,,
DBD,Công ty Cổ phần Dược - Trang thiết bị y tế Bình Định (BIDIPHAR),BLOCKED_INSUFFICIENT_MARKET_DATA,REJECTED,True,False,PROVISIONAL_PRIMARY_ONLY,PROVISIONAL_LOW,NOT_AVAILABLE,NEEDS_MANUAL_BCTC_REVIEW,"[""capex"", ""cfo"", ""equity"", ""gross_profit"", ""last_close"", ""last_price_date"", ""net_income"", ""revenue"", ""total_assets"", ""total_liabilities""]","[""Primary market data missing or incomplete.""]",Primary market data missing or incomplete.,,,58910.0,,58910.0,,,,PARTIAL_PROVISIONAL_DATA,provisional_structured,,,,,,,,,
DBH,Công ty Cổ phần Đường bộ Hải Phòng,BLOCKED_INSUFFICIENT_MARKET_DATA,REJECTED,True,False,PROVISIONAL_PRIMARY_ONLY,PROVISIONAL_LOW,NOT_AVAILABLE,NEEDS_MANUAL_BCTC_REVIEW,"[""avg_volume_20d"", ""capex"", ""cfo"", ""equity"", ""gross_profit"", ""last_close"", ""last_price_date"", ""net_income"", ""revenue"", ""total_assets"", ""total_liabilities""]","[""Primary market data missing or incomplete.""]",Primary market data missing or incomplete.,,,,,,,,,INSUFFICIENT_DATA,provisional_structured,,,,,,,,,
DBM,Công ty Cổ phần Dược - Vật tư Y tế Đắk Lắk,BLOCKED_INSUFFICIENT_MARKET_DATA,REJECTED,True,False,PROVISIONAL_PRIMARY_ONLY,PROVISIONAL_LOW,NOT_AVAILABLE,NEEDS_MANUAL_BCTC_REVIEW,"[""capex"", ""cfo"", ""equity"", ""gross_profit"", ""last_close"", ""last_price_date"", ""net_income"", ""revenue"", ""total_assets"", ""total_liabilities""]","[""Primary market data missing or incomplete.""]",Primary market data missing or incomplete.,,,20.0,,20.0,,,,PARTIAL_PROVISIONAL_DATA,provisional_structured,,,,,,,,,
DBT,Công ty Cổ phần Dược phẩm Bến Tre,BLOCKED_INSUFFICIENT_MARKET_DATA,REJECTED,True,False,PROVISIONAL_PRIMARY_ONLY,PROVISIONAL_LOW,NOT_AVAILABLE,NEEDS_MANUAL_BCTC_REVIEW,"[""capex"", ""cfo"", ""equity"", ""gross_profit"", ""last_close"", ""last_price_date"", ""net_income"", ""revenue"", ""total_assets"", ""total_liabilities""]","[""Primary market data missing or incomplete.""]",Primary market data missing or incomplete.,,,58430.0,,58430.0,,,,PARTIAL_PROVISIONAL_DATA,provisional_structured,,,,,,,,,
DBW,Công ty Cổ phần Cấp nước Điện Biên,BLOCKED_INSUFFICIENT_MARKET_DATA,REJECTED,True,False,PROVISIONAL_PRIMARY_ONLY,PROVISIONAL_LOW,NOT_AVAILABLE,NEEDS_MANUAL_BCTC_REVIEW,"[""avg_volume_20d"", ""capex"", ""cfo"", ""equity"", ""gross_profit"", ""last_close"", ""last_price_date"", ""net_income"", ""revenue"", ""total_assets"", ""total_liabilities""]","[""Primary market data missing or incomplete.""]",Primary market data missing or incomplete.,,,,,,,,,INSUFFICIENT_DATA,provisional_structured,,,,,,,,,
DC1,Công ty Cổ phần Đầu tư Phát triển Xây dựng số 1,BLOCKED_INSUFFICIENT_MARKET_DATA,REJECTED,True,False,PROVISIONAL_PRIMARY_ONLY,PROVISIONAL_LOW,NOT_AVAILABLE,NEEDS_MANUAL_BCTC_REVIEW,"[""capex"", ""cfo"", ""equity"", ""gross_profit"", ""last_close"", ""last_price_date"", ""net_income"", ""revenue"", ""total_assets"", ""total_liabilities""]","[""Primary market data missing or incomplete.""]",Primary market data missing or incomplete.,,,1400.0,,1400.0,,,,PARTIAL_PROVISIONAL_DATA,provisional_structured,,,,,,,,,
DC2,Công ty Cổ phần Đầu tư Phát triển - Xây dựng (DIC) số 2,BLOCKED_INSUFFICIENT_MARKET_DATA,REJECTED,True,False,PROVISIONAL_PRIMARY_ONLY,PROVISIONAL_LOW,NOT_AVAILABLE,NEEDS_MANUAL_BCTC_REVIEW,"[""capex"", ""cfo"", ""equity"", ""gross_profit"", ""last_close"", ""last_price_date"", ""net_income"", ""revenue"", ""total_assets"", ""total_liabilities""]","[""Primary market data missing or incomplete.""]",Primary market data missing or incomplete.,,,1130.0,,1130.0,,,,PARTIAL_PROVISIONAL_DATA,provisional_structured,,,,,,,,,
DC4,Công ty Cổ phần Dicera Holdings,BLOCKED_INSUFFICIENT_MARKET_DATA,REJECTED,True,False,PROVISIONAL_PRIMARY_ONLY,PROVISIONAL_LOW,NOT_AVAILABLE,NEEDS_MANUAL_BCTC_REVIEW,"[""capex"", ""cfo"", ""equity"", ""gross_profit"", ""last_close"", ""last_price_date"", ""net_income"", ""revenue"", ""total_assets"", ""total_liabilities""]","[""Primary market data missing or incomplete.""]",Primary market data missing or incomplete.,,,159690.0,,159690.0,,,,PARTIAL_PROVISIONAL_DATA,provisional_structured,,,,,,,,,
DCF,Công ty Cổ phần Xây dựng và Thiết kế số 1,BLOCKED_INSUFFICIENT_MARKET_DATA,REJECTED,True,False,PROVISIONAL_PRIMARY_ONLY,PROVISIONAL_LOW,NOT_AVAILABLE,NEEDS_MANUAL_BCTC_REVIEW,"[""avg_volume_20d"", ""capex"", ""cfo"", ""equity"", ""gross_profit"", ""last_close"", ""last_price_date"", ""net_income"", ""revenue"", ""total_assets"", ""total_liabilities""]","[""Primary market data missing or incomplete.""]",Primary market data missing or incomplete.,,,,,,,,,INSUFFICIENT_DATA,provisional_structured,,,,,,,,,
DCG,Công ty Cổ phần Tổng Công ty May Đáp Cầu,BLOCKED_INSUFFICIENT_MARKET_DATA,REJECTED,True,False,PROVISIONAL_PRIMARY_ONLY,PROVISIONAL_LOW,NOT_AVAILABLE,NEEDS_MANUAL_BCTC_REVIEW,"[""avg_volume_20d"", ""capex"", ""cfo"", ""equity"", ""gross_profit"", ""last_close"", ""last_price_date"", ""net_income"", ""revenue"", ""total_assets"", ""total_liabilities""]","[""Primary market data missing or incomplete.""]",Primary market data missing or incomplete.,,,,,,,,,INSUFFICIENT_DATA,provisional_structured,,,,,,,,,
DCH,Công ty Cổ phần Địa chính Hà Nội,BLOCKED_INSUFFICIENT_MARKET_DATA,REJECTED,True,False,PROVISIONAL_PRIMARY_ONLY,PROVISIONAL_LOW,NOT_AVAILABLE,NEEDS_MANUAL_BCTC_REVIEW,"[""avg_volume_20d"", ""capex"", ""cfo"", ""equity"", ""gross_profit"", ""last_close"", ""last_price_date"", ""net_income"", ""revenue"", ""total_assets"", ""total_liabilities""]","[""Primary market data missing or incomplete.""]",Primary market data missing or incomplete.,,,,,,,,,INSUFFICIENT_DATA,provisional_structured,,,,,,,,,
DCL,Công ty Cổ phần Dược phẩm Cửu Long,BLOCKED_INSUFFICIENT_MARKET_DATA,REJECTED,True,False,PROVISIONAL_PRIMARY_ONLY,PROVISIONAL_LOW,NOT_AVAILABLE,NEEDS_MANUAL_BCTC_REVIEW,"[""capex"", ""cfo"", ""equity"", ""gross_profit"", ""last_close"", ""last_price_date"", ""net_income"", ""revenue"", ""total_assets"", ""total_liabilities""]","[""Primary market data missing or incomplete.""]",Primary market data missing or incomplete.,,,1358450.0,,1358450.0,,,,PARTIAL_PROVISIONAL_DATA,provisional_structured,,,,,,,,,
DCM,Công ty Cổ phần - Tổng Công ty Phân bón Dầu Khí Cà Mau,BLOCKED_INSUFFICIENT_MARKET_DATA,REJECTED,True,False,PROVISIONAL_PRIMARY_ONLY,PROVISIONAL_LOW,NOT_AVAILABLE,NEEDS_MANUAL_BCTC_REVIEW,"[""capex"", ""cfo"", ""equity"", ""gross_profit"", ""last_close"", ""last_price_date"", ""net_income"", ""revenue"", ""total_assets"", ""total_liabilities""]","[""Primary market data missing or incomplete.""]",Primary market data missing or incomplete.,,,3270350.0,,3270350.0,,,,PARTIAL_PROVISIONAL_DATA,provisional_structured,,,,,,,,,
DCR,Công ty Cổ phần Gạch men COSEVCO,BLOCKED_INSUFFICIENT_MARKET_DATA,REJECTED,True,False,PROVISIONAL_PRIMARY_ONLY,PROVISIONAL_LOW,NOT_AVAILABLE,NEEDS_MANUAL_BCTC_REVIEW,"[""capex"", ""cfo"", ""equity"", ""gross_profit"", ""last_close"", ""last_price_date"", ""net_income"", ""revenue"", ""total_assets"", ""total_liabilities""]","[""Primary market data missing or incomplete.""]",Primary market data missing or incomplete.,,,70.0,,70.0,,,,PARTIAL_PROVISIONAL_DATA,provisional_structured,,,,,,,,,
DCS,Công ty Cổ phần Tập đoàn EDX,BLOCKED_INSUFFICIENT_MARKET_DATA,REJECTED,True,False,PROVISIONAL_PRIMARY_ONLY,PROVISIONAL_LOW,NOT_AVAILABLE,NEEDS_MANUAL_BCTC_REVIEW,"[""capex"", ""cfo"", ""equity"", ""gross_profit"", ""last_close"", ""last_price_date"", ""net_income"", ""revenue"", ""total_assets"", ""total_liabilities""]","[""Primary market data missing or incomplete.""]",Primary market data missing or incomplete.,,,43800.0,,43800.0,,,,PARTIAL_PROVISIONAL_DATA,provisional_structured,,,,,,,,,
DCT,Công ty Cổ phần Tấm lợp Vật liệu Xây dựng Đồng Nai,BLOCKED_INSUFFICIENT_MARKET_DATA,REJECTED,True,False,PROVISIONAL_PRIMARY_ONLY,PROVISIONAL_LOW,NOT_AVAILABLE,NEEDS_MANUAL_BCTC_REVIEW,"[""capex"", ""cfo"", ""equity"", ""gross_profit"", ""last_close"", ""last_price_date"", ""net_income"", ""revenue"", ""total_assets"", ""total_liabilities""]","[""Primary market data missing or incomplete.""]",Primary market data missing or incomplete.,,,6480.0,,6480.0,,,,PARTIAL_PROVISIONAL_DATA,provisional_structured,,,,,,,,,
DCV,Công ty Cổ phần Quản Lý Quỹ đầu tư Dragon Capital Việt Nam,BLOCKED_INSUFFICIENT_MARKET_DATA,REJECTED,True,False,PROVISIONAL_PRIMARY_ONLY,PROVISIONAL_LOW,NOT_AVAILABLE,NEEDS_MANUAL_BCTC_REVIEW,"[""avg_volume_20d"", ""capex"", ""cfo"", ""equity"", ""gross_profit"", ""last_close"", ""last_price_date"", ""net_income"", ""revenue"", ""total_assets"", ""total_liabilities""]","[""Primary market data missing or incomplete.""]",Primary market data missing or incomplete.,,,,,,,,,INSUFFICIENT_DATA,provisional_structured,,,,,,,,,
DDB,Công ty Cổ Phần Thương Mại Và Xây Dựng Đông Dương,BLOCKED_INSUFFICIENT_MARKET_DATA,REJECTED,True,False,PROVISIONAL_PRIMARY_ONLY,PROVISIONAL_LOW,NOT_AVAILABLE,NEEDS_MANUAL_BCTC_REVIEW,"[""avg_volume_20d"", ""capex"", ""cfo"", ""equity"", ""gross_profit"", ""last_close"", ""last_price_date"", ""net_income"", ""revenue"", ""total_assets"", ""total_liabilities""]","[""Primary market data missing or incomplete.""]",Primary market data missing or incomplete.,,,,,,,,,INSUFFICIENT_DATA,provisional_structured,,,,,,,,,
DDG,Công ty Cổ phần Đầu tư Công nghiệp Xuất nhập khẩu Đông Dương,BLOCKED_INSUFFICIENT_MARKET_DATA,REJECTED,True,False,PROVISIONAL_PRIMARY_ONLY,PROVISIONAL_LOW,NOT_AVAILABLE,NEEDS_MANUAL_BCTC_REVIEW,"[""capex"", ""cfo"", ""equity"", ""gross_profit"", ""last_close"", ""last_price_date"", ""net_income"", ""revenue"", ""total_assets"", ""total_liabilities""]","[""Primary market data missing or incomplete.""]",Primary market data missing or incomplete.,,,290590.0,,290590.0,,,,PARTIAL_PROVISIONAL_DATA,provisional_structured,,,,,,,,,
DDH,Công ty Cổ phần Đảm bảo giao thông đường thủy Hải Phòng,BLOCKED_INSUFFICIENT_MARKET_DATA,REJECTED,True,False,PROVISIONAL_PRIMARY_ONLY,PROVISIONAL_LOW,NOT_AVAILABLE,NEEDS_MANUAL_BCTC_REVIEW,"[""avg_volume_20d"", ""capex"", ""cfo"", ""equity"", ""gross_profit"", ""last_close"", ""last_price_date"", ""net_income"", ""revenue"", ""total_assets"", ""total_liabilities""]","[""Primary market data missing or incomplete.""]",Primary market data missing or incomplete.,,,,,,,,,INSUFFICIENT_DATA,provisional_structured,,,,,,,,,
DDM,Công ty Cổ phần Hàng hải Đông Đô,BLOCKED_INSUFFICIENT_MARKET_DATA,REJECTED,True,False,PROVISIONAL_PRIMARY_ONLY,PROVISIONAL_LOW,NOT_AVAILABLE,NEEDS_MANUAL_BCTC_REVIEW,"[""avg_volume_20d"", ""capex"", ""cfo"", ""equity"", ""gross_profit"", ""last_close"", ""last_price_date"", ""net_income"", ""revenue"", ""total_assets"", ""total_liabilities""]","[""Primary market data missing or incomplete.""]",Primary market data missing or incomplete.,,,,,,,,,INSUFFICIENT_DATA,provisional_structured,,,,,,,,,
DDN,Công ty Cổ phần Dược - Thiết bị y tế Đà Nẵng,BLOCKED_INSUFFICIENT_MARKET_DATA,REJECTED,True,False,PROVISIONAL_PRIMARY_ONLY,PROVISIONAL_LOW,NOT_AVAILABLE,NEEDS_MANUAL_BCTC_REVIEW,"[""capex"", ""cfo"", ""equity"", ""gross_profit"", ""last_close"", ""last_price_date"", ""net_income"", ""revenue"", ""total_assets"", ""total_liabilities""]","[""Primary market data missing or incomplete.""]",Primary market data missing or incomplete.,,,360.0,,360.0,,,,PARTIAL_PROVISIONAL_DATA,provisional_structured,,,,,,,,,
DDV,Công ty Cổ phần DAP - Vinachem,BLOCKED_INSUFFICIENT_MARKET_DATA,REJECTED,True,False,PROVISIONAL_PRIMARY_ONLY,PROVISIONAL_LOW,NOT_AVAILABLE,NEEDS_MANUAL_BCTC_REVIEW,"[""capex"", ""cfo"", ""equity"", ""gross_profit"", ""last_close"", ""last_price_date"", ""net_income"", ""revenue"", ""total_assets"", ""total_liabilities""]","[""Primary market data missing or incomplete.""]",Primary market data missing or incomplete.,,,487730.0,,487730.0,,,,PARTIAL_PROVISIONAL_DATA,provisional_structured,,,,,,,,,
DFC,Công ty Cổ phần Xích líp Đông Anh,BLOCKED_INSUFFICIENT_MARKET_DATA,REJECTED,True,False,PROVISIONAL_PRIMARY_ONLY,PROVISIONAL_LOW,NOT_AVAILABLE,NEEDS_MANUAL_BCTC_REVIEW,"[""capex"", ""cfo"", ""equity"", ""gross_profit"", ""last_close"", ""last_price_date"", ""net_income"", ""revenue"", ""total_assets"", ""total_liabilities""]","[""Primary market data missing or incomplete.""]",Primary market data missing or incomplete.,,,1630.0,,1630.0,,,,PARTIAL_PROVISIONAL_DATA,provisional_structured,,,,,,,,,
DFF,Công ty Cổ phần Tập đoàn Đua Fat,BLOCKED_INSUFFICIENT_MARKET_DATA,REJECTED,True,False,PROVISIONAL_PRIMARY_ONLY,PROVISIONAL_LOW,NOT_AVAILABLE,NEEDS_MANUAL_BCTC_REVIEW,"[""capex"", ""cfo"", ""equity"", ""gross_profit"", ""last_close"", ""last_price_date"", ""net_income"", ""revenue"", ""total_assets"", ""total_liabilities""]","[""Primary market data missing or incomplete.""]",Primary market data missing or incomplete.,,,156005.0,,156005.0,,,,PARTIAL_PROVISIONAL_DATA,provisional_structured,,,,,,,,,
DGC,Công ty Cổ phần Tập đoàn Hóa chất Đức Giang,BLOCKED_INSUFFICIENT_MARKET_DATA,REJECTED,True,False,PROVISIONAL_PRIMARY_ONLY,PROVISIONAL_LOW,NOT_AVAILABLE,NEEDS_MANUAL_BCTC_REVIEW,"[""capex"", ""cfo"", ""equity"", ""gross_profit"", ""last_close"", ""last_price_date"", ""net_income"", ""revenue"", ""total_assets"", ""total_liabilities""]","[""Primary market data missing or incomplete.""]",Primary market data missing or incomplete.,,,1998540.0,,1998540.0,,,,PARTIAL_PROVISIONAL_DATA,provisional_structured,,,,,,,,,
DGT,Công ty Cổ phần Công trình Giao thông Đồng Nai,BLOCKED_INSUFFICIENT_MARKET_DATA,REJECTED,True,False,PROVISIONAL_PRIMARY_ONLY,PROVISIONAL_LOW,NOT_AVAILABLE,NEEDS_MANUAL_BCTC_REVIEW,"[""capex"", ""cfo"", ""equity"", ""gross_profit"", ""last_close"", ""last_price_date"", ""net_income"", ""revenue"", ""total_assets"", ""total_liabilities""]","[""Primary market data missing or incomplete.""]",Primary market data missing or incomplete.,,,85540.0,,85540.0,,,,PARTIAL_PROVISIONAL_DATA,provisional_structured,,,,,,,,,
DGW,Công ty Cổ phần Thế Giới Số,BLOCKED_INSUFFICIENT_MARKET_DATA,REJECTED,True,False,PROVISIONAL_PRIMARY_ONLY,PROVISIONAL_LOW,NOT_AVAILABLE,NEEDS_MANUAL_BCTC_REVIEW,"[""capex"", ""cfo"", ""equity"", ""gross_profit"", ""last_close"", ""last_price_date"", ""net_income"", ""revenue"", ""total_assets"", ""total_liabilities""]","[""Primary market data missing or incomplete.""]",Primary market data missing or incomplete.,,,1041740.0,,1041740.0,,,,PARTIAL_PROVISIONAL_DATA,provisional_structured,,,,,,,,,
DHA,Công ty Cổ phần Hóa An,BLOCKED_INSUFFICIENT_MARKET_DATA,REJECTED,True,False,PROVISIONAL_PRIMARY_ONLY,PROVISIONAL_LOW,NOT_AVAILABLE,NEEDS_MANUAL_BCTC_REVIEW,"[""capex"", ""cfo"", ""equity"", ""gross_profit"", ""last_close"", ""last_price_date"", ""net_income"", ""revenue"", ""total_assets"", ""total_liabilities""]","[""Primary market data missing or incomplete.""]",Primary market data missing or incomplete.,,,68640.0,,68640.0,,,,PARTIAL_PROVISIONAL_DATA,provisional_structured,,,,,,,,,
DHB,Công ty Cổ phần Phân đạm và Hóa chất Hà Bắc,BLOCKED_INSUFFICIENT_MARKET_DATA,REJECTED,True,False,PROVISIONAL_PRIMARY_ONLY,PROVISIONAL_LOW,NOT_AVAILABLE,NEEDS_MANUAL_BCTC_REVIEW,"[""capex"", ""cfo"", ""equity"", ""gross_profit"", ""last_price_date"", ""net_income"", ""revenue"", ""total_assets"", ""total_liabilities""]","[""Primary market data missing or incomplete.""]",Primary market data missing or incomplete.,,12.4,5380.0,,5380.0,66712.0,,,PARTIAL_PROVISIONAL_DATA,provisional_structured,,,,,,,,,
DHC,Công ty Cổ phần Đông Hải Bến Tre,BLOCKED_INSUFFICIENT_MARKET_DATA,REJECTED,True,False,PROVISIONAL_PRIMARY_ONLY,PROVISIONAL_LOW,NOT_AVAILABLE,NEEDS_MANUAL_BCTC_REVIEW,"[""capex"", ""cfo"", ""equity"", ""gross_profit"", ""last_close"", ""last_price_date"", ""net_income"", ""revenue"", ""total_assets"", ""total_liabilities""]","[""Primary market data missing or incomplete.""]",Primary market data missing or incomplete.,,,153590.0,,153590.0,,,,PARTIAL_PROVISIONAL_DATA,provisional_structured,,,,,,,,,
DHD,Công ty Cổ phần Dược Vật Tư Y Tế Hải Dương,BLOCKED_INSUFFICIENT_MARKET_DATA,REJECTED,True,False,PROVISIONAL_PRIMARY_ONLY,PROVISIONAL_LOW,NOT_AVAILABLE,NEEDS_MANUAL_BCTC_REVIEW,"[""capex"", ""cfo"", ""equity"", ""gross_profit"", ""last_close"", ""last_price_date"", ""net_income"", ""revenue"", ""total_assets"", ""total_liabilities""]","[""Primary market data missing or incomplete.""]",Primary market data missing or incomplete.,,,3240.0,,3240.0,,,,PARTIAL_PROVISIONAL_DATA,provisional_structured,,,,,,,,,
DHG,Công ty Cổ phần Dược Hậu Giang,BLOCKED_INSUFFICIENT_MARKET_DATA,REJECTED,True,False,PROVISIONAL_PRIMARY_ONLY,PROVISIONAL_LOW,NOT_AVAILABLE,NEEDS_MANUAL_BCTC_REVIEW,"[""capex"", ""cfo"", ""equity"", ""gross_profit"", ""last_close"", ""last_price_date"", ""net_income"", ""revenue"", ""total_assets"", ""total_liabilities""]","[""Primary market data missing or incomplete.""]",Primary market data missing or incomplete.,,,9940.0,,9940.0,,,,PARTIAL_PROVISIONAL_DATA,provisional_structured,,,,,,,,,
DHM,Công ty Cổ phần Đầu tư và Thương mại DHM,BLOCKED_INSUFFICIENT_MARKET_DATA,REJECTED,True,False,PROVISIONAL_PRIMARY_ONLY,PROVISIONAL_LOW,NOT_AVAILABLE,NEEDS_MANUAL_BCTC_REVIEW,"[""capex"", ""cfo"", ""equity"", ""gross_profit"", ""last_close"", ""last_price_date"", ""net_income"", ""revenue"", ""total_assets"", ""total_liabilities""]","[""Primary market data missing or incomplete.""]",Primary market data missing or incomplete.,,,730.0,,730.0,,,,PARTIAL_PROVISIONAL_DATA,provisional_structured,,,,,,,,,
DHN,Công ty Cổ phần Dược phẩm Hà Nội,BLOCKED_INSUFFICIENT_MARKET_DATA,REJECTED,True,False,PROVISIONAL_PRIMARY_ONLY,PROVISIONAL_LOW,NOT_AVAILABLE,NEEDS_MANUAL_BCTC_REVIEW,"[""capex"", ""cfo"", ""equity"", ""gross_profit"", ""last_close"", ""last_price_date"", ""net_income"", ""revenue"", ""total_assets"", ""total_liabilities""]","[""Primary market data missing or incomplete.""]",Primary market data missing or incomplete.,,,440.0,,440.0,,,,PARTIAL_PROVISIONAL_DATA,provisional_structured,,,,,,,,,
DHP,Công ty Cổ phần Điện cơ Hải Phòng,BLOCKED_INSUFFICIENT_MARKET_DATA,REJECTED,True,False,PROVISIONAL_PRIMARY_ONLY,PROVISIONAL_LOW,NOT_AVAILABLE,NEEDS_MANUAL_BCTC_REVIEW,"[""capex"", ""cfo"", ""equity"", ""gross_profit"", ""last_close"", ""last_price_date"", ""net_income"", ""revenue"", ""total_assets"", ""total_liabilities""]","[""Primary market data missing or incomplete.""]",Primary market data missing or incomplete.,,,330.0,,330.0,,,,PARTIAL_PROVISIONAL_DATA,provisional_structured,,,,,,,,,
DHT,Công ty Cổ phần Dược phẩm Hà Tây,BLOCKED_INSUFFICIENT_MARKET_DATA,REJECTED,True,False,PROVISIONAL_PRIMARY_ONLY,PROVISIONAL_LOW,NOT_AVAILABLE,NEEDS_MANUAL_BCTC_REVIEW,"[""capex"", ""cfo"", ""equity"", ""gross_profit"", ""last_price_date"", ""net_income"", ""revenue"", ""total_assets"", ""total_liabilities""]","[""Primary market data missing or incomplete.""]",Primary market data missing or incomplete.,,68.1,3140.0,,3140.0,213834.0,,,PARTIAL_PROVISIONAL_DATA,provisional_structured,,,,,,,,,
DIC,Công ty Cổ phần Đầu tư và Thương mại DIC,BLOCKED_INSUFFICIENT_MARKET_DATA,REJECTED,True,False,PROVISIONAL_PRIMARY_ONLY,PROVISIONAL_LOW,NOT_AVAILABLE,NEEDS_MANUAL_BCTC_REVIEW,"[""capex"", ""cfo"", ""equity"", ""gross_profit"", ""last_close"", ""last_price_date"", ""net_income"", ""revenue"", ""total_assets"", ""total_liabilities""]","[""Primary market data missing or incomplete.""]",Primary market data missing or incomplete.,,,27100.0,,27100.0,,,,PARTIAL_PROVISIONAL_DATA,provisional_structured,,,,,,,,,
DID,Công ty Cổ phần DIC - Đồng Tiến,BLOCKED_INSUFFICIENT_MARKET_DATA,REJECTED,True,False,PROVISIONAL_PRIMARY_ONLY,PROVISIONAL_LOW,NOT_AVAILABLE,NEEDS_MANUAL_BCTC_REVIEW,"[""capex"", ""cfo"", ""equity"", ""gross_profit"", ""last_close"", ""last_price_date"", ""net_income"", ""revenue"", ""total_assets"", ""total_liabilities""]","[""Primary market data missing or incomplete.""]",Primary market data missing or incomplete.,,,1540.0,,1540.0,,,,PARTIAL_PROVISIONAL_DATA,provisional_structured,,,,,,,,,
DIG,Tổng Công ty Cổ phần Đầu tư Phát triển Xây dựng,BLOCKED_INSUFFICIENT_MARKET_DATA,REJECTED,True,False,PROVISIONAL_PRIMARY_ONLY,PROVISIONAL_LOW,NOT_AVAILABLE,NEEDS_MANUAL_BCTC_REVIEW,"[""capex"", ""cfo"", ""equity"", ""gross_profit"", ""last_close"", ""last_price_date"", ""net_income"", ""revenue"", ""total_assets"", ""total_liabilities""]","[""Primary market data missing or incomplete.""]",Primary market data missing or incomplete.,,,9797410.0,,9797410.0,,,,PARTIAL_PROVISIONAL_DATA,provisional_structured,,,,,,,,,
DIH,Công ty Cổ phần Đầu tư Phát triển Xây dựng - Hội An,BLOCKED_INSUFFICIENT_MARKET_DATA,REJECTED,True,False,PROVISIONAL_PRIMARY_ONLY,PROVISIONAL_LOW,NOT_AVAILABLE,NEEDS_MANUAL_BCTC_REVIEW,"[""capex"", ""cfo"", ""equity"", ""gross_profit"", ""last_close"", ""last_price_date"", ""net_income"", ""revenue"", ""total_assets"", ""total_liabilities""]","[""Primary market data missing or incomplete.""]",Primary market data missing or incomplete.,,,2870.0,,2870.0,,,,PARTIAL_PROVISIONAL_DATA,provisional_structured,,,,,,,,,
DKC,Công ty Cổ phần Chợ Lạng Sơn,BLOCKED_INSUFFICIENT_MARKET_DATA,REJECTED,True,False,PROVISIONAL_PRIMARY_ONLY,PROVISIONAL_LOW,NOT_AVAILABLE,NEEDS_MANUAL_BCTC_REVIEW,"[""avg_volume_20d"", ""capex"", ""cfo"", ""equity"", ""gross_profit"", ""last_close"", ""last_price_date"", ""net_income"", ""revenue"", ""total_assets"", ""total_liabilities""]","[""Primary market data missing or incomplete.""]",Primary market data missing or incomplete.,,,,,,,,,INSUFFICIENT_DATA,provisional_structured,,,,,,,,,
DKG,Công ty Cổ Phần Tập đoàn DamiK,BLOCKED_INSUFFICIENT_MARKET_DATA,REJECTED,True,False,PROVISIONAL_PRIMARY_ONLY,PROVISIONAL_LOW,NOT_AVAILABLE,NEEDS_MANUAL_BCTC_REVIEW,"[""avg_volume_20d"", ""capex"", ""cfo"", ""equity"", ""gross_profit"", ""last_close"", ""last_price_date"", ""net_income"", ""revenue"", ""total_assets"", ""total_liabilities""]","[""Primary market data missing or incomplete.""]",Primary market data missing or incomplete.,,,,,,,,,INSUFFICIENT_DATA,provisional_structured,,,,,,,,,
DKH,Trung tâm Đăng kiểm phương tiện Giao thông Thủy bộ,BLOCKED_INSUFFICIENT_MARKET_DATA,REJECTED,True,False,PROVISIONAL_PRIMARY_ONLY,PROVISIONAL_LOW,NOT_AVAILABLE,NEEDS_MANUAL_BCTC_REVIEW,"[""avg_volume_20d"", ""capex"", ""cfo"", ""equity"", ""gross_profit"", ""last_close"", ""last_price_date"", ""net_income"", ""revenue"", ""total_assets"", ""total_liabilities""]","[""Primary market data missing or incomplete.""]",Primary market data missing or incomplete.,,,,,,,,,INSUFFICIENT_DATA,provisional_structured,,,,,,,,,
DKW,Công ty Cổ phần Cấp nước sinh hoạt Châu Thành,BLOCKED_INSUFFICIENT_MARKET_DATA,REJECTED,True,False,PROVISIONAL_PRIMARY_ONLY,PROVISIONAL_LOW,NOT_AVAILABLE,NEEDS_MANUAL_BCTC_REVIEW,"[""avg_volume_20d"", ""capex"", ""cfo"", ""equity"", ""gross_profit"", ""last_close"", ""last_price_date"", ""net_income"", ""revenue"", ""total_assets"", ""total_liabilities""]","[""Primary market data missing or incomplete.""]",Primary market data missing or incomplete.,,,,,,,,,INSUFFICIENT_DATA,provisional_structured,,,,,,,,,
DL1,Công ty Cổ phần Tập đoàn Alpha Seven,BLOCKED_INSUFFICIENT_MARKET_DATA,REJECTED,True,False,PROVISIONAL_PRIMARY_ONLY,PROVISIONAL_LOW,NOT_AVAILABLE,NEEDS_MANUAL_BCTC_REVIEW,"[""capex"", ""cfo"", ""equity"", ""gross_profit"", ""last_close"", ""last_price_date"", ""net_income"", ""revenue"", ""total_assets"", ""total_liabilities""]","[""Primary market data missing or incomplete.""]",Primary market data missing or incomplete.,,,501050.0,,501050.0,,,,PARTIAL_PROVISIONAL_DATA,provisional_structured,,,,,,,,,
DLD,Công ty Cổ phần Du lịch Đắk Lắk,BLOCKED_INSUFFICIENT_MARKET_DATA,REJECTED,True,False,PROVISIONAL_PRIMARY_ONLY,PROVISIONAL_LOW,NOT_AVAILABLE,NEEDS_MANUAL_BCTC_REVIEW,"[""capex"", ""cfo"", ""equity"", ""gross_profit"", ""last_close"", ""last_price_date"", ""net_income"", ""revenue"", ""total_assets"", ""total_liabilities""]","[""Primary market data missing or incomplete.""]",Primary market data missing or incomplete.,,,1.0,,1.0,,,,PARTIAL_PROVISIONAL_DATA,provisional_structured,,,,,,,,,
DLG,Công ty Cổ phần Tập đoàn Đức Long Gia Lai,BLOCKED_INSUFFICIENT_MARKET_DATA,REJECTED,True,False,PROVISIONAL_PRIMARY_ONLY,PROVISIONAL_LOW,NOT_AVAILABLE,NEEDS_MANUAL_BCTC_REVIEW,"[""capex"", ""cfo"", ""equity"", ""gross_profit"", ""last_close"", ""last_price_date"", ""net_income"", ""revenue"", ""total_assets"", ""total_liabilities""]","[""Primary market data missing or incomplete.""]",Primary market data missing or incomplete.,,,817750.0,,817750.0,,,,PARTIAL_PROVISIONAL_DATA,provisional_structured,,,,,,,,,
DLM,Công ty Cổ phần Chiếu sáng công cộng Đà Nẵng,BLOCKED_INSUFFICIENT_MARKET_DATA,REJECTED,True,False,PROVISIONAL_PRIMARY_ONLY,PROVISIONAL_LOW,NOT_AVAILABLE,NEEDS_MANUAL_BCTC_REVIEW,"[""avg_volume_20d"", ""capex"", ""cfo"", ""equity"", ""gross_profit"", ""last_close"", ""last_price_date"", ""net_income"", ""revenue"", ""total_assets"", ""total_liabilities""]","[""Primary market data missing or incomplete.""]",Primary market data missing or incomplete.,,,,,,,,,INSUFFICIENT_DATA,provisional_structured,,,,,,,,,
DLR,Công ty Cổ phần Địa ốc Đà Lạt,BLOCKED_INSUFFICIENT_MARKET_DATA,REJECTED,True,False,PROVISIONAL_PRIMARY_ONLY,PROVISIONAL_LOW,NOT_AVAILABLE,NEEDS_MANUAL_BCTC_REVIEW,"[""avg_volume_20d"", ""capex"", ""cfo"", ""equity"", ""gross_profit"", ""last_close"", ""last_price_date"", ""net_income"", ""revenue"", ""total_assets"", ""total_liabilities""]","[""Primary market data missing or incomplete.""]",Primary market data missing or incomplete.,,,,,,,,,INSUFFICIENT_DATA,provisional_structured,,,,,,,,,
DLT,Công ty Cổ phần Du lịch và Thương mại - Vinacomin,BLOCKED_INSUFFICIENT_MARKET_DATA,REJECTED,True,False,PROVISIONAL_PRIMARY_ONLY,PROVISIONAL_LOW,NOT_AVAILABLE,NEEDS_MANUAL_BCTC_REVIEW,"[""avg_volume_20d"", ""capex"", ""cfo"", ""equity"", ""gross_profit"", ""last_close"", ""last_price_date"", ""net_income"", ""revenue"", ""total_assets"", ""total_liabilities""]","[""Primary market data missing or incomplete.""]",Primary market data missing or incomplete.,,,,,,,,,INSUFFICIENT_DATA,provisional_structured,,,,,,,,,
DM7,Công ty Cổ phần Dệt may 7,BLOCKED_INSUFFICIENT_MARKET_DATA,REJECTED,True,False,PROVISIONAL_PRIMARY_ONLY,PROVISIONAL_LOW,NOT_AVAILABLE,NEEDS_MANUAL_BCTC_REVIEW,"[""avg_volume_20d"", ""capex"", ""cfo"", ""equity"", ""gross_profit"", ""last_close"", ""last_price_date"", ""net_income"", ""revenue"", ""total_assets"", ""total_liabilities""]","[""Primary market data missing or incomplete.""]",Primary market data missing or incomplete.,,,,,,,,,INSUFFICIENT_DATA,provisional_structured,,,,,,,,,
DMC,Công ty Cổ phần Xuất nhập khẩu Y tế DOMESCO,BLOCKED_INSUFFICIENT_MARKET_DATA,REJECTED,True,False,PROVISIONAL_PRIMARY_ONLY,PROVISIONAL_LOW,NOT_AVAILABLE,NEEDS_MANUAL_BCTC_REVIEW,"[""capex"", ""cfo"", ""equity"", ""gross_profit"", ""last_close"", ""last_price_date"", ""net_income"", ""revenue"", ""total_assets"", ""total_liabilities""]","[""Primary market data missing or incomplete.""]",Primary market data missing or incomplete.,,,340.0,,340.0,,,,PARTIAL_PROVISIONAL_DATA,provisional_structured,,,,,,,,,
DMN,Công ty Cổ phần Domenal,BLOCKED_INSUFFICIENT_MARKET_DATA,REJECTED,True,False,PROVISIONAL_PRIMARY_ONLY,PROVISIONAL_LOW,NOT_AVAILABLE,NEEDS_MANUAL_BCTC_REVIEW,"[""capex"", ""cfo"", ""equity"", ""gross_profit"", ""last_close"", ""last_price_date"", ""net_income"", ""revenue"", ""total_assets"", ""total_liabilities""]","[""Primary market data missing or incomplete.""]",Primary market data missing or incomplete.,,,410.0,,410.0,,,,PARTIAL_PROVISIONAL_DATA,provisional_structured,,,,,,,,,
DMS,Công ty Cổ phần Hóa phẩm dầu khí DMC - Miền Nam,BLOCKED_INSUFFICIENT_MARKET_DATA,REJECTED,True,False,PROVISIONAL_PRIMARY_ONLY,PROVISIONAL_LOW,NOT_AVAILABLE,NEEDS_MANUAL_BCTC_REVIEW,"[""avg_volume_20d"", ""capex"", ""cfo"", ""equity"", ""gross_profit"", ""last_close"", ""last_price_date"", ""net_income"", ""revenue"", ""total_assets"", ""total_liabilities""]","[""Primary market data missing or incomplete.""]",Primary market data missing or incomplete.,,,,,,,,,INSUFFICIENT_DATA,provisional_structured,,,,,,,,,
DNA,Công ty Cổ phần Điện nước An Giang,BLOCKED_INSUFFICIENT_MARKET_DATA,REJECTED,True,False,PROVISIONAL_PRIMARY_ONLY,PROVISIONAL_LOW,NOT_AVAILABLE,NEEDS_MANUAL_BCTC_REVIEW,"[""capex"", ""cfo"", ""equity"", ""gross_profit"", ""last_close"", ""last_price_date"", ""net_income"", ""revenue"", ""total_assets"", ""total_liabilities""]","[""Primary market data missing or incomplete.""]",Primary market data missing or incomplete.,,,1360.0,,1360.0,,,,PARTIAL_PROVISIONAL_DATA,provisional_structured,,,,,,,,,
DNB,Công ty Cổ phần Sách và Thiết bị trường học Đắk Nông,BLOCKED_INSUFFICIENT_MARKET_DATA,REJECTED,True,False,PROVISIONAL_PRIMARY_ONLY,PROVISIONAL_LOW,NOT_AVAILABLE,NEEDS_MANUAL_BCTC_REVIEW,"[""avg_volume_20d"", ""capex"", ""cfo"", ""equity"", ""gross_profit"", ""last_close"", ""last_price_date"", ""net_income"", ""revenue"", ""total_assets"", ""total_liabilities""]","[""Primary market data missing or incomplete.""]",Primary market data missing or incomplete.,,,,,,,,,INSUFFICIENT_DATA,provisional_structured,,,,,,,,,
DNC,Công ty Cổ phần Điện nước Lắp máy Hải Phòng,BLOCKED_INSUFFICIENT_MARKET_DATA,REJECTED,True,False,PROVISIONAL_PRIMARY_ONLY,PROVISIONAL_LOW,NOT_AVAILABLE,NEEDS_MANUAL_BCTC_REVIEW,"[""capex"", ""cfo"", ""equity"", ""gross_profit"", ""last_close"", ""last_price_date"", ""net_income"", ""revenue"", ""total_assets"", ""total_liabilities""]","[""Primary market data missing or incomplete.""]",Primary market data missing or incomplete.,,,10.0,,10.0,,,,PARTIAL_PROVISIONAL_DATA,provisional_structured,,,,,,,,,
DND,Công ty Cổ phần Đầu tư Xây dựng và Vật liệu Đồng Nai,BLOCKED_INSUFFICIENT_MARKET_DATA,REJECTED,True,False,PROVISIONAL_PRIMARY_ONLY,PROVISIONAL_LOW,NOT_AVAILABLE,NEEDS_MANUAL_BCTC_REVIEW,"[""capex"", ""cfo"", ""equity"", ""gross_profit"", ""last_close"", ""last_price_date"", ""net_income"", ""revenue"", ""total_assets"", ""total_liabilities""]","[""Primary market data missing or incomplete.""]",Primary market data missing or incomplete.,,,250.0,,250.0,,,,PARTIAL_PROVISIONAL_DATA,provisional_structured,,,,,,,,,
DNE,Công ty Cổ phần Môi trường Đô thị Đà Nẵng,BLOCKED_INSUFFICIENT_MARKET_DATA,REJECTED,True,False,PROVISIONAL_PRIMARY_ONLY,PROVISIONAL_LOW,NOT_AVAILABLE,NEEDS_MANUAL_BCTC_REVIEW,"[""capex"", ""cfo"", ""equity"", ""gross_profit"", ""last_close"", ""last_price_date"", ""net_income"", ""revenue"", ""total_assets"", ""total_liabilities""]","[""Primary market data missing or incomplete.""]",Primary market data missing or incomplete.,,,90.0,,90.0,,,,PARTIAL_PROVISIONAL_DATA,provisional_structured,,,,,,,,,
DNH,Công ty Cổ phần Thủy điện Đa Nhim - Hàm Thuận - Đa Mi,BLOCKED_INSUFFICIENT_MARKET_DATA,REJECTED,True,False,PROVISIONAL_PRIMARY_ONLY,PROVISIONAL_LOW,NOT_AVAILABLE,NEEDS_MANUAL_BCTC_REVIEW,"[""capex"", ""cfo"", ""equity"", ""gross_profit"", ""last_close"", ""last_price_date"", ""net_income"", ""revenue"", ""total_assets"", ""total_liabilities""]","[""Primary market data missing or incomplete.""]",Primary market data missing or incomplete.,,,410.0,,410.0,,,,PARTIAL_PROVISIONAL_DATA,provisional_structured,,,,,,,,,
DNL,Công ty Cổ phần Logistics Cảng Đà Nẵng,BLOCKED_INSUFFICIENT_MARKET_DATA,REJECTED,True,False,PROVISIONAL_PRIMARY_ONLY,PROVISIONAL_LOW,NOT_AVAILABLE,NEEDS_MANUAL_BCTC_REVIEW,"[""avg_volume_20d"", ""capex"", ""cfo"", ""equity"", ""gross_profit"", ""last_close"", ""last_price_date"", ""net_income"", ""revenue"", ""total_assets"", ""total_liabilities""]","[""Primary market data missing or incomplete.""]",Primary market data missing or incomplete.,,,,,,,,,INSUFFICIENT_DATA,provisional_structured,,,,,,,,,
DNM,Tổng Công ty Cổ phần Y tế Danameco,BLOCKED_INSUFFICIENT_MARKET_DATA,REJECTED,True,False,PROVISIONAL_PRIMARY_ONLY,PROVISIONAL_LOW,NOT_AVAILABLE,NEEDS_MANUAL_BCTC_REVIEW,"[""capex"", ""cfo"", ""equity"", ""gross_profit"", ""last_close"", ""last_price_date"", ""net_income"", ""revenue"", ""total_assets"", ""total_liabilities""]","[""Primary market data missing or incomplete.""]",Primary market data missing or incomplete.,,,1140.0,,1140.0,,,,PARTIAL_PROVISIONAL_DATA,provisional_structured,,,,,,,,,
DNN,Công ty Cổ phần Cấp nước Đà Nẵng,BLOCKED_INSUFFICIENT_MARKET_DATA,REJECTED,True,False,PROVISIONAL_PRIMARY_ONLY,PROVISIONAL_LOW,NOT_AVAILABLE,NEEDS_MANUAL_BCTC_REVIEW,"[""capex"", ""cfo"", ""equity"", ""gross_profit"", ""last_close"", ""last_price_date"", ""net_income"", ""revenue"", ""total_assets"", ""total_liabilities""]","[""Primary market data missing or incomplete.""]",Primary market data missing or incomplete.,,,20.0,,20.0,,,,PARTIAL_PROVISIONAL_DATA,provisional_structured,,,,,,,,,
DNP,Công ty Cổ phần DNP Holding,BLOCKED_INSUFFICIENT_MARKET_DATA,REJECTED,True,False,PROVISIONAL_PRIMARY_ONLY,PROVISIONAL_LOW,NOT_AVAILABLE,NEEDS_MANUAL_BCTC_REVIEW,"[""capex"", ""cfo"", ""equity"", ""gross_profit"", ""last_close"", ""last_price_date"", ""net_income"", ""revenue"", ""total_assets"", ""total_liabilities""]","[""Primary market data missing or incomplete.""]",Primary market data missing or incomplete.,,,290.0,,290.0,,,,PARTIAL_PROVISIONAL_DATA,provisional_structured,,,,,,,,,
DNT,Công ty Cổ phần Du lịch Đồng Nai,BLOCKED_INSUFFICIENT_MARKET_DATA,REJECTED,True,False,PROVISIONAL_PRIMARY_ONLY,PROVISIONAL_LOW,NOT_AVAILABLE,NEEDS_MANUAL_BCTC_REVIEW,"[""avg_volume_20d"", ""capex"", ""cfo"", ""equity"", ""gross_profit"", ""last_close"", ""last_price_date"", ""net_income"", ""revenue"", ""total_assets"", ""total_liabilities""]","[""Primary market data missing or incomplete.""]",Primary market data missing or incomplete.,,,,,,,,,INSUFFICIENT_DATA,provisional_structured,,,,,,,,,
DNW,Công ty Cổ phần Cấp nước Đồng Nai,BLOCKED_INSUFFICIENT_MARKET_DATA,REJECTED,True,False,PROVISIONAL_PRIMARY_ONLY,PROVISIONAL_LOW,NOT_AVAILABLE,NEEDS_MANUAL_BCTC_REVIEW,"[""capex"", ""cfo"", ""equity"", ""gross_profit"", ""last_close"", ""last_price_date"", ""net_income"", ""revenue"", ""total_assets"", ""total_liabilities""]","[""Primary market data missing or incomplete.""]",Primary market data missing or incomplete.,,,1610.0,,1610.0,,,,PARTIAL_PROVISIONAL_DATA,provisional_structured,,,,,,,,,
DOC,Công ty Cổ phần Vật tư nông nghiệp Đồng Nai,BLOCKED_INSUFFICIENT_MARKET_DATA,REJECTED,True,False,PROVISIONAL_PRIMARY_ONLY,PROVISIONAL_LOW,NOT_AVAILABLE,NEEDS_MANUAL_BCTC_REVIEW,"[""avg_volume_20d"", ""capex"", ""cfo"", ""equity"", ""gross_profit"", ""last_close"", ""last_price_date"", ""net_income"", ""revenue"", ""total_assets"", ""total_liabilities""]","[""Primary market data missing or incomplete.""]",Primary market data missing or incomplete.,,,,,,,,,INSUFFICIENT_DATA,provisional_structured,,,,,,,,,
DOP,Công ty Cổ phần Vận tải Xăng dầu Đồng Tháp,BLOCKED_INSUFFICIENT_MARKET_DATA,REJECTED,True,False,PROVISIONAL_PRIMARY_ONLY,PROVISIONAL_LOW,NOT_AVAILABLE,NEEDS_MANUAL_BCTC_REVIEW,"[""capex"", ""cfo"", ""equity"", ""gross_profit"", ""last_close"", ""last_price_date"", ""net_income"", ""revenue"", ""total_assets"", ""total_liabilities""]","[""Primary market data missing or incomplete.""]",Primary market data missing or incomplete.,,,160.0,,160.0,,,,PARTIAL_PROVISIONAL_DATA,provisional_structured,,,,,,,,,
DP1,Công ty Cổ phần Dược phẩm Trung ương CPC1,BLOCKED_INSUFFICIENT_MARKET_DATA,REJECTED,True,False,PROVISIONAL_PRIMARY_ONLY,PROVISIONAL_LOW,NOT_AVAILABLE,NEEDS_MANUAL_BCTC_REVIEW,"[""capex"", ""cfo"", ""equity"", ""gross_profit"", ""last_close"", ""last_price_date"", ""net_income"", ""revenue"", ""total_assets"", ""total_liabilities""]","[""Primary market data missing or incomplete.""]",Primary market data missing or incomplete.,,,1150.0,,1150.0,,,,PARTIAL_PROVISIONAL_DATA,provisional_structured,,,,,,,,,
DP2,Công ty Cổ phần Dược phẩm Trung ương 2,BLOCKED_INSUFFICIENT_MARKET_DATA,REJECTED,True,False,PROVISIONAL_PRIMARY_ONLY,PROVISIONAL_LOW,NOT_AVAILABLE,NEEDS_MANUAL_BCTC_REVIEW,"[""capex"", ""cfo"", ""equity"", ""gross_profit"", ""last_close"", ""last_price_date"", ""net_income"", ""revenue"", ""total_assets"", ""total_liabilities""]","[""Primary market data missing or incomplete.""]",Primary market data missing or incomplete.,,,120.0,,120.0,,,,PARTIAL_PROVISIONAL_DATA,provisional_structured,,,,,,,,,
DP3,Công ty Cổ Phần Dược Phẩm Trung Ương 3,BLOCKED_INSUFFICIENT_MARKET_DATA,REJECTED,True,False,PROVISIONAL_PRIMARY_ONLY,PROVISIONAL_LOW,NOT_AVAILABLE,NEEDS_MANUAL_BCTC_REVIEW,"[""capex"", ""cfo"", ""equity"", ""gross_profit"", ""last_close"", ""last_price_date"", ""net_income"", ""revenue"", ""total_assets"", ""total_liabilities""]","[""Primary market data missing or incomplete.""]",Primary market data missing or incomplete.,,,4710.0,,4710.0,,,,PARTIAL_PROVISIONAL_DATA,provisional_structured,,,,,,,,,
DPC,Công ty Cổ phần Nhựa Đà Nẵng,BLOCKED_INSUFFICIENT_MARKET_DATA,REJECTED,True,False,PROVISIONAL_PRIMARY_ONLY,PROVISIONAL_LOW,NOT_AVAILABLE,NEEDS_MANUAL_BCTC_REVIEW,"[""capex"", ""cfo"", ""equity"", ""gross_profit"", ""last_close"", ""last_price_date"", ""net_income"", ""revenue"", ""total_assets"", ""total_liabilities""]","[""Primary market data missing or incomplete.""]",Primary market data missing or incomplete.,,,450.0,,450.0,,,,PARTIAL_PROVISIONAL_DATA,provisional_structured,,,,,,,,,
DPD,CTCP Cao su Đồng Phú - Đắk Nông,BLOCKED_INSUFFICIENT_MARKET_DATA,REJECTED,True,False,PROVISIONAL_PRIMARY_ONLY,PROVISIONAL_LOW,NOT_AVAILABLE,NEEDS_MANUAL_BCTC_REVIEW,"[""avg_volume_20d"", ""capex"", ""cfo"", ""equity"", ""gross_profit"", ""last_close"", ""last_price_date"", ""net_income"", ""revenue"", ""total_assets"", ""total_liabilities""]","[""Primary market data missing or incomplete.""]",Primary market data missing or incomplete.,,,,,,,,,INSUFFICIENT_DATA,provisional_structured,,,,,,,,,
DPG,Công ty Cổ phần Tập đoàn Đạt Phương,BLOCKED_INSUFFICIENT_MARKET_DATA,REJECTED,True,False,PROVISIONAL_PRIMARY_ONLY,PROVISIONAL_LOW,NOT_AVAILABLE,NEEDS_MANUAL_BCTC_REVIEW,"[""capex"", ""cfo"", ""equity"", ""gross_profit"", ""last_close"", ""last_price_date"", ""net_income"", ""revenue"", ""total_assets"", ""total_liabilities""]","[""Primary market data missing or incomplete.""]",Primary market data missing or incomplete.,,,502130.0,,502130.0,,,,PARTIAL_PROVISIONAL_DATA,provisional_structured,,,,,,,,,
DPH,Công ty Cổ phần Dược phẩm Hải Phòng,BLOCKED_INSUFFICIENT_MARKET_DATA,REJECTED,True,False,PROVISIONAL_PRIMARY_ONLY,PROVISIONAL_LOW,NOT_AVAILABLE,NEEDS_MANUAL_BCTC_REVIEW,"[""avg_volume_20d"", ""capex"", ""cfo"", ""equity"", ""gross_profit"", ""last_close"", ""last_price_date"", ""net_income"", ""revenue"", ""total_assets"", ""total_liabilities""]","[""Primary market data missing or incomplete.""]",Primary market data missing or incomplete.,,,,,,,,,INSUFFICIENT_DATA,provisional_structured,,,,,,,,,
DPM,Tổng Công ty Phân bón và Hóa chất Dầu khí - Công ty Cổ phần,BLOCKED_INSUFFICIENT_MARKET_DATA,REJECTED,True,False,PROVISIONAL_PRIMARY_ONLY,PROVISIONAL_LOW,NOT_AVAILABLE,NEEDS_MANUAL_BCTC_REVIEW,"[""capex"", ""cfo"", ""equity"", ""gross_profit"", ""last_close"", ""last_price_date"", ""net_income"", ""revenue"", ""total_assets"", ""total_liabilities""]","[""Primary market data missing or incomplete.""]",Primary market data missing or incomplete.,,,4193620.0,,4193620.0,,,,PARTIAL_PROVISIONAL_DATA,provisional_structured,,,,,,,,,
DPP,Công ty Cổ phần Dược Đồng Nai,BLOCKED_INSUFFICIENT_MARKET_DATA,REJECTED,True,False,PROVISIONAL_PRIMARY_ONLY,PROVISIONAL_LOW,NOT_AVAILABLE,NEEDS_MANUAL_BCTC_REVIEW,"[""avg_volume_20d"", ""capex"", ""cfo"", ""equity"", ""gross_profit"", ""last_close"", ""last_price_date"", ""net_income"", ""revenue"", ""total_assets"", ""total_liabilities""]","[""Primary market data missing or incomplete.""]",Primary market data missing or incomplete.,,,,,,,,,INSUFFICIENT_DATA,provisional_structured,,,,,,,,,
DPR,Công ty Cổ phần Cao su Đồng Phú,BLOCKED_INSUFFICIENT_MARKET_DATA,REJECTED,True,False,PROVISIONAL_PRIMARY_ONLY,PROVISIONAL_LOW,NOT_AVAILABLE,NEEDS_MANUAL_BCTC_REVIEW,"[""capex"", ""cfo"", ""equity"", ""gross_profit"", ""last_close"", ""last_price_date"", ""net_income"", ""revenue"", ""total_assets"", ""total_liabilities""]","[""Primary market data missing or incomplete.""]",Primary market data missing or incomplete.,,,784640.0,,784640.0,,,,PARTIAL_PROVISIONAL_DATA,provisional_structured,,,,,,,,,
DPS,Công ty Cổ phần Đầu tư Phát triển Sóc Sơn,BLOCKED_INSUFFICIENT_MARKET_DATA,REJECTED,True,False,PROVISIONAL_PRIMARY_ONLY,PROVISIONAL_LOW,NOT_AVAILABLE,NEEDS_MANUAL_BCTC_REVIEW,"[""avg_volume_20d"", ""capex"", ""cfo"", ""equity"", ""gross_profit"", ""last_close"", ""last_price_date"", ""net_income"", ""revenue"", ""total_assets"", ""total_liabilities""]","[""Primary market data missing or incomplete.""]",Primary market data missing or incomplete.,,,,,,,,,INSUFFICIENT_DATA,provisional_structured,,,,,,,,,
DQC,Công ty Cổ phần Tập đoàn Điện Quang,BLOCKED_INSUFFICIENT_MARKET_DATA,REJECTED,True,False,PROVISIONAL_PRIMARY_ONLY,PROVISIONAL_LOW,NOT_AVAILABLE,NEEDS_MANUAL_BCTC_REVIEW,"[""capex"", ""cfo"", ""equity"", ""gross_profit"", ""last_close"", ""last_price_date"", ""net_income"", ""revenue"", ""total_assets"", ""total_liabilities""]","[""Primary market data missing or incomplete.""]",Primary market data missing or incomplete.,,,19730.0,,19730.0,,,,PARTIAL_PROVISIONAL_DATA,provisional_structured,,,,,,,,,
DRC,Công ty Cổ phần Cao su Đà Nẵng,BLOCKED_INSUFFICIENT_MARKET_DATA,REJECTED,True,False,PROVISIONAL_PRIMARY_ONLY,PROVISIONAL_LOW,NOT_AVAILABLE,NEEDS_MANUAL_BCTC_REVIEW,"[""capex"", ""cfo"", ""equity"", ""gross_profit"", ""last_close"", ""last_price_date"", ""net_income"", ""revenue"", ""total_assets"", ""total_liabilities""]","[""Primary market data missing or incomplete.""]",Primary market data missing or incomplete.,,,257910.0,,257910.0,,,,PARTIAL_PROVISIONAL_DATA,provisional_structured,,,,,,,,,
DRG,Công ty Cổ phần Cao su Đắk Lắk,BLOCKED_INSUFFICIENT_MARKET_DATA,REJECTED,True,False,PROVISIONAL_PRIMARY_ONLY,PROVISIONAL_LOW,NOT_AVAILABLE,NEEDS_MANUAL_BCTC_REVIEW,"[""capex"", ""cfo"", ""equity"", ""gross_profit"", ""last_close"", ""last_price_date"", ""net_income"", ""revenue"", ""total_assets"", ""total_liabilities""]","[""Primary market data missing or incomplete.""]",Primary market data missing or incomplete.,,,2400.0,,2400.0,,,,PARTIAL_PROVISIONAL_DATA,provisional_structured,,,,,,,,,
DRH,Công ty Cổ phần DRH Holdings,BLOCKED_INSUFFICIENT_MARKET_DATA,REJECTED,True,False,PROVISIONAL_PRIMARY_ONLY,PROVISIONAL_LOW,NOT_AVAILABLE,NEEDS_MANUAL_BCTC_REVIEW,"[""capex"", ""cfo"", ""equity"", ""gross_profit"", ""last_close"", ""last_price_date"", ""net_income"", ""revenue"", ""total_assets"", ""total_liabilities""]","[""Primary market data missing or incomplete.""]",Primary market data missing or incomplete.,,,383990.0,,383990.0,,,,PARTIAL_PROVISIONAL_DATA,provisional_structured,,,,,,,,,
DRI,Công ty Cổ phần Đầu tư Cao su Đắk Lắk,BLOCKED_INSUFFICIENT_MARKET_DATA,REJECTED,True,False,PROVISIONAL_PRIMARY_ONLY,PROVISIONAL_LOW,NOT_AVAILABLE,NEEDS_MANUAL_BCTC_REVIEW,"[""capex"", ""cfo"", ""equity"", ""gross_profit"", ""last_close"", ""last_price_date"", ""net_income"", ""revenue"", ""total_assets"", ""total_liabilities""]","[""Primary market data missing or incomplete.""]",Primary market data missing or incomplete.,,,996580.0,,996580.0,,,,PARTIAL_PROVISIONAL_DATA,provisional_structured,,,,,,,,,
DRL,Công ty Cổ phần Thủy điện - Điện lực 3,BLOCKED_INSUFFICIENT_MARKET_DATA,REJECTED,True,False,PROVISIONAL_PRIMARY_ONLY,PROVISIONAL_LOW,NOT_AVAILABLE,NEEDS_MANUAL_BCTC_REVIEW,"[""capex"", ""cfo"", ""equity"", ""gross_profit"", ""last_close"", ""last_price_date"", ""net_income"", ""revenue"", ""total_assets"", ""total_liabilities""]","[""Primary market data missing or incomplete.""]",Primary market data missing or incomplete.,,,1700.0,,1700.0,,,,PARTIAL_PROVISIONAL_DATA,provisional_structured,,,,,,,,,
DS3,Công ty Cổ phần DS3,BLOCKED_INSUFFICIENT_MARKET_DATA,REJECTED,True,False,PROVISIONAL_PRIMARY_ONLY,PROVISIONAL_LOW,NOT_AVAILABLE,NEEDS_MANUAL_BCTC_REVIEW,"[""capex"", ""cfo"", ""equity"", ""gross_profit"", ""last_close"", ""last_price_date"", ""net_income"", ""revenue"", ""total_assets"", ""total_liabilities""]","[""Primary market data missing or incomplete.""]",Primary market data missing or incomplete.,,,920.0,,920.0,,,,PARTIAL_PROVISIONAL_DATA,provisional_structured,,,,,,,,,
DSC,Công ty Cổ phần Chứng khoán DSC,BLOCKED_INSUFFICIENT_MARKET_DATA,REJECTED,True,False,PROVISIONAL_PRIMARY_ONLY,PROVISIONAL_LOW,NOT_AVAILABLE,NEEDS_MANUAL_BCTC_REVIEW,"[""capex"", ""cfo"", ""equity"", ""gross_profit"", ""last_close"", ""last_price_date"", ""net_income"", ""revenue"", ""total_assets"", ""total_liabilities""]","[""Primary market data missing or incomplete.""]",Primary market data missing or incomplete.,,,16830.0,,16830.0,,,,PARTIAL_PROVISIONAL_DATA,provisional_structured,,,,,,,,,
DSD,Công ty cổ phần DHC Suối Đôi,BLOCKED_INSUFFICIENT_MARKET_DATA,REJECTED,True,False,PROVISIONAL_PRIMARY_ONLY,PROVISIONAL_LOW,NOT_AVAILABLE,NEEDS_MANUAL_BCTC_REVIEW,"[""avg_volume_20d"", ""capex"", ""cfo"", ""equity"", ""gross_profit"", ""last_close"", ""last_price_date"", ""net_income"", ""revenue"", ""total_assets"", ""total_liabilities""]","[""Primary market data missing or incomplete.""]",Primary market data missing or incomplete.,,,,,,,,,INSUFFICIENT_DATA,provisional_structured,,,,,,,,,
DSE,Công ty Cổ phần Chứng khoán DNSE,BLOCKED_INSUFFICIENT_MARKET_DATA,REJECTED,True,False,PROVISIONAL_PRIMARY_ONLY,PROVISIONAL_LOW,NOT_AVAILABLE,NEEDS_MANUAL_BCTC_REVIEW,"[""avg_volume_20d"", ""capex"", ""cfo"", ""equity"", ""gross_profit"", ""last_close"", ""last_price_date"", ""net_income"", ""revenue"", ""total_assets"", ""total_liabilities""]","[""Primary market data missing or incomplete.""]",Primary market data missing or incomplete.,,,,,,,,,INSUFFICIENT_DATA,provisional_structured,,,,,,,,,
DSG,Công ty Cổ phần Kính Đáp Cầu,BLOCKED_INSUFFICIENT_MARKET_DATA,REJECTED,True,False,PROVISIONAL_PRIMARY_ONLY,PROVISIONAL_LOW,NOT_AVAILABLE,NEEDS_MANUAL_BCTC_REVIEW,"[""capex"", ""cfo"", ""equity"", ""gross_profit"", ""last_close"", ""last_price_date"", ""net_income"", ""revenue"", ""total_assets"", ""total_liabilities""]","[""Primary market data missing or incomplete.""]",Primary market data missing or incomplete.,,,530.0,,530.0,,,,PARTIAL_PROVISIONAL_DATA,provisional_structured,,,,,,,,,
DSH,Công ty Cổ phần Đông Sơn Holdings,BLOCKED_INSUFFICIENT_MARKET_DATA,REJECTED,True,False,PROVISIONAL_PRIMARY_ONLY,PROVISIONAL_LOW,NOT_AVAILABLE,NEEDS_MANUAL_BCTC_REVIEW,"[""avg_volume_20d"", ""capex"", ""cfo"", ""equity"", ""gross_profit"", ""last_close"", ""last_price_date"", ""net_income"", ""revenue"", ""total_assets"", ""total_liabilities""]","[""Primary market data missing or incomplete.""]",Primary market data missing or incomplete.,,,,,,,,,INSUFFICIENT_DATA,provisional_structured,,,,,,,,,
DSN,Công ty Cổ phần Công viên nước Đầm Sen,BLOCKED_INSUFFICIENT_MARKET_DATA,REJECTED,True,False,PROVISIONAL_PRIMARY_ONLY,PROVISIONAL_LOW,NOT_AVAILABLE,NEEDS_MANUAL_BCTC_REVIEW,"[""capex"", ""cfo"", ""equity"", ""gross_profit"", ""last_close"", ""last_price_date"", ""net_income"", ""revenue"", ""total_assets"", ""total_liabilities""]","[""Primary market data missing or incomplete.""]",Primary market data missing or incomplete.,,,5120.0,,5120.0,,,,PARTIAL_PROVISIONAL_DATA,provisional_structured,,,,,,,,,
DSP,Công ty Cổ phần Dịch vụ Du lịch Phú Thọ,BLOCKED_INSUFFICIENT_MARKET_DATA,REJECTED,True,False,PROVISIONAL_PRIMARY_ONLY,PROVISIONAL_LOW,NOT_AVAILABLE,NEEDS_MANUAL_BCTC_REVIEW,"[""avg_volume_20d"", ""capex"", ""cfo"", ""equity"", ""gross_profit"", ""last_close"", ""last_price_date"", ""net_income"", ""revenue"", ""total_assets"", ""total_liabilities""]","[""Primary market data missing or incomplete.""]",Primary market data missing or incomplete.,,,,,,,,,INSUFFICIENT_DATA,provisional_structured,,,,,,,,,
DST,Công ty Cổ phần Đầu tư Sao Thăng Long,BLOCKED_INSUFFICIENT_MARKET_DATA,REJECTED,True,False,PROVISIONAL_PRIMARY_ONLY,PROVISIONAL_LOW,NOT_AVAILABLE,NEEDS_MANUAL_BCTC_REVIEW,"[""capex"", ""cfo"", ""equity"", ""gross_profit"", ""last_price_date"", ""net_income"", ""revenue"", ""total_assets"", ""total_liabilities""]","[""Primary market data missing or incomplete.""]",Primary market data missing or incomplete.,,5.8,456930.0,,456930.0,2650194.0,,,PARTIAL_PROVISIONAL_DATA,provisional_structured,,,,,,,,,
DSV,Công ty Cổ phần Đường sắt Vĩnh Phú,BLOCKED_INSUFFICIENT_MARKET_DATA,REJECTED,True,False,PROVISIONAL_PRIMARY_ONLY,PROVISIONAL_LOW,NOT_AVAILABLE,NEEDS_MANUAL_BCTC_REVIEW,"[""capex"", ""cfo"", ""equity"", ""gross_profit"", ""last_close"", ""last_price_date"", ""net_income"", ""revenue"", ""total_assets"", ""total_liabilities""]","[""Primary market data missing or incomplete.""]",Primary market data missing or incomplete.,,,90.0,,90.0,,,,PARTIAL_PROVISIONAL_DATA,provisional_structured,,,,,,,,,
DT4,Công ty Cổ phần Quản lý Đường sông số 4,BLOCKED_INSUFFICIENT_MARKET_DATA,REJECTED,True,False,PROVISIONAL_PRIMARY_ONLY,PROVISIONAL_LOW,NOT_AVAILABLE,NEEDS_MANUAL_BCTC_REVIEW,"[""capex"", ""cfo"", ""equity"", ""gross_profit"", ""last_close"", ""last_price_date"", ""net_income"", ""revenue"", ""total_assets"", ""total_liabilities""]","[""Primary market data missing or incomplete.""]",Primary market data missing or incomplete.,,,30.0,,30.0,,,,PARTIAL_PROVISIONAL_DATA,provisional_structured,,,,,,,,,
DTA,Công ty Cổ phần Đệ Tam,BLOCKED_INSUFFICIENT_MARKET_DATA,REJECTED,True,False,PROVISIONAL_PRIMARY_ONLY,PROVISIONAL_LOW,NOT_AVAILABLE,NEEDS_MANUAL_BCTC_REVIEW,"[""capex"", ""cfo"", ""equity"", ""gross_profit"", ""last_close"", ""last_price_date"", ""net_income"", ""revenue"", ""total_assets"", ""total_liabilities""]","[""Primary market data missing or incomplete.""]",Primary market data missing or incomplete.,,,11520.0,,11520.0,,,,PARTIAL_PROVISIONAL_DATA,provisional_structured,,,,,,,,,
DTB,Công ty Cổ phần Công trình Đô thị Bảo Lộc,BLOCKED_INSUFFICIENT_MARKET_DATA,REJECTED,True,False,PROVISIONAL_PRIMARY_ONLY,PROVISIONAL_LOW,NOT_AVAILABLE,NEEDS_MANUAL_BCTC_REVIEW,"[""capex"", ""cfo"", ""equity"", ""gross_profit"", ""last_close"", ""last_price_date"", ""net_income"", ""revenue"", ""total_assets"", ""total_liabilities""]","[""Primary market data missing or incomplete.""]",Primary market data missing or incomplete.,,,2080.0,,2080.0,,,,PARTIAL_PROVISIONAL_DATA,provisional_structured,,,,,,,,,
DTC,Công ty Cổ phần Viglacera Đông Triều,BLOCKED_INSUFFICIENT_MARKET_DATA,REJECTED,True,False,PROVISIONAL_PRIMARY_ONLY,PROVISIONAL_LOW,NOT_AVAILABLE,NEEDS_MANUAL_BCTC_REVIEW,"[""capex"", ""cfo"", ""equity"", ""gross_profit"", ""last_close"", ""last_price_date"", ""net_income"", ""revenue"", ""total_assets"", ""total_liabilities""]","[""Primary market data missing or incomplete.""]",Primary market data missing or incomplete.,,,100.0,,100.0,,,,PARTIAL_PROVISIONAL_DATA,provisional_structured,,,,,,,,,
DTD,Công ty Cổ phần Đầu tư Phát triển Thành Đạt,BLOCKED_INSUFFICIENT_MARKET_DATA,REJECTED,True,False,PROVISIONAL_PRIMARY_ONLY,PROVISIONAL_LOW,NOT_AVAILABLE,NEEDS_MANUAL_BCTC_REVIEW,"[""capex"", ""cfo"", ""equity"", ""gross_profit"", ""last_close"", ""last_price_date"", ""net_income"", ""revenue"", ""total_assets"", ""total_liabilities""]","[""Primary market data missing or incomplete.""]",Primary market data missing or incomplete.,,,136550.0,,136550.0,,,,PARTIAL_PROVISIONAL_DATA,provisional_structured,,,,,,,,,
DTE,Công ty Cổ phần Đầu tư Năng lượng Đại Trường Thành Holdings,BLOCKED_INSUFFICIENT_MARKET_DATA,REJECTED,True,False,PROVISIONAL_PRIMARY_ONLY,PROVISIONAL_LOW,NOT_AVAILABLE,NEEDS_MANUAL_BCTC_REVIEW,"[""capex"", ""cfo"", ""equity"", ""gross_profit"", ""last_close"", ""last_price_date"", ""net_income"", ""revenue"", ""total_assets"", ""total_liabilities""]","[""Primary market data missing or incomplete.""]",Primary market data missing or incomplete.,,,20.0,,20.0,,,,PARTIAL_PROVISIONAL_DATA,provisional_structured,,,,,,,,,
DTG,Công ty Cổ phần Dược phẩm Tipharco,BLOCKED_INSUFFICIENT_MARKET_DATA,REJECTED,True,False,PROVISIONAL_PRIMARY_ONLY,PROVISIONAL_LOW,NOT_AVAILABLE,NEEDS_MANUAL_BCTC_REVIEW,"[""capex"", ""cfo"", ""equity"", ""gross_profit"", ""last_close"", ""last_price_date"", ""net_income"", ""revenue"", ""total_assets"", ""total_liabilities""]","[""Primary market data missing or incomplete.""]",Primary market data missing or incomplete.,,,50.0,,50.0,,,,PARTIAL_PROVISIONAL_DATA,provisional_structured,,,,,,,,,
DTH,Công ty Cổ phần Dược - Vật tư Y tế Thanh Hóa,BLOCKED_INSUFFICIENT_MARKET_DATA,REJECTED,True,False,PROVISIONAL_PRIMARY_ONLY,PROVISIONAL_LOW,NOT_AVAILABLE,NEEDS_MANUAL_BCTC_REVIEW,"[""capex"", ""cfo"", ""equity"", ""gross_profit"", ""last_close"", ""last_price_date"", ""net_income"", ""revenue"", ""total_assets"", ""total_liabilities""]","[""Primary market data missing or incomplete.""]",Primary market data missing or incomplete.,,,80.0,,80.0,,,,PARTIAL_PROVISIONAL_DATA,provisional_structured,,,,,,,,,
DTI,Công ty Cổ phần Đầu tư Đức Trung,BLOCKED_INSUFFICIENT_MARKET_DATA,REJECTED,True,False,PROVISIONAL_PRIMARY_ONLY,PROVISIONAL_LOW,NOT_AVAILABLE,NEEDS_MANUAL_BCTC_REVIEW,"[""capex"", ""cfo"", ""equity"", ""gross_profit"", ""last_price_date"", ""net_income"", ""revenue"", ""total_assets"", ""total_liabilities""]","[""Primary market data missing or incomplete.""]",Primary market data missing or incomplete.,,1.9,4490.0,,4490.0,8531.0,,,PARTIAL_PROVISIONAL_DATA,provisional_structured,,,,,,,,,
DTK,Tổng Công ty Điện lực TKV - Công ty Cổ phần,BLOCKED_INSUFFICIENT_MARKET_DATA,REJECTED,True,False,PROVISIONAL_PRIMARY_ONLY,PROVISIONAL_LOW,NOT_AVAILABLE,NEEDS_MANUAL_BCTC_REVIEW,"[""capex"", ""cfo"", ""equity"", ""gross_profit"", ""last_close"", ""last_price_date"", ""net_income"", ""revenue"", ""total_assets"", ""total_liabilities""]","[""Primary market data missing or incomplete.""]",Primary market data missing or incomplete.,,,13200.0,,13200.0,,,,PARTIAL_PROVISIONAL_DATA,provisional_structured,,,,,,,,,
DTL,Công ty Cổ phần Đại Thiên Lộc,BLOCKED_INSUFFICIENT_MARKET_DATA,REJECTED,True,False,PROVISIONAL_PRIMARY_ONLY,PROVISIONAL_LOW,NOT_AVAILABLE,NEEDS_MANUAL_BCTC_REVIEW,"[""capex"", ""cfo"", ""equity"", ""gross_profit"", ""last_close"", ""last_price_date"", ""net_income"", ""revenue"", ""total_assets"", ""total_liabilities""]","[""Primary market data missing or incomplete.""]",Primary market data missing or incomplete.,,,1140.0,,1140.0,,,,PARTIAL_PROVISIONAL_DATA,provisional_structured,,,,,,,,,
DTP,Công ty Cổ phần Dược phẩm CPC1 Hà Nội,BLOCKED_INSUFFICIENT_MARKET_DATA,REJECTED,True,False,PROVISIONAL_PRIMARY_ONLY,PROVISIONAL_LOW,NOT_AVAILABLE,NEEDS_MANUAL_BCTC_REVIEW,"[""capex"", ""cfo"", ""equity"", ""gross_profit"", ""last_close"", ""last_price_date"", ""net_income"", ""revenue"", ""total_assets"", ""total_liabilities""]","[""Primary market data missing or incomplete.""]",Primary market data missing or incomplete.,,,7540.0,,7540.0,,,,PARTIAL_PROVISIONAL_DATA,provisional_structured,,,,,,,,,
DTT,Công ty Cổ phần Kỹ nghệ Đô Thành,BLOCKED_INSUFFICIENT_MARKET_DATA,REJECTED,True,False,PROVISIONAL_PRIMARY_ONLY,PROVISIONAL_LOW,NOT_AVAILABLE,NEEDS_MANUAL_BCTC_REVIEW,"[""avg_volume_20d"", ""capex"", ""cfo"", ""equity"", ""gross_profit"", ""last_close"", ""last_price_date"", ""net_income"", ""revenue"", ""total_assets"", ""total_liabilities""]","[""Primary market data missing or incomplete.""]",Primary market data missing or incomplete.,,,,,,,,,INSUFFICIENT_DATA,provisional_structured,,,,,,,,,
DTV,Công ty Cổ phần Phát triển điện Trà Vinh,BLOCKED_INSUFFICIENT_MARKET_DATA,REJECTED,True,False,PROVISIONAL_PRIMARY_ONLY,PROVISIONAL_LOW,NOT_AVAILABLE,NEEDS_MANUAL_BCTC_REVIEW,"[""capex"", ""cfo"", ""equity"", ""gross_profit"", ""last_close"", ""last_price_date"", ""net_income"", ""revenue"", ""total_assets"", ""total_liabilities""]","[""Primary market data missing or incomplete.""]",Primary market data missing or incomplete.,,,1170.0,,1170.0,,,,PARTIAL_PROVISIONAL_DATA,provisional_structured,,,,,,,,,
DUS,Công ty Cổ phần Dịch vụ Đô thị Đà Lạt,BLOCKED_INSUFFICIENT_MARKET_DATA,REJECTED,True,False,PROVISIONAL_PRIMARY_ONLY,PROVISIONAL_LOW,NOT_AVAILABLE,NEEDS_MANUAL_BCTC_REVIEW,"[""avg_volume_20d"", ""capex"", ""cfo"", ""equity"", ""gross_profit"", ""last_close"", ""last_price_date"", ""net_income"", ""revenue"", ""total_assets"", ""total_liabilities""]","[""Primary market data missing or incomplete.""]",Primary market data missing or incomplete.,,,,,,,,,INSUFFICIENT_DATA,provisional_structured,,,,,,,,,
DVC,Công ty Cổ phần Thương mại dịch vụ Tổng Hợp Cảng Hải Phòng,BLOCKED_INSUFFICIENT_MARKET_DATA,REJECTED,True,False,PROVISIONAL_PRIMARY_ONLY,PROVISIONAL_LOW,NOT_AVAILABLE,NEEDS_MANUAL_BCTC_REVIEW,"[""avg_volume_20d"", ""capex"", ""cfo"", ""equity"", ""gross_profit"", ""last_close"", ""last_price_date"", ""net_income"", ""revenue"", ""total_assets"", ""total_liabilities""]","[""Primary market data missing or incomplete.""]",Primary market data missing or incomplete.,,,,,,,,,INSUFFICIENT_DATA,provisional_structured,,,,,,,,,
DVG,Công ty Cổ phần Đại Việt Group DVG,BLOCKED_INSUFFICIENT_MARKET_DATA,REJECTED,True,False,PROVISIONAL_PRIMARY_ONLY,PROVISIONAL_LOW,NOT_AVAILABLE,NEEDS_MANUAL_BCTC_REVIEW,"[""capex"", ""cfo"", ""equity"", ""gross_profit"", ""last_close"", ""last_price_date"", ""net_income"", ""revenue"", ""total_assets"", ""total_liabilities""]","[""Primary market data missing or incomplete.""]",Primary market data missing or incomplete.,,,334817.0,,334817.0,,,,PARTIAL_PROVISIONAL_DATA,provisional_structured,,,,,,,,,
DVM,Công ty Cổ phần Dược liệu Việt Nam,BLOCKED_INSUFFICIENT_MARKET_DATA,REJECTED,True,False,PROVISIONAL_PRIMARY_ONLY,PROVISIONAL_LOW,NOT_AVAILABLE,NEEDS_MANUAL_BCTC_REVIEW,"[""capex"", ""cfo"", ""equity"", ""gross_profit"", ""last_close"", ""last_price_date"", ""net_income"", ""revenue"", ""total_assets"", ""total_liabilities""]","[""Primary market data missing or incomplete.""]",Primary market data missing or incomplete.,,,90260.0,,90260.0,,,,PARTIAL_PROVISIONAL_DATA,provisional_structured,,,,,,,,,
DVN,Tổng Công ty Dược Việt Nam - CTCP,BLOCKED_INSUFFICIENT_MARKET_DATA,REJECTED,True,False,PROVISIONAL_PRIMARY_ONLY,PROVISIONAL_LOW,NOT_AVAILABLE,NEEDS_MANUAL_BCTC_REVIEW,"[""capex"", ""cfo"", ""equity"", ""gross_profit"", ""last_close"", ""last_price_date"", ""net_income"", ""revenue"", ""total_assets"", ""total_liabilities""]","[""Primary market data missing or incomplete.""]",Primary market data missing or incomplete.,,,46610.0,,46610.0,,,,PARTIAL_PROVISIONAL_DATA,provisional_structured,,,,,,,,,
DVP,Công ty Cổ phần Đầu tư và Phát triển Cảng Đình Vũ,BLOCKED_INSUFFICIENT_MARKET_DATA,REJECTED,True,False,PROVISIONAL_PRIMARY_ONLY,PROVISIONAL_LOW,NOT_AVAILABLE,NEEDS_MANUAL_BCTC_REVIEW,"[""capex"", ""cfo"", ""equity"", ""gross_profit"", ""last_close"", ""last_price_date"", ""net_income"", ""revenue"", ""total_assets"", ""total_liabilities""]","[""Primary market data missing or incomplete.""]",Primary market data missing or incomplete.,,,11930.0,,11930.0,,,,PARTIAL_PROVISIONAL_DATA,provisional_structured,,,,,,,,,
DVT,Công ty Cổ phần Đào tạo và Dịch vụ Giao thông vận tải Bình Định,BLOCKED_INSUFFICIENT_MARKET_DATA,REJECTED,True,False,PROVISIONAL_PRIMARY_ONLY,PROVISIONAL_LOW,NOT_AVAILABLE,NEEDS_MANUAL_BCTC_REVIEW,"[""avg_volume_20d"", ""capex"", ""cfo"", ""equity"", ""gross_profit"", ""last_close"", ""last_price_date"", ""net_income"", ""revenue"", ""total_assets"", ""total_liabilities""]","[""Primary market data missing or incomplete.""]",Primary market data missing or incomplete.,,,,,,,,,INSUFFICIENT_DATA,provisional_structured,,,,,,,,,
DVW,Công ty Cổ phần Dịch vụ và Xây dựng cấp nước Đồng Nai,BLOCKED_INSUFFICIENT_MARKET_DATA,REJECTED,True,False,PROVISIONAL_PRIMARY_ONLY,PROVISIONAL_LOW,NOT_AVAILABLE,NEEDS_MANUAL_BCTC_REVIEW,"[""avg_volume_20d"", ""capex"", ""cfo"", ""equity"", ""gross_profit"", ""last_close"", ""last_price_date"", ""net_income"", ""revenue"", ""total_assets"", ""total_liabilities""]","[""Primary market data missing or incomplete.""]",Primary market data missing or incomplete.,,,,,,,,,INSUFFICIENT_DATA,provisional_structured,,,,,,,,,
DWC,Công ty Cổ phần Cấp nước Đắk Lắk,BLOCKED_INSUFFICIENT_MARKET_DATA,REJECTED,True,False,PROVISIONAL_PRIMARY_ONLY,PROVISIONAL_LOW,NOT_AVAILABLE,NEEDS_MANUAL_BCTC_REVIEW,"[""avg_volume_20d"", ""capex"", ""cfo"", ""equity"", ""gross_profit"", ""last_close"", ""last_price_date"", ""net_income"", ""revenue"", ""total_assets"", ""total_liabilities""]","[""Primary market data missing or incomplete.""]",Primary market data missing or incomplete.,,,,,,,,,INSUFFICIENT_DATA,provisional_structured,,,,,,,,,
DWS,Công ty Cổ phần Cấp nước và Môi trường Đô thị Đồng Tháp,BLOCKED_INSUFFICIENT_MARKET_DATA,REJECTED,True,False,PROVISIONAL_PRIMARY_ONLY,PROVISIONAL_LOW,NOT_AVAILABLE,NEEDS_MANUAL_BCTC_REVIEW,"[""avg_volume_20d"", ""capex"", ""cfo"", ""equity"", ""gross_profit"", ""last_close"", ""last_price_date"", ""net_income"", ""revenue"", ""total_assets"", ""total_liabilities""]","[""Primary market data missing or incomplete.""]",Primary market data missing or incomplete.,,,,,,,,,INSUFFICIENT_DATA,provisional_structured,,,,,,,,,
DX2,Công ty Cổ phần Đầu tư và Xây dựng 319.2,BLOCKED_INSUFFICIENT_MARKET_DATA,REJECTED,True,False,PROVISIONAL_PRIMARY_ONLY,PROVISIONAL_LOW,NOT_AVAILABLE,NEEDS_MANUAL_BCTC_REVIEW,"[""capex"", ""cfo"", ""equity"", ""gross_profit"", ""last_close"", ""last_price_date"", ""net_income"", ""revenue"", ""total_assets"", ""total_liabilities""]","[""Primary market data missing or incomplete.""]",Primary market data missing or incomplete.,,,6180.0,,6180.0,,,,PARTIAL_PROVISIONAL_DATA,provisional_structured,,,,,,,,,
DXG,Công ty Cổ phần Bluemarq Group,BLOCKED_INSUFFICIENT_MARKET_DATA,REJECTED,True,False,PROVISIONAL_PRIMARY_ONLY,PROVISIONAL_LOW,NOT_AVAILABLE,NEEDS_MANUAL_BCTC_REVIEW,"[""capex"", ""cfo"", ""equity"", ""gross_profit"", ""last_close"", ""last_price_date"", ""net_income"", ""revenue"", ""total_assets"", ""total_liabilities""]","[""Primary market data missing or incomplete.""]",Primary market data missing or incomplete.,,,18137500.0,,18137500.0,,,,PARTIAL_PROVISIONAL_DATA,provisional_structured,,,,,,,,,
DXL,Công ty Cổ phần Du lịch và Xuất nhập khẩu Lạng Sơn,BLOCKED_INSUFFICIENT_MARKET_DATA,REJECTED,True,False,PROVISIONAL_PRIMARY_ONLY,PROVISIONAL_LOW,NOT_AVAILABLE,NEEDS_MANUAL_BCTC_REVIEW,"[""avg_volume_20d"", ""capex"", ""cfo"", ""equity"", ""gross_profit"", ""last_close"", ""last_price_date"", ""net_income"", ""revenue"", ""total_assets"", ""total_liabilities""]","[""Primary market data missing or incomplete.""]",Primary market data missing or incomplete.,,,,,,,,,INSUFFICIENT_DATA,provisional_structured,,,,,,,,,
DXP,Công ty Cổ phần Cảng Đoạn Xá,BLOCKED_INSUFFICIENT_MARKET_DATA,REJECTED,True,False,PROVISIONAL_PRIMARY_ONLY,PROVISIONAL_LOW,NOT_AVAILABLE,NEEDS_MANUAL_BCTC_REVIEW,"[""capex"", ""cfo"", ""equity"", ""gross_profit"", ""last_close"", ""last_price_date"", ""net_income"", ""revenue"", ""total_assets"", ""total_liabilities""]","[""Primary market data missing or incomplete.""]",Primary market data missing or incomplete.,,,523970.0,,523970.0,,,,PARTIAL_PROVISIONAL_DATA,provisional_structured,,,,,,,,,
DXS,Công ty Cổ phần Dịch vụ Bất động sản Đất Xanh,BLOCKED_INSUFFICIENT_MARKET_DATA,REJECTED,True,False,PROVISIONAL_PRIMARY_ONLY,PROVISIONAL_LOW,NOT_AVAILABLE,NEEDS_MANUAL_BCTC_REVIEW,"[""capex"", ""cfo"", ""equity"", ""gross_profit"", ""last_close"", ""last_price_date"", ""net_income"", ""revenue"", ""total_assets"", ""total_liabilities""]","[""Primary market data missing or incomplete.""]",Primary market data missing or incomplete.,,,4285060.0,,4285060.0,,,,PARTIAL_PROVISIONAL_DATA,provisional_structured,,,,,,,,,
DXV,Công ty Cổ phần VICEM Vật liệu Xây dựng Đà Nẵng,BLOCKED_INSUFFICIENT_MARKET_DATA,REJECTED,True,False,PROVISIONAL_PRIMARY_ONLY,PROVISIONAL_LOW,NOT_AVAILABLE,NEEDS_MANUAL_BCTC_REVIEW,"[""capex"", ""cfo"", ""equity"", ""gross_profit"", ""last_close"", ""last_price_date"", ""net_income"", ""revenue"", ""total_assets"", ""total_liabilities""]","[""Primary market data missing or incomplete.""]",Primary market data missing or incomplete.,,,3760.0,,3760.0,,,,PARTIAL_PROVISIONAL_DATA,provisional_structured,,,,,,,,,
DZM,Công ty Cổ phần Cơ điện Dzĩ An,BLOCKED_INSUFFICIENT_MARKET_DATA,REJECTED,True,False,PROVISIONAL_PRIMARY_ONLY,PROVISIONAL_LOW,NOT_AVAILABLE,NEEDS_MANUAL_BCTC_REVIEW,"[""avg_volume_20d"", ""capex"", ""cfo"", ""equity"", ""gross_profit"", ""last_close"", ""last_price_date"", ""net_income"", ""revenue"", ""total_assets"", ""total_liabilities""]","[""Primary market data missing or incomplete.""]",Primary market data missing or incomplete.,,,,,,,,,INSUFFICIENT_DATA,provisional_structured,,,,,,,,,
E12,Công ty Cổ phần Xây Dựng Điện VNECO 12,BLOCKED_INSUFFICIENT_MARKET_DATA,REJECTED,True,False,PROVISIONAL_PRIMARY_ONLY,PROVISIONAL_LOW,NOT_AVAILABLE,NEEDS_MANUAL_BCTC_REVIEW,"[""capex"", ""cfo"", ""equity"", ""gross_profit"", ""last_close"", ""last_price_date"", ""net_income"", ""revenue"", ""total_assets"", ""total_liabilities""]","[""Primary market data missing or incomplete.""]",Primary market data missing or incomplete.,,,1140.0,,1140.0,,,,PARTIAL_PROVISIONAL_DATA,provisional_structured,,,,,,,,,
E29,Công ty cổ phần Đầu tư Xây dựng và Kỹ thuật 29,BLOCKED_INSUFFICIENT_MARKET_DATA,REJECTED,True,False,PROVISIONAL_PRIMARY_ONLY,PROVISIONAL_LOW,NOT_AVAILABLE,NEEDS_MANUAL_BCTC_REVIEW,"[""avg_volume_20d"", ""capex"", ""cfo"", ""equity"", ""gross_profit"", ""last_close"", ""last_price_date"", ""net_income"", ""revenue"", ""total_assets"", ""total_liabilities""]","[""Primary market data missing or incomplete.""]",Primary market data missing or incomplete.,,,,,,,,,INSUFFICIENT_DATA,provisional_structured,,,,,,,,,
EAD,Công ty Cổ phần Thủy điện Điện lực Đắk Lắk,BLOCKED_INSUFFICIENT_MARKET_DATA,REJECTED,True,False,PROVISIONAL_PRIMARY_ONLY,PROVISIONAL_LOW,NOT_AVAILABLE,NEEDS_MANUAL_BCTC_REVIEW,"[""capex"", ""cfo"", ""equity"", ""gross_profit"", ""last_close"", ""last_price_date"", ""net_income"", ""revenue"", ""total_assets"", ""total_liabilities""]","[""Primary market data missing or incomplete.""]",Primary market data missing or incomplete.,,,4030.0,,4030.0,,,,PARTIAL_PROVISIONAL_DATA,provisional_structured,,,,,,,,,
EBS,Công ty Cổ phần Sách Giáo dục tại Thành phố Hà Nội,BLOCKED_INSUFFICIENT_MARKET_DATA,REJECTED,True,False,PROVISIONAL_PRIMARY_ONLY,PROVISIONAL_LOW,NOT_AVAILABLE,NEEDS_MANUAL_BCTC_REVIEW,"[""capex"", ""cfo"", ""equity"", ""gross_profit"", ""last_close"", ""last_price_date"", ""net_income"", ""revenue"", ""total_assets"", ""total_liabilities""]","[""Primary market data missing or incomplete.""]",Primary market data missing or incomplete.,,,2560.0,,2560.0,,,,PARTIAL_PROVISIONAL_DATA,provisional_structured,,,,,,,,,
ECI,Công ty Cổ phần Tập đoàn ECI,BLOCKED_INSUFFICIENT_MARKET_DATA,REJECTED,True,False,PROVISIONAL_PRIMARY_ONLY,PROVISIONAL_LOW,NOT_AVAILABLE,NEEDS_MANUAL_BCTC_REVIEW,"[""avg_volume_20d"", ""capex"", ""cfo"", ""equity"", ""gross_profit"", ""last_close"", ""last_price_date"", ""net_income"", ""revenue"", ""total_assets"", ""total_liabilities""]","[""Primary market data missing or incomplete.""]",Primary market data missing or incomplete.,,,,,,,,,INSUFFICIENT_DATA,provisional_structured,,,,,,,,,
ECO,Công ty Cổ Phần Nhựa Sinh Thái Việt Nam,BLOCKED_INSUFFICIENT_MARKET_DATA,REJECTED,True,False,PROVISIONAL_PRIMARY_ONLY,PROVISIONAL_LOW,NOT_AVAILABLE,NEEDS_MANUAL_BCTC_REVIEW,"[""avg_volume_20d"", ""capex"", ""cfo"", ""equity"", ""gross_profit"", ""last_close"", ""last_price_date"", ""net_income"", ""revenue"", ""total_assets"", ""total_liabilities""]","[""Primary market data missing or incomplete.""]",Primary market data missing or incomplete.,,,,,,,,,INSUFFICIENT_DATA,provisional_structured,,,,,,,,,
EFI,Công ty Cổ phần Đầu tư Tài chính Giáo dục,BLOCKED_INSUFFICIENT_MARKET_DATA,REJECTED,True,False,PROVISIONAL_PRIMARY_ONLY,PROVISIONAL_LOW,NOT_AVAILABLE,NEEDS_MANUAL_BCTC_REVIEW,"[""capex"", ""cfo"", ""equity"", ""gross_profit"", ""last_close"", ""last_price_date"", ""net_income"", ""revenue"", ""total_assets"", ""total_liabilities""]","[""Primary market data missing or incomplete.""]",Primary market data missing or incomplete.,,,950.0,,950.0,,,,PARTIAL_PROVISIONAL_DATA,provisional_structured,,,,,,,,,
EGL,Công ty Cổ phần Môi Trường Đô Thị Gia Lâm,BLOCKED_INSUFFICIENT_MARKET_DATA,REJECTED,True,False,PROVISIONAL_PRIMARY_ONLY,PROVISIONAL_LOW,NOT_AVAILABLE,NEEDS_MANUAL_BCTC_REVIEW,"[""avg_volume_20d"", ""capex"", ""cfo"", ""equity"", ""gross_profit"", ""last_close"", ""last_price_date"", ""net_income"", ""revenue"", ""total_assets"", ""total_liabilities""]","[""Primary market data missing or incomplete.""]",Primary market data missing or incomplete.,,,,,,,,,INSUFFICIENT_DATA,provisional_structured,,,,,,,,,
EIB,Ngân hàng Thương mại Cổ phần Xuất nhập khẩu Việt Nam,BLOCKED_INSUFFICIENT_MARKET_DATA,REJECTED,True,False,PROVISIONAL_PRIMARY_ONLY,PROVISIONAL_LOW,NOT_AVAILABLE,NEEDS_MANUAL_BCTC_REVIEW,"[""capex"", ""cfo"", ""equity"", ""gross_profit"", ""last_close"", ""last_price_date"", ""net_income"", ""revenue"", ""total_assets"", ""total_liabilities""]","[""Primary market data missing or incomplete.""]",Primary market data missing or incomplete.,,,7842080.0,,7842080.0,,,,PARTIAL_PROVISIONAL_DATA,provisional_structured,,,,,,,,,
EIC,Công ty Cổ phần EVN Quốc Tế,BLOCKED_INSUFFICIENT_MARKET_DATA,REJECTED,True,False,PROVISIONAL_PRIMARY_ONLY,PROVISIONAL_LOW,NOT_AVAILABLE,NEEDS_MANUAL_BCTC_REVIEW,"[""capex"", ""cfo"", ""equity"", ""gross_profit"", ""last_close"", ""last_price_date"", ""net_income"", ""revenue"", ""total_assets"", ""total_liabilities""]","[""Primary market data missing or incomplete.""]",Primary market data missing or incomplete.,,,1450.0,,1450.0,,,,PARTIAL_PROVISIONAL_DATA,provisional_structured,,,,,,,,,
EID,Công ty Cổ phần Đầu tư và Phát triển Giáo dục Hà Nội,BLOCKED_INSUFFICIENT_MARKET_DATA,REJECTED,True,False,PROVISIONAL_PRIMARY_ONLY,PROVISIONAL_LOW,NOT_AVAILABLE,NEEDS_MANUAL_BCTC_REVIEW,"[""capex"", ""cfo"", ""equity"", ""gross_profit"", ""last_close"", ""last_price_date"", ""net_income"", ""revenue"", ""total_assets"", ""total_liabilities""]","[""Primary market data missing or incomplete.""]",Primary market data missing or incomplete.,,,2060.0,,2060.0,,,,PARTIAL_PROVISIONAL_DATA,provisional_structured,,,,,,,,,
EIN,Công ty Cổ phần Đầu tư - Thương Mại - Dịch vụ Điện lực,BLOCKED_INSUFFICIENT_MARKET_DATA,REJECTED,True,False,PROVISIONAL_PRIMARY_ONLY,PROVISIONAL_LOW,NOT_AVAILABLE,NEEDS_MANUAL_BCTC_REVIEW,"[""capex"", ""cfo"", ""equity"", ""gross_profit"", ""last_close"", ""last_price_date"", ""net_income"", ""revenue"", ""total_assets"", ""total_liabilities""]","[""Primary market data missing or incomplete.""]",Primary market data missing or incomplete.,,,4110.0,,4110.0,,,,PARTIAL_PROVISIONAL_DATA,provisional_structured,,,,,,,,,
ELC,Công ty Cổ phần Công nghệ - Viễn thông ELCOM,BLOCKED_INSUFFICIENT_MARKET_DATA,REJECTED,True,False,PROVISIONAL_PRIMARY_ONLY,PROVISIONAL_LOW,NOT_AVAILABLE,NEEDS_MANUAL_BCTC_REVIEW,"[""capex"", ""cfo"", ""equity"", ""gross_profit"", ""last_close"", ""last_price_date"", ""net_income"", ""revenue"", ""total_assets"", ""total_liabilities""]","[""Primary market data missing or incomplete.""]",Primary market data missing or incomplete.,,,521350.0,,521350.0,,,,PARTIAL_PROVISIONAL_DATA,provisional_structured,,,,,,,,,
EMC,Công ty Cổ phần Cơ điện Thủ Đức,BLOCKED_INSUFFICIENT_MARKET_DATA,REJECTED,True,False,PROVISIONAL_PRIMARY_ONLY,PROVISIONAL_LOW,NOT_AVAILABLE,NEEDS_MANUAL_BCTC_REVIEW,"[""capex"", ""cfo"", ""equity"", ""gross_profit"", ""last_price_date"", ""net_income"", ""revenue"", ""total_assets"", ""total_liabilities""]","[""Primary market data missing or incomplete.""]",Primary market data missing or incomplete.,,12.15,1280.0,,1280.0,15552.0,,,PARTIAL_PROVISIONAL_DATA,provisional_structured,,,,,,,,,
EME,Công ty Cổ phần Điện Cơ,BLOCKED_INSUFFICIENT_MARKET_DATA,REJECTED,True,False,PROVISIONAL_PRIMARY_ONLY,PROVISIONAL_LOW,NOT_AVAILABLE,NEEDS_MANUAL_BCTC_REVIEW,"[""avg_volume_20d"", ""capex"", ""cfo"", ""equity"", ""gross_profit"", ""last_close"", ""last_price_date"", ""net_income"", ""revenue"", ""total_assets"", ""total_liabilities""]","[""Primary market data missing or incomplete.""]",Primary market data missing or incomplete.,,,,,,,,,INSUFFICIENT_DATA,provisional_structured,,,,,,,,,
EMG,Công ty Cổ phần Thiết bị Phụ tùng Cơ điện,BLOCKED_INSUFFICIENT_MARKET_DATA,REJECTED,True,False,PROVISIONAL_PRIMARY_ONLY,PROVISIONAL_LOW,NOT_AVAILABLE,NEEDS_MANUAL_BCTC_REVIEW,"[""avg_volume_20d"", ""capex"", ""cfo"", ""equity"", ""gross_profit"", ""last_close"", ""last_price_date"", ""net_income"", ""revenue"", ""total_assets"", ""total_liabilities""]","[""Primary market data missing or incomplete.""]",Primary market data missing or incomplete.,,,,,,,,,INSUFFICIENT_DATA,provisional_structured,,,,,,,,,
EMS,Tổng Công ty Chuyển phát nhanh Bưu điện - Công ty Cổ phần,BLOCKED_INSUFFICIENT_MARKET_DATA,REJECTED,True,False,PROVISIONAL_PRIMARY_ONLY,PROVISIONAL_LOW,NOT_AVAILABLE,NEEDS_MANUAL_BCTC_REVIEW,"[""capex"", ""cfo"", ""equity"", ""gross_profit"", ""last_close"", ""last_price_date"", ""net_income"", ""revenue"", ""total_assets"", ""total_liabilities""]","[""Primary market data missing or incomplete.""]",Primary market data missing or incomplete.,,,730.0,,730.0,,,,PARTIAL_PROVISIONAL_DATA,provisional_structured,,,,,,,,,
EPC,Công ty Cổ phần Cà Phê Ea Pốk,BLOCKED_INSUFFICIENT_MARKET_DATA,REJECTED,True,False,PROVISIONAL_PRIMARY_ONLY,PROVISIONAL_LOW,NOT_AVAILABLE,NEEDS_MANUAL_BCTC_REVIEW,"[""capex"", ""cfo"", ""equity"", ""gross_profit"", ""last_close"", ""last_price_date"", ""net_income"", ""revenue"", ""total_assets"", ""total_liabilities""]","[""Primary market data missing or incomplete.""]",Primary market data missing or incomplete.,,,10.0,,10.0,,,,PARTIAL_PROVISIONAL_DATA,provisional_structured,,,,,,,,,
EPH,Công ty Cổ phần Dịch vụ Xuất bản Giáo dục Hà Nội,BLOCKED_INSUFFICIENT_MARKET_DATA,REJECTED,True,False,PROVISIONAL_PRIMARY_ONLY,PROVISIONAL_LOW,NOT_AVAILABLE,NEEDS_MANUAL_BCTC_REVIEW,"[""capex"", ""cfo"", ""equity"", ""gross_profit"", ""last_close"", ""last_price_date"", ""net_income"", ""revenue"", ""total_assets"", ""total_liabilities""]","[""Primary market data missing or incomplete.""]",Primary market data missing or incomplete.,,,11980.0,,11980.0,,,,PARTIAL_PROVISIONAL_DATA,provisional_structured,,,,,,,,,
EVE,Công ty Cổ phần Everpia,BLOCKED_INSUFFICIENT_MARKET_DATA,REJECTED,True,False,PROVISIONAL_PRIMARY_ONLY,PROVISIONAL_LOW,NOT_AVAILABLE,NEEDS_MANUAL_BCTC_REVIEW,"[""capex"", ""cfo"", ""equity"", ""gross_profit"", ""last_close"", ""last_price_date"", ""net_income"", ""revenue"", ""total_assets"", ""total_liabilities""]","[""Primary market data missing or incomplete.""]",Primary market data missing or incomplete.,,,27990.0,,27990.0,,,,PARTIAL_PROVISIONAL_DATA,provisional_structured,,,,,,,,,
EVF,Công ty Tài chính Tổng hợp Cổ phần Điện Lực,BLOCKED_INSUFFICIENT_MARKET_DATA,REJECTED,True,False,PROVISIONAL_PRIMARY_ONLY,PROVISIONAL_LOW,NOT_AVAILABLE,NEEDS_MANUAL_BCTC_REVIEW,"[""capex"", ""cfo"", ""equity"", ""gross_profit"", ""last_close"", ""last_price_date"", ""net_income"", ""revenue"", ""total_assets"", ""total_liabilities""]","[""Primary market data missing or incomplete.""]",Primary market data missing or incomplete.,,,5909470.0,,5909470.0,,,,PARTIAL_PROVISIONAL_DATA,provisional_structured,,,,,,,,,
EVG,Công ty Cổ phần Tập đoàn Everland,BLOCKED_INSUFFICIENT_MARKET_DATA,REJECTED,True,False,PROVISIONAL_PRIMARY_ONLY,PROVISIONAL_LOW,NOT_AVAILABLE,NEEDS_MANUAL_BCTC_REVIEW,"[""capex"", ""cfo"", ""equity"", ""gross_profit"", ""last_close"", ""last_price_date"", ""net_income"", ""revenue"", ""total_assets"", ""total_liabilities""]","[""Primary market data missing or incomplete.""]",Primary market data missing or incomplete.,,,432010.0,,432010.0,,,,PARTIAL_PROVISIONAL_DATA,provisional_structured,,,,,,,,,
EVS,Công ty Cổ phần Chứng khoán EVS,BLOCKED_INSUFFICIENT_MARKET_DATA,REJECTED,True,False,PROVISIONAL_PRIMARY_ONLY,PROVISIONAL_LOW,NOT_AVAILABLE,NEEDS_MANUAL_BCTC_REVIEW,"[""capex"", ""cfo"", ""equity"", ""gross_profit"", ""last_close"", ""last_price_date"", ""net_income"", ""revenue"", ""total_assets"", ""total_liabilities""]","[""Primary market data missing or incomplete.""]",Primary market data missing or incomplete.,,,87120.0,,87120.0,,,,PARTIAL_PROVISIONAL_DATA,provisional_structured,,,,,,,,,
F88,Công ty Cổ phần Đầu tư F88,BLOCKED_INSUFFICIENT_MARKET_DATA,REJECTED,True,False,PROVISIONAL_PRIMARY_ONLY,PROVISIONAL_LOW,NOT_AVAILABLE,NEEDS_MANUAL_BCTC_REVIEW,"[""avg_volume_20d"", ""capex"", ""cfo"", ""equity"", ""gross_profit"", ""last_close"", ""last_price_date"", ""net_income"", ""revenue"", ""total_assets"", ""total_liabilities""]","[""Primary market data missing or incomplete.""]",Primary market data missing or incomplete.,,,,,,,,,INSUFFICIENT_DATA,provisional_structured,,,,,,,,,
FBA,Công ty Cổ phần Tập đoàn Quốc tế FBA,BLOCKED_INSUFFICIENT_MARKET_DATA,REJECTED,True,False,PROVISIONAL_PRIMARY_ONLY,PROVISIONAL_LOW,NOT_AVAILABLE,NEEDS_MANUAL_BCTC_REVIEW,"[""avg_volume_20d"", ""capex"", ""cfo"", ""equity"", ""gross_profit"", ""last_close"", ""last_price_date"", ""net_income"", ""revenue"", ""total_assets"", ""total_liabilities""]","[""Primary market data missing or incomplete.""]",Primary market data missing or incomplete.,,,,,,,,,INSUFFICIENT_DATA,provisional_structured,,,,,,,,,
FBC,Công ty Cổ phần Cơ khí Phổ Yên,BLOCKED_INSUFFICIENT_MARKET_DATA,REJECTED,True,False,PROVISIONAL_PRIMARY_ONLY,PROVISIONAL_LOW,NOT_AVAILABLE,NEEDS_MANUAL_BCTC_REVIEW,"[""avg_volume_20d"", ""capex"", ""cfo"", ""equity"", ""gross_profit"", ""last_close"", ""last_price_date"", ""net_income"", ""revenue"", ""total_assets"", ""total_liabilities""]","[""Primary market data missing or incomplete.""]",Primary market data missing or incomplete.,,,,,,,,,INSUFFICIENT_DATA,provisional_structured,,,,,,,,,
FCC,Công ty Cổ phần Liên hợp Thực phẩm,BLOCKED_INSUFFICIENT_MARKET_DATA,REJECTED,True,False,PROVISIONAL_PRIMARY_ONLY,PROVISIONAL_LOW,NOT_AVAILABLE,NEEDS_MANUAL_BCTC_REVIEW,"[""avg_volume_20d"", ""capex"", ""cfo"", ""equity"", ""gross_profit"", ""last_close"", ""last_price_date"", ""net_income"", ""revenue"", ""total_assets"", ""total_liabilities""]","[""Primary market data missing or incomplete.""]",Primary market data missing or incomplete.,,,,,,,,,INSUFFICIENT_DATA,provisional_structured,,,,,,,,,
FCM,Công ty Cổ phần Bê tông Phan Vũ Hà Nam,BLOCKED_INSUFFICIENT_MARKET_DATA,REJECTED,True,False,PROVISIONAL_PRIMARY_ONLY,PROVISIONAL_LOW,NOT_AVAILABLE,NEEDS_MANUAL_BCTC_REVIEW,"[""capex"", ""cfo"", ""equity"", ""gross_profit"", ""last_close"", ""last_price_date"", ""net_income"", ""revenue"", ""total_assets"", ""total_liabilities""]","[""Primary market data missing or incomplete.""]",Primary market data missing or incomplete.,,,26050.0,,26050.0,,,,PARTIAL_PROVISIONAL_DATA,provisional_structured,,,,,,,,,
FCN,Công ty Cổ phần FECON,BLOCKED_INSUFFICIENT_MARKET_DATA,REJECTED,True,False,PROVISIONAL_PRIMARY_ONLY,PROVISIONAL_LOW,NOT_AVAILABLE,NEEDS_MANUAL_BCTC_REVIEW,"[""capex"", ""cfo"", ""equity"", ""gross_profit"", ""last_close"", ""last_price_date"", ""net_income"", ""revenue"", ""total_assets"", ""total_liabilities""]","[""Primary market data missing or incomplete.""]",Primary market data missing or incomplete.,,,504530.0,,504530.0,,,,PARTIAL_PROVISIONAL_DATA,provisional_structured,,,,,,,,,
FCS,Công ty Cổ phần Lương thực Thành phố Hồ Chí Minh,BLOCKED_INSUFFICIENT_MARKET_DATA,REJECTED,True,False,PROVISIONAL_PRIMARY_ONLY,PROVISIONAL_LOW,NOT_AVAILABLE,NEEDS_MANUAL_BCTC_REVIEW,"[""avg_volume_20d"", ""capex"", ""cfo"", ""equity"", ""gross_profit"", ""last_close"", ""last_price_date"", ""net_income"", ""revenue"", ""total_assets"", ""total_liabilities""]","[""Primary market data missing or incomplete.""]",Primary market data missing or incomplete.,,,,,,,,,INSUFFICIENT_DATA,provisional_structured,,,,,,,,,
FDC,Công ty Cổ phần Ngoại thương và Phát triển Đầu tư Thành phố Hồ Chí Minh,BLOCKED_INSUFFICIENT_MARKET_DATA,REJECTED,True,False,PROVISIONAL_PRIMARY_ONLY,PROVISIONAL_LOW,NOT_AVAILABLE,NEEDS_MANUAL_BCTC_REVIEW,"[""capex"", ""cfo"", ""equity"", ""gross_profit"", ""last_close"", ""last_price_date"", ""net_income"", ""revenue"", ""total_assets"", ""total_liabilities""]","[""Primary market data missing or incomplete.""]",Primary market data missing or incomplete.,,,8930.0,,8930.0,,,,PARTIAL_PROVISIONAL_DATA,provisional_structured,,,,,,,,,
FDG,Công ty Cổ phần Docimexco,BLOCKED_INSUFFICIENT_MARKET_DATA,REJECTED,True,False,PROVISIONAL_PRIMARY_ONLY,PROVISIONAL_LOW,NOT_AVAILABLE,NEEDS_MANUAL_BCTC_REVIEW,"[""capex"", ""cfo"", ""equity"", ""gross_profit"", ""last_close"", ""last_price_date"", ""net_income"", ""revenue"", ""total_assets"", ""total_liabilities""]","[""Primary market data missing or incomplete.""]",Primary market data missing or incomplete.,,,69740.0,,69740.0,,,,PARTIAL_PROVISIONAL_DATA,provisional_structured,,,,,,,,,
FGL,Công ty Cổ phần Cà phê Gia Lai,BLOCKED_INSUFFICIENT_MARKET_DATA,REJECTED,True,False,PROVISIONAL_PRIMARY_ONLY,PROVISIONAL_LOW,NOT_AVAILABLE,NEEDS_MANUAL_BCTC_REVIEW,"[""avg_volume_20d"", ""capex"", ""cfo"", ""equity"", ""gross_profit"", ""last_close"", ""last_price_date"", ""net_income"", ""revenue"", ""total_assets"", ""total_liabilities""]","[""Primary market data missing or incomplete.""]",Primary market data missing or incomplete.,,,,,,,,,INSUFFICIENT_DATA,provisional_structured,,,,,,,,,
FHN,Công ty Cổ phần Xuất nhập khẩu Lương thực - Thực phẩm Hà Nội,BLOCKED_INSUFFICIENT_MARKET_DATA,REJECTED,True,False,PROVISIONAL_PRIMARY_ONLY,PROVISIONAL_LOW,NOT_AVAILABLE,NEEDS_MANUAL_BCTC_REVIEW,"[""avg_volume_20d"", ""capex"", ""cfo"", ""equity"", ""gross_profit"", ""last_close"", ""last_price_date"", ""net_income"", ""revenue"", ""total_assets"", ""total_liabilities""]","[""Primary market data missing or incomplete.""]",Primary market data missing or incomplete.,,,,,,,,,INSUFFICIENT_DATA,provisional_structured,,,,,,,,,
FHS,Công ty Cổ phần Phát hành sách Thành phố Hồ Chí Minh - FAHASA,BLOCKED_INSUFFICIENT_MARKET_DATA,REJECTED,True,False,PROVISIONAL_PRIMARY_ONLY,PROVISIONAL_LOW,NOT_AVAILABLE,NEEDS_MANUAL_BCTC_REVIEW,"[""capex"", ""cfo"", ""equity"", ""gross_profit"", ""last_close"", ""last_price_date"", ""net_income"", ""revenue"", ""total_assets"", ""total_liabilities""]","[""Primary market data missing or incomplete.""]",Primary market data missing or incomplete.,,,10.0,,10.0,,,,PARTIAL_PROVISIONAL_DATA,provisional_structured,,,,,,,,,
FIC,Tổng Công ty Vật liệu Xây dựng số 1 - Công ty Cổ phần,BLOCKED_INSUFFICIENT_MARKET_DATA,REJECTED,True,False,PROVISIONAL_PRIMARY_ONLY,PROVISIONAL_LOW,NOT_AVAILABLE,NEEDS_MANUAL_BCTC_REVIEW,"[""capex"", ""cfo"", ""equity"", ""gross_profit"", ""last_close"", ""last_price_date"", ""net_income"", ""revenue"", ""total_assets"", ""total_liabilities""]","[""Primary market data missing or incomplete.""]",Primary market data missing or incomplete.,,,16190.0,,16190.0,,,,PARTIAL_PROVISIONAL_DATA,provisional_structured,,,,,,,,,
FID,Công ty Cổ phần Đầu tư và Phát triển Doanh nghiệp Việt Nam,BLOCKED_INSUFFICIENT_MARKET_DATA,REJECTED,True,False,PROVISIONAL_PRIMARY_ONLY,PROVISIONAL_LOW,NOT_AVAILABLE,NEEDS_MANUAL_BCTC_REVIEW,"[""capex"", ""cfo"", ""equity"", ""gross_profit"", ""last_close"", ""last_price_date"", ""net_income"", ""revenue"", ""total_assets"", ""total_liabilities""]","[""Primary market data missing or incomplete.""]",Primary market data missing or incomplete.,,,99620.0,,99620.0,,,,PARTIAL_PROVISIONAL_DATA,provisional_structured,,,,,,,,,
FIR,Công ty Cổ phần Địa ốc First Real,BLOCKED_INSUFFICIENT_MARKET_DATA,REJECTED,True,False,PROVISIONAL_PRIMARY_ONLY,PROVISIONAL_LOW,NOT_AVAILABLE,NEEDS_MANUAL_BCTC_REVIEW,"[""capex"", ""cfo"", ""equity"", ""gross_profit"", ""last_close"", ""last_price_date"", ""net_income"", ""revenue"", ""total_assets"", ""total_liabilities""]","[""Primary market data missing or incomplete.""]",Primary market data missing or incomplete.,,,341910.0,,341910.0,,,,PARTIAL_PROVISIONAL_DATA,provisional_structured,,,,,,,,,
FIT,Công ty Cổ phần Tập đoàn F.I.T,BLOCKED_INSUFFICIENT_MARKET_DATA,REJECTED,True,False,PROVISIONAL_PRIMARY_ONLY,PROVISIONAL_LOW,NOT_AVAILABLE,NEEDS_MANUAL_BCTC_REVIEW,"[""capex"", ""cfo"", ""equity"", ""gross_profit"", ""last_price_date"", ""net_income"", ""revenue"", ""total_assets"", ""total_liabilities""]","[""Primary market data missing or incomplete.""]",Primary market data missing or incomplete.,,3.87,359600.0,,359600.0,1391652.0,,,PARTIAL_PROVISIONAL_DATA,provisional_structured,,,,,,,,,
FLC,Công ty Cổ phần Tập đoàn FLC,BLOCKED_INSUFFICIENT_MARKET_DATA,REJECTED,True,False,PROVISIONAL_PRIMARY_ONLY,PROVISIONAL_LOW,NOT_AVAILABLE,NEEDS_MANUAL_BCTC_REVIEW,"[""avg_volume_20d"", ""capex"", ""cfo"", ""equity"", ""gross_profit"", ""last_close"", ""last_price_date"", ""net_income"", ""revenue"", ""total_assets"", ""total_liabilities""]","[""Primary market data missing or incomplete.""]",Primary market data missing or incomplete.,,,,,,,,,INSUFFICIENT_DATA,provisional_structured,,,,,,,,,
FMC,Công ty Cổ phần Thực phẩm Sao Ta,BLOCKED_INSUFFICIENT_MARKET_DATA,REJECTED,True,False,PROVISIONAL_PRIMARY_ONLY,PROVISIONAL_LOW,NOT_AVAILABLE,NEEDS_MANUAL_BCTC_REVIEW,"[""capex"", ""cfo"", ""equity"", ""gross_profit"", ""last_close"", ""last_price_date"", ""net_income"", ""revenue"", ""total_assets"", ""total_liabilities""]","[""Primary market data missing or incomplete.""]",Primary market data missing or incomplete.,,,16700.0,,16700.0,,,,PARTIAL_PROVISIONAL_DATA,provisional_structured,,,,,,,,,
FOC,Công ty Cổ phần Dịch vụ Trực tuyến FPT,BLOCKED_INSUFFICIENT_MARKET_DATA,REJECTED,True,False,PROVISIONAL_PRIMARY_ONLY,PROVISIONAL_LOW,NOT_AVAILABLE,NEEDS_MANUAL_BCTC_REVIEW,"[""capex"", ""cfo"", ""equity"", ""gross_profit"", ""last_close"", ""last_price_date"", ""net_income"", ""revenue"", ""total_assets"", ""total_liabilities""]","[""Primary market data missing or incomplete.""]",Primary market data missing or incomplete.,,,13070.0,,13070.0,,,,PARTIAL_PROVISIONAL_DATA,provisional_structured,,,,,,,,,
FOX,Công ty Cổ phần Viễn thông FPT,BLOCKED_INSUFFICIENT_MARKET_DATA,REJECTED,True,False,PROVISIONAL_PRIMARY_ONLY,PROVISIONAL_LOW,NOT_AVAILABLE,NEEDS_MANUAL_BCTC_REVIEW,"[""capex"", ""cfo"", ""equity"", ""gross_profit"", ""last_close"", ""last_price_date"", ""net_income"", ""revenue"", ""total_assets"", ""total_liabilities""]","[""Primary market data missing or incomplete.""]",Primary market data missing or incomplete.,,,407310.0,,407310.0,,,,PARTIAL_PROVISIONAL_DATA,provisional_structured,,,,,,,,,
FPT,Công ty Cổ phần FPT,BLOCKED_INSUFFICIENT_MARKET_DATA,REJECTED,True,False,PROVISIONAL_PRIMARY_ONLY,PROVISIONAL_LOW,NOT_AVAILABLE,NEEDS_MANUAL_BCTC_REVIEW,"[""capex"", ""cfo"", ""equity"", ""gross_profit"", ""last_close"", ""last_price_date"", ""net_income"", ""revenue"", ""total_assets"", ""total_liabilities""]","[""Primary market data missing or incomplete.""]",Primary market data missing or incomplete.,,,13407310.0,,13407310.0,,,,PARTIAL_PROVISIONAL_DATA,provisional_structured,,,,,,,,,
FRC,Công ty Cổ phần Lâm đặc sản xuất khẩu Quảng Nam,BLOCKED_INSUFFICIENT_MARKET_DATA,REJECTED,True,False,PROVISIONAL_PRIMARY_ONLY,PROVISIONAL_LOW,NOT_AVAILABLE,NEEDS_MANUAL_BCTC_REVIEW,"[""capex"", ""cfo"", ""equity"", ""gross_profit"", ""last_close"", ""last_price_date"", ""net_income"", ""revenue"", ""total_assets"", ""total_liabilities""]","[""Primary market data missing or incomplete.""]",Primary market data missing or incomplete.,,,50.0,,50.0,,,,PARTIAL_PROVISIONAL_DATA,provisional_structured,,,,,,,,,
FRM,Công ty Cổ phần Lâm nghiệp Sài Gòn,BLOCKED_INSUFFICIENT_MARKET_DATA,REJECTED,True,False,PROVISIONAL_PRIMARY_ONLY,PROVISIONAL_LOW,NOT_AVAILABLE,NEEDS_MANUAL_BCTC_REVIEW,"[""capex"", ""cfo"", ""equity"", ""gross_profit"", ""last_close"", ""last_price_date"", ""net_income"", ""revenue"", ""total_assets"", ""total_liabilities""]","[""Primary market data missing or incomplete.""]",Primary market data missing or incomplete.,,,200.0,,200.0,,,,PARTIAL_PROVISIONAL_DATA,provisional_structured,,,,,,,,,
FRT,Công ty Cổ phần Bán lẻ Kỹ thuật số FPT,BLOCKED_INSUFFICIENT_MARKET_DATA,REJECTED,True,False,PROVISIONAL_PRIMARY_ONLY,PROVISIONAL_LOW,NOT_AVAILABLE,NEEDS_MANUAL_BCTC_REVIEW,"[""capex"", ""cfo"", ""equity"", ""gross_profit"", ""last_close"", ""last_price_date"", ""net_income"", ""revenue"", ""total_assets"", ""total_liabilities""]","[""Primary market data missing or incomplete.""]",Primary market data missing or incomplete.,,,348480.0,,348480.0,,,,PARTIAL_PROVISIONAL_DATA,provisional_structured,,,,,,,,,
FSO,Công ty Cổ phần Cơ khí đóng tàu thủy sản Việt Nam,BLOCKED_INSUFFICIENT_MARKET_DATA,REJECTED,True,False,PROVISIONAL_PRIMARY_ONLY,PROVISIONAL_LOW,NOT_AVAILABLE,NEEDS_MANUAL_BCTC_REVIEW,"[""capex"", ""cfo"", ""equity"", ""gross_profit"", ""last_close"", ""last_price_date"", ""net_income"", ""revenue"", ""total_assets"", ""total_liabilities""]","[""Primary market data missing or incomplete.""]",Primary market data missing or incomplete.,,,20.0,,20.0,,,,PARTIAL_PROVISIONAL_DATA,provisional_structured,,,,,,,,,
FT1,Công ty Cổ phần Phụ tùng máy số 1,BLOCKED_INSUFFICIENT_MARKET_DATA,REJECTED,True,False,PROVISIONAL_PRIMARY_ONLY,PROVISIONAL_LOW,NOT_AVAILABLE,NEEDS_MANUAL_BCTC_REVIEW,"[""capex"", ""cfo"", ""equity"", ""gross_profit"", ""last_close"", ""last_price_date"", ""net_income"", ""revenue"", ""total_assets"", ""total_liabilities""]","[""Primary market data missing or incomplete.""]",Primary market data missing or incomplete.,,,190.0,,190.0,,,,PARTIAL_PROVISIONAL_DATA,provisional_structured,,,,,,,,,
FTI,Công ty Cổ phần Công nghiệp - Thương mại Hữu Nghị,BLOCKED_INSUFFICIENT_MARKET_DATA,REJECTED,True,False,PROVISIONAL_PRIMARY_ONLY,PROVISIONAL_LOW,NOT_AVAILABLE,NEEDS_MANUAL_BCTC_REVIEW,"[""avg_volume_20d"", ""capex"", ""cfo"", ""equity"", ""gross_profit"", ""last_close"", ""last_price_date"", ""net_income"", ""revenue"", ""total_assets"", ""total_liabilities""]","[""Primary market data missing or incomplete.""]",Primary market data missing or incomplete.,,,,,,,,,INSUFFICIENT_DATA,provisional_structured,,,,,,,,,
FTM,Công ty Cổ phần Đầu tư và Phát triển Đức Quân,BLOCKED_INSUFFICIENT_MARKET_DATA,REJECTED,True,False,PROVISIONAL_PRIMARY_ONLY,PROVISIONAL_LOW,NOT_AVAILABLE,NEEDS_MANUAL_BCTC_REVIEW,"[""capex"", ""cfo"", ""equity"", ""gross_profit"", ""last_close"", ""last_price_date"", ""net_income"", ""revenue"", ""total_assets"", ""total_liabilities""]","[""Primary market data missing or incomplete.""]",Primary market data missing or incomplete.,,,28740.0,,28740.0,,,,PARTIAL_PROVISIONAL_DATA,provisional_structured,,,,,,,,,
FTS,Công ty Cổ phần Chứng khoán FPT,BLOCKED_INSUFFICIENT_MARKET_DATA,REJECTED,True,False,PROVISIONAL_PRIMARY_ONLY,PROVISIONAL_LOW,NOT_AVAILABLE,NEEDS_MANUAL_BCTC_REVIEW,"[""capex"", ""cfo"", ""equity"", ""gross_profit"", ""last_close"", ""last_price_date"", ""net_income"", ""revenue"", ""total_assets"", ""total_liabilities""]","[""Primary market data missing or incomplete.""]",Primary market data missing or incomplete.,,,638110.0,,638110.0,,,,PARTIAL_PROVISIONAL_DATA,provisional_structured,,,,,,,,,
G20,Công ty Cổ phần Đầu tư Dệt may Vĩnh Phúc,BLOCKED_INSUFFICIENT_MARKET_DATA,REJECTED,True,False,PROVISIONAL_PRIMARY_ONLY,PROVISIONAL_LOW,NOT_AVAILABLE,NEEDS_MANUAL_BCTC_REVIEW,"[""capex"", ""cfo"", ""equity"", ""gross_profit"", ""last_close"", ""last_price_date"", ""net_income"", ""revenue"", ""total_assets"", ""total_liabilities""]","[""Primary market data missing or incomplete.""]",Primary market data missing or incomplete.,,,1520.0,,1520.0,,,,PARTIAL_PROVISIONAL_DATA,provisional_structured,,,,,,,,,
G36,Tổng Công ty 36 - Công ty Cổ phần,BLOCKED_INSUFFICIENT_MARKET_DATA,REJECTED,True,False,PROVISIONAL_PRIMARY_ONLY,PROVISIONAL_LOW,NOT_AVAILABLE,NEEDS_MANUAL_BCTC_REVIEW,"[""capex"", ""cfo"", ""equity"", ""gross_profit"", ""last_close"", ""last_price_date"", ""net_income"", ""revenue"", ""total_assets"", ""total_liabilities""]","[""Primary market data missing or incomplete.""]",Primary market data missing or incomplete.,,,100060.0,,100060.0,,,,PARTIAL_PROVISIONAL_DATA,provisional_structured,,,,,,,,,
GAB,Công ty Cổ phần Đầu tư Khai khoáng & Quản lý Tài sản FLC,BLOCKED_INSUFFICIENT_MARKET_DATA,REJECTED,True,False,PROVISIONAL_PRIMARY_ONLY,PROVISIONAL_LOW,NOT_AVAILABLE,NEEDS_MANUAL_BCTC_REVIEW,"[""avg_volume_20d"", ""capex"", ""cfo"", ""equity"", ""gross_profit"", ""last_close"", ""last_price_date"", ""net_income"", ""revenue"", ""total_assets"", ""total_liabilities""]","[""Primary market data missing or incomplete.""]",Primary market data missing or incomplete.,,,,,,,,,INSUFFICIENT_DATA,provisional_structured,,,,,,,,,
GAS,Tổng Công ty Khí Việt Nam - Công ty Cổ phần,BLOCKED_INSUFFICIENT_MARKET_DATA,REJECTED,True,False,PROVISIONAL_PRIMARY_ONLY,PROVISIONAL_LOW,NOT_AVAILABLE,NEEDS_MANUAL_BCTC_REVIEW,"[""capex"", ""cfo"", ""equity"", ""gross_profit"", ""last_close"", ""last_price_date"", ""net_income"", ""revenue"", ""total_assets"", ""total_liabilities""]","[""Primary market data missing or incomplete.""]",Primary market data missing or incomplete.,,,3612400.0,,3612400.0,,,,PARTIAL_PROVISIONAL_DATA,provisional_structured,,,,,,,,,
GCB,Công ty Cổ phần PETEC Bình Định,BLOCKED_INSUFFICIENT_MARKET_DATA,REJECTED,True,False,PROVISIONAL_PRIMARY_ONLY,PROVISIONAL_LOW,NOT_AVAILABLE,NEEDS_MANUAL_BCTC_REVIEW,"[""capex"", ""cfo"", ""equity"", ""gross_profit"", ""last_close"", ""last_price_date"", ""net_income"", ""revenue"", ""total_assets"", ""total_liabilities""]","[""Primary market data missing or incomplete.""]",Primary market data missing or incomplete.,,,10.0,,10.0,,,,PARTIAL_PROVISIONAL_DATA,provisional_structured,,,,,,,,,
GCF,Công ty Cổ phần Thực phẩm G.C,BLOCKED_INSUFFICIENT_MARKET_DATA,REJECTED,True,False,PROVISIONAL_PRIMARY_ONLY,PROVISIONAL_LOW,NOT_AVAILABLE,NEEDS_MANUAL_BCTC_REVIEW,"[""capex"", ""cfo"", ""equity"", ""gross_profit"", ""last_close"", ""last_price_date"", ""net_income"", ""revenue"", ""total_assets"", ""total_liabilities""]","[""Primary market data missing or incomplete.""]",Primary market data missing or incomplete.,,,81760.0,,81760.0,,,,PARTIAL_PROVISIONAL_DATA,provisional_structured,,,,,,,,,
GDA,Công ty Cổ phần Tôn Đông Á,BLOCKED_INSUFFICIENT_MARKET_DATA,REJECTED,True,False,PROVISIONAL_PRIMARY_ONLY,PROVISIONAL_LOW,NOT_AVAILABLE,NEEDS_MANUAL_BCTC_REVIEW,"[""capex"", ""cfo"", ""equity"", ""gross_profit"", ""last_close"", ""last_price_date"", ""net_income"", ""revenue"", ""total_assets"", ""total_liabilities""]","[""Primary market data missing or incomplete.""]",Primary market data missing or incomplete.,,,28970.0,,28970.0,,,,PARTIAL_PROVISIONAL_DATA,provisional_structured,,,,,,,,,
GDH,Công ty Cổ phần Tập đoàn GDC,BLOCKED_INSUFFICIENT_MARKET_DATA,REJECTED,True,False,PROVISIONAL_PRIMARY_ONLY,PROVISIONAL_LOW,NOT_AVAILABLE,NEEDS_MANUAL_BCTC_REVIEW,"[""avg_volume_20d"", ""capex"", ""cfo"", ""equity"", ""gross_profit"", ""last_close"", ""last_price_date"", ""net_income"", ""revenue"", ""total_assets"", ""total_liabilities""]","[""Primary market data missing or incomplete.""]",Primary market data missing or incomplete.,,,,,,,,,INSUFFICIENT_DATA,provisional_structured,,,,,,,,,
GDT,Công ty Cổ phần Chế biến Gỗ Đức Thành,BLOCKED_INSUFFICIENT_MARKET_DATA,REJECTED,True,False,PROVISIONAL_PRIMARY_ONLY,PROVISIONAL_LOW,NOT_AVAILABLE,NEEDS_MANUAL_BCTC_REVIEW,"[""capex"", ""cfo"", ""equity"", ""gross_profit"", ""last_close"", ""last_price_date"", ""net_income"", ""revenue"", ""total_assets"", ""total_liabilities""]","[""Primary market data missing or incomplete.""]",Primary market data missing or incomplete.,,,14430.0,,14430.0,,,,PARTIAL_PROVISIONAL_DATA,provisional_structured,,,,,,,,,
GDW,Công ty Cổ phần Cấp nước Gia Định,BLOCKED_INSUFFICIENT_MARKET_DATA,REJECTED,True,False,PROVISIONAL_PRIMARY_ONLY,PROVISIONAL_LOW,NOT_AVAILABLE,NEEDS_MANUAL_BCTC_REVIEW,"[""avg_volume_20d"", ""capex"", ""cfo"", ""equity"", ""gross_profit"", ""last_close"", ""last_price_date"", ""net_income"", ""revenue"", ""total_assets"", ""total_liabilities""]","[""Primary market data missing or incomplete.""]",Primary market data missing or incomplete.,,,,,,,,,INSUFFICIENT_DATA,provisional_structured,,,,,,,,,
GE2,Tổng Công ty Phát điện 2 - Công ty Cổ phần,BLOCKED_INSUFFICIENT_MARKET_DATA,REJECTED,True,False,PROVISIONAL_PRIMARY_ONLY,PROVISIONAL_LOW,NOT_AVAILABLE,NEEDS_MANUAL_BCTC_REVIEW,"[""capex"", ""cfo"", ""equity"", ""gross_profit"", ""last_close"", ""last_price_date"", ""net_income"", ""revenue"", ""total_assets"", ""total_liabilities""]","[""Primary market data missing or incomplete.""]",Primary market data missing or incomplete.,,,1276.0,,1276.0,,,,PARTIAL_PROVISIONAL_DATA,provisional_structured,,,,,,,,,
GEE,Công ty Cổ phần Điện lực Gelex,BLOCKED_INSUFFICIENT_MARKET_DATA,REJECTED,True,False,PROVISIONAL_PRIMARY_ONLY,PROVISIONAL_LOW,NOT_AVAILABLE,NEEDS_MANUAL_BCTC_REVIEW,"[""capex"", ""cfo"", ""equity"", ""gross_profit"", ""last_close"", ""last_price_date"", ""net_income"", ""revenue"", ""total_assets"", ""total_liabilities""]","[""Primary market data missing or incomplete.""]",Primary market data missing or incomplete.,,,1361520.0,,1361520.0,,,,PARTIAL_PROVISIONAL_DATA,provisional_structured,,,,,,,,,
GEG,Công ty Cổ phần Điện Gia Lai,BLOCKED_INSUFFICIENT_MARKET_DATA,REJECTED,True,False,PROVISIONAL_PRIMARY_ONLY,PROVISIONAL_LOW,NOT_AVAILABLE,NEEDS_MANUAL_BCTC_REVIEW,"[""capex"", ""cfo"", ""equity"", ""gross_profit"", ""last_close"", ""last_price_date"", ""net_income"", ""revenue"", ""total_assets"", ""total_liabilities""]","[""Primary market data missing or incomplete.""]",Primary market data missing or incomplete.,,,363190.0,,363190.0,,,,PARTIAL_PROVISIONAL_DATA,provisional_structured,,,,,,,,,
GEL,Công ty Cổ phần Hạ tầng GELEX,BLOCKED_INSUFFICIENT_MARKET_DATA,REJECTED,True,False,PROVISIONAL_PRIMARY_ONLY,PROVISIONAL_LOW,NOT_AVAILABLE,NEEDS_MANUAL_BCTC_REVIEW,"[""avg_volume_20d"", ""capex"", ""cfo"", ""equity"", ""gross_profit"", ""last_close"", ""last_price_date"", ""net_income"", ""revenue"", ""total_assets"", ""total_liabilities""]","[""Primary market data missing or incomplete.""]",Primary market data missing or incomplete.,,,,,,,,,INSUFFICIENT_DATA,provisional_structured,,,,,,,,,
GER,Công ty Cổ phần Thể thao Ngôi sao Geru,BLOCKED_INSUFFICIENT_MARKET_DATA,REJECTED,True,False,PROVISIONAL_PRIMARY_ONLY,PROVISIONAL_LOW,NOT_AVAILABLE,NEEDS_MANUAL_BCTC_REVIEW,"[""avg_volume_20d"", ""capex"", ""cfo"", ""equity"", ""gross_profit"", ""last_close"", ""last_price_date"", ""net_income"", ""revenue"", ""total_assets"", ""total_liabilities""]","[""Primary market data missing or incomplete.""]",Primary market data missing or incomplete.,,,,,,,,,INSUFFICIENT_DATA,provisional_structured,,,,,,,,,
GEX,Công ty Cổ phần Tập đoàn Gelex,BLOCKED_INSUFFICIENT_MARKET_DATA,REJECTED,True,False,PROVISIONAL_PRIMARY_ONLY,PROVISIONAL_LOW,NOT_AVAILABLE,NEEDS_MANUAL_BCTC_REVIEW,"[""capex"", ""cfo"", ""equity"", ""gross_profit"", ""last_close"", ""last_price_date"", ""net_income"", ""revenue"", ""total_assets"", ""total_liabilities""]","[""Primary market data missing or incomplete.""]",Primary market data missing or incomplete.,,,17592810.0,,17592810.0,,,,PARTIAL_PROVISIONAL_DATA,provisional_structured,,,,,,,,,
GGG,Công ty Cổ phần Ô tô Giải Phóng,BLOCKED_INSUFFICIENT_MARKET_DATA,REJECTED,True,False,PROVISIONAL_PRIMARY_ONLY,PROVISIONAL_LOW,NOT_AVAILABLE,NEEDS_MANUAL_BCTC_REVIEW,"[""capex"", ""cfo"", ""equity"", ""gross_profit"", ""last_close"", ""last_price_date"", ""net_income"", ""revenue"", ""total_assets"", ""total_liabilities""]","[""Primary market data missing or incomplete.""]",Primary market data missing or incomplete.,,,2220.0,,2220.0,,,,PARTIAL_PROVISIONAL_DATA,provisional_structured,,,,,,,,,
GH3,Công ty Cổ phần Công trình giao thông Hà Nội,BLOCKED_INSUFFICIENT_MARKET_DATA,REJECTED,True,False,PROVISIONAL_PRIMARY_ONLY,PROVISIONAL_LOW,NOT_AVAILABLE,NEEDS_MANUAL_BCTC_REVIEW,"[""avg_volume_20d"", ""capex"", ""cfo"", ""equity"", ""gross_profit"", ""last_close"", ""last_price_date"", ""net_income"", ""revenue"", ""total_assets"", ""total_liabilities""]","[""Primary market data missing or incomplete.""]",Primary market data missing or incomplete.,,,,,,,,,INSUFFICIENT_DATA,provisional_structured,,,,,,,,,
GHC,Công ty Cổ phần Thủy điện Gia Lai,BLOCKED_INSUFFICIENT_MARKET_DATA,REJECTED,True,False,PROVISIONAL_PRIMARY_ONLY,PROVISIONAL_LOW,NOT_AVAILABLE,NEEDS_MANUAL_BCTC_REVIEW,"[""capex"", ""cfo"", ""equity"", ""gross_profit"", ""last_close"", ""last_price_date"", ""net_income"", ""revenue"", ""total_assets"", ""total_liabilities""]","[""Primary market data missing or incomplete.""]",Primary market data missing or incomplete.,,,12930.0,,12930.0,,,,PARTIAL_PROVISIONAL_DATA,provisional_structured,,,,,,,,,
GIC,Công ty Cổ phần VSC Green Logistics,BLOCKED_INSUFFICIENT_MARKET_DATA,REJECTED,True,False,PROVISIONAL_PRIMARY_ONLY,PROVISIONAL_LOW,NOT_AVAILABLE,NEEDS_MANUAL_BCTC_REVIEW,"[""capex"", ""cfo"", ""equity"", ""gross_profit"", ""last_close"", ""last_price_date"", ""net_income"", ""revenue"", ""total_assets"", ""total_liabilities""]","[""Primary market data missing or incomplete.""]",Primary market data missing or incomplete.,,,200.0,,200.0,,,,PARTIAL_PROVISIONAL_DATA,provisional_structured,,,,,,,,,
GIL,Công ty Cổ phần Sản xuất Kinh doanh Xuất nhập khẩu Bình Thạnh,BLOCKED_INSUFFICIENT_MARKET_DATA,REJECTED,True,False,PROVISIONAL_PRIMARY_ONLY,PROVISIONAL_LOW,NOT_AVAILABLE,NEEDS_MANUAL_BCTC_REVIEW,"[""capex"", ""cfo"", ""equity"", ""gross_profit"", ""last_price_date"", ""net_income"", ""revenue"", ""total_assets"", ""total_liabilities""]","[""Primary market data missing or incomplete.""]",Primary market data missing or incomplete.,,12.25,160630.0,,160630.0,1967717.5,,,PARTIAL_PROVISIONAL_DATA,provisional_structured,,,,,,,,,
GKM,Công ty Cổ phần GKM Holdings,BLOCKED_INSUFFICIENT_MARKET_DATA,REJECTED,True,False,PROVISIONAL_PRIMARY_ONLY,PROVISIONAL_LOW,NOT_AVAILABLE,NEEDS_MANUAL_BCTC_REVIEW,"[""capex"", ""cfo"", ""equity"", ""gross_profit"", ""last_close"", ""last_price_date"", ""net_income"", ""revenue"", ""total_assets"", ""total_liabilities""]","[""Primary market data missing or incomplete.""]",Primary market data missing or incomplete.,,,54790.0,,54790.0,,,,PARTIAL_PROVISIONAL_DATA,provisional_structured,,,,,,,,,
GLC,Công ty Cổ phần Vàng Lào Cai,BLOCKED_INSUFFICIENT_MARKET_DATA,REJECTED,True,False,PROVISIONAL_PRIMARY_ONLY,PROVISIONAL_LOW,NOT_AVAILABLE,NEEDS_MANUAL_BCTC_REVIEW,"[""avg_volume_20d"", ""capex"", ""cfo"", ""equity"", ""gross_profit"", ""last_close"", ""last_price_date"", ""net_income"", ""revenue"", ""total_assets"", ""total_liabilities""]","[""Primary market data missing or incomplete.""]",Primary market data missing or incomplete.,,,,,,,,,INSUFFICIENT_DATA,provisional_structured,,,,,,,,,
GLT,Công ty Cổ phần Kỹ thuật điện Toàn Cầu,BLOCKED_INSUFFICIENT_MARKET_DATA,REJECTED,True,False,PROVISIONAL_PRIMARY_ONLY,PROVISIONAL_LOW,NOT_AVAILABLE,NEEDS_MANUAL_BCTC_REVIEW,"[""capex"", ""cfo"", ""equity"", ""gross_profit"", ""last_close"", ""last_price_date"", ""net_income"", ""revenue"", ""total_assets"", ""total_liabilities""]","[""Primary market data missing or incomplete.""]",Primary market data missing or incomplete.,,,30270.0,,30270.0,,,,PARTIAL_PROVISIONAL_DATA,provisional_structured,,,,,,,,,
GLW,Công ty Cổ phần Cấp thoát nước Gia Lai,BLOCKED_INSUFFICIENT_MARKET_DATA,REJECTED,True,False,PROVISIONAL_PRIMARY_ONLY,PROVISIONAL_LOW,NOT_AVAILABLE,NEEDS_MANUAL_BCTC_REVIEW,"[""avg_volume_20d"", ""capex"", ""cfo"", ""equity"", ""gross_profit"", ""last_close"", ""last_price_date"", ""net_income"", ""revenue"", ""total_assets"", ""total_liabilities""]","[""Primary market data missing or incomplete.""]",Primary market data missing or incomplete.,,,,,,,,,INSUFFICIENT_DATA,provisional_structured,,,,,,,,,
GMA,Công ty Cổ phần G-Automobile,BLOCKED_INSUFFICIENT_MARKET_DATA,REJECTED,True,False,PROVISIONAL_PRIMARY_ONLY,PROVISIONAL_LOW,NOT_AVAILABLE,NEEDS_MANUAL_BCTC_REVIEW,"[""avg_volume_20d"", ""capex"", ""cfo"", ""equity"", ""gross_profit"", ""last_close"", ""last_price_date"", ""net_income"", ""revenue"", ""total_assets"", ""total_liabilities""]","[""Primary market data missing or incomplete.""]",Primary market data missing or incomplete.,,,,,,,,,INSUFFICIENT_DATA,provisional_structured,,,,,,,,,
GMC,Công ty Cổ phần Garmex Sài Gòn,BLOCKED_INSUFFICIENT_MARKET_DATA,REJECTED,True,False,PROVISIONAL_PRIMARY_ONLY,PROVISIONAL_LOW,NOT_AVAILABLE,NEEDS_MANUAL_BCTC_REVIEW,"[""capex"", ""cfo"", ""equity"", ""gross_profit"", ""last_close"", ""last_price_date"", ""net_income"", ""revenue"", ""total_assets"", ""total_liabilities""]","[""Primary market data missing or incomplete.""]",Primary market data missing or incomplete.,,,1860.0,,1860.0,,,,PARTIAL_PROVISIONAL_DATA,provisional_structured,,,,,,,,,
GMD,Công ty Cổ phần Tập đoàn Gemadept,BLOCKED_INSUFFICIENT_MARKET_DATA,REJECTED,True,False,PROVISIONAL_PRIMARY_ONLY,PROVISIONAL_LOW,NOT_AVAILABLE,NEEDS_MANUAL_BCTC_REVIEW,"[""capex"", ""cfo"", ""equity"", ""gross_profit"", ""last_close"", ""last_price_date"", ""net_income"", ""revenue"", ""total_assets"", ""total_liabilities""]","[""Primary market data missing or incomplete.""]",Primary market data missing or incomplete.,,,1026430.0,,1026430.0,,,,PARTIAL_PROVISIONAL_DATA,provisional_structured,,,,,,,,,
GMH,Công ty Cổ phần Minh Hưng Quảng Trị,BLOCKED_INSUFFICIENT_MARKET_DATA,REJECTED,True,False,PROVISIONAL_PRIMARY_ONLY,PROVISIONAL_LOW,NOT_AVAILABLE,NEEDS_MANUAL_BCTC_REVIEW,"[""capex"", ""cfo"", ""equity"", ""gross_profit"", ""last_close"", ""last_price_date"", ""net_income"", ""revenue"", ""total_assets"", ""total_liabilities""]","[""Primary market data missing or incomplete.""]",Primary market data missing or incomplete.,,,1530.0,,1530.0,,,,PARTIAL_PROVISIONAL_DATA,provisional_structured,,,,,,,,,
GMX,Công ty Cổ phần Gạch ngói Gốm xây dựng Mỹ Xuân,BLOCKED_INSUFFICIENT_MARKET_DATA,REJECTED,True,False,PROVISIONAL_PRIMARY_ONLY,PROVISIONAL_LOW,NOT_AVAILABLE,NEEDS_MANUAL_BCTC_REVIEW,"[""capex"", ""cfo"", ""equity"", ""gross_profit"", ""last_close"", ""last_price_date"", ""net_income"", ""revenue"", ""total_assets"", ""total_liabilities""]","[""Primary market data missing or incomplete.""]",Primary market data missing or incomplete.,,,440.0,,440.0,,,,PARTIAL_PROVISIONAL_DATA,provisional_structured,,,,,,,,,
GND,Công ty Cổ phần Gạch ngói Đồng Nai,BLOCKED_INSUFFICIENT_MARKET_DATA,REJECTED,True,False,PROVISIONAL_PRIMARY_ONLY,PROVISIONAL_LOW,NOT_AVAILABLE,NEEDS_MANUAL_BCTC_REVIEW,"[""capex"", ""cfo"", ""equity"", ""gross_profit"", ""last_close"", ""last_price_date"", ""net_income"", ""revenue"", ""total_assets"", ""total_liabilities""]","[""Primary market data missing or incomplete.""]",Primary market data missing or incomplete.,,,60.0,,60.0,,,,PARTIAL_PROVISIONAL_DATA,provisional_structured,,,,,,,,,
GPC,Công ty Cổ phần Tập đoàn Green+,BLOCKED_INSUFFICIENT_MARKET_DATA,REJECTED,True,False,PROVISIONAL_PRIMARY_ONLY,PROVISIONAL_LOW,NOT_AVAILABLE,NEEDS_MANUAL_BCTC_REVIEW,"[""capex"", ""cfo"", ""equity"", ""gross_profit"", ""last_close"", ""last_price_date"", ""net_income"", ""revenue"", ""total_assets"", ""total_liabilities""]","[""Primary market data missing or incomplete.""]",Primary market data missing or incomplete.,,,27790.0,,27790.0,,,,PARTIAL_PROVISIONAL_DATA,provisional_structured,,,,,,,,,
GQN,Công ty Cổ phần Giống Thủy Sản Quảng Nam,BLOCKED_INSUFFICIENT_MARKET_DATA,REJECTED,True,False,PROVISIONAL_PRIMARY_ONLY,PROVISIONAL_LOW,NOT_AVAILABLE,NEEDS_MANUAL_BCTC_REVIEW,"[""avg_volume_20d"", ""capex"", ""cfo"", ""equity"", ""gross_profit"", ""last_close"", ""last_price_date"", ""net_income"", ""revenue"", ""total_assets"", ""total_liabilities""]","[""Primary market data missing or incomplete.""]",Primary market data missing or incomplete.,,,,,,,,,INSUFFICIENT_DATA,provisional_structured,,,,,,,,,
GSM,Công ty Cổ phần Thủy điện Hương Sơn,BLOCKED_INSUFFICIENT_MARKET_DATA,REJECTED,True,False,PROVISIONAL_PRIMARY_ONLY,PROVISIONAL_LOW,NOT_AVAILABLE,NEEDS_MANUAL_BCTC_REVIEW,"[""capex"", ""cfo"", ""equity"", ""gross_profit"", ""last_close"", ""last_price_date"", ""net_income"", ""revenue"", ""total_assets"", ""total_liabilities""]","[""Primary market data missing or incomplete.""]",Primary market data missing or incomplete.,,,2850.0,,2850.0,,,,PARTIAL_PROVISIONAL_DATA,provisional_structured,,,,,,,,,
GSP,Công ty Cổ phần Vận tải Sản phẩm Khí Quốc tế,BLOCKED_INSUFFICIENT_MARKET_DATA,REJECTED,True,False,PROVISIONAL_PRIMARY_ONLY,PROVISIONAL_LOW,NOT_AVAILABLE,NEEDS_MANUAL_BCTC_REVIEW,"[""capex"", ""cfo"", ""equity"", ""gross_profit"", ""last_close"", ""last_price_date"", ""net_income"", ""revenue"", ""total_assets"", ""total_liabilities""]","[""Primary market data missing or incomplete.""]",Primary market data missing or incomplete.,,,108600.0,,108600.0,,,,PARTIAL_PROVISIONAL_DATA,provisional_structured,,,,,,,,,
GTA,Công ty Cổ phần Chế biến Gỗ Thuận An,BLOCKED_INSUFFICIENT_MARKET_DATA,REJECTED,True,False,PROVISIONAL_PRIMARY_ONLY,PROVISIONAL_LOW,NOT_AVAILABLE,NEEDS_MANUAL_BCTC_REVIEW,"[""capex"", ""cfo"", ""equity"", ""gross_profit"", ""last_close"", ""last_price_date"", ""net_income"", ""revenue"", ""total_assets"", ""total_liabilities""]","[""Primary market data missing or incomplete.""]",Primary market data missing or incomplete.,,,90.0,,90.0,,,,PARTIAL_PROVISIONAL_DATA,provisional_structured,,,,,,,,,
GTD,Công ty Cổ phần Giầy Thượng Đình,BLOCKED_INSUFFICIENT_MARKET_DATA,REJECTED,True,False,PROVISIONAL_PRIMARY_ONLY,PROVISIONAL_LOW,NOT_AVAILABLE,NEEDS_MANUAL_BCTC_REVIEW,"[""avg_volume_20d"", ""capex"", ""cfo"", ""equity"", ""gross_profit"", ""last_close"", ""last_price_date"", ""net_income"", ""revenue"", ""total_assets"", ""total_liabilities""]","[""Primary market data missing or incomplete.""]",Primary market data missing or incomplete.,,,,,,,,,INSUFFICIENT_DATA,provisional_structured,,,,,,,,,
GTH,Công ty Cổ phần Xây dựng Giao thông Thừa Thiên Huế,BLOCKED_INSUFFICIENT_MARKET_DATA,REJECTED,True,False,PROVISIONAL_PRIMARY_ONLY,PROVISIONAL_LOW,NOT_AVAILABLE,NEEDS_MANUAL_BCTC_REVIEW,"[""capex"", ""cfo"", ""equity"", ""gross_profit"", ""last_close"", ""last_price_date"", ""net_income"", ""revenue"", ""total_assets"", ""total_liabilities""]","[""Primary market data missing or incomplete.""]",Primary market data missing or incomplete.,,,21459.0,,21459.0,,,,PARTIAL_PROVISIONAL_DATA,provisional_structured,,,,,,,,,
GTK,Công ty Cổ phần Giầy Thụy Khuê,BLOCKED_INSUFFICIENT_MARKET_DATA,REJECTED,True,False,PROVISIONAL_PRIMARY_ONLY,PROVISIONAL_LOW,NOT_AVAILABLE,NEEDS_MANUAL_BCTC_REVIEW,"[""avg_volume_20d"", ""capex"", ""cfo"", ""equity"", ""gross_profit"", ""last_close"", ""last_price_date"", ""net_income"", ""revenue"", ""total_assets"", ""total_liabilities""]","[""Primary market data missing or incomplete.""]",Primary market data missing or incomplete.,,,,,,,,,INSUFFICIENT_DATA,provisional_structured,,,,,,,,,
GTS,Công ty Cổ phần Công trình Giao thông Sài Gòn,BLOCKED_INSUFFICIENT_MARKET_DATA,REJECTED,True,False,PROVISIONAL_PRIMARY_ONLY,PROVISIONAL_LOW,NOT_AVAILABLE,NEEDS_MANUAL_BCTC_REVIEW,"[""capex"", ""cfo"", ""equity"", ""gross_profit"", ""last_close"", ""last_price_date"", ""net_income"", ""revenue"", ""total_assets"", ""total_liabilities""]","[""Primary market data missing or incomplete.""]",Primary market data missing or incomplete.,,,20.0,,20.0,,,,PARTIAL_PROVISIONAL_DATA,provisional_structured,,,,,,,,,
GTT,Công ty Cổ phần Thuận Thảo,BLOCKED_INSUFFICIENT_MARKET_DATA,REJECTED,True,False,PROVISIONAL_PRIMARY_ONLY,PROVISIONAL_LOW,NOT_AVAILABLE,NEEDS_MANUAL_BCTC_REVIEW,"[""avg_volume_20d"", ""capex"", ""cfo"", ""equity"", ""gross_profit"", ""last_close"", ""last_price_date"", ""net_income"", ""revenue"", ""total_assets"", ""total_liabilities""]","[""Primary market data missing or incomplete.""]",Primary market data missing or incomplete.,,,,,,,,,INSUFFICIENT_DATA,provisional_structured,,,,,,,,,
GVR,Tập đoàn Công nghiệp Cao su Việt Nam - Công ty Cổ phần,BLOCKED_INSUFFICIENT_MARKET_DATA,REJECTED,True,False,PROVISIONAL_PRIMARY_ONLY,PROVISIONAL_LOW,NOT_AVAILABLE,NEEDS_MANUAL_BCTC_REVIEW,"[""capex"", ""cfo"", ""equity"", ""gross_profit"", ""last_close"", ""last_price_date"", ""net_income"", ""revenue"", ""total_assets"", ""total_liabilities""]","[""Primary market data missing or incomplete.""]",Primary market data missing or incomplete.,,,4805530.0,,4805530.0,,,,PARTIAL_PROVISIONAL_DATA,provisional_structured,,,,,,,,,
GVT,Công ty Cổ phần Giấy Việt Trì,BLOCKED_INSUFFICIENT_MARKET_DATA,REJECTED,True,False,PROVISIONAL_PRIMARY_ONLY,PROVISIONAL_LOW,NOT_AVAILABLE,NEEDS_MANUAL_BCTC_REVIEW,"[""capex"", ""cfo"", ""equity"", ""gross_profit"", ""last_close"", ""last_price_date"", ""net_income"", ""revenue"", ""total_assets"", ""total_liabilities""]","[""Primary market data missing or incomplete.""]",Primary market data missing or incomplete.,,,970.0,,970.0,,,,PARTIAL_PROVISIONAL_DATA,provisional_structured,,,,,,,,,
H11,Công ty Cổ phần Xây dựng HUD101,BLOCKED_INSUFFICIENT_MARKET_DATA,REJECTED,True,False,PROVISIONAL_PRIMARY_ONLY,PROVISIONAL_LOW,NOT_AVAILABLE,NEEDS_MANUAL_BCTC_REVIEW,"[""capex"", ""cfo"", ""equity"", ""gross_profit"", ""last_close"", ""last_price_date"", ""net_income"", ""revenue"", ""total_assets"", ""total_liabilities""]","[""Primary market data missing or incomplete.""]",Primary market data missing or incomplete.,,,3930.0,,3930.0,,,,PARTIAL_PROVISIONAL_DATA,provisional_structured,,,,,,,,,
HAB,Công ty Cổ phần Sách Và Thiết Bị Trường Học Hà Nội,BLOCKED_INSUFFICIENT_MARKET_DATA,REJECTED,True,False,PROVISIONAL_PRIMARY_ONLY,PROVISIONAL_LOW,NOT_AVAILABLE,NEEDS_MANUAL_BCTC_REVIEW,"[""avg_volume_20d"", ""capex"", ""cfo"", ""equity"", ""gross_profit"", ""last_close"", ""last_price_date"", ""net_income"", ""revenue"", ""total_assets"", ""total_liabilities""]","[""Primary market data missing or incomplete.""]",Primary market data missing or incomplete.,,,,,,,,,INSUFFICIENT_DATA,provisional_structured,,,,,,,,,
HAC,Công ty Cổ phần Chứng khoán Hải Phòng,BLOCKED_INSUFFICIENT_MARKET_DATA,REJECTED,True,False,PROVISIONAL_PRIMARY_ONLY,PROVISIONAL_LOW,NOT_AVAILABLE,NEEDS_MANUAL_BCTC_REVIEW,"[""capex"", ""cfo"", ""equity"", ""gross_profit"", ""last_close"", ""last_price_date"", ""net_income"", ""revenue"", ""total_assets"", ""total_liabilities""]","[""Primary market data missing or incomplete.""]",Primary market data missing or incomplete.,,,1630.0,,1630.0,,,,PARTIAL_PROVISIONAL_DATA,provisional_structured,,,,,,,,,
HAD,Công ty Cổ phần Bia Hà Nội - Hải Dương,BLOCKED_INSUFFICIENT_MARKET_DATA,REJECTED,True,False,PROVISIONAL_PRIMARY_ONLY,PROVISIONAL_LOW,NOT_AVAILABLE,NEEDS_MANUAL_BCTC_REVIEW,"[""capex"", ""cfo"", ""equity"", ""gross_profit"", ""last_close"", ""last_price_date"", ""net_income"", ""revenue"", ""total_assets"", ""total_liabilities""]","[""Primary market data missing or incomplete.""]",Primary market data missing or incomplete.,,,250.0,,250.0,,,,PARTIAL_PROVISIONAL_DATA,provisional_structured,,,,,,,,,
HAF,Công ty Cổ phần Thực phẩm Hà Nội,BLOCKED_INSUFFICIENT_MARKET_DATA,REJECTED,True,False,PROVISIONAL_PRIMARY_ONLY,PROVISIONAL_LOW,NOT_AVAILABLE,NEEDS_MANUAL_BCTC_REVIEW,"[""capex"", ""cfo"", ""equity"", ""gross_profit"", ""last_close"", ""last_price_date"", ""net_income"", ""revenue"", ""total_assets"", ""total_liabilities""]","[""Primary market data missing or incomplete.""]",Primary market data missing or incomplete.,,,30.0,,30.0,,,,PARTIAL_PROVISIONAL_DATA,provisional_structured,,,,,,,,,
HAG,Công ty Cổ phần Hoàng Anh Gia Lai,BLOCKED_INSUFFICIENT_MARKET_DATA,REJECTED,True,False,PROVISIONAL_PRIMARY_ONLY,PROVISIONAL_LOW,NOT_AVAILABLE,NEEDS_MANUAL_BCTC_REVIEW,"[""capex"", ""cfo"", ""equity"", ""gross_profit"", ""last_close"", ""last_price_date"", ""net_income"", ""revenue"", ""total_assets"", ""total_liabilities""]","[""Primary market data missing or incomplete.""]",Primary market data missing or incomplete.,,,3468450.0,,3468450.0,,,,PARTIAL_PROVISIONAL_DATA,provisional_structured,,,,,,,,,
HAH,Công ty Cổ phần Vận tải và Xếp dỡ Hải An,BLOCKED_INSUFFICIENT_MARKET_DATA,REJECTED,True,False,PROVISIONAL_PRIMARY_ONLY,PROVISIONAL_LOW,NOT_AVAILABLE,NEEDS_MANUAL_BCTC_REVIEW,"[""capex"", ""cfo"", ""equity"", ""gross_profit"", ""last_close"", ""last_price_date"", ""net_income"", ""revenue"", ""total_assets"", ""total_liabilities""]","[""Primary market data missing or incomplete.""]",Primary market data missing or incomplete.,,,647820.0,,647820.0,,,,PARTIAL_PROVISIONAL_DATA,provisional_structured,,,,,,,,,
HAI,Công ty Cổ phần Nông dược HAI,BLOCKED_INSUFFICIENT_MARKET_DATA,REJECTED,True,False,PROVISIONAL_PRIMARY_ONLY,PROVISIONAL_LOW,NOT_AVAILABLE,NEEDS_MANUAL_BCTC_REVIEW,"[""avg_volume_20d"", ""capex"", ""cfo"", ""equity"", ""gross_profit"", ""last_close"", ""last_price_date"", ""net_income"", ""revenue"", ""total_assets"", ""total_liabilities""]","[""Primary market data missing or incomplete.""]",Primary market data missing or incomplete.,,,,,,,,,INSUFFICIENT_DATA,provisional_structured,,,,,,,,,
HAM,Công ty Cổ phần Vật tư Hậu Giang,BLOCKED_INSUFFICIENT_MARKET_DATA,REJECTED,True,False,PROVISIONAL_PRIMARY_ONLY,PROVISIONAL_LOW,NOT_AVAILABLE,NEEDS_MANUAL_BCTC_REVIEW,"[""capex"", ""cfo"", ""equity"", ""gross_profit"", ""last_close"", ""last_price_date"", ""net_income"", ""revenue"", ""total_assets"", ""total_liabilities""]","[""Primary market data missing or incomplete.""]",Primary market data missing or incomplete.,,,110.0,,110.0,,,,PARTIAL_PROVISIONAL_DATA,provisional_structured,,,,,,,,,
HAN,Tổng Công ty Xây dựng Hà Nội - CTCP,BLOCKED_INSUFFICIENT_MARKET_DATA,REJECTED,True,False,PROVISIONAL_PRIMARY_ONLY,PROVISIONAL_LOW,NOT_AVAILABLE,NEEDS_MANUAL_BCTC_REVIEW,"[""capex"", ""cfo"", ""equity"", ""gross_profit"", ""last_close"", ""last_price_date"", ""net_income"", ""revenue"", ""total_assets"", ""total_liabilities""]","[""Primary market data missing or incomplete.""]",Primary market data missing or incomplete.,,,4760.0,,4760.0,,,,PARTIAL_PROVISIONAL_DATA,provisional_structured,,,,,,,,,
HAP,Công ty Cổ phần Tập Đoàn Hapaco,BLOCKED_INSUFFICIENT_MARKET_DATA,REJECTED,True,False,PROVISIONAL_PRIMARY_ONLY,PROVISIONAL_LOW,NOT_AVAILABLE,NEEDS_MANUAL_BCTC_REVIEW,"[""capex"", ""cfo"", ""equity"", ""gross_profit"", ""last_close"", ""last_price_date"", ""net_income"", ""revenue"", ""total_assets"", ""total_liabilities""]","[""Primary market data missing or incomplete.""]",Primary market data missing or incomplete.,,,6070.0,,6070.0,,,,PARTIAL_PROVISIONAL_DATA,provisional_structured,,,,,,,,,
HAR,Công ty Cổ phần Đầu tư Thương mại Bất động sản An Dương Thảo Điền,BLOCKED_INSUFFICIENT_MARKET_DATA,REJECTED,True,False,PROVISIONAL_PRIMARY_ONLY,PROVISIONAL_LOW,NOT_AVAILABLE,NEEDS_MANUAL_BCTC_REVIEW,"[""capex"", ""cfo"", ""equity"", ""gross_profit"", ""last_close"", ""last_price_date"", ""net_income"", ""revenue"", ""total_assets"", ""total_liabilities""]","[""Primary market data missing or incomplete.""]",Primary market data missing or incomplete.,,,117150.0,,117150.0,,,,PARTIAL_PROVISIONAL_DATA,provisional_structured,,,,,,,,,
HAS,Công ty Cổ phần Hacisco,BLOCKED_INSUFFICIENT_MARKET_DATA,REJECTED,True,False,PROVISIONAL_PRIMARY_ONLY,PROVISIONAL_LOW,NOT_AVAILABLE,NEEDS_MANUAL_BCTC_REVIEW,"[""capex"", ""cfo"", ""equity"", ""gross_profit"", ""last_close"", ""last_price_date"", ""net_income"", ""revenue"", ""total_assets"", ""total_liabilities""]","[""Primary market data missing or incomplete.""]",Primary market data missing or incomplete.,,,2770.0,,2770.0,,,,PARTIAL_PROVISIONAL_DATA,provisional_structured,,,,,,,,,
HAT,Công ty Cổ phần Thương mại Bia Hà Nội,BLOCKED_INSUFFICIENT_MARKET_DATA,REJECTED,True,False,PROVISIONAL_PRIMARY_ONLY,PROVISIONAL_LOW,NOT_AVAILABLE,NEEDS_MANUAL_BCTC_REVIEW,"[""capex"", ""cfo"", ""equity"", ""gross_profit"", ""last_close"", ""last_price_date"", ""net_income"", ""revenue"", ""total_assets"", ""total_liabilities""]","[""Primary market data missing or incomplete.""]",Primary market data missing or incomplete.,,,730.0,,730.0,,,,PARTIAL_PROVISIONAL_DATA,provisional_structured,,,,,,,,,
HAV,Công ty Cổ phần Rượu Hapro,BLOCKED_INSUFFICIENT_MARKET_DATA,REJECTED,True,False,PROVISIONAL_PRIMARY_ONLY,PROVISIONAL_LOW,NOT_AVAILABLE,NEEDS_MANUAL_BCTC_REVIEW,"[""capex"", ""cfo"", ""equity"", ""gross_profit"", ""last_close"", ""last_price_date"", ""net_income"", ""revenue"", ""total_assets"", ""total_liabilities""]","[""Primary market data missing or incomplete.""]",Primary market data missing or incomplete.,,,150.0,,150.0,,,,PARTIAL_PROVISIONAL_DATA,provisional_structured,,,,,,,,,
HAW,Công ty Cổ phần Cấp nước và Vệ sinh Môi trường Nông thôn Hậu Giang,BLOCKED_INSUFFICIENT_MARKET_DATA,REJECTED,True,False,PROVISIONAL_PRIMARY_ONLY,PROVISIONAL_LOW,NOT_AVAILABLE,NEEDS_MANUAL_BCTC_REVIEW,"[""avg_volume_20d"", ""capex"", ""cfo"", ""equity"", ""gross_profit"", ""last_close"", ""last_price_date"", ""net_income"", ""revenue"", ""total_assets"", ""total_liabilities""]","[""Primary market data missing or incomplete.""]",Primary market data missing or incomplete.,,,,,,,,,INSUFFICIENT_DATA,provisional_structured,,,,,,,,,
HAX,Công ty Cổ phần Dịch vụ Ô tô Hàng Xanh,BLOCKED_INSUFFICIENT_MARKET_DATA,REJECTED,True,False,PROVISIONAL_PRIMARY_ONLY,PROVISIONAL_LOW,NOT_AVAILABLE,NEEDS_MANUAL_BCTC_REVIEW,"[""capex"", ""cfo"", ""equity"", ""gross_profit"", ""last_price_date"", ""net_income"", ""revenue"", ""total_assets"", ""total_liabilities""]","[""Primary market data missing or incomplete.""]",Primary market data missing or incomplete.,,10.1,146880.0,,146880.0,1483488.0,,,PARTIAL_PROVISIONAL_DATA,provisional_structured,,,,,,,,,
HBC,Công ty Cổ phần Tập đoàn Xây dựng Hòa Bình,BLOCKED_INSUFFICIENT_MARKET_DATA,REJECTED,True,False,PROVISIONAL_PRIMARY_ONLY,PROVISIONAL_LOW,NOT_AVAILABLE,NEEDS_MANUAL_BCTC_REVIEW,"[""capex"", ""cfo"", ""equity"", ""gross_profit"", ""last_close"", ""last_price_date"", ""net_income"", ""revenue"", ""total_assets"", ""total_liabilities""]","[""Primary market data missing or incomplete.""]",Primary market data missing or incomplete.,,,938890.0,,938890.0,,,,PARTIAL_PROVISIONAL_DATA,provisional_structured,,,,,,,,,
HBD,Công ty Cổ phần Bao bì PP Bình Dương,BLOCKED_INSUFFICIENT_MARKET_DATA,REJECTED,True,False,PROVISIONAL_PRIMARY_ONLY,PROVISIONAL_LOW,NOT_AVAILABLE,NEEDS_MANUAL_BCTC_REVIEW,"[""avg_volume_20d"", ""capex"", ""cfo"", ""equity"", ""gross_profit"", ""last_close"", ""last_price_date"", ""net_income"", ""revenue"", ""total_assets"", ""total_liabilities""]","[""Primary market data missing or incomplete.""]",Primary market data missing or incomplete.,,,,,,,,,INSUFFICIENT_DATA,provisional_structured,,,,,,,,,
HBH,Công ty Cổ phần HABECO - Hải Phòng,BLOCKED_INSUFFICIENT_MARKET_DATA,REJECTED,True,False,PROVISIONAL_PRIMARY_ONLY,PROVISIONAL_LOW,NOT_AVAILABLE,NEEDS_MANUAL_BCTC_REVIEW,"[""capex"", ""cfo"", ""equity"", ""gross_profit"", ""last_close"", ""last_price_date"", ""net_income"", ""revenue"", ""total_assets"", ""total_liabilities""]","[""Primary market data missing or incomplete.""]",Primary market data missing or incomplete.,,,50.0,,50.0,,,,PARTIAL_PROVISIONAL_DATA,provisional_structured,,,,,,,,,
HBS,Công ty Cổ phần Chứng khoán Hòa Bình,BLOCKED_INSUFFICIENT_MARKET_DATA,REJECTED,True,False,PROVISIONAL_PRIMARY_ONLY,PROVISIONAL_LOW,NOT_AVAILABLE,NEEDS_MANUAL_BCTC_REVIEW,"[""capex"", ""cfo"", ""equity"", ""gross_profit"", ""last_close"", ""last_price_date"", ""net_income"", ""revenue"", ""total_assets"", ""total_liabilities""]","[""Primary market data missing or incomplete.""]",Primary market data missing or incomplete.,,,5290.0,,5290.0,,,,PARTIAL_PROVISIONAL_DATA,provisional_structured,,,,,,,,,
HC1,Công ty Cổ phần Xây dựng số 1 Hà Nội,BLOCKED_INSUFFICIENT_MARKET_DATA,REJECTED,True,False,PROVISIONAL_PRIMARY_ONLY,PROVISIONAL_LOW,NOT_AVAILABLE,NEEDS_MANUAL_BCTC_REVIEW,"[""capex"", ""cfo"", ""equity"", ""gross_profit"", ""last_close"", ""last_price_date"", ""net_income"", ""revenue"", ""total_assets"", ""total_liabilities""]","[""Primary market data missing or incomplete.""]",Primary market data missing or incomplete.,,,1950.0,,1950.0,,,,PARTIAL_PROVISIONAL_DATA,provisional_structured,,,,,,,,,
HC3,Công ty Cổ phần Xây dựng số 3 Hải Phòng,BLOCKED_INSUFFICIENT_MARKET_DATA,REJECTED,True,False,PROVISIONAL_PRIMARY_ONLY,PROVISIONAL_LOW,NOT_AVAILABLE,NEEDS_MANUAL_BCTC_REVIEW,"[""capex"", ""cfo"", ""equity"", ""gross_profit"", ""last_close"", ""last_price_date"", ""net_income"", ""revenue"", ""total_assets"", ""total_liabilities""]","[""Primary market data missing or incomplete.""]",Primary market data missing or incomplete.,,,10.0,,10.0,,,,PARTIAL_PROVISIONAL_DATA,provisional_structured,,,,,,,,,
HCB,Công ty Cổ phần Dệt may 29/3,BLOCKED_INSUFFICIENT_MARKET_DATA,REJECTED,True,False,PROVISIONAL_PRIMARY_ONLY,PROVISIONAL_LOW,NOT_AVAILABLE,NEEDS_MANUAL_BCTC_REVIEW,"[""capex"", ""cfo"", ""equity"", ""gross_profit"", ""last_close"", ""last_price_date"", ""net_income"", ""revenue"", ""total_assets"", ""total_liabilities""]","[""Primary market data missing or incomplete.""]",Primary market data missing or incomplete.,,,20.0,,20.0,,,,PARTIAL_PROVISIONAL_DATA,provisional_structured,,,,,,,,,
HCC,Công ty Cổ phần Bê tông Hòa Cầm - Intimex,BLOCKED_INSUFFICIENT_MARKET_DATA,REJECTED,True,False,PROVISIONAL_PRIMARY_ONLY,PROVISIONAL_LOW,NOT_AVAILABLE,NEEDS_MANUAL_BCTC_REVIEW,"[""capex"", ""cfo"", ""equity"", ""gross_profit"", ""last_close"", ""last_price_date"", ""net_income"", ""revenue"", ""total_assets"", ""total_liabilities""]","[""Primary market data missing or incomplete.""]",Primary market data missing or incomplete.,,,960.0,,960.0,,,,PARTIAL_PROVISIONAL_DATA,provisional_structured,,,,,,,,,
HCD,Công ty Cổ phần Đầu tư Sản xuất và Thương mại HCD,BLOCKED_INSUFFICIENT_MARKET_DATA,REJECTED,True,False,PROVISIONAL_PRIMARY_ONLY,PROVISIONAL_LOW,NOT_AVAILABLE,NEEDS_MANUAL_BCTC_REVIEW,"[""capex"", ""cfo"", ""equity"", ""gross_profit"", ""last_close"", ""last_price_date"", ""net_income"", ""revenue"", ""total_assets"", ""total_liabilities""]","[""Primary market data missing or incomplete.""]",Primary market data missing or incomplete.,,,85700.0,,85700.0,,,,PARTIAL_PROVISIONAL_DATA,provisional_structured,,,,,,,,,
HCI,Công ty Cổ phần Đầu tư - Xây dựng Hà Nội,BLOCKED_INSUFFICIENT_MARKET_DATA,REJECTED,True,False,PROVISIONAL_PRIMARY_ONLY,PROVISIONAL_LOW,NOT_AVAILABLE,NEEDS_MANUAL_BCTC_REVIEW,"[""avg_volume_20d"", ""capex"", ""cfo"", ""equity"", ""gross_profit"", ""last_close"", ""last_price_date"", ""net_income"", ""revenue"", ""total_assets"", ""total_liabilities""]","[""Primary market data missing or incomplete.""]",Primary market data missing or incomplete.,,,,,,,,,INSUFFICIENT_DATA,provisional_structured,,,,,,,,,
HCM,Công ty Cổ phần Chứng khoán Thành phố Hồ Chí Minh,BLOCKED_INSUFFICIENT_MARKET_DATA,REJECTED,True,False,PROVISIONAL_PRIMARY_ONLY,PROVISIONAL_LOW,NOT_AVAILABLE,NEEDS_MANUAL_BCTC_REVIEW,"[""capex"", ""cfo"", ""equity"", ""gross_profit"", ""last_price_date"", ""net_income"", ""revenue"", ""total_assets"", ""total_liabilities""]","[""Primary market data missing or incomplete.""]",Primary market data missing or incomplete.,,27.25,9660420.0,,9660420.0,263246445.0,,,PARTIAL_PROVISIONAL_DATA,provisional_structured,,,,,,,,,
HCT,Công ty Cổ phần Thương mại - Dịch vụ - Vận tải Xi măng Hải Phòng,BLOCKED_INSUFFICIENT_MARKET_DATA,REJECTED,True,False,PROVISIONAL_PRIMARY_ONLY,PROVISIONAL_LOW,NOT_AVAILABLE,NEEDS_MANUAL_BCTC_REVIEW,"[""avg_volume_20d"", ""capex"", ""cfo"", ""equity"", ""gross_profit"", ""last_close"", ""last_price_date"", ""net_income"", ""revenue"", ""total_assets"", ""total_liabilities""]","[""Primary market data missing or incomplete.""]",Primary market data missing or incomplete.,,,,,,,,,INSUFFICIENT_DATA,provisional_structured,,,,,,,,,
HD2,Công ty Cổ phần Đầu tư phát triển nhà HUD2,BLOCKED_INSUFFICIENT_MARKET_DATA,REJECTED,True,False,PROVISIONAL_PRIMARY_ONLY,PROVISIONAL_LOW,NOT_AVAILABLE,NEEDS_MANUAL_BCTC_REVIEW,"[""capex"", ""cfo"", ""equity"", ""gross_profit"", ""last_close"", ""last_price_date"", ""net_income"", ""revenue"", ""total_assets"", ""total_liabilities""]","[""Primary market data missing or incomplete.""]",Primary market data missing or incomplete.,,,2550.0,,2550.0,,,,PARTIAL_PROVISIONAL_DATA,provisional_structured,,,,,,,,,
HD6,Công ty Cổ phần Đầu tư và Phát triển nhà số 6 Hà Nội,BLOCKED_INSUFFICIENT_MARKET_DATA,REJECTED,True,False,PROVISIONAL_PRIMARY_ONLY,PROVISIONAL_LOW,NOT_AVAILABLE,NEEDS_MANUAL_BCTC_REVIEW,"[""capex"", ""cfo"", ""equity"", ""gross_profit"", ""last_close"", ""last_price_date"", ""net_income"", ""revenue"", ""total_assets"", ""total_liabilities""]","[""Primary market data missing or incomplete.""]",Primary market data missing or incomplete.,,,19230.0,,19230.0,,,,PARTIAL_PROVISIONAL_DATA,provisional_structured,,,,,,,,,
HD8,Công ty Cổ phần Đầu tư Phát triển Nhà và Đô thị HUD8,BLOCKED_INSUFFICIENT_MARKET_DATA,REJECTED,True,False,PROVISIONAL_PRIMARY_ONLY,PROVISIONAL_LOW,NOT_AVAILABLE,NEEDS_MANUAL_BCTC_REVIEW,"[""capex"", ""cfo"", ""equity"", ""gross_profit"", ""last_close"", ""last_price_date"", ""net_income"", ""revenue"", ""total_assets"", ""total_liabilities""]","[""Primary market data missing or incomplete.""]",Primary market data missing or incomplete.,,,20.0,,20.0,,,,PARTIAL_PROVISIONAL_DATA,provisional_structured,,,,,,,,,
HDA,Công ty Cổ phần Hãng sơn Đông Á,BLOCKED_INSUFFICIENT_MARKET_DATA,REJECTED,True,False,PROVISIONAL_PRIMARY_ONLY,PROVISIONAL_LOW,NOT_AVAILABLE,NEEDS_MANUAL_BCTC_REVIEW,"[""capex"", ""cfo"", ""equity"", ""gross_profit"", ""last_close"", ""last_price_date"", ""net_income"", ""revenue"", ""total_assets"", ""total_liabilities""]","[""Primary market data missing or incomplete.""]",Primary market data missing or incomplete.,,,12470.0,,12470.0,,,,PARTIAL_PROVISIONAL_DATA,provisional_structured,,,,,,,,,
HDB,Ngân hàng Thương mại Cổ phần Phát Triển Thành phố Hồ Chí Minh,BLOCKED_INSUFFICIENT_MARKET_DATA,REJECTED,True,False,PROVISIONAL_PRIMARY_ONLY,PROVISIONAL_LOW,NOT_AVAILABLE,NEEDS_MANUAL_BCTC_REVIEW,"[""capex"", ""cfo"", ""equity"", ""gross_profit"", ""last_close"", ""last_price_date"", ""net_income"", ""revenue"", ""total_assets"", ""total_liabilities""]","[""Primary market data missing or incomplete.""]",Primary market data missing or incomplete.,,,12586950.0,,12586950.0,,,,PARTIAL_PROVISIONAL_DATA,provisional_structured,,,,,,,,,
HDC,Công ty Cổ phần Phát triển Nhà Bà Rịa Vũng Tàu,BLOCKED_INSUFFICIENT_MARKET_DATA,REJECTED,True,False,PROVISIONAL_PRIMARY_ONLY,PROVISIONAL_LOW,NOT_AVAILABLE,NEEDS_MANUAL_BCTC_REVIEW,"[""capex"", ""cfo"", ""equity"", ""gross_profit"", ""last_close"", ""last_price_date"", ""net_income"", ""revenue"", ""total_assets"", ""total_liabilities""]","[""Primary market data missing or incomplete.""]",Primary market data missing or incomplete.,,,2009550.0,,2009550.0,,,,PARTIAL_PROVISIONAL_DATA,provisional_structured,,,,,,,,,
HDG,Công ty Cổ phần Tập đoàn Hà Đô,BLOCKED_INSUFFICIENT_MARKET_DATA,REJECTED,True,False,PROVISIONAL_PRIMARY_ONLY,PROVISIONAL_LOW,NOT_AVAILABLE,NEEDS_MANUAL_BCTC_REVIEW,"[""capex"", ""cfo"", ""equity"", ""gross_profit"", ""last_close"", ""last_price_date"", ""net_income"", ""revenue"", ""total_assets"", ""total_liabilities""]","[""Primary market data missing or incomplete.""]",Primary market data missing or incomplete.,,,1617000.0,,1617000.0,,,,PARTIAL_PROVISIONAL_DATA,provisional_structured,,,,,,,,,
HDM,Công ty Cổ phần Dệt May Huế,BLOCKED_INSUFFICIENT_MARKET_DATA,REJECTED,True,False,PROVISIONAL_PRIMARY_ONLY,PROVISIONAL_LOW,NOT_AVAILABLE,NEEDS_MANUAL_BCTC_REVIEW,"[""capex"", ""cfo"", ""equity"", ""gross_profit"", ""last_close"", ""last_price_date"", ""net_income"", ""revenue"", ""total_assets"", ""total_liabilities""]","[""Primary market data missing or incomplete.""]",Primary market data missing or incomplete.,,,760.0,,760.0,,,,PARTIAL_PROVISIONAL_DATA,provisional_structured,,,,,,,,,
HDO,Công ty Cổ phần Hưng Đạo Container,BLOCKED_INSUFFICIENT_MARKET_DATA,REJECTED,True,False,PROVISIONAL_PRIMARY_ONLY,PROVISIONAL_LOW,NOT_AVAILABLE,NEEDS_MANUAL_BCTC_REVIEW,"[""avg_volume_20d"", ""capex"", ""cfo"", ""equity"", ""gross_profit"", ""last_close"", ""last_price_date"", ""net_income"", ""revenue"", ""total_assets"", ""total_liabilities""]","[""Primary market data missing or incomplete.""]",Primary market data missing or incomplete.,,,,,,,,,INSUFFICIENT_DATA,provisional_structured,,,,,,,,,
HDP,Công ty Cổ phần Dược Hà Tĩnh,BLOCKED_INSUFFICIENT_MARKET_DATA,REJECTED,True,False,PROVISIONAL_PRIMARY_ONLY,PROVISIONAL_LOW,NOT_AVAILABLE,NEEDS_MANUAL_BCTC_REVIEW,"[""capex"", ""cfo"", ""equity"", ""gross_profit"", ""last_close"", ""last_price_date"", ""net_income"", ""revenue"", ""total_assets"", ""total_liabilities""]","[""Primary market data missing or incomplete.""]",Primary market data missing or incomplete.,,,1300.0,,1300.0,,,,PARTIAL_PROVISIONAL_DATA,provisional_structured,,,,,,,,,
HDS,Công ty Cổ phần Giống cây trồng Hải Dương,BLOCKED_INSUFFICIENT_MARKET_DATA,REJECTED,True,False,PROVISIONAL_PRIMARY_ONLY,PROVISIONAL_LOW,NOT_AVAILABLE,NEEDS_MANUAL_BCTC_REVIEW,"[""avg_volume_20d"", ""capex"", ""cfo"", ""equity"", ""gross_profit"", ""last_close"", ""last_price_date"", ""net_income"", ""revenue"", ""total_assets"", ""total_liabilities""]","[""Primary market data missing or incomplete.""]",Primary market data missing or incomplete.,,,,,,,,,INSUFFICIENT_DATA,provisional_structured,,,,,,,,,
HDW,Công ty Cổ phần Kinh doanh Nước sạch Hải Dương,BLOCKED_INSUFFICIENT_MARKET_DATA,REJECTED,True,False,PROVISIONAL_PRIMARY_ONLY,PROVISIONAL_LOW,NOT_AVAILABLE,NEEDS_MANUAL_BCTC_REVIEW,"[""capex"", ""cfo"", ""equity"", ""gross_profit"", ""last_close"", ""last_price_date"", ""net_income"", ""revenue"", ""total_assets"", ""total_liabilities""]","[""Primary market data missing or incomplete.""]",Primary market data missing or incomplete.,,,220.0,,220.0,,,,PARTIAL_PROVISIONAL_DATA,provisional_structured,,,,,,,,,
HEC,Công ty Cổ phần Tư vấn xây dựng Thủy Lợi II,BLOCKED_INSUFFICIENT_MARKET_DATA,REJECTED,True,False,PROVISIONAL_PRIMARY_ONLY,PROVISIONAL_LOW,NOT_AVAILABLE,NEEDS_MANUAL_BCTC_REVIEW,"[""capex"", ""cfo"", ""equity"", ""gross_profit"", ""last_close"", ""last_price_date"", ""net_income"", ""revenue"", ""total_assets"", ""total_liabilities""]","[""Primary market data missing or incomplete.""]",Primary market data missing or incomplete.,,,960.0,,960.0,,,,PARTIAL_PROVISIONAL_DATA,provisional_structured,,,,,,,,,
HEJ,Tổng Công ty Tư vấn Xây dựng Thủy Lợi Việt Nam - CTCP,BLOCKED_INSUFFICIENT_MARKET_DATA,REJECTED,True,False,PROVISIONAL_PRIMARY_ONLY,PROVISIONAL_LOW,NOT_AVAILABLE,NEEDS_MANUAL_BCTC_REVIEW,"[""capex"", ""cfo"", ""equity"", ""gross_profit"", ""last_close"", ""last_price_date"", ""net_income"", ""revenue"", ""total_assets"", ""total_liabilities""]","[""Primary market data missing or incomplete.""]",Primary market data missing or incomplete.,,,30.0,,30.0,,,,PARTIAL_PROVISIONAL_DATA,provisional_structured,,,,,,,,,
HEM,Công ty Cổ phần Chế tạo Điện cơ Hà Nội,BLOCKED_INSUFFICIENT_MARKET_DATA,REJECTED,True,False,PROVISIONAL_PRIMARY_ONLY,PROVISIONAL_LOW,NOT_AVAILABLE,NEEDS_MANUAL_BCTC_REVIEW,"[""capex"", ""cfo"", ""equity"", ""gross_profit"", ""last_close"", ""last_price_date"", ""net_income"", ""revenue"", ""total_assets"", ""total_liabilities""]","[""Primary market data missing or incomplete.""]",Primary market data missing or incomplete.,,,9201.0,,9201.0,,,,PARTIAL_PROVISIONAL_DATA,provisional_structured,,,,,,,,,
HEP,Công ty Cổ phần Môi trường và Công trình đô thị Huế,BLOCKED_INSUFFICIENT_MARKET_DATA,REJECTED,True,False,PROVISIONAL_PRIMARY_ONLY,PROVISIONAL_LOW,NOT_AVAILABLE,NEEDS_MANUAL_BCTC_REVIEW,"[""capex"", ""cfo"", ""equity"", ""gross_profit"", ""last_close"", ""last_price_date"", ""net_income"", ""revenue"", ""total_assets"", ""total_liabilities""]","[""Primary market data missing or incomplete.""]",Primary market data missing or incomplete.,,,360.0,,360.0,,,,PARTIAL_PROVISIONAL_DATA,provisional_structured,,,,,,,,,
HES,Công ty Cổ phần Dịch vụ Giải trí Hà Nội,BLOCKED_INSUFFICIENT_MARKET_DATA,REJECTED,True,False,PROVISIONAL_PRIMARY_ONLY,PROVISIONAL_LOW,NOT_AVAILABLE,NEEDS_MANUAL_BCTC_REVIEW,"[""avg_volume_20d"", ""capex"", ""cfo"", ""equity"", ""gross_profit"", ""last_close"", ""last_price_date"", ""net_income"", ""revenue"", ""total_assets"", ""total_liabilities""]","[""Primary market data missing or incomplete.""]",Primary market data missing or incomplete.,,,,,,,,,INSUFFICIENT_DATA,provisional_structured,,,,,,,,,
HEV,Công ty Cổ phần Sách Đại học - Dạy nghề,BLOCKED_INSUFFICIENT_MARKET_DATA,REJECTED,True,False,PROVISIONAL_PRIMARY_ONLY,PROVISIONAL_LOW,NOT_AVAILABLE,NEEDS_MANUAL_BCTC_REVIEW,"[""capex"", ""cfo"", ""equity"", ""gross_profit"", ""last_close"", ""last_price_date"", ""net_income"", ""revenue"", ""total_assets"", ""total_liabilities""]","[""Primary market data missing or incomplete.""]",Primary market data missing or incomplete.,,,80.0,,80.0,,,,PARTIAL_PROVISIONAL_DATA,provisional_structured,,,,,,,,,
HFB,Công ty Cổ phần Công trình Cầu phà Thành phố Hồ Chí Minh,BLOCKED_INSUFFICIENT_MARKET_DATA,REJECTED,True,False,PROVISIONAL_PRIMARY_ONLY,PROVISIONAL_LOW,NOT_AVAILABLE,NEEDS_MANUAL_BCTC_REVIEW,"[""capex"", ""cfo"", ""equity"", ""gross_profit"", ""last_close"", ""last_price_date"", ""net_income"", ""revenue"", ""total_assets"", ""total_liabilities""]","[""Primary market data missing or incomplete.""]",Primary market data missing or incomplete.,,,1070.0,,1070.0,,,,PARTIAL_PROVISIONAL_DATA,provisional_structured,,,,,,,,,
HFC,Công ty Cổ phần Xăng dầu HFC,BLOCKED_INSUFFICIENT_MARKET_DATA,REJECTED,True,False,PROVISIONAL_PRIMARY_ONLY,PROVISIONAL_LOW,NOT_AVAILABLE,NEEDS_MANUAL_BCTC_REVIEW,"[""avg_volume_20d"", ""capex"", ""cfo"", ""equity"", ""gross_profit"", ""last_close"", ""last_price_date"", ""net_income"", ""revenue"", ""total_assets"", ""total_liabilities""]","[""Primary market data missing or incomplete.""]",Primary market data missing or incomplete.,,,,,,,,,INSUFFICIENT_DATA,provisional_structured,,,,,,,,,
HFX,Công ty Cổ phần Sản xuất - Xuất nhập khẩu Thanh Hà,BLOCKED_INSUFFICIENT_MARKET_DATA,REJECTED,True,False,PROVISIONAL_PRIMARY_ONLY,PROVISIONAL_LOW,NOT_AVAILABLE,NEEDS_MANUAL_BCTC_REVIEW,"[""avg_volume_20d"", ""capex"", ""cfo"", ""equity"", ""gross_profit"", ""last_close"", ""last_price_date"", ""net_income"", ""revenue"", ""total_assets"", ""total_liabilities""]","[""Primary market data missing or incomplete.""]",Primary market data missing or incomplete.,,,,,,,,,INSUFFICIENT_DATA,provisional_structured,,,,,,,,,
HGA,Trung tâm Giống Nông nghiệp tỉnh Hậu Giang,BLOCKED_INSUFFICIENT_MARKET_DATA,REJECTED,True,False,PROVISIONAL_PRIMARY_ONLY,PROVISIONAL_LOW,NOT_AVAILABLE,NEEDS_MANUAL_BCTC_REVIEW,"[""avg_volume_20d"", ""capex"", ""cfo"", ""equity"", ""gross_profit"", ""last_close"", ""last_price_date"", ""net_income"", ""revenue"", ""total_assets"", ""total_liabilities""]","[""Primary market data missing or incomplete.""]",Primary market data missing or incomplete.,,,,,,,,,INSUFFICIENT_DATA,provisional_structured,,,,,,,,,
HGC,Trung tâm Quy hoạch - Kiến trúc tỉnh Hậu Giang,BLOCKED_INSUFFICIENT_MARKET_DATA,REJECTED,True,False,PROVISIONAL_PRIMARY_ONLY,PROVISIONAL_LOW,NOT_AVAILABLE,NEEDS_MANUAL_BCTC_REVIEW,"[""avg_volume_20d"", ""capex"", ""cfo"", ""equity"", ""gross_profit"", ""last_close"", ""last_price_date"", ""net_income"", ""revenue"", ""total_assets"", ""total_liabilities""]","[""Primary market data missing or incomplete.""]",Primary market data missing or incomplete.,,,,,,,,,INSUFFICIENT_DATA,provisional_structured,,,,,,,,,
HGM,Công ty Cổ phần Cơ khí và Khoáng sản Hà Giang,BLOCKED_INSUFFICIENT_MARKET_DATA,REJECTED,True,False,PROVISIONAL_PRIMARY_ONLY,PROVISIONAL_LOW,NOT_AVAILABLE,NEEDS_MANUAL_BCTC_REVIEW,"[""capex"", ""cfo"", ""equity"", ""gross_profit"", ""last_close"", ""last_price_date"", ""net_income"", ""revenue"", ""total_assets"", ""total_liabilities""]","[""Primary market data missing or incomplete.""]",Primary market data missing or incomplete.,,,2000.0,,2000.0,,,,PARTIAL_PROVISIONAL_DATA,provisional_structured,,,,,,,,,
HGR,Công ty Cổ phần Tài nguyên và Môi trường Hậu Giang,BLOCKED_INSUFFICIENT_MARKET_DATA,REJECTED,True,False,PROVISIONAL_PRIMARY_ONLY,PROVISIONAL_LOW,NOT_AVAILABLE,NEEDS_MANUAL_BCTC_REVIEW,"[""avg_volume_20d"", ""capex"", ""cfo"", ""equity"", ""gross_profit"", ""last_close"", ""last_price_date"", ""net_income"", ""revenue"", ""total_assets"", ""total_liabilities""]","[""Primary market data missing or incomplete.""]",Primary market data missing or incomplete.,,,,,,,,,INSUFFICIENT_DATA,provisional_structured,,,,,,,,,
HGT,Công ty Cổ phần Du lịch Hương Giang,BLOCKED_INSUFFICIENT_MARKET_DATA,REJECTED,True,False,PROVISIONAL_PRIMARY_ONLY,PROVISIONAL_LOW,NOT_AVAILABLE,NEEDS_MANUAL_BCTC_REVIEW,"[""avg_volume_20d"", ""capex"", ""cfo"", ""equity"", ""gross_profit"", ""last_close"", ""last_price_date"", ""net_income"", ""revenue"", ""total_assets"", ""total_liabilities""]","[""Primary market data missing or incomplete.""]",Primary market data missing or incomplete.,,,,,,,,,INSUFFICIENT_DATA,provisional_structured,,,,,,,,,
HGW,Công ty Cổ phần Cấp thoát nước - Công trình Đô thị Hậu Giang,BLOCKED_INSUFFICIENT_MARKET_DATA,REJECTED,True,False,PROVISIONAL_PRIMARY_ONLY,PROVISIONAL_LOW,NOT_AVAILABLE,NEEDS_MANUAL_BCTC_REVIEW,"[""capex"", ""cfo"", ""equity"", ""gross_profit"", ""last_close"", ""last_price_date"", ""net_income"", ""revenue"", ""total_assets"", ""total_liabilities""]","[""Primary market data missing or incomplete.""]",Primary market data missing or incomplete.,,,270.0,,270.0,,,,PARTIAL_PROVISIONAL_DATA,provisional_structured,,,,,,,,,
HHB,Công ty Cổ Phần Bia Hà Nội - Hồng Hà,BLOCKED_INSUFFICIENT_MARKET_DATA,REJECTED,True,False,PROVISIONAL_PRIMARY_ONLY,PROVISIONAL_LOW,NOT_AVAILABLE,NEEDS_MANUAL_BCTC_REVIEW,"[""avg_volume_20d"", ""capex"", ""cfo"", ""equity"", ""gross_profit"", ""last_close"", ""last_price_date"", ""net_income"", ""revenue"", ""total_assets"", ""total_liabilities""]","[""Primary market data missing or incomplete.""]",Primary market data missing or incomplete.,,,,,,,,,INSUFFICIENT_DATA,provisional_structured,,,,,,,,,
HHC,Công ty Cổ phần Bánh kẹo Hải Hà,BLOCKED_INSUFFICIENT_MARKET_DATA,REJECTED,True,False,PROVISIONAL_PRIMARY_ONLY,PROVISIONAL_LOW,NOT_AVAILABLE,NEEDS_MANUAL_BCTC_REVIEW,"[""capex"", ""cfo"", ""equity"", ""gross_profit"", ""last_close"", ""last_price_date"", ""net_income"", ""revenue"", ""total_assets"", ""total_liabilities""]","[""Primary market data missing or incomplete.""]",Primary market data missing or incomplete.,,,820.0,,820.0,,,,PARTIAL_PROVISIONAL_DATA,provisional_structured,,,,,,,,,
HHG,Công ty Cổ phần Hoàng Hà,BLOCKED_INSUFFICIENT_MARKET_DATA,REJECTED,True,False,PROVISIONAL_PRIMARY_ONLY,PROVISIONAL_LOW,NOT_AVAILABLE,NEEDS_MANUAL_BCTC_REVIEW,"[""capex"", ""cfo"", ""equity"", ""gross_profit"", ""last_close"", ""last_price_date"", ""net_income"", ""revenue"", ""total_assets"", ""total_liabilities""]","[""Primary market data missing or incomplete.""]",Primary market data missing or incomplete.,,,98000.0,,98000.0,,,,PARTIAL_PROVISIONAL_DATA,provisional_structured,,,,,,,,,
HHN,Công ty Cổ phần Vận tải và Dịch vụ Hàng hóa Hà Nội,BLOCKED_INSUFFICIENT_MARKET_DATA,REJECTED,True,False,PROVISIONAL_PRIMARY_ONLY,PROVISIONAL_LOW,NOT_AVAILABLE,NEEDS_MANUAL_BCTC_REVIEW,"[""avg_volume_20d"", ""capex"", ""cfo"", ""equity"", ""gross_profit"", ""last_close"", ""last_price_date"", ""net_income"", ""revenue"", ""total_assets"", ""total_liabilities""]","[""Primary market data missing or incomplete.""]",Primary market data missing or incomplete.,,,,,,,,,INSUFFICIENT_DATA,provisional_structured,,,,,,,,,
HHP,Công ty Cổ phần HHP Global,BLOCKED_INSUFFICIENT_MARKET_DATA,REJECTED,True,False,PROVISIONAL_PRIMARY_ONLY,PROVISIONAL_LOW,NOT_AVAILABLE,NEEDS_MANUAL_BCTC_REVIEW,"[""capex"", ""cfo"", ""equity"", ""gross_profit"", ""last_close"", ""last_price_date"", ""net_income"", ""revenue"", ""total_assets"", ""total_liabilities""]","[""Primary market data missing or incomplete.""]",Primary market data missing or incomplete.,,,1549710.0,,1549710.0,,,,PARTIAL_PROVISIONAL_DATA,provisional_structured,,,,,,,,,
HHR,Công ty Cổ phần Đường sắt Hà Hải,BLOCKED_INSUFFICIENT_MARKET_DATA,REJECTED,True,False,PROVISIONAL_PRIMARY_ONLY,PROVISIONAL_LOW,NOT_AVAILABLE,NEEDS_MANUAL_BCTC_REVIEW,"[""avg_volume_20d"", ""capex"", ""cfo"", ""equity"", ""gross_profit"", ""last_close"", ""last_price_date"", ""net_income"", ""revenue"", ""total_assets"", ""total_liabilities""]","[""Primary market data missing or incomplete.""]",Primary market data missing or incomplete.,,,,,,,,,INSUFFICIENT_DATA,provisional_structured,,,,,,,,,
HHS,Công ty Cổ phần Đầu tư Dịch vụ Hoàng Huy,BLOCKED_INSUFFICIENT_MARKET_DATA,REJECTED,True,False,PROVISIONAL_PRIMARY_ONLY,PROVISIONAL_LOW,NOT_AVAILABLE,NEEDS_MANUAL_BCTC_REVIEW,"[""capex"", ""cfo"", ""equity"", ""gross_profit"", ""last_close"", ""last_price_date"", ""net_income"", ""revenue"", ""total_assets"", ""total_liabilities""]","[""Primary market data missing or incomplete.""]",Primary market data missing or incomplete.,,,3571740.0,,3571740.0,,,,PARTIAL_PROVISIONAL_DATA,provisional_structured,,,,,,,,,
HHV,Công ty Cổ phần Đầu tư Hạ tầng Giao thông Đèo Cả,BLOCKED_INSUFFICIENT_MARKET_DATA,REJECTED,True,False,PROVISIONAL_PRIMARY_ONLY,PROVISIONAL_LOW,NOT_AVAILABLE,NEEDS_MANUAL_BCTC_REVIEW,"[""capex"", ""cfo"", ""equity"", ""gross_profit"", ""last_close"", ""last_price_date"", ""net_income"", ""revenue"", ""total_assets"", ""total_liabilities""]","[""Primary market data missing or incomplete.""]",Primary market data missing or incomplete.,,,3705920.0,,3705920.0,,,,PARTIAL_PROVISIONAL_DATA,provisional_structured,,,,,,,,,
HID,Công ty Cổ phần Halcom Vietnam,BLOCKED_INSUFFICIENT_MARKET_DATA,REJECTED,True,False,PROVISIONAL_PRIMARY_ONLY,PROVISIONAL_LOW,NOT_AVAILABLE,NEEDS_MANUAL_BCTC_REVIEW,"[""capex"", ""cfo"", ""equity"", ""gross_profit"", ""last_close"", ""last_price_date"", ""net_income"", ""revenue"", ""total_assets"", ""total_liabilities""]","[""Primary market data missing or incomplete.""]",Primary market data missing or incomplete.,,,381970.0,,381970.0,,,,PARTIAL_PROVISIONAL_DATA,provisional_structured,,,,,,,,,
HIG,Công ty Cổ phần Tập đoàn HIPT,BLOCKED_INSUFFICIENT_MARKET_DATA,REJECTED,True,False,PROVISIONAL_PRIMARY_ONLY,PROVISIONAL_LOW,NOT_AVAILABLE,NEEDS_MANUAL_BCTC_REVIEW,"[""capex"", ""cfo"", ""equity"", ""gross_profit"", ""last_close"", ""last_price_date"", ""net_income"", ""revenue"", ""total_assets"", ""total_liabilities""]","[""Primary market data missing or incomplete.""]",Primary market data missing or incomplete.,,,10400.0,,10400.0,,,,PARTIAL_PROVISIONAL_DATA,provisional_structured,,,,,,,,,
HII,Công ty Cổ phần An Tiến Industries,BLOCKED_INSUFFICIENT_MARKET_DATA,REJECTED,True,False,PROVISIONAL_PRIMARY_ONLY,PROVISIONAL_LOW,NOT_AVAILABLE,NEEDS_MANUAL_BCTC_REVIEW,"[""capex"", ""cfo"", ""equity"", ""gross_profit"", ""last_close"", ""last_price_date"", ""net_income"", ""revenue"", ""total_assets"", ""total_liabilities""]","[""Primary market data missing or incomplete.""]",Primary market data missing or incomplete.,,,228830.0,,228830.0,,,,PARTIAL_PROVISIONAL_DATA,provisional_structured,,,,,,,,,
HIO,Công ty Cổ Phần Helio Energy,BLOCKED_INSUFFICIENT_MARKET_DATA,REJECTED,True,False,PROVISIONAL_PRIMARY_ONLY,PROVISIONAL_LOW,NOT_AVAILABLE,NEEDS_MANUAL_BCTC_REVIEW,"[""avg_volume_20d"", ""capex"", ""cfo"", ""equity"", ""gross_profit"", ""last_close"", ""last_price_date"", ""net_income"", ""revenue"", ""total_assets"", ""total_liabilities""]","[""Primary market data missing or incomplete.""]",Primary market data missing or incomplete.,,,,,,,,,INSUFFICIENT_DATA,provisional_structured,,,,,,,,,
HJC,Công ty Cổ phần Hoà Việt,BLOCKED_INSUFFICIENT_MARKET_DATA,REJECTED,True,False,PROVISIONAL_PRIMARY_ONLY,PROVISIONAL_LOW,NOT_AVAILABLE,NEEDS_MANUAL_BCTC_REVIEW,"[""avg_volume_20d"", ""capex"", ""cfo"", ""equity"", ""gross_profit"", ""last_close"", ""last_price_date"", ""net_income"", ""revenue"", ""total_assets"", ""total_liabilities""]","[""Primary market data missing or incomplete.""]",Primary market data missing or incomplete.,,,,,,,,,INSUFFICIENT_DATA,provisional_structured,,,,,,,,,
HJS,Công ty Cổ phần Thủy điện Nậm Mu,BLOCKED_INSUFFICIENT_MARKET_DATA,REJECTED,True,False,PROVISIONAL_PRIMARY_ONLY,PROVISIONAL_LOW,NOT_AVAILABLE,NEEDS_MANUAL_BCTC_REVIEW,"[""capex"", ""cfo"", ""equity"", ""gross_profit"", ""last_close"", ""last_price_date"", ""net_income"", ""revenue"", ""total_assets"", ""total_liabilities""]","[""Primary market data missing or incomplete.""]",Primary market data missing or incomplete.,,,310.0,,310.0,,,,PARTIAL_PROVISIONAL_DATA,provisional_structured,,,,,,,,,
HKB,Công ty Cổ phần Nông nghiệp và Thực phẩm Hà Nội - Kinh Bắc,BLOCKED_INSUFFICIENT_MARKET_DATA,REJECTED,True,False,PROVISIONAL_PRIMARY_ONLY,PROVISIONAL_LOW,NOT_AVAILABLE,NEEDS_MANUAL_BCTC_REVIEW,"[""capex"", ""cfo"", ""equity"", ""gross_profit"", ""last_close"", ""last_price_date"", ""net_income"", ""revenue"", ""total_assets"", ""total_liabilities""]","[""Primary market data missing or incomplete.""]",Primary market data missing or incomplete.,,,32040.0,,32040.0,,,,PARTIAL_PROVISIONAL_DATA,provisional_structured,,,,,,,,,
HKP,Công ty Cổ phần Bao bì Hà Tiên,BLOCKED_INSUFFICIENT_MARKET_DATA,REJECTED,True,False,PROVISIONAL_PRIMARY_ONLY,PROVISIONAL_LOW,NOT_AVAILABLE,NEEDS_MANUAL_BCTC_REVIEW,"[""avg_volume_20d"", ""capex"", ""cfo"", ""equity"", ""gross_profit"", ""last_close"", ""last_price_date"", ""net_income"", ""revenue"", ""total_assets"", ""total_liabilities""]","[""Primary market data missing or incomplete.""]",Primary market data missing or incomplete.,,,,,,,,,INSUFFICIENT_DATA,provisional_structured,,,,,,,,,
HKT,Công ty Cổ phần Đầu tư QP Xanh,BLOCKED_INSUFFICIENT_MARKET_DATA,REJECTED,True,False,PROVISIONAL_PRIMARY_ONLY,PROVISIONAL_LOW,NOT_AVAILABLE,NEEDS_MANUAL_BCTC_REVIEW,"[""capex"", ""cfo"", ""equity"", ""gross_profit"", ""last_price_date"", ""net_income"", ""revenue"", ""total_assets"", ""total_liabilities""]","[""Primary market data missing or incomplete.""]",Primary market data missing or incomplete.,,21.6,2130.0,,2130.0,46008.0,,,PARTIAL_PROVISIONAL_DATA,provisional_structured,,,,,,,,,
HLA,Công ty Cổ phần Hữu Liên Á Châu,BLOCKED_INSUFFICIENT_MARKET_DATA,REJECTED,True,False,PROVISIONAL_PRIMARY_ONLY,PROVISIONAL_LOW,NOT_AVAILABLE,NEEDS_MANUAL_BCTC_REVIEW,"[""avg_volume_20d"", ""capex"", ""cfo"", ""equity"", ""gross_profit"", ""last_close"", ""last_price_date"", ""net_income"", ""revenue"", ""total_assets"", ""total_liabilities""]","[""Primary market data missing or incomplete.""]",Primary market data missing or incomplete.,,,,,,,,,INSUFFICIENT_DATA,provisional_structured,,,,,,,,,
HLB,Công ty Cổ phần Bia và Nước giải khát Hạ Long,BLOCKED_INSUFFICIENT_MARKET_DATA,REJECTED,True,False,PROVISIONAL_PRIMARY_ONLY,PROVISIONAL_LOW,NOT_AVAILABLE,NEEDS_MANUAL_BCTC_REVIEW,"[""capex"", ""cfo"", ""equity"", ""gross_profit"", ""last_close"", ""last_price_date"", ""net_income"", ""revenue"", ""total_assets"", ""total_liabilities""]","[""Primary market data missing or incomplete.""]",Primary market data missing or incomplete.,,,220.0,,220.0,,,,PARTIAL_PROVISIONAL_DATA,provisional_structured,,,,,,,,,
HLC,Công ty Cổ phần Than Hà Lầm - Vinacomin,BLOCKED_INSUFFICIENT_MARKET_DATA,REJECTED,True,False,PROVISIONAL_PRIMARY_ONLY,PROVISIONAL_LOW,NOT_AVAILABLE,NEEDS_MANUAL_BCTC_REVIEW,"[""capex"", ""cfo"", ""equity"", ""gross_profit"", ""last_close"", ""last_price_date"", ""net_income"", ""revenue"", ""total_assets"", ""total_liabilities""]","[""Primary market data missing or incomplete.""]",Primary market data missing or incomplete.,,,3990.0,,3990.0,,,,PARTIAL_PROVISIONAL_DATA,provisional_structured,,,,,,,,,
HLD,Công ty Cổ phần Đầu tư và Phát triển Bất động sản HUDLAND,BLOCKED_INSUFFICIENT_MARKET_DATA,REJECTED,True,False,PROVISIONAL_PRIMARY_ONLY,PROVISIONAL_LOW,NOT_AVAILABLE,NEEDS_MANUAL_BCTC_REVIEW,"[""capex"", ""cfo"", ""equity"", ""gross_profit"", ""last_close"", ""last_price_date"", ""net_income"", ""revenue"", ""total_assets"", ""total_liabilities""]","[""Primary market data missing or incomplete.""]",Primary market data missing or incomplete.,,,10820.0,,10820.0,,,,PARTIAL_PROVISIONAL_DATA,provisional_structured,,,,,,,,,
HLE,Công ty Cổ phần Điện Chiếu Sáng Hải Phòng,BLOCKED_INSUFFICIENT_MARKET_DATA,REJECTED,True,False,PROVISIONAL_PRIMARY_ONLY,PROVISIONAL_LOW,NOT_AVAILABLE,NEEDS_MANUAL_BCTC_REVIEW,"[""avg_volume_20d"", ""capex"", ""cfo"", ""equity"", ""gross_profit"", ""last_close"", ""last_price_date"", ""net_income"", ""revenue"", ""total_assets"", ""total_liabilities""]","[""Primary market data missing or incomplete.""]",Primary market data missing or incomplete.,,,,,,,,,INSUFFICIENT_DATA,provisional_structured,,,,,,,,,
HLG,Công ty Cổ phần Tập đoàn Hoàng Long,BLOCKED_INSUFFICIENT_MARKET_DATA,REJECTED,True,False,PROVISIONAL_PRIMARY_ONLY,PROVISIONAL_LOW,NOT_AVAILABLE,NEEDS_MANUAL_BCTC_REVIEW,"[""avg_volume_20d"", ""capex"", ""cfo"", ""equity"", ""gross_profit"", ""last_close"", ""last_price_date"", ""net_income"", ""revenue"", ""total_assets"", ""total_liabilities""]","[""Primary market data missing or incomplete.""]",Primary market data missing or incomplete.,,,,,,,,,INSUFFICIENT_DATA,provisional_structured,,,,,,,,,
HLO,Công Ty Cổ Phần Công Nghệ Ha Lô,BLOCKED_INSUFFICIENT_MARKET_DATA,REJECTED,True,False,PROVISIONAL_PRIMARY_ONLY,PROVISIONAL_LOW,NOT_AVAILABLE,NEEDS_MANUAL_BCTC_REVIEW,"[""avg_volume_20d"", ""capex"", ""cfo"", ""equity"", ""gross_profit"", ""last_close"", ""last_price_date"", ""net_income"", ""revenue"", ""total_assets"", ""total_liabilities""]","[""Primary market data missing or incomplete.""]",Primary market data missing or incomplete.,,,,,,,,,INSUFFICIENT_DATA,provisional_structured,,,,,,,,,
HLR,Công ty Cổ phần Đường sắt Hà Lạng,BLOCKED_INSUFFICIENT_MARKET_DATA,REJECTED,True,False,PROVISIONAL_PRIMARY_ONLY,PROVISIONAL_LOW,NOT_AVAILABLE,NEEDS_MANUAL_BCTC_REVIEW,"[""capex"", ""cfo"", ""equity"", ""gross_profit"", ""last_close"", ""last_price_date"", ""net_income"", ""revenue"", ""total_assets"", ""total_liabilities""]","[""Primary market data missing or incomplete.""]",Primary market data missing or incomplete.,,,770.0,,770.0,,,,PARTIAL_PROVISIONAL_DATA,provisional_structured,,,,,,,,,
HLS,Công ty Cổ phần Sứ kỹ thuật Hoàng Liên Sơn,BLOCKED_INSUFFICIENT_MARKET_DATA,REJECTED,True,False,PROVISIONAL_PRIMARY_ONLY,PROVISIONAL_LOW,NOT_AVAILABLE,NEEDS_MANUAL_BCTC_REVIEW,"[""avg_volume_20d"", ""capex"", ""cfo"", ""equity"", ""gross_profit"", ""last_close"", ""last_price_date"", ""net_income"", ""revenue"", ""total_assets"", ""total_liabilities""]","[""Primary market data missing or incomplete.""]",Primary market data missing or incomplete.,,,,,,,,,INSUFFICIENT_DATA,provisional_structured,,,,,,,,,
HLT,Công ty Cổ phần Dệt may Hoàng Thị Loan,BLOCKED_INSUFFICIENT_MARKET_DATA,REJECTED,True,False,PROVISIONAL_PRIMARY_ONLY,PROVISIONAL_LOW,NOT_AVAILABLE,NEEDS_MANUAL_BCTC_REVIEW,"[""avg_volume_20d"", ""capex"", ""cfo"", ""equity"", ""gross_profit"", ""last_close"", ""last_price_date"", ""net_income"", ""revenue"", ""total_assets"", ""total_liabilities""]","[""Primary market data missing or incomplete.""]",Primary market data missing or incomplete.,,,,,,,,,INSUFFICIENT_DATA,provisional_structured,,,,,,,,,
HLY,Công ty Cổ phần Gốm xây dựng Yên Hưng,BLOCKED_INSUFFICIENT_MARKET_DATA,REJECTED,True,False,PROVISIONAL_PRIMARY_ONLY,PROVISIONAL_LOW,NOT_AVAILABLE,NEEDS_MANUAL_BCTC_REVIEW,"[""capex"", ""cfo"", ""equity"", ""gross_profit"", ""last_close"", ""last_price_date"", ""net_income"", ""revenue"", ""total_assets"", ""total_liabilities""]","[""Primary market data missing or incomplete.""]",Primary market data missing or incomplete.,,,6030.0,,6030.0,,,,PARTIAL_PROVISIONAL_DATA,provisional_structured,,,,,,,,,
HMC,Công ty Cổ phần Kim khí Thành phố Hồ Chí Minh - VNSTEEL,BLOCKED_INSUFFICIENT_MARKET_DATA,REJECTED,True,False,PROVISIONAL_PRIMARY_ONLY,PROVISIONAL_LOW,NOT_AVAILABLE,NEEDS_MANUAL_BCTC_REVIEW,"[""capex"", ""cfo"", ""equity"", ""gross_profit"", ""last_close"", ""last_price_date"", ""net_income"", ""revenue"", ""total_assets"", ""total_liabilities""]","[""Primary market data missing or incomplete.""]",Primary market data missing or incomplete.,,,4170.0,,4170.0,,,,PARTIAL_PROVISIONAL_DATA,provisional_structured,,,,,,,,,
HMD,Công ty Cổ phần Hóa chất Minh Đức,BLOCKED_INSUFFICIENT_MARKET_DATA,REJECTED,True,False,PROVISIONAL_PRIMARY_ONLY,PROVISIONAL_LOW,NOT_AVAILABLE,NEEDS_MANUAL_BCTC_REVIEW,"[""avg_volume_20d"", ""capex"", ""cfo"", ""equity"", ""gross_profit"", ""last_close"", ""last_price_date"", ""net_income"", ""revenue"", ""total_assets"", ""total_liabilities""]","[""Primary market data missing or incomplete.""]",Primary market data missing or incomplete.,,,,,,,,,INSUFFICIENT_DATA,provisional_structured,,,,,,,,,
HMG,Công ty Cổ phần Kim Khí Hà Nội - VNSTEEL,BLOCKED_INSUFFICIENT_MARKET_DATA,REJECTED,True,False,PROVISIONAL_PRIMARY_ONLY,PROVISIONAL_LOW,NOT_AVAILABLE,NEEDS_MANUAL_BCTC_REVIEW,"[""avg_volume_20d"", ""capex"", ""cfo"", ""equity"", ""gross_profit"", ""last_close"", ""last_price_date"", ""net_income"", ""revenue"", ""total_assets"", ""total_liabilities""]","[""Primary market data missing or incomplete.""]",Primary market data missing or incomplete.,,,,,,,,,INSUFFICIENT_DATA,provisional_structured,,,,,,,,,
HMH,Công ty Cổ phần Hải Minh,BLOCKED_INSUFFICIENT_MARKET_DATA,REJECTED,True,False,PROVISIONAL_PRIMARY_ONLY,PROVISIONAL_LOW,NOT_AVAILABLE,NEEDS_MANUAL_BCTC_REVIEW,"[""capex"", ""cfo"", ""equity"", ""gross_profit"", ""last_close"", ""last_price_date"", ""net_income"", ""revenue"", ""total_assets"", ""total_liabilities""]","[""Primary market data missing or incomplete.""]",Primary market data missing or incomplete.,,,700.0,,700.0,,,,PARTIAL_PROVISIONAL_DATA,provisional_structured,,,,,,,,,
HMR,Công ty Cổ phần Đá Hoàng Mai,BLOCKED_INSUFFICIENT_MARKET_DATA,REJECTED,True,False,PROVISIONAL_PRIMARY_ONLY,PROVISIONAL_LOW,NOT_AVAILABLE,NEEDS_MANUAL_BCTC_REVIEW,"[""capex"", ""cfo"", ""equity"", ""gross_profit"", ""last_close"", ""last_price_date"", ""net_income"", ""revenue"", ""total_assets"", ""total_liabilities""]","[""Primary market data missing or incomplete.""]",Primary market data missing or incomplete.,,,1300.0,,1300.0,,,,PARTIAL_PROVISIONAL_DATA,provisional_structured,,,,,,,,,
HMS,Công ty Cổ phần Xây dựng Bảo tàng Hồ Chí Minh,BLOCKED_INSUFFICIENT_MARKET_DATA,REJECTED,True,False,PROVISIONAL_PRIMARY_ONLY,PROVISIONAL_LOW,NOT_AVAILABLE,NEEDS_MANUAL_BCTC_REVIEW,"[""capex"", ""cfo"", ""equity"", ""gross_profit"", ""last_close"", ""last_price_date"", ""net_income"", ""revenue"", ""total_assets"", ""total_liabilities""]","[""Primary market data missing or incomplete.""]",Primary market data missing or incomplete.,,,8290.0,,8290.0,,,,PARTIAL_PROVISIONAL_DATA,provisional_structured,,,,,,,,,
HNA,Công ty Cổ phần Thủy điện Hủa Na,BLOCKED_INSUFFICIENT_MARKET_DATA,REJECTED,True,False,PROVISIONAL_PRIMARY_ONLY,PROVISIONAL_LOW,NOT_AVAILABLE,NEEDS_MANUAL_BCTC_REVIEW,"[""capex"", ""cfo"", ""equity"", ""gross_profit"", ""last_close"", ""last_price_date"", ""net_income"", ""revenue"", ""total_assets"", ""total_liabilities""]","[""Primary market data missing or incomplete.""]",Primary market data missing or incomplete.,,,2220.0,,2220.0,,,,PARTIAL_PROVISIONAL_DATA,provisional_structured,,,,,,,,,
HNB,Công ty Cổ phần Bến xe Hà Nội,BLOCKED_INSUFFICIENT_MARKET_DATA,REJECTED,True,False,PROVISIONAL_PRIMARY_ONLY,PROVISIONAL_LOW,NOT_AVAILABLE,NEEDS_MANUAL_BCTC_REVIEW,"[""capex"", ""cfo"", ""equity"", ""gross_profit"", ""last_close"", ""last_price_date"", ""net_income"", ""revenue"", ""total_assets"", ""total_liabilities""]","[""Primary market data missing or incomplete.""]",Primary market data missing or incomplete.,,,50.0,,50.0,,,,PARTIAL_PROVISIONAL_DATA,provisional_structured,,,,,,,,,
HND,Công ty Cổ phần Nhiệt điện Hải Phòng,BLOCKED_INSUFFICIENT_MARKET_DATA,REJECTED,True,False,PROVISIONAL_PRIMARY_ONLY,PROVISIONAL_LOW,NOT_AVAILABLE,NEEDS_MANUAL_BCTC_REVIEW,"[""capex"", ""cfo"", ""equity"", ""gross_profit"", ""last_close"", ""last_price_date"", ""net_income"", ""revenue"", ""total_assets"", ""total_liabilities""]","[""Primary market data missing or incomplete.""]",Primary market data missing or incomplete.,,,16640.0,,16640.0,,,,PARTIAL_PROVISIONAL_DATA,provisional_structured,,,,,,,,,
HNE,Công ty Cổ phần Hanel,BLOCKED_INSUFFICIENT_MARKET_DATA,REJECTED,True,False,PROVISIONAL_PRIMARY_ONLY,PROVISIONAL_LOW,NOT_AVAILABLE,NEEDS_MANUAL_BCTC_REVIEW,"[""capex"", ""cfo"", ""equity"", ""gross_profit"", ""last_price_date"", ""net_income"", ""revenue"", ""total_assets"", ""total_liabilities""]","[""Primary market data missing or incomplete.""]",Primary market data missing or incomplete.,,10.2,137400.0,,137400.0,1401480.0,,,PARTIAL_PROVISIONAL_DATA,provisional_structured,,,,,,,,,
HNF,Công ty Cổ phần Thực phẩm Hữu Nghị,BLOCKED_INSUFFICIENT_MARKET_DATA,REJECTED,True,False,PROVISIONAL_PRIMARY_ONLY,PROVISIONAL_LOW,NOT_AVAILABLE,NEEDS_MANUAL_BCTC_REVIEW,"[""capex"", ""cfo"", ""equity"", ""gross_profit"", ""last_close"", ""last_price_date"", ""net_income"", ""revenue"", ""total_assets"", ""total_liabilities""]","[""Primary market data missing or incomplete.""]",Primary market data missing or incomplete.,,,90.0,,90.0,,,,PARTIAL_PROVISIONAL_DATA,provisional_structured,,,,,,,,,
HNG,Công ty Cổ phần Nông nghiệp Quốc tế Hoàng Anh Gia Lai,BLOCKED_INSUFFICIENT_MARKET_DATA,REJECTED,True,False,PROVISIONAL_PRIMARY_ONLY,PROVISIONAL_LOW,NOT_AVAILABLE,NEEDS_MANUAL_BCTC_REVIEW,"[""capex"", ""cfo"", ""equity"", ""gross_profit"", ""last_close"", ""last_price_date"", ""net_income"", ""revenue"", ""total_assets"", ""total_liabilities""]","[""Primary market data missing or incomplete.""]",Primary market data missing or incomplete.,,,2963960.0,,2963960.0,,,,PARTIAL_PROVISIONAL_DATA,provisional_structured,,,,,,,,,
HNI,Công ty Cổ phần May Hữu Nghị,BLOCKED_INSUFFICIENT_MARKET_DATA,REJECTED,True,False,PROVISIONAL_PRIMARY_ONLY,PROVISIONAL_LOW,NOT_AVAILABLE,NEEDS_MANUAL_BCTC_REVIEW,"[""capex"", ""cfo"", ""equity"", ""gross_profit"", ""last_close"", ""last_price_date"", ""net_income"", ""revenue"", ""total_assets"", ""total_liabilities""]","[""Primary market data missing or incomplete.""]",Primary market data missing or incomplete.,,,370.0,,370.0,,,,PARTIAL_PROVISIONAL_DATA,provisional_structured,,,,,,,,,
HNM,Công ty Cổ phần Sữa Hà Nội,BLOCKED_INSUFFICIENT_MARKET_DATA,REJECTED,True,False,PROVISIONAL_PRIMARY_ONLY,PROVISIONAL_LOW,NOT_AVAILABLE,NEEDS_MANUAL_BCTC_REVIEW,"[""capex"", ""cfo"", ""equity"", ""gross_profit"", ""last_close"", ""last_price_date"", ""net_income"", ""revenue"", ""total_assets"", ""total_liabilities""]","[""Primary market data missing or incomplete.""]",Primary market data missing or incomplete.,,,403260.0,,403260.0,,,,PARTIAL_PROVISIONAL_DATA,provisional_structured,,,,,,,,,
HNP,Công ty Cổ phần Hanel Xốp Nhựa,BLOCKED_INSUFFICIENT_MARKET_DATA,REJECTED,True,False,PROVISIONAL_PRIMARY_ONLY,PROVISIONAL_LOW,NOT_AVAILABLE,NEEDS_MANUAL_BCTC_REVIEW,"[""avg_volume_20d"", ""capex"", ""cfo"", ""equity"", ""gross_profit"", ""last_close"", ""last_price_date"", ""net_income"", ""revenue"", ""total_assets"", ""total_liabilities""]","[""Primary market data missing or incomplete.""]",Primary market data missing or incomplete.,,,,,,,,,INSUFFICIENT_DATA,provisional_structured,,,,,,,,,
HNR,Công ty Cổ phần Rượu và Nước Giải Khát Hà Nội,BLOCKED_INSUFFICIENT_MARKET_DATA,REJECTED,True,False,PROVISIONAL_PRIMARY_ONLY,PROVISIONAL_LOW,NOT_AVAILABLE,NEEDS_MANUAL_BCTC_REVIEW,"[""avg_volume_20d"", ""capex"", ""cfo"", ""equity"", ""gross_profit"", ""last_close"", ""last_price_date"", ""net_income"", ""revenue"", ""total_assets"", ""total_liabilities""]","[""Primary market data missing or incomplete.""]",Primary market data missing or incomplete.,,,,,,,,,INSUFFICIENT_DATA,provisional_structured,,,,,,,,,
HNT,Công ty Cổ phần Xe điện Hà Nội,BLOCKED_INSUFFICIENT_MARKET_DATA,REJECTED,True,False,PROVISIONAL_PRIMARY_ONLY,PROVISIONAL_LOW,NOT_AVAILABLE,NEEDS_MANUAL_BCTC_REVIEW,"[""capex"", ""cfo"", ""equity"", ""gross_profit"", ""last_close"", ""last_price_date"", ""net_income"", ""revenue"", ""total_assets"", ""total_liabilities""]","[""Primary market data missing or incomplete.""]",Primary market data missing or incomplete.,,,725.0,,725.0,,,,PARTIAL_PROVISIONAL_DATA,provisional_structured,,,,,,,,,
HOM,Công ty Cổ phần Xi măng VICEM Hoàng Mai,BLOCKED_INSUFFICIENT_MARKET_DATA,REJECTED,True,False,PROVISIONAL_PRIMARY_ONLY,PROVISIONAL_LOW,NOT_AVAILABLE,NEEDS_MANUAL_BCTC_REVIEW,"[""capex"", ""cfo"", ""equity"", ""gross_profit"", ""last_close"", ""last_price_date"", ""net_income"", ""revenue"", ""total_assets"", ""total_liabilities""]","[""Primary market data missing or incomplete.""]",Primary market data missing or incomplete.,,,15660.0,,15660.0,,,,PARTIAL_PROVISIONAL_DATA,provisional_structured,,,,,,,,,
HOT,Công ty Cổ phần Du lịch - Dịch vụ Hội An,BLOCKED_INSUFFICIENT_MARKET_DATA,REJECTED,True,False,PROVISIONAL_PRIMARY_ONLY,PROVISIONAL_LOW,NOT_AVAILABLE,NEEDS_MANUAL_BCTC_REVIEW,"[""capex"", ""cfo"", ""equity"", ""gross_profit"", ""last_close"", ""last_price_date"", ""net_income"", ""revenue"", ""total_assets"", ""total_liabilities""]","[""Primary market data missing or incomplete.""]",Primary market data missing or incomplete.,,,40.0,,40.0,,,,PARTIAL_PROVISIONAL_DATA,provisional_structured,,,,,,,,,
HPA,Công ty Cổ phần Phát triển Nông nghiệp Hoà Phát,BLOCKED_INSUFFICIENT_MARKET_DATA,REJECTED,True,False,PROVISIONAL_PRIMARY_ONLY,PROVISIONAL_LOW,NOT_AVAILABLE,NEEDS_MANUAL_BCTC_REVIEW,"[""avg_volume_20d"", ""capex"", ""cfo"", ""equity"", ""gross_profit"", ""last_close"", ""last_price_date"", ""net_income"", ""revenue"", ""total_assets"", ""total_liabilities""]","[""Primary market data missing or incomplete.""]",Primary market data missing or incomplete.,,,,,,,,,INSUFFICIENT_DATA,provisional_structured,,,,,,,,,
HPB,Công ty Cổ phần Bao bì PP,BLOCKED_INSUFFICIENT_MARKET_DATA,REJECTED,True,False,PROVISIONAL_PRIMARY_ONLY,PROVISIONAL_LOW,NOT_AVAILABLE,NEEDS_MANUAL_BCTC_REVIEW,"[""capex"", ""cfo"", ""equity"", ""gross_profit"", ""last_close"", ""last_price_date"", ""net_income"", ""revenue"", ""total_assets"", ""total_liabilities""]","[""Primary market data missing or incomplete.""]",Primary market data missing or incomplete.,,,310.0,,310.0,,,,PARTIAL_PROVISIONAL_DATA,provisional_structured,,,,,,,,,
HPD,Công ty Cổ phần Thủy điện Đăk Đoa,BLOCKED_INSUFFICIENT_MARKET_DATA,REJECTED,True,False,PROVISIONAL_PRIMARY_ONLY,PROVISIONAL_LOW,NOT_AVAILABLE,NEEDS_MANUAL_BCTC_REVIEW,"[""capex"", ""cfo"", ""equity"", ""gross_profit"", ""last_close"", ""last_price_date"", ""net_income"", ""revenue"", ""total_assets"", ""total_liabilities""]","[""Primary market data missing or incomplete.""]",Primary market data missing or incomplete.,,,4690.0,,4690.0,,,,PARTIAL_PROVISIONAL_DATA,provisional_structured,,,,,,,,,
HPG,Công ty Cổ phần Tập đoàn Hòa Phát,BLOCKED_INSUFFICIENT_MARKET_DATA,REJECTED,True,False,PROVISIONAL_PRIMARY_ONLY,PROVISIONAL_LOW,NOT_AVAILABLE,NEEDS_MANUAL_BCTC_REVIEW,"[""capex"", ""cfo"", ""equity"", ""gross_profit"", ""last_close"", ""last_price_date"", ""net_income"", ""revenue"", ""total_assets"", ""total_liabilities""]","[""Primary market data missing or incomplete.""]",Primary market data missing or incomplete.,,,30908050.0,,30908050.0,,,,PARTIAL_PROVISIONAL_DATA,provisional_structured,,,,,,,,,
HPH,Công ty Cổ phần Hóa Chất Hưng Phát Hà Bắc,BLOCKED_INSUFFICIENT_MARKET_DATA,REJECTED,True,False,PROVISIONAL_PRIMARY_ONLY,PROVISIONAL_LOW,NOT_AVAILABLE,NEEDS_MANUAL_BCTC_REVIEW,"[""avg_volume_20d"", ""capex"", ""cfo"", ""equity"", ""gross_profit"", ""last_close"", ""last_price_date"", ""net_income"", ""revenue"", ""total_assets"", ""total_liabilities""]","[""Primary market data missing or incomplete.""]",Primary market data missing or incomplete.,,,,,,,,,INSUFFICIENT_DATA,provisional_structured,,,,,,,,,
HPI,Công ty Cổ phần Khu công nghiệp Hiệp Phước,BLOCKED_INSUFFICIENT_MARKET_DATA,REJECTED,True,False,PROVISIONAL_PRIMARY_ONLY,PROVISIONAL_LOW,NOT_AVAILABLE,NEEDS_MANUAL_BCTC_REVIEW,"[""avg_volume_20d"", ""capex"", ""cfo"", ""equity"", ""gross_profit"", ""last_close"", ""last_price_date"", ""net_income"", ""revenue"", ""total_assets"", ""total_liabilities""]","[""Primary market data missing or incomplete.""]",Primary market data missing or incomplete.,,,,,,,,,INSUFFICIENT_DATA,provisional_structured,,,,,,,,,
HPM,Công ty Cổ phần Xây dựng Thương mại và Khoáng sản Hoàng Phúc,BLOCKED_INSUFFICIENT_MARKET_DATA,REJECTED,True,False,PROVISIONAL_PRIMARY_ONLY,PROVISIONAL_LOW,NOT_AVAILABLE,NEEDS_MANUAL_BCTC_REVIEW,"[""capex"", ""cfo"", ""equity"", ""gross_profit"", ""last_close"", ""last_price_date"", ""net_income"", ""revenue"", ""total_assets"", ""total_liabilities""]","[""Primary market data missing or incomplete.""]",Primary market data missing or incomplete.,,,10.0,,10.0,,,,PARTIAL_PROVISIONAL_DATA,provisional_structured,,,,,,,,,
HPO,Công ty Cổ phần Công nghiệp Hapulico,BLOCKED_INSUFFICIENT_MARKET_DATA,REJECTED,True,False,PROVISIONAL_PRIMARY_ONLY,PROVISIONAL_LOW,NOT_AVAILABLE,NEEDS_MANUAL_BCTC_REVIEW,"[""avg_volume_20d"", ""capex"", ""cfo"", ""equity"", ""gross_profit"", ""last_close"", ""last_price_date"", ""net_income"", ""revenue"", ""total_assets"", ""total_liabilities""]","[""Primary market data missing or incomplete.""]",Primary market data missing or incomplete.,,,,,,,,,INSUFFICIENT_DATA,provisional_structured,,,,,,,,,
HPP,Công ty Cổ phần Sơn Hải Phòng,BLOCKED_INSUFFICIENT_MARKET_DATA,REJECTED,True,False,PROVISIONAL_PRIMARY_ONLY,PROVISIONAL_LOW,NOT_AVAILABLE,NEEDS_MANUAL_BCTC_REVIEW,"[""capex"", ""cfo"", ""equity"", ""gross_profit"", ""last_close"", ""last_price_date"", ""net_income"", ""revenue"", ""total_assets"", ""total_liabilities""]","[""Primary market data missing or incomplete.""]",Primary market data missing or incomplete.,,,1860.0,,1860.0,,,,PARTIAL_PROVISIONAL_DATA,provisional_structured,,,,,,,,,
HPT,Công ty Cổ phần Dịch vụ Công nghệ Tin học HPT,BLOCKED_INSUFFICIENT_MARKET_DATA,REJECTED,True,False,PROVISIONAL_PRIMARY_ONLY,PROVISIONAL_LOW,NOT_AVAILABLE,NEEDS_MANUAL_BCTC_REVIEW,"[""capex"", ""cfo"", ""equity"", ""gross_profit"", ""last_close"", ""last_price_date"", ""net_income"", ""revenue"", ""total_assets"", ""total_liabilities""]","[""Primary market data missing or incomplete.""]",Primary market data missing or incomplete.,,,1650.0,,1650.0,,,,PARTIAL_PROVISIONAL_DATA,provisional_structured,,,,,,,,,
HPW,Công ty Cổ phần Cấp nước Hải Phòng,BLOCKED_INSUFFICIENT_MARKET_DATA,REJECTED,True,False,PROVISIONAL_PRIMARY_ONLY,PROVISIONAL_LOW,NOT_AVAILABLE,NEEDS_MANUAL_BCTC_REVIEW,"[""capex"", ""cfo"", ""equity"", ""gross_profit"", ""last_close"", ""last_price_date"", ""net_income"", ""revenue"", ""total_assets"", ""total_liabilities""]","[""Primary market data missing or incomplete.""]",Primary market data missing or incomplete.,,,70.0,,70.0,,,,PARTIAL_PROVISIONAL_DATA,provisional_structured,,,,,,,,,
HPX,Công ty Cổ phần Đầu tư Hải Phát,BLOCKED_INSUFFICIENT_MARKET_DATA,REJECTED,True,False,PROVISIONAL_PRIMARY_ONLY,PROVISIONAL_LOW,NOT_AVAILABLE,NEEDS_MANUAL_BCTC_REVIEW,"[""capex"", ""cfo"", ""equity"", ""gross_profit"", ""last_close"", ""last_price_date"", ""net_income"", ""revenue"", ""total_assets"", ""total_liabilities""]","[""Primary market data missing or incomplete.""]",Primary market data missing or incomplete.,,,376530.0,,376530.0,,,,PARTIAL_PROVISIONAL_DATA,provisional_structured,,,,,,,,,
HQC,Công ty Cổ phần Tư vấn - Thương mại - Dịch vụ Địa ốc Hoàng Quân,BLOCKED_INSUFFICIENT_MARKET_DATA,REJECTED,True,False,PROVISIONAL_PRIMARY_ONLY,PROVISIONAL_LOW,NOT_AVAILABLE,NEEDS_MANUAL_BCTC_REVIEW,"[""capex"", ""cfo"", ""equity"", ""gross_profit"", ""last_close"", ""last_price_date"", ""net_income"", ""revenue"", ""total_assets"", ""total_liabilities""]","[""Primary market data missing or incomplete.""]",Primary market data missing or incomplete.,,,1951850.0,,1951850.0,,,,PARTIAL_PROVISIONAL_DATA,provisional_structured,,,,,,,,,
HRB,Công ty Cổ phần Harec Đầu tư và Thương Mại,BLOCKED_INSUFFICIENT_MARKET_DATA,REJECTED,True,False,PROVISIONAL_PRIMARY_ONLY,PROVISIONAL_LOW,NOT_AVAILABLE,NEEDS_MANUAL_BCTC_REVIEW,"[""avg_volume_20d"", ""capex"", ""cfo"", ""equity"", ""gross_profit"", ""last_close"", ""last_price_date"", ""net_income"", ""revenue"", ""total_assets"", ""total_liabilities""]","[""Primary market data missing or incomplete.""]",Primary market data missing or incomplete.,,,,,,,,,INSUFFICIENT_DATA,provisional_structured,,,,,,,,,
HRC,Công ty Cổ phần Cao su Hòa Bình,BLOCKED_INSUFFICIENT_MARKET_DATA,REJECTED,True,False,PROVISIONAL_PRIMARY_ONLY,PROVISIONAL_LOW,NOT_AVAILABLE,NEEDS_MANUAL_BCTC_REVIEW,"[""capex"", ""cfo"", ""equity"", ""gross_profit"", ""last_price_date"", ""net_income"", ""revenue"", ""total_assets"", ""total_liabilities""]","[""Primary market data missing or incomplete.""]",Primary market data missing or incomplete.,,48.0,20130.0,,20130.0,966240.0,,,PARTIAL_PROVISIONAL_DATA,provisional_structured,,,,,,,,,
HRT,Công ty cổ phần Vận tải Đường sắt Hà Nội,BLOCKED_INSUFFICIENT_MARKET_DATA,REJECTED,True,False,PROVISIONAL_PRIMARY_ONLY,PROVISIONAL_LOW,NOT_AVAILABLE,NEEDS_MANUAL_BCTC_REVIEW,"[""capex"", ""cfo"", ""equity"", ""gross_profit"", ""last_price_date"", ""net_income"", ""revenue"", ""total_assets"", ""total_liabilities""]","[""Primary market data missing or incomplete.""]",Primary market data missing or incomplete.,,13.8,3985.0,,3985.0,54993.0,,,PARTIAL_PROVISIONAL_DATA,provisional_structured,,,,,,,,,
HSA,Công ty Cổ phần HESTIA,BLOCKED_INSUFFICIENT_MARKET_DATA,REJECTED,True,False,PROVISIONAL_PRIMARY_ONLY,PROVISIONAL_LOW,NOT_AVAILABLE,NEEDS_MANUAL_BCTC_REVIEW,"[""avg_volume_20d"", ""capex"", ""cfo"", ""equity"", ""gross_profit"", ""last_close"", ""last_price_date"", ""net_income"", ""revenue"", ""total_assets"", ""total_liabilities""]","[""Primary market data missing or incomplete.""]",Primary market data missing or incomplete.,,,,,,,,,INSUFFICIENT_DATA,provisional_structured,,,,,,,,,
HSG,Công ty Cổ phần Tập đoàn Hoa Sen,BLOCKED_INSUFFICIENT_MARKET_DATA,REJECTED,True,False,PROVISIONAL_PRIMARY_ONLY,PROVISIONAL_LOW,NOT_AVAILABLE,NEEDS_MANUAL_BCTC_REVIEW,"[""capex"", ""cfo"", ""equity"", ""gross_profit"", ""last_close"", ""last_price_date"", ""net_income"", ""revenue"", ""total_assets"", ""total_liabilities""]","[""Primary market data missing or incomplete.""]",Primary market data missing or incomplete.,,,3608840.0,,3608840.0,,,,PARTIAL_PROVISIONAL_DATA,provisional_structured,,,,,,,,,
HSI,Công ty Cổ phần Vật tư Tổng hợp và Phân bón Hóa sinh,BLOCKED_INSUFFICIENT_MARKET_DATA,REJECTED,True,False,PROVISIONAL_PRIMARY_ONLY,PROVISIONAL_LOW,NOT_AVAILABLE,NEEDS_MANUAL_BCTC_REVIEW,"[""capex"", ""cfo"", ""equity"", ""gross_profit"", ""last_close"", ""last_price_date"", ""net_income"", ""revenue"", ""total_assets"", ""total_liabilities""]","[""Primary market data missing or incomplete.""]",Primary market data missing or incomplete.,,,32790.0,,32790.0,,,,PARTIAL_PROVISIONAL_DATA,provisional_structured,,,,,,,,,
HSL,Công ty Cổ phần Đầu tư Phát triển Thực phẩm Hồng Hà,BLOCKED_INSUFFICIENT_MARKET_DATA,REJECTED,True,False,PROVISIONAL_PRIMARY_ONLY,PROVISIONAL_LOW,NOT_AVAILABLE,NEEDS_MANUAL_BCTC_REVIEW,"[""capex"", ""cfo"", ""equity"", ""gross_profit"", ""last_price_date"", ""net_income"", ""revenue"", ""total_assets"", ""total_liabilities""]","[""Primary market data missing or incomplete.""]",Primary market data missing or incomplete.,,4.73,164020.0,,164020.0,775814.6,,,PARTIAL_PROVISIONAL_DATA,provisional_structured,,,,,,,,,
HSM,Tổng Công ty Cổ phần Dệt May Hà Nội,BLOCKED_INSUFFICIENT_MARKET_DATA,REJECTED,True,False,PROVISIONAL_PRIMARY_ONLY,PROVISIONAL_LOW,NOT_AVAILABLE,NEEDS_MANUAL_BCTC_REVIEW,"[""capex"", ""cfo"", ""equity"", ""gross_profit"", ""last_close"", ""last_price_date"", ""net_income"", ""revenue"", ""total_assets"", ""total_liabilities""]","[""Primary market data missing or incomplete.""]",Primary market data missing or incomplete.,,,3210.0,,3210.0,,,,PARTIAL_PROVISIONAL_DATA,provisional_structured,,,,,,,,,
HSP,Công ty Cổ phần Sơn Tổng hợp Hà Nội,BLOCKED_INSUFFICIENT_MARKET_DATA,REJECTED,True,False,PROVISIONAL_PRIMARY_ONLY,PROVISIONAL_LOW,NOT_AVAILABLE,NEEDS_MANUAL_BCTC_REVIEW,"[""capex"", ""cfo"", ""equity"", ""gross_profit"", ""last_close"", ""last_price_date"", ""net_income"", ""revenue"", ""total_assets"", ""total_liabilities""]","[""Primary market data missing or incomplete.""]",Primary market data missing or incomplete.,,,970.0,,970.0,,,,PARTIAL_PROVISIONAL_DATA,provisional_structured,,,,,,,,,
HSV,Công ty Cổ phần Tập đoàn HSV Việt Nam,BLOCKED_INSUFFICIENT_MARKET_DATA,REJECTED,True,False,PROVISIONAL_PRIMARY_ONLY,PROVISIONAL_LOW,NOT_AVAILABLE,NEEDS_MANUAL_BCTC_REVIEW,"[""capex"", ""cfo"", ""equity"", ""gross_profit"", ""last_close"", ""last_price_date"", ""net_income"", ""revenue"", ""total_assets"", ""total_liabilities""]","[""Primary market data missing or incomplete.""]",Primary market data missing or incomplete.,,,21900.0,,21900.0,,,,PARTIAL_PROVISIONAL_DATA,provisional_structured,,,,,,,,,
HT1,Công ty Cổ phần Xi măng VICEM Hà Tiên,BLOCKED_INSUFFICIENT_MARKET_DATA,REJECTED,True,False,PROVISIONAL_PRIMARY_ONLY,PROVISIONAL_LOW,NOT_AVAILABLE,NEEDS_MANUAL_BCTC_REVIEW,"[""capex"", ""cfo"", ""equity"", ""gross_profit"", ""last_close"", ""last_price_date"", ""net_income"", ""revenue"", ""total_assets"", ""total_liabilities""]","[""Primary market data missing or incomplete.""]",Primary market data missing or incomplete.,,,256690.0,,256690.0,,,,PARTIAL_PROVISIONAL_DATA,provisional_structured,,,,,,,,,
HTC,Công ty Cổ phần Thương mại Hóc Môn,BLOCKED_INSUFFICIENT_MARKET_DATA,REJECTED,True,False,PROVISIONAL_PRIMARY_ONLY,PROVISIONAL_LOW,NOT_AVAILABLE,NEEDS_MANUAL_BCTC_REVIEW,"[""capex"", ""cfo"", ""equity"", ""gross_profit"", ""last_close"", ""last_price_date"", ""net_income"", ""revenue"", ""total_assets"", ""total_liabilities""]","[""Primary market data missing or incomplete.""]",Primary market data missing or incomplete.,,,3570.0,,3570.0,,,,PARTIAL_PROVISIONAL_DATA,provisional_structured,,,,,,,,,
HTE,Công ty Cổ phần Đầu tư Kinh doanh Điện lực Thành phố Hồ Chí Minh,BLOCKED_INSUFFICIENT_MARKET_DATA,REJECTED,True,False,PROVISIONAL_PRIMARY_ONLY,PROVISIONAL_LOW,NOT_AVAILABLE,NEEDS_MANUAL_BCTC_REVIEW,"[""capex"", ""cfo"", ""equity"", ""gross_profit"", ""last_close"", ""last_price_date"", ""net_income"", ""revenue"", ""total_assets"", ""total_liabilities""]","[""Primary market data missing or incomplete.""]",Primary market data missing or incomplete.,,,7680.0,,7680.0,,,,PARTIAL_PROVISIONAL_DATA,provisional_structured,,,,,,,,,
HTG,Tổng Công ty Cổ phần Dệt may Hòa Thọ,BLOCKED_INSUFFICIENT_MARKET_DATA,REJECTED,True,False,PROVISIONAL_PRIMARY_ONLY,PROVISIONAL_LOW,NOT_AVAILABLE,NEEDS_MANUAL_BCTC_REVIEW,"[""capex"", ""cfo"", ""equity"", ""gross_profit"", ""last_close"", ""last_price_date"", ""net_income"", ""revenue"", ""total_assets"", ""total_liabilities""]","[""Primary market data missing or incomplete.""]",Primary market data missing or incomplete.,,,6960.0,,6960.0,,,,PARTIAL_PROVISIONAL_DATA,provisional_structured,,,,,,,,,
HTH,Công ty Cổ phần Hoa tiêu Hàng hải - TKV,BLOCKED_INSUFFICIENT_MARKET_DATA,REJECTED,True,False,PROVISIONAL_PRIMARY_ONLY,PROVISIONAL_LOW,NOT_AVAILABLE,NEEDS_MANUAL_BCTC_REVIEW,"[""avg_volume_20d"", ""capex"", ""cfo"", ""equity"", ""gross_profit"", ""last_close"", ""last_price_date"", ""net_income"", ""revenue"", ""total_assets"", ""total_liabilities""]","[""Primary market data missing or incomplete.""]",Primary market data missing or incomplete.,,,,,,,,,INSUFFICIENT_DATA,provisional_structured,,,,,,,,,
HTI,Công ty Cổ phần Đầu tư Phát triển Hạ tầng IDICO,BLOCKED_INSUFFICIENT_MARKET_DATA,REJECTED,True,False,PROVISIONAL_PRIMARY_ONLY,PROVISIONAL_LOW,NOT_AVAILABLE,NEEDS_MANUAL_BCTC_REVIEW,"[""capex"", ""cfo"", ""equity"", ""gross_profit"", ""last_close"", ""last_price_date"", ""net_income"", ""revenue"", ""total_assets"", ""total_liabilities""]","[""Primary market data missing or incomplete.""]",Primary market data missing or incomplete.,,,24990.0,,24990.0,,,,PARTIAL_PROVISIONAL_DATA,provisional_structured,,,,,,,,,
HTK,Công ty cổ phần Đăng kiểm xe cơ giới Hải Dương,BLOCKED_INSUFFICIENT_MARKET_DATA,REJECTED,True,False,PROVISIONAL_PRIMARY_ONLY,PROVISIONAL_LOW,NOT_AVAILABLE,NEEDS_MANUAL_BCTC_REVIEW,"[""avg_volume_20d"", ""capex"", ""cfo"", ""equity"", ""gross_profit"", ""last_close"", ""last_price_date"", ""net_income"", ""revenue"", ""total_assets"", ""total_liabilities""]","[""Primary market data missing or incomplete.""]",Primary market data missing or incomplete.,,,,,,,,,INSUFFICIENT_DATA,provisional_structured,,,,,,,,,
HTL,Công ty Cổ phần Kỹ thuật và Ô tô Trường Long,BLOCKED_INSUFFICIENT_MARKET_DATA,REJECTED,True,False,PROVISIONAL_PRIMARY_ONLY,PROVISIONAL_LOW,NOT_AVAILABLE,NEEDS_MANUAL_BCTC_REVIEW,"[""capex"", ""cfo"", ""equity"", ""gross_profit"", ""last_close"", ""last_price_date"", ""net_income"", ""revenue"", ""total_assets"", ""total_liabilities""]","[""Primary market data missing or incomplete.""]",Primary market data missing or incomplete.,,,1080.0,,1080.0,,,,PARTIAL_PROVISIONAL_DATA,provisional_structured,,,,,,,,,
HTM,Tổng Công ty Thương mại Hà Nội – Công ty cổ phần,BLOCKED_INSUFFICIENT_MARKET_DATA,REJECTED,True,False,PROVISIONAL_PRIMARY_ONLY,PROVISIONAL_LOW,NOT_AVAILABLE,NEEDS_MANUAL_BCTC_REVIEW,"[""capex"", ""cfo"", ""equity"", ""gross_profit"", ""last_close"", ""last_price_date"", ""net_income"", ""revenue"", ""total_assets"", ""total_liabilities""]","[""Primary market data missing or incomplete.""]",Primary market data missing or incomplete.,,,670.0,,670.0,,,,PARTIAL_PROVISIONAL_DATA,provisional_structured,,,,,,,,,
HTN,Công ty Cổ phần Hưng Thịnh Incons,BLOCKED_INSUFFICIENT_MARKET_DATA,REJECTED,True,False,PROVISIONAL_PRIMARY_ONLY,PROVISIONAL_LOW,NOT_AVAILABLE,NEEDS_MANUAL_BCTC_REVIEW,"[""capex"", ""cfo"", ""equity"", ""gross_profit"", ""last_close"", ""last_price_date"", ""net_income"", ""revenue"", ""total_assets"", ""total_liabilities""]","[""Primary market data missing or incomplete.""]",Primary market data missing or incomplete.,,,117870.0,,117870.0,,,,PARTIAL_PROVISIONAL_DATA,provisional_structured,,,,,,,,,
HTP,Công ty Cổ phần In Sách Giáo Khoa Hòa Phát,BLOCKED_INSUFFICIENT_MARKET_DATA,REJECTED,True,False,PROVISIONAL_PRIMARY_ONLY,PROVISIONAL_LOW,NOT_AVAILABLE,NEEDS_MANUAL_BCTC_REVIEW,"[""capex"", ""cfo"", ""equity"", ""gross_profit"", ""last_close"", ""last_price_date"", ""net_income"", ""revenue"", ""total_assets"", ""total_liabilities""]","[""Primary market data missing or incomplete.""]",Primary market data missing or incomplete.,,,48760.0,,48760.0,,,,PARTIAL_PROVISIONAL_DATA,provisional_structured,,,,,,,,,
HTR,Công ty Cổ phần Đường sắt Hà Thái,BLOCKED_INSUFFICIENT_MARKET_DATA,REJECTED,True,False,PROVISIONAL_PRIMARY_ONLY,PROVISIONAL_LOW,NOT_AVAILABLE,NEEDS_MANUAL_BCTC_REVIEW,"[""capex"", ""cfo"", ""equity"", ""gross_profit"", ""last_close"", ""last_price_date"", ""net_income"", ""revenue"", ""total_assets"", ""total_liabilities""]","[""Primary market data missing or incomplete.""]",Primary market data missing or incomplete.,,,1550.0,,1550.0,,,,PARTIAL_PROVISIONAL_DATA,provisional_structured,,,,,,,,,
HTT,Công ty Cổ phần Thương mại Hà Tây,BLOCKED_INSUFFICIENT_MARKET_DATA,REJECTED,True,False,PROVISIONAL_PRIMARY_ONLY,PROVISIONAL_LOW,NOT_AVAILABLE,NEEDS_MANUAL_BCTC_REVIEW,"[""capex"", ""cfo"", ""equity"", ""gross_profit"", ""last_close"", ""last_price_date"", ""net_income"", ""revenue"", ""total_assets"", ""total_liabilities""]","[""Primary market data missing or incomplete.""]",Primary market data missing or incomplete.,,,11645.0,,11645.0,,,,PARTIAL_PROVISIONAL_DATA,provisional_structured,,,,,,,,,
HTV,Công ty Cổ phần Logistics Vicem,BLOCKED_INSUFFICIENT_MARKET_DATA,REJECTED,True,False,PROVISIONAL_PRIMARY_ONLY,PROVISIONAL_LOW,NOT_AVAILABLE,NEEDS_MANUAL_BCTC_REVIEW,"[""capex"", ""cfo"", ""equity"", ""gross_profit"", ""last_close"", ""last_price_date"", ""net_income"", ""revenue"", ""total_assets"", ""total_liabilities""]","[""Primary market data missing or incomplete.""]",Primary market data missing or incomplete.,,,1760.0,,1760.0,,,,PARTIAL_PROVISIONAL_DATA,provisional_structured,,,,,,,,,
HTW,Công ty Cổ phần Cấp nước Hà Tĩnh,BLOCKED_INSUFFICIENT_MARKET_DATA,REJECTED,True,False,PROVISIONAL_PRIMARY_ONLY,PROVISIONAL_LOW,NOT_AVAILABLE,NEEDS_MANUAL_BCTC_REVIEW,"[""avg_volume_20d"", ""capex"", ""cfo"", ""equity"", ""gross_profit"", ""last_close"", ""last_price_date"", ""net_income"", ""revenue"", ""total_assets"", ""total_liabilities""]","[""Primary market data missing or incomplete.""]",Primary market data missing or incomplete.,,,,,,,,,INSUFFICIENT_DATA,provisional_structured,,,,,,,,,
HU1,Công ty Cổ phần Đầu tư và Xây dựng HUD1,BLOCKED_INSUFFICIENT_MARKET_DATA,REJECTED,True,False,PROVISIONAL_PRIMARY_ONLY,PROVISIONAL_LOW,NOT_AVAILABLE,NEEDS_MANUAL_BCTC_REVIEW,"[""capex"", ""cfo"", ""equity"", ""gross_profit"", ""last_close"", ""last_price_date"", ""net_income"", ""revenue"", ""total_assets"", ""total_liabilities""]","[""Primary market data missing or incomplete.""]",Primary market data missing or incomplete.,,,320.0,,320.0,,,,PARTIAL_PROVISIONAL_DATA,provisional_structured,,,,,,,,,
HU3,Công ty Cổ phần Đầu tư và Xây dựng HUD3,BLOCKED_INSUFFICIENT_MARKET_DATA,REJECTED,True,False,PROVISIONAL_PRIMARY_ONLY,PROVISIONAL_LOW,NOT_AVAILABLE,NEEDS_MANUAL_BCTC_REVIEW,"[""capex"", ""cfo"", ""equity"", ""gross_profit"", ""last_close"", ""last_price_date"", ""net_income"", ""revenue"", ""total_assets"", ""total_liabilities""]","[""Primary market data missing or incomplete.""]",Primary market data missing or incomplete.,,,1380.0,,1380.0,,,,PARTIAL_PROVISIONAL_DATA,provisional_structured,,,,,,,,,
HU4,Công ty Cổ phần Đầu tư và Xây dựng HUD4,BLOCKED_INSUFFICIENT_MARKET_DATA,REJECTED,True,False,PROVISIONAL_PRIMARY_ONLY,PROVISIONAL_LOW,NOT_AVAILABLE,NEEDS_MANUAL_BCTC_REVIEW,"[""capex"", ""cfo"", ""equity"", ""gross_profit"", ""last_close"", ""last_price_date"", ""net_income"", ""revenue"", ""total_assets"", ""total_liabilities""]","[""Primary market data missing or incomplete.""]",Primary market data missing or incomplete.,,,870.0,,870.0,,,,PARTIAL_PROVISIONAL_DATA,provisional_structured,,,,,,,,,
HU6,Công ty Cổ phần Đầu tư Phát triển Nhà và Đô thị HUD6,BLOCKED_INSUFFICIENT_MARKET_DATA,REJECTED,True,False,PROVISIONAL_PRIMARY_ONLY,PROVISIONAL_LOW,NOT_AVAILABLE,NEEDS_MANUAL_BCTC_REVIEW,"[""capex"", ""cfo"", ""equity"", ""gross_profit"", ""last_close"", ""last_price_date"", ""net_income"", ""revenue"", ""total_assets"", ""total_liabilities""]","[""Primary market data missing or incomplete.""]",Primary market data missing or incomplete.,,,320.0,,320.0,,,,PARTIAL_PROVISIONAL_DATA,provisional_structured,,,,,,,,,
HUB,Công ty Cổ phần Xây lắp Thừa Thiên Huế,BLOCKED_INSUFFICIENT_MARKET_DATA,REJECTED,True,False,PROVISIONAL_PRIMARY_ONLY,PROVISIONAL_LOW,NOT_AVAILABLE,NEEDS_MANUAL_BCTC_REVIEW,"[""capex"", ""cfo"", ""equity"", ""gross_profit"", ""last_close"", ""last_price_date"", ""net_income"", ""revenue"", ""total_assets"", ""total_liabilities""]","[""Primary market data missing or incomplete.""]",Primary market data missing or incomplete.,,,19970.0,,19970.0,,,,PARTIAL_PROVISIONAL_DATA,provisional_structured,,,,,,,,,
HUG,Tổng công ty May Hưng Yên - Công ty Cổ phần,BLOCKED_INSUFFICIENT_MARKET_DATA,REJECTED,True,False,PROVISIONAL_PRIMARY_ONLY,PROVISIONAL_LOW,NOT_AVAILABLE,NEEDS_MANUAL_BCTC_REVIEW,"[""capex"", ""cfo"", ""equity"", ""gross_profit"", ""last_close"", ""last_price_date"", ""net_income"", ""revenue"", ""total_assets"", ""total_liabilities""]","[""Primary market data missing or incomplete.""]",Primary market data missing or incomplete.,,,100.0,,100.0,,,,PARTIAL_PROVISIONAL_DATA,provisional_structured,,,,,,,,,
HUT,Công ty Cổ phần Tasco,BLOCKED_INSUFFICIENT_MARKET_DATA,REJECTED,True,False,PROVISIONAL_PRIMARY_ONLY,PROVISIONAL_LOW,NOT_AVAILABLE,NEEDS_MANUAL_BCTC_REVIEW,"[""capex"", ""cfo"", ""equity"", ""gross_profit"", ""last_price_date"", ""net_income"", ""revenue"", ""total_assets"", ""total_liabilities""]","[""Primary market data missing or incomplete.""]",Primary market data missing or incomplete.,,15.4,1588440.0,,1588440.0,24461976.0,,,PARTIAL_PROVISIONAL_DATA,provisional_structured,,,,,,,,,
HUX,Công ty Cổ phần Khoáng sản Thừa Thiên Huế,BLOCKED_INSUFFICIENT_MARKET_DATA,REJECTED,True,False,PROVISIONAL_PRIMARY_ONLY,PROVISIONAL_LOW,NOT_AVAILABLE,NEEDS_MANUAL_BCTC_REVIEW,"[""avg_volume_20d"", ""capex"", ""cfo"", ""equity"", ""gross_profit"", ""last_close"", ""last_price_date"", ""net_income"", ""revenue"", ""total_assets"", ""total_liabilities""]","[""Primary market data missing or incomplete.""]",Primary market data missing or incomplete.,,,,,,,,,INSUFFICIENT_DATA,provisional_structured,,,,,,,,,
HVA,Công ty Cổ phần Đầu tư HVA,BLOCKED_INSUFFICIENT_MARKET_DATA,REJECTED,True,False,PROVISIONAL_PRIMARY_ONLY,PROVISIONAL_LOW,NOT_AVAILABLE,NEEDS_MANUAL_BCTC_REVIEW,"[""capex"", ""cfo"", ""equity"", ""gross_profit"", ""last_close"", ""last_price_date"", ""net_income"", ""revenue"", ""total_assets"", ""total_liabilities""]","[""Primary market data missing or incomplete.""]",Primary market data missing or incomplete.,,,28430.0,,28430.0,,,,PARTIAL_PROVISIONAL_DATA,provisional_structured,,,,,,,,,
HVG,Công ty Cổ phần Hùng Vương,BLOCKED_INSUFFICIENT_MARKET_DATA,REJECTED,True,False,PROVISIONAL_PRIMARY_ONLY,PROVISIONAL_LOW,NOT_AVAILABLE,NEEDS_MANUAL_BCTC_REVIEW,"[""avg_volume_20d"", ""capex"", ""cfo"", ""equity"", ""gross_profit"", ""last_close"", ""last_price_date"", ""net_income"", ""revenue"", ""total_assets"", ""total_liabilities""]","[""Primary market data missing or incomplete.""]",Primary market data missing or incomplete.,,,,,,,,,INSUFFICIENT_DATA,provisional_structured,,,,,,,,,
HVH,Công ty Cổ phần Đầu tư và Công nghệ HVC,BLOCKED_INSUFFICIENT_MARKET_DATA,REJECTED,True,False,PROVISIONAL_PRIMARY_ONLY,PROVISIONAL_LOW,NOT_AVAILABLE,NEEDS_MANUAL_BCTC_REVIEW,"[""capex"", ""cfo"", ""equity"", ""gross_profit"", ""last_close"", ""last_price_date"", ""net_income"", ""revenue"", ""total_assets"", ""total_liabilities""]","[""Primary market data missing or incomplete.""]",Primary market data missing or incomplete.,,,145670.0,,145670.0,,,,PARTIAL_PROVISIONAL_DATA,provisional_structured,,,,,,,,,
HVN,Tổng Công ty Hàng không Việt Nam - CTCP,BLOCKED_INSUFFICIENT_MARKET_DATA,REJECTED,True,False,PROVISIONAL_PRIMARY_ONLY,PROVISIONAL_LOW,NOT_AVAILABLE,NEEDS_MANUAL_BCTC_REVIEW,"[""capex"", ""cfo"", ""equity"", ""gross_profit"", ""last_close"", ""last_price_date"", ""net_income"", ""revenue"", ""total_assets"", ""total_liabilities""]","[""Primary market data missing or incomplete.""]",Primary market data missing or incomplete.,,,602070.0,,602070.0,,,,PARTIAL_PROVISIONAL_DATA,provisional_structured,,,,,,,,,
HVT,Công ty Cổ phần Hóa chất Việt Trì,BLOCKED_INSUFFICIENT_MARKET_DATA,REJECTED,True,False,PROVISIONAL_PRIMARY_ONLY,PROVISIONAL_LOW,NOT_AVAILABLE,NEEDS_MANUAL_BCTC_REVIEW,"[""capex"", ""cfo"", ""equity"", ""gross_profit"", ""last_close"", ""last_price_date"", ""net_income"", ""revenue"", ""total_assets"", ""total_liabilities""]","[""Primary market data missing or incomplete.""]",Primary market data missing or incomplete.,,,16460.0,,16460.0,,,,PARTIAL_PROVISIONAL_DATA,provisional_structured,,,,,,,,,
HVX,Công ty Cổ phần Xi măng Vicem Hải Vân,BLOCKED_INSUFFICIENT_MARKET_DATA,REJECTED,True,False,PROVISIONAL_PRIMARY_ONLY,PROVISIONAL_LOW,NOT_AVAILABLE,NEEDS_MANUAL_BCTC_REVIEW,"[""capex"", ""cfo"", ""equity"", ""gross_profit"", ""last_close"", ""last_price_date"", ""net_income"", ""revenue"", ""total_assets"", ""total_liabilities""]","[""Primary market data missing or incomplete.""]",Primary market data missing or incomplete.,,,37850.0,,37850.0,,,,PARTIAL_PROVISIONAL_DATA,provisional_structured,,,,,,,,,
HWS,Công ty Cổ phần Cấp nước Huế,BLOCKED_INSUFFICIENT_MARKET_DATA,REJECTED,True,False,PROVISIONAL_PRIMARY_ONLY,PROVISIONAL_LOW,NOT_AVAILABLE,NEEDS_MANUAL_BCTC_REVIEW,"[""capex"", ""cfo"", ""equity"", ""gross_profit"", ""last_close"", ""last_price_date"", ""net_income"", ""revenue"", ""total_assets"", ""total_liabilities""]","[""Primary market data missing or incomplete.""]",Primary market data missing or incomplete.,,,1680.0,,1680.0,,,,PARTIAL_PROVISIONAL_DATA,provisional_structured,,,,,,,,,
IBC,Công ty Cổ phần Đầu tư APAX Holdings,BLOCKED_INSUFFICIENT_MARKET_DATA,REJECTED,True,False,PROVISIONAL_PRIMARY_ONLY,PROVISIONAL_LOW,NOT_AVAILABLE,NEEDS_MANUAL_BCTC_REVIEW,"[""avg_volume_20d"", ""capex"", ""cfo"", ""equity"", ""gross_profit"", ""last_close"", ""last_price_date"", ""net_income"", ""revenue"", ""total_assets"", ""total_liabilities""]","[""Primary market data missing or incomplete.""]",Primary market data missing or incomplete.,,,,,,,,,INSUFFICIENT_DATA,provisional_structured,,,,,,,,,
IBD,Công ty Cổ phần In Tổng hợp Bình Dương,BLOCKED_INSUFFICIENT_MARKET_DATA,REJECTED,True,False,PROVISIONAL_PRIMARY_ONLY,PROVISIONAL_LOW,NOT_AVAILABLE,NEEDS_MANUAL_BCTC_REVIEW,"[""avg_volume_20d"", ""capex"", ""cfo"", ""equity"", ""gross_profit"", ""last_close"", ""last_price_date"", ""net_income"", ""revenue"", ""total_assets"", ""total_liabilities""]","[""Primary market data missing or incomplete.""]",Primary market data missing or incomplete.,,,,,,,,,INSUFFICIENT_DATA,provisional_structured,,,,,,,,,
IBN,Công ty Cổ phần In báo Nghệ An,BLOCKED_INSUFFICIENT_MARKET_DATA,REJECTED,True,False,PROVISIONAL_PRIMARY_ONLY,PROVISIONAL_LOW,NOT_AVAILABLE,NEEDS_MANUAL_BCTC_REVIEW,"[""avg_volume_20d"", ""capex"", ""cfo"", ""equity"", ""gross_profit"", ""last_close"", ""last_price_date"", ""net_income"", ""revenue"", ""total_assets"", ""total_liabilities""]","[""Primary market data missing or incomplete.""]",Primary market data missing or incomplete.,,,,,,,,,INSUFFICIENT_DATA,provisional_structured,,,,,,,,,
ICC,Công ty Cổ phần Xây dựng Công nghiệp,BLOCKED_INSUFFICIENT_MARKET_DATA,REJECTED,True,False,PROVISIONAL_PRIMARY_ONLY,PROVISIONAL_LOW,NOT_AVAILABLE,NEEDS_MANUAL_BCTC_REVIEW,"[""avg_volume_20d"", ""capex"", ""cfo"", ""equity"", ""gross_profit"", ""last_close"", ""last_price_date"", ""net_income"", ""revenue"", ""total_assets"", ""total_liabilities""]","[""Primary market data missing or incomplete.""]",Primary market data missing or incomplete.,,,,,,,,,INSUFFICIENT_DATA,provisional_structured,,,,,,,,,
ICF,Công ty Cổ phần Đầu tư - Thương mại - Thuỷ sản,BLOCKED_INSUFFICIENT_MARKET_DATA,REJECTED,True,False,PROVISIONAL_PRIMARY_ONLY,PROVISIONAL_LOW,NOT_AVAILABLE,NEEDS_MANUAL_BCTC_REVIEW,"[""capex"", ""cfo"", ""equity"", ""gross_profit"", ""last_close"", ""last_price_date"", ""net_income"", ""revenue"", ""total_assets"", ""total_liabilities""]","[""Primary market data missing or incomplete.""]",Primary market data missing or incomplete.,,,300.0,,300.0,,,,PARTIAL_PROVISIONAL_DATA,provisional_structured,,,,,,,,,
ICG,Công ty Cổ phần Xây dựng Sông Hồng,BLOCKED_INSUFFICIENT_MARKET_DATA,REJECTED,True,False,PROVISIONAL_PRIMARY_ONLY,PROVISIONAL_LOW,NOT_AVAILABLE,NEEDS_MANUAL_BCTC_REVIEW,"[""capex"", ""cfo"", ""equity"", ""gross_profit"", ""last_close"", ""last_price_date"", ""net_income"", ""revenue"", ""total_assets"", ""total_liabilities""]","[""Primary market data missing or incomplete.""]",Primary market data missing or incomplete.,,,5020.0,,5020.0,,,,PARTIAL_PROVISIONAL_DATA,provisional_structured,,,,,,,,,
ICI,Công ty Cổ phần Đầu tư và Xây dựng Công nghiệp,BLOCKED_INSUFFICIENT_MARKET_DATA,REJECTED,True,False,PROVISIONAL_PRIMARY_ONLY,PROVISIONAL_LOW,NOT_AVAILABLE,NEEDS_MANUAL_BCTC_REVIEW,"[""avg_volume_20d"", ""capex"", ""cfo"", ""equity"", ""gross_profit"", ""last_close"", ""last_price_date"", ""net_income"", ""revenue"", ""total_assets"", ""total_liabilities""]","[""Primary market data missing or incomplete.""]",Primary market data missing or incomplete.,,,,,,,,,INSUFFICIENT_DATA,provisional_structured,,,,,,,,,
ICN,Công ty Cổ phần Đầu tư Xây dựng Dầu khí IDICO,BLOCKED_INSUFFICIENT_MARKET_DATA,REJECTED,True,False,PROVISIONAL_PRIMARY_ONLY,PROVISIONAL_LOW,NOT_AVAILABLE,NEEDS_MANUAL_BCTC_REVIEW,"[""capex"", ""cfo"", ""equity"", ""gross_profit"", ""last_close"", ""last_price_date"", ""net_income"", ""revenue"", ""total_assets"", ""total_liabilities""]","[""Primary market data missing or incomplete.""]",Primary market data missing or incomplete.,,,7210.0,,7210.0,,,,PARTIAL_PROVISIONAL_DATA,provisional_structured,,,,,,,,,
ICT,Công ty Cổ phần Viễn thông - Tin học Bưu điện,BLOCKED_INSUFFICIENT_MARKET_DATA,REJECTED,True,False,PROVISIONAL_PRIMARY_ONLY,PROVISIONAL_LOW,NOT_AVAILABLE,NEEDS_MANUAL_BCTC_REVIEW,"[""capex"", ""cfo"", ""equity"", ""gross_profit"", ""last_close"", ""last_price_date"", ""net_income"", ""revenue"", ""total_assets"", ""total_liabilities""]","[""Primary market data missing or incomplete.""]",Primary market data missing or incomplete.,,,8850.0,,8850.0,,,,PARTIAL_PROVISIONAL_DATA,provisional_structured,,,,,,,,,
IDC,Tổng Công ty IDICO - CTCP,BLOCKED_INSUFFICIENT_MARKET_DATA,REJECTED,True,False,PROVISIONAL_PRIMARY_ONLY,PROVISIONAL_LOW,NOT_AVAILABLE,NEEDS_MANUAL_BCTC_REVIEW,"[""capex"", ""cfo"", ""equity"", ""gross_profit"", ""last_close"", ""last_price_date"", ""net_income"", ""revenue"", ""total_assets"", ""total_liabilities""]","[""Primary market data missing or incomplete.""]",Primary market data missing or incomplete.,,,1394820.0,,1394820.0,,,,PARTIAL_PROVISIONAL_DATA,provisional_structured,,,,,,,,,
IDI,Công ty Cổ phần Đầu tư và Phát triển Đa Quốc Gia I.D.I,BLOCKED_INSUFFICIENT_MARKET_DATA,REJECTED,True,False,PROVISIONAL_PRIMARY_ONLY,PROVISIONAL_LOW,NOT_AVAILABLE,NEEDS_MANUAL_BCTC_REVIEW,"[""capex"", ""cfo"", ""equity"", ""gross_profit"", ""last_close"", ""last_price_date"", ""net_income"", ""revenue"", ""total_assets"", ""total_liabilities""]","[""Primary market data missing or incomplete.""]",Primary market data missing or incomplete.,,,413540.0,,413540.0,,,,PARTIAL_PROVISIONAL_DATA,provisional_structured,,,,,,,,,
IDJ,Công ty Cổ phần Đầu tư IDJ Việt Nam,BLOCKED_INSUFFICIENT_MARKET_DATA,REJECTED,True,False,PROVISIONAL_PRIMARY_ONLY,PROVISIONAL_LOW,NOT_AVAILABLE,NEEDS_MANUAL_BCTC_REVIEW,"[""capex"", ""cfo"", ""equity"", ""gross_profit"", ""last_close"", ""last_price_date"", ""net_income"", ""revenue"", ""total_assets"", ""total_liabilities""]","[""Primary market data missing or incomplete.""]",Primary market data missing or incomplete.,,,921350.0,,921350.0,,,,PARTIAL_PROVISIONAL_DATA,provisional_structured,,,,,,,,,
IDP,Công ty Cổ phần Sữa Quốc tế LOF,BLOCKED_INSUFFICIENT_MARKET_DATA,REJECTED,True,False,PROVISIONAL_PRIMARY_ONLY,PROVISIONAL_LOW,NOT_AVAILABLE,NEEDS_MANUAL_BCTC_REVIEW,"[""capex"", ""cfo"", ""equity"", ""gross_profit"", ""last_price_date"", ""net_income"", ""revenue"", ""total_assets"", ""total_liabilities""]","[""Primary market data missing or incomplete.""]",Primary market data missing or incomplete.,,278.1,2280.0,,2280.0,634068.0,,,PARTIAL_PROVISIONAL_DATA,provisional_structured,,,,,,,,,
IDV,Công ty Cổ phần Phát triển Hạ tầng Vĩnh Phúc,BLOCKED_INSUFFICIENT_MARKET_DATA,REJECTED,True,False,PROVISIONAL_PRIMARY_ONLY,PROVISIONAL_LOW,NOT_AVAILABLE,NEEDS_MANUAL_BCTC_REVIEW,"[""capex"", ""cfo"", ""equity"", ""gross_profit"", ""last_close"", ""last_price_date"", ""net_income"", ""revenue"", ""total_assets"", ""total_liabilities""]","[""Primary market data missing or incomplete.""]",Primary market data missing or incomplete.,,,4680.0,,4680.0,,,,PARTIAL_PROVISIONAL_DATA,provisional_structured,,,,,,,,,
IFS,Công ty Cổ phần Thực phẩm Quốc tế,BLOCKED_INSUFFICIENT_MARKET_DATA,REJECTED,True,False,PROVISIONAL_PRIMARY_ONLY,PROVISIONAL_LOW,NOT_AVAILABLE,NEEDS_MANUAL_BCTC_REVIEW,"[""capex"", ""cfo"", ""equity"", ""gross_profit"", ""last_close"", ""last_price_date"", ""net_income"", ""revenue"", ""total_assets"", ""total_liabilities""]","[""Primary market data missing or incomplete.""]",Primary market data missing or incomplete.,,,2750.0,,2750.0,,,,PARTIAL_PROVISIONAL_DATA,provisional_structured,,,,,,,,,
IHK,Công ty Cổ phần In Hàng Không,BLOCKED_INSUFFICIENT_MARKET_DATA,REJECTED,True,False,PROVISIONAL_PRIMARY_ONLY,PROVISIONAL_LOW,NOT_AVAILABLE,NEEDS_MANUAL_BCTC_REVIEW,"[""capex"", ""cfo"", ""equity"", ""gross_profit"", ""last_close"", ""last_price_date"", ""net_income"", ""revenue"", ""total_assets"", ""total_liabilities""]","[""Primary market data missing or incomplete.""]",Primary market data missing or incomplete.,,,820.0,,820.0,,,,PARTIAL_PROVISIONAL_DATA,provisional_structured,,,,,,,,,
IJC,Công ty Cổ phần Phát triển Hạ tầng Kỹ thuật,BLOCKED_INSUFFICIENT_MARKET_DATA,REJECTED,True,False,PROVISIONAL_PRIMARY_ONLY,PROVISIONAL_LOW,NOT_AVAILABLE,NEEDS_MANUAL_BCTC_REVIEW,"[""capex"", ""cfo"", ""equity"", ""gross_profit"", ""last_close"", ""last_price_date"", ""net_income"", ""revenue"", ""total_assets"", ""total_liabilities""]","[""Primary market data missing or incomplete.""]",Primary market data missing or incomplete.,,,1713230.0,,1713230.0,,,,PARTIAL_PROVISIONAL_DATA,provisional_structured,,,,,,,,,
ILA,Công ty Cổ phần ILA,BLOCKED_INSUFFICIENT_MARKET_DATA,REJECTED,True,False,PROVISIONAL_PRIMARY_ONLY,PROVISIONAL_LOW,NOT_AVAILABLE,NEEDS_MANUAL_BCTC_REVIEW,"[""capex"", ""cfo"", ""equity"", ""gross_profit"", ""last_close"", ""last_price_date"", ""net_income"", ""revenue"", ""total_assets"", ""total_liabilities""]","[""Primary market data missing or incomplete.""]",Primary market data missing or incomplete.,,,8080.0,,8080.0,,,,PARTIAL_PROVISIONAL_DATA,provisional_structured,,,,,,,,,
ILB,Công ty Cổ phần ICD Tân Cảng - Long Bình,BLOCKED_INSUFFICIENT_MARKET_DATA,REJECTED,True,False,PROVISIONAL_PRIMARY_ONLY,PROVISIONAL_LOW,NOT_AVAILABLE,NEEDS_MANUAL_BCTC_REVIEW,"[""capex"", ""cfo"", ""equity"", ""gross_profit"", ""last_close"", ""last_price_date"", ""net_income"", ""revenue"", ""total_assets"", ""total_liabilities""]","[""Primary market data missing or incomplete.""]",Primary market data missing or incomplete.,,,11330.0,,11330.0,,,,PARTIAL_PROVISIONAL_DATA,provisional_structured,,,,,,,,,
ILC,Công ty Cổ phần Hợp tác lao động với nước ngoài,BLOCKED_INSUFFICIENT_MARKET_DATA,REJECTED,True,False,PROVISIONAL_PRIMARY_ONLY,PROVISIONAL_LOW,NOT_AVAILABLE,NEEDS_MANUAL_BCTC_REVIEW,"[""capex"", ""cfo"", ""equity"", ""gross_profit"", ""last_close"", ""last_price_date"", ""net_income"", ""revenue"", ""total_assets"", ""total_liabilities""]","[""Primary market data missing or incomplete.""]",Primary market data missing or incomplete.,,,240.0,,240.0,,,,PARTIAL_PROVISIONAL_DATA,provisional_structured,,,,,,,,,
ILS,Công ty Cổ phần Đầu tư Thương mại và Dịch vụ Quốc tế,BLOCKED_INSUFFICIENT_MARKET_DATA,REJECTED,True,False,PROVISIONAL_PRIMARY_ONLY,PROVISIONAL_LOW,NOT_AVAILABLE,NEEDS_MANUAL_BCTC_REVIEW,"[""avg_volume_20d"", ""capex"", ""cfo"", ""equity"", ""gross_profit"", ""last_close"", ""last_price_date"", ""net_income"", ""revenue"", ""total_assets"", ""total_liabilities""]","[""Primary market data missing or incomplete.""]",Primary market data missing or incomplete.,,,,,,,,,INSUFFICIENT_DATA,provisional_structured,,,,,,,,,
IME,Công ty Cổ phần Cơ khí và Xây lắp Công nghiệp,BLOCKED_INSUFFICIENT_MARKET_DATA,REJECTED,True,False,PROVISIONAL_PRIMARY_ONLY,PROVISIONAL_LOW,NOT_AVAILABLE,NEEDS_MANUAL_BCTC_REVIEW,"[""avg_volume_20d"", ""capex"", ""cfo"", ""equity"", ""gross_profit"", ""last_close"", ""last_price_date"", ""net_income"", ""revenue"", ""total_assets"", ""total_liabilities""]","[""Primary market data missing or incomplete.""]",Primary market data missing or incomplete.,,,,,,,,,INSUFFICIENT_DATA,provisional_structured,,,,,,,,,
IMP,Công ty Cổ phần Dược phẩm Imexpharm,BLOCKED_INSUFFICIENT_MARKET_DATA,REJECTED,True,False,PROVISIONAL_PRIMARY_ONLY,PROVISIONAL_LOW,NOT_AVAILABLE,NEEDS_MANUAL_BCTC_REVIEW,"[""capex"", ""cfo"", ""equity"", ""gross_profit"", ""last_close"", ""last_price_date"", ""net_income"", ""revenue"", ""total_assets"", ""total_liabilities""]","[""Primary market data missing or incomplete.""]",Primary market data missing or incomplete.,,,23020.0,,23020.0,,,,PARTIAL_PROVISIONAL_DATA,provisional_structured,,,,,,,,,
IN4,Công ty Cổ phần In số 4,BLOCKED_INSUFFICIENT_MARKET_DATA,REJECTED,True,False,PROVISIONAL_PRIMARY_ONLY,PROVISIONAL_LOW,NOT_AVAILABLE,NEEDS_MANUAL_BCTC_REVIEW,"[""avg_volume_20d"", ""capex"", ""cfo"", ""equity"", ""gross_profit"", ""last_close"", ""last_price_date"", ""net_income"", ""revenue"", ""total_assets"", ""total_liabilities""]","[""Primary market data missing or incomplete.""]",Primary market data missing or incomplete.,,,,,,,,,INSUFFICIENT_DATA,provisional_structured,,,,,,,,,
INC,Công ty Cổ phần Tư vấn Đầu tư IDICO,BLOCKED_INSUFFICIENT_MARKET_DATA,REJECTED,True,False,PROVISIONAL_PRIMARY_ONLY,PROVISIONAL_LOW,NOT_AVAILABLE,NEEDS_MANUAL_BCTC_REVIEW,"[""avg_volume_20d"", ""capex"", ""cfo"", ""equity"", ""gross_profit"", ""last_close"", ""last_price_date"", ""net_income"", ""revenue"", ""total_assets"", ""total_liabilities""]","[""Primary market data missing or incomplete.""]",Primary market data missing or incomplete.,,,,,,,,,INSUFFICIENT_DATA,provisional_structured,,,,,,,,,
ING,Công ty Cổ phần Đầu Tư Và Phát Triển Xây Dựng,BLOCKED_INSUFFICIENT_MARKET_DATA,REJECTED,True,False,PROVISIONAL_PRIMARY_ONLY,PROVISIONAL_LOW,NOT_AVAILABLE,NEEDS_MANUAL_BCTC_REVIEW,"[""avg_volume_20d"", ""capex"", ""cfo"", ""equity"", ""gross_profit"", ""last_close"", ""last_price_date"", ""net_income"", ""revenue"", ""total_assets"", ""total_liabilities""]","[""Primary market data missing or incomplete.""]",Primary market data missing or incomplete.,,,,,,,,,INSUFFICIENT_DATA,provisional_structured,,,,,,,,,
INN,Công ty Cổ phần Bao bì và In Nông nghiệp,BLOCKED_INSUFFICIENT_MARKET_DATA,REJECTED,True,False,PROVISIONAL_PRIMARY_ONLY,PROVISIONAL_LOW,NOT_AVAILABLE,NEEDS_MANUAL_BCTC_REVIEW,"[""capex"", ""cfo"", ""equity"", ""gross_profit"", ""last_close"", ""last_price_date"", ""net_income"", ""revenue"", ""total_assets"", ""total_liabilities""]","[""Primary market data missing or incomplete.""]",Primary market data missing or incomplete.,,,8280.0,,8280.0,,,,PARTIAL_PROVISIONAL_DATA,provisional_structured,,,,,,,,,
IPA,Công ty Cổ phần Tập đoàn Đầu tư I.P.A,BLOCKED_INSUFFICIENT_MARKET_DATA,REJECTED,True,False,PROVISIONAL_PRIMARY_ONLY,PROVISIONAL_LOW,NOT_AVAILABLE,NEEDS_MANUAL_BCTC_REVIEW,"[""capex"", ""cfo"", ""equity"", ""gross_profit"", ""last_close"", ""last_price_date"", ""net_income"", ""revenue"", ""total_assets"", ""total_liabilities""]","[""Primary market data missing or incomplete.""]",Primary market data missing or incomplete.,,,71830.0,,71830.0,,,,PARTIAL_PROVISIONAL_DATA,provisional_structured,,,,,,,,,
IPH,Công ty TNHH MTV In và Phát hành biểu mẫu Thống kê,BLOCKED_INSUFFICIENT_MARKET_DATA,REJECTED,True,False,PROVISIONAL_PRIMARY_ONLY,PROVISIONAL_LOW,NOT_AVAILABLE,NEEDS_MANUAL_BCTC_REVIEW,"[""avg_volume_20d"", ""capex"", ""cfo"", ""equity"", ""gross_profit"", ""last_close"", ""last_price_date"", ""net_income"", ""revenue"", ""total_assets"", ""total_liabilities""]","[""Primary market data missing or incomplete.""]",Primary market data missing or incomplete.,,,,,,,,,INSUFFICIENT_DATA,provisional_structured,,,,,,,,,
IRC,Công ty Cổ phần Cao su Công nghiệp,BLOCKED_INSUFFICIENT_MARKET_DATA,REJECTED,True,False,PROVISIONAL_PRIMARY_ONLY,PROVISIONAL_LOW,NOT_AVAILABLE,NEEDS_MANUAL_BCTC_REVIEW,"[""avg_volume_20d"", ""capex"", ""cfo"", ""equity"", ""gross_profit"", ""last_close"", ""last_price_date"", ""net_income"", ""revenue"", ""total_assets"", ""total_liabilities""]","[""Primary market data missing or incomplete.""]",Primary market data missing or incomplete.,,,,,,,,,INSUFFICIENT_DATA,provisional_structured,,,,,,,,,
ISG,Công ty Cổ phần Vận tải biển và Hợp tác lao động Quốc Tế,BLOCKED_INSUFFICIENT_MARKET_DATA,REJECTED,True,False,PROVISIONAL_PRIMARY_ONLY,PROVISIONAL_LOW,NOT_AVAILABLE,NEEDS_MANUAL_BCTC_REVIEW,"[""capex"", ""cfo"", ""equity"", ""gross_profit"", ""last_close"", ""last_price_date"", ""net_income"", ""revenue"", ""total_assets"", ""total_liabilities""]","[""Primary market data missing or incomplete.""]",Primary market data missing or incomplete.,,,839.0,,839.0,,,,PARTIAL_PROVISIONAL_DATA,provisional_structured,,,,,,,,,
ISH,Công ty Cổ phần Thủy điện Srok Phu Miêng IDICO,BLOCKED_INSUFFICIENT_MARKET_DATA,REJECTED,True,False,PROVISIONAL_PRIMARY_ONLY,PROVISIONAL_LOW,NOT_AVAILABLE,NEEDS_MANUAL_BCTC_REVIEW,"[""capex"", ""cfo"", ""equity"", ""gross_profit"", ""last_close"", ""last_price_date"", ""net_income"", ""revenue"", ""total_assets"", ""total_liabilities""]","[""Primary market data missing or incomplete.""]",Primary market data missing or incomplete.,,,1150.0,,1150.0,,,,PARTIAL_PROVISIONAL_DATA,provisional_structured,,,,,,,,,
IST,Công ty Cổ phần ICD Tân Cảng Sóng Thần,BLOCKED_INSUFFICIENT_MARKET_DATA,REJECTED,True,False,PROVISIONAL_PRIMARY_ONLY,PROVISIONAL_LOW,NOT_AVAILABLE,NEEDS_MANUAL_BCTC_REVIEW,"[""capex"", ""cfo"", ""equity"", ""gross_profit"", ""last_close"", ""last_price_date"", ""net_income"", ""revenue"", ""total_assets"", ""total_liabilities""]","[""Primary market data missing or incomplete.""]",Primary market data missing or incomplete.,,,250.0,,250.0,,,,PARTIAL_PROVISIONAL_DATA,provisional_structured,,,,,,,,,
ITA,Công ty Cổ phần Đầu tư và Công nghiệp Tân Tạo,BLOCKED_INSUFFICIENT_MARKET_DATA,REJECTED,True,False,PROVISIONAL_PRIMARY_ONLY,PROVISIONAL_LOW,NOT_AVAILABLE,NEEDS_MANUAL_BCTC_REVIEW,"[""avg_volume_20d"", ""capex"", ""cfo"", ""equity"", ""gross_profit"", ""last_close"", ""last_price_date"", ""net_income"", ""revenue"", ""total_assets"", ""total_liabilities""]","[""Primary market data missing or incomplete.""]",Primary market data missing or incomplete.,,,,,,,,,INSUFFICIENT_DATA,provisional_structured,,,,,,,,,
ITC,Công ty Cổ phần Đầu tư - Kinh doanh nhà,BLOCKED_INSUFFICIENT_MARKET_DATA,REJECTED,True,False,PROVISIONAL_PRIMARY_ONLY,PROVISIONAL_LOW,NOT_AVAILABLE,NEEDS_MANUAL_BCTC_REVIEW,"[""capex"", ""cfo"", ""equity"", ""gross_profit"", ""last_close"", ""last_price_date"", ""net_income"", ""revenue"", ""total_assets"", ""total_liabilities""]","[""Primary market data missing or incomplete.""]",Primary market data missing or incomplete.,,,100570.0,,100570.0,,,,PARTIAL_PROVISIONAL_DATA,provisional_structured,,,,,,,,,
ITD,Công ty Cổ phần Công nghệ ITD,BLOCKED_INSUFFICIENT_MARKET_DATA,REJECTED,True,False,PROVISIONAL_PRIMARY_ONLY,PROVISIONAL_LOW,NOT_AVAILABLE,NEEDS_MANUAL_BCTC_REVIEW,"[""capex"", ""cfo"", ""equity"", ""gross_profit"", ""last_close"", ""last_price_date"", ""net_income"", ""revenue"", ""total_assets"", ""total_liabilities""]","[""Primary market data missing or incomplete.""]",Primary market data missing or incomplete.,,,9670.0,,9670.0,,,,PARTIAL_PROVISIONAL_DATA,provisional_structured,,,,,,,,,
ITQ,Công ty Cổ phần Tập đoàn Thiên Quang,BLOCKED_INSUFFICIENT_MARKET_DATA,REJECTED,True,False,PROVISIONAL_PRIMARY_ONLY,PROVISIONAL_LOW,NOT_AVAILABLE,NEEDS_MANUAL_BCTC_REVIEW,"[""capex"", ""cfo"", ""equity"", ""gross_profit"", ""last_close"", ""last_price_date"", ""net_income"", ""revenue"", ""total_assets"", ""total_liabilities""]","[""Primary market data missing or incomplete.""]",Primary market data missing or incomplete.,,,62270.0,,62270.0,,,,PARTIAL_PROVISIONAL_DATA,provisional_structured,,,,,,,,,
ITS,"Công ty Cổ phần Đầu tư, Thương mại và Dịch vụ - Vinacomin",BLOCKED_INSUFFICIENT_MARKET_DATA,REJECTED,True,False,PROVISIONAL_PRIMARY_ONLY,PROVISIONAL_LOW,NOT_AVAILABLE,NEEDS_MANUAL_BCTC_REVIEW,"[""capex"", ""cfo"", ""equity"", ""gross_profit"", ""last_close"", ""last_price_date"", ""net_income"", ""revenue"", ""total_assets"", ""total_liabilities""]","[""Primary market data missing or incomplete.""]",Primary market data missing or incomplete.,,,1230.0,,1230.0,,,,PARTIAL_PROVISIONAL_DATA,provisional_structured,,,,,,,,,
IVS,Công ty Cổ phần Chứng khoán Guotai Junan (Việt Nam),BLOCKED_INSUFFICIENT_MARKET_DATA,REJECTED,True,False,PROVISIONAL_PRIMARY_ONLY,PROVISIONAL_LOW,NOT_AVAILABLE,NEEDS_MANUAL_BCTC_REVIEW,"[""capex"", ""cfo"", ""equity"", ""gross_profit"", ""last_price_date"", ""net_income"", ""revenue"", ""total_assets"", ""total_liabilities""]","[""Primary market data missing or incomplete.""]",Primary market data missing or incomplete.,,7.0,72720.0,,72720.0,509040.0,,,PARTIAL_PROVISIONAL_DATA,provisional_structured,,,,,,,,,
JOS,Công ty Cổ phần Chế biến Thủy sản Xuất khẩu Minh Hải,BLOCKED_INSUFFICIENT_MARKET_DATA,REJECTED,True,False,PROVISIONAL_PRIMARY_ONLY,PROVISIONAL_LOW,NOT_AVAILABLE,NEEDS_MANUAL_BCTC_REVIEW,"[""capex"", ""cfo"", ""equity"", ""gross_profit"", ""last_close"", ""last_price_date"", ""net_income"", ""revenue"", ""total_assets"", ""total_liabilities""]","[""Primary market data missing or incomplete.""]",Primary market data missing or incomplete.,,,1670.0,,1670.0,,,,PARTIAL_PROVISIONAL_DATA,provisional_structured,,,,,,,,,
JVC,Công ty Cổ phần Đầu tư Y tế - Dược phẩm Việt Nam,BLOCKED_INSUFFICIENT_MARKET_DATA,REJECTED,True,False,PROVISIONAL_PRIMARY_ONLY,PROVISIONAL_LOW,NOT_AVAILABLE,NEEDS_MANUAL_BCTC_REVIEW,"[""capex"", ""cfo"", ""equity"", ""gross_profit"", ""last_close"", ""last_price_date"", ""net_income"", ""revenue"", ""total_assets"", ""total_liabilities""]","[""Primary market data missing or incomplete.""]",Primary market data missing or incomplete.,,,103490.0,,103490.0,,,,PARTIAL_PROVISIONAL_DATA,provisional_structured,,,,,,,,,
KAC,Công ty Cổ phần Đầu tư Địa ốc Khang An,BLOCKED_INSUFFICIENT_MARKET_DATA,REJECTED,True,False,PROVISIONAL_PRIMARY_ONLY,PROVISIONAL_LOW,NOT_AVAILABLE,NEEDS_MANUAL_BCTC_REVIEW,"[""avg_volume_20d"", ""capex"", ""cfo"", ""equity"", ""gross_profit"", ""last_close"", ""last_price_date"", ""net_income"", ""revenue"", ""total_assets"", ""total_liabilities""]","[""Primary market data missing or incomplete.""]",Primary market data missing or incomplete.,,,,,,,,,INSUFFICIENT_DATA,provisional_structured,,,,,,,,,
KBC,Tổng Công ty Phát triển Đô thị Kinh Bắc - CTCP,BLOCKED_INSUFFICIENT_MARKET_DATA,REJECTED,True,False,PROVISIONAL_PRIMARY_ONLY,PROVISIONAL_LOW,NOT_AVAILABLE,NEEDS_MANUAL_BCTC_REVIEW,"[""capex"", ""cfo"", ""equity"", ""gross_profit"", ""last_close"", ""last_price_date"", ""net_income"", ""revenue"", ""total_assets"", ""total_liabilities""]","[""Primary market data missing or incomplete.""]",Primary market data missing or incomplete.,,,2727230.0,,2727230.0,,,,PARTIAL_PROVISIONAL_DATA,provisional_structured,,,,,,,,,
KCB,Công ty Cổ phần Khoáng Sản và Luyện Kim Cao Bằng,BLOCKED_INSUFFICIENT_MARKET_DATA,REJECTED,True,False,PROVISIONAL_PRIMARY_ONLY,PROVISIONAL_LOW,NOT_AVAILABLE,NEEDS_MANUAL_BCTC_REVIEW,"[""capex"", ""cfo"", ""equity"", ""gross_profit"", ""last_close"", ""last_price_date"", ""net_income"", ""revenue"", ""total_assets"", ""total_liabilities""]","[""Primary market data missing or incomplete.""]",Primary market data missing or incomplete.,,,20970.0,,20970.0,,,,PARTIAL_PROVISIONAL_DATA,provisional_structured,,,,,,,,,
KCE,Công ty Cổ phần Bê tông Ly tâm Điện lực Khánh Hòa,BLOCKED_INSUFFICIENT_MARKET_DATA,REJECTED,True,False,PROVISIONAL_PRIMARY_ONLY,PROVISIONAL_LOW,NOT_AVAILABLE,NEEDS_MANUAL_BCTC_REVIEW,"[""capex"", ""cfo"", ""equity"", ""gross_profit"", ""last_close"", ""last_price_date"", ""net_income"", ""revenue"", ""total_assets"", ""total_liabilities""]","[""Primary market data missing or incomplete.""]",Primary market data missing or incomplete.,,,1290.0,,1290.0,,,,PARTIAL_PROVISIONAL_DATA,provisional_structured,,,,,,,,,
KDC,Công ty Cổ phần Tập đoàn KIDO,BLOCKED_INSUFFICIENT_MARKET_DATA,REJECTED,True,False,PROVISIONAL_PRIMARY_ONLY,PROVISIONAL_LOW,NOT_AVAILABLE,NEEDS_MANUAL_BCTC_REVIEW,"[""capex"", ""cfo"", ""equity"", ""gross_profit"", ""last_close"", ""last_price_date"", ""net_income"", ""revenue"", ""total_assets"", ""total_liabilities""]","[""Primary market data missing or incomplete.""]",Primary market data missing or incomplete.,,,669220.0,,669220.0,,,,PARTIAL_PROVISIONAL_DATA,provisional_structured,,,,,,,,,
KDH,Công ty Cổ phần Đầu tư và Kinh doanh nhà Khang Điền,BLOCKED_INSUFFICIENT_MARKET_DATA,REJECTED,True,False,PROVISIONAL_PRIMARY_ONLY,PROVISIONAL_LOW,NOT_AVAILABLE,NEEDS_MANUAL_BCTC_REVIEW,"[""capex"", ""cfo"", ""equity"", ""gross_profit"", ""last_close"", ""last_price_date"", ""net_income"", ""revenue"", ""total_assets"", ""total_liabilities""]","[""Primary market data missing or incomplete.""]",Primary market data missing or incomplete.,,,4882410.0,,4882410.0,,,,PARTIAL_PROVISIONAL_DATA,provisional_structured,,,,,,,,,
KDM,Công ty Cổ phần Tập đoàn GCL,BLOCKED_INSUFFICIENT_MARKET_DATA,REJECTED,True,False,PROVISIONAL_PRIMARY_ONLY,PROVISIONAL_LOW,NOT_AVAILABLE,NEEDS_MANUAL_BCTC_REVIEW,"[""capex"", ""cfo"", ""equity"", ""gross_profit"", ""last_close"", ""last_price_date"", ""net_income"", ""revenue"", ""total_assets"", ""total_liabilities""]","[""Primary market data missing or incomplete.""]",Primary market data missing or incomplete.,,,23200.0,,23200.0,,,,PARTIAL_PROVISIONAL_DATA,provisional_structured,,,,,,,,,
KGM,Công ty Cổ phần Xuất nhập khẩu Kiên Giang,BLOCKED_INSUFFICIENT_MARKET_DATA,REJECTED,True,False,PROVISIONAL_PRIMARY_ONLY,PROVISIONAL_LOW,NOT_AVAILABLE,NEEDS_MANUAL_BCTC_REVIEW,"[""capex"", ""cfo"", ""equity"", ""gross_profit"", ""last_close"", ""last_price_date"", ""net_income"", ""revenue"", ""total_assets"", ""total_liabilities""]","[""Primary market data missing or incomplete.""]",Primary market data missing or incomplete.,,,9840.0,,9840.0,,,,PARTIAL_PROVISIONAL_DATA,provisional_structured,,,,,,,,,
KHA,Công ty Cổ phần Đầu tư và Dịch vụ Khánh Hội,BLOCKED_INSUFFICIENT_MARKET_DATA,REJECTED,True,False,PROVISIONAL_PRIMARY_ONLY,PROVISIONAL_LOW,NOT_AVAILABLE,NEEDS_MANUAL_BCTC_REVIEW,"[""capex"", ""cfo"", ""equity"", ""gross_profit"", ""last_close"", ""last_price_date"", ""net_income"", ""revenue"", ""total_assets"", ""total_liabilities""]","[""Primary market data missing or incomplete.""]",Primary market data missing or incomplete.,,,3387.0,,3387.0,,,,PARTIAL_PROVISIONAL_DATA,provisional_structured,,,,,,,,,
KHB,Công ty Cổ phần Khoáng sản Hòa Bình,BLOCKED_INSUFFICIENT_MARKET_DATA,REJECTED,True,False,PROVISIONAL_PRIMARY_ONLY,PROVISIONAL_LOW,NOT_AVAILABLE,NEEDS_MANUAL_BCTC_REVIEW,"[""capex"", ""cfo"", ""equity"", ""gross_profit"", ""last_close"", ""last_price_date"", ""net_income"", ""revenue"", ""total_assets"", ""total_liabilities""]","[""Primary market data missing or incomplete.""]",Primary market data missing or incomplete.,,,135146.0,,135146.0,,,,PARTIAL_PROVISIONAL_DATA,provisional_structured,,,,,,,,,
KHD,"Công ty Cổ phần Khai thác, Chế biến Khoáng sản Hải Dương",BLOCKED_INSUFFICIENT_MARKET_DATA,REJECTED,True,False,PROVISIONAL_PRIMARY_ONLY,PROVISIONAL_LOW,NOT_AVAILABLE,NEEDS_MANUAL_BCTC_REVIEW,"[""capex"", ""cfo"", ""equity"", ""gross_profit"", ""last_close"", ""last_price_date"", ""net_income"", ""revenue"", ""total_assets"", ""total_liabilities""]","[""Primary market data missing or incomplete.""]",Primary market data missing or incomplete.,,,40.0,,40.0,,,,PARTIAL_PROVISIONAL_DATA,provisional_structured,,,,,,,,,
KHG,Công ty Cổ phần Tập đoàn Khải Hoàn Land,BLOCKED_INSUFFICIENT_MARKET_DATA,REJECTED,True,False,PROVISIONAL_PRIMARY_ONLY,PROVISIONAL_LOW,NOT_AVAILABLE,NEEDS_MANUAL_BCTC_REVIEW,"[""capex"", ""cfo"", ""equity"", ""gross_profit"", ""last_close"", ""last_price_date"", ""net_income"", ""revenue"", ""total_assets"", ""total_liabilities""]","[""Primary market data missing or incomplete.""]",Primary market data missing or incomplete.,,,4600920.0,,4600920.0,,,,PARTIAL_PROVISIONAL_DATA,provisional_structured,,,,,,,,,
KHL,Công ty Cổ phần Khoáng sản và Vật liệu Xây dựng Hưng Long,BLOCKED_INSUFFICIENT_MARKET_DATA,REJECTED,True,False,PROVISIONAL_PRIMARY_ONLY,PROVISIONAL_LOW,NOT_AVAILABLE,NEEDS_MANUAL_BCTC_REVIEW,"[""capex"", ""cfo"", ""equity"", ""gross_profit"", ""last_close"", ""last_price_date"", ""net_income"", ""revenue"", ""total_assets"", ""total_liabilities""]","[""Primary market data missing or incomplete.""]",Primary market data missing or incomplete.,,,1480.0,,1480.0,,,,PARTIAL_PROVISIONAL_DATA,provisional_structured,,,,,,,,,
KHP,Công ty Cổ phần Điện lực Khánh Hòa,BLOCKED_INSUFFICIENT_MARKET_DATA,REJECTED,True,False,PROVISIONAL_PRIMARY_ONLY,PROVISIONAL_LOW,NOT_AVAILABLE,NEEDS_MANUAL_BCTC_REVIEW,"[""capex"", ""cfo"", ""equity"", ""gross_profit"", ""last_close"", ""last_price_date"", ""net_income"", ""revenue"", ""total_assets"", ""total_liabilities""]","[""Primary market data missing or incomplete.""]",Primary market data missing or incomplete.,,,19770.0,,19770.0,,,,PARTIAL_PROVISIONAL_DATA,provisional_structured,,,,,,,,,
KHS,Công ty Cổ phần Kiên Hùng,BLOCKED_INSUFFICIENT_MARKET_DATA,REJECTED,True,False,PROVISIONAL_PRIMARY_ONLY,PROVISIONAL_LOW,NOT_AVAILABLE,NEEDS_MANUAL_BCTC_REVIEW,"[""capex"", ""cfo"", ""equity"", ""gross_profit"", ""last_close"", ""last_price_date"", ""net_income"", ""revenue"", ""total_assets"", ""total_liabilities""]","[""Primary market data missing or incomplete.""]",Primary market data missing or incomplete.,,,4110.0,,4110.0,,,,PARTIAL_PROVISIONAL_DATA,provisional_structured,,,,,,,,,
KHW,Công ty Cổ phần Cấp thoát nước Khánh Hòa,BLOCKED_INSUFFICIENT_MARKET_DATA,REJECTED,True,False,PROVISIONAL_PRIMARY_ONLY,PROVISIONAL_LOW,NOT_AVAILABLE,NEEDS_MANUAL_BCTC_REVIEW,"[""capex"", ""cfo"", ""equity"", ""gross_profit"", ""last_close"", ""last_price_date"", ""net_income"", ""revenue"", ""total_assets"", ""total_liabilities""]","[""Primary market data missing or incomplete.""]",Primary market data missing or incomplete.,,,10.0,,10.0,,,,PARTIAL_PROVISIONAL_DATA,provisional_structured,,,,,,,,,
KHX,Công ty Cổ phần Phát hành sách Khánh Hoà,BLOCKED_INSUFFICIENT_MARKET_DATA,REJECTED,True,False,PROVISIONAL_PRIMARY_ONLY,PROVISIONAL_LOW,NOT_AVAILABLE,NEEDS_MANUAL_BCTC_REVIEW,"[""avg_volume_20d"", ""capex"", ""cfo"", ""equity"", ""gross_profit"", ""last_close"", ""last_price_date"", ""net_income"", ""revenue"", ""total_assets"", ""total_liabilities""]","[""Primary market data missing or incomplete.""]",Primary market data missing or incomplete.,,,,,,,,,INSUFFICIENT_DATA,provisional_structured,,,,,,,,,
KIP,Công ty Cổ phần K.I.P Việt Nam,BLOCKED_INSUFFICIENT_MARKET_DATA,REJECTED,True,False,PROVISIONAL_PRIMARY_ONLY,PROVISIONAL_LOW,NOT_AVAILABLE,NEEDS_MANUAL_BCTC_REVIEW,"[""capex"", ""cfo"", ""equity"", ""gross_profit"", ""last_close"", ""last_price_date"", ""net_income"", ""revenue"", ""total_assets"", ""total_liabilities""]","[""Primary market data missing or incomplete.""]",Primary market data missing or incomplete.,,,810.0,,810.0,,,,PARTIAL_PROVISIONAL_DATA,provisional_structured,,,,,,,,,
KKC,Công ty Cổ phần Tập đoàn Thành Thái,BLOCKED_INSUFFICIENT_MARKET_DATA,REJECTED,True,False,PROVISIONAL_PRIMARY_ONLY,PROVISIONAL_LOW,NOT_AVAILABLE,NEEDS_MANUAL_BCTC_REVIEW,"[""capex"", ""cfo"", ""equity"", ""gross_profit"", ""last_close"", ""last_price_date"", ""net_income"", ""revenue"", ""total_assets"", ""total_liabilities""]","[""Primary market data missing or incomplete.""]",Primary market data missing or incomplete.,,,130.0,,130.0,,,,PARTIAL_PROVISIONAL_DATA,provisional_structured,,,,,,,,,
KLB,Ngân hàng Thương mại Cổ phần Kiên Long,BLOCKED_INSUFFICIENT_MARKET_DATA,REJECTED,True,False,PROVISIONAL_PRIMARY_ONLY,PROVISIONAL_LOW,NOT_AVAILABLE,NEEDS_MANUAL_BCTC_REVIEW,"[""capex"", ""cfo"", ""equity"", ""gross_profit"", ""last_close"", ""last_price_date"", ""net_income"", ""revenue"", ""total_assets"", ""total_liabilities""]","[""Primary market data missing or incomplete.""]",Primary market data missing or incomplete.,,,200130.0,,200130.0,,,,PARTIAL_PROVISIONAL_DATA,provisional_structured,,,,,,,,,
KLF,Công ty Cổ phần Đầu tư Thương mại và Xuất nhập khẩu CFS,BLOCKED_INSUFFICIENT_MARKET_DATA,REJECTED,True,False,PROVISIONAL_PRIMARY_ONLY,PROVISIONAL_LOW,NOT_AVAILABLE,NEEDS_MANUAL_BCTC_REVIEW,"[""avg_volume_20d"", ""capex"", ""cfo"", ""equity"", ""gross_profit"", ""last_close"", ""last_price_date"", ""net_income"", ""revenue"", ""total_assets"", ""total_liabilities""]","[""Primary market data missing or incomplete.""]",Primary market data missing or incomplete.,,,,,,,,,INSUFFICIENT_DATA,provisional_structured,,,,,,,,,
KLM,Công ty Cổ phần Kim loại màu Nghệ Tĩnh,BLOCKED_INSUFFICIENT_MARKET_DATA,REJECTED,True,False,PROVISIONAL_PRIMARY_ONLY,PROVISIONAL_LOW,NOT_AVAILABLE,NEEDS_MANUAL_BCTC_REVIEW,"[""capex"", ""cfo"", ""equity"", ""gross_profit"", ""last_close"", ""last_price_date"", ""net_income"", ""revenue"", ""total_assets"", ""total_liabilities""]","[""Primary market data missing or incomplete.""]",Primary market data missing or incomplete.,,,90.0,,90.0,,,,PARTIAL_PROVISIONAL_DATA,provisional_structured,,,,,,,,,
KMR,Công ty Cổ phần Mirae,BLOCKED_INSUFFICIENT_MARKET_DATA,REJECTED,True,False,PROVISIONAL_PRIMARY_ONLY,PROVISIONAL_LOW,NOT_AVAILABLE,NEEDS_MANUAL_BCTC_REVIEW,"[""capex"", ""cfo"", ""equity"", ""gross_profit"", ""last_price_date"", ""net_income"", ""revenue"", ""total_assets"", ""total_liabilities""]","[""Primary market data missing or incomplete.""]",Primary market data missing or incomplete.,,2.84,15960.0,,15960.0,45326.4,,,PARTIAL_PROVISIONAL_DATA,provisional_structured,,,,,,,,,
KMT,Công ty Cổ phần Kim khí Miền Trung,BLOCKED_INSUFFICIENT_MARKET_DATA,REJECTED,True,False,PROVISIONAL_PRIMARY_ONLY,PROVISIONAL_LOW,NOT_AVAILABLE,NEEDS_MANUAL_BCTC_REVIEW,"[""capex"", ""cfo"", ""equity"", ""gross_profit"", ""last_close"", ""last_price_date"", ""net_income"", ""revenue"", ""total_assets"", ""total_liabilities""]","[""Primary market data missing or incomplete.""]",Primary market data missing or incomplete.,,,560.0,,560.0,,,,PARTIAL_PROVISIONAL_DATA,provisional_structured,,,,,,,,,
KOS,Công ty Cổ phần KOSY,BLOCKED_INSUFFICIENT_MARKET_DATA,REJECTED,True,False,PROVISIONAL_PRIMARY_ONLY,PROVISIONAL_LOW,NOT_AVAILABLE,NEEDS_MANUAL_BCTC_REVIEW,"[""capex"", ""cfo"", ""equity"", ""gross_profit"", ""last_close"", ""last_price_date"", ""net_income"", ""revenue"", ""total_assets"", ""total_liabilities""]","[""Primary market data missing or incomplete.""]",Primary market data missing or incomplete.,,,334020.0,,334020.0,,,,PARTIAL_PROVISIONAL_DATA,provisional_structured,,,,,,,,,
KPF,Công ty Cổ phần Đầu tư Tài sản KOJI,BLOCKED_INSUFFICIENT_MARKET_DATA,REJECTED,True,False,PROVISIONAL_PRIMARY_ONLY,PROVISIONAL_LOW,NOT_AVAILABLE,NEEDS_MANUAL_BCTC_REVIEW,"[""avg_volume_20d"", ""capex"", ""cfo"", ""equity"", ""gross_profit"", ""last_close"", ""last_price_date"", ""net_income"", ""revenue"", ""total_assets"", ""total_liabilities""]","[""Primary market data missing or incomplete.""]",Primary market data missing or incomplete.,,,,,,,,,INSUFFICIENT_DATA,provisional_structured,,,,,,,,,
KSB,Công ty Cổ phần Khoáng sản và Xây dựng Bình Dương,BLOCKED_INSUFFICIENT_MARKET_DATA,REJECTED,True,False,PROVISIONAL_PRIMARY_ONLY,PROVISIONAL_LOW,NOT_AVAILABLE,NEEDS_MANUAL_BCTC_REVIEW,"[""capex"", ""cfo"", ""equity"", ""gross_profit"", ""last_close"", ""last_price_date"", ""net_income"", ""revenue"", ""total_assets"", ""total_liabilities""]","[""Primary market data missing or incomplete.""]",Primary market data missing or incomplete.,,,540730.0,,540730.0,,,,PARTIAL_PROVISIONAL_DATA,provisional_structured,,,,,,,,,
KSD,Công ty Cổ phần Đầu tư DNA,BLOCKED_INSUFFICIENT_MARKET_DATA,REJECTED,True,False,PROVISIONAL_PRIMARY_ONLY,PROVISIONAL_LOW,NOT_AVAILABLE,NEEDS_MANUAL_BCTC_REVIEW,"[""capex"", ""cfo"", ""equity"", ""gross_profit"", ""last_close"", ""last_price_date"", ""net_income"", ""revenue"", ""total_assets"", ""total_liabilities""]","[""Primary market data missing or incomplete.""]",Primary market data missing or incomplete.,,,120.0,,120.0,,,,PARTIAL_PROVISIONAL_DATA,provisional_structured,,,,,,,,,
KSF,Công ty Cổ phần Tập đoàn Sunshine,BLOCKED_INSUFFICIENT_MARKET_DATA,REJECTED,True,False,PROVISIONAL_PRIMARY_ONLY,PROVISIONAL_LOW,NOT_AVAILABLE,NEEDS_MANUAL_BCTC_REVIEW,"[""capex"", ""cfo"", ""equity"", ""gross_profit"", ""last_close"", ""last_price_date"", ""net_income"", ""revenue"", ""total_assets"", ""total_liabilities""]","[""Primary market data missing or incomplete.""]",Primary market data missing or incomplete.,,,48984.0,,48984.0,,,,PARTIAL_PROVISIONAL_DATA,provisional_structured,,,,,,,,,
KSH,Công ty Cổ phần Damac GLS,BLOCKED_INSUFFICIENT_MARKET_DATA,REJECTED,True,False,PROVISIONAL_PRIMARY_ONLY,PROVISIONAL_LOW,NOT_AVAILABLE,NEEDS_MANUAL_BCTC_REVIEW,"[""avg_volume_20d"", ""capex"", ""cfo"", ""equity"", ""gross_profit"", ""last_close"", ""last_price_date"", ""net_income"", ""revenue"", ""total_assets"", ""total_liabilities""]","[""Primary market data missing or incomplete.""]",Primary market data missing or incomplete.,,,,,,,,,INSUFFICIENT_DATA,provisional_structured,,,,,,,,,
KSQ,Công ty Cổ phần CNC Capital Việt Nam,BLOCKED_INSUFFICIENT_MARKET_DATA,REJECTED,True,False,PROVISIONAL_PRIMARY_ONLY,PROVISIONAL_LOW,NOT_AVAILABLE,NEEDS_MANUAL_BCTC_REVIEW,"[""capex"", ""cfo"", ""equity"", ""gross_profit"", ""last_close"", ""last_price_date"", ""net_income"", ""revenue"", ""total_assets"", ""total_liabilities""]","[""Primary market data missing or incomplete.""]",Primary market data missing or incomplete.,,,84983.0,,84983.0,,,,PARTIAL_PROVISIONAL_DATA,provisional_structured,,,,,,,,,
KSS,Tổng Công ty Cổ phần Khoáng sản Na Rì Hamico,BLOCKED_INSUFFICIENT_MARKET_DATA,REJECTED,True,False,PROVISIONAL_PRIMARY_ONLY,PROVISIONAL_LOW,NOT_AVAILABLE,NEEDS_MANUAL_BCTC_REVIEW,"[""capex"", ""cfo"", ""equity"", ""gross_profit"", ""last_close"", ""last_price_date"", ""net_income"", ""revenue"", ""total_assets"", ""total_liabilities""]","[""Primary market data missing or incomplete.""]",Primary market data missing or incomplete.,,,520959.0,,520959.0,,,,PARTIAL_PROVISIONAL_DATA,provisional_structured,,,,,,,,,
KST,Công ty Cổ phần KASATI,BLOCKED_INSUFFICIENT_MARKET_DATA,REJECTED,True,False,PROVISIONAL_PRIMARY_ONLY,PROVISIONAL_LOW,NOT_AVAILABLE,NEEDS_MANUAL_BCTC_REVIEW,"[""capex"", ""cfo"", ""equity"", ""gross_profit"", ""last_close"", ""last_price_date"", ""net_income"", ""revenue"", ""total_assets"", ""total_liabilities""]","[""Primary market data missing or incomplete.""]",Primary market data missing or incomplete.,,,170.0,,170.0,,,,PARTIAL_PROVISIONAL_DATA,provisional_structured,,,,,,,,,
KSV,Tổng Công ty Khoáng sản TKV - Công ty Cổ phần,BLOCKED_INSUFFICIENT_MARKET_DATA,REJECTED,True,False,PROVISIONAL_PRIMARY_ONLY,PROVISIONAL_LOW,NOT_AVAILABLE,NEEDS_MANUAL_BCTC_REVIEW,"[""capex"", ""cfo"", ""equity"", ""gross_profit"", ""last_close"", ""last_price_date"", ""net_income"", ""revenue"", ""total_assets"", ""total_liabilities""]","[""Primary market data missing or incomplete.""]",Primary market data missing or incomplete.,,,37630.0,,37630.0,,,,PARTIAL_PROVISIONAL_DATA,provisional_structured,,,,,,,,,
KTC,Công ty Cổ phần Thương mại Kiên Giang,BLOCKED_INSUFFICIENT_MARKET_DATA,REJECTED,True,False,PROVISIONAL_PRIMARY_ONLY,PROVISIONAL_LOW,NOT_AVAILABLE,NEEDS_MANUAL_BCTC_REVIEW,"[""avg_volume_20d"", ""capex"", ""cfo"", ""equity"", ""gross_profit"", ""last_close"", ""last_price_date"", ""net_income"", ""revenue"", ""total_assets"", ""total_liabilities""]","[""Primary market data missing or incomplete.""]",Primary market data missing or incomplete.,,,,,,,,,INSUFFICIENT_DATA,provisional_structured,,,,,,,,,
KTL,Công ty Cổ phần Kim khí Thăng Long,BLOCKED_INSUFFICIENT_MARKET_DATA,REJECTED,True,False,PROVISIONAL_PRIMARY_ONLY,PROVISIONAL_LOW,NOT_AVAILABLE,NEEDS_MANUAL_BCTC_REVIEW,"[""avg_volume_20d"", ""capex"", ""cfo"", ""equity"", ""gross_profit"", ""last_close"", ""last_price_date"", ""net_income"", ""revenue"", ""total_assets"", ""total_liabilities""]","[""Primary market data missing or incomplete.""]",Primary market data missing or incomplete.,,,,,,,,,INSUFFICIENT_DATA,provisional_structured,,,,,,,,,
KTS,Công ty Cổ phần Đường Kon Tum,BLOCKED_INSUFFICIENT_MARKET_DATA,REJECTED,True,False,PROVISIONAL_PRIMARY_ONLY,PROVISIONAL_LOW,NOT_AVAILABLE,NEEDS_MANUAL_BCTC_REVIEW,"[""capex"", ""cfo"", ""equity"", ""gross_profit"", ""last_close"", ""last_price_date"", ""net_income"", ""revenue"", ""total_assets"", ""total_liabilities""]","[""Primary market data missing or incomplete.""]",Primary market data missing or incomplete.,,,1040.0,,1040.0,,,,PARTIAL_PROVISIONAL_DATA,provisional_structured,,,,,,,,,
KTT,Công ty Cổ phần Tập đoàn Đầu tư KTT,BLOCKED_INSUFFICIENT_MARKET_DATA,REJECTED,True,False,PROVISIONAL_PRIMARY_ONLY,PROVISIONAL_LOW,NOT_AVAILABLE,NEEDS_MANUAL_BCTC_REVIEW,"[""avg_volume_20d"", ""capex"", ""cfo"", ""equity"", ""gross_profit"", ""last_close"", ""last_price_date"", ""net_income"", ""revenue"", ""total_assets"", ""total_liabilities""]","[""Primary market data missing or incomplete.""]",Primary market data missing or incomplete.,,,,,,,,,INSUFFICIENT_DATA,provisional_structured,,,,,,,,,
KTW,Công ty Cổ phần Cấp nước Kon Tum,BLOCKED_INSUFFICIENT_MARKET_DATA,REJECTED,True,False,PROVISIONAL_PRIMARY_ONLY,PROVISIONAL_LOW,NOT_AVAILABLE,NEEDS_MANUAL_BCTC_REVIEW,"[""avg_volume_20d"", ""capex"", ""cfo"", ""equity"", ""gross_profit"", ""last_close"", ""last_price_date"", ""net_income"", ""revenue"", ""total_assets"", ""total_liabilities""]","[""Primary market data missing or incomplete.""]",Primary market data missing or incomplete.,,,,,,,,,INSUFFICIENT_DATA,provisional_structured,,,,,,,,,
KVC,Công ty Cổ phần Sản xuất Xuất nhập khẩu Inox Kim Vĩ,BLOCKED_INSUFFICIENT_MARKET_DATA,REJECTED,True,False,PROVISIONAL_PRIMARY_ONLY,PROVISIONAL_LOW,NOT_AVAILABLE,NEEDS_MANUAL_BCTC_REVIEW,"[""capex"", ""cfo"", ""equity"", ""gross_profit"", ""last_close"", ""last_price_date"", ""net_income"", ""revenue"", ""total_assets"", ""total_liabilities""]","[""Primary market data missing or incomplete.""]",Primary market data missing or incomplete.,,,134220.0,,134220.0,,,,PARTIAL_PROVISIONAL_DATA,provisional_structured,,,,,,,,,
KWA,Công ty Cổ phần Cấp thoát nước và Môi trường Kiến Tường,BLOCKED_INSUFFICIENT_MARKET_DATA,REJECTED,True,False,PROVISIONAL_PRIMARY_ONLY,PROVISIONAL_LOW,NOT_AVAILABLE,NEEDS_MANUAL_BCTC_REVIEW,"[""avg_volume_20d"", ""capex"", ""cfo"", ""equity"", ""gross_profit"", ""last_close"", ""last_price_date"", ""net_income"", ""revenue"", ""total_assets"", ""total_liabilities""]","[""Primary market data missing or incomplete.""]",Primary market data missing or incomplete.,,,,,,,,,INSUFFICIENT_DATA,provisional_structured,,,,,,,,,
L10,Công ty Cổ phần Lilama 10,BLOCKED_INSUFFICIENT_MARKET_DATA,REJECTED,True,False,PROVISIONAL_PRIMARY_ONLY,PROVISIONAL_LOW,NOT_AVAILABLE,NEEDS_MANUAL_BCTC_REVIEW,"[""capex"", ""cfo"", ""equity"", ""gross_profit"", ""last_close"", ""last_price_date"", ""net_income"", ""revenue"", ""total_assets"", ""total_liabilities""]","[""Primary market data missing or incomplete.""]",Primary market data missing or incomplete.,,,10.0,,10.0,,,,PARTIAL_PROVISIONAL_DATA,provisional_structured,,,,,,,,,
L12,Công ty Cổ phần Licogi 12,BLOCKED_INSUFFICIENT_MARKET_DATA,REJECTED,True,False,PROVISIONAL_PRIMARY_ONLY,PROVISIONAL_LOW,NOT_AVAILABLE,NEEDS_MANUAL_BCTC_REVIEW,"[""capex"", ""cfo"", ""equity"", ""gross_profit"", ""last_close"", ""last_price_date"", ""net_income"", ""revenue"", ""total_assets"", ""total_liabilities""]","[""Primary market data missing or incomplete.""]",Primary market data missing or incomplete.,,,730.0,,730.0,,,,PARTIAL_PROVISIONAL_DATA,provisional_structured,,,,,,,,,
L14,Công ty Cổ phần Licogi 14,BLOCKED_INSUFFICIENT_MARKET_DATA,REJECTED,True,False,PROVISIONAL_PRIMARY_ONLY,PROVISIONAL_LOW,NOT_AVAILABLE,NEEDS_MANUAL_BCTC_REVIEW,"[""capex"", ""cfo"", ""equity"", ""gross_profit"", ""last_close"", ""last_price_date"", ""net_income"", ""revenue"", ""total_assets"", ""total_liabilities""]","[""Primary market data missing or incomplete.""]",Primary market data missing or incomplete.,,,48900.0,,48900.0,,,,PARTIAL_PROVISIONAL_DATA,provisional_structured,,,,,,,,,
L18,Công ty Cổ phần Đầu tư và Xây dựng số 18,BLOCKED_INSUFFICIENT_MARKET_DATA,REJECTED,True,False,PROVISIONAL_PRIMARY_ONLY,PROVISIONAL_LOW,NOT_AVAILABLE,NEEDS_MANUAL_BCTC_REVIEW,"[""capex"", ""cfo"", ""equity"", ""gross_profit"", ""last_close"", ""last_price_date"", ""net_income"", ""revenue"", ""total_assets"", ""total_liabilities""]","[""Primary market data missing or incomplete.""]",Primary market data missing or incomplete.,,,16680.0,,16680.0,,,,PARTIAL_PROVISIONAL_DATA,provisional_structured,,,,,,,,,
L35,Công ty Cổ phần Cơ khí Lắp máy Lilama,BLOCKED_INSUFFICIENT_MARKET_DATA,REJECTED,True,False,PROVISIONAL_PRIMARY_ONLY,PROVISIONAL_LOW,NOT_AVAILABLE,NEEDS_MANUAL_BCTC_REVIEW,"[""capex"", ""cfo"", ""equity"", ""gross_profit"", ""last_close"", ""last_price_date"", ""net_income"", ""revenue"", ""total_assets"", ""total_liabilities""]","[""Primary market data missing or incomplete.""]",Primary market data missing or incomplete.,,,10.0,,10.0,,,,PARTIAL_PROVISIONAL_DATA,provisional_structured,,,,,,,,,
L40,Công ty Cổ phần Đầu tư và Xây dựng 40,BLOCKED_INSUFFICIENT_MARKET_DATA,REJECTED,True,False,PROVISIONAL_PRIMARY_ONLY,PROVISIONAL_LOW,NOT_AVAILABLE,NEEDS_MANUAL_BCTC_REVIEW,"[""capex"", ""cfo"", ""equity"", ""gross_profit"", ""last_close"", ""last_price_date"", ""net_income"", ""revenue"", ""total_assets"", ""total_liabilities""]","[""Primary market data missing or incomplete.""]",Primary market data missing or incomplete.,,,133600.0,,133600.0,,,,PARTIAL_PROVISIONAL_DATA,provisional_structured,,,,,,,,,
L43,Công ty Cổ phần Lilama 45.3,BLOCKED_INSUFFICIENT_MARKET_DATA,REJECTED,True,False,PROVISIONAL_PRIMARY_ONLY,PROVISIONAL_LOW,NOT_AVAILABLE,NEEDS_MANUAL_BCTC_REVIEW,"[""capex"", ""cfo"", ""equity"", ""gross_profit"", ""last_close"", ""last_price_date"", ""net_income"", ""revenue"", ""total_assets"", ""total_liabilities""]","[""Primary market data missing or incomplete.""]",Primary market data missing or incomplete.,,,360.0,,360.0,,,,PARTIAL_PROVISIONAL_DATA,provisional_structured,,,,,,,,,
L44,Công ty Cổ phần Lilama 45.4,BLOCKED_INSUFFICIENT_MARKET_DATA,REJECTED,True,False,PROVISIONAL_PRIMARY_ONLY,PROVISIONAL_LOW,NOT_AVAILABLE,NEEDS_MANUAL_BCTC_REVIEW,"[""avg_volume_20d"", ""capex"", ""cfo"", ""equity"", ""gross_profit"", ""last_close"", ""last_price_date"", ""net_income"", ""revenue"", ""total_assets"", ""total_liabilities""]","[""Primary market data missing or incomplete.""]",Primary market data missing or incomplete.,,,,,,,,,INSUFFICIENT_DATA,provisional_structured,,,,,,,,,
L45,Công ty Cổ phần Lilama 45.1,BLOCKED_INSUFFICIENT_MARKET_DATA,REJECTED,True,False,PROVISIONAL_PRIMARY_ONLY,PROVISIONAL_LOW,NOT_AVAILABLE,NEEDS_MANUAL_BCTC_REVIEW,"[""capex"", ""cfo"", ""equity"", ""gross_profit"", ""last_close"", ""last_price_date"", ""net_income"", ""revenue"", ""total_assets"", ""total_liabilities""]","[""Primary market data missing or incomplete.""]",Primary market data missing or incomplete.,,,1986.0,,1986.0,,,,PARTIAL_PROVISIONAL_DATA,provisional_structured,,,,,,,,,
L61,Công ty Cổ phần Lilama 69-1,BLOCKED_INSUFFICIENT_MARKET_DATA,REJECTED,True,False,PROVISIONAL_PRIMARY_ONLY,PROVISIONAL_LOW,NOT_AVAILABLE,NEEDS_MANUAL_BCTC_REVIEW,"[""capex"", ""cfo"", ""equity"", ""gross_profit"", ""last_close"", ""last_price_date"", ""net_income"", ""revenue"", ""total_assets"", ""total_liabilities""]","[""Primary market data missing or incomplete.""]",Primary market data missing or incomplete.,,,20.0,,20.0,,,,PARTIAL_PROVISIONAL_DATA,provisional_structured,,,,,,,,,
L62,Công ty Cổ phần Lilama 69 - 2,BLOCKED_INSUFFICIENT_MARKET_DATA,REJECTED,True,False,PROVISIONAL_PRIMARY_ONLY,PROVISIONAL_LOW,NOT_AVAILABLE,NEEDS_MANUAL_BCTC_REVIEW,"[""capex"", ""cfo"", ""equity"", ""gross_profit"", ""last_close"", ""last_price_date"", ""net_income"", ""revenue"", ""total_assets"", ""total_liabilities""]","[""Primary market data missing or incomplete.""]",Primary market data missing or incomplete.,,,30.0,,30.0,,,,PARTIAL_PROVISIONAL_DATA,provisional_structured,,,,,,,,,
L63,Công ty Cổ phần Lilama 69-3,BLOCKED_INSUFFICIENT_MARKET_DATA,REJECTED,True,False,PROVISIONAL_PRIMARY_ONLY,PROVISIONAL_LOW,NOT_AVAILABLE,NEEDS_MANUAL_BCTC_REVIEW,"[""avg_volume_20d"", ""capex"", ""cfo"", ""equity"", ""gross_profit"", ""last_close"", ""last_price_date"", ""net_income"", ""revenue"", ""total_assets"", ""total_liabilities""]","[""Primary market data missing or incomplete.""]",Primary market data missing or incomplete.,,,,,,,,,INSUFFICIENT_DATA,provisional_structured,,,,,,,,,
LAF,Công ty Cổ phần Chế biến Hàng Xuất khẩu Long An,BLOCKED_INSUFFICIENT_MARKET_DATA,REJECTED,True,False,PROVISIONAL_PRIMARY_ONLY,PROVISIONAL_LOW,NOT_AVAILABLE,NEEDS_MANUAL_BCTC_REVIEW,"[""capex"", ""cfo"", ""equity"", ""gross_profit"", ""last_close"", ""last_price_date"", ""net_income"", ""revenue"", ""total_assets"", ""total_liabilities""]","[""Primary market data missing or incomplete.""]",Primary market data missing or incomplete.,,,560.0,,560.0,,,,PARTIAL_PROVISIONAL_DATA,provisional_structured,,,,,,,,,
LAI,Công ty Cổ phần Đầu tư Xây dựng Long An IDICO,BLOCKED_INSUFFICIENT_MARKET_DATA,REJECTED,True,False,PROVISIONAL_PRIMARY_ONLY,PROVISIONAL_LOW,NOT_AVAILABLE,NEEDS_MANUAL_BCTC_REVIEW,"[""capex"", ""cfo"", ""equity"", ""gross_profit"", ""last_close"", ""last_price_date"", ""net_income"", ""revenue"", ""total_assets"", ""total_liabilities""]","[""Primary market data missing or incomplete.""]",Primary market data missing or incomplete.,,,8370.0,,8370.0,,,,PARTIAL_PROVISIONAL_DATA,provisional_structured,,,,,,,,,
LAS,Công ty Cổ phần Supe Phốt phát và Hóa chất Lâm Thao,BLOCKED_INSUFFICIENT_MARKET_DATA,REJECTED,True,False,PROVISIONAL_PRIMARY_ONLY,PROVISIONAL_LOW,NOT_AVAILABLE,NEEDS_MANUAL_BCTC_REVIEW,"[""capex"", ""cfo"", ""equity"", ""gross_profit"", ""last_close"", ""last_price_date"", ""net_income"", ""revenue"", ""total_assets"", ""total_liabilities""]","[""Primary market data missing or incomplete.""]",Primary market data missing or incomplete.,,,282370.0,,282370.0,,,,PARTIAL_PROVISIONAL_DATA,provisional_structured,,,,,,,,,
LAW,Công ty Cổ phần Cấp thoát nước Long An,BLOCKED_INSUFFICIENT_MARKET_DATA,REJECTED,True,False,PROVISIONAL_PRIMARY_ONLY,PROVISIONAL_LOW,NOT_AVAILABLE,NEEDS_MANUAL_BCTC_REVIEW,"[""capex"", ""cfo"", ""equity"", ""gross_profit"", ""last_close"", ""last_price_date"", ""net_income"", ""revenue"", ""total_assets"", ""total_liabilities""]","[""Primary market data missing or incomplete.""]",Primary market data missing or incomplete.,,,850.0,,850.0,,,,PARTIAL_PROVISIONAL_DATA,provisional_structured,,,,,,,,,
LBC,Công ty Cổ phần Thương mại - Đầu tư Long Biên,BLOCKED_INSUFFICIENT_MARKET_DATA,REJECTED,True,False,PROVISIONAL_PRIMARY_ONLY,PROVISIONAL_LOW,NOT_AVAILABLE,NEEDS_MANUAL_BCTC_REVIEW,"[""avg_volume_20d"", ""capex"", ""cfo"", ""equity"", ""gross_profit"", ""last_close"", ""last_price_date"", ""net_income"", ""revenue"", ""total_assets"", ""total_liabilities""]","[""Primary market data missing or incomplete.""]",Primary market data missing or incomplete.,,,,,,,,,INSUFFICIENT_DATA,provisional_structured,,,,,,,,,
LBE,Công ty Cổ phần Thương mại và Dịch vụ LVA,BLOCKED_INSUFFICIENT_MARKET_DATA,REJECTED,True,False,PROVISIONAL_PRIMARY_ONLY,PROVISIONAL_LOW,NOT_AVAILABLE,NEEDS_MANUAL_BCTC_REVIEW,"[""capex"", ""cfo"", ""equity"", ""gross_profit"", ""last_close"", ""last_price_date"", ""net_income"", ""revenue"", ""total_assets"", ""total_liabilities""]","[""Primary market data missing or incomplete.""]",Primary market data missing or incomplete.,,,22810.0,,22810.0,,,,PARTIAL_PROVISIONAL_DATA,provisional_structured,,,,,,,,,
LBM,Công ty Cổ phần Khoáng sản và Vật liệu xây dựng Lâm Đồng,BLOCKED_INSUFFICIENT_MARKET_DATA,REJECTED,True,False,PROVISIONAL_PRIMARY_ONLY,PROVISIONAL_LOW,NOT_AVAILABLE,NEEDS_MANUAL_BCTC_REVIEW,"[""capex"", ""cfo"", ""equity"", ""gross_profit"", ""last_close"", ""last_price_date"", ""net_income"", ""revenue"", ""total_assets"", ""total_liabilities""]","[""Primary market data missing or incomplete.""]",Primary market data missing or incomplete.,,,13660.0,,13660.0,,,,PARTIAL_PROVISIONAL_DATA,provisional_structured,,,,,,,,,
LCC,Công ty Cổ phần Xi măng Hồng Phong,BLOCKED_INSUFFICIENT_MARKET_DATA,REJECTED,True,False,PROVISIONAL_PRIMARY_ONLY,PROVISIONAL_LOW,NOT_AVAILABLE,NEEDS_MANUAL_BCTC_REVIEW,"[""avg_volume_20d"", ""capex"", ""cfo"", ""equity"", ""gross_profit"", ""last_close"", ""last_price_date"", ""net_income"", ""revenue"", ""total_assets"", ""total_liabilities""]","[""Primary market data missing or incomplete.""]",Primary market data missing or incomplete.,,,,,,,,,INSUFFICIENT_DATA,provisional_structured,,,,,,,,,
LCD,Công ty Cổ phần Lắp máy - Thí nghiệm cơ điện,BLOCKED_INSUFFICIENT_MARKET_DATA,REJECTED,True,False,PROVISIONAL_PRIMARY_ONLY,PROVISIONAL_LOW,NOT_AVAILABLE,NEEDS_MANUAL_BCTC_REVIEW,"[""avg_volume_20d"", ""capex"", ""cfo"", ""equity"", ""gross_profit"", ""last_close"", ""last_price_date"", ""net_income"", ""revenue"", ""total_assets"", ""total_liabilities""]","[""Primary market data missing or incomplete.""]",Primary market data missing or incomplete.,,,,,,,,,INSUFFICIENT_DATA,provisional_structured,,,,,,,,,
LCG,Công ty Cổ phần Lizen,BLOCKED_INSUFFICIENT_MARKET_DATA,REJECTED,True,False,PROVISIONAL_PRIMARY_ONLY,PROVISIONAL_LOW,NOT_AVAILABLE,NEEDS_MANUAL_BCTC_REVIEW,"[""capex"", ""cfo"", ""equity"", ""gross_profit"", ""last_close"", ""last_price_date"", ""net_income"", ""revenue"", ""total_assets"", ""total_liabilities""]","[""Primary market data missing or incomplete.""]",Primary market data missing or incomplete.,,,1163000.0,,1163000.0,,,,PARTIAL_PROVISIONAL_DATA,provisional_structured,,,,,,,,,
LCM,Công ty Cổ phần Khai thác và Chế biến Khoáng sản Lào Cai,BLOCKED_INSUFFICIENT_MARKET_DATA,REJECTED,True,False,PROVISIONAL_PRIMARY_ONLY,PROVISIONAL_LOW,NOT_AVAILABLE,NEEDS_MANUAL_BCTC_REVIEW,"[""capex"", ""cfo"", ""equity"", ""gross_profit"", ""last_close"", ""last_price_date"", ""net_income"", ""revenue"", ""total_assets"", ""total_liabilities""]","[""Primary market data missing or incomplete.""]",Primary market data missing or incomplete.,,,3150.0,,3150.0,,,,PARTIAL_PROVISIONAL_DATA,provisional_structured,,,,,,,,,
LCS,Công ty Cổ phần Licogi 16.6,BLOCKED_INSUFFICIENT_MARKET_DATA,REJECTED,True,False,PROVISIONAL_PRIMARY_ONLY,PROVISIONAL_LOW,NOT_AVAILABLE,NEEDS_MANUAL_BCTC_REVIEW,"[""capex"", ""cfo"", ""equity"", ""gross_profit"", ""last_close"", ""last_price_date"", ""net_income"", ""revenue"", ""total_assets"", ""total_liabilities""]","[""Primary market data missing or incomplete.""]",Primary market data missing or incomplete.,,,23510.0,,23510.0,,,,PARTIAL_PROVISIONAL_DATA,provisional_structured,,,,,,,,,
LCW,Công ty Cổ phần Nước sạch Lai Châu,BLOCKED_INSUFFICIENT_MARKET_DATA,REJECTED,True,False,PROVISIONAL_PRIMARY_ONLY,PROVISIONAL_LOW,NOT_AVAILABLE,NEEDS_MANUAL_BCTC_REVIEW,"[""capex"", ""cfo"", ""equity"", ""gross_profit"", ""last_price_date"", ""net_income"", ""revenue"", ""total_assets"", ""total_liabilities""]","[""Primary market data missing or incomplete.""]",Primary market data missing or incomplete.,,5.7,1070.0,,1070.0,6099.0,,,PARTIAL_PROVISIONAL_DATA,provisional_structured,,,,,,,,,
LDG,Công ty Cổ phần Đầu tư LDG,BLOCKED_INSUFFICIENT_MARKET_DATA,REJECTED,True,False,PROVISIONAL_PRIMARY_ONLY,PROVISIONAL_LOW,NOT_AVAILABLE,NEEDS_MANUAL_BCTC_REVIEW,"[""capex"", ""cfo"", ""equity"", ""gross_profit"", ""last_close"", ""last_price_date"", ""net_income"", ""revenue"", ""total_assets"", ""total_liabilities""]","[""Primary market data missing or incomplete.""]",Primary market data missing or incomplete.,,,599110.0,,599110.0,,,,PARTIAL_PROVISIONAL_DATA,provisional_structured,,,,,,,,,
LDP,Công ty Cổ phần Dược Lâm Đồng - Ladophar,BLOCKED_INSUFFICIENT_MARKET_DATA,REJECTED,True,False,PROVISIONAL_PRIMARY_ONLY,PROVISIONAL_LOW,NOT_AVAILABLE,NEEDS_MANUAL_BCTC_REVIEW,"[""capex"", ""cfo"", ""equity"", ""gross_profit"", ""last_close"", ""last_price_date"", ""net_income"", ""revenue"", ""total_assets"", ""total_liabilities""]","[""Primary market data missing or incomplete.""]",Primary market data missing or incomplete.,,,116670.0,,116670.0,,,,PARTIAL_PROVISIONAL_DATA,provisional_structured,,,,,,,,,
LDW,Công ty Cổ phần Cấp thoát nước Lâm Đồng,BLOCKED_INSUFFICIENT_MARKET_DATA,REJECTED,True,False,PROVISIONAL_PRIMARY_ONLY,PROVISIONAL_LOW,NOT_AVAILABLE,NEEDS_MANUAL_BCTC_REVIEW,"[""avg_volume_20d"", ""capex"", ""cfo"", ""equity"", ""gross_profit"", ""last_close"", ""last_price_date"", ""net_income"", ""revenue"", ""total_assets"", ""total_liabilities""]","[""Primary market data missing or incomplete.""]",Primary market data missing or incomplete.,,,,,,,,,INSUFFICIENT_DATA,provisional_structured,,,,,,,,,
LEC,Công ty Cổ phần Bất động sản Điện lực Miền Trung,BLOCKED_INSUFFICIENT_MARKET_DATA,REJECTED,True,False,PROVISIONAL_PRIMARY_ONLY,PROVISIONAL_LOW,NOT_AVAILABLE,NEEDS_MANUAL_BCTC_REVIEW,"[""avg_volume_20d"", ""capex"", ""cfo"", ""equity"", ""gross_profit"", ""last_close"", ""last_price_date"", ""net_income"", ""revenue"", ""total_assets"", ""total_liabilities""]","[""Primary market data missing or incomplete.""]",Primary market data missing or incomplete.,,,,,,,,,INSUFFICIENT_DATA,provisional_structured,,,,,,,,,
LG9,Công ty Cổ phần Cơ giới và Xây lắp số 9,BLOCKED_INSUFFICIENT_MARKET_DATA,REJECTED,True,False,PROVISIONAL_PRIMARY_ONLY,PROVISIONAL_LOW,NOT_AVAILABLE,NEEDS_MANUAL_BCTC_REVIEW,"[""capex"", ""cfo"", ""equity"", ""gross_profit"", ""last_close"", ""last_price_date"", ""net_income"", ""revenue"", ""total_assets"", ""total_liabilities""]","[""Primary market data missing or incomplete.""]",Primary market data missing or incomplete.,,,80.0,,80.0,,,,PARTIAL_PROVISIONAL_DATA,provisional_structured,,,,,,,,,
LGC,Công ty Cổ phần Đầu tư Cầu đường CII,BLOCKED_INSUFFICIENT_MARKET_DATA,REJECTED,True,False,PROVISIONAL_PRIMARY_ONLY,PROVISIONAL_LOW,NOT_AVAILABLE,NEEDS_MANUAL_BCTC_REVIEW,"[""avg_volume_20d"", ""capex"", ""cfo"", ""equity"", ""gross_profit"", ""last_close"", ""last_price_date"", ""net_income"", ""revenue"", ""total_assets"", ""total_liabilities""]","[""Primary market data missing or incomplete.""]",Primary market data missing or incomplete.,,,,,,,,,INSUFFICIENT_DATA,provisional_structured,,,,,,,,,
LGL,Công ty Cổ phần Đầu tư và Phát triển Đô thị Long Giang,BLOCKED_INSUFFICIENT_MARKET_DATA,REJECTED,True,False,PROVISIONAL_PRIMARY_ONLY,PROVISIONAL_LOW,NOT_AVAILABLE,NEEDS_MANUAL_BCTC_REVIEW,"[""capex"", ""cfo"", ""equity"", ""gross_profit"", ""last_close"", ""last_price_date"", ""net_income"", ""revenue"", ""total_assets"", ""total_liabilities""]","[""Primary market data missing or incomplete.""]",Primary market data missing or incomplete.,,,91860.0,,91860.0,,,,PARTIAL_PROVISIONAL_DATA,provisional_structured,,,,,,,,,
LGM,Công ty Cổ phần Giày da và May mặc Xuất khẩu (Legamex),BLOCKED_INSUFFICIENT_MARKET_DATA,REJECTED,True,False,PROVISIONAL_PRIMARY_ONLY,PROVISIONAL_LOW,NOT_AVAILABLE,NEEDS_MANUAL_BCTC_REVIEW,"[""avg_volume_20d"", ""capex"", ""cfo"", ""equity"", ""gross_profit"", ""last_close"", ""last_price_date"", ""net_income"", ""revenue"", ""total_assets"", ""total_liabilities""]","[""Primary market data missing or incomplete.""]",Primary market data missing or incomplete.,,,,,,,,,INSUFFICIENT_DATA,provisional_structured,,,,,,,,,
LHC,Công ty Cổ phần Đầu tư và Xây dựng Thủy lợi Lâm Đồng,BLOCKED_INSUFFICIENT_MARKET_DATA,REJECTED,True,False,PROVISIONAL_PRIMARY_ONLY,PROVISIONAL_LOW,NOT_AVAILABLE,NEEDS_MANUAL_BCTC_REVIEW,"[""capex"", ""cfo"", ""equity"", ""gross_profit"", ""last_close"", ""last_price_date"", ""net_income"", ""revenue"", ""total_assets"", ""total_liabilities""]","[""Primary market data missing or incomplete.""]",Primary market data missing or incomplete.,,,101220.0,,101220.0,,,,PARTIAL_PROVISIONAL_DATA,provisional_structured,,,,,,,,,
LHG,Công ty Cổ phần Long Hậu,BLOCKED_INSUFFICIENT_MARKET_DATA,REJECTED,True,False,PROVISIONAL_PRIMARY_ONLY,PROVISIONAL_LOW,NOT_AVAILABLE,NEEDS_MANUAL_BCTC_REVIEW,"[""capex"", ""cfo"", ""equity"", ""gross_profit"", ""last_close"", ""last_price_date"", ""net_income"", ""revenue"", ""total_assets"", ""total_liabilities""]","[""Primary market data missing or incomplete.""]",Primary market data missing or incomplete.,,,87770.0,,87770.0,,,,PARTIAL_PROVISIONAL_DATA,provisional_structured,,,,,,,,,
LIC,Tổng Công ty LICOGI - Công ty Cổ phần,BLOCKED_INSUFFICIENT_MARKET_DATA,REJECTED,True,False,PROVISIONAL_PRIMARY_ONLY,PROVISIONAL_LOW,NOT_AVAILABLE,NEEDS_MANUAL_BCTC_REVIEW,"[""capex"", ""cfo"", ""equity"", ""gross_profit"", ""last_close"", ""last_price_date"", ""net_income"", ""revenue"", ""total_assets"", ""total_liabilities""]","[""Primary market data missing or incomplete.""]",Primary market data missing or incomplete.,,,3240.0,,3240.0,,,,PARTIAL_PROVISIONAL_DATA,provisional_structured,,,,,,,,,
LIG,Công ty Cổ phần Licogi 13,BLOCKED_INSUFFICIENT_MARKET_DATA,REJECTED,True,False,PROVISIONAL_PRIMARY_ONLY,PROVISIONAL_LOW,NOT_AVAILABLE,NEEDS_MANUAL_BCTC_REVIEW,"[""capex"", ""cfo"", ""equity"", ""gross_profit"", ""last_close"", ""last_price_date"", ""net_income"", ""revenue"", ""total_assets"", ""total_liabilities""]","[""Primary market data missing or incomplete.""]",Primary market data missing or incomplete.,,,494420.0,,494420.0,,,,PARTIAL_PROVISIONAL_DATA,provisional_structured,,,,,,,,,
LIX,Công ty Cổ phần Bột Giặt LIX,BLOCKED_INSUFFICIENT_MARKET_DATA,REJECTED,True,False,PROVISIONAL_PRIMARY_ONLY,PROVISIONAL_LOW,NOT_AVAILABLE,NEEDS_MANUAL_BCTC_REVIEW,"[""capex"", ""cfo"", ""equity"", ""gross_profit"", ""last_close"", ""last_price_date"", ""net_income"", ""revenue"", ""total_assets"", ""total_liabilities""]","[""Primary market data missing or incomplete.""]",Primary market data missing or incomplete.,,,14900.0,,14900.0,,,,PARTIAL_PROVISIONAL_DATA,provisional_structured,,,,,,,,,
LKW,Công ty Cổ phần Cấp nước Long Khánh,BLOCKED_INSUFFICIENT_MARKET_DATA,REJECTED,True,False,PROVISIONAL_PRIMARY_ONLY,PROVISIONAL_LOW,NOT_AVAILABLE,NEEDS_MANUAL_BCTC_REVIEW,"[""capex"", ""cfo"", ""equity"", ""gross_profit"", ""last_close"", ""last_price_date"", ""net_income"", ""revenue"", ""total_assets"", ""total_liabilities""]","[""Primary market data missing or incomplete.""]",Primary market data missing or incomplete.,,,720.0,,720.0,,,,PARTIAL_PROVISIONAL_DATA,provisional_structured,,,,,,,,,
LLM,Tổng Công ty lắp máy Việt Nam - Công ty Cổ phần,BLOCKED_INSUFFICIENT_MARKET_DATA,REJECTED,True,False,PROVISIONAL_PRIMARY_ONLY,PROVISIONAL_LOW,NOT_AVAILABLE,NEEDS_MANUAL_BCTC_REVIEW,"[""capex"", ""cfo"", ""equity"", ""gross_profit"", ""last_close"", ""last_price_date"", ""net_income"", ""revenue"", ""total_assets"", ""total_liabilities""]","[""Primary market data missing or incomplete.""]",Primary market data missing or incomplete.,,,4930.0,,4930.0,,,,PARTIAL_PROVISIONAL_DATA,provisional_structured,,,,,,,,,
LM3,Công ty Cổ phần Lilama 3,BLOCKED_INSUFFICIENT_MARKET_DATA,REJECTED,True,False,PROVISIONAL_PRIMARY_ONLY,PROVISIONAL_LOW,NOT_AVAILABLE,NEEDS_MANUAL_BCTC_REVIEW,"[""avg_volume_20d"", ""capex"", ""cfo"", ""equity"", ""gross_profit"", ""last_close"", ""last_price_date"", ""net_income"", ""revenue"", ""total_assets"", ""total_liabilities""]","[""Primary market data missing or incomplete.""]",Primary market data missing or incomplete.,,,,,,,,,INSUFFICIENT_DATA,provisional_structured,,,,,,,,,
LM7,Công ty Cổ phần Lilama 7,BLOCKED_INSUFFICIENT_MARKET_DATA,REJECTED,True,False,PROVISIONAL_PRIMARY_ONLY,PROVISIONAL_LOW,NOT_AVAILABLE,NEEDS_MANUAL_BCTC_REVIEW,"[""capex"", ""cfo"", ""equity"", ""gross_profit"", ""last_close"", ""last_price_date"", ""net_income"", ""revenue"", ""total_assets"", ""total_liabilities""]","[""Primary market data missing or incomplete.""]",Primary market data missing or incomplete.,,,320.0,,320.0,,,,PARTIAL_PROVISIONAL_DATA,provisional_structured,,,,,,,,,
LM8,Công ty Cổ phần Lilama 18,BLOCKED_INSUFFICIENT_MARKET_DATA,REJECTED,True,False,PROVISIONAL_PRIMARY_ONLY,PROVISIONAL_LOW,NOT_AVAILABLE,NEEDS_MANUAL_BCTC_REVIEW,"[""capex"", ""cfo"", ""equity"", ""gross_profit"", ""last_close"", ""last_price_date"", ""net_income"", ""revenue"", ""total_assets"", ""total_liabilities""]","[""Primary market data missing or incomplete.""]",Primary market data missing or incomplete.,,,370.0,,370.0,,,,PARTIAL_PROVISIONAL_DATA,provisional_structured,,,,,,,,,
LMC,Công ty Cổ phần Long Beach LMC,BLOCKED_INSUFFICIENT_MARKET_DATA,REJECTED,True,False,PROVISIONAL_PRIMARY_ONLY,PROVISIONAL_LOW,NOT_AVAILABLE,NEEDS_MANUAL_BCTC_REVIEW,"[""capex"", ""cfo"", ""equity"", ""gross_profit"", ""last_close"", ""last_price_date"", ""net_income"", ""revenue"", ""total_assets"", ""total_liabilities""]","[""Primary market data missing or incomplete.""]",Primary market data missing or incomplete.,,,115.0,,115.0,,,,PARTIAL_PROVISIONAL_DATA,provisional_structured,,,,,,,,,
LMH,Công ty Cổ phần Quốc Tế Holding,BLOCKED_INSUFFICIENT_MARKET_DATA,REJECTED,True,False,PROVISIONAL_PRIMARY_ONLY,PROVISIONAL_LOW,NOT_AVAILABLE,NEEDS_MANUAL_BCTC_REVIEW,"[""capex"", ""cfo"", ""equity"", ""gross_profit"", ""last_close"", ""last_price_date"", ""net_income"", ""revenue"", ""total_assets"", ""total_liabilities""]","[""Primary market data missing or incomplete.""]",Primary market data missing or incomplete.,,,15680.0,,15680.0,,,,PARTIAL_PROVISIONAL_DATA,provisional_structured,,,,,,,,,
LMI,Công ty Cổ phần Đầu tư Xây dựng Lắp máy IDICO,BLOCKED_INSUFFICIENT_MARKET_DATA,REJECTED,True,False,PROVISIONAL_PRIMARY_ONLY,PROVISIONAL_LOW,NOT_AVAILABLE,NEEDS_MANUAL_BCTC_REVIEW,"[""avg_volume_20d"", ""capex"", ""cfo"", ""equity"", ""gross_profit"", ""last_close"", ""last_price_date"", ""net_income"", ""revenue"", ""total_assets"", ""total_liabilities""]","[""Primary market data missing or incomplete.""]",Primary market data missing or incomplete.,,,,,,,,,INSUFFICIENT_DATA,provisional_structured,,,,,,,,,
LNC,Công ty Cổ phần Lệ Ninh,BLOCKED_INSUFFICIENT_MARKET_DATA,REJECTED,True,False,PROVISIONAL_PRIMARY_ONLY,PROVISIONAL_LOW,NOT_AVAILABLE,NEEDS_MANUAL_BCTC_REVIEW,"[""avg_volume_20d"", ""capex"", ""cfo"", ""equity"", ""gross_profit"", ""last_close"", ""last_price_date"", ""net_income"", ""revenue"", ""total_assets"", ""total_liabilities""]","[""Primary market data missing or incomplete.""]",Primary market data missing or incomplete.,,,,,,,,,INSUFFICIENT_DATA,provisional_structured,,,,,,,,,
LO5,Công ty Cổ phần Lilama 5,BLOCKED_INSUFFICIENT_MARKET_DATA,REJECTED,True,False,PROVISIONAL_PRIMARY_ONLY,PROVISIONAL_LOW,NOT_AVAILABLE,NEEDS_MANUAL_BCTC_REVIEW,"[""capex"", ""cfo"", ""equity"", ""gross_profit"", ""last_close"", ""last_price_date"", ""net_income"", ""revenue"", ""total_assets"", ""total_liabilities""]","[""Primary market data missing or incomplete.""]",Primary market data missing or incomplete.,,,1280.0,,1280.0,,,,PARTIAL_PROVISIONAL_DATA,provisional_structured,,,,,,,,,
LPB,Ngân hàng Thương mại Cổ phần Lộc Phát Việt Nam,BLOCKED_INSUFFICIENT_MARKET_DATA,REJECTED,True,False,PROVISIONAL_PRIMARY_ONLY,PROVISIONAL_LOW,NOT_AVAILABLE,NEEDS_MANUAL_BCTC_REVIEW,"[""capex"", ""cfo"", ""equity"", ""gross_profit"", ""last_close"", ""last_price_date"", ""net_income"", ""revenue"", ""total_assets"", ""total_liabilities""]","[""Primary market data missing or incomplete.""]",Primary market data missing or incomplete.,,,1206310.0,,1206310.0,,,,PARTIAL_PROVISIONAL_DATA,provisional_structured,,,,,,,,,
LPT,Công ty Cổ phần Thương mại và Sản xuất Lập Phương Thành,BLOCKED_INSUFFICIENT_MARKET_DATA,REJECTED,True,False,PROVISIONAL_PRIMARY_ONLY,PROVISIONAL_LOW,NOT_AVAILABLE,NEEDS_MANUAL_BCTC_REVIEW,"[""capex"", ""cfo"", ""equity"", ""gross_profit"", ""last_close"", ""last_price_date"", ""net_income"", ""revenue"", ""total_assets"", ""total_liabilities""]","[""Primary market data missing or incomplete.""]",Primary market data missing or incomplete.,,,6490.0,,6490.0,,,,PARTIAL_PROVISIONAL_DATA,provisional_structured,,,,,,,,,
LQN,Công ty Cổ phần Licogi Quảng Ngãi,BLOCKED_INSUFFICIENT_MARKET_DATA,REJECTED,True,False,PROVISIONAL_PRIMARY_ONLY,PROVISIONAL_LOW,NOT_AVAILABLE,NEEDS_MANUAL_BCTC_REVIEW,"[""avg_volume_20d"", ""capex"", ""cfo"", ""equity"", ""gross_profit"", ""last_close"", ""last_price_date"", ""net_income"", ""revenue"", ""total_assets"", ""total_liabilities""]","[""Primary market data missing or incomplete.""]",Primary market data missing or incomplete.,,,,,,,,,INSUFFICIENT_DATA,provisional_structured,,,,,,,,,
LSG,Công ty Cổ phần Bất động sản Sài Gòn Vi na,BLOCKED_INSUFFICIENT_MARKET_DATA,REJECTED,True,False,PROVISIONAL_PRIMARY_ONLY,PROVISIONAL_LOW,NOT_AVAILABLE,NEEDS_MANUAL_BCTC_REVIEW,"[""capex"", ""cfo"", ""equity"", ""gross_profit"", ""last_close"", ""last_price_date"", ""net_income"", ""revenue"", ""total_assets"", ""total_liabilities""]","[""Primary market data missing or incomplete.""]",Primary market data missing or incomplete.,,,2291.0,,2291.0,,,,PARTIAL_PROVISIONAL_DATA,provisional_structured,,,,,,,,,
LSS,Công ty Cổ phần Mía đường Lam Sơn,BLOCKED_INSUFFICIENT_MARKET_DATA,REJECTED,True,False,PROVISIONAL_PRIMARY_ONLY,PROVISIONAL_LOW,NOT_AVAILABLE,NEEDS_MANUAL_BCTC_REVIEW,"[""capex"", ""cfo"", ""equity"", ""gross_profit"", ""last_close"", ""last_price_date"", ""net_income"", ""revenue"", ""total_assets"", ""total_liabilities""]","[""Primary market data missing or incomplete.""]",Primary market data missing or incomplete.,,,66560.0,,66560.0,,,,PARTIAL_PROVISIONAL_DATA,provisional_structured,,,,,,,,,
LTC,Công ty Cổ phần Điện nhẹ Viễn Thông,BLOCKED_INSUFFICIENT_MARKET_DATA,REJECTED,True,False,PROVISIONAL_PRIMARY_ONLY,PROVISIONAL_LOW,NOT_AVAILABLE,NEEDS_MANUAL_BCTC_REVIEW,"[""capex"", ""cfo"", ""equity"", ""gross_profit"", ""last_close"", ""last_price_date"", ""net_income"", ""revenue"", ""total_assets"", ""total_liabilities""]","[""Primary market data missing or incomplete.""]",Primary market data missing or incomplete.,,,340.0,,340.0,,,,PARTIAL_PROVISIONAL_DATA,provisional_structured,,,,,,,,,
LTG,Công ty Cổ phần Tập đoàn Lộc Trời,BLOCKED_INSUFFICIENT_MARKET_DATA,REJECTED,True,False,PROVISIONAL_PRIMARY_ONLY,PROVISIONAL_LOW,NOT_AVAILABLE,NEEDS_MANUAL_BCTC_REVIEW,"[""capex"", ""cfo"", ""equity"", ""gross_profit"", ""last_close"", ""last_price_date"", ""net_income"", ""revenue"", ""total_assets"", ""total_liabilities""]","[""Primary market data missing or incomplete.""]",Primary market data missing or incomplete.,,,49520.0,,49520.0,,,,PARTIAL_PROVISIONAL_DATA,provisional_structured,,,,,,,,,
LUT,Công ty Cổ phần Đầu tư Xây dựng Lương Tài,BLOCKED_INSUFFICIENT_MARKET_DATA,REJECTED,True,False,PROVISIONAL_PRIMARY_ONLY,PROVISIONAL_LOW,NOT_AVAILABLE,NEEDS_MANUAL_BCTC_REVIEW,"[""capex"", ""cfo"", ""equity"", ""gross_profit"", ""last_close"", ""last_price_date"", ""net_income"", ""revenue"", ""total_assets"", ""total_liabilities""]","[""Primary market data missing or incomplete.""]",Primary market data missing or incomplete.,,,1090.0,,1090.0,,,,PARTIAL_PROVISIONAL_DATA,provisional_structured,,,,,,,,,
LWS,Công ty Cổ phần Cấp nước Tỉnh Lào Cai,BLOCKED_INSUFFICIENT_MARKET_DATA,REJECTED,True,False,PROVISIONAL_PRIMARY_ONLY,PROVISIONAL_LOW,NOT_AVAILABLE,NEEDS_MANUAL_BCTC_REVIEW,"[""capex"", ""cfo"", ""equity"", ""gross_profit"", ""last_close"", ""last_price_date"", ""net_income"", ""revenue"", ""total_assets"", ""total_liabilities""]","[""Primary market data missing or incomplete.""]",Primary market data missing or incomplete.,,,720.0,,720.0,,,,PARTIAL_PROVISIONAL_DATA,provisional_structured,,,,,,,,,
LYF,Công ty Cổ phần Lương Thực Lương Yên,BLOCKED_INSUFFICIENT_MARKET_DATA,REJECTED,True,False,PROVISIONAL_PRIMARY_ONLY,PROVISIONAL_LOW,NOT_AVAILABLE,NEEDS_MANUAL_BCTC_REVIEW,"[""avg_volume_20d"", ""capex"", ""cfo"", ""equity"", ""gross_profit"", ""last_close"", ""last_price_date"", ""net_income"", ""revenue"", ""total_assets"", ""total_liabilities""]","[""Primary market data missing or incomplete.""]",Primary market data missing or incomplete.,,,,,,,,,INSUFFICIENT_DATA,provisional_structured,,,,,,,,,
M10,Tổng công ty May 10 - Công ty Cổ phần,BLOCKED_INSUFFICIENT_MARKET_DATA,REJECTED,True,False,PROVISIONAL_PRIMARY_ONLY,PROVISIONAL_LOW,NOT_AVAILABLE,NEEDS_MANUAL_BCTC_REVIEW,"[""capex"", ""cfo"", ""equity"", ""gross_profit"", ""last_close"", ""last_price_date"", ""net_income"", ""revenue"", ""total_assets"", ""total_liabilities""]","[""Primary market data missing or incomplete.""]",Primary market data missing or incomplete.,,,1430.0,,1430.0,,,,PARTIAL_PROVISIONAL_DATA,provisional_structured,,,,,,,,,
MA1,Công ty Cổ phần Thiết bị,BLOCKED_INSUFFICIENT_MARKET_DATA,REJECTED,True,False,PROVISIONAL_PRIMARY_ONLY,PROVISIONAL_LOW,NOT_AVAILABLE,NEEDS_MANUAL_BCTC_REVIEW,"[""capex"", ""cfo"", ""equity"", ""gross_profit"", ""last_close"", ""last_price_date"", ""net_income"", ""revenue"", ""total_assets"", ""total_liabilities""]","[""Primary market data missing or incomplete.""]",Primary market data missing or incomplete.,,,1110.0,,1110.0,,,,PARTIAL_PROVISIONAL_DATA,provisional_structured,,,,,,,,,
MAC,Công ty Cổ phần Tập đoàn Macstar,BLOCKED_INSUFFICIENT_MARKET_DATA,REJECTED,True,False,PROVISIONAL_PRIMARY_ONLY,PROVISIONAL_LOW,NOT_AVAILABLE,NEEDS_MANUAL_BCTC_REVIEW,"[""capex"", ""cfo"", ""equity"", ""gross_profit"", ""last_close"", ""last_price_date"", ""net_income"", ""revenue"", ""total_assets"", ""total_liabilities""]","[""Primary market data missing or incomplete.""]",Primary market data missing or incomplete.,,,1140.0,,1140.0,,,,PARTIAL_PROVISIONAL_DATA,provisional_structured,,,,,,,,,
MAS,Công ty cổ phần Dịch vụ Hàng Không Sân Bay Đà Nẵng,BLOCKED_INSUFFICIENT_MARKET_DATA,REJECTED,True,False,PROVISIONAL_PRIMARY_ONLY,PROVISIONAL_LOW,NOT_AVAILABLE,NEEDS_MANUAL_BCTC_REVIEW,"[""capex"", ""cfo"", ""equity"", ""gross_profit"", ""last_close"", ""last_price_date"", ""net_income"", ""revenue"", ""total_assets"", ""total_liabilities""]","[""Primary market data missing or incomplete.""]",Primary market data missing or incomplete.,,,20.0,,20.0,,,,PARTIAL_PROVISIONAL_DATA,provisional_structured,,,,,,,,,
MBB,Ngân hàng Thương mại Cổ phần Quân đội,BLOCKED_INSUFFICIENT_MARKET_DATA,REJECTED,True,False,PROVISIONAL_PRIMARY_ONLY,PROVISIONAL_LOW,NOT_AVAILABLE,NEEDS_MANUAL_BCTC_REVIEW,"[""capex"", ""cfo"", ""equity"", ""gross_profit"", ""last_close"", ""last_price_date"", ""net_income"", ""revenue"", ""total_assets"", ""total_liabilities""]","[""Primary market data missing or incomplete.""]",Primary market data missing or incomplete.,,,19885310.0,,19885310.0,,,,PARTIAL_PROVISIONAL_DATA,provisional_structured,,,,,,,,,
MBG,Công ty Cổ phần Tập đoàn MBG,BLOCKED_INSUFFICIENT_MARKET_DATA,REJECTED,True,False,PROVISIONAL_PRIMARY_ONLY,PROVISIONAL_LOW,NOT_AVAILABLE,NEEDS_MANUAL_BCTC_REVIEW,"[""capex"", ""cfo"", ""equity"", ""gross_profit"", ""last_close"", ""last_price_date"", ""net_income"", ""revenue"", ""total_assets"", ""total_liabilities""]","[""Primary market data missing or incomplete.""]",Primary market data missing or incomplete.,,,207350.0,,207350.0,,,,PARTIAL_PROVISIONAL_DATA,provisional_structured,,,,,,,,,
MBN,Công ty Cổ phần Môi trường và Công trình đô thị Bắc Ninh,BLOCKED_INSUFFICIENT_MARKET_DATA,REJECTED,True,False,PROVISIONAL_PRIMARY_ONLY,PROVISIONAL_LOW,NOT_AVAILABLE,NEEDS_MANUAL_BCTC_REVIEW,"[""avg_volume_20d"", ""capex"", ""cfo"", ""equity"", ""gross_profit"", ""last_close"", ""last_price_date"", ""net_income"", ""revenue"", ""total_assets"", ""total_liabilities""]","[""Primary market data missing or incomplete.""]",Primary market data missing or incomplete.,,,,,,,,,INSUFFICIENT_DATA,provisional_structured,,,,,,,,,
MBS,Công ty Cổ phần Chứng khoán MB,BLOCKED_INSUFFICIENT_MARKET_DATA,REJECTED,True,False,PROVISIONAL_PRIMARY_ONLY,PROVISIONAL_LOW,NOT_AVAILABLE,NEEDS_MANUAL_BCTC_REVIEW,"[""capex"", ""cfo"", ""equity"", ""gross_profit"", ""last_close"", ""last_price_date"", ""net_income"", ""revenue"", ""total_assets"", ""total_liabilities""]","[""Primary market data missing or incomplete.""]",Primary market data missing or incomplete.,,,4033570.0,,4033570.0,,,,PARTIAL_PROVISIONAL_DATA,provisional_structured,,,,,,,,,
MBT,Công ty Cổ phần Bất động sản cho thuê Minh Bảo Tín,BLOCKED_INSUFFICIENT_MARKET_DATA,REJECTED,True,False,PROVISIONAL_PRIMARY_ONLY,PROVISIONAL_LOW,NOT_AVAILABLE,NEEDS_MANUAL_BCTC_REVIEW,"[""avg_volume_20d"", ""capex"", ""cfo"", ""equity"", ""gross_profit"", ""last_close"", ""last_price_date"", ""net_income"", ""revenue"", ""total_assets"", ""total_liabilities""]","[""Primary market data missing or incomplete.""]",Primary market data missing or incomplete.,,,,,,,,,INSUFFICIENT_DATA,provisional_structured,,,,,,,,,
MC3,Công ty Cổ phần Khoáng Sản 3 - Vimico,BLOCKED_INSUFFICIENT_MARKET_DATA,REJECTED,True,False,PROVISIONAL_PRIMARY_ONLY,PROVISIONAL_LOW,NOT_AVAILABLE,NEEDS_MANUAL_BCTC_REVIEW,"[""avg_volume_20d"", ""capex"", ""cfo"", ""equity"", ""gross_profit"", ""last_close"", ""last_price_date"", ""net_income"", ""revenue"", ""total_assets"", ""total_liabilities""]","[""Primary market data missing or incomplete.""]",Primary market data missing or incomplete.,,,,,,,,,INSUFFICIENT_DATA,provisional_structured,,,,,,,,,
MCC,Công ty Cổ phần Gạch ngói cao cấp,BLOCKED_INSUFFICIENT_MARKET_DATA,REJECTED,True,False,PROVISIONAL_PRIMARY_ONLY,PROVISIONAL_LOW,NOT_AVAILABLE,NEEDS_MANUAL_BCTC_REVIEW,"[""avg_volume_20d"", ""capex"", ""cfo"", ""equity"", ""gross_profit"", ""last_close"", ""last_price_date"", ""net_income"", ""revenue"", ""total_assets"", ""total_liabilities""]","[""Primary market data missing or incomplete.""]",Primary market data missing or incomplete.,,,,,,,,,INSUFFICIENT_DATA,provisional_structured,,,,,,,,,
MCD,Công ty Cổ phần Môi trường và Công trình Đô thị Đông Hà,BLOCKED_INSUFFICIENT_MARKET_DATA,REJECTED,True,False,PROVISIONAL_PRIMARY_ONLY,PROVISIONAL_LOW,NOT_AVAILABLE,NEEDS_MANUAL_BCTC_REVIEW,"[""avg_volume_20d"", ""capex"", ""cfo"", ""equity"", ""gross_profit"", ""last_close"", ""last_price_date"", ""net_income"", ""revenue"", ""total_assets"", ""total_liabilities""]","[""Primary market data missing or incomplete.""]",Primary market data missing or incomplete.,,,,,,,,,INSUFFICIENT_DATA,provisional_structured,,,,,,,,,
MCF,Công ty Cổ phần Xây lắp Cơ khí và Lương thực Thực phẩm,BLOCKED_INSUFFICIENT_MARKET_DATA,REJECTED,True,False,PROVISIONAL_PRIMARY_ONLY,PROVISIONAL_LOW,NOT_AVAILABLE,NEEDS_MANUAL_BCTC_REVIEW,"[""capex"", ""cfo"", ""equity"", ""gross_profit"", ""last_close"", ""last_price_date"", ""net_income"", ""revenue"", ""total_assets"", ""total_liabilities""]","[""Primary market data missing or incomplete.""]",Primary market data missing or incomplete.,,,15600.0,,15600.0,,,,PARTIAL_PROVISIONAL_DATA,provisional_structured,,,,,,,,,
MCG,Công ty Cổ phần Năng lượng và Bất động sản MCG,BLOCKED_INSUFFICIENT_MARKET_DATA,REJECTED,True,False,PROVISIONAL_PRIMARY_ONLY,PROVISIONAL_LOW,NOT_AVAILABLE,NEEDS_MANUAL_BCTC_REVIEW,"[""capex"", ""cfo"", ""equity"", ""gross_profit"", ""last_close"", ""last_price_date"", ""net_income"", ""revenue"", ""total_assets"", ""total_liabilities""]","[""Primary market data missing or incomplete.""]",Primary market data missing or incomplete.,,,15160.0,,15160.0,,,,PARTIAL_PROVISIONAL_DATA,provisional_structured,,,,,,,,,
MCH,Công ty Cổ phần Hàng Tiêu Dùng MaSan,BLOCKED_INSUFFICIENT_MARKET_DATA,REJECTED,True,False,PROVISIONAL_PRIMARY_ONLY,PROVISIONAL_LOW,NOT_AVAILABLE,NEEDS_MANUAL_BCTC_REVIEW,"[""capex"", ""cfo"", ""equity"", ""gross_profit"", ""last_close"", ""last_price_date"", ""net_income"", ""revenue"", ""total_assets"", ""total_liabilities""]","[""Primary market data missing or incomplete.""]",Primary market data missing or incomplete.,,,339620.0,,339620.0,,,,PARTIAL_PROVISIONAL_DATA,provisional_structured,,,,,,,,,
MCI,Công ty Cổ phần Đầu tư Xây dựng và Phát triển Vật liệu IDICO,BLOCKED_INSUFFICIENT_MARKET_DATA,REJECTED,True,False,PROVISIONAL_PRIMARY_ONLY,PROVISIONAL_LOW,NOT_AVAILABLE,NEEDS_MANUAL_BCTC_REVIEW,"[""capex"", ""cfo"", ""equity"", ""gross_profit"", ""last_close"", ""last_price_date"", ""net_income"", ""revenue"", ""total_assets"", ""total_liabilities""]","[""Primary market data missing or incomplete.""]",Primary market data missing or incomplete.,,,721.0,,721.0,,,,PARTIAL_PROVISIONAL_DATA,provisional_structured,,,,,,,,,
MCM,Công ty Cổ phần Giống bò sữa Mộc Châu,BLOCKED_INSUFFICIENT_MARKET_DATA,REJECTED,True,False,PROVISIONAL_PRIMARY_ONLY,PROVISIONAL_LOW,NOT_AVAILABLE,NEEDS_MANUAL_BCTC_REVIEW,"[""capex"", ""cfo"", ""equity"", ""gross_profit"", ""last_close"", ""last_price_date"", ""net_income"", ""revenue"", ""total_assets"", ""total_liabilities""]","[""Primary market data missing or incomplete.""]",Primary market data missing or incomplete.,,,28560.0,,28560.0,,,,PARTIAL_PROVISIONAL_DATA,provisional_structured,,,,,,,,,
MCO,Công ty Cổ phần Đầu tư và Xây dựng BDC Việt Nam,BLOCKED_INSUFFICIENT_MARKET_DATA,REJECTED,True,False,PROVISIONAL_PRIMARY_ONLY,PROVISIONAL_LOW,NOT_AVAILABLE,NEEDS_MANUAL_BCTC_REVIEW,"[""capex"", ""cfo"", ""equity"", ""gross_profit"", ""last_close"", ""last_price_date"", ""net_income"", ""revenue"", ""total_assets"", ""total_liabilities""]","[""Primary market data missing or incomplete.""]",Primary market data missing or incomplete.,,,4760.0,,4760.0,,,,PARTIAL_PROVISIONAL_DATA,provisional_structured,,,,,,,,,
MCP,Công ty Cổ phần In và Bao bì Mỹ Châu,BLOCKED_INSUFFICIENT_MARKET_DATA,REJECTED,True,False,PROVISIONAL_PRIMARY_ONLY,PROVISIONAL_LOW,NOT_AVAILABLE,NEEDS_MANUAL_BCTC_REVIEW,"[""capex"", ""cfo"", ""equity"", ""gross_profit"", ""last_price_date"", ""net_income"", ""revenue"", ""total_assets"", ""total_liabilities""]","[""Primary market data missing or incomplete.""]",Primary market data missing or incomplete.,,27.55,16790.0,,16790.0,462564.5,,,PARTIAL_PROVISIONAL_DATA,provisional_structured,,,,,,,,,
MDA,Công ty Cổ phần Môi trường Đô thị Đông Anh,BLOCKED_INSUFFICIENT_MARKET_DATA,REJECTED,True,False,PROVISIONAL_PRIMARY_ONLY,PROVISIONAL_LOW,NOT_AVAILABLE,NEEDS_MANUAL_BCTC_REVIEW,"[""avg_volume_20d"", ""capex"", ""cfo"", ""equity"", ""gross_profit"", ""last_close"", ""last_price_date"", ""net_income"", ""revenue"", ""total_assets"", ""total_liabilities""]","[""Primary market data missing or incomplete.""]",Primary market data missing or incomplete.,,,,,,,,,INSUFFICIENT_DATA,provisional_structured,,,,,,,,,
MDC,Công ty Cổ phần Than Mông Dương - Vinacomin,BLOCKED_INSUFFICIENT_MARKET_DATA,REJECTED,True,False,PROVISIONAL_PRIMARY_ONLY,PROVISIONAL_LOW,NOT_AVAILABLE,NEEDS_MANUAL_BCTC_REVIEW,"[""capex"", ""cfo"", ""equity"", ""gross_profit"", ""last_close"", ""last_price_date"", ""net_income"", ""revenue"", ""total_assets"", ""total_liabilities""]","[""Primary market data missing or incomplete.""]",Primary market data missing or incomplete.,,,2220.0,,2220.0,,,,PARTIAL_PROVISIONAL_DATA,provisional_structured,,,,,,,,,
MDF,Công ty Cổ phần Gỗ MDF VRG - Quảng Trị,BLOCKED_INSUFFICIENT_MARKET_DATA,REJECTED,True,False,PROVISIONAL_PRIMARY_ONLY,PROVISIONAL_LOW,NOT_AVAILABLE,NEEDS_MANUAL_BCTC_REVIEW,"[""capex"", ""cfo"", ""equity"", ""gross_profit"", ""last_close"", ""last_price_date"", ""net_income"", ""revenue"", ""total_assets"", ""total_liabilities""]","[""Primary market data missing or incomplete.""]",Primary market data missing or incomplete.,,,620.0,,620.0,,,,PARTIAL_PROVISIONAL_DATA,provisional_structured,,,,,,,,,
MDG,Công ty Cổ phần Miền Đông,BLOCKED_INSUFFICIENT_MARKET_DATA,REJECTED,True,False,PROVISIONAL_PRIMARY_ONLY,PROVISIONAL_LOW,NOT_AVAILABLE,NEEDS_MANUAL_BCTC_REVIEW,"[""capex"", ""cfo"", ""equity"", ""gross_profit"", ""last_close"", ""last_price_date"", ""net_income"", ""revenue"", ""total_assets"", ""total_liabilities""]","[""Primary market data missing or incomplete.""]",Primary market data missing or incomplete.,,,2320.0,,2320.0,,,,PARTIAL_PROVISIONAL_DATA,provisional_structured,,,,,,,,,
MEC,Công ty Cổ phần Cơ khí - Lắp máy Sông Đà,BLOCKED_INSUFFICIENT_MARKET_DATA,REJECTED,True,False,PROVISIONAL_PRIMARY_ONLY,PROVISIONAL_LOW,NOT_AVAILABLE,NEEDS_MANUAL_BCTC_REVIEW,"[""capex"", ""cfo"", ""equity"", ""gross_profit"", ""last_close"", ""last_price_date"", ""net_income"", ""revenue"", ""total_assets"", ""total_liabilities""]","[""Primary market data missing or incomplete.""]",Primary market data missing or incomplete.,,,5180.0,,5180.0,,,,PARTIAL_PROVISIONAL_DATA,provisional_structured,,,,,,,,,
MED,Công ty Cổ phần Dược Trung ương Mediplantex,BLOCKED_INSUFFICIENT_MARKET_DATA,REJECTED,True,False,PROVISIONAL_PRIMARY_ONLY,PROVISIONAL_LOW,NOT_AVAILABLE,NEEDS_MANUAL_BCTC_REVIEW,"[""capex"", ""cfo"", ""equity"", ""gross_profit"", ""last_close"", ""last_price_date"", ""net_income"", ""revenue"", ""total_assets"", ""total_liabilities""]","[""Primary market data missing or incomplete.""]",Primary market data missing or incomplete.,,,10.0,,10.0,,,,PARTIAL_PROVISIONAL_DATA,provisional_structured,,,,,,,,,
MEF,Công ty Cổ phần MEINFA,BLOCKED_INSUFFICIENT_MARKET_DATA,REJECTED,True,False,PROVISIONAL_PRIMARY_ONLY,PROVISIONAL_LOW,NOT_AVAILABLE,NEEDS_MANUAL_BCTC_REVIEW,"[""avg_volume_20d"", ""capex"", ""cfo"", ""equity"", ""gross_profit"", ""last_close"", ""last_price_date"", ""net_income"", ""revenue"", ""total_assets"", ""total_liabilities""]","[""Primary market data missing or incomplete.""]",Primary market data missing or incomplete.,,,,,,,,,INSUFFICIENT_DATA,provisional_structured,,,,,,,,,
MEG,Công ty Cổ phần Megram,BLOCKED_INSUFFICIENT_MARKET_DATA,REJECTED,True,False,PROVISIONAL_PRIMARY_ONLY,PROVISIONAL_LOW,NOT_AVAILABLE,NEEDS_MANUAL_BCTC_REVIEW,"[""avg_volume_20d"", ""capex"", ""cfo"", ""equity"", ""gross_profit"", ""last_close"", ""last_price_date"", ""net_income"", ""revenue"", ""total_assets"", ""total_liabilities""]","[""Primary market data missing or incomplete.""]",Primary market data missing or incomplete.,,,,,,,,,INSUFFICIENT_DATA,provisional_structured,,,,,,,,,
MEL,Công ty Cổ phần Thép Mê Lin,BLOCKED_INSUFFICIENT_MARKET_DATA,REJECTED,True,False,PROVISIONAL_PRIMARY_ONLY,PROVISIONAL_LOW,NOT_AVAILABLE,NEEDS_MANUAL_BCTC_REVIEW,"[""capex"", ""cfo"", ""equity"", ""gross_profit"", ""last_close"", ""last_price_date"", ""net_income"", ""revenue"", ""total_assets"", ""total_liabilities""]","[""Primary market data missing or incomplete.""]",Primary market data missing or incomplete.,,,280.0,,280.0,,,,PARTIAL_PROVISIONAL_DATA,provisional_structured,,,,,,,,,
MES,Công ty Cổ phần Cơ điện Công trình,BLOCKED_INSUFFICIENT_MARKET_DATA,REJECTED,True,False,PROVISIONAL_PRIMARY_ONLY,PROVISIONAL_LOW,NOT_AVAILABLE,NEEDS_MANUAL_BCTC_REVIEW,"[""avg_volume_20d"", ""capex"", ""cfo"", ""equity"", ""gross_profit"", ""last_close"", ""last_price_date"", ""net_income"", ""revenue"", ""total_assets"", ""total_liabilities""]","[""Primary market data missing or incomplete.""]",Primary market data missing or incomplete.,,,,,,,,,INSUFFICIENT_DATA,provisional_structured,,,,,,,,,
MFS,Công ty Cổ phần Dịch vụ kỹ thuật Mobifone,BLOCKED_INSUFFICIENT_MARKET_DATA,REJECTED,True,False,PROVISIONAL_PRIMARY_ONLY,PROVISIONAL_LOW,NOT_AVAILABLE,NEEDS_MANUAL_BCTC_REVIEW,"[""capex"", ""cfo"", ""equity"", ""gross_profit"", ""last_close"", ""last_price_date"", ""net_income"", ""revenue"", ""total_assets"", ""total_liabilities""]","[""Primary market data missing or incomplete.""]",Primary market data missing or incomplete.,,,18090.0,,18090.0,,,,PARTIAL_PROVISIONAL_DATA,provisional_structured,,,,,,,,,
MGC,Công ty Cổ phần Địa chất mỏ - TKV,BLOCKED_INSUFFICIENT_MARKET_DATA,REJECTED,True,False,PROVISIONAL_PRIMARY_ONLY,PROVISIONAL_LOW,NOT_AVAILABLE,NEEDS_MANUAL_BCTC_REVIEW,"[""capex"", ""cfo"", ""equity"", ""gross_profit"", ""last_close"", ""last_price_date"", ""net_income"", ""revenue"", ""total_assets"", ""total_liabilities""]","[""Primary market data missing or incomplete.""]",Primary market data missing or incomplete.,,,4630.0,,4630.0,,,,PARTIAL_PROVISIONAL_DATA,provisional_structured,,,,,,,,,
MGG,Tổng Công ty Đức Giang - Công ty Cổ phần,BLOCKED_INSUFFICIENT_MARKET_DATA,REJECTED,True,False,PROVISIONAL_PRIMARY_ONLY,PROVISIONAL_LOW,NOT_AVAILABLE,NEEDS_MANUAL_BCTC_REVIEW,"[""capex"", ""cfo"", ""equity"", ""gross_profit"", ""last_close"", ""last_price_date"", ""net_income"", ""revenue"", ""total_assets"", ""total_liabilities""]","[""Primary market data missing or incomplete.""]",Primary market data missing or incomplete.,,,150.0,,150.0,,,,PARTIAL_PROVISIONAL_DATA,provisional_structured,,,,,,,,,
MGR,Công ty cổ phần Tập đoàn MGROUP,BLOCKED_INSUFFICIENT_MARKET_DATA,REJECTED,True,False,PROVISIONAL_PRIMARY_ONLY,PROVISIONAL_LOW,NOT_AVAILABLE,NEEDS_MANUAL_BCTC_REVIEW,"[""capex"", ""cfo"", ""equity"", ""gross_profit"", ""last_close"", ""last_price_date"", ""net_income"", ""revenue"", ""total_assets"", ""total_liabilities""]","[""Primary market data missing or incomplete.""]",Primary market data missing or incomplete.,,,260.0,,260.0,,,,PARTIAL_PROVISIONAL_DATA,provisional_structured,,,,,,,,,
MH3,Công ty Cổ phần Khu công nghiệp Cao su Bình Long,BLOCKED_INSUFFICIENT_MARKET_DATA,REJECTED,True,False,PROVISIONAL_PRIMARY_ONLY,PROVISIONAL_LOW,NOT_AVAILABLE,NEEDS_MANUAL_BCTC_REVIEW,"[""capex"", ""cfo"", ""equity"", ""gross_profit"", ""last_close"", ""last_price_date"", ""net_income"", ""revenue"", ""total_assets"", ""total_liabilities""]","[""Primary market data missing or incomplete.""]",Primary market data missing or incomplete.,,,330.0,,330.0,,,,PARTIAL_PROVISIONAL_DATA,provisional_structured,,,,,,,,,
MHC,Công ty Cổ phần MHC,BLOCKED_INSUFFICIENT_MARKET_DATA,REJECTED,True,False,PROVISIONAL_PRIMARY_ONLY,PROVISIONAL_LOW,NOT_AVAILABLE,NEEDS_MANUAL_BCTC_REVIEW,"[""capex"", ""cfo"", ""equity"", ""gross_profit"", ""last_close"", ""last_price_date"", ""net_income"", ""revenue"", ""total_assets"", ""total_liabilities""]","[""Primary market data missing or incomplete.""]",Primary market data missing or incomplete.,,,25260.0,,25260.0,,,,PARTIAL_PROVISIONAL_DATA,provisional_structured,,,,,,,,,
MHL,Công ty Cổ phần Minh Hữu Liên,BLOCKED_INSUFFICIENT_MARKET_DATA,REJECTED,True,False,PROVISIONAL_PRIMARY_ONLY,PROVISIONAL_LOW,NOT_AVAILABLE,NEEDS_MANUAL_BCTC_REVIEW,"[""avg_volume_20d"", ""capex"", ""cfo"", ""equity"", ""gross_profit"", ""last_close"", ""last_price_date"", ""net_income"", ""revenue"", ""total_assets"", ""total_liabilities""]","[""Primary market data missing or incomplete.""]",Primary market data missing or incomplete.,,,,,,,,,INSUFFICIENT_DATA,provisional_structured,,,,,,,,,
MIC,Công ty Cổ phần Kỹ nghệ Khoáng sản Quảng Nam,BLOCKED_INSUFFICIENT_MARKET_DATA,REJECTED,True,False,PROVISIONAL_PRIMARY_ONLY,PROVISIONAL_LOW,NOT_AVAILABLE,NEEDS_MANUAL_BCTC_REVIEW,"[""capex"", ""cfo"", ""equity"", ""gross_profit"", ""last_close"", ""last_price_date"", ""net_income"", ""revenue"", ""total_assets"", ""total_liabilities""]","[""Primary market data missing or incomplete.""]",Primary market data missing or incomplete.,,,68346.0,,68346.0,,,,PARTIAL_PROVISIONAL_DATA,provisional_structured,,,,,,,,,
MIE,Tổng Công ty Máy và Thiết bị Công nghiệp - CTCP,BLOCKED_INSUFFICIENT_MARKET_DATA,REJECTED,True,False,PROVISIONAL_PRIMARY_ONLY,PROVISIONAL_LOW,NOT_AVAILABLE,NEEDS_MANUAL_BCTC_REVIEW,"[""avg_volume_20d"", ""capex"", ""cfo"", ""equity"", ""gross_profit"", ""last_close"", ""last_price_date"", ""net_income"", ""revenue"", ""total_assets"", ""total_liabilities""]","[""Primary market data missing or incomplete.""]",Primary market data missing or incomplete.,,,,,,,,,INSUFFICIENT_DATA,provisional_structured,,,,,,,,,
MIG,Tổng Công ty Cổ phần Bảo hiểm Quân đội,BLOCKED_INSUFFICIENT_MARKET_DATA,REJECTED,True,False,PROVISIONAL_PRIMARY_ONLY,PROVISIONAL_LOW,NOT_AVAILABLE,NEEDS_MANUAL_BCTC_REVIEW,"[""capex"", ""cfo"", ""equity"", ""gross_profit"", ""last_close"", ""last_price_date"", ""net_income"", ""revenue"", ""total_assets"", ""total_liabilities""]","[""Primary market data missing or incomplete.""]",Primary market data missing or incomplete.,,,140310.0,,140310.0,,,,PARTIAL_PROVISIONAL_DATA,provisional_structured,,,,,,,,,
MIM,Công ty Cổ phần Khoáng sản và Cơ khí,BLOCKED_INSUFFICIENT_MARKET_DATA,REJECTED,True,False,PROVISIONAL_PRIMARY_ONLY,PROVISIONAL_LOW,NOT_AVAILABLE,NEEDS_MANUAL_BCTC_REVIEW,"[""avg_volume_20d"", ""capex"", ""cfo"", ""equity"", ""gross_profit"", ""last_close"", ""last_price_date"", ""net_income"", ""revenue"", ""total_assets"", ""total_liabilities""]","[""Primary market data missing or incomplete.""]",Primary market data missing or incomplete.,,,,,,,,,INSUFFICIENT_DATA,provisional_structured,,,,,,,,,
MKP,Công ty Cổ phần Hóa - Dược phẩm Mekophar,BLOCKED_INSUFFICIENT_MARKET_DATA,REJECTED,True,False,PROVISIONAL_PRIMARY_ONLY,PROVISIONAL_LOW,NOT_AVAILABLE,NEEDS_MANUAL_BCTC_REVIEW,"[""capex"", ""cfo"", ""equity"", ""gross_profit"", ""last_close"", ""last_price_date"", ""net_income"", ""revenue"", ""total_assets"", ""total_liabilities""]","[""Primary market data missing or incomplete.""]",Primary market data missing or incomplete.,,,150.0,,150.0,,,,PARTIAL_PROVISIONAL_DATA,provisional_structured,,,,,,,,,
MKV,Công ty Cổ phần Dược Thú Y Cai Lậy,BLOCKED_INSUFFICIENT_MARKET_DATA,REJECTED,True,False,PROVISIONAL_PRIMARY_ONLY,PROVISIONAL_LOW,NOT_AVAILABLE,NEEDS_MANUAL_BCTC_REVIEW,"[""avg_volume_20d"", ""capex"", ""cfo"", ""equity"", ""gross_profit"", ""last_close"", ""last_price_date"", ""net_income"", ""revenue"", ""total_assets"", ""total_liabilities""]","[""Primary market data missing or incomplete.""]",Primary market data missing or incomplete.,,,,,,,,,INSUFFICIENT_DATA,provisional_structured,,,,,,,,,
MLC,Công ty Cổ phần Môi trường Đô thị Tỉnh Lào Cai,BLOCKED_INSUFFICIENT_MARKET_DATA,REJECTED,True,False,PROVISIONAL_PRIMARY_ONLY,PROVISIONAL_LOW,NOT_AVAILABLE,NEEDS_MANUAL_BCTC_REVIEW,"[""avg_volume_20d"", ""capex"", ""cfo"", ""equity"", ""gross_profit"", ""last_close"", ""last_price_date"", ""net_income"", ""revenue"", ""total_assets"", ""total_liabilities""]","[""Primary market data missing or incomplete.""]",Primary market data missing or incomplete.,,,,,,,,,INSUFFICIENT_DATA,provisional_structured,,,,,,,,,
MLS,Công ty Cổ phần Chăn nuôi - Mitraco,BLOCKED_INSUFFICIENT_MARKET_DATA,REJECTED,True,False,PROVISIONAL_PRIMARY_ONLY,PROVISIONAL_LOW,NOT_AVAILABLE,NEEDS_MANUAL_BCTC_REVIEW,"[""capex"", ""cfo"", ""equity"", ""gross_profit"", ""last_close"", ""last_price_date"", ""net_income"", ""revenue"", ""total_assets"", ""total_liabilities""]","[""Primary market data missing or incomplete.""]",Primary market data missing or incomplete.,,,2100.0,,2100.0,,,,PARTIAL_PROVISIONAL_DATA,provisional_structured,,,,,,,,,
MML,Công ty Cổ phần Masan MEATLife,BLOCKED_INSUFFICIENT_MARKET_DATA,REJECTED,True,False,PROVISIONAL_PRIMARY_ONLY,PROVISIONAL_LOW,NOT_AVAILABLE,NEEDS_MANUAL_BCTC_REVIEW,"[""capex"", ""cfo"", ""equity"", ""gross_profit"", ""last_close"", ""last_price_date"", ""net_income"", ""revenue"", ""total_assets"", ""total_liabilities""]","[""Primary market data missing or incomplete.""]",Primary market data missing or incomplete.,,,32830.0,,32830.0,,,,PARTIAL_PROVISIONAL_DATA,provisional_structured,,,,,,,,,
MNB,Tổng Công ty May Nhà Bè - Công ty Cổ phần,BLOCKED_INSUFFICIENT_MARKET_DATA,REJECTED,True,False,PROVISIONAL_PRIMARY_ONLY,PROVISIONAL_LOW,NOT_AVAILABLE,NEEDS_MANUAL_BCTC_REVIEW,"[""capex"", ""cfo"", ""equity"", ""gross_profit"", ""last_close"", ""last_price_date"", ""net_income"", ""revenue"", ""total_assets"", ""total_liabilities""]","[""Primary market data missing or incomplete.""]",Primary market data missing or incomplete.,,,20.0,,20.0,,,,PARTIAL_PROVISIONAL_DATA,provisional_structured,,,,,,,,,
MND,Công ty Cổ phần Môi trường Nam Định,BLOCKED_INSUFFICIENT_MARKET_DATA,REJECTED,True,False,PROVISIONAL_PRIMARY_ONLY,PROVISIONAL_LOW,NOT_AVAILABLE,NEEDS_MANUAL_BCTC_REVIEW,"[""avg_volume_20d"", ""capex"", ""cfo"", ""equity"", ""gross_profit"", ""last_close"", ""last_price_date"", ""net_income"", ""revenue"", ""total_assets"", ""total_liabilities""]","[""Primary market data missing or incomplete.""]",Primary market data missing or incomplete.,,,,,,,,,INSUFFICIENT_DATA,provisional_structured,,,,,,,,,
MPC,Công ty Cổ phần Tập đoàn Thủy sản Minh Phú,BLOCKED_INSUFFICIENT_MARKET_DATA,REJECTED,True,False,PROVISIONAL_PRIMARY_ONLY,PROVISIONAL_LOW,NOT_AVAILABLE,NEEDS_MANUAL_BCTC_REVIEW,"[""capex"", ""cfo"", ""equity"", ""gross_profit"", ""last_close"", ""last_price_date"", ""net_income"", ""revenue"", ""total_assets"", ""total_liabilities""]","[""Primary market data missing or incomplete.""]",Primary market data missing or incomplete.,,,20630.0,,20630.0,,,,PARTIAL_PROVISIONAL_DATA,provisional_structured,,,,,,,,,
MPT,Công ty Cổ phần Tập đoàn MPT,BLOCKED_INSUFFICIENT_MARKET_DATA,REJECTED,True,False,PROVISIONAL_PRIMARY_ONLY,PROVISIONAL_LOW,NOT_AVAILABLE,NEEDS_MANUAL_BCTC_REVIEW,"[""capex"", ""cfo"", ""equity"", ""gross_profit"", ""last_close"", ""last_price_date"", ""net_income"", ""revenue"", ""total_assets"", ""total_liabilities""]","[""Primary market data missing or incomplete.""]",Primary market data missing or incomplete.,,,17520.0,,17520.0,,,,PARTIAL_PROVISIONAL_DATA,provisional_structured,,,,,,,,,
MPY,Công ty Cổ phần Môi trường đô thị Phú Yên,BLOCKED_INSUFFICIENT_MARKET_DATA,REJECTED,True,False,PROVISIONAL_PRIMARY_ONLY,PROVISIONAL_LOW,NOT_AVAILABLE,NEEDS_MANUAL_BCTC_REVIEW,"[""capex"", ""cfo"", ""equity"", ""gross_profit"", ""last_close"", ""last_price_date"", ""net_income"", ""revenue"", ""total_assets"", ""total_liabilities""]","[""Primary market data missing or incomplete.""]",Primary market data missing or incomplete.,,,50.0,,50.0,,,,PARTIAL_PROVISIONAL_DATA,provisional_structured,,,,,,,,,
MQB,Công ty Cổ phần Môi trường và Phát triển đô thị Quảng Bình,BLOCKED_INSUFFICIENT_MARKET_DATA,REJECTED,True,False,PROVISIONAL_PRIMARY_ONLY,PROVISIONAL_LOW,NOT_AVAILABLE,NEEDS_MANUAL_BCTC_REVIEW,"[""avg_volume_20d"", ""capex"", ""cfo"", ""equity"", ""gross_profit"", ""last_close"", ""last_price_date"", ""net_income"", ""revenue"", ""total_assets"", ""total_liabilities""]","[""Primary market data missing or incomplete.""]",Primary market data missing or incomplete.,,,,,,,,,INSUFFICIENT_DATA,provisional_structured,,,,,,,,,
MQN,Công ty Cổ phần Môi trường đô thị Quảng Ngãi,BLOCKED_INSUFFICIENT_MARKET_DATA,REJECTED,True,False,PROVISIONAL_PRIMARY_ONLY,PROVISIONAL_LOW,NOT_AVAILABLE,NEEDS_MANUAL_BCTC_REVIEW,"[""capex"", ""cfo"", ""equity"", ""gross_profit"", ""last_close"", ""last_price_date"", ""net_income"", ""revenue"", ""total_assets"", ""total_liabilities""]","[""Primary market data missing or incomplete.""]",Primary market data missing or incomplete.,,,1160.0,,1160.0,,,,PARTIAL_PROVISIONAL_DATA,provisional_structured,,,,,,,,,
MRF,Công ty Cổ phần MERUFA,BLOCKED_INSUFFICIENT_MARKET_DATA,REJECTED,True,False,PROVISIONAL_PRIMARY_ONLY,PROVISIONAL_LOW,NOT_AVAILABLE,NEEDS_MANUAL_BCTC_REVIEW,"[""capex"", ""cfo"", ""equity"", ""gross_profit"", ""last_close"", ""last_price_date"", ""net_income"", ""revenue"", ""total_assets"", ""total_liabilities""]","[""Primary market data missing or incomplete.""]",Primary market data missing or incomplete.,,,840.0,,840.0,,,,PARTIAL_PROVISIONAL_DATA,provisional_structured,,,,,,,,,
MSB,Ngân hàng Thương mại Cổ phần Hàng Hải Việt Nam,BLOCKED_INSUFFICIENT_MARKET_DATA,REJECTED,True,False,PROVISIONAL_PRIMARY_ONLY,PROVISIONAL_LOW,NOT_AVAILABLE,NEEDS_MANUAL_BCTC_REVIEW,"[""capex"", ""cfo"", ""equity"", ""gross_profit"", ""last_close"", ""last_price_date"", ""net_income"", ""revenue"", ""total_assets"", ""total_liabilities""]","[""Primary market data missing or incomplete.""]",Primary market data missing or incomplete.,,,18527860.0,,18527860.0,,,,PARTIAL_PROVISIONAL_DATA,provisional_structured,,,,,,,,,
MSH,Công ty Cổ phần May Sông Hồng,BLOCKED_INSUFFICIENT_MARKET_DATA,REJECTED,True,False,PROVISIONAL_PRIMARY_ONLY,PROVISIONAL_LOW,NOT_AVAILABLE,NEEDS_MANUAL_BCTC_REVIEW,"[""capex"", ""cfo"", ""equity"", ""gross_profit"", ""last_close"", ""last_price_date"", ""net_income"", ""revenue"", ""total_assets"", ""total_liabilities""]","[""Primary market data missing or incomplete.""]",Primary market data missing or incomplete.,,,119930.0,,119930.0,,,,PARTIAL_PROVISIONAL_DATA,provisional_structured,,,,,,,,,
MSN,Công ty Cổ phần Tập đoàn Masan,BLOCKED_INSUFFICIENT_MARKET_DATA,REJECTED,True,False,PROVISIONAL_PRIMARY_ONLY,PROVISIONAL_LOW,NOT_AVAILABLE,NEEDS_MANUAL_BCTC_REVIEW,"[""capex"", ""cfo"", ""equity"", ""gross_profit"", ""last_close"", ""last_price_date"", ""net_income"", ""revenue"", ""total_assets"", ""total_liabilities""]","[""Primary market data missing or incomplete.""]",Primary market data missing or incomplete.,,,4761190.0,,4761190.0,,,,PARTIAL_PROVISIONAL_DATA,provisional_structured,,,,,,,,,
MSR,Công ty Cổ phần Masan High-Tech Materials,BLOCKED_INSUFFICIENT_MARKET_DATA,REJECTED,True,False,PROVISIONAL_PRIMARY_ONLY,PROVISIONAL_LOW,NOT_AVAILABLE,NEEDS_MANUAL_BCTC_REVIEW,"[""capex"", ""cfo"", ""equity"", ""gross_profit"", ""last_price_date"", ""net_income"", ""revenue"", ""total_assets"", ""total_liabilities""]","[""Primary market data missing or incomplete.""]",Primary market data missing or incomplete.,,40.9,1886050.0,,1886050.0,77139445.0,,,PARTIAL_PROVISIONAL_DATA,provisional_structured,,,,,,,,,
MST,Công ty Cổ phần Đầu tư MST,BLOCKED_INSUFFICIENT_MARKET_DATA,REJECTED,True,False,PROVISIONAL_PRIMARY_ONLY,PROVISIONAL_LOW,NOT_AVAILABLE,NEEDS_MANUAL_BCTC_REVIEW,"[""capex"", ""cfo"", ""equity"", ""gross_profit"", ""last_close"", ""last_price_date"", ""net_income"", ""revenue"", ""total_assets"", ""total_liabilities""]","[""Primary market data missing or incomplete.""]",Primary market data missing or incomplete.,,,3358330.0,,3358330.0,,,,PARTIAL_PROVISIONAL_DATA,provisional_structured,,,,,,,,,
MTA,Tổng Công ty Khoáng sản và Thương mại Hà Tĩnh - Công ty Cổ phần,BLOCKED_INSUFFICIENT_MARKET_DATA,REJECTED,True,False,PROVISIONAL_PRIMARY_ONLY,PROVISIONAL_LOW,NOT_AVAILABLE,NEEDS_MANUAL_BCTC_REVIEW,"[""capex"", ""cfo"", ""equity"", ""gross_profit"", ""last_price_date"", ""net_income"", ""revenue"", ""total_assets"", ""total_liabilities""]","[""Primary market data missing or incomplete.""]",Primary market data missing or incomplete.,,13.0,5440.0,,5440.0,70720.0,,,PARTIAL_PROVISIONAL_DATA,provisional_structured,,,,,,,,,
MTB,Công ty Cổ phần Môi trường và Công trình đô thị tỉnh Thái Bình,BLOCKED_INSUFFICIENT_MARKET_DATA,REJECTED,True,False,PROVISIONAL_PRIMARY_ONLY,PROVISIONAL_LOW,NOT_AVAILABLE,NEEDS_MANUAL_BCTC_REVIEW,"[""avg_volume_20d"", ""capex"", ""cfo"", ""equity"", ""gross_profit"", ""last_close"", ""last_price_date"", ""net_income"", ""revenue"", ""total_assets"", ""total_liabilities""]","[""Primary market data missing or incomplete.""]",Primary market data missing or incomplete.,,,,,,,,,INSUFFICIENT_DATA,provisional_structured,,,,,,,,,
MTC,Công ty Cổ phần Dịch vụ Du lịch Mỹ Trà,BLOCKED_INSUFFICIENT_MARKET_DATA,REJECTED,True,False,PROVISIONAL_PRIMARY_ONLY,PROVISIONAL_LOW,NOT_AVAILABLE,NEEDS_MANUAL_BCTC_REVIEW,"[""capex"", ""cfo"", ""equity"", ""gross_profit"", ""last_close"", ""last_price_date"", ""net_income"", ""revenue"", ""total_assets"", ""total_liabilities""]","[""Primary market data missing or incomplete.""]",Primary market data missing or incomplete.,,,10.0,,10.0,,,,PARTIAL_PROVISIONAL_DATA,provisional_structured,,,,,,,,,
MTG,Công ty Cổ phần MT Gas,BLOCKED_INSUFFICIENT_MARKET_DATA,REJECTED,True,False,PROVISIONAL_PRIMARY_ONLY,PROVISIONAL_LOW,NOT_AVAILABLE,NEEDS_MANUAL_BCTC_REVIEW,"[""capex"", ""cfo"", ""equity"", ""gross_profit"", ""last_close"", ""last_price_date"", ""net_income"", ""revenue"", ""total_assets"", ""total_liabilities""]","[""Primary market data missing or incomplete.""]",Primary market data missing or incomplete.,,,120.0,,120.0,,,,PARTIAL_PROVISIONAL_DATA,provisional_structured,,,,,,,,,
MTH,Công ty Cổ phần Môi trường Đô thị Hà Đông,BLOCKED_INSUFFICIENT_MARKET_DATA,REJECTED,True,False,PROVISIONAL_PRIMARY_ONLY,PROVISIONAL_LOW,NOT_AVAILABLE,NEEDS_MANUAL_BCTC_REVIEW,"[""capex"", ""cfo"", ""equity"", ""gross_profit"", ""last_close"", ""last_price_date"", ""net_income"", ""revenue"", ""total_assets"", ""total_liabilities""]","[""Primary market data missing or incomplete.""]",Primary market data missing or incomplete.,,,20.0,,20.0,,,,PARTIAL_PROVISIONAL_DATA,provisional_structured,,,,,,,,,
MTL,Công ty Cổ phần Dịch vụ Môi trường Đô thị Từ Liêm,BLOCKED_INSUFFICIENT_MARKET_DATA,REJECTED,True,False,PROVISIONAL_PRIMARY_ONLY,PROVISIONAL_LOW,NOT_AVAILABLE,NEEDS_MANUAL_BCTC_REVIEW,"[""capex"", ""cfo"", ""equity"", ""gross_profit"", ""last_close"", ""last_price_date"", ""net_income"", ""revenue"", ""total_assets"", ""total_liabilities""]","[""Primary market data missing or incomplete.""]",Primary market data missing or incomplete.,,,50.0,,50.0,,,,PARTIAL_PROVISIONAL_DATA,provisional_structured,,,,,,,,,
MTP,Công ty Cổ phần Dược Medipharco,BLOCKED_INSUFFICIENT_MARKET_DATA,REJECTED,True,False,PROVISIONAL_PRIMARY_ONLY,PROVISIONAL_LOW,NOT_AVAILABLE,NEEDS_MANUAL_BCTC_REVIEW,"[""capex"", ""cfo"", ""equity"", ""gross_profit"", ""last_close"", ""last_price_date"", ""net_income"", ""revenue"", ""total_assets"", ""total_liabilities""]","[""Primary market data missing or incomplete.""]",Primary market data missing or incomplete.,,,370.0,,370.0,,,,PARTIAL_PROVISIONAL_DATA,provisional_structured,,,,,,,,,
MTS,Công ty Cổ phần Vật tư - TKV,BLOCKED_INSUFFICIENT_MARKET_DATA,REJECTED,True,False,PROVISIONAL_PRIMARY_ONLY,PROVISIONAL_LOW,NOT_AVAILABLE,NEEDS_MANUAL_BCTC_REVIEW,"[""capex"", ""cfo"", ""equity"", ""gross_profit"", ""last_close"", ""last_price_date"", ""net_income"", ""revenue"", ""total_assets"", ""total_liabilities""]","[""Primary market data missing or incomplete.""]",Primary market data missing or incomplete.,,,50.0,,50.0,,,,PARTIAL_PROVISIONAL_DATA,provisional_structured,,,,,,,,,
MTV,Công ty Cổ phần Dịch vụ Môi trường và Công trình Đô thị Vũng Tàu,BLOCKED_INSUFFICIENT_MARKET_DATA,REJECTED,True,False,PROVISIONAL_PRIMARY_ONLY,PROVISIONAL_LOW,NOT_AVAILABLE,NEEDS_MANUAL_BCTC_REVIEW,"[""avg_volume_20d"", ""capex"", ""cfo"", ""equity"", ""gross_profit"", ""last_close"", ""last_price_date"", ""net_income"", ""revenue"", ""total_assets"", ""total_liabilities""]","[""Primary market data missing or incomplete.""]",Primary market data missing or incomplete.,,,,,,,,,INSUFFICIENT_DATA,provisional_structured,,,,,,,,,
MTX,Công ty Cổ phần Công trình Đô thị Gò Công,BLOCKED_INSUFFICIENT_MARKET_DATA,REJECTED,True,False,PROVISIONAL_PRIMARY_ONLY,PROVISIONAL_LOW,NOT_AVAILABLE,NEEDS_MANUAL_BCTC_REVIEW,"[""avg_volume_20d"", ""capex"", ""cfo"", ""equity"", ""gross_profit"", ""last_close"", ""last_price_date"", ""net_income"", ""revenue"", ""total_assets"", ""total_liabilities""]","[""Primary market data missing or incomplete.""]",Primary market data missing or incomplete.,,,,,,,,,INSUFFICIENT_DATA,provisional_structured,,,,,,,,,
MVB,Tổng Công ty Công nghiệp mỏ Việt Bắc TKV - Công ty Cổ phần,BLOCKED_INSUFFICIENT_MARKET_DATA,REJECTED,True,False,PROVISIONAL_PRIMARY_ONLY,PROVISIONAL_LOW,NOT_AVAILABLE,NEEDS_MANUAL_BCTC_REVIEW,"[""capex"", ""cfo"", ""equity"", ""gross_profit"", ""last_close"", ""last_price_date"", ""net_income"", ""revenue"", ""total_assets"", ""total_liabilities""]","[""Primary market data missing or incomplete.""]",Primary market data missing or incomplete.,,,4090.0,,4090.0,,,,PARTIAL_PROVISIONAL_DATA,provisional_structured,,,,,,,,,
MVC,Công ty Cổ phần Vật liệu và Xây dựng Bình Dương,BLOCKED_INSUFFICIENT_MARKET_DATA,REJECTED,True,False,PROVISIONAL_PRIMARY_ONLY,PROVISIONAL_LOW,NOT_AVAILABLE,NEEDS_MANUAL_BCTC_REVIEW,"[""capex"", ""cfo"", ""equity"", ""gross_profit"", ""last_close"", ""last_price_date"", ""net_income"", ""revenue"", ""total_assets"", ""total_liabilities""]","[""Primary market data missing or incomplete.""]",Primary market data missing or incomplete.,,,24630.0,,24630.0,,,,PARTIAL_PROVISIONAL_DATA,provisional_structured,,,,,,,,,
MVN,Tổng Công ty Hàng hải Việt Nam - CTCP,BLOCKED_INSUFFICIENT_MARKET_DATA,REJECTED,True,False,PROVISIONAL_PRIMARY_ONLY,PROVISIONAL_LOW,NOT_AVAILABLE,NEEDS_MANUAL_BCTC_REVIEW,"[""capex"", ""cfo"", ""equity"", ""gross_profit"", ""last_price_date"", ""net_income"", ""revenue"", ""total_assets"", ""total_liabilities""]","[""Primary market data missing or incomplete.""]",Primary market data missing or incomplete.,,61.0,16870.0,,16870.0,1029070.0,,,PARTIAL_PROVISIONAL_DATA,provisional_structured,,,,,,,,,
MWG,Công ty Cổ phần Đầu tư Thế Giới Di Động,BLOCKED_INSUFFICIENT_MARKET_DATA,REJECTED,True,False,PROVISIONAL_PRIMARY_ONLY,PROVISIONAL_LOW,NOT_AVAILABLE,NEEDS_MANUAL_BCTC_REVIEW,"[""capex"", ""cfo"", ""equity"", ""gross_profit"", ""last_close"", ""last_price_date"", ""net_income"", ""revenue"", ""total_assets"", ""total_liabilities""]","[""Primary market data missing or incomplete.""]",Primary market data missing or incomplete.,,,6063450.0,,6063450.0,,,,PARTIAL_PROVISIONAL_DATA,provisional_structured,,,,,,,,,
MXC,Trung tâm Nông nghiệp Mùa Xuân,BLOCKED_INSUFFICIENT_MARKET_DATA,REJECTED,True,False,PROVISIONAL_PRIMARY_ONLY,PROVISIONAL_LOW,NOT_AVAILABLE,NEEDS_MANUAL_BCTC_REVIEW,"[""avg_volume_20d"", ""capex"", ""cfo"", ""equity"", ""gross_profit"", ""last_close"", ""last_price_date"", ""net_income"", ""revenue"", ""total_assets"", ""total_liabilities""]","[""Primary market data missing or incomplete.""]",Primary market data missing or incomplete.,,,,,,,,,INSUFFICIENT_DATA,provisional_structured,,,,,,,,,
MZG,Công ty Cổ Phần Miza,BLOCKED_INSUFFICIENT_MARKET_DATA,REJECTED,True,False,PROVISIONAL_PRIMARY_ONLY,PROVISIONAL_LOW,NOT_AVAILABLE,NEEDS_MANUAL_BCTC_REVIEW,"[""avg_volume_20d"", ""capex"", ""cfo"", ""equity"", ""gross_profit"", ""last_close"", ""last_price_date"", ""net_income"", ""revenue"", ""total_assets"", ""total_liabilities""]","[""Primary market data missing or incomplete.""]",Primary market data missing or incomplete.,,,,,,,,,INSUFFICIENT_DATA,provisional_structured,,,,,,,,,
NAB,Ngân hàng Thương mại Cổ phần Nam Á,BLOCKED_INSUFFICIENT_MARKET_DATA,REJECTED,True,False,PROVISIONAL_PRIMARY_ONLY,PROVISIONAL_LOW,NOT_AVAILABLE,NEEDS_MANUAL_BCTC_REVIEW,"[""capex"", ""cfo"", ""equity"", ""gross_profit"", ""last_close"", ""last_price_date"", ""net_income"", ""revenue"", ""total_assets"", ""total_liabilities""]","[""Primary market data missing or incomplete.""]",Primary market data missing or incomplete.,,,1324320.0,,1324320.0,,,,PARTIAL_PROVISIONAL_DATA,provisional_structured,,,,,,,,,
NAC,Công ty Cổ phần Tư vấn Xây dựng Tổng hợp,BLOCKED_INSUFFICIENT_MARKET_DATA,REJECTED,True,False,PROVISIONAL_PRIMARY_ONLY,PROVISIONAL_LOW,NOT_AVAILABLE,NEEDS_MANUAL_BCTC_REVIEW,"[""avg_volume_20d"", ""capex"", ""cfo"", ""equity"", ""gross_profit"", ""last_close"", ""last_price_date"", ""net_income"", ""revenue"", ""total_assets"", ""total_liabilities""]","[""Primary market data missing or incomplete.""]",Primary market data missing or incomplete.,,,,,,,,,INSUFFICIENT_DATA,provisional_structured,,,,,,,,,
NAF,Công ty Cổ phần Nafoods Group,BLOCKED_INSUFFICIENT_MARKET_DATA,REJECTED,True,False,PROVISIONAL_PRIMARY_ONLY,PROVISIONAL_LOW,NOT_AVAILABLE,NEEDS_MANUAL_BCTC_REVIEW,"[""capex"", ""cfo"", ""equity"", ""gross_profit"", ""last_close"", ""last_price_date"", ""net_income"", ""revenue"", ""total_assets"", ""total_liabilities""]","[""Primary market data missing or incomplete.""]",Primary market data missing or incomplete.,,,626080.0,,626080.0,,,,PARTIAL_PROVISIONAL_DATA,provisional_structured,,,,,,,,,
NAG,Công ty Cổ phần Tập đoàn Nagakawa,BLOCKED_INSUFFICIENT_MARKET_DATA,REJECTED,True,False,PROVISIONAL_PRIMARY_ONLY,PROVISIONAL_LOW,NOT_AVAILABLE,NEEDS_MANUAL_BCTC_REVIEW,"[""capex"", ""cfo"", ""equity"", ""gross_profit"", ""last_close"", ""last_price_date"", ""net_income"", ""revenue"", ""total_assets"", ""total_liabilities""]","[""Primary market data missing or incomplete.""]",Primary market data missing or incomplete.,,,76680.0,,76680.0,,,,PARTIAL_PROVISIONAL_DATA,provisional_structured,,,,,,,,,
NAP,Công ty Cổ phần Cảng Nghệ Tĩnh,BLOCKED_INSUFFICIENT_MARKET_DATA,REJECTED,True,False,PROVISIONAL_PRIMARY_ONLY,PROVISIONAL_LOW,NOT_AVAILABLE,NEEDS_MANUAL_BCTC_REVIEW,"[""capex"", ""cfo"", ""equity"", ""gross_profit"", ""last_close"", ""last_price_date"", ""net_income"", ""revenue"", ""total_assets"", ""total_liabilities""]","[""Primary market data missing or incomplete.""]",Primary market data missing or incomplete.,,,750.0,,750.0,,,,PARTIAL_PROVISIONAL_DATA,provisional_structured,,,,,,,,,
NAS,Công ty Cổ phần Dịch vụ Hàng không Sân bay Việt Nam,BLOCKED_INSUFFICIENT_MARKET_DATA,REJECTED,True,False,PROVISIONAL_PRIMARY_ONLY,PROVISIONAL_LOW,NOT_AVAILABLE,NEEDS_MANUAL_BCTC_REVIEW,"[""capex"", ""cfo"", ""equity"", ""gross_profit"", ""last_close"", ""last_price_date"", ""net_income"", ""revenue"", ""total_assets"", ""total_liabilities""]","[""Primary market data missing or incomplete.""]",Primary market data missing or incomplete.,,,360.0,,360.0,,,,PARTIAL_PROVISIONAL_DATA,provisional_structured,,,,,,,,,
NAU,Công ty Cổ phần Môi trường và Công trình Đô thị Nghệ An,BLOCKED_INSUFFICIENT_MARKET_DATA,REJECTED,True,False,PROVISIONAL_PRIMARY_ONLY,PROVISIONAL_LOW,NOT_AVAILABLE,NEEDS_MANUAL_BCTC_REVIEW,"[""avg_volume_20d"", ""capex"", ""cfo"", ""equity"", ""gross_profit"", ""last_close"", ""last_price_date"", ""net_income"", ""revenue"", ""total_assets"", ""total_liabilities""]","[""Primary market data missing or incomplete.""]",Primary market data missing or incomplete.,,,,,,,,,INSUFFICIENT_DATA,provisional_structured,,,,,,,,,
NAV,Công ty Cổ phần Nam Việt,BLOCKED_INSUFFICIENT_MARKET_DATA,REJECTED,True,False,PROVISIONAL_PRIMARY_ONLY,PROVISIONAL_LOW,NOT_AVAILABLE,NEEDS_MANUAL_BCTC_REVIEW,"[""capex"", ""cfo"", ""equity"", ""gross_profit"", ""last_close"", ""last_price_date"", ""net_income"", ""revenue"", ""total_assets"", ""total_liabilities""]","[""Primary market data missing or incomplete.""]",Primary market data missing or incomplete.,,,390.0,,390.0,,,,PARTIAL_PROVISIONAL_DATA,provisional_structured,,,,,,,,,
NAW,Công ty Cổ phần Cấp nước Nghệ An,BLOCKED_INSUFFICIENT_MARKET_DATA,REJECTED,True,False,PROVISIONAL_PRIMARY_ONLY,PROVISIONAL_LOW,NOT_AVAILABLE,NEEDS_MANUAL_BCTC_REVIEW,"[""capex"", ""cfo"", ""equity"", ""gross_profit"", ""last_close"", ""last_price_date"", ""net_income"", ""revenue"", ""total_assets"", ""total_liabilities""]","[""Primary market data missing or incomplete.""]",Primary market data missing or incomplete.,,,11530.0,,11530.0,,,,PARTIAL_PROVISIONAL_DATA,provisional_structured,,,,,,,,,
NBB,Công ty Cổ phần Đầu tư Năm Bảy Bảy,BLOCKED_INSUFFICIENT_MARKET_DATA,REJECTED,True,False,PROVISIONAL_PRIMARY_ONLY,PROVISIONAL_LOW,NOT_AVAILABLE,NEEDS_MANUAL_BCTC_REVIEW,"[""capex"", ""cfo"", ""equity"", ""gross_profit"", ""last_close"", ""last_price_date"", ""net_income"", ""revenue"", ""total_assets"", ""total_liabilities""]","[""Primary market data missing or incomplete.""]",Primary market data missing or incomplete.,,,23940.0,,23940.0,,,,PARTIAL_PROVISIONAL_DATA,provisional_structured,,,,,,,,,
NBC,Công ty Cổ phần Than Núi Béo - Vinacomin,BLOCKED_INSUFFICIENT_MARKET_DATA,REJECTED,True,False,PROVISIONAL_PRIMARY_ONLY,PROVISIONAL_LOW,NOT_AVAILABLE,NEEDS_MANUAL_BCTC_REVIEW,"[""capex"", ""cfo"", ""equity"", ""gross_profit"", ""last_close"", ""last_price_date"", ""net_income"", ""revenue"", ""total_assets"", ""total_liabilities""]","[""Primary market data missing or incomplete.""]",Primary market data missing or incomplete.,,,89960.0,,89960.0,,,,PARTIAL_PROVISIONAL_DATA,provisional_structured,,,,,,,,,
NBE,Công ty Cổ phần Sách và Thiết bị Giáo dục Miền Bắc,BLOCKED_INSUFFICIENT_MARKET_DATA,REJECTED,True,False,PROVISIONAL_PRIMARY_ONLY,PROVISIONAL_LOW,NOT_AVAILABLE,NEEDS_MANUAL_BCTC_REVIEW,"[""capex"", ""cfo"", ""equity"", ""gross_profit"", ""last_close"", ""last_price_date"", ""net_income"", ""revenue"", ""total_assets"", ""total_liabilities""]","[""Primary market data missing or incomplete.""]",Primary market data missing or incomplete.,,,2420.0,,2420.0,,,,PARTIAL_PROVISIONAL_DATA,provisional_structured,,,,,,,,,
NBP,Công ty Cổ phần Nhiệt Điện Ninh Bình,BLOCKED_INSUFFICIENT_MARKET_DATA,REJECTED,True,False,PROVISIONAL_PRIMARY_ONLY,PROVISIONAL_LOW,NOT_AVAILABLE,NEEDS_MANUAL_BCTC_REVIEW,"[""capex"", ""cfo"", ""equity"", ""gross_profit"", ""last_close"", ""last_price_date"", ""net_income"", ""revenue"", ""total_assets"", ""total_liabilities""]","[""Primary market data missing or incomplete.""]",Primary market data missing or incomplete.,,,300.0,,300.0,,,,PARTIAL_PROVISIONAL_DATA,provisional_structured,,,,,,,,,
NBT,Công ty Cổ phần Cấp thoát nước Bến Tre,BLOCKED_INSUFFICIENT_MARKET_DATA,REJECTED,True,False,PROVISIONAL_PRIMARY_ONLY,PROVISIONAL_LOW,NOT_AVAILABLE,NEEDS_MANUAL_BCTC_REVIEW,"[""capex"", ""cfo"", ""equity"", ""gross_profit"", ""last_close"", ""last_price_date"", ""net_income"", ""revenue"", ""total_assets"", ""total_liabilities""]","[""Primary market data missing or incomplete.""]",Primary market data missing or incomplete.,,,70.0,,70.0,,,,PARTIAL_PROVISIONAL_DATA,provisional_structured,,,,,,,,,
NBW,Công ty Cổ phần Cấp nước Nhà Bè,BLOCKED_INSUFFICIENT_MARKET_DATA,REJECTED,True,False,PROVISIONAL_PRIMARY_ONLY,PROVISIONAL_LOW,NOT_AVAILABLE,NEEDS_MANUAL_BCTC_REVIEW,"[""capex"", ""cfo"", ""equity"", ""gross_profit"", ""last_close"", ""last_price_date"", ""net_income"", ""revenue"", ""total_assets"", ""total_liabilities""]","[""Primary market data missing or incomplete.""]",Primary market data missing or incomplete.,,,300.0,,300.0,,,,PARTIAL_PROVISIONAL_DATA,provisional_structured,,,,,,,,,
NCG,Công ty Cổ phần Tập đoàn Nova Consumer,BLOCKED_INSUFFICIENT_MARKET_DATA,REJECTED,True,False,PROVISIONAL_PRIMARY_ONLY,PROVISIONAL_LOW,NOT_AVAILABLE,NEEDS_MANUAL_BCTC_REVIEW,"[""avg_volume_20d"", ""capex"", ""cfo"", ""equity"", ""gross_profit"", ""last_close"", ""last_price_date"", ""net_income"", ""revenue"", ""total_assets"", ""total_liabilities""]","[""Primary market data missing or incomplete.""]",Primary market data missing or incomplete.,,,,,,,,,INSUFFICIENT_DATA,provisional_structured,,,,,,,,,
NCS,Công ty Cổ phần Suất ăn Hàng không Nội Bài,BLOCKED_INSUFFICIENT_MARKET_DATA,REJECTED,True,False,PROVISIONAL_PRIMARY_ONLY,PROVISIONAL_LOW,NOT_AVAILABLE,NEEDS_MANUAL_BCTC_REVIEW,"[""capex"", ""cfo"", ""equity"", ""gross_profit"", ""last_close"", ""last_price_date"", ""net_income"", ""revenue"", ""total_assets"", ""total_liabilities""]","[""Primary market data missing or incomplete.""]",Primary market data missing or incomplete.,,,430.0,,430.0,,,,PARTIAL_PROVISIONAL_DATA,provisional_structured,,,,,,,,,
NCT,Công ty Cổ phần Dịch vụ Hàng hóa Nội Bài,BLOCKED_INSUFFICIENT_MARKET_DATA,REJECTED,True,False,PROVISIONAL_PRIMARY_ONLY,PROVISIONAL_LOW,NOT_AVAILABLE,NEEDS_MANUAL_BCTC_REVIEW,"[""capex"", ""cfo"", ""equity"", ""gross_profit"", ""last_close"", ""last_price_date"", ""net_income"", ""revenue"", ""total_assets"", ""total_liabilities""]","[""Primary market data missing or incomplete.""]",Primary market data missing or incomplete.,,,12710.0,,12710.0,,,,PARTIAL_PROVISIONAL_DATA,provisional_structured,,,,,,,,,
ND2,Công ty Cổ phần Đầu tư và Phát triển điện Miền Bắc 2,BLOCKED_INSUFFICIENT_MARKET_DATA,REJECTED,True,False,PROVISIONAL_PRIMARY_ONLY,PROVISIONAL_LOW,NOT_AVAILABLE,NEEDS_MANUAL_BCTC_REVIEW,"[""capex"", ""cfo"", ""equity"", ""gross_profit"", ""last_close"", ""last_price_date"", ""net_income"", ""revenue"", ""total_assets"", ""total_liabilities""]","[""Primary market data missing or incomplete.""]",Primary market data missing or incomplete.,,,290.0,,290.0,,,,PARTIAL_PROVISIONAL_DATA,provisional_structured,,,,,,,,,
NDC,Công ty Cổ phần Nam Dược,BLOCKED_INSUFFICIENT_MARKET_DATA,REJECTED,True,False,PROVISIONAL_PRIMARY_ONLY,PROVISIONAL_LOW,NOT_AVAILABLE,NEEDS_MANUAL_BCTC_REVIEW,"[""avg_volume_20d"", ""capex"", ""cfo"", ""equity"", ""gross_profit"", ""last_close"", ""last_price_date"", ""net_income"", ""revenue"", ""total_assets"", ""total_liabilities""]","[""Primary market data missing or incomplete.""]",Primary market data missing or incomplete.,,,,,,,,,INSUFFICIENT_DATA,provisional_structured,,,,,,,,,
NDF,Công ty Cổ phần Chế biến thực phẩm nông sản xuất khẩu Nam Định,BLOCKED_INSUFFICIENT_MARKET_DATA,REJECTED,True,False,PROVISIONAL_PRIMARY_ONLY,PROVISIONAL_LOW,NOT_AVAILABLE,NEEDS_MANUAL_BCTC_REVIEW,"[""capex"", ""cfo"", ""equity"", ""gross_profit"", ""last_close"", ""last_price_date"", ""net_income"", ""revenue"", ""total_assets"", ""total_liabilities""]","[""Primary market data missing or incomplete.""]",Primary market data missing or incomplete.,,,6605.0,,6605.0,,,,PARTIAL_PROVISIONAL_DATA,provisional_structured,,,,,,,,,
NDN,Công ty Cổ phần Đầu tư Phát triển Nhà Đà Nẵng,BLOCKED_INSUFFICIENT_MARKET_DATA,REJECTED,True,False,PROVISIONAL_PRIMARY_ONLY,PROVISIONAL_LOW,NOT_AVAILABLE,NEEDS_MANUAL_BCTC_REVIEW,"[""capex"", ""cfo"", ""equity"", ""gross_profit"", ""last_close"", ""last_price_date"", ""net_income"", ""revenue"", ""total_assets"", ""total_liabilities""]","[""Primary market data missing or incomplete.""]",Primary market data missing or incomplete.,,,226690.0,,226690.0,,,,PARTIAL_PROVISIONAL_DATA,provisional_structured,,,,,,,,,
NDP,Công ty Cổ phần Dược phẩm 2/9,BLOCKED_INSUFFICIENT_MARKET_DATA,REJECTED,True,False,PROVISIONAL_PRIMARY_ONLY,PROVISIONAL_LOW,NOT_AVAILABLE,NEEDS_MANUAL_BCTC_REVIEW,"[""capex"", ""cfo"", ""equity"", ""gross_profit"", ""last_close"", ""last_price_date"", ""net_income"", ""revenue"", ""total_assets"", ""total_liabilities""]","[""Primary market data missing or incomplete.""]",Primary market data missing or incomplete.,,,600.0,,600.0,,,,PARTIAL_PROVISIONAL_DATA,provisional_structured,,,,,,,,,
NDT,Tổng Công ty Cổ phần Dệt may Nam Định,BLOCKED_INSUFFICIENT_MARKET_DATA,REJECTED,True,False,PROVISIONAL_PRIMARY_ONLY,PROVISIONAL_LOW,NOT_AVAILABLE,NEEDS_MANUAL_BCTC_REVIEW,"[""capex"", ""cfo"", ""equity"", ""gross_profit"", ""last_close"", ""last_price_date"", ""net_income"", ""revenue"", ""total_assets"", ""total_liabilities""]","[""Primary market data missing or incomplete.""]",Primary market data missing or incomplete.,,,3360.0,,3360.0,,,,PARTIAL_PROVISIONAL_DATA,provisional_structured,,,,,,,,,
NDW,Công ty Cổ phần Cấp nước Nam Định,BLOCKED_INSUFFICIENT_MARKET_DATA,REJECTED,True,False,PROVISIONAL_PRIMARY_ONLY,PROVISIONAL_LOW,NOT_AVAILABLE,NEEDS_MANUAL_BCTC_REVIEW,"[""capex"", ""cfo"", ""equity"", ""gross_profit"", ""last_close"", ""last_price_date"", ""net_income"", ""revenue"", ""total_assets"", ""total_liabilities""]","[""Primary market data missing or incomplete.""]",Primary market data missing or incomplete.,,,30.0,,30.0,,,,PARTIAL_PROVISIONAL_DATA,provisional_structured,,,,,,,,,
NDX,Công ty Cổ phần Xây lắp Phát triển Nhà Đà Nẵng,BLOCKED_INSUFFICIENT_MARKET_DATA,REJECTED,True,False,PROVISIONAL_PRIMARY_ONLY,PROVISIONAL_LOW,NOT_AVAILABLE,NEEDS_MANUAL_BCTC_REVIEW,"[""capex"", ""cfo"", ""equity"", ""gross_profit"", ""last_close"", ""last_price_date"", ""net_income"", ""revenue"", ""total_assets"", ""total_liabilities""]","[""Primary market data missing or incomplete.""]",Primary market data missing or incomplete.,,,6160.0,,6160.0,,,,PARTIAL_PROVISIONAL_DATA,provisional_structured,,,,,,,,,
NED,Công ty Cổ phần Đầu tư và Phát triển Điện Tây Bắc,BLOCKED_INSUFFICIENT_MARKET_DATA,REJECTED,True,False,PROVISIONAL_PRIMARY_ONLY,PROVISIONAL_LOW,NOT_AVAILABLE,NEEDS_MANUAL_BCTC_REVIEW,"[""capex"", ""cfo"", ""equity"", ""gross_profit"", ""last_close"", ""last_price_date"", ""net_income"", ""revenue"", ""total_assets"", ""total_liabilities""]","[""Primary market data missing or incomplete.""]",Primary market data missing or incomplete.,,,21840.0,,21840.0,,,,PARTIAL_PROVISIONAL_DATA,provisional_structured,,,,,,,,,
NEM,Công ty Cổ phần Thiết bị Điện Miền Bắc,BLOCKED_INSUFFICIENT_MARKET_DATA,REJECTED,True,False,PROVISIONAL_PRIMARY_ONLY,PROVISIONAL_LOW,NOT_AVAILABLE,NEEDS_MANUAL_BCTC_REVIEW,"[""avg_volume_20d"", ""capex"", ""cfo"", ""equity"", ""gross_profit"", ""last_close"", ""last_price_date"", ""net_income"", ""revenue"", ""total_assets"", ""total_liabilities""]","[""Primary market data missing or incomplete.""]",Primary market data missing or incomplete.,,,,,,,,,INSUFFICIENT_DATA,provisional_structured,,,,,,,,,
NET,Công ty Cổ phần Bột giặt Net,BLOCKED_INSUFFICIENT_MARKET_DATA,REJECTED,True,False,PROVISIONAL_PRIMARY_ONLY,PROVISIONAL_LOW,NOT_AVAILABLE,NEEDS_MANUAL_BCTC_REVIEW,"[""capex"", ""cfo"", ""equity"", ""gross_profit"", ""last_close"", ""last_price_date"", ""net_income"", ""revenue"", ""total_assets"", ""total_liabilities""]","[""Primary market data missing or incomplete.""]",Primary market data missing or incomplete.,,,1300.0,,1300.0,,,,PARTIAL_PROVISIONAL_DATA,provisional_structured,,,,,,,,,
NFC,Công ty Cổ phần Phân lân Ninh Bình,BLOCKED_INSUFFICIENT_MARKET_DATA,REJECTED,True,False,PROVISIONAL_PRIMARY_ONLY,PROVISIONAL_LOW,NOT_AVAILABLE,NEEDS_MANUAL_BCTC_REVIEW,"[""capex"", ""cfo"", ""equity"", ""gross_profit"", ""last_close"", ""last_price_date"", ""net_income"", ""revenue"", ""total_assets"", ""total_liabilities""]","[""Primary market data missing or incomplete.""]",Primary market data missing or incomplete.,,,680.0,,680.0,,,,PARTIAL_PROVISIONAL_DATA,provisional_structured,,,,,,,,,
NGC,Công ty Cổ phần Chế biến Thủy sản Xuất khẩu Ngô Quyền,BLOCKED_INSUFFICIENT_MARKET_DATA,REJECTED,True,False,PROVISIONAL_PRIMARY_ONLY,PROVISIONAL_LOW,NOT_AVAILABLE,NEEDS_MANUAL_BCTC_REVIEW,"[""avg_volume_20d"", ""capex"", ""cfo"", ""equity"", ""gross_profit"", ""last_close"", ""last_price_date"", ""net_income"", ""revenue"", ""total_assets"", ""total_liabilities""]","[""Primary market data missing or incomplete.""]",Primary market data missing or incomplete.,,,,,,,,,INSUFFICIENT_DATA,provisional_structured,,,,,,,,,
NHA,Tổng Công ty Đầu tư Phát triển Nhà và Đô thị Nam Hà Nội,BLOCKED_INSUFFICIENT_MARKET_DATA,REJECTED,True,False,PROVISIONAL_PRIMARY_ONLY,PROVISIONAL_LOW,NOT_AVAILABLE,NEEDS_MANUAL_BCTC_REVIEW,"[""capex"", ""cfo"", ""equity"", ""gross_profit"", ""last_close"", ""last_price_date"", ""net_income"", ""revenue"", ""total_assets"", ""total_liabilities""]","[""Primary market data missing or incomplete.""]",Primary market data missing or incomplete.,,,105680.0,,105680.0,,,,PARTIAL_PROVISIONAL_DATA,provisional_structured,,,,,,,,,
NHC,Công ty Cổ phần Gạch ngói Nhị Hiệp,BLOCKED_INSUFFICIENT_MARKET_DATA,REJECTED,True,False,PROVISIONAL_PRIMARY_ONLY,PROVISIONAL_LOW,NOT_AVAILABLE,NEEDS_MANUAL_BCTC_REVIEW,"[""capex"", ""cfo"", ""equity"", ""gross_profit"", ""last_close"", ""last_price_date"", ""net_income"", ""revenue"", ""total_assets"", ""total_liabilities""]","[""Primary market data missing or incomplete.""]",Primary market data missing or incomplete.,,,40.0,,40.0,,,,PARTIAL_PROVISIONAL_DATA,provisional_structured,,,,,,,,,
NHH,Công ty Cổ phần Nhựa Hà Nội,BLOCKED_INSUFFICIENT_MARKET_DATA,REJECTED,True,False,PROVISIONAL_PRIMARY_ONLY,PROVISIONAL_LOW,NOT_AVAILABLE,NEEDS_MANUAL_BCTC_REVIEW,"[""capex"", ""cfo"", ""equity"", ""gross_profit"", ""last_close"", ""last_price_date"", ""net_income"", ""revenue"", ""total_assets"", ""total_liabilities""]","[""Primary market data missing or incomplete.""]",Primary market data missing or incomplete.,,,25280.0,,25280.0,,,,PARTIAL_PROVISIONAL_DATA,provisional_structured,,,,,,,,,
NHP,Công ty Cổ phần Sản xuất Xuất nhập khẩu NHP,BLOCKED_INSUFFICIENT_MARKET_DATA,REJECTED,True,False,PROVISIONAL_PRIMARY_ONLY,PROVISIONAL_LOW,NOT_AVAILABLE,NEEDS_MANUAL_BCTC_REVIEW,"[""avg_volume_20d"", ""capex"", ""cfo"", ""equity"", ""gross_profit"", ""last_close"", ""last_price_date"", ""net_income"", ""revenue"", ""total_assets"", ""total_liabilities""]","[""Primary market data missing or incomplete.""]",Primary market data missing or incomplete.,,,,,,,,,INSUFFICIENT_DATA,provisional_structured,,,,,,,,,
NHT,Công ty Cổ phần Sản xuất và Thương mại Nam Hoa,BLOCKED_INSUFFICIENT_MARKET_DATA,REJECTED,True,False,PROVISIONAL_PRIMARY_ONLY,PROVISIONAL_LOW,NOT_AVAILABLE,NEEDS_MANUAL_BCTC_REVIEW,"[""capex"", ""cfo"", ""equity"", ""gross_profit"", ""last_close"", ""last_price_date"", ""net_income"", ""revenue"", ""total_assets"", ""total_liabilities""]","[""Primary market data missing or incomplete.""]",Primary market data missing or incomplete.,,,95380.0,,95380.0,,,,PARTIAL_PROVISIONAL_DATA,provisional_structured,,,,,,,,,
NHV,Công ty Cổ phần Sức khỏe Hồi sinh Việt Nam,BLOCKED_INSUFFICIENT_MARKET_DATA,REJECTED,True,False,PROVISIONAL_PRIMARY_ONLY,PROVISIONAL_LOW,NOT_AVAILABLE,NEEDS_MANUAL_BCTC_REVIEW,"[""avg_volume_20d"", ""capex"", ""cfo"", ""equity"", ""gross_profit"", ""last_close"", ""last_price_date"", ""net_income"", ""revenue"", ""total_assets"", ""total_liabilities""]","[""Primary market data missing or incomplete.""]",Primary market data missing or incomplete.,,,,,,,,,INSUFFICIENT_DATA,provisional_structured,,,,,,,,,
NJC,Công ty Cổ phần May Nam Định,BLOCKED_INSUFFICIENT_MARKET_DATA,REJECTED,True,False,PROVISIONAL_PRIMARY_ONLY,PROVISIONAL_LOW,NOT_AVAILABLE,NEEDS_MANUAL_BCTC_REVIEW,"[""capex"", ""cfo"", ""equity"", ""gross_profit"", ""last_close"", ""last_price_date"", ""net_income"", ""revenue"", ""total_assets"", ""total_liabilities""]","[""Primary market data missing or incomplete.""]",Primary market data missing or incomplete.,,,10.0,,10.0,,,,PARTIAL_PROVISIONAL_DATA,provisional_structured,,,,,,,,,
NKG,Công ty Cổ phần Thép Nam Kim,BLOCKED_INSUFFICIENT_MARKET_DATA,REJECTED,True,False,PROVISIONAL_PRIMARY_ONLY,PROVISIONAL_LOW,NOT_AVAILABLE,NEEDS_MANUAL_BCTC_REVIEW,"[""capex"", ""cfo"", ""equity"", ""gross_profit"", ""last_price_date"", ""net_income"", ""revenue"", ""total_assets"", ""total_liabilities""]","[""Primary market data missing or incomplete.""]",Primary market data missing or incomplete.,,14.0,2280810.0,,2280810.0,31931340.0,,,PARTIAL_PROVISIONAL_DATA,provisional_structured,,,,,,,,,
NLG,Công ty Cổ phần Đầu tư Nam Long,BLOCKED_INSUFFICIENT_MARKET_DATA,REJECTED,True,False,PROVISIONAL_PRIMARY_ONLY,PROVISIONAL_LOW,NOT_AVAILABLE,NEEDS_MANUAL_BCTC_REVIEW,"[""capex"", ""cfo"", ""equity"", ""gross_profit"", ""last_close"", ""last_price_date"", ""net_income"", ""revenue"", ""total_assets"", ""total_liabilities""]","[""Primary market data missing or incomplete.""]",Primary market data missing or incomplete.,,,1934370.0,,1934370.0,,,,PARTIAL_PROVISIONAL_DATA,provisional_structured,,,,,,,,,
NLS,Công ty Cổ phần Cấp thoát nước Lạng Sơn,BLOCKED_INSUFFICIENT_MARKET_DATA,REJECTED,True,False,PROVISIONAL_PRIMARY_ONLY,PROVISIONAL_LOW,NOT_AVAILABLE,NEEDS_MANUAL_BCTC_REVIEW,"[""avg_volume_20d"", ""capex"", ""cfo"", ""equity"", ""gross_profit"", ""last_close"", ""last_price_date"", ""net_income"", ""revenue"", ""total_assets"", ""total_liabilities""]","[""Primary market data missing or incomplete.""]",Primary market data missing or incomplete.,,,,,,,,,INSUFFICIENT_DATA,provisional_structured,,,,,,,,,
NNC,Công ty Cổ phần Đá Núi Nhỏ,BLOCKED_INSUFFICIENT_MARKET_DATA,REJECTED,True,False,PROVISIONAL_PRIMARY_ONLY,PROVISIONAL_LOW,NOT_AVAILABLE,NEEDS_MANUAL_BCTC_REVIEW,"[""capex"", ""cfo"", ""equity"", ""gross_profit"", ""last_close"", ""last_price_date"", ""net_income"", ""revenue"", ""total_assets"", ""total_liabilities""]","[""Primary market data missing or incomplete.""]",Primary market data missing or incomplete.,,,35940.0,,35940.0,,,,PARTIAL_PROVISIONAL_DATA,provisional_structured,,,,,,,,,
NNG,Công ty Cổ phần Công nghiệp - Dịch vụ - Thương mại Ngọc Nghĩa,BLOCKED_INSUFFICIENT_MARKET_DATA,REJECTED,True,False,PROVISIONAL_PRIMARY_ONLY,PROVISIONAL_LOW,NOT_AVAILABLE,NEEDS_MANUAL_BCTC_REVIEW,"[""capex"", ""cfo"", ""equity"", ""gross_profit"", ""last_price_date"", ""net_income"", ""revenue"", ""total_assets"", ""total_liabilities""]","[""Primary market data missing or incomplete.""]",Primary market data missing or incomplete.,,14.7,2006.0,,2006.0,29488.2,,,PARTIAL_PROVISIONAL_DATA,provisional_structured,,,,,,,,,
NNQ,Công ty Cổ phần Giống Nông Nghiệp Quảng Nam,BLOCKED_INSUFFICIENT_MARKET_DATA,REJECTED,True,False,PROVISIONAL_PRIMARY_ONLY,PROVISIONAL_LOW,NOT_AVAILABLE,NEEDS_MANUAL_BCTC_REVIEW,"[""avg_volume_20d"", ""capex"", ""cfo"", ""equity"", ""gross_profit"", ""last_close"", ""last_price_date"", ""net_income"", ""revenue"", ""total_assets"", ""total_liabilities""]","[""Primary market data missing or incomplete.""]",Primary market data missing or incomplete.,,,,,,,,,INSUFFICIENT_DATA,provisional_structured,,,,,,,,,
NNT,Công ty Cổ phần Cấp nước Ninh Thuận,BLOCKED_INSUFFICIENT_MARKET_DATA,REJECTED,True,False,PROVISIONAL_PRIMARY_ONLY,PROVISIONAL_LOW,NOT_AVAILABLE,NEEDS_MANUAL_BCTC_REVIEW,"[""capex"", ""cfo"", ""equity"", ""gross_profit"", ""last_close"", ""last_price_date"", ""net_income"", ""revenue"", ""total_assets"", ""total_liabilities""]","[""Primary market data missing or incomplete.""]",Primary market data missing or incomplete.,,,210.0,,210.0,,,,PARTIAL_PROVISIONAL_DATA,provisional_structured,,,,,,,,,
NO1,Công ty Cổ phần Tâp đoàn 911,BLOCKED_INSUFFICIENT_MARKET_DATA,REJECTED,True,False,PROVISIONAL_PRIMARY_ONLY,PROVISIONAL_LOW,NOT_AVAILABLE,NEEDS_MANUAL_BCTC_REVIEW,"[""capex"", ""cfo"", ""equity"", ""gross_profit"", ""last_close"", ""last_price_date"", ""net_income"", ""revenue"", ""total_assets"", ""total_liabilities""]","[""Primary market data missing or incomplete.""]",Primary market data missing or incomplete.,,,27330.0,,27330.0,,,,PARTIAL_PROVISIONAL_DATA,provisional_structured,,,,,,,,,
NOS,Công ty Cổ phần Vận tải Biển và Thương mại Phương Đông,BLOCKED_INSUFFICIENT_MARKET_DATA,REJECTED,True,False,PROVISIONAL_PRIMARY_ONLY,PROVISIONAL_LOW,NOT_AVAILABLE,NEEDS_MANUAL_BCTC_REVIEW,"[""capex"", ""cfo"", ""equity"", ""gross_profit"", ""last_close"", ""last_price_date"", ""net_income"", ""revenue"", ""total_assets"", ""total_liabilities""]","[""Primary market data missing or incomplete.""]",Primary market data missing or incomplete.,,,1190.0,,1190.0,,,,PARTIAL_PROVISIONAL_DATA,provisional_structured,,,,,,,,,
NQB,Công ty Cổ phần Cấp nước Quảng Bình,BLOCKED_INSUFFICIENT_MARKET_DATA,REJECTED,True,False,PROVISIONAL_PRIMARY_ONLY,PROVISIONAL_LOW,NOT_AVAILABLE,NEEDS_MANUAL_BCTC_REVIEW,"[""avg_volume_20d"", ""capex"", ""cfo"", ""equity"", ""gross_profit"", ""last_close"", ""last_price_date"", ""net_income"", ""revenue"", ""total_assets"", ""total_liabilities""]","[""Primary market data missing or incomplete.""]",Primary market data missing or incomplete.,,,,,,,,,INSUFFICIENT_DATA,provisional_structured,,,,,,,,,
NQN,Công ty Cổ phần Nước sạch Quảng Ninh,BLOCKED_INSUFFICIENT_MARKET_DATA,REJECTED,True,False,PROVISIONAL_PRIMARY_ONLY,PROVISIONAL_LOW,NOT_AVAILABLE,NEEDS_MANUAL_BCTC_REVIEW,"[""capex"", ""cfo"", ""equity"", ""gross_profit"", ""last_close"", ""last_price_date"", ""net_income"", ""revenue"", ""total_assets"", ""total_liabilities""]","[""Primary market data missing or incomplete.""]",Primary market data missing or incomplete.,,,540.0,,540.0,,,,PARTIAL_PROVISIONAL_DATA,provisional_structured,,,,,,,,,
NQT,Công ty Cổ phần Nước sạch Quảng Trị,BLOCKED_INSUFFICIENT_MARKET_DATA,REJECTED,True,False,PROVISIONAL_PRIMARY_ONLY,PROVISIONAL_LOW,NOT_AVAILABLE,NEEDS_MANUAL_BCTC_REVIEW,"[""avg_volume_20d"", ""capex"", ""cfo"", ""equity"", ""gross_profit"", ""last_close"", ""last_price_date"", ""net_income"", ""revenue"", ""total_assets"", ""total_liabilities""]","[""Primary market data missing or incomplete.""]",Primary market data missing or incomplete.,,,,,,,,,INSUFFICIENT_DATA,provisional_structured,,,,,,,,,
NRC,Công ty Cổ phần Tập đoàn NRC,BLOCKED_INSUFFICIENT_MARKET_DATA,REJECTED,True,False,PROVISIONAL_PRIMARY_ONLY,PROVISIONAL_LOW,NOT_AVAILABLE,NEEDS_MANUAL_BCTC_REVIEW,"[""capex"", ""cfo"", ""equity"", ""gross_profit"", ""last_close"", ""last_price_date"", ""net_income"", ""revenue"", ""total_assets"", ""total_liabilities""]","[""Primary market data missing or incomplete.""]",Primary market data missing or incomplete.,,,509400.0,,509400.0,,,,PARTIAL_PROVISIONAL_DATA,provisional_structured,,,,,,,,,
NS2,Công ty Cổ phần Nước sạch số 2 Hà Nội,BLOCKED_INSUFFICIENT_MARKET_DATA,REJECTED,True,False,PROVISIONAL_PRIMARY_ONLY,PROVISIONAL_LOW,NOT_AVAILABLE,NEEDS_MANUAL_BCTC_REVIEW,"[""capex"", ""cfo"", ""equity"", ""gross_profit"", ""last_close"", ""last_price_date"", ""net_income"", ""revenue"", ""total_assets"", ""total_liabilities""]","[""Primary market data missing or incomplete.""]",Primary market data missing or incomplete.,,,420.0,,420.0,,,,PARTIAL_PROVISIONAL_DATA,provisional_structured,,,,,,,,,
NS3,Công ty Cổ phần Sản xuất Kinh doanh Nước sạch số 3 Hà Nội,BLOCKED_INSUFFICIENT_MARKET_DATA,REJECTED,True,False,PROVISIONAL_PRIMARY_ONLY,PROVISIONAL_LOW,NOT_AVAILABLE,NEEDS_MANUAL_BCTC_REVIEW,"[""capex"", ""cfo"", ""equity"", ""gross_profit"", ""last_close"", ""last_price_date"", ""net_income"", ""revenue"", ""total_assets"", ""total_liabilities""]","[""Primary market data missing or incomplete.""]",Primary market data missing or incomplete.,,,4540.0,,4540.0,,,,PARTIAL_PROVISIONAL_DATA,provisional_structured,,,,,,,,,
NSC,Công ty Cổ phần Tập đoàn Giống cây trồng Việt Nam,BLOCKED_INSUFFICIENT_MARKET_DATA,REJECTED,True,False,PROVISIONAL_PRIMARY_ONLY,PROVISIONAL_LOW,NOT_AVAILABLE,NEEDS_MANUAL_BCTC_REVIEW,"[""capex"", ""cfo"", ""equity"", ""gross_profit"", ""last_close"", ""last_price_date"", ""net_income"", ""revenue"", ""total_assets"", ""total_liabilities""]","[""Primary market data missing or incomplete.""]",Primary market data missing or incomplete.,,,460.0,,460.0,,,,PARTIAL_PROVISIONAL_DATA,provisional_structured,,,,,,,,,
NSG,Công ty Cổ phần Nhựa Sài Gòn,BLOCKED_INSUFFICIENT_MARKET_DATA,REJECTED,True,False,PROVISIONAL_PRIMARY_ONLY,PROVISIONAL_LOW,NOT_AVAILABLE,NEEDS_MANUAL_BCTC_REVIEW,"[""avg_volume_20d"", ""capex"", ""cfo"", ""equity"", ""gross_profit"", ""last_close"", ""last_price_date"", ""net_income"", ""revenue"", ""total_assets"", ""total_liabilities""]","[""Primary market data missing or incomplete.""]",Primary market data missing or incomplete.,,,,,,,,,INSUFFICIENT_DATA,provisional_structured,,,,,,,,,
NSH,Công ty Cổ phần Tập đoàn Nhôm Sông Hồng Shalumi,BLOCKED_INSUFFICIENT_MARKET_DATA,REJECTED,True,False,PROVISIONAL_PRIMARY_ONLY,PROVISIONAL_LOW,NOT_AVAILABLE,NEEDS_MANUAL_BCTC_REVIEW,"[""capex"", ""cfo"", ""equity"", ""gross_profit"", ""last_price_date"", ""net_income"", ""revenue"", ""total_assets"", ""total_liabilities""]","[""Primary market data missing or incomplete.""]",Primary market data missing or incomplete.,,4.8,51808.0,,51808.0,248678.4,,,PARTIAL_PROVISIONAL_DATA,provisional_structured,,,,,,,,,
NSL,Công ty Cổ phần Cấp nước Sơn La,BLOCKED_INSUFFICIENT_MARKET_DATA,REJECTED,True,False,PROVISIONAL_PRIMARY_ONLY,PROVISIONAL_LOW,NOT_AVAILABLE,NEEDS_MANUAL_BCTC_REVIEW,"[""avg_volume_20d"", ""capex"", ""cfo"", ""equity"", ""gross_profit"", ""last_close"", ""last_price_date"", ""net_income"", ""revenue"", ""total_assets"", ""total_liabilities""]","[""Primary market data missing or incomplete.""]",Primary market data missing or incomplete.,,,,,,,,,INSUFFICIENT_DATA,provisional_structured,,,,,,,,,
NSS,Công ty Cổ phần Nông súc sản Đồng Nai,BLOCKED_INSUFFICIENT_MARKET_DATA,REJECTED,True,False,PROVISIONAL_PRIMARY_ONLY,PROVISIONAL_LOW,NOT_AVAILABLE,NEEDS_MANUAL_BCTC_REVIEW,"[""avg_volume_20d"", ""capex"", ""cfo"", ""equity"", ""gross_profit"", ""last_close"", ""last_price_date"", ""net_income"", ""revenue"", ""total_assets"", ""total_liabilities""]","[""Primary market data missing or incomplete.""]",Primary market data missing or incomplete.,,,,,,,,,INSUFFICIENT_DATA,provisional_structured,,,,,,,,,
NST,Công ty Cổ phần Ngân Sơn,BLOCKED_INSUFFICIENT_MARKET_DATA,REJECTED,True,False,PROVISIONAL_PRIMARY_ONLY,PROVISIONAL_LOW,NOT_AVAILABLE,NEEDS_MANUAL_BCTC_REVIEW,"[""capex"", ""cfo"", ""equity"", ""gross_profit"", ""last_close"", ""last_price_date"", ""net_income"", ""revenue"", ""total_assets"", ""total_liabilities""]","[""Primary market data missing or incomplete.""]",Primary market data missing or incomplete.,,,2900.0,,2900.0,,,,PARTIAL_PROVISIONAL_DATA,provisional_structured,,,,,,,,,
NT2,Công ty Cổ phần Điện lực Dầu khí Nhơn Trạch 2,BLOCKED_INSUFFICIENT_MARKET_DATA,REJECTED,True,False,PROVISIONAL_PRIMARY_ONLY,PROVISIONAL_LOW,NOT_AVAILABLE,NEEDS_MANUAL_BCTC_REVIEW,"[""capex"", ""cfo"", ""equity"", ""gross_profit"", ""last_close"", ""last_price_date"", ""net_income"", ""revenue"", ""total_assets"", ""total_liabilities""]","[""Primary market data missing or incomplete.""]",Primary market data missing or incomplete.,,,659820.0,,659820.0,,,,PARTIAL_PROVISIONAL_DATA,provisional_structured,,,,,,,,,
NTB,Công ty Cổ phần Đầu tư Xây dựng và Khai thác Công trình giao thông 584,BLOCKED_INSUFFICIENT_MARKET_DATA,REJECTED,True,False,PROVISIONAL_PRIMARY_ONLY,PROVISIONAL_LOW,NOT_AVAILABLE,NEEDS_MANUAL_BCTC_REVIEW,"[""avg_volume_20d"", ""capex"", ""cfo"", ""equity"", ""gross_profit"", ""last_close"", ""last_price_date"", ""net_income"", ""revenue"", ""total_assets"", ""total_liabilities""]","[""Primary market data missing or incomplete.""]",Primary market data missing or incomplete.,,,,,,,,,INSUFFICIENT_DATA,provisional_structured,,,,,,,,,
NTC,Công ty Cổ phần Khu Công nghiệp Nam Tân Uyên,BLOCKED_INSUFFICIENT_MARKET_DATA,REJECTED,True,False,PROVISIONAL_PRIMARY_ONLY,PROVISIONAL_LOW,NOT_AVAILABLE,NEEDS_MANUAL_BCTC_REVIEW,"[""capex"", ""cfo"", ""equity"", ""gross_profit"", ""last_close"", ""last_price_date"", ""net_income"", ""revenue"", ""total_assets"", ""total_liabilities""]","[""Primary market data missing or incomplete.""]",Primary market data missing or incomplete.,,,3720.0,,3720.0,,,,PARTIAL_PROVISIONAL_DATA,provisional_structured,,,,,,,,,
NTF,Công ty Cổ phần Dược - Vật tư y tế Nghệ An,BLOCKED_INSUFFICIENT_MARKET_DATA,REJECTED,True,False,PROVISIONAL_PRIMARY_ONLY,PROVISIONAL_LOW,NOT_AVAILABLE,NEEDS_MANUAL_BCTC_REVIEW,"[""capex"", ""cfo"", ""equity"", ""gross_profit"", ""last_close"", ""last_price_date"", ""net_income"", ""revenue"", ""total_assets"", ""total_liabilities""]","[""Primary market data missing or incomplete.""]",Primary market data missing or incomplete.,,,60.0,,60.0,,,,PARTIAL_PROVISIONAL_DATA,provisional_structured,,,,,,,,,
NTH,Công ty Cổ phần Thủy điện Nước Trong,BLOCKED_INSUFFICIENT_MARKET_DATA,REJECTED,True,False,PROVISIONAL_PRIMARY_ONLY,PROVISIONAL_LOW,NOT_AVAILABLE,NEEDS_MANUAL_BCTC_REVIEW,"[""capex"", ""cfo"", ""equity"", ""gross_profit"", ""last_close"", ""last_price_date"", ""net_income"", ""revenue"", ""total_assets"", ""total_liabilities""]","[""Primary market data missing or incomplete.""]",Primary market data missing or incomplete.,,,200.0,,200.0,,,,PARTIAL_PROVISIONAL_DATA,provisional_structured,,,,,,,,,
NTL,Công ty Cổ phần Phát triển Đô thị Từ Liêm,BLOCKED_INSUFFICIENT_MARKET_DATA,REJECTED,True,False,PROVISIONAL_PRIMARY_ONLY,PROVISIONAL_LOW,NOT_AVAILABLE,NEEDS_MANUAL_BCTC_REVIEW,"[""capex"", ""cfo"", ""equity"", ""gross_profit"", ""last_close"", ""last_price_date"", ""net_income"", ""revenue"", ""total_assets"", ""total_liabilities""]","[""Primary market data missing or incomplete.""]",Primary market data missing or incomplete.,,,485100.0,,485100.0,,,,PARTIAL_PROVISIONAL_DATA,provisional_structured,,,,,,,,,
NTP,Công ty Cổ phần Nhựa Thiếu niên Tiền Phong,BLOCKED_INSUFFICIENT_MARKET_DATA,REJECTED,True,False,PROVISIONAL_PRIMARY_ONLY,PROVISIONAL_LOW,NOT_AVAILABLE,NEEDS_MANUAL_BCTC_REVIEW,"[""capex"", ""cfo"", ""equity"", ""gross_profit"", ""last_close"", ""last_price_date"", ""net_income"", ""revenue"", ""total_assets"", ""total_liabilities""]","[""Primary market data missing or incomplete.""]",Primary market data missing or incomplete.,,,68850.0,,68850.0,,,,PARTIAL_PROVISIONAL_DATA,provisional_structured,,,,,,,,,
NTT,Công ty Cổ phần Dệt - May Nha Trang,BLOCKED_INSUFFICIENT_MARKET_DATA,REJECTED,True,False,PROVISIONAL_PRIMARY_ONLY,PROVISIONAL_LOW,NOT_AVAILABLE,NEEDS_MANUAL_BCTC_REVIEW,"[""capex"", ""cfo"", ""equity"", ""gross_profit"", ""last_close"", ""last_price_date"", ""net_income"", ""revenue"", ""total_assets"", ""total_liabilities""]","[""Primary market data missing or incomplete.""]",Primary market data missing or incomplete.,,,110.0,,110.0,,,,PARTIAL_PROVISIONAL_DATA,provisional_structured,,,,,,,,,
NTW,Công ty Cổ phần Cấp nước Nhơn Trạch,BLOCKED_INSUFFICIENT_MARKET_DATA,REJECTED,True,False,PROVISIONAL_PRIMARY_ONLY,PROVISIONAL_LOW,NOT_AVAILABLE,NEEDS_MANUAL_BCTC_REVIEW,"[""capex"", ""cfo"", ""equity"", ""gross_profit"", ""last_close"", ""last_price_date"", ""net_income"", ""revenue"", ""total_assets"", ""total_liabilities""]","[""Primary market data missing or incomplete.""]",Primary market data missing or incomplete.,,,280.0,,280.0,,,,PARTIAL_PROVISIONAL_DATA,provisional_structured,,,,,,,,,
NUE,Công ty Cổ phần Môi trường Đô thị Nha Trang,BLOCKED_INSUFFICIENT_MARKET_DATA,REJECTED,True,False,PROVISIONAL_PRIMARY_ONLY,PROVISIONAL_LOW,NOT_AVAILABLE,NEEDS_MANUAL_BCTC_REVIEW,"[""capex"", ""cfo"", ""equity"", ""gross_profit"", ""last_close"", ""last_price_date"", ""net_income"", ""revenue"", ""total_assets"", ""total_liabilities""]","[""Primary market data missing or incomplete.""]",Primary market data missing or incomplete.,,,270.0,,270.0,,,,PARTIAL_PROVISIONAL_DATA,provisional_structured,,,,,,,,,
NVB,Ngân hàng Thương mại Cổ phần Quốc Dân,BLOCKED_INSUFFICIENT_MARKET_DATA,REJECTED,True,False,PROVISIONAL_PRIMARY_ONLY,PROVISIONAL_LOW,NOT_AVAILABLE,NEEDS_MANUAL_BCTC_REVIEW,"[""capex"", ""cfo"", ""equity"", ""gross_profit"", ""last_close"", ""last_price_date"", ""net_income"", ""revenue"", ""total_assets"", ""total_liabilities""]","[""Primary market data missing or incomplete.""]",Primary market data missing or incomplete.,,,345910.0,,345910.0,,,,PARTIAL_PROVISIONAL_DATA,provisional_structured,,,,,,,,,
NVL,Công ty Cổ phần Tập đoàn Đầu tư Địa ốc No Va,BLOCKED_INSUFFICIENT_MARKET_DATA,REJECTED,True,False,PROVISIONAL_PRIMARY_ONLY,PROVISIONAL_LOW,NOT_AVAILABLE,NEEDS_MANUAL_BCTC_REVIEW,"[""capex"", ""cfo"", ""equity"", ""gross_profit"", ""last_close"", ""last_price_date"", ""net_income"", ""revenue"", ""total_assets"", ""total_liabilities""]","[""Primary market data missing or incomplete.""]",Primary market data missing or incomplete.,,,19871890.0,,19871890.0,,,,PARTIAL_PROVISIONAL_DATA,provisional_structured,,,,,,,,,
NVP,Công ty Cổ phần Nước sạch Vĩnh Phúc,BLOCKED_INSUFFICIENT_MARKET_DATA,REJECTED,True,False,PROVISIONAL_PRIMARY_ONLY,PROVISIONAL_LOW,NOT_AVAILABLE,NEEDS_MANUAL_BCTC_REVIEW,"[""avg_volume_20d"", ""capex"", ""cfo"", ""equity"", ""gross_profit"", ""last_close"", ""last_price_date"", ""net_income"", ""revenue"", ""total_assets"", ""total_liabilities""]","[""Primary market data missing or incomplete.""]",Primary market data missing or incomplete.,,,,,,,,,INSUFFICIENT_DATA,provisional_structured,,,,,,,,,
NVT,Công ty Cổ phần Bất động sản Du lịch Ninh Vân Bay,BLOCKED_INSUFFICIENT_MARKET_DATA,REJECTED,True,False,PROVISIONAL_PRIMARY_ONLY,PROVISIONAL_LOW,NOT_AVAILABLE,NEEDS_MANUAL_BCTC_REVIEW,"[""capex"", ""cfo"", ""equity"", ""gross_profit"", ""last_close"", ""last_price_date"", ""net_income"", ""revenue"", ""total_assets"", ""total_liabilities""]","[""Primary market data missing or incomplete.""]",Primary market data missing or incomplete.,,,7980.0,,7980.0,,,,PARTIAL_PROVISIONAL_DATA,provisional_structured,,,,,,,,,
NWT,Công ty Cổ phần Vận tải Newway,BLOCKED_INSUFFICIENT_MARKET_DATA,REJECTED,True,False,PROVISIONAL_PRIMARY_ONLY,PROVISIONAL_LOW,NOT_AVAILABLE,NEEDS_MANUAL_BCTC_REVIEW,"[""avg_volume_20d"", ""capex"", ""cfo"", ""equity"", ""gross_profit"", ""last_close"", ""last_price_date"", ""net_income"", ""revenue"", ""total_assets"", ""total_liabilities""]","[""Primary market data missing or incomplete.""]",Primary market data missing or incomplete.,,,,,,,,,INSUFFICIENT_DATA,provisional_structured,,,,,,,,,
NXT,Công ty Cổ phần Sản xuất và Cung ứng vật liệu xây dựng Kon Tum,BLOCKED_INSUFFICIENT_MARKET_DATA,REJECTED,True,False,PROVISIONAL_PRIMARY_ONLY,PROVISIONAL_LOW,NOT_AVAILABLE,NEEDS_MANUAL_BCTC_REVIEW,"[""capex"", ""cfo"", ""equity"", ""gross_profit"", ""last_close"", ""last_price_date"", ""net_income"", ""revenue"", ""total_assets"", ""total_liabilities""]","[""Primary market data missing or incomplete.""]",Primary market data missing or incomplete.,,,480.0,,480.0,,,,PARTIAL_PROVISIONAL_DATA,provisional_structured,,,,,,,,,
OCB,Ngân hàng Thương mại Cổ phần Phương Đông,BLOCKED_INSUFFICIENT_MARKET_DATA,REJECTED,True,False,PROVISIONAL_PRIMARY_ONLY,PROVISIONAL_LOW,NOT_AVAILABLE,NEEDS_MANUAL_BCTC_REVIEW,"[""capex"", ""cfo"", ""equity"", ""gross_profit"", ""last_close"", ""last_price_date"", ""net_income"", ""revenue"", ""total_assets"", ""total_liabilities""]","[""Primary market data missing or incomplete.""]",Primary market data missing or incomplete.,,,1546130.0,,1546130.0,,,,PARTIAL_PROVISIONAL_DATA,provisional_structured,,,,,,,,,
OCH,Công ty Cổ phần One Capital Hospitality,BLOCKED_INSUFFICIENT_MARKET_DATA,REJECTED,True,False,PROVISIONAL_PRIMARY_ONLY,PROVISIONAL_LOW,NOT_AVAILABLE,NEEDS_MANUAL_BCTC_REVIEW,"[""capex"", ""cfo"", ""equity"", ""gross_profit"", ""last_close"", ""last_price_date"", ""net_income"", ""revenue"", ""total_assets"", ""total_liabilities""]","[""Primary market data missing or incomplete.""]",Primary market data missing or incomplete.,,,279760.0,,279760.0,,,,PARTIAL_PROVISIONAL_DATA,provisional_structured,,,,,,,,,
ODE,Công ty cổ phần Tập đoàn Truyền thông và Giải trí ODE,BLOCKED_INSUFFICIENT_MARKET_DATA,REJECTED,True,False,PROVISIONAL_PRIMARY_ONLY,PROVISIONAL_LOW,NOT_AVAILABLE,NEEDS_MANUAL_BCTC_REVIEW,"[""capex"", ""cfo"", ""equity"", ""gross_profit"", ""last_price_date"", ""net_income"", ""revenue"", ""total_assets"", ""total_liabilities""]","[""Primary market data missing or incomplete.""]",Primary market data missing or incomplete.,,45.8,51320.0,,51320.0,2350456.0,,,PARTIAL_PROVISIONAL_DATA,provisional_structured,,,,,,,,,
OGC,Công ty Cổ phần Tập đoàn Đại Dương,BLOCKED_INSUFFICIENT_MARKET_DATA,REJECTED,True,False,PROVISIONAL_PRIMARY_ONLY,PROVISIONAL_LOW,NOT_AVAILABLE,NEEDS_MANUAL_BCTC_REVIEW,"[""avg_volume_20d"", ""capex"", ""cfo"", ""equity"", ""gross_profit"", ""last_close"", ""last_price_date"", ""net_income"", ""revenue"", ""total_assets"", ""total_liabilities""]","[""Primary market data missing or incomplete.""]",Primary market data missing or incomplete.,,,,,,,,,INSUFFICIENT_DATA,provisional_structured,,,,,,,,,
OIL,Tổng Công ty Dầu Việt Nam - Công ty Cổ phần,BLOCKED_INSUFFICIENT_MARKET_DATA,REJECTED,True,False,PROVISIONAL_PRIMARY_ONLY,PROVISIONAL_LOW,NOT_AVAILABLE,NEEDS_MANUAL_BCTC_REVIEW,"[""avg_volume_20d"", ""capex"", ""cfo"", ""equity"", ""gross_profit"", ""last_close"", ""last_price_date"", ""net_income"", ""revenue"", ""total_assets"", ""total_liabilities""]","[""Primary market data missing or incomplete.""]",Primary market data missing or incomplete.,,,,,,,,,INSUFFICIENT_DATA,provisional_structured,,,,,,,,,
ONE,Công ty Cổ phần Công nghệ ONE,BLOCKED_INSUFFICIENT_MARKET_DATA,REJECTED,True,False,PROVISIONAL_PRIMARY_ONLY,PROVISIONAL_LOW,NOT_AVAILABLE,NEEDS_MANUAL_BCTC_REVIEW,"[""capex"", ""cfo"", ""equity"", ""gross_profit"", ""last_close"", ""last_price_date"", ""net_income"", ""revenue"", ""total_assets"", ""total_liabilities""]","[""Primary market data missing or incomplete.""]",Primary market data missing or incomplete.,,,1040.0,,1040.0,,,,PARTIAL_PROVISIONAL_DATA,provisional_structured,,,,,,,,,
ONW,Công ty Cổ phần Tập đoàn ONW,BLOCKED_INSUFFICIENT_MARKET_DATA,REJECTED,True,False,PROVISIONAL_PRIMARY_ONLY,PROVISIONAL_LOW,NOT_AVAILABLE,NEEDS_MANUAL_BCTC_REVIEW,"[""avg_volume_20d"", ""capex"", ""cfo"", ""equity"", ""gross_profit"", ""last_close"", ""last_price_date"", ""net_income"", ""revenue"", ""total_assets"", ""total_liabilities""]","[""Primary market data missing or incomplete.""]",Primary market data missing or incomplete.,,,,,,,,,INSUFFICIENT_DATA,provisional_structured,,,,,,,,,
OPC,Công ty Cổ phần Dược Phẩm OPC,BLOCKED_INSUFFICIENT_MARKET_DATA,REJECTED,True,False,PROVISIONAL_PRIMARY_ONLY,PROVISIONAL_LOW,NOT_AVAILABLE,NEEDS_MANUAL_BCTC_REVIEW,"[""capex"", ""cfo"", ""equity"", ""gross_profit"", ""last_close"", ""last_price_date"", ""net_income"", ""revenue"", ""total_assets"", ""total_liabilities""]","[""Primary market data missing or incomplete.""]",Primary market data missing or incomplete.,,,12320.0,,12320.0,,,,PARTIAL_PROVISIONAL_DATA,provisional_structured,,,,,,,,,
ORS,Công ty Cổ phần Chứng khoán Tiên Phong,BLOCKED_INSUFFICIENT_MARKET_DATA,REJECTED,True,False,PROVISIONAL_PRIMARY_ONLY,PROVISIONAL_LOW,NOT_AVAILABLE,NEEDS_MANUAL_BCTC_REVIEW,"[""capex"", ""cfo"", ""equity"", ""gross_profit"", ""last_price_date"", ""net_income"", ""revenue"", ""total_assets"", ""total_liabilities""]","[""Primary market data missing or incomplete.""]",Primary market data missing or incomplete.,,13.2,2791710.0,,2791710.0,36850572.0,,,PARTIAL_PROVISIONAL_DATA,provisional_structured,,,,,,,,,
PAC,Công ty Cổ phần Pin Ắc quy Miền Nam,BLOCKED_INSUFFICIENT_MARKET_DATA,REJECTED,True,False,PROVISIONAL_PRIMARY_ONLY,PROVISIONAL_LOW,NOT_AVAILABLE,NEEDS_MANUAL_BCTC_REVIEW,"[""avg_volume_20d"", ""capex"", ""cfo"", ""equity"", ""gross_profit"", ""last_close"", ""last_price_date"", ""net_income"", ""revenue"", ""total_assets"", ""total_liabilities""]","[""Primary market data missing or incomplete.""]",Primary market data missing or incomplete.,,,,,,,,,INSUFFICIENT_DATA,provisional_structured,,,,,,,,,
PAI,"Công ty Cổ phần Công nghê thông tin, Viễn thông và Tự động hóa Dầu khí",BLOCKED_INSUFFICIENT_MARKET_DATA,REJECTED,True,False,PROVISIONAL_PRIMARY_ONLY,PROVISIONAL_LOW,NOT_AVAILABLE,NEEDS_MANUAL_BCTC_REVIEW,"[""avg_volume_20d"", ""capex"", ""cfo"", ""equity"", ""gross_profit"", ""last_close"", ""last_price_date"", ""net_income"", ""revenue"", ""total_assets"", ""total_liabilities""]","[""Primary market data missing or incomplete.""]",Primary market data missing or incomplete.,,,,,,,,,INSUFFICIENT_DATA,provisional_structured,,,,,,,,,
PAN,Công ty Cổ phần Tập đoàn PAN,BLOCKED_INSUFFICIENT_MARKET_DATA,REJECTED,True,False,PROVISIONAL_PRIMARY_ONLY,PROVISIONAL_LOW,NOT_AVAILABLE,NEEDS_MANUAL_BCTC_REVIEW,"[""avg_volume_20d"", ""capex"", ""cfo"", ""equity"", ""gross_profit"", ""last_close"", ""last_price_date"", ""net_income"", ""revenue"", ""total_assets"", ""total_liabilities""]","[""Primary market data missing or incomplete.""]",Primary market data missing or incomplete.,,,,,,,,,INSUFFICIENT_DATA,provisional_structured,,,,,,,,,
PAP,Công ty Cổ phần Dầu khí đầu tư khai thác Cảng Phước An,BLOCKED_INSUFFICIENT_MARKET_DATA,REJECTED,True,False,PROVISIONAL_PRIMARY_ONLY,PROVISIONAL_LOW,NOT_AVAILABLE,NEEDS_MANUAL_BCTC_REVIEW,"[""avg_volume_20d"", ""capex"", ""cfo"", ""equity"", ""gross_profit"", ""last_close"", ""last_price_date"", ""net_income"", ""revenue"", ""total_assets"", ""total_liabilities""]","[""Primary market data missing or incomplete.""]",Primary market data missing or incomplete.,,,,,,,,,INSUFFICIENT_DATA,provisional_structured,,,,,,,,,
PAS,Công ty Cổ phần Quốc tế Phương Anh,BLOCKED_INSUFFICIENT_MARKET_DATA,REJECTED,True,False,PROVISIONAL_PRIMARY_ONLY,PROVISIONAL_LOW,NOT_AVAILABLE,NEEDS_MANUAL_BCTC_REVIEW,"[""avg_volume_20d"", ""capex"", ""cfo"", ""equity"", ""gross_profit"", ""last_close"", ""last_price_date"", ""net_income"", ""revenue"", ""total_assets"", ""total_liabilities""]","[""Primary market data missing or incomplete.""]",Primary market data missing or incomplete.,,,,,,,,,INSUFFICIENT_DATA,provisional_structured,,,,,,,,,
PAT,Công ty Cổ phần Phốt pho Apatit Việt Nam,BLOCKED_INSUFFICIENT_MARKET_DATA,REJECTED,True,False,PROVISIONAL_PRIMARY_ONLY,PROVISIONAL_LOW,NOT_AVAILABLE,NEEDS_MANUAL_BCTC_REVIEW,"[""avg_volume_20d"", ""capex"", ""cfo"", ""equity"", ""gross_profit"", ""last_close"", ""last_price_date"", ""net_income"", ""revenue"", ""total_assets"", ""total_liabilities""]","[""Primary market data missing or incomplete.""]",Primary market data missing or incomplete.,,,,,,,,,INSUFFICIENT_DATA,provisional_structured,,,,,,,,,
PBC,Công ty Cổ phần Dược Phẩm Trung ương 1 - Pharbaco,BLOCKED_INSUFFICIENT_MARKET_DATA,REJECTED,True,False,PROVISIONAL_PRIMARY_ONLY,PROVISIONAL_LOW,NOT_AVAILABLE,NEEDS_MANUAL_BCTC_REVIEW,"[""avg_volume_20d"", ""capex"", ""cfo"", ""equity"", ""gross_profit"", ""last_close"", ""last_price_date"", ""net_income"", ""revenue"", ""total_assets"", ""total_liabilities""]","[""Primary market data missing or incomplete.""]",Primary market data missing or incomplete.,,,,,,,,,INSUFFICIENT_DATA,provisional_structured,,,,,,,,,
PBP,Công ty Cổ phần Bao bì Dầu khí Việt Nam,BLOCKED_INSUFFICIENT_MARKET_DATA,REJECTED,True,False,PROVISIONAL_PRIMARY_ONLY,PROVISIONAL_LOW,NOT_AVAILABLE,NEEDS_MANUAL_BCTC_REVIEW,"[""avg_volume_20d"", ""capex"", ""cfo"", ""equity"", ""gross_profit"", ""last_close"", ""last_price_date"", ""net_income"", ""revenue"", ""total_assets"", ""total_liabilities""]","[""Primary market data missing or incomplete.""]",Primary market data missing or incomplete.,,,,,,,,,INSUFFICIENT_DATA,provisional_structured,,,,,,,,,
PBT,Công ty Cổ Phần Bao bì và Thương mại Dầu khí Bình Sơn,BLOCKED_INSUFFICIENT_MARKET_DATA,REJECTED,True,False,PROVISIONAL_PRIMARY_ONLY,PROVISIONAL_LOW,NOT_AVAILABLE,NEEDS_MANUAL_BCTC_REVIEW,"[""avg_volume_20d"", ""capex"", ""cfo"", ""equity"", ""gross_profit"", ""last_close"", ""last_price_date"", ""net_income"", ""revenue"", ""total_assets"", ""total_liabilities""]","[""Primary market data missing or incomplete.""]",Primary market data missing or incomplete.,,,,,,,,,INSUFFICIENT_DATA,provisional_structured,,,,,,,,,
PC1,Công ty Cổ phần Tập đoàn PC1,BLOCKED_INSUFFICIENT_MARKET_DATA,REJECTED,True,False,PROVISIONAL_PRIMARY_ONLY,PROVISIONAL_LOW,NOT_AVAILABLE,NEEDS_MANUAL_BCTC_REVIEW,"[""avg_volume_20d"", ""capex"", ""cfo"", ""equity"", ""gross_profit"", ""last_close"", ""last_price_date"", ""net_income"", ""revenue"", ""total_assets"", ""total_liabilities""]","[""Primary market data missing or incomplete.""]",Primary market data missing or incomplete.,,,,,,,,,INSUFFICIENT_DATA,provisional_structured,,,,,,,,,
PCC,Công ty Cổ phần Tập đoàn Xây lắp 1 - Petrolimex,BLOCKED_INSUFFICIENT_MARKET_DATA,REJECTED,True,False,PROVISIONAL_PRIMARY_ONLY,PROVISIONAL_LOW,NOT_AVAILABLE,NEEDS_MANUAL_BCTC_REVIEW,"[""avg_volume_20d"", ""capex"", ""cfo"", ""equity"", ""gross_profit"", ""last_close"", ""last_price_date"", ""net_income"", ""revenue"", ""total_assets"", ""total_liabilities""]","[""Primary market data missing or incomplete.""]",Primary market data missing or incomplete.,,,,,,,,,INSUFFICIENT_DATA,provisional_structured,,,,,,,,,
PCE,Công ty Cổ phần Phân bón và hóa chất dầu khí Miền Trung,BLOCKED_INSUFFICIENT_MARKET_DATA,REJECTED,True,False,PROVISIONAL_PRIMARY_ONLY,PROVISIONAL_LOW,NOT_AVAILABLE,NEEDS_MANUAL_BCTC_REVIEW,"[""avg_volume_20d"", ""capex"", ""cfo"", ""equity"", ""gross_profit"", ""last_close"", ""last_price_date"", ""net_income"", ""revenue"", ""total_assets"", ""total_liabilities""]","[""Primary market data missing or incomplete.""]",Primary market data missing or incomplete.,,,,,,,,,INSUFFICIENT_DATA,provisional_structured,,,,,,,,,
PCF,Công ty Cổ phần Cà phê PETEC,BLOCKED_INSUFFICIENT_MARKET_DATA,REJECTED,True,False,PROVISIONAL_PRIMARY_ONLY,PROVISIONAL_LOW,NOT_AVAILABLE,NEEDS_MANUAL_BCTC_REVIEW,"[""avg_volume_20d"", ""capex"", ""cfo"", ""equity"", ""gross_profit"", ""last_close"", ""last_price_date"", ""net_income"", ""revenue"", ""total_assets"", ""total_liabilities""]","[""Primary market data missing or incomplete.""]",Primary market data missing or incomplete.,,,,,,,,,INSUFFICIENT_DATA,provisional_structured,,,,,,,,,
PCG,Công ty Cổ phần Đầu tư Phát triển Gas Đô thị,BLOCKED_INSUFFICIENT_MARKET_DATA,REJECTED,True,False,PROVISIONAL_PRIMARY_ONLY,PROVISIONAL_LOW,NOT_AVAILABLE,NEEDS_MANUAL_BCTC_REVIEW,"[""avg_volume_20d"", ""capex"", ""cfo"", ""equity"", ""gross_profit"", ""last_close"", ""last_price_date"", ""net_income"", ""revenue"", ""total_assets"", ""total_liabilities""]","[""Primary market data missing or incomplete.""]",Primary market data missing or incomplete.,,,,,,,,,INSUFFICIENT_DATA,provisional_structured,,,,,,,,,
PCH,Công ty Cổ phần Picomat Holding,BLOCKED_INSUFFICIENT_MARKET_DATA,REJECTED,True,False,PROVISIONAL_PRIMARY_ONLY,PROVISIONAL_LOW,NOT_AVAILABLE,NEEDS_MANUAL_BCTC_REVIEW,"[""avg_volume_20d"", ""capex"", ""cfo"", ""equity"", ""gross_profit"", ""last_close"", ""last_price_date"", ""net_income"", ""revenue"", ""total_assets"", ""total_liabilities""]","[""Primary market data missing or incomplete.""]",Primary market data missing or incomplete.,,,,,,,,,INSUFFICIENT_DATA,provisional_structured,,,,,,,,,
PCM,Công ty Cổ phần Vật liệu Xây dựng Bưu điện,BLOCKED_INSUFFICIENT_MARKET_DATA,REJECTED,True,False,PROVISIONAL_PRIMARY_ONLY,PROVISIONAL_LOW,NOT_AVAILABLE,NEEDS_MANUAL_BCTC_REVIEW,"[""avg_volume_20d"", ""capex"", ""cfo"", ""equity"", ""gross_profit"", ""last_close"", ""last_price_date"", ""net_income"", ""revenue"", ""total_assets"", ""total_liabilities""]","[""Primary market data missing or incomplete.""]",Primary market data missing or incomplete.,,,,,,,,,INSUFFICIENT_DATA,provisional_structured,,,,,,,,,
PCN,Công ty Cổ phần Hóa phẩm dầu khí DMC - Miền Bắc,BLOCKED_INSUFFICIENT_MARKET_DATA,REJECTED,True,False,PROVISIONAL_PRIMARY_ONLY,PROVISIONAL_LOW,NOT_AVAILABLE,NEEDS_MANUAL_BCTC_REVIEW,"[""avg_volume_20d"", ""capex"", ""cfo"", ""equity"", ""gross_profit"", ""last_close"", ""last_price_date"", ""net_income"", ""revenue"", ""total_assets"", ""total_liabilities""]","[""Primary market data missing or incomplete.""]",Primary market data missing or incomplete.,,,,,,,,,INSUFFICIENT_DATA,provisional_structured,,,,,,,,,
PCT,Công ty Cổ phần Vận tải Biển Global Pacific,BLOCKED_INSUFFICIENT_MARKET_DATA,REJECTED,True,False,PROVISIONAL_PRIMARY_ONLY,PROVISIONAL_LOW,NOT_AVAILABLE,NEEDS_MANUAL_BCTC_REVIEW,"[""avg_volume_20d"", ""capex"", ""cfo"", ""equity"", ""gross_profit"", ""last_close"", ""last_price_date"", ""net_income"", ""revenue"", ""total_assets"", ""total_liabilities""]","[""Primary market data missing or incomplete.""]",Primary market data missing or incomplete.,,,,,,,,,INSUFFICIENT_DATA,provisional_structured,,,,,,,,,
PDB,Công ty Cổ phần Tập đoàn Đầu tư DIN Capital,BLOCKED_INSUFFICIENT_MARKET_DATA,REJECTED,True,False,PROVISIONAL_PRIMARY_ONLY,PROVISIONAL_LOW,NOT_AVAILABLE,NEEDS_MANUAL_BCTC_REVIEW,"[""avg_volume_20d"", ""capex"", ""cfo"", ""equity"", ""gross_profit"", ""last_close"", ""last_price_date"", ""net_income"", ""revenue"", ""total_assets"", ""total_liabilities""]","[""Primary market data missing or incomplete.""]",Primary market data missing or incomplete.,,,,,,,,,INSUFFICIENT_DATA,provisional_structured,,,,,,,,,
PDC,Công ty Cổ phần Du lịch Dầu khí Phương Đông,BLOCKED_INSUFFICIENT_MARKET_DATA,REJECTED,True,False,PROVISIONAL_PRIMARY_ONLY,PROVISIONAL_LOW,NOT_AVAILABLE,NEEDS_MANUAL_BCTC_REVIEW,"[""capex"", ""cfo"", ""equity"", ""gross_profit"", ""last_price_date"", ""net_income"", ""revenue"", ""total_assets"", ""total_liabilities""]","[""Primary market data missing or incomplete.""]",Primary market data missing or incomplete.,,4.9,1945.0,,1945.0,9530.5,,,PARTIAL_PROVISIONAL_DATA,provisional_structured,,,,,,,,,
PDN,Công ty Cổ phần Cảng Đồng Nai,BLOCKED_INSUFFICIENT_MARKET_DATA,REJECTED,True,False,PROVISIONAL_PRIMARY_ONLY,PROVISIONAL_LOW,NOT_AVAILABLE,NEEDS_MANUAL_BCTC_REVIEW,"[""capex"", ""cfo"", ""equity"", ""gross_profit"", ""last_close"", ""last_price_date"", ""net_income"", ""revenue"", ""total_assets"", ""total_liabilities""]","[""Primary market data missing or incomplete.""]",Primary market data missing or incomplete.,,,1240.0,,1240.0,,,,PARTIAL_PROVISIONAL_DATA,provisional_structured,,,,,,,,,
PDR,Công ty Cổ phần Phát triển Bất động sản Phát Đạt,BLOCKED_INSUFFICIENT_MARKET_DATA,REJECTED,True,False,PROVISIONAL_PRIMARY_ONLY,PROVISIONAL_LOW,NOT_AVAILABLE,NEEDS_MANUAL_BCTC_REVIEW,"[""capex"", ""cfo"", ""equity"", ""gross_profit"", ""last_close"", ""last_price_date"", ""net_income"", ""revenue"", ""total_assets"", ""total_liabilities""]","[""Primary market data missing or incomplete.""]",Primary market data missing or incomplete.,,,13380000.0,,13380000.0,,,,PARTIAL_PROVISIONAL_DATA,provisional_structured,,,,,,,,,
PDT,Công ty Cổ phần Thương mại Dầu khí Đồng Tháp,BLOCKED_INSUFFICIENT_MARKET_DATA,REJECTED,True,False,PROVISIONAL_PRIMARY_ONLY,PROVISIONAL_LOW,NOT_AVAILABLE,NEEDS_MANUAL_BCTC_REVIEW,"[""capex"", ""cfo"", ""equity"", ""gross_profit"", ""last_close"", ""last_price_date"", ""net_income"", ""revenue"", ""total_assets"", ""total_liabilities""]","[""Primary market data missing or incomplete.""]",Primary market data missing or incomplete.,,,1052.0,,1052.0,,,,PARTIAL_PROVISIONAL_DATA,provisional_structured,,,,,,,,,
PDV,Công ty Cổ phần Vận tải và Tiếp vận Phương Đông Việt,BLOCKED_INSUFFICIENT_MARKET_DATA,REJECTED,True,False,PROVISIONAL_PRIMARY_ONLY,PROVISIONAL_LOW,NOT_AVAILABLE,NEEDS_MANUAL_BCTC_REVIEW,"[""capex"", ""cfo"", ""equity"", ""gross_profit"", ""last_close"", ""last_price_date"", ""net_income"", ""revenue"", ""total_assets"", ""total_liabilities""]","[""Primary market data missing or incomplete.""]",Primary market data missing or incomplete.,,,26790.0,,26790.0,,,,PARTIAL_PROVISIONAL_DATA,provisional_structured,,,,,,,,,
PEC,Công ty Cổ phần Cơ khí Điện lực,BLOCKED_INSUFFICIENT_MARKET_DATA,REJECTED,True,False,PROVISIONAL_PRIMARY_ONLY,PROVISIONAL_LOW,NOT_AVAILABLE,NEEDS_MANUAL_BCTC_REVIEW,"[""avg_volume_20d"", ""capex"", ""cfo"", ""equity"", ""gross_profit"", ""last_close"", ""last_price_date"", ""net_income"", ""revenue"", ""total_assets"", ""total_liabilities""]","[""Primary market data missing or incomplete.""]",Primary market data missing or incomplete.,,,,,,,,,INSUFFICIENT_DATA,provisional_structured,,,,,,,,,
PEG,Tổng Công ty Thương mại Kỹ thuật và Đầu tư - Công ty Cổ phần,BLOCKED_INSUFFICIENT_MARKET_DATA,REJECTED,True,False,PROVISIONAL_PRIMARY_ONLY,PROVISIONAL_LOW,NOT_AVAILABLE,NEEDS_MANUAL_BCTC_REVIEW,"[""capex"", ""cfo"", ""equity"", ""gross_profit"", ""last_close"", ""last_price_date"", ""net_income"", ""revenue"", ""total_assets"", ""total_liabilities""]","[""Primary market data missing or incomplete.""]",Primary market data missing or incomplete.,,,650.0,,650.0,,,,PARTIAL_PROVISIONAL_DATA,provisional_structured,,,,,,,,,
PEN,Công ty Cổ phần Xây lắp III Petrolimex,BLOCKED_INSUFFICIENT_MARKET_DATA,REJECTED,True,False,PROVISIONAL_PRIMARY_ONLY,PROVISIONAL_LOW,NOT_AVAILABLE,NEEDS_MANUAL_BCTC_REVIEW,"[""capex"", ""cfo"", ""equity"", ""gross_profit"", ""last_close"", ""last_price_date"", ""net_income"", ""revenue"", ""total_assets"", ""total_liabilities""]","[""Primary market data missing or incomplete.""]",Primary market data missing or incomplete.,,,100.0,,100.0,,,,PARTIAL_PROVISIONAL_DATA,provisional_structured,,,,,,,,,
PEQ,Công ty Cổ phần Thiết bị xăng dầu Petrolimex,BLOCKED_INSUFFICIENT_MARKET_DATA,REJECTED,True,False,PROVISIONAL_PRIMARY_ONLY,PROVISIONAL_LOW,NOT_AVAILABLE,NEEDS_MANUAL_BCTC_REVIEW,"[""capex"", ""cfo"", ""equity"", ""gross_profit"", ""last_close"", ""last_price_date"", ""net_income"", ""revenue"", ""total_assets"", ""total_liabilities""]","[""Primary market data missing or incomplete.""]",Primary market data missing or incomplete.,,,40.0,,40.0,,,,PARTIAL_PROVISIONAL_DATA,provisional_structured,,,,,,,,,
PET,Tổng Công ty Cổ phần Dịch vụ Tổng hợp Dầu khí,BLOCKED_INSUFFICIENT_MARKET_DATA,REJECTED,True,False,PROVISIONAL_PRIMARY_ONLY,PROVISIONAL_LOW,NOT_AVAILABLE,NEEDS_MANUAL_BCTC_REVIEW,"[""capex"", ""cfo"", ""equity"", ""gross_profit"", ""last_close"", ""last_price_date"", ""net_income"", ""revenue"", ""total_assets"", ""total_liabilities""]","[""Primary market data missing or incomplete.""]",Primary market data missing or incomplete.,,,1253190.0,,1253190.0,,,,PARTIAL_PROVISIONAL_DATA,provisional_structured,,,,,,,,,
PFL,Công ty Cổ phần Dầu khí Đông Đô,BLOCKED_INSUFFICIENT_MARKET_DATA,REJECTED,True,False,PROVISIONAL_PRIMARY_ONLY,PROVISIONAL_LOW,NOT_AVAILABLE,NEEDS_MANUAL_BCTC_REVIEW,"[""capex"", ""cfo"", ""equity"", ""gross_profit"", ""last_close"", ""last_price_date"", ""net_income"", ""revenue"", ""total_assets"", ""total_liabilities""]","[""Primary market data missing or incomplete.""]",Primary market data missing or incomplete.,,,48780.0,,48780.0,,,,PARTIAL_PROVISIONAL_DATA,provisional_structured,,,,,,,,,
PGB,Ngân hàng Thương mại Cổ phần Thịnh vượng và Phát triển,BLOCKED_INSUFFICIENT_MARKET_DATA,REJECTED,True,False,PROVISIONAL_PRIMARY_ONLY,PROVISIONAL_LOW,NOT_AVAILABLE,NEEDS_MANUAL_BCTC_REVIEW,"[""capex"", ""cfo"", ""equity"", ""gross_profit"", ""last_close"", ""last_price_date"", ""net_income"", ""revenue"", ""total_assets"", ""total_liabilities""]","[""Primary market data missing or incomplete.""]",Primary market data missing or incomplete.,,,22140.0,,22140.0,,,,PARTIAL_PROVISIONAL_DATA,provisional_structured,,,,,,,,,
PGC,Tổng Công ty Gas Petrolimex - Công ty Cổ phần,BLOCKED_INSUFFICIENT_MARKET_DATA,REJECTED,True,False,PROVISIONAL_PRIMARY_ONLY,PROVISIONAL_LOW,NOT_AVAILABLE,NEEDS_MANUAL_BCTC_REVIEW,"[""capex"", ""cfo"", ""equity"", ""gross_profit"", ""last_close"", ""last_price_date"", ""net_income"", ""revenue"", ""total_assets"", ""total_liabilities""]","[""Primary market data missing or incomplete.""]",Primary market data missing or incomplete.,,,38880.0,,38880.0,,,,PARTIAL_PROVISIONAL_DATA,provisional_structured,,,,,,,,,
PGD,Công ty Cổ phần Phân phối khí thấp áp dầu khí Việt Nam,BLOCKED_INSUFFICIENT_MARKET_DATA,REJECTED,True,False,PROVISIONAL_PRIMARY_ONLY,PROVISIONAL_LOW,NOT_AVAILABLE,NEEDS_MANUAL_BCTC_REVIEW,"[""capex"", ""cfo"", ""equity"", ""gross_profit"", ""last_close"", ""last_price_date"", ""net_income"", ""revenue"", ""total_assets"", ""total_liabilities""]","[""Primary market data missing or incomplete.""]",Primary market data missing or incomplete.,,,1650.0,,1650.0,,,,PARTIAL_PROVISIONAL_DATA,provisional_structured,,,,,,,,,
PGI,Tổng Công ty Cổ phần Bảo hiểm Petrolimex,BLOCKED_INSUFFICIENT_MARKET_DATA,REJECTED,True,False,PROVISIONAL_PRIMARY_ONLY,PROVISIONAL_LOW,NOT_AVAILABLE,NEEDS_MANUAL_BCTC_REVIEW,"[""avg_volume_20d"", ""capex"", ""cfo"", ""equity"", ""gross_profit"", ""last_close"", ""last_price_date"", ""net_income"", ""revenue"", ""total_assets"", ""total_liabilities""]","[""Primary market data missing or incomplete.""]",Primary market data missing or incomplete.,,,,,,,,,INSUFFICIENT_DATA,provisional_structured,,,,,,,,,
PGN,Công ty Cổ phần Phụ Gia Nhựa,BLOCKED_INSUFFICIENT_MARKET_DATA,REJECTED,True,False,PROVISIONAL_PRIMARY_ONLY,PROVISIONAL_LOW,NOT_AVAILABLE,NEEDS_MANUAL_BCTC_REVIEW,"[""avg_volume_20d"", ""capex"", ""cfo"", ""equity"", ""gross_profit"", ""last_close"", ""last_price_date"", ""net_income"", ""revenue"", ""total_assets"", ""total_liabilities""]","[""Primary market data missing or incomplete.""]",Primary market data missing or incomplete.,,,,,,,,,INSUFFICIENT_DATA,provisional_structured,,,,,,,,,
PGS,Công ty Cổ phần Kinh doanh Khí Miền Nam,BLOCKED_INSUFFICIENT_MARKET_DATA,REJECTED,True,False,PROVISIONAL_PRIMARY_ONLY,PROVISIONAL_LOW,NOT_AVAILABLE,NEEDS_MANUAL_BCTC_REVIEW,"[""avg_volume_20d"", ""capex"", ""cfo"", ""equity"", ""gross_profit"", ""last_close"", ""last_price_date"", ""net_income"", ""revenue"", ""total_assets"", ""total_liabilities""]","[""Primary market data missing or incomplete.""]",Primary market data missing or incomplete.,,,,,,,,,INSUFFICIENT_DATA,provisional_structured,,,,,,,,,
PGT,Công ty Cổ phần PGT Holdings,BLOCKED_INSUFFICIENT_MARKET_DATA,REJECTED,True,False,PROVISIONAL_PRIMARY_ONLY,PROVISIONAL_LOW,NOT_AVAILABLE,NEEDS_MANUAL_BCTC_REVIEW,"[""avg_volume_20d"", ""capex"", ""cfo"", ""equity"", ""gross_profit"", ""last_close"", ""last_price_date"", ""net_income"", ""revenue"", ""total_assets"", ""total_liabilities""]","[""Primary market data missing or incomplete.""]",Primary market data missing or incomplete.,,,,,,,,,INSUFFICIENT_DATA,provisional_structured,,,,,,,,,
PGV,Tổng Công ty Phát điện 3 - Công ty Cổ phần,BLOCKED_INSUFFICIENT_MARKET_DATA,REJECTED,True,False,PROVISIONAL_PRIMARY_ONLY,PROVISIONAL_LOW,NOT_AVAILABLE,NEEDS_MANUAL_BCTC_REVIEW,"[""avg_volume_20d"", ""capex"", ""cfo"", ""equity"", ""gross_profit"", ""last_close"", ""last_price_date"", ""net_income"", ""revenue"", ""total_assets"", ""total_liabilities""]","[""Primary market data missing or incomplete.""]",Primary market data missing or incomplete.,,,,,,,,,INSUFFICIENT_DATA,provisional_structured,,,,,,,,,
PHC,Công ty Cổ phần Xây dựng Phục Hưng Holdings,BLOCKED_INSUFFICIENT_MARKET_DATA,REJECTED,True,False,PROVISIONAL_PRIMARY_ONLY,PROVISIONAL_LOW,NOT_AVAILABLE,NEEDS_MANUAL_BCTC_REVIEW,"[""avg_volume_20d"", ""capex"", ""cfo"", ""equity"", ""gross_profit"", ""last_close"", ""last_price_date"", ""net_income"", ""revenue"", ""total_assets"", ""total_liabilities""]","[""Primary market data missing or incomplete.""]",Primary market data missing or incomplete.,,,,,,,,,INSUFFICIENT_DATA,provisional_structured,,,,,,,,,
PHH,Công ty Cổ phần Hồng Hà Việt Nam,BLOCKED_INSUFFICIENT_MARKET_DATA,REJECTED,True,False,PROVISIONAL_PRIMARY_ONLY,PROVISIONAL_LOW,NOT_AVAILABLE,NEEDS_MANUAL_BCTC_REVIEW,"[""avg_volume_20d"", ""capex"", ""cfo"", ""equity"", ""gross_profit"", ""last_close"", ""last_price_date"", ""net_income"", ""revenue"", ""total_assets"", ""total_liabilities""]","[""Primary market data missing or incomplete.""]",Primary market data missing or incomplete.,,,,,,,,,INSUFFICIENT_DATA,provisional_structured,,,,,,,,,
PHN,Công ty Cổ phần Pin Hà Nội,BLOCKED_INSUFFICIENT_MARKET_DATA,REJECTED,True,False,PROVISIONAL_PRIMARY_ONLY,PROVISIONAL_LOW,NOT_AVAILABLE,NEEDS_MANUAL_BCTC_REVIEW,"[""avg_volume_20d"", ""capex"", ""cfo"", ""equity"", ""gross_profit"", ""last_close"", ""last_price_date"", ""net_income"", ""revenue"", ""total_assets"", ""total_liabilities""]","[""Primary market data missing or incomplete.""]",Primary market data missing or incomplete.,,,,,,,,,INSUFFICIENT_DATA,provisional_structured,,,,,,,,,
PHP,Công ty Cổ phần Cảng Hải Phòng,BLOCKED_INSUFFICIENT_MARKET_DATA,REJECTED,True,False,PROVISIONAL_PRIMARY_ONLY,PROVISIONAL_LOW,NOT_AVAILABLE,NEEDS_MANUAL_BCTC_REVIEW,"[""avg_volume_20d"", ""capex"", ""cfo"", ""equity"", ""gross_profit"", ""last_close"", ""last_price_date"", ""net_income"", ""revenue"", ""total_assets"", ""total_liabilities""]","[""Primary market data missing or incomplete.""]",Primary market data missing or incomplete.,,,,,,,,,INSUFFICIENT_DATA,provisional_structured,,,,,,,,,
PHR,Công ty Cổ phần Cao su Phước Hòa,BLOCKED_INSUFFICIENT_MARKET_DATA,REJECTED,True,False,PROVISIONAL_PRIMARY_ONLY,PROVISIONAL_LOW,NOT_AVAILABLE,NEEDS_MANUAL_BCTC_REVIEW,"[""avg_volume_20d"", ""capex"", ""cfo"", ""equity"", ""gross_profit"", ""last_close"", ""last_price_date"", ""net_income"", ""revenue"", ""total_assets"", ""total_liabilities""]","[""Primary market data missing or incomplete.""]",Primary market data missing or incomplete.,,,,,,,,,INSUFFICIENT_DATA,provisional_structured,,,,,,,,,
PHS,Công ty Cổ phần Chứng khoán Phú Hưng,BLOCKED_INSUFFICIENT_MARKET_DATA,REJECTED,True,False,PROVISIONAL_PRIMARY_ONLY,PROVISIONAL_LOW,NOT_AVAILABLE,NEEDS_MANUAL_BCTC_REVIEW,"[""avg_volume_20d"", ""capex"", ""cfo"", ""equity"", ""gross_profit"", ""last_close"", ""last_price_date"", ""net_income"", ""revenue"", ""total_assets"", ""total_liabilities""]","[""Primary market data missing or incomplete.""]",Primary market data missing or incomplete.,,,,,,,,,INSUFFICIENT_DATA,provisional_structured,,,,,,,,,
PIA,Công ty Cổ phần Tin học Viễn thông Petrolimex,BLOCKED_INSUFFICIENT_MARKET_DATA,REJECTED,True,False,PROVISIONAL_PRIMARY_ONLY,PROVISIONAL_LOW,NOT_AVAILABLE,NEEDS_MANUAL_BCTC_REVIEW,"[""avg_volume_20d"", ""capex"", ""cfo"", ""equity"", ""gross_profit"", ""last_close"", ""last_price_date"", ""net_income"", ""revenue"", ""total_assets"", ""total_liabilities""]","[""Primary market data missing or incomplete.""]",Primary market data missing or incomplete.,,,,,,,,,INSUFFICIENT_DATA,provisional_structured,,,,,,,,,
PIC,Công ty Cổ phần Đầu tư Điện lực 3,BLOCKED_INSUFFICIENT_MARKET_DATA,REJECTED,True,False,PROVISIONAL_PRIMARY_ONLY,PROVISIONAL_LOW,NOT_AVAILABLE,NEEDS_MANUAL_BCTC_REVIEW,"[""avg_volume_20d"", ""capex"", ""cfo"", ""equity"", ""gross_profit"", ""last_close"", ""last_price_date"", ""net_income"", ""revenue"", ""total_assets"", ""total_liabilities""]","[""Primary market data missing or incomplete.""]",Primary market data missing or incomplete.,,,,,,,,,INSUFFICIENT_DATA,provisional_structured,,,,,,,,,
PID,Công ty Cổ phần Trang trí nội thất Dầu khí,BLOCKED_INSUFFICIENT_MARKET_DATA,REJECTED,True,False,PROVISIONAL_PRIMARY_ONLY,PROVISIONAL_LOW,NOT_AVAILABLE,NEEDS_MANUAL_BCTC_REVIEW,"[""avg_volume_20d"", ""capex"", ""cfo"", ""equity"", ""gross_profit"", ""last_close"", ""last_price_date"", ""net_income"", ""revenue"", ""total_assets"", ""total_liabilities""]","[""Primary market data missing or incomplete.""]",Primary market data missing or incomplete.,,,,,,,,,INSUFFICIENT_DATA,provisional_structured,,,,,,,,,
PIS,Tổng Công ty Pisico Bình Định - Công ty Cổ phần,BLOCKED_INSUFFICIENT_MARKET_DATA,REJECTED,True,False,PROVISIONAL_PRIMARY_ONLY,PROVISIONAL_LOW,NOT_AVAILABLE,NEEDS_MANUAL_BCTC_REVIEW,"[""avg_volume_20d"", ""capex"", ""cfo"", ""equity"", ""gross_profit"", ""last_close"", ""last_price_date"", ""net_income"", ""revenue"", ""total_assets"", ""total_liabilities""]","[""Primary market data missing or incomplete.""]",Primary market data missing or incomplete.,,,,,,,,,INSUFFICIENT_DATA,provisional_structured,,,,,,,,,
PIT,Công ty Cổ phần Xuất nhập khẩu Petrolimex,BLOCKED_INSUFFICIENT_MARKET_DATA,REJECTED,True,False,PROVISIONAL_PRIMARY_ONLY,PROVISIONAL_LOW,NOT_AVAILABLE,NEEDS_MANUAL_BCTC_REVIEW,"[""avg_volume_20d"", ""capex"", ""cfo"", ""equity"", ""gross_profit"", ""last_close"", ""last_price_date"", ""net_income"", ""revenue"", ""total_assets"", ""total_liabilities""]","[""Primary market data missing or incomplete.""]",Primary market data missing or incomplete.,,,,,,,,,INSUFFICIENT_DATA,provisional_structured,,,,,,,,,
PIV,Công ty Cổ phần PIV,BLOCKED_INSUFFICIENT_MARKET_DATA,REJECTED,True,False,PROVISIONAL_PRIMARY_ONLY,PROVISIONAL_LOW,NOT_AVAILABLE,NEEDS_MANUAL_BCTC_REVIEW,"[""avg_volume_20d"", ""capex"", ""cfo"", ""equity"", ""gross_profit"", ""last_close"", ""last_price_date"", ""net_income"", ""revenue"", ""total_assets"", ""total_liabilities""]","[""Primary market data missing or incomplete.""]",Primary market data missing or incomplete.,,,,,,,,,INSUFFICIENT_DATA,provisional_structured,,,,,,,,,
PJC,Công ty Cổ phần Thương mại và Vận tải Petrolimex Hà Nội,BLOCKED_INSUFFICIENT_MARKET_DATA,REJECTED,True,False,PROVISIONAL_PRIMARY_ONLY,PROVISIONAL_LOW,NOT_AVAILABLE,NEEDS_MANUAL_BCTC_REVIEW,"[""avg_volume_20d"", ""capex"", ""cfo"", ""equity"", ""gross_profit"", ""last_close"", ""last_price_date"", ""net_income"", ""revenue"", ""total_assets"", ""total_liabilities""]","[""Primary market data missing or incomplete.""]",Primary market data missing or incomplete.,,,,,,,,,INSUFFICIENT_DATA,provisional_structured,,,,,,,,,
PJS,Công ty Cổ phần Cấp nước Phú Hòa Tân,BLOCKED_INSUFFICIENT_MARKET_DATA,REJECTED,True,False,PROVISIONAL_PRIMARY_ONLY,PROVISIONAL_LOW,NOT_AVAILABLE,NEEDS_MANUAL_BCTC_REVIEW,"[""avg_volume_20d"", ""capex"", ""cfo"", ""equity"", ""gross_profit"", ""last_close"", ""last_price_date"", ""net_income"", ""revenue"", ""total_assets"", ""total_liabilities""]","[""Primary market data missing or incomplete.""]",Primary market data missing or incomplete.,,,,,,,,,INSUFFICIENT_DATA,provisional_structured,,,,,,,,,
PJT,Công ty Cổ phần Vận tải Xăng dầu đường thủy Petrolimex,BLOCKED_INSUFFICIENT_MARKET_DATA,REJECTED,True,False,PROVISIONAL_PRIMARY_ONLY,PROVISIONAL_LOW,NOT_AVAILABLE,NEEDS_MANUAL_BCTC_REVIEW,"[""avg_volume_20d"", ""capex"", ""cfo"", ""equity"", ""gross_profit"", ""last_close"", ""last_price_date"", ""net_income"", ""revenue"", ""total_assets"", ""total_liabilities""]","[""Primary market data missing or incomplete.""]",Primary market data missing or incomplete.,,,,,,,,,INSUFFICIENT_DATA,provisional_structured,,,,,,,,,
PLA,Công ty Cổ phần Đầu tư và Dịch vụ hạ tầng Xăng dầu,BLOCKED_INSUFFICIENT_MARKET_DATA,REJECTED,True,False,PROVISIONAL_PRIMARY_ONLY,PROVISIONAL_LOW,NOT_AVAILABLE,NEEDS_MANUAL_BCTC_REVIEW,"[""capex"", ""cfo"", ""equity"", ""gross_profit"", ""last_close"", ""last_price_date"", ""net_income"", ""revenue"", ""total_assets"", ""total_liabilities""]","[""Primary market data missing or incomplete.""]",Primary market data missing or incomplete.,,,92.0,,92.0,,,,PARTIAL_PROVISIONAL_DATA,provisional_structured,,,,,,,,,
PLC,Tổng Công ty Hóa dầu Petrolimex - Công ty Cổ phần,BLOCKED_INSUFFICIENT_MARKET_DATA,REJECTED,True,False,PROVISIONAL_PRIMARY_ONLY,PROVISIONAL_LOW,NOT_AVAILABLE,NEEDS_MANUAL_BCTC_REVIEW,"[""capex"", ""cfo"", ""equity"", ""gross_profit"", ""last_close"", ""last_price_date"", ""net_income"", ""revenue"", ""total_assets"", ""total_liabilities""]","[""Primary market data missing or incomplete.""]",Primary market data missing or incomplete.,,,466200.0,,466200.0,,,,PARTIAL_PROVISIONAL_DATA,provisional_structured,,,,,,,,,
PLE,Công ty Cổ phần Tư vấn Xây dựng Petrolimex,BLOCKED_INSUFFICIENT_MARKET_DATA,REJECTED,True,False,PROVISIONAL_PRIMARY_ONLY,PROVISIONAL_LOW,NOT_AVAILABLE,NEEDS_MANUAL_BCTC_REVIEW,"[""avg_volume_20d"", ""capex"", ""cfo"", ""equity"", ""gross_profit"", ""last_close"", ""last_price_date"", ""net_income"", ""revenue"", ""total_assets"", ""total_liabilities""]","[""Primary market data missing or incomplete.""]",Primary market data missing or incomplete.,,,,,,,,,INSUFFICIENT_DATA,provisional_structured,,,,,,,,,
PLO,Công ty Cổ phần Kho vận Petec,BLOCKED_INSUFFICIENT_MARKET_DATA,REJECTED,True,False,PROVISIONAL_PRIMARY_ONLY,PROVISIONAL_LOW,NOT_AVAILABLE,NEEDS_MANUAL_BCTC_REVIEW,"[""avg_volume_20d"", ""capex"", ""cfo"", ""equity"", ""gross_profit"", ""last_close"", ""last_price_date"", ""net_income"", ""revenue"", ""total_assets"", ""total_liabilities""]","[""Primary market data missing or incomplete.""]",Primary market data missing or incomplete.,,,,,,,,,INSUFFICIENT_DATA,provisional_structured,,,,,,,,,
PLP,Công ty Cổ phần Sản xuất và Công nghệ Nhựa Pha Lê,BLOCKED_INSUFFICIENT_MARKET_DATA,REJECTED,True,False,PROVISIONAL_PRIMARY_ONLY,PROVISIONAL_LOW,NOT_AVAILABLE,NEEDS_MANUAL_BCTC_REVIEW,"[""avg_volume_20d"", ""capex"", ""cfo"", ""equity"", ""gross_profit"", ""last_close"", ""last_price_date"", ""net_income"", ""revenue"", ""total_assets"", ""total_liabilities""]","[""Primary market data missing or incomplete.""]",Primary market data missing or incomplete.,,,,,,,,,INSUFFICIENT_DATA,provisional_structured,,,,,,,,,
PLX,Tập đoàn Xăng dầu Việt Nam,BLOCKED_INSUFFICIENT_MARKET_DATA,REJECTED,True,False,PROVISIONAL_PRIMARY_ONLY,PROVISIONAL_LOW,NOT_AVAILABLE,NEEDS_MANUAL_BCTC_REVIEW,"[""avg_volume_20d"", ""capex"", ""cfo"", ""equity"", ""gross_profit"", ""last_close"", ""last_price_date"", ""net_income"", ""revenue"", ""total_assets"", ""total_liabilities""]","[""Primary market data missing or incomplete.""]",Primary market data missing or incomplete.,,,,,,,,,INSUFFICIENT_DATA,provisional_structured,,,,,,,,,
PMB,Công ty Cổ phần Phân bón và Hóa chất Dầu khí Miền Bắc,BLOCKED_INSUFFICIENT_MARKET_DATA,REJECTED,True,False,PROVISIONAL_PRIMARY_ONLY,PROVISIONAL_LOW,NOT_AVAILABLE,NEEDS_MANUAL_BCTC_REVIEW,"[""avg_volume_20d"", ""capex"", ""cfo"", ""equity"", ""gross_profit"", ""last_close"", ""last_price_date"", ""net_income"", ""revenue"", ""total_assets"", ""total_liabilities""]","[""Primary market data missing or incomplete.""]",Primary market data missing or incomplete.,,,,,,,,,INSUFFICIENT_DATA,provisional_structured,,,,,,,,,
PMC,Công ty Cổ phần Dược phẩm Dược liệu Pharmedic,BLOCKED_INSUFFICIENT_MARKET_DATA,REJECTED,True,False,PROVISIONAL_PRIMARY_ONLY,PROVISIONAL_LOW,NOT_AVAILABLE,NEEDS_MANUAL_BCTC_REVIEW,"[""avg_volume_20d"", ""capex"", ""cfo"", ""equity"", ""gross_profit"", ""last_close"", ""last_price_date"", ""net_income"", ""revenue"", ""total_assets"", ""total_liabilities""]","[""Primary market data missing or incomplete.""]",Primary market data missing or incomplete.,,,,,,,,,INSUFFICIENT_DATA,provisional_structured,,,,,,,,,
PMG,Công ty Cổ phần Đầu tư và Sản xuất Petro Miền Trung,BLOCKED_INSUFFICIENT_MARKET_DATA,REJECTED,True,False,PROVISIONAL_PRIMARY_ONLY,PROVISIONAL_LOW,NOT_AVAILABLE,NEEDS_MANUAL_BCTC_REVIEW,"[""avg_volume_20d"", ""capex"", ""cfo"", ""equity"", ""gross_profit"", ""last_close"", ""last_price_date"", ""net_income"", ""revenue"", ""total_assets"", ""total_liabilities""]","[""Primary market data missing or incomplete.""]",Primary market data missing or incomplete.,,,,,,,,,INSUFFICIENT_DATA,provisional_structured,,,,,,,,,
PMJ,Công ty Cổ phần Vật tư Bưu điện,BLOCKED_INSUFFICIENT_MARKET_DATA,REJECTED,True,False,PROVISIONAL_PRIMARY_ONLY,PROVISIONAL_LOW,NOT_AVAILABLE,NEEDS_MANUAL_BCTC_REVIEW,"[""avg_volume_20d"", ""capex"", ""cfo"", ""equity"", ""gross_profit"", ""last_close"", ""last_price_date"", ""net_income"", ""revenue"", ""total_assets"", ""total_liabilities""]","[""Primary market data missing or incomplete.""]",Primary market data missing or incomplete.,,,,,,,,,INSUFFICIENT_DATA,provisional_structured,,,,,,,,,
PMP,Công ty Cổ phần Bao bì Đạm Phú Mỹ,BLOCKED_INSUFFICIENT_MARKET_DATA,REJECTED,True,False,PROVISIONAL_PRIMARY_ONLY,PROVISIONAL_LOW,NOT_AVAILABLE,NEEDS_MANUAL_BCTC_REVIEW,"[""avg_volume_20d"", ""capex"", ""cfo"", ""equity"", ""gross_profit"", ""last_close"", ""last_price_date"", ""net_income"", ""revenue"", ""total_assets"", ""total_liabilities""]","[""Primary market data missing or incomplete.""]",Primary market data missing or incomplete.,,,,,,,,,INSUFFICIENT_DATA,provisional_structured,,,,,,,,,
PMS,Công ty Cổ phần Cơ khí Xăng dầu,BLOCKED_INSUFFICIENT_MARKET_DATA,REJECTED,True,False,PROVISIONAL_PRIMARY_ONLY,PROVISIONAL_LOW,NOT_AVAILABLE,NEEDS_MANUAL_BCTC_REVIEW,"[""avg_volume_20d"", ""capex"", ""cfo"", ""equity"", ""gross_profit"", ""last_close"", ""last_price_date"", ""net_income"", ""revenue"", ""total_assets"", ""total_liabilities""]","[""Primary market data missing or incomplete.""]",Primary market data missing or incomplete.,,,,,,,,,INSUFFICIENT_DATA,provisional_structured,,,,,,,,,
PMT,Công ty Cổ phần Viễn thông Telvina Việt Nam,BLOCKED_INSUFFICIENT_MARKET_DATA,REJECTED,True,False,PROVISIONAL_PRIMARY_ONLY,PROVISIONAL_LOW,NOT_AVAILABLE,NEEDS_MANUAL_BCTC_REVIEW,"[""avg_volume_20d"", ""capex"", ""cfo"", ""equity"", ""gross_profit"", ""last_close"", ""last_price_date"", ""net_income"", ""revenue"", ""total_assets"", ""total_liabilities""]","[""Primary market data missing or incomplete.""]",Primary market data missing or incomplete.,,,,,,,,,INSUFFICIENT_DATA,provisional_structured,,,,,,,,,
PMW,Công ty Cổ phần Cấp Nước Phú Mỹ,BLOCKED_INSUFFICIENT_MARKET_DATA,REJECTED,True,False,PROVISIONAL_PRIMARY_ONLY,PROVISIONAL_LOW,NOT_AVAILABLE,NEEDS_MANUAL_BCTC_REVIEW,"[""avg_volume_20d"", ""capex"", ""cfo"", ""equity"", ""gross_profit"", ""last_close"", ""last_price_date"", ""net_income"", ""revenue"", ""total_assets"", ""total_liabilities""]","[""Primary market data missing or incomplete.""]",Primary market data missing or incomplete.,,,,,,,,,INSUFFICIENT_DATA,provisional_structured,,,,,,,,,
PNC,Công ty Cổ phần Văn hóa Phương Nam,BLOCKED_INSUFFICIENT_MARKET_DATA,REJECTED,True,False,PROVISIONAL_PRIMARY_ONLY,PROVISIONAL_LOW,NOT_AVAILABLE,NEEDS_MANUAL_BCTC_REVIEW,"[""avg_volume_20d"", ""capex"", ""cfo"", ""equity"", ""gross_profit"", ""last_close"", ""last_price_date"", ""net_income"", ""revenue"", ""total_assets"", ""total_liabilities""]","[""Primary market data missing or incomplete.""]",Primary market data missing or incomplete.,,,,,,,,,INSUFFICIENT_DATA,provisional_structured,,,,,,,,,
PND,Công ty Cổ phần Xăng dầu Dầu khí Nam Định,BLOCKED_INSUFFICIENT_MARKET_DATA,REJECTED,True,False,PROVISIONAL_PRIMARY_ONLY,PROVISIONAL_LOW,NOT_AVAILABLE,NEEDS_MANUAL_BCTC_REVIEW,"[""avg_volume_20d"", ""capex"", ""cfo"", ""equity"", ""gross_profit"", ""last_close"", ""last_price_date"", ""net_income"", ""revenue"", ""total_assets"", ""total_liabilities""]","[""Primary market data missing or incomplete.""]",Primary market data missing or incomplete.,,,,,,,,,INSUFFICIENT_DATA,provisional_structured,,,,,,,,,
PNG,Công ty Cổ phần Thương Mại Phú Nhuận,BLOCKED_INSUFFICIENT_MARKET_DATA,REJECTED,True,False,PROVISIONAL_PRIMARY_ONLY,PROVISIONAL_LOW,NOT_AVAILABLE,NEEDS_MANUAL_BCTC_REVIEW,"[""avg_volume_20d"", ""capex"", ""cfo"", ""equity"", ""gross_profit"", ""last_close"", ""last_price_date"", ""net_income"", ""revenue"", ""total_assets"", ""total_liabilities""]","[""Primary market data missing or incomplete.""]",Primary market data missing or incomplete.,,,,,,,,,INSUFFICIENT_DATA,provisional_structured,,,,,,,,,
PNJ,Công ty Cổ phần Vàng bạc Đá quý Phú Nhuận,BLOCKED_INSUFFICIENT_MARKET_DATA,REJECTED,True,False,PROVISIONAL_PRIMARY_ONLY,PROVISIONAL_LOW,NOT_AVAILABLE,NEEDS_MANUAL_BCTC_REVIEW,"[""avg_volume_20d"", ""capex"", ""cfo"", ""equity"", ""gross_profit"", ""last_close"", ""last_price_date"", ""net_income"", ""revenue"", ""total_assets"", ""total_liabilities""]","[""Primary market data missing or incomplete.""]",Primary market data missing or incomplete.,,,,,,,,,INSUFFICIENT_DATA,provisional_structured,,,,,,,,,
PNP,Công ty Cổ phần Tân Cảng – Phú Hữu,BLOCKED_INSUFFICIENT_MARKET_DATA,REJECTED,True,False,PROVISIONAL_PRIMARY_ONLY,PROVISIONAL_LOW,NOT_AVAILABLE,NEEDS_MANUAL_BCTC_REVIEW,"[""avg_volume_20d"", ""capex"", ""cfo"", ""equity"", ""gross_profit"", ""last_close"", ""last_price_date"", ""net_income"", ""revenue"", ""total_assets"", ""total_liabilities""]","[""Primary market data missing or incomplete.""]",Primary market data missing or incomplete.,,,,,,,,,INSUFFICIENT_DATA,provisional_structured,,,,,,,,,
PNT,Công ty Cổ phần Kỹ thuật Xây dựng Phú Nhuận,BLOCKED_INSUFFICIENT_MARKET_DATA,REJECTED,True,False,PROVISIONAL_PRIMARY_ONLY,PROVISIONAL_LOW,NOT_AVAILABLE,NEEDS_MANUAL_BCTC_REVIEW,"[""avg_volume_20d"", ""capex"", ""cfo"", ""equity"", ""gross_profit"", ""last_close"", ""last_price_date"", ""net_income"", ""revenue"", ""total_assets"", ""total_liabilities""]","[""Primary market data missing or incomplete.""]",Primary market data missing or incomplete.,,,,,,,,,INSUFFICIENT_DATA,provisional_structured,,,,,,,,,
POB,Công ty Cổ phần Xăng dầu Dầu khí Hưng Yên,BLOCKED_INSUFFICIENT_MARKET_DATA,REJECTED,True,False,PROVISIONAL_PRIMARY_ONLY,PROVISIONAL_LOW,NOT_AVAILABLE,NEEDS_MANUAL_BCTC_REVIEW,"[""avg_volume_20d"", ""capex"", ""cfo"", ""equity"", ""gross_profit"", ""last_close"", ""last_price_date"", ""net_income"", ""revenue"", ""total_assets"", ""total_liabilities""]","[""Primary market data missing or incomplete.""]",Primary market data missing or incomplete.,,,,,,,,,INSUFFICIENT_DATA,provisional_structured,,,,,,,,,
POM,Công ty Cổ phần Thép Pomina,BLOCKED_INSUFFICIENT_MARKET_DATA,REJECTED,True,False,PROVISIONAL_PRIMARY_ONLY,PROVISIONAL_LOW,NOT_AVAILABLE,NEEDS_MANUAL_BCTC_REVIEW,"[""avg_volume_20d"", ""capex"", ""cfo"", ""equity"", ""gross_profit"", ""last_close"", ""last_price_date"", ""net_income"", ""revenue"", ""total_assets"", ""total_liabilities""]","[""Primary market data missing or incomplete.""]",Primary market data missing or incomplete.,,,,,,,,,INSUFFICIENT_DATA,provisional_structured,,,,,,,,,
POS,Công ty Cổ phần Vận hành và Xây lắp PTSC,BLOCKED_INSUFFICIENT_MARKET_DATA,REJECTED,True,False,PROVISIONAL_PRIMARY_ONLY,PROVISIONAL_LOW,NOT_AVAILABLE,NEEDS_MANUAL_BCTC_REVIEW,"[""avg_volume_20d"", ""capex"", ""cfo"", ""equity"", ""gross_profit"", ""last_close"", ""last_price_date"", ""net_income"", ""revenue"", ""total_assets"", ""total_liabilities""]","[""Primary market data missing or incomplete.""]",Primary market data missing or incomplete.,,,,,,,,,INSUFFICIENT_DATA,provisional_structured,,,,,,,,,
POT,Công ty Cổ phần Thiết bị Bưu điện,BLOCKED_INSUFFICIENT_MARKET_DATA,REJECTED,True,False,PROVISIONAL_PRIMARY_ONLY,PROVISIONAL_LOW,NOT_AVAILABLE,NEEDS_MANUAL_BCTC_REVIEW,"[""avg_volume_20d"", ""capex"", ""cfo"", ""equity"", ""gross_profit"", ""last_close"", ""last_price_date"", ""net_income"", ""revenue"", ""total_assets"", ""total_liabilities""]","[""Primary market data missing or incomplete.""]",Primary market data missing or incomplete.,,,,,,,,,INSUFFICIENT_DATA,provisional_structured,,,,,,,,,
POV,Công ty Cổ phần Xăng dầu Dầu khí Vũng Áng,BLOCKED_INSUFFICIENT_MARKET_DATA,REJECTED,True,False,PROVISIONAL_PRIMARY_ONLY,PROVISIONAL_LOW,NOT_AVAILABLE,NEEDS_MANUAL_BCTC_REVIEW,"[""avg_volume_20d"", ""capex"", ""cfo"", ""equity"", ""gross_profit"", ""last_close"", ""last_price_date"", ""net_income"", ""revenue"", ""total_assets"", ""total_liabilities""]","[""Primary market data missing or incomplete.""]",Primary market data missing or incomplete.,,,,,,,,,INSUFFICIENT_DATA,provisional_structured,,,,,,,,,
POW,Tổng Công ty Điện lực Dầu khí Việt Nam - CTCP,BLOCKED_INSUFFICIENT_MARKET_DATA,REJECTED,True,False,PROVISIONAL_PRIMARY_ONLY,PROVISIONAL_LOW,NOT_AVAILABLE,NEEDS_MANUAL_BCTC_REVIEW,"[""avg_volume_20d"", ""capex"", ""cfo"", ""equity"", ""gross_profit"", ""last_close"", ""last_price_date"", ""net_income"", ""revenue"", ""total_assets"", ""total_liabilities""]","[""Primary market data missing or incomplete.""]",Primary market data missing or incomplete.,,,,,,,,,INSUFFICIENT_DATA,provisional_structured,,,,,,,,,
PPC,Công ty Cổ phần Nhiệt điện Phả Lại,BLOCKED_INSUFFICIENT_MARKET_DATA,REJECTED,True,False,PROVISIONAL_PRIMARY_ONLY,PROVISIONAL_LOW,NOT_AVAILABLE,NEEDS_MANUAL_BCTC_REVIEW,"[""avg_volume_20d"", ""capex"", ""cfo"", ""equity"", ""gross_profit"", ""last_close"", ""last_price_date"", ""net_income"", ""revenue"", ""total_assets"", ""total_liabilities""]","[""Primary market data missing or incomplete.""]",Primary market data missing or incomplete.,,,,,,,,,INSUFFICIENT_DATA,provisional_structured,,,,,,,,,
PPE,Công ty Cổ phần Tư vấn Đầu tư PP Enterprise,BLOCKED_INSUFFICIENT_MARKET_DATA,REJECTED,True,False,PROVISIONAL_PRIMARY_ONLY,PROVISIONAL_LOW,NOT_AVAILABLE,NEEDS_MANUAL_BCTC_REVIEW,"[""avg_volume_20d"", ""capex"", ""cfo"", ""equity"", ""gross_profit"", ""last_close"", ""last_price_date"", ""net_income"", ""revenue"", ""total_assets"", ""total_liabilities""]","[""Primary market data missing or incomplete.""]",Primary market data missing or incomplete.,,,,,,,,,INSUFFICIENT_DATA,provisional_structured,,,,,,,,,
PPH,Tổng Công ty Cổ phần Phong Phú,BLOCKED_INSUFFICIENT_MARKET_DATA,REJECTED,True,False,PROVISIONAL_PRIMARY_ONLY,PROVISIONAL_LOW,NOT_AVAILABLE,NEEDS_MANUAL_BCTC_REVIEW,"[""avg_volume_20d"", ""capex"", ""cfo"", ""equity"", ""gross_profit"", ""last_close"", ""last_price_date"", ""net_income"", ""revenue"", ""total_assets"", ""total_liabilities""]","[""Primary market data missing or incomplete.""]",Primary market data missing or incomplete.,,,,,,,,,INSUFFICIENT_DATA,provisional_structured,,,,,,,,,
PPI,Công ty Cổ phần Đầu tư và Phát triển dự án hạ tầng Thái Bình Dương,BLOCKED_INSUFFICIENT_MARKET_DATA,REJECTED,True,False,PROVISIONAL_PRIMARY_ONLY,PROVISIONAL_LOW,NOT_AVAILABLE,NEEDS_MANUAL_BCTC_REVIEW,"[""avg_volume_20d"", ""capex"", ""cfo"", ""equity"", ""gross_profit"", ""last_close"", ""last_price_date"", ""net_income"", ""revenue"", ""total_assets"", ""total_liabilities""]","[""Primary market data missing or incomplete.""]",Primary market data missing or incomplete.,,,,,,,,,INSUFFICIENT_DATA,provisional_structured,,,,,,,,,
PPP,Công ty Cổ phần Dược phẩm Phong Phú,BLOCKED_INSUFFICIENT_MARKET_DATA,REJECTED,True,False,PROVISIONAL_PRIMARY_ONLY,PROVISIONAL_LOW,NOT_AVAILABLE,NEEDS_MANUAL_BCTC_REVIEW,"[""avg_volume_20d"", ""capex"", ""cfo"", ""equity"", ""gross_profit"", ""last_close"", ""last_price_date"", ""net_income"", ""revenue"", ""total_assets"", ""total_liabilities""]","[""Primary market data missing or incomplete.""]",Primary market data missing or incomplete.,,,,,,,,,INSUFFICIENT_DATA,provisional_structured,,,,,,,,,
PPS,Công ty Cổ phần Dịch vụ Kỹ thuật Điện lực Dầu khí Việt Nam,BLOCKED_INSUFFICIENT_MARKET_DATA,REJECTED,True,False,PROVISIONAL_PRIMARY_ONLY,PROVISIONAL_LOW,NOT_AVAILABLE,NEEDS_MANUAL_BCTC_REVIEW,"[""avg_volume_20d"", ""capex"", ""cfo"", ""equity"", ""gross_profit"", ""last_close"", ""last_price_date"", ""net_income"", ""revenue"", ""total_assets"", ""total_liabilities""]","[""Primary market data missing or incomplete.""]",Primary market data missing or incomplete.,,,,,,,,,INSUFFICIENT_DATA,provisional_structured,,,,,,,,,
PPT,Công ty cổ phần Petro Times,BLOCKED_INSUFFICIENT_MARKET_DATA,REJECTED,True,False,PROVISIONAL_PRIMARY_ONLY,PROVISIONAL_LOW,NOT_AVAILABLE,NEEDS_MANUAL_BCTC_REVIEW,"[""avg_volume_20d"", ""capex"", ""cfo"", ""equity"", ""gross_profit"", ""last_close"", ""last_price_date"", ""net_income"", ""revenue"", ""total_assets"", ""total_liabilities""]","[""Primary market data missing or incomplete.""]",Primary market data missing or incomplete.,,,,,,,,,INSUFFICIENT_DATA,provisional_structured,,,,,,,,,
PPY,Công ty Cổ phần Xăng dầu dầu khí Phú Yên,BLOCKED_INSUFFICIENT_MARKET_DATA,REJECTED,True,False,PROVISIONAL_PRIMARY_ONLY,PROVISIONAL_LOW,NOT_AVAILABLE,NEEDS_MANUAL_BCTC_REVIEW,"[""avg_volume_20d"", ""capex"", ""cfo"", ""equity"", ""gross_profit"", ""last_close"", ""last_price_date"", ""net_income"", ""revenue"", ""total_assets"", ""total_liabilities""]","[""Primary market data missing or incomplete.""]",Primary market data missing or incomplete.,,,,,,,,,INSUFFICIENT_DATA,provisional_structured,,,,,,,,,
PQN,Công ty Cổ phần Dịch vụ Dầu khí Quảng Ngãi PTSC,BLOCKED_INSUFFICIENT_MARKET_DATA,REJECTED,True,False,PROVISIONAL_PRIMARY_ONLY,PROVISIONAL_LOW,NOT_AVAILABLE,NEEDS_MANUAL_BCTC_REVIEW,"[""avg_volume_20d"", ""capex"", ""cfo"", ""equity"", ""gross_profit"", ""last_close"", ""last_price_date"", ""net_income"", ""revenue"", ""total_assets"", ""total_liabilities""]","[""Primary market data missing or incomplete.""]",Primary market data missing or incomplete.,,,,,,,,,INSUFFICIENT_DATA,provisional_structured,,,,,,,,,
PRC,Công ty Cổ phần Logistics Portserco,BLOCKED_INSUFFICIENT_MARKET_DATA,REJECTED,True,False,PROVISIONAL_PRIMARY_ONLY,PROVISIONAL_LOW,NOT_AVAILABLE,NEEDS_MANUAL_BCTC_REVIEW,"[""avg_volume_20d"", ""capex"", ""cfo"", ""equity"", ""gross_profit"", ""last_close"", ""last_price_date"", ""net_income"", ""revenue"", ""total_assets"", ""total_liabilities""]","[""Primary market data missing or incomplete.""]",Primary market data missing or incomplete.,,,,,,,,,INSUFFICIENT_DATA,provisional_structured,,,,,,,,,
PRE,Tổng Công ty Cổ phần Tái bảo hiểm Hà Nội,BLOCKED_INSUFFICIENT_MARKET_DATA,REJECTED,True,False,PROVISIONAL_PRIMARY_ONLY,PROVISIONAL_LOW,NOT_AVAILABLE,NEEDS_MANUAL_BCTC_REVIEW,"[""avg_volume_20d"", ""capex"", ""cfo"", ""equity"", ""gross_profit"", ""last_close"", ""last_price_date"", ""net_income"", ""revenue"", ""total_assets"", ""total_liabilities""]","[""Primary market data missing or incomplete.""]",Primary market data missing or incomplete.,,,,,,,,,INSUFFICIENT_DATA,provisional_structured,,,,,,,,,
PRO,Công ty Cổ phần Procimex Việt Nam,BLOCKED_INSUFFICIENT_MARKET_DATA,REJECTED,True,False,PROVISIONAL_PRIMARY_ONLY,PROVISIONAL_LOW,NOT_AVAILABLE,NEEDS_MANUAL_BCTC_REVIEW,"[""avg_volume_20d"", ""capex"", ""cfo"", ""equity"", ""gross_profit"", ""last_close"", ""last_price_date"", ""net_income"", ""revenue"", ""total_assets"", ""total_liabilities""]","[""Primary market data missing or incomplete.""]",Primary market data missing or incomplete.,,,,,,,,,INSUFFICIENT_DATA,provisional_structured,,,,,,,,,
PRT,Tổng Công ty Sản xuất - Xuất nhập khẩu Bình Dương - Công ty cổ phần,BLOCKED_INSUFFICIENT_MARKET_DATA,REJECTED,True,False,PROVISIONAL_PRIMARY_ONLY,PROVISIONAL_LOW,NOT_AVAILABLE,NEEDS_MANUAL_BCTC_REVIEW,"[""avg_volume_20d"", ""capex"", ""cfo"", ""equity"", ""gross_profit"", ""last_close"", ""last_price_date"", ""net_income"", ""revenue"", ""total_assets"", ""total_liabilities""]","[""Primary market data missing or incomplete.""]",Primary market data missing or incomplete.,,,,,,,,,INSUFFICIENT_DATA,provisional_structured,,,,,,,,,
PSB,Công ty Cổ phần Đầu tư Dầu khí Sao Mai Bến Đình,BLOCKED_INSUFFICIENT_MARKET_DATA,REJECTED,True,False,PROVISIONAL_PRIMARY_ONLY,PROVISIONAL_LOW,NOT_AVAILABLE,NEEDS_MANUAL_BCTC_REVIEW,"[""avg_volume_20d"", ""capex"", ""cfo"", ""equity"", ""gross_profit"", ""last_close"", ""last_price_date"", ""net_income"", ""revenue"", ""total_assets"", ""total_liabilities""]","[""Primary market data missing or incomplete.""]",Primary market data missing or incomplete.,,,,,,,,,INSUFFICIENT_DATA,provisional_structured,,,,,,,,,
PSC,Công ty Cổ phần Vận tải và Dịch vụ Petrolimex Sài Gòn,BLOCKED_INSUFFICIENT_MARKET_DATA,REJECTED,True,False,PROVISIONAL_PRIMARY_ONLY,PROVISIONAL_LOW,NOT_AVAILABLE,NEEDS_MANUAL_BCTC_REVIEW,"[""avg_volume_20d"", ""capex"", ""cfo"", ""equity"", ""gross_profit"", ""last_close"", ""last_price_date"", ""net_income"", ""revenue"", ""total_assets"", ""total_liabilities""]","[""Primary market data missing or incomplete.""]",Primary market data missing or incomplete.,,,,,,,,,INSUFFICIENT_DATA,provisional_structured,,,,,,,,,
PSD,Công ty Cổ phần Dịch vụ Phân phối Tổng hợp Dầu khí,BLOCKED_INSUFFICIENT_MARKET_DATA,REJECTED,True,False,PROVISIONAL_PRIMARY_ONLY,PROVISIONAL_LOW,NOT_AVAILABLE,NEEDS_MANUAL_BCTC_REVIEW,"[""avg_volume_20d"", ""capex"", ""cfo"", ""equity"", ""gross_profit"", ""last_close"", ""last_price_date"", ""net_income"", ""revenue"", ""total_assets"", ""total_liabilities""]","[""Primary market data missing or incomplete.""]",Primary market data missing or incomplete.,,,,,,,,,INSUFFICIENT_DATA,provisional_structured,,,,,,,,,
PSE,Công ty Cổ phần Phân bón và hóa chất dầu khí Đông Nam Bộ,BLOCKED_INSUFFICIENT_MARKET_DATA,REJECTED,True,False,PROVISIONAL_PRIMARY_ONLY,PROVISIONAL_LOW,NOT_AVAILABLE,NEEDS_MANUAL_BCTC_REVIEW,"[""avg_volume_20d"", ""capex"", ""cfo"", ""equity"", ""gross_profit"", ""last_close"", ""last_price_date"", ""net_income"", ""revenue"", ""total_assets"", ""total_liabilities""]","[""Primary market data missing or incomplete.""]",Primary market data missing or incomplete.,,,,,,,,,INSUFFICIENT_DATA,provisional_structured,,,,,,,,,
PSG,Công ty Cổ phần Đầu tư và Xây lắp Dầu khí Sài Gòn,BLOCKED_INSUFFICIENT_MARKET_DATA,REJECTED,True,False,PROVISIONAL_PRIMARY_ONLY,PROVISIONAL_LOW,NOT_AVAILABLE,NEEDS_MANUAL_BCTC_REVIEW,"[""avg_volume_20d"", ""capex"", ""cfo"", ""equity"", ""gross_profit"", ""last_close"", ""last_price_date"", ""net_income"", ""revenue"", ""total_assets"", ""total_liabilities""]","[""Primary market data missing or incomplete.""]",Primary market data missing or incomplete.,,,,,,,,,INSUFFICIENT_DATA,provisional_structured,,,,,,,,,
PSH,Công ty Cổ phần Thương mại Đầu tư Dầu khí Nam Sông Hậu,BLOCKED_INSUFFICIENT_MARKET_DATA,REJECTED,True,False,PROVISIONAL_PRIMARY_ONLY,PROVISIONAL_LOW,NOT_AVAILABLE,NEEDS_MANUAL_BCTC_REVIEW,"[""avg_volume_20d"", ""capex"", ""cfo"", ""equity"", ""gross_profit"", ""last_close"", ""last_price_date"", ""net_income"", ""revenue"", ""total_assets"", ""total_liabilities""]","[""Primary market data missing or incomplete.""]",Primary market data missing or incomplete.,,,,,,,,,INSUFFICIENT_DATA,provisional_structured,,,,,,,,,
PSI,Công ty Cổ phần Chứng khoán Dầu khí,BLOCKED_INSUFFICIENT_MARKET_DATA,REJECTED,True,False,PROVISIONAL_PRIMARY_ONLY,PROVISIONAL_LOW,NOT_AVAILABLE,NEEDS_MANUAL_BCTC_REVIEW,"[""avg_volume_20d"", ""capex"", ""cfo"", ""equity"", ""gross_profit"", ""last_close"", ""last_price_date"", ""net_income"", ""revenue"", ""total_assets"", ""total_liabilities""]","[""Primary market data missing or incomplete.""]",Primary market data missing or incomplete.,,,,,,,,,INSUFFICIENT_DATA,provisional_structured,,,,,,,,,
PSL,Công ty Cổ phần Chăn nuôi Phú Sơn,BLOCKED_INSUFFICIENT_MARKET_DATA,REJECTED,True,False,PROVISIONAL_PRIMARY_ONLY,PROVISIONAL_LOW,NOT_AVAILABLE,NEEDS_MANUAL_BCTC_REVIEW,"[""avg_volume_20d"", ""capex"", ""cfo"", ""equity"", ""gross_profit"", ""last_close"", ""last_price_date"", ""net_income"", ""revenue"", ""total_assets"", ""total_liabilities""]","[""Primary market data missing or incomplete.""]",Primary market data missing or incomplete.,,,,,,,,,INSUFFICIENT_DATA,provisional_structured,,,,,,,,,
PSN,Công ty Cổ phần Dịch vụ Kỹ thuật PTSC Thanh Hóa,BLOCKED_INSUFFICIENT_MARKET_DATA,REJECTED,True,False,PROVISIONAL_PRIMARY_ONLY,PROVISIONAL_LOW,NOT_AVAILABLE,NEEDS_MANUAL_BCTC_REVIEW,"[""avg_volume_20d"", ""capex"", ""cfo"", ""equity"", ""gross_profit"", ""last_close"", ""last_price_date"", ""net_income"", ""revenue"", ""total_assets"", ""total_liabilities""]","[""Primary market data missing or incomplete.""]",Primary market data missing or incomplete.,,,,,,,,,INSUFFICIENT_DATA,provisional_structured,,,,,,,,,
PSP,Công ty Cổ phần Cảng Dịch vụ Dầu khí Đình Vũ,BLOCKED_INSUFFICIENT_MARKET_DATA,REJECTED,True,False,PROVISIONAL_PRIMARY_ONLY,PROVISIONAL_LOW,NOT_AVAILABLE,NEEDS_MANUAL_BCTC_REVIEW,"[""avg_volume_20d"", ""capex"", ""cfo"", ""equity"", ""gross_profit"", ""last_close"", ""last_price_date"", ""net_income"", ""revenue"", ""total_assets"", ""total_liabilities""]","[""Primary market data missing or incomplete.""]",Primary market data missing or incomplete.,,,,,,,,,INSUFFICIENT_DATA,provisional_structured,,,,,,,,,
PSW,Công ty Cổ phần Phân bón và hóa chất dầu khí Tây Nam Bộ,BLOCKED_INSUFFICIENT_MARKET_DATA,REJECTED,True,False,PROVISIONAL_PRIMARY_ONLY,PROVISIONAL_LOW,NOT_AVAILABLE,NEEDS_MANUAL_BCTC_REVIEW,"[""avg_volume_20d"", ""capex"", ""cfo"", ""equity"", ""gross_profit"", ""last_close"", ""last_price_date"", ""net_income"", ""revenue"", ""total_assets"", ""total_liabilities""]","[""Primary market data missing or incomplete.""]",Primary market data missing or incomplete.,,,,,,,,,INSUFFICIENT_DATA,provisional_structured,,,,,,,,,
PTB,Công ty Cổ phần Phú Tài,BLOCKED_INSUFFICIENT_MARKET_DATA,REJECTED,True,False,PROVISIONAL_PRIMARY_ONLY,PROVISIONAL_LOW,NOT_AVAILABLE,NEEDS_MANUAL_BCTC_REVIEW,"[""avg_volume_20d"", ""capex"", ""cfo"", ""equity"", ""gross_profit"", ""last_close"", ""last_price_date"", ""net_income"", ""revenue"", ""total_assets"", ""total_liabilities""]","[""Primary market data missing or incomplete.""]",Primary market data missing or incomplete.,,,,,,,,,INSUFFICIENT_DATA,provisional_structured,,,,,,,,,
PTC,Công ty Cổ phần Đầu tư ICAPITAL,BLOCKED_INSUFFICIENT_MARKET_DATA,REJECTED,True,False,PROVISIONAL_PRIMARY_ONLY,PROVISIONAL_LOW,NOT_AVAILABLE,NEEDS_MANUAL_BCTC_REVIEW,"[""avg_volume_20d"", ""capex"", ""cfo"", ""equity"", ""gross_profit"", ""last_close"", ""last_price_date"", ""net_income"", ""revenue"", ""total_assets"", ""total_liabilities""]","[""Primary market data missing or incomplete.""]",Primary market data missing or incomplete.,,,,,,,,,INSUFFICIENT_DATA,provisional_structured,,,,,,,,,
PTD,Công ty Cổ phần Thiết kế - Xây dựng - Thương mại Phúc Thịnh,BLOCKED_INSUFFICIENT_MARKET_DATA,REJECTED,True,False,PROVISIONAL_PRIMARY_ONLY,PROVISIONAL_LOW,NOT_AVAILABLE,NEEDS_MANUAL_BCTC_REVIEW,"[""avg_volume_20d"", ""capex"", ""cfo"", ""equity"", ""gross_profit"", ""last_close"", ""last_price_date"", ""net_income"", ""revenue"", ""total_assets"", ""total_liabilities""]","[""Primary market data missing or incomplete.""]",Primary market data missing or incomplete.,,,,,,,,,INSUFFICIENT_DATA,provisional_structured,,,,,,,,,
PTE,Công ty Cổ phần Xi măng Phú Thọ,BLOCKED_INSUFFICIENT_MARKET_DATA,REJECTED,True,False,PROVISIONAL_PRIMARY_ONLY,PROVISIONAL_LOW,NOT_AVAILABLE,NEEDS_MANUAL_BCTC_REVIEW,"[""avg_volume_20d"", ""capex"", ""cfo"", ""equity"", ""gross_profit"", ""last_close"", ""last_price_date"", ""net_income"", ""revenue"", ""total_assets"", ""total_liabilities""]","[""Primary market data missing or incomplete.""]",Primary market data missing or incomplete.,,,,,,,,,INSUFFICIENT_DATA,provisional_structured,,,,,,,,,
PTG,Công ty Cổ phần May Xuất Khẩu Phan Thiết,BLOCKED_INSUFFICIENT_MARKET_DATA,REJECTED,True,False,PROVISIONAL_PRIMARY_ONLY,PROVISIONAL_LOW,NOT_AVAILABLE,NEEDS_MANUAL_BCTC_REVIEW,"[""avg_volume_20d"", ""capex"", ""cfo"", ""equity"", ""gross_profit"", ""last_close"", ""last_price_date"", ""net_income"", ""revenue"", ""total_assets"", ""total_liabilities""]","[""Primary market data missing or incomplete.""]",Primary market data missing or incomplete.,,,,,,,,,INSUFFICIENT_DATA,provisional_structured,,,,,,,,,
PTH,Công ty Cổ phần Vận tải và Dịch vụ Petrolimex Hà Tây,BLOCKED_INSUFFICIENT_MARKET_DATA,REJECTED,True,False,PROVISIONAL_PRIMARY_ONLY,PROVISIONAL_LOW,NOT_AVAILABLE,NEEDS_MANUAL_BCTC_REVIEW,"[""avg_volume_20d"", ""capex"", ""cfo"", ""equity"", ""gross_profit"", ""last_close"", ""last_price_date"", ""net_income"", ""revenue"", ""total_assets"", ""total_liabilities""]","[""Primary market data missing or incomplete.""]",Primary market data missing or incomplete.,,,,,,,,,INSUFFICIENT_DATA,provisional_structured,,,,,,,,,
PTI,Tổng Công ty Cổ phần Bảo hiểm Bưu điện,BLOCKED_INSUFFICIENT_MARKET_DATA,REJECTED,True,False,PROVISIONAL_PRIMARY_ONLY,PROVISIONAL_LOW,NOT_AVAILABLE,NEEDS_MANUAL_BCTC_REVIEW,"[""avg_volume_20d"", ""capex"", ""cfo"", ""equity"", ""gross_profit"", ""last_close"", ""last_price_date"", ""net_income"", ""revenue"", ""total_assets"", ""total_liabilities""]","[""Primary market data missing or incomplete.""]",Primary market data missing or incomplete.,,,,,,,,,INSUFFICIENT_DATA,provisional_structured,,,,,,,,,
PTL,Công ty Cổ phần Victory Group,BLOCKED_INSUFFICIENT_MARKET_DATA,REJECTED,True,False,PROVISIONAL_PRIMARY_ONLY,PROVISIONAL_LOW,NOT_AVAILABLE,NEEDS_MANUAL_BCTC_REVIEW,"[""avg_volume_20d"", ""capex"", ""cfo"", ""equity"", ""gross_profit"", ""last_close"", ""last_price_date"", ""net_income"", ""revenue"", ""total_assets"", ""total_liabilities""]","[""Primary market data missing or incomplete.""]",Primary market data missing or incomplete.,,,,,,,,,INSUFFICIENT_DATA,provisional_structured,,,,,,,,,
PTM,"Công ty Cổ phần Sản xuất, Thương mại Và Dịch vụ Ô tô PTM",BLOCKED_INSUFFICIENT_MARKET_DATA,REJECTED,True,False,PROVISIONAL_PRIMARY_ONLY,PROVISIONAL_LOW,NOT_AVAILABLE,NEEDS_MANUAL_BCTC_REVIEW,"[""avg_volume_20d"", ""capex"", ""cfo"", ""equity"", ""gross_profit"", ""last_close"", ""last_price_date"", ""net_income"", ""revenue"", ""total_assets"", ""total_liabilities""]","[""Primary market data missing or incomplete.""]",Primary market data missing or incomplete.,,,,,,,,,INSUFFICIENT_DATA,provisional_structured,,,,,,,,,
PTN,Công ty Cổ phần Phát triển Nhà Khánh Hòa,BLOCKED_INSUFFICIENT_MARKET_DATA,REJECTED,True,False,PROVISIONAL_PRIMARY_ONLY,PROVISIONAL_LOW,NOT_AVAILABLE,NEEDS_MANUAL_BCTC_REVIEW,"[""avg_volume_20d"", ""capex"", ""cfo"", ""equity"", ""gross_profit"", ""last_close"", ""last_price_date"", ""net_income"", ""revenue"", ""total_assets"", ""total_liabilities""]","[""Primary market data missing or incomplete.""]",Primary market data missing or incomplete.,,,,,,,,,INSUFFICIENT_DATA,provisional_structured,,,,,,,,,
PTO,Công ty Cổ phần Dịch vụ - Xây dựng Công trình Bưu điện,BLOCKED_INSUFFICIENT_MARKET_DATA,REJECTED,True,False,PROVISIONAL_PRIMARY_ONLY,PROVISIONAL_LOW,NOT_AVAILABLE,NEEDS_MANUAL_BCTC_REVIEW,"[""avg_volume_20d"", ""capex"", ""cfo"", ""equity"", ""gross_profit"", ""last_close"", ""last_price_date"", ""net_income"", ""revenue"", ""total_assets"", ""total_liabilities""]","[""Primary market data missing or incomplete.""]",Primary market data missing or incomplete.,,,,,,,,,INSUFFICIENT_DATA,provisional_structured,,,,,,,,,
PTP,Công ty Cổ phần PTP,BLOCKED_INSUFFICIENT_MARKET_DATA,REJECTED,True,False,PROVISIONAL_PRIMARY_ONLY,PROVISIONAL_LOW,NOT_AVAILABLE,NEEDS_MANUAL_BCTC_REVIEW,"[""avg_volume_20d"", ""capex"", ""cfo"", ""equity"", ""gross_profit"", ""last_close"", ""last_price_date"", ""net_income"", ""revenue"", ""total_assets"", ""total_liabilities""]","[""Primary market data missing or incomplete.""]",Primary market data missing or incomplete.,,,,,,,,,INSUFFICIENT_DATA,provisional_structured,,,,,,,,,
PTS,Công ty Cổ phần Vận tải và Dịch vụ Petrolimex Hải Phòng,BLOCKED_INSUFFICIENT_MARKET_DATA,REJECTED,True,False,PROVISIONAL_PRIMARY_ONLY,PROVISIONAL_LOW,NOT_AVAILABLE,NEEDS_MANUAL_BCTC_REVIEW,"[""avg_volume_20d"", ""capex"", ""cfo"", ""equity"", ""gross_profit"", ""last_close"", ""last_price_date"", ""net_income"", ""revenue"", ""total_assets"", ""total_liabilities""]","[""Primary market data missing or incomplete.""]",Primary market data missing or incomplete.,,,,,,,,,INSUFFICIENT_DATA,provisional_structured,,,,,,,,,
PTT,Công ty Cổ phần Vận tải Dầu khí Đông Dương,BLOCKED_INSUFFICIENT_MARKET_DATA,REJECTED,True,False,PROVISIONAL_PRIMARY_ONLY,PROVISIONAL_LOW,NOT_AVAILABLE,NEEDS_MANUAL_BCTC_REVIEW,"[""avg_volume_20d"", ""capex"", ""cfo"", ""equity"", ""gross_profit"", ""last_close"", ""last_price_date"", ""net_income"", ""revenue"", ""total_assets"", ""total_liabilities""]","[""Primary market data missing or incomplete.""]",Primary market data missing or incomplete.,,,,,,,,,INSUFFICIENT_DATA,provisional_structured,,,,,,,,,
PTV,Công ty Cổ phần Thương mại Dầu khí,BLOCKED_INSUFFICIENT_MARKET_DATA,REJECTED,True,False,PROVISIONAL_PRIMARY_ONLY,PROVISIONAL_LOW,NOT_AVAILABLE,NEEDS_MANUAL_BCTC_REVIEW,"[""avg_volume_20d"", ""capex"", ""cfo"", ""equity"", ""gross_profit"", ""last_close"", ""last_price_date"", ""net_income"", ""revenue"", ""total_assets"", ""total_liabilities""]","[""Primary market data missing or incomplete.""]",Primary market data missing or incomplete.,,,,,,,,,INSUFFICIENT_DATA,provisional_structured,,,,,,,,,
PTX,Công ty Cổ phần Vận tải và Dịch vụ Petrolimex Nghệ Tĩnh,BLOCKED_INSUFFICIENT_MARKET_DATA,REJECTED,True,False,PROVISIONAL_PRIMARY_ONLY,PROVISIONAL_LOW,NOT_AVAILABLE,NEEDS_MANUAL_BCTC_REVIEW,"[""avg_volume_20d"", ""capex"", ""cfo"", ""equity"", ""gross_profit"", ""last_close"", ""last_price_date"", ""net_income"", ""revenue"", ""total_assets"", ""total_liabilities""]","[""Primary market data missing or incomplete.""]",Primary market data missing or incomplete.,,,,,,,,,INSUFFICIENT_DATA,provisional_structured,,,,,,,,,
PV2,Công ty Cổ phần Đầu tư PV2,BLOCKED_INSUFFICIENT_MARKET_DATA,REJECTED,True,False,PROVISIONAL_PRIMARY_ONLY,PROVISIONAL_LOW,NOT_AVAILABLE,NEEDS_MANUAL_BCTC_REVIEW,"[""avg_volume_20d"", ""capex"", ""cfo"", ""equity"", ""gross_profit"", ""last_close"", ""last_price_date"", ""net_income"", ""revenue"", ""total_assets"", ""total_liabilities""]","[""Primary market data missing or incomplete.""]",Primary market data missing or incomplete.,,,,,,,,,INSUFFICIENT_DATA,provisional_structured,,,,,,,,,
PVA,Công ty Cổ phần Tổng Công ty Xây lắp Dầu khí Nghệ An,BLOCKED_INSUFFICIENT_MARKET_DATA,REJECTED,True,False,PROVISIONAL_PRIMARY_ONLY,PROVISIONAL_LOW,NOT_AVAILABLE,NEEDS_MANUAL_BCTC_REVIEW,"[""avg_volume_20d"", ""capex"", ""cfo"", ""equity"", ""gross_profit"", ""last_close"", ""last_price_date"", ""net_income"", ""revenue"", ""total_assets"", ""total_liabilities""]","[""Primary market data missing or incomplete.""]",Primary market data missing or incomplete.,,,,,,,,,INSUFFICIENT_DATA,provisional_structured,,,,,,,,,
PVB,Công ty Cổ phần Bọc ống Dầu khí Việt Nam,BLOCKED_INSUFFICIENT_MARKET_DATA,REJECTED,True,False,PROVISIONAL_PRIMARY_ONLY,PROVISIONAL_LOW,NOT_AVAILABLE,NEEDS_MANUAL_BCTC_REVIEW,"[""avg_volume_20d"", ""capex"", ""cfo"", ""equity"", ""gross_profit"", ""last_close"", ""last_price_date"", ""net_income"", ""revenue"", ""total_assets"", ""total_liabilities""]","[""Primary market data missing or incomplete.""]",Primary market data missing or incomplete.,,,,,,,,,INSUFFICIENT_DATA,provisional_structured,,,,,,,,,
PVC,Tổng Công ty Hóa chất và Dịch vụ Dầu khí - Công ty Cổ phần,BLOCKED_INSUFFICIENT_MARKET_DATA,REJECTED,True,False,PROVISIONAL_PRIMARY_ONLY,PROVISIONAL_LOW,NOT_AVAILABLE,NEEDS_MANUAL_BCTC_REVIEW,"[""avg_volume_20d"", ""capex"", ""cfo"", ""equity"", ""gross_profit"", ""last_close"", ""last_price_date"", ""net_income"", ""revenue"", ""total_assets"", ""total_liabilities""]","[""Primary market data missing or incomplete.""]",Primary market data missing or incomplete.,,,,,,,,,INSUFFICIENT_DATA,provisional_structured,,,,,,,,,
PVD,Tổng Công ty Cổ phần Khoan và Dịch vụ khoan Dầu khí,BLOCKED_INSUFFICIENT_MARKET_DATA,REJECTED,True,False,PROVISIONAL_PRIMARY_ONLY,PROVISIONAL_LOW,NOT_AVAILABLE,NEEDS_MANUAL_BCTC_REVIEW,"[""avg_volume_20d"", ""capex"", ""cfo"", ""equity"", ""gross_profit"", ""last_close"", ""last_price_date"", ""net_income"", ""revenue"", ""total_assets"", ""total_liabilities""]","[""Primary market data missing or incomplete.""]",Primary market data missing or incomplete.,,,,,,,,,INSUFFICIENT_DATA,provisional_structured,,,,,,,,,
PVE,Tổng Công ty Tư vấn Thiết kế Dầu khí - Công ty Cổ phần,BLOCKED_INSUFFICIENT_MARKET_DATA,REJECTED,True,False,PROVISIONAL_PRIMARY_ONLY,PROVISIONAL_LOW,NOT_AVAILABLE,NEEDS_MANUAL_BCTC_REVIEW,"[""avg_volume_20d"", ""capex"", ""cfo"", ""equity"", ""gross_profit"", ""last_close"", ""last_price_date"", ""net_income"", ""revenue"", ""total_assets"", ""total_liabilities""]","[""Primary market data missing or incomplete.""]",Primary market data missing or incomplete.,,,,,,,,,INSUFFICIENT_DATA,provisional_structured,,,,,,,,,
PVG,Công ty Cổ phần Kinh doanh LPG Việt Nam,BLOCKED_INSUFFICIENT_MARKET_DATA,REJECTED,True,False,PROVISIONAL_PRIMARY_ONLY,PROVISIONAL_LOW,NOT_AVAILABLE,NEEDS_MANUAL_BCTC_REVIEW,"[""avg_volume_20d"", ""capex"", ""cfo"", ""equity"", ""gross_profit"", ""last_close"", ""last_price_date"", ""net_income"", ""revenue"", ""total_assets"", ""total_liabilities""]","[""Primary market data missing or incomplete.""]",Primary market data missing or incomplete.,,,,,,,,,INSUFFICIENT_DATA,provisional_structured,,,,,,,,,
PVH,Công ty Cổ phần Xây lắp Dầu khí Thanh Hóa,BLOCKED_INSUFFICIENT_MARKET_DATA,REJECTED,True,False,PROVISIONAL_PRIMARY_ONLY,PROVISIONAL_LOW,NOT_AVAILABLE,NEEDS_MANUAL_BCTC_REVIEW,"[""avg_volume_20d"", ""capex"", ""cfo"", ""equity"", ""gross_profit"", ""last_close"", ""last_price_date"", ""net_income"", ""revenue"", ""total_assets"", ""total_liabilities""]","[""Primary market data missing or incomplete.""]",Primary market data missing or incomplete.,,,,,,,,,INSUFFICIENT_DATA,provisional_structured,,,,,,,,,
PVI,Công ty Cổ phần PVI,BLOCKED_INSUFFICIENT_MARKET_DATA,REJECTED,True,False,PROVISIONAL_PRIMARY_ONLY,PROVISIONAL_LOW,NOT_AVAILABLE,NEEDS_MANUAL_BCTC_REVIEW,"[""avg_volume_20d"", ""capex"", ""cfo"", ""equity"", ""gross_profit"", ""last_close"", ""last_price_date"", ""net_income"", ""revenue"", ""total_assets"", ""total_liabilities""]","[""Primary market data missing or incomplete.""]",Primary market data missing or incomplete.,,,,,,,,,INSUFFICIENT_DATA,provisional_structured,,,,,,,,,
PVL,Công ty Cổ phần Địa ốc Dầu khí,BLOCKED_INSUFFICIENT_MARKET_DATA,REJECTED,True,False,PROVISIONAL_PRIMARY_ONLY,PROVISIONAL_LOW,NOT_AVAILABLE,NEEDS_MANUAL_BCTC_REVIEW,"[""avg_volume_20d"", ""capex"", ""cfo"", ""equity"", ""gross_profit"", ""last_close"", ""last_price_date"", ""net_income"", ""revenue"", ""total_assets"", ""total_liabilities""]","[""Primary market data missing or incomplete.""]",Primary market data missing or incomplete.,,,,,,,,,INSUFFICIENT_DATA,provisional_structured,,,,,,,,,
PVM,Công ty Cổ phần Máy - Thiết bị Dầu khí,BLOCKED_INSUFFICIENT_MARKET_DATA,REJECTED,True,False,PROVISIONAL_PRIMARY_ONLY,PROVISIONAL_LOW,NOT_AVAILABLE,NEEDS_MANUAL_BCTC_REVIEW,"[""avg_volume_20d"", ""capex"", ""cfo"", ""equity"", ""gross_profit"", ""last_close"", ""last_price_date"", ""net_income"", ""revenue"", ""total_assets"", ""total_liabilities""]","[""Primary market data missing or incomplete.""]",Primary market data missing or incomplete.,,,,,,,,,INSUFFICIENT_DATA,provisional_structured,,,,,,,,,
PVO,Công ty Cổ phần Dầu nhờn PV Oil,BLOCKED_INSUFFICIENT_MARKET_DATA,REJECTED,True,False,PROVISIONAL_PRIMARY_ONLY,PROVISIONAL_LOW,NOT_AVAILABLE,NEEDS_MANUAL_BCTC_REVIEW,"[""avg_volume_20d"", ""capex"", ""cfo"", ""equity"", ""gross_profit"", ""last_close"", ""last_price_date"", ""net_income"", ""revenue"", ""total_assets"", ""total_liabilities""]","[""Primary market data missing or incomplete.""]",Primary market data missing or incomplete.,,,,,,,,,INSUFFICIENT_DATA,provisional_structured,,,,,,,,,
PVP,Công ty Cổ phần Vận tải Dầu khí Thái Bình Dương,BLOCKED_INSUFFICIENT_MARKET_DATA,REJECTED,True,False,PROVISIONAL_PRIMARY_ONLY,PROVISIONAL_LOW,NOT_AVAILABLE,NEEDS_MANUAL_BCTC_REVIEW,"[""avg_volume_20d"", ""capex"", ""cfo"", ""equity"", ""gross_profit"", ""last_close"", ""last_price_date"", ""net_income"", ""revenue"", ""total_assets"", ""total_liabilities""]","[""Primary market data missing or incomplete.""]",Primary market data missing or incomplete.,,,,,,,,,INSUFFICIENT_DATA,provisional_structured,,,,,,,,,
PVR,Công ty Cổ phần Đầu tư PVR Hà Nội,BLOCKED_INSUFFICIENT_MARKET_DATA,REJECTED,True,False,PROVISIONAL_PRIMARY_ONLY,PROVISIONAL_LOW,NOT_AVAILABLE,NEEDS_MANUAL_BCTC_REVIEW,"[""avg_volume_20d"", ""capex"", ""cfo"", ""equity"", ""gross_profit"", ""last_close"", ""last_price_date"", ""net_income"", ""revenue"", ""total_assets"", ""total_liabilities""]","[""Primary market data missing or incomplete.""]",Primary market data missing or incomplete.,,,,,,,,,INSUFFICIENT_DATA,provisional_structured,,,,,,,,,
PVS,Tổng Công ty Cổ phần Dịch vụ Kỹ thuật Dầu khí Việt Nam,BLOCKED_INSUFFICIENT_MARKET_DATA,REJECTED,True,False,PROVISIONAL_PRIMARY_ONLY,PROVISIONAL_LOW,NOT_AVAILABLE,NEEDS_MANUAL_BCTC_REVIEW,"[""avg_volume_20d"", ""capex"", ""cfo"", ""equity"", ""gross_profit"", ""last_close"", ""last_price_date"", ""net_income"", ""revenue"", ""total_assets"", ""total_liabilities""]","[""Primary market data missing or incomplete.""]",Primary market data missing or incomplete.,,,,,,,,,INSUFFICIENT_DATA,provisional_structured,,,,,,,,,
PVT,Tổng Công ty Cổ phần Vận tải Dầu khí,BLOCKED_INSUFFICIENT_MARKET_DATA,REJECTED,True,False,PROVISIONAL_PRIMARY_ONLY,PROVISIONAL_LOW,NOT_AVAILABLE,NEEDS_MANUAL_BCTC_REVIEW,"[""avg_volume_20d"", ""capex"", ""cfo"", ""equity"", ""gross_profit"", ""last_close"", ""last_price_date"", ""net_income"", ""revenue"", ""total_assets"", ""total_liabilities""]","[""Primary market data missing or incomplete.""]",Primary market data missing or incomplete.,,,,,,,,,INSUFFICIENT_DATA,provisional_structured,,,,,,,,,
PVV,Công ty Cổ phần Vinaconex 39,BLOCKED_INSUFFICIENT_MARKET_DATA,REJECTED,True,False,PROVISIONAL_PRIMARY_ONLY,PROVISIONAL_LOW,NOT_AVAILABLE,NEEDS_MANUAL_BCTC_REVIEW,"[""avg_volume_20d"", ""capex"", ""cfo"", ""equity"", ""gross_profit"", ""last_close"", ""last_price_date"", ""net_income"", ""revenue"", ""total_assets"", ""total_liabilities""]","[""Primary market data missing or incomplete.""]",Primary market data missing or incomplete.,,,,,,,,,INSUFFICIENT_DATA,provisional_structured,,,,,,,,,
PVX,Tổng Công ty Cổ phần Xây lắp Dầu khí Việt Nam,BLOCKED_INSUFFICIENT_MARKET_DATA,REJECTED,True,False,PROVISIONAL_PRIMARY_ONLY,PROVISIONAL_LOW,NOT_AVAILABLE,NEEDS_MANUAL_BCTC_REVIEW,"[""avg_volume_20d"", ""capex"", ""cfo"", ""equity"", ""gross_profit"", ""last_close"", ""last_price_date"", ""net_income"", ""revenue"", ""total_assets"", ""total_liabilities""]","[""Primary market data missing or incomplete.""]",Primary market data missing or incomplete.,,,,,,,,,INSUFFICIENT_DATA,provisional_structured,,,,,,,,,
PVY,Công ty Cổ phần Chế tạo Giàn khoan Dầu khí,BLOCKED_INSUFFICIENT_MARKET_DATA,REJECTED,True,False,PROVISIONAL_PRIMARY_ONLY,PROVISIONAL_LOW,NOT_AVAILABLE,NEEDS_MANUAL_BCTC_REVIEW,"[""avg_volume_20d"", ""capex"", ""cfo"", ""equity"", ""gross_profit"", ""last_close"", ""last_price_date"", ""net_income"", ""revenue"", ""total_assets"", ""total_liabilities""]","[""Primary market data missing or incomplete.""]",Primary market data missing or incomplete.,,,,,,,,,INSUFFICIENT_DATA,provisional_structured,,,,,,,,,
PWA,Công ty Cổ phần Bất động sản dầu khí,BLOCKED_INSUFFICIENT_MARKET_DATA,REJECTED,True,False,PROVISIONAL_PRIMARY_ONLY,PROVISIONAL_LOW,NOT_AVAILABLE,NEEDS_MANUAL_BCTC_REVIEW,"[""avg_volume_20d"", ""capex"", ""cfo"", ""equity"", ""gross_profit"", ""last_close"", ""last_price_date"", ""net_income"", ""revenue"", ""total_assets"", ""total_liabilities""]","[""Primary market data missing or incomplete.""]",Primary market data missing or incomplete.,,,,,,,,,INSUFFICIENT_DATA,provisional_structured,,,,,,,,,
PWS,Công ty Cổ phần Cấp thoát nước Phú Yên,BLOCKED_INSUFFICIENT_MARKET_DATA,REJECTED,True,False,PROVISIONAL_PRIMARY_ONLY,PROVISIONAL_LOW,NOT_AVAILABLE,NEEDS_MANUAL_BCTC_REVIEW,"[""avg_volume_20d"", ""capex"", ""cfo"", ""equity"", ""gross_profit"", ""last_close"", ""last_price_date"", ""net_income"", ""revenue"", ""total_assets"", ""total_liabilities""]","[""Primary market data missing or incomplete.""]",Primary market data missing or incomplete.,,,,,,,,,INSUFFICIENT_DATA,provisional_structured,,,,,,,,,
PX1,Công ty Cổ phần Xi măng Sông Lam 2,BLOCKED_INSUFFICIENT_MARKET_DATA,REJECTED,True,False,PROVISIONAL_PRIMARY_ONLY,PROVISIONAL_LOW,NOT_AVAILABLE,NEEDS_MANUAL_BCTC_REVIEW,"[""avg_volume_20d"", ""capex"", ""cfo"", ""equity"", ""gross_profit"", ""last_close"", ""last_price_date"", ""net_income"", ""revenue"", ""total_assets"", ""total_liabilities""]","[""Primary market data missing or incomplete.""]",Primary market data missing or incomplete.,,,,,,,,,INSUFFICIENT_DATA,provisional_structured,,,,,,,,,
PXA,Công ty Cổ phần Đầu tư và Thương mại Dầu khí Nghệ An,BLOCKED_INSUFFICIENT_MARKET_DATA,REJECTED,True,False,PROVISIONAL_PRIMARY_ONLY,PROVISIONAL_LOW,NOT_AVAILABLE,NEEDS_MANUAL_BCTC_REVIEW,"[""avg_volume_20d"", ""capex"", ""cfo"", ""equity"", ""gross_profit"", ""last_close"", ""last_price_date"", ""net_income"", ""revenue"", ""total_assets"", ""total_liabilities""]","[""Primary market data missing or incomplete.""]",Primary market data missing or incomplete.,,,,,,,,,INSUFFICIENT_DATA,provisional_structured,,,,,,,,,
PXC,Công ty Cổ phần Phát triển Đô thị Dầu khí,BLOCKED_INSUFFICIENT_MARKET_DATA,REJECTED,True,False,PROVISIONAL_PRIMARY_ONLY,PROVISIONAL_LOW,NOT_AVAILABLE,NEEDS_MANUAL_BCTC_REVIEW,"[""avg_volume_20d"", ""capex"", ""cfo"", ""equity"", ""gross_profit"", ""last_close"", ""last_price_date"", ""net_income"", ""revenue"", ""total_assets"", ""total_liabilities""]","[""Primary market data missing or incomplete.""]",Primary market data missing or incomplete.,,,,,,,,,INSUFFICIENT_DATA,provisional_structured,,,,,,,,,
PXI,Công ty Cổ phần Xây dựng Công nghiệp và Dân dụng Dầu khí,BLOCKED_INSUFFICIENT_MARKET_DATA,REJECTED,True,False,PROVISIONAL_PRIMARY_ONLY,PROVISIONAL_LOW,NOT_AVAILABLE,NEEDS_MANUAL_BCTC_REVIEW,"[""avg_volume_20d"", ""capex"", ""cfo"", ""equity"", ""gross_profit"", ""last_close"", ""last_price_date"", ""net_income"", ""revenue"", ""total_assets"", ""total_liabilities""]","[""Primary market data missing or incomplete.""]",Primary market data missing or incomplete.,,,,,,,,,INSUFFICIENT_DATA,provisional_structured,,,,,,,,,
PXL,Công ty Cổ phần Đầu tư Khu Công Nghiệp Dầu khí Long Sơn,BLOCKED_INSUFFICIENT_MARKET_DATA,REJECTED,True,False,PROVISIONAL_PRIMARY_ONLY,PROVISIONAL_LOW,NOT_AVAILABLE,NEEDS_MANUAL_BCTC_REVIEW,"[""avg_volume_20d"", ""capex"", ""cfo"", ""equity"", ""gross_profit"", ""last_close"", ""last_price_date"", ""net_income"", ""revenue"", ""total_assets"", ""total_liabilities""]","[""Primary market data missing or incomplete.""]",Primary market data missing or incomplete.,,,,,,,,,INSUFFICIENT_DATA,provisional_structured,,,,,,,,,
PXM,Công ty Cổ phần Xây lắp Dầu khí Miền Trung,BLOCKED_INSUFFICIENT_MARKET_DATA,REJECTED,True,False,PROVISIONAL_PRIMARY_ONLY,PROVISIONAL_LOW,NOT_AVAILABLE,NEEDS_MANUAL_BCTC_REVIEW,"[""avg_volume_20d"", ""capex"", ""cfo"", ""equity"", ""gross_profit"", ""last_close"", ""last_price_date"", ""net_income"", ""revenue"", ""total_assets"", ""total_liabilities""]","[""Primary market data missing or incomplete.""]",Primary market data missing or incomplete.,,,,,,,,,INSUFFICIENT_DATA,provisional_structured,,,,,,,,,
PXS,Công ty Cổ phần Kết cấu Kim loại và Lắp máy Dầu khí,BLOCKED_INSUFFICIENT_MARKET_DATA,REJECTED,True,False,PROVISIONAL_PRIMARY_ONLY,PROVISIONAL_LOW,NOT_AVAILABLE,NEEDS_MANUAL_BCTC_REVIEW,"[""avg_volume_20d"", ""capex"", ""cfo"", ""equity"", ""gross_profit"", ""last_close"", ""last_price_date"", ""net_income"", ""revenue"", ""total_assets"", ""total_liabilities""]","[""Primary market data missing or incomplete.""]",Primary market data missing or incomplete.,,,,,,,,,INSUFFICIENT_DATA,provisional_structured,,,,,,,,,
PXT,Công ty Cổ phần Xây lắp Đường ống Bể chứa Dầu khí,BLOCKED_INSUFFICIENT_MARKET_DATA,REJECTED,True,False,PROVISIONAL_PRIMARY_ONLY,PROVISIONAL_LOW,NOT_AVAILABLE,NEEDS_MANUAL_BCTC_REVIEW,"[""avg_volume_20d"", ""capex"", ""cfo"", ""equity"", ""gross_profit"", ""last_close"", ""last_price_date"", ""net_income"", ""revenue"", ""total_assets"", ""total_liabilities""]","[""Primary market data missing or incomplete.""]",Primary market data missing or incomplete.,,,,,,,,,INSUFFICIENT_DATA,provisional_structured,,,,,,,,,
PYU,Công ty Cổ phần Môi trường và Công trình Đô thị Phúc Yên,BLOCKED_INSUFFICIENT_MARKET_DATA,REJECTED,True,False,PROVISIONAL_PRIMARY_ONLY,PROVISIONAL_LOW,NOT_AVAILABLE,NEEDS_MANUAL_BCTC_REVIEW,"[""avg_volume_20d"", ""capex"", ""cfo"", ""equity"", ""gross_profit"", ""last_close"", ""last_price_date"", ""net_income"", ""revenue"", ""total_assets"", ""total_liabilities""]","[""Primary market data missing or incomplete.""]",Primary market data missing or incomplete.,,,,,,,,,INSUFFICIENT_DATA,provisional_structured,,,,,,,,,
QBS,Công ty Cổ phần Xuất nhập khẩu Quảng Bình,BLOCKED_INSUFFICIENT_MARKET_DATA,REJECTED,True,False,PROVISIONAL_PRIMARY_ONLY,PROVISIONAL_LOW,NOT_AVAILABLE,NEEDS_MANUAL_BCTC_REVIEW,"[""avg_volume_20d"", ""capex"", ""cfo"", ""equity"", ""gross_profit"", ""last_close"", ""last_price_date"", ""net_income"", ""revenue"", ""total_assets"", ""total_liabilities""]","[""Primary market data missing or incomplete.""]",Primary market data missing or incomplete.,,,,,,,,,INSUFFICIENT_DATA,provisional_structured,,,,,,,,,
QCC,Công ty Cổ phần Đầu tư Xây dựng và Phát triển Hạ tầng Viễn Thông,BLOCKED_INSUFFICIENT_MARKET_DATA,REJECTED,True,False,PROVISIONAL_PRIMARY_ONLY,PROVISIONAL_LOW,NOT_AVAILABLE,NEEDS_MANUAL_BCTC_REVIEW,"[""avg_volume_20d"", ""capex"", ""cfo"", ""equity"", ""gross_profit"", ""last_close"", ""last_price_date"", ""net_income"", ""revenue"", ""total_assets"", ""total_liabilities""]","[""Primary market data missing or incomplete.""]",Primary market data missing or incomplete.,,,,,,,,,INSUFFICIENT_DATA,provisional_structured,,,,,,,,,
QCG,Công ty Cổ phần Quốc Cường Gia Lai,BLOCKED_INSUFFICIENT_MARKET_DATA,REJECTED,True,False,PROVISIONAL_PRIMARY_ONLY,PROVISIONAL_LOW,NOT_AVAILABLE,NEEDS_MANUAL_BCTC_REVIEW,"[""avg_volume_20d"", ""capex"", ""cfo"", ""equity"", ""gross_profit"", ""last_close"", ""last_price_date"", ""net_income"", ""revenue"", ""total_assets"", ""total_liabilities""]","[""Primary market data missing or incomplete.""]",Primary market data missing or incomplete.,,,,,,,,,INSUFFICIENT_DATA,provisional_structured,,,,,,,,,
QHD,Công ty Cổ phần Que hàn điện Việt Đức,BLOCKED_INSUFFICIENT_MARKET_DATA,REJECTED,True,False,PROVISIONAL_PRIMARY_ONLY,PROVISIONAL_LOW,NOT_AVAILABLE,NEEDS_MANUAL_BCTC_REVIEW,"[""avg_volume_20d"", ""capex"", ""cfo"", ""equity"", ""gross_profit"", ""last_close"", ""last_price_date"", ""net_income"", ""revenue"", ""total_assets"", ""total_liabilities""]","[""Primary market data missing or incomplete.""]",Primary market data missing or incomplete.,,,,,,,,,INSUFFICIENT_DATA,provisional_structured,,,,,,,,,
QHW,Công ty Cổ phần Nước khoáng Quảng Ninh,BLOCKED_INSUFFICIENT_MARKET_DATA,REJECTED,True,False,PROVISIONAL_PRIMARY_ONLY,PROVISIONAL_LOW,NOT_AVAILABLE,NEEDS_MANUAL_BCTC_REVIEW,"[""avg_volume_20d"", ""capex"", ""cfo"", ""equity"", ""gross_profit"", ""last_close"", ""last_price_date"", ""net_income"", ""revenue"", ""total_assets"", ""total_liabilities""]","[""Primary market data missing or incomplete.""]",Primary market data missing or incomplete.,,,,,,,,,INSUFFICIENT_DATA,provisional_structured,,,,,,,,,
QLD,Công ty Cổ phần Quản lý và Xây dựng Giao thông Lạng Sơn,BLOCKED_INSUFFICIENT_MARKET_DATA,REJECTED,True,False,PROVISIONAL_PRIMARY_ONLY,PROVISIONAL_LOW,NOT_AVAILABLE,NEEDS_MANUAL_BCTC_REVIEW,"[""avg_volume_20d"", ""capex"", ""cfo"", ""equity"", ""gross_profit"", ""last_close"", ""last_price_date"", ""net_income"", ""revenue"", ""total_assets"", ""total_liabilities""]","[""Primary market data missing or incomplete.""]",Primary market data missing or incomplete.,,,,,,,,,INSUFFICIENT_DATA,provisional_structured,,,,,,,,,
QLT,Công ty Cổ phần Quản Lý Bảo Trì Đường Thủy Nội Địa Số 10,BLOCKED_INSUFFICIENT_MARKET_DATA,REJECTED,True,False,PROVISIONAL_PRIMARY_ONLY,PROVISIONAL_LOW,NOT_AVAILABLE,NEEDS_MANUAL_BCTC_REVIEW,"[""avg_volume_20d"", ""capex"", ""cfo"", ""equity"", ""gross_profit"", ""last_close"", ""last_price_date"", ""net_income"", ""revenue"", ""total_assets"", ""total_liabilities""]","[""Primary market data missing or incomplete.""]",Primary market data missing or incomplete.,,,,,,,,,INSUFFICIENT_DATA,provisional_structured,,,,,,,,,
QNC,Công ty Cổ phần Xi măng và Xây dựng Quảng Ninh,BLOCKED_INSUFFICIENT_MARKET_DATA,REJECTED,True,False,PROVISIONAL_PRIMARY_ONLY,PROVISIONAL_LOW,NOT_AVAILABLE,NEEDS_MANUAL_BCTC_REVIEW,"[""avg_volume_20d"", ""capex"", ""cfo"", ""equity"", ""gross_profit"", ""last_close"", ""last_price_date"", ""net_income"", ""revenue"", ""total_assets"", ""total_liabilities""]","[""Primary market data missing or incomplete.""]",Primary market data missing or incomplete.,,,,,,,,,INSUFFICIENT_DATA,provisional_structured,,,,,,,,,
QNP,Công ty Cổ phần Cảng Quy Nhơn,BLOCKED_INSUFFICIENT_MARKET_DATA,REJECTED,True,False,PROVISIONAL_PRIMARY_ONLY,PROVISIONAL_LOW,NOT_AVAILABLE,NEEDS_MANUAL_BCTC_REVIEW,"[""avg_volume_20d"", ""capex"", ""cfo"", ""equity"", ""gross_profit"", ""last_close"", ""last_price_date"", ""net_income"", ""revenue"", ""total_assets"", ""total_liabilities""]","[""Primary market data missing or incomplete.""]",Primary market data missing or incomplete.,,,,,,,,,INSUFFICIENT_DATA,provisional_structured,,,,,,,,,
QNS,Công ty Cổ phần Đường Quảng Ngãi,BLOCKED_INSUFFICIENT_MARKET_DATA,REJECTED,True,False,PROVISIONAL_PRIMARY_ONLY,PROVISIONAL_LOW,NOT_AVAILABLE,NEEDS_MANUAL_BCTC_REVIEW,"[""avg_volume_20d"", ""capex"", ""cfo"", ""equity"", ""gross_profit"", ""last_close"", ""last_price_date"", ""net_income"", ""revenue"", ""total_assets"", ""total_liabilities""]","[""Primary market data missing or incomplete.""]",Primary market data missing or incomplete.,,,,,,,,,INSUFFICIENT_DATA,provisional_structured,,,,,,,,,
QNT,Công ty Cổ phần Tư vấn và Đầu tư Phát triển Quảng Nam,BLOCKED_INSUFFICIENT_MARKET_DATA,REJECTED,True,False,PROVISIONAL_PRIMARY_ONLY,PROVISIONAL_LOW,NOT_AVAILABLE,NEEDS_MANUAL_BCTC_REVIEW,"[""avg_volume_20d"", ""capex"", ""cfo"", ""equity"", ""gross_profit"", ""last_close"", ""last_price_date"", ""net_income"", ""revenue"", ""total_assets"", ""total_liabilities""]","[""Primary market data missing or incomplete.""]",Primary market data missing or incomplete.,,,,,,,,,INSUFFICIENT_DATA,provisional_structured,,,,,,,,,
QNU,Công ty Cổ phần Môi trường Đô thị Quảng Nam,BLOCKED_INSUFFICIENT_MARKET_DATA,REJECTED,True,False,PROVISIONAL_PRIMARY_ONLY,PROVISIONAL_LOW,NOT_AVAILABLE,NEEDS_MANUAL_BCTC_REVIEW,"[""avg_volume_20d"", ""capex"", ""cfo"", ""equity"", ""gross_profit"", ""last_close"", ""last_price_date"", ""net_income"", ""revenue"", ""total_assets"", ""total_liabilities""]","[""Primary market data missing or incomplete.""]",Primary market data missing or incomplete.,,,,,,,,,INSUFFICIENT_DATA,provisional_structured,,,,,,,,,
QNW,Công ty Cổ phần Cấp thoát nước và xây dựng Quảng Ngãi,BLOCKED_INSUFFICIENT_MARKET_DATA,REJECTED,True,False,PROVISIONAL_PRIMARY_ONLY,PROVISIONAL_LOW,NOT_AVAILABLE,NEEDS_MANUAL_BCTC_REVIEW,"[""avg_volume_20d"", ""capex"", ""cfo"", ""equity"", ""gross_profit"", ""last_close"", ""last_price_date"", ""net_income"", ""revenue"", ""total_assets"", ""total_liabilities""]","[""Primary market data missing or incomplete.""]",Primary market data missing or incomplete.,,,,,,,,,INSUFFICIENT_DATA,provisional_structured,,,,,,,,,
QPH,Công ty Cổ phần Thủy điện Quế Phong,BLOCKED_INSUFFICIENT_MARKET_DATA,REJECTED,True,False,PROVISIONAL_PRIMARY_ONLY,PROVISIONAL_LOW,NOT_AVAILABLE,NEEDS_MANUAL_BCTC_REVIEW,"[""avg_volume_20d"", ""capex"", ""cfo"", ""equity"", ""gross_profit"", ""last_close"", ""last_price_date"", ""net_income"", ""revenue"", ""total_assets"", ""total_liabilities""]","[""Primary market data missing or incomplete.""]",Primary market data missing or incomplete.,,,,,,,,,INSUFFICIENT_DATA,provisional_structured,,,,,,,,,
QSP,Công ty Cổ phần Tân cảng Quy Nhơn,BLOCKED_INSUFFICIENT_MARKET_DATA,REJECTED,True,False,PROVISIONAL_PRIMARY_ONLY,PROVISIONAL_LOW,NOT_AVAILABLE,NEEDS_MANUAL_BCTC_REVIEW,"[""avg_volume_20d"", ""capex"", ""cfo"", ""equity"", ""gross_profit"", ""last_close"", ""last_price_date"", ""net_income"", ""revenue"", ""total_assets"", ""total_liabilities""]","[""Primary market data missing or incomplete.""]",Primary market data missing or incomplete.,,,,,,,,,INSUFFICIENT_DATA,provisional_structured,,,,,,,,,
QST,Công ty Cổ phần Sách và Thiết bị trường học Quảng Ninh,BLOCKED_INSUFFICIENT_MARKET_DATA,REJECTED,True,False,PROVISIONAL_PRIMARY_ONLY,PROVISIONAL_LOW,NOT_AVAILABLE,NEEDS_MANUAL_BCTC_REVIEW,"[""avg_volume_20d"", ""capex"", ""cfo"", ""equity"", ""gross_profit"", ""last_close"", ""last_price_date"", ""net_income"", ""revenue"", ""total_assets"", ""total_liabilities""]","[""Primary market data missing or incomplete.""]",Primary market data missing or incomplete.,,,,,,,,,INSUFFICIENT_DATA,provisional_structured,,,,,,,,,
QTC,Công ty Cổ phần Công trình Giao thông Vận tải Quảng Nam,BLOCKED_INSUFFICIENT_MARKET_DATA,REJECTED,True,False,PROVISIONAL_PRIMARY_ONLY,PROVISIONAL_LOW,NOT_AVAILABLE,NEEDS_MANUAL_BCTC_REVIEW,"[""avg_volume_20d"", ""capex"", ""cfo"", ""equity"", ""gross_profit"", ""last_close"", ""last_price_date"", ""net_income"", ""revenue"", ""total_assets"", ""total_liabilities""]","[""Primary market data missing or incomplete.""]",Primary market data missing or incomplete.,,,,,,,,,INSUFFICIENT_DATA,provisional_structured,,,,,,,,,
QTP,Công ty Cổ phần Nhiệt điện Quảng Ninh,BLOCKED_INSUFFICIENT_MARKET_DATA,REJECTED,True,False,PROVISIONAL_PRIMARY_ONLY,PROVISIONAL_LOW,NOT_AVAILABLE,NEEDS_MANUAL_BCTC_REVIEW,"[""avg_volume_20d"", ""capex"", ""cfo"", ""equity"", ""gross_profit"", ""last_close"", ""last_price_date"", ""net_income"", ""revenue"", ""total_assets"", ""total_liabilities""]","[""Primary market data missing or incomplete.""]",Primary market data missing or incomplete.,,,,,,,,,INSUFFICIENT_DATA,provisional_structured,,,,,,,,,
RAL,Công ty Cổ phần Bóng đèn Phích nước Rạng Đông,BLOCKED_INSUFFICIENT_MARKET_DATA,REJECTED,True,False,PROVISIONAL_PRIMARY_ONLY,PROVISIONAL_LOW,NOT_AVAILABLE,NEEDS_MANUAL_BCTC_REVIEW,"[""avg_volume_20d"", ""capex"", ""cfo"", ""equity"", ""gross_profit"", ""last_close"", ""last_price_date"", ""net_income"", ""revenue"", ""total_assets"", ""total_liabilities""]","[""Primary market data missing or incomplete.""]",Primary market data missing or incomplete.,,,,,,,,,INSUFFICIENT_DATA,provisional_structured,,,,,,,,,
RAT,Công ty Cổ phần Vận tải và Thương mại Đường sắt,BLOCKED_INSUFFICIENT_MARKET_DATA,REJECTED,True,False,PROVISIONAL_PRIMARY_ONLY,PROVISIONAL_LOW,NOT_AVAILABLE,NEEDS_MANUAL_BCTC_REVIEW,"[""avg_volume_20d"", ""capex"", ""cfo"", ""equity"", ""gross_profit"", ""last_close"", ""last_price_date"", ""net_income"", ""revenue"", ""total_assets"", ""total_liabilities""]","[""Primary market data missing or incomplete.""]",Primary market data missing or incomplete.,,,,,,,,,INSUFFICIENT_DATA,provisional_structured,,,,,,,,,
RBC,Công ty Cổ phần Công Nghiệp và Xuất nhập khẩu Cao Su,BLOCKED_INSUFFICIENT_MARKET_DATA,REJECTED,True,False,PROVISIONAL_PRIMARY_ONLY,PROVISIONAL_LOW,NOT_AVAILABLE,NEEDS_MANUAL_BCTC_REVIEW,"[""avg_volume_20d"", ""capex"", ""cfo"", ""equity"", ""gross_profit"", ""last_close"", ""last_price_date"", ""net_income"", ""revenue"", ""total_assets"", ""total_liabilities""]","[""Primary market data missing or incomplete.""]",Primary market data missing or incomplete.,,,,,,,,,INSUFFICIENT_DATA,provisional_structured,,,,,,,,,
RCC,Công ty Cổ phần Tổng Công ty Công trình Đường sắt Việt Nam,BLOCKED_INSUFFICIENT_MARKET_DATA,REJECTED,True,False,PROVISIONAL_PRIMARY_ONLY,PROVISIONAL_LOW,NOT_AVAILABLE,NEEDS_MANUAL_BCTC_REVIEW,"[""avg_volume_20d"", ""capex"", ""cfo"", ""equity"", ""gross_profit"", ""last_close"", ""last_price_date"", ""net_income"", ""revenue"", ""total_assets"", ""total_liabilities""]","[""Primary market data missing or incomplete.""]",Primary market data missing or incomplete.,,,,,,,,,INSUFFICIENT_DATA,provisional_structured,,,,,,,,,
RCD,Công ty Cổ phần Xây dựng - Địa ốc Cao su,BLOCKED_INSUFFICIENT_MARKET_DATA,REJECTED,True,False,PROVISIONAL_PRIMARY_ONLY,PROVISIONAL_LOW,NOT_AVAILABLE,NEEDS_MANUAL_BCTC_REVIEW,"[""avg_volume_20d"", ""capex"", ""cfo"", ""equity"", ""gross_profit"", ""last_close"", ""last_price_date"", ""net_income"", ""revenue"", ""total_assets"", ""total_liabilities""]","[""Primary market data missing or incomplete.""]",Primary market data missing or incomplete.,,,,,,,,,INSUFFICIENT_DATA,provisional_structured,,,,,,,,,
RCL,Công ty Cổ phần Địa ốc Chợ Lớn,BLOCKED_INSUFFICIENT_MARKET_DATA,REJECTED,True,False,PROVISIONAL_PRIMARY_ONLY,PROVISIONAL_LOW,NOT_AVAILABLE,NEEDS_MANUAL_BCTC_REVIEW,"[""avg_volume_20d"", ""capex"", ""cfo"", ""equity"", ""gross_profit"", ""last_close"", ""last_price_date"", ""net_income"", ""revenue"", ""total_assets"", ""total_liabilities""]","[""Primary market data missing or incomplete.""]",Primary market data missing or incomplete.,,,,,,,,,INSUFFICIENT_DATA,provisional_structured,,,,,,,,,
RDP,Công ty Cổ phần Rạng Đông Holding,BLOCKED_INSUFFICIENT_MARKET_DATA,REJECTED,True,False,PROVISIONAL_PRIMARY_ONLY,PROVISIONAL_LOW,NOT_AVAILABLE,NEEDS_MANUAL_BCTC_REVIEW,"[""avg_volume_20d"", ""capex"", ""cfo"", ""equity"", ""gross_profit"", ""last_close"", ""last_price_date"", ""net_income"", ""revenue"", ""total_assets"", ""total_liabilities""]","[""Primary market data missing or incomplete.""]",Primary market data missing or incomplete.,,,,,,,,,INSUFFICIENT_DATA,provisional_structured,,,,,,,,,
REE,Công ty Cổ phần Cơ điện Lạnh,BLOCKED_INSUFFICIENT_MARKET_DATA,REJECTED,True,False,PROVISIONAL_PRIMARY_ONLY,PROVISIONAL_LOW,NOT_AVAILABLE,NEEDS_MANUAL_BCTC_REVIEW,"[""avg_volume_20d"", ""capex"", ""cfo"", ""equity"", ""gross_profit"", ""last_close"", ""last_price_date"", ""net_income"", ""revenue"", ""total_assets"", ""total_liabilities""]","[""Primary market data missing or incomplete.""]",Primary market data missing or incomplete.,,,,,,,,,INSUFFICIENT_DATA,provisional_structured,,,,,,,,,
RGC,Công ty Cổ phần Đầu tư PV-Inconess,BLOCKED_INSUFFICIENT_MARKET_DATA,REJECTED,True,False,PROVISIONAL_PRIMARY_ONLY,PROVISIONAL_LOW,NOT_AVAILABLE,NEEDS_MANUAL_BCTC_REVIEW,"[""avg_volume_20d"", ""capex"", ""cfo"", ""equity"", ""gross_profit"", ""last_close"", ""last_price_date"", ""net_income"", ""revenue"", ""total_assets"", ""total_liabilities""]","[""Primary market data missing or incomplete.""]",Primary market data missing or incomplete.,,,,,,,,,INSUFFICIENT_DATA,provisional_structured,,,,,,,,,
RGG,Công ty Cổ phần Regal Group,BLOCKED_INSUFFICIENT_MARKET_DATA,REJECTED,True,False,PROVISIONAL_PRIMARY_ONLY,PROVISIONAL_LOW,NOT_AVAILABLE,NEEDS_MANUAL_BCTC_REVIEW,"[""avg_volume_20d"", ""capex"", ""cfo"", ""equity"", ""gross_profit"", ""last_close"", ""last_price_date"", ""net_income"", ""revenue"", ""total_assets"", ""total_liabilities""]","[""Primary market data missing or incomplete.""]",Primary market data missing or incomplete.,,,,,,,,,INSUFFICIENT_DATA,provisional_structured,,,,,,,,,
RIC,Công ty Cổ phần Quốc Tế Hoàng Gia,BLOCKED_INSUFFICIENT_MARKET_DATA,REJECTED,True,False,PROVISIONAL_PRIMARY_ONLY,PROVISIONAL_LOW,NOT_AVAILABLE,NEEDS_MANUAL_BCTC_REVIEW,"[""avg_volume_20d"", ""capex"", ""cfo"", ""equity"", ""gross_profit"", ""last_close"", ""last_price_date"", ""net_income"", ""revenue"", ""total_assets"", ""total_liabilities""]","[""Primary market data missing or incomplete.""]",Primary market data missing or incomplete.,,,,,,,,,INSUFFICIENT_DATA,provisional_structured,,,,,,,,,
ROS,Công ty Cổ phần Xây dựng FLC FAROS,BLOCKED_INSUFFICIENT_MARKET_DATA,REJECTED,True,False,PROVISIONAL_PRIMARY_ONLY,PROVISIONAL_LOW,NOT_AVAILABLE,NEEDS_MANUAL_BCTC_REVIEW,"[""avg_volume_20d"", ""capex"", ""cfo"", ""equity"", ""gross_profit"", ""last_close"", ""last_price_date"", ""net_income"", ""revenue"", ""total_assets"", ""total_liabilities""]","[""Primary market data missing or incomplete.""]",Primary market data missing or incomplete.,,,,,,,,,INSUFFICIENT_DATA,provisional_structured,,,,,,,,,
RTB,Công ty Cổ phần Cao su Tân Biên,BLOCKED_INSUFFICIENT_MARKET_DATA,REJECTED,True,False,PROVISIONAL_PRIMARY_ONLY,PROVISIONAL_LOW,NOT_AVAILABLE,NEEDS_MANUAL_BCTC_REVIEW,"[""avg_volume_20d"", ""capex"", ""cfo"", ""equity"", ""gross_profit"", ""last_close"", ""last_price_date"", ""net_income"", ""revenue"", ""total_assets"", ""total_liabilities""]","[""Primary market data missing or incomplete.""]",Primary market data missing or incomplete.,,,,,,,,,INSUFFICIENT_DATA,provisional_structured,,,,,,,,,
RYG,Công ty Cổ phần Sản xuất và Đầu tư Hoàng Gia,BLOCKED_INSUFFICIENT_MARKET_DATA,REJECTED,True,False,PROVISIONAL_PRIMARY_ONLY,PROVISIONAL_LOW,NOT_AVAILABLE,NEEDS_MANUAL_BCTC_REVIEW,"[""avg_volume_20d"", ""capex"", ""cfo"", ""equity"", ""gross_profit"", ""last_close"", ""last_price_date"", ""net_income"", ""revenue"", ""total_assets"", ""total_liabilities""]","[""Primary market data missing or incomplete.""]",Primary market data missing or incomplete.,,,,,,,,,INSUFFICIENT_DATA,provisional_structured,,,,,,,,,
S12,Công ty Cổ phần Sông Đà 12,BLOCKED_INSUFFICIENT_MARKET_DATA,REJECTED,True,False,PROVISIONAL_PRIMARY_ONLY,PROVISIONAL_LOW,NOT_AVAILABLE,NEEDS_MANUAL_BCTC_REVIEW,"[""avg_volume_20d"", ""capex"", ""cfo"", ""equity"", ""gross_profit"", ""last_close"", ""last_price_date"", ""net_income"", ""revenue"", ""total_assets"", ""total_liabilities""]","[""Primary market data missing or incomplete.""]",Primary market data missing or incomplete.,,,,,,,,,INSUFFICIENT_DATA,provisional_structured,,,,,,,,,
S27,Công ty Cổ phần Sông Đà 27,BLOCKED_INSUFFICIENT_MARKET_DATA,REJECTED,True,False,PROVISIONAL_PRIMARY_ONLY,PROVISIONAL_LOW,NOT_AVAILABLE,NEEDS_MANUAL_BCTC_REVIEW,"[""avg_volume_20d"", ""capex"", ""cfo"", ""equity"", ""gross_profit"", ""last_close"", ""last_price_date"", ""net_income"", ""revenue"", ""total_assets"", ""total_liabilities""]","[""Primary market data missing or incomplete.""]",Primary market data missing or incomplete.,,,,,,,,,INSUFFICIENT_DATA,provisional_structured,,,,,,,,,
S4A,Công ty Cổ phần Thủy điện Sê San 4A,BLOCKED_INSUFFICIENT_MARKET_DATA,REJECTED,True,False,PROVISIONAL_PRIMARY_ONLY,PROVISIONAL_LOW,NOT_AVAILABLE,NEEDS_MANUAL_BCTC_REVIEW,"[""avg_volume_20d"", ""capex"", ""cfo"", ""equity"", ""gross_profit"", ""last_close"", ""last_price_date"", ""net_income"", ""revenue"", ""total_assets"", ""total_liabilities""]","[""Primary market data missing or incomplete.""]",Primary market data missing or incomplete.,,,,,,,,,INSUFFICIENT_DATA,provisional_structured,,,,,,,,,
S55,Công ty Cổ phần Sông Đà 505,BLOCKED_INSUFFICIENT_MARKET_DATA,REJECTED,True,False,PROVISIONAL_PRIMARY_ONLY,PROVISIONAL_LOW,NOT_AVAILABLE,NEEDS_MANUAL_BCTC_REVIEW,"[""avg_volume_20d"", ""capex"", ""cfo"", ""equity"", ""gross_profit"", ""last_close"", ""last_price_date"", ""net_income"", ""revenue"", ""total_assets"", ""total_liabilities""]","[""Primary market data missing or incomplete.""]",Primary market data missing or incomplete.,,,,,,,,,INSUFFICIENT_DATA,provisional_structured,,,,,,,,,
S72,Công ty Cổ phần Sông Đà 7.02,BLOCKED_INSUFFICIENT_MARKET_DATA,REJECTED,True,False,PROVISIONAL_PRIMARY_ONLY,PROVISIONAL_LOW,NOT_AVAILABLE,NEEDS_MANUAL_BCTC_REVIEW,"[""avg_volume_20d"", ""capex"", ""cfo"", ""equity"", ""gross_profit"", ""last_close"", ""last_price_date"", ""net_income"", ""revenue"", ""total_assets"", ""total_liabilities""]","[""Primary market data missing or incomplete.""]",Primary market data missing or incomplete.,,,,,,,,,INSUFFICIENT_DATA,provisional_structured,,,,,,,,,
S74,Công ty Cổ phần Sông Đà 7.04,BLOCKED_INSUFFICIENT_MARKET_DATA,REJECTED,True,False,PROVISIONAL_PRIMARY_ONLY,PROVISIONAL_LOW,NOT_AVAILABLE,NEEDS_MANUAL_BCTC_REVIEW,"[""avg_volume_20d"", ""capex"", ""cfo"", ""equity"", ""gross_profit"", ""last_close"", ""last_price_date"", ""net_income"", ""revenue"", ""total_assets"", ""total_liabilities""]","[""Primary market data missing or incomplete.""]",Primary market data missing or incomplete.,,,,,,,,,INSUFFICIENT_DATA,provisional_structured,,,,,,,,,
S96,Công ty Cổ phần Sông Đà 9.06,BLOCKED_INSUFFICIENT_MARKET_DATA,REJECTED,True,False,PROVISIONAL_PRIMARY_ONLY,PROVISIONAL_LOW,NOT_AVAILABLE,NEEDS_MANUAL_BCTC_REVIEW,"[""avg_volume_20d"", ""capex"", ""cfo"", ""equity"", ""gross_profit"", ""last_close"", ""last_price_date"", ""net_income"", ""revenue"", ""total_assets"", ""total_liabilities""]","[""Primary market data missing or incomplete.""]",Primary market data missing or incomplete.,,,,,,,,,INSUFFICIENT_DATA,provisional_structured,,,,,,,,,
S99,Công ty Cổ phần SCI,BLOCKED_INSUFFICIENT_MARKET_DATA,REJECTED,True,False,PROVISIONAL_PRIMARY_ONLY,PROVISIONAL_LOW,NOT_AVAILABLE,NEEDS_MANUAL_BCTC_REVIEW,"[""avg_volume_20d"", ""capex"", ""cfo"", ""equity"", ""gross_profit"", ""last_close"", ""last_price_date"", ""net_income"", ""revenue"", ""total_assets"", ""total_liabilities""]","[""Primary market data missing or incomplete.""]",Primary market data missing or incomplete.,,,,,,,,,INSUFFICIENT_DATA,provisional_structured,,,,,,,,,
SAB,Tổng Công ty Cổ phần Bia - Rượu - Nước Giải khát Sài Gòn,BLOCKED_INSUFFICIENT_MARKET_DATA,REJECTED,True,False,PROVISIONAL_PRIMARY_ONLY,PROVISIONAL_LOW,NOT_AVAILABLE,NEEDS_MANUAL_BCTC_REVIEW,"[""avg_volume_20d"", ""capex"", ""cfo"", ""equity"", ""gross_profit"", ""last_close"", ""last_price_date"", ""net_income"", ""revenue"", ""total_assets"", ""total_liabilities""]","[""Primary market data missing or incomplete.""]",Primary market data missing or incomplete.,,,,,,,,,INSUFFICIENT_DATA,provisional_structured,,,,,,,,,
SAC,Công ty Cổ phần Xếp dỡ và Dịch vụ cảng Sài Gòn,BLOCKED_INSUFFICIENT_MARKET_DATA,REJECTED,True,False,PROVISIONAL_PRIMARY_ONLY,PROVISIONAL_LOW,NOT_AVAILABLE,NEEDS_MANUAL_BCTC_REVIEW,"[""avg_volume_20d"", ""capex"", ""cfo"", ""equity"", ""gross_profit"", ""last_close"", ""last_price_date"", ""net_income"", ""revenue"", ""total_assets"", ""total_liabilities""]","[""Primary market data missing or incomplete.""]",Primary market data missing or incomplete.,,,,,,,,,INSUFFICIENT_DATA,provisional_structured,,,,,,,,,
SAF,Công ty Cổ phần Lương thực Thực phẩm SAFOCO,BLOCKED_INSUFFICIENT_MARKET_DATA,REJECTED,True,False,PROVISIONAL_PRIMARY_ONLY,PROVISIONAL_LOW,NOT_AVAILABLE,NEEDS_MANUAL_BCTC_REVIEW,"[""avg_volume_20d"", ""capex"", ""cfo"", ""equity"", ""gross_profit"", ""last_close"", ""last_price_date"", ""net_income"", ""revenue"", ""total_assets"", ""total_liabilities""]","[""Primary market data missing or incomplete.""]",Primary market data missing or incomplete.,,,,,,,,,INSUFFICIENT_DATA,provisional_structured,,,,,,,,,
SAL,Công ty Cổ phần Trục vớt Cứu hộ Việt Nam,BLOCKED_INSUFFICIENT_MARKET_DATA,REJECTED,True,False,PROVISIONAL_PRIMARY_ONLY,PROVISIONAL_LOW,NOT_AVAILABLE,NEEDS_MANUAL_BCTC_REVIEW,"[""avg_volume_20d"", ""capex"", ""cfo"", ""equity"", ""gross_profit"", ""last_close"", ""last_price_date"", ""net_income"", ""revenue"", ""total_assets"", ""total_liabilities""]","[""Primary market data missing or incomplete.""]",Primary market data missing or incomplete.,,,,,,,,,INSUFFICIENT_DATA,provisional_structured,,,,,,,,,
SAM,Công ty Cổ phần SAM Holdings,BLOCKED_INSUFFICIENT_MARKET_DATA,REJECTED,True,False,PROVISIONAL_PRIMARY_ONLY,PROVISIONAL_LOW,NOT_AVAILABLE,NEEDS_MANUAL_BCTC_REVIEW,"[""avg_volume_20d"", ""capex"", ""cfo"", ""equity"", ""gross_profit"", ""last_close"", ""last_price_date"", ""net_income"", ""revenue"", ""total_assets"", ""total_liabilities""]","[""Primary market data missing or incomplete.""]",Primary market data missing or incomplete.,,,,,,,,,INSUFFICIENT_DATA,provisional_structured,,,,,,,,,
SAP,Công ty Cổ phần In Sách Giáo khoa TP.Hồ Chí Minh,BLOCKED_INSUFFICIENT_MARKET_DATA,REJECTED,True,False,PROVISIONAL_PRIMARY_ONLY,PROVISIONAL_LOW,NOT_AVAILABLE,NEEDS_MANUAL_BCTC_REVIEW,"[""avg_volume_20d"", ""capex"", ""cfo"", ""equity"", ""gross_profit"", ""last_close"", ""last_price_date"", ""net_income"", ""revenue"", ""total_assets"", ""total_liabilities""]","[""Primary market data missing or incomplete.""]",Primary market data missing or incomplete.,,,,,,,,,INSUFFICIENT_DATA,provisional_structured,,,,,,,,,
SAS,Công ty Cổ phần Dịch vụ Hàng không Sân bay Tân Sơn Nhất,BLOCKED_INSUFFICIENT_MARKET_DATA,REJECTED,True,False,PROVISIONAL_PRIMARY_ONLY,PROVISIONAL_LOW,NOT_AVAILABLE,NEEDS_MANUAL_BCTC_REVIEW,"[""avg_volume_20d"", ""capex"", ""cfo"", ""equity"", ""gross_profit"", ""last_close"", ""last_price_date"", ""net_income"", ""revenue"", ""total_assets"", ""total_liabilities""]","[""Primary market data missing or incomplete.""]",Primary market data missing or incomplete.,,,,,,,,,INSUFFICIENT_DATA,provisional_structured,,,,,,,,,
SAV,Công ty Cổ phần Hợp tác Kinh tế và Xuất nhập khẩu Savimex,BLOCKED_INSUFFICIENT_MARKET_DATA,REJECTED,True,False,PROVISIONAL_PRIMARY_ONLY,PROVISIONAL_LOW,NOT_AVAILABLE,NEEDS_MANUAL_BCTC_REVIEW,"[""avg_volume_20d"", ""capex"", ""cfo"", ""equity"", ""gross_profit"", ""last_close"", ""last_price_date"", ""net_income"", ""revenue"", ""total_assets"", ""total_liabilities""]","[""Primary market data missing or incomplete.""]",Primary market data missing or incomplete.,,,,,,,,,INSUFFICIENT_DATA,provisional_structured,,,,,,,,,
SB1,Công ty Cổ phần Bia Sài Gòn - Nghệ Tĩnh,BLOCKED_INSUFFICIENT_MARKET_DATA,REJECTED,True,False,PROVISIONAL_PRIMARY_ONLY,PROVISIONAL_LOW,NOT_AVAILABLE,NEEDS_MANUAL_BCTC_REVIEW,"[""avg_volume_20d"", ""capex"", ""cfo"", ""equity"", ""gross_profit"", ""last_close"", ""last_price_date"", ""net_income"", ""revenue"", ""total_assets"", ""total_liabilities""]","[""Primary market data missing or incomplete.""]",Primary market data missing or incomplete.,,,,,,,,,INSUFFICIENT_DATA,provisional_structured,,,,,,,,,
SBA,Công ty Cổ phần Sông Ba,BLOCKED_INSUFFICIENT_MARKET_DATA,REJECTED,True,False,PROVISIONAL_PRIMARY_ONLY,PROVISIONAL_LOW,NOT_AVAILABLE,NEEDS_MANUAL_BCTC_REVIEW,"[""avg_volume_20d"", ""capex"", ""cfo"", ""equity"", ""gross_profit"", ""last_close"", ""last_price_date"", ""net_income"", ""revenue"", ""total_assets"", ""total_liabilities""]","[""Primary market data missing or incomplete.""]",Primary market data missing or incomplete.,,,,,,,,,INSUFFICIENT_DATA,provisional_structured,,,,,,,,,
SBB,Công ty Cổ phần Tập đoàn Bia Sài Gòn Bình Tây,BLOCKED_INSUFFICIENT_MARKET_DATA,REJECTED,True,False,PROVISIONAL_PRIMARY_ONLY,PROVISIONAL_LOW,NOT_AVAILABLE,NEEDS_MANUAL_BCTC_REVIEW,"[""avg_volume_20d"", ""capex"", ""cfo"", ""equity"", ""gross_profit"", ""last_close"", ""last_price_date"", ""net_income"", ""revenue"", ""total_assets"", ""total_liabilities""]","[""Primary market data missing or incomplete.""]",Primary market data missing or incomplete.,,,,,,,,,INSUFFICIENT_DATA,provisional_structured,,,,,,,,,
SBD,Công ty Cổ phần Công nghệ Sao Bắc Đẩu,BLOCKED_INSUFFICIENT_MARKET_DATA,REJECTED,True,False,PROVISIONAL_PRIMARY_ONLY,PROVISIONAL_LOW,NOT_AVAILABLE,NEEDS_MANUAL_BCTC_REVIEW,"[""avg_volume_20d"", ""capex"", ""cfo"", ""equity"", ""gross_profit"", ""last_close"", ""last_price_date"", ""net_income"", ""revenue"", ""total_assets"", ""total_liabilities""]","[""Primary market data missing or incomplete.""]",Primary market data missing or incomplete.,,,,,,,,,INSUFFICIENT_DATA,provisional_structured,,,,,,,,,
SBG,Công ty Cổ Phần Tập Đoàn Cơ Khí Công Nghệ Cao Siba,BLOCKED_INSUFFICIENT_MARKET_DATA,REJECTED,True,False,PROVISIONAL_PRIMARY_ONLY,PROVISIONAL_LOW,NOT_AVAILABLE,NEEDS_MANUAL_BCTC_REVIEW,"[""avg_volume_20d"", ""capex"", ""cfo"", ""equity"", ""gross_profit"", ""last_close"", ""last_price_date"", ""net_income"", ""revenue"", ""total_assets"", ""total_liabilities""]","[""Primary market data missing or incomplete.""]",Primary market data missing or incomplete.,,,,,,,,,INSUFFICIENT_DATA,provisional_structured,,,,,,,,,
SBH,Công ty Cổ phần Thủy điện Sông Ba Hạ,BLOCKED_INSUFFICIENT_MARKET_DATA,REJECTED,True,False,PROVISIONAL_PRIMARY_ONLY,PROVISIONAL_LOW,NOT_AVAILABLE,NEEDS_MANUAL_BCTC_REVIEW,"[""avg_volume_20d"", ""capex"", ""cfo"", ""equity"", ""gross_profit"", ""last_close"", ""last_price_date"", ""net_income"", ""revenue"", ""total_assets"", ""total_liabilities""]","[""Primary market data missing or incomplete.""]",Primary market data missing or incomplete.,,,,,,,,,INSUFFICIENT_DATA,provisional_structured,,,,,,,,,
SBL,Công ty Cổ phần Bia Sài Gòn - Bạc Liêu,BLOCKED_INSUFFICIENT_MARKET_DATA,REJECTED,True,False,PROVISIONAL_PRIMARY_ONLY,PROVISIONAL_LOW,NOT_AVAILABLE,NEEDS_MANUAL_BCTC_REVIEW,"[""avg_volume_20d"", ""capex"", ""cfo"", ""equity"", ""gross_profit"", ""last_close"", ""last_price_date"", ""net_income"", ""revenue"", ""total_assets"", ""total_liabilities""]","[""Primary market data missing or incomplete.""]",Primary market data missing or incomplete.,,,,,,,,,INSUFFICIENT_DATA,provisional_structured,,,,,,,,,
SBM,Công ty Cổ phần Đầu tư phát triển Bắc Minh,BLOCKED_INSUFFICIENT_MARKET_DATA,REJECTED,True,False,PROVISIONAL_PRIMARY_ONLY,PROVISIONAL_LOW,NOT_AVAILABLE,NEEDS_MANUAL_BCTC_REVIEW,"[""avg_volume_20d"", ""capex"", ""cfo"", ""equity"", ""gross_profit"", ""last_close"", ""last_price_date"", ""net_income"", ""revenue"", ""total_assets"", ""total_liabilities""]","[""Primary market data missing or incomplete.""]",Primary market data missing or incomplete.,,,,,,,,,INSUFFICIENT_DATA,provisional_structured,,,,,,,,,
SBR,Công ty Cổ phần Cao su Sông Bé,BLOCKED_INSUFFICIENT_MARKET_DATA,REJECTED,True,False,PROVISIONAL_PRIMARY_ONLY,PROVISIONAL_LOW,NOT_AVAILABLE,NEEDS_MANUAL_BCTC_REVIEW,"[""avg_volume_20d"", ""capex"", ""cfo"", ""equity"", ""gross_profit"", ""last_close"", ""last_price_date"", ""net_income"", ""revenue"", ""total_assets"", ""total_liabilities""]","[""Primary market data missing or incomplete.""]",Primary market data missing or incomplete.,,,,,,,,,INSUFFICIENT_DATA,provisional_structured,,,,,,,,,
SBS,Công ty Cổ phần Chứng khoán SBS,BLOCKED_INSUFFICIENT_MARKET_DATA,REJECTED,True,False,PROVISIONAL_PRIMARY_ONLY,PROVISIONAL_LOW,NOT_AVAILABLE,NEEDS_MANUAL_BCTC_REVIEW,"[""avg_volume_20d"", ""capex"", ""cfo"", ""equity"", ""gross_profit"", ""last_close"", ""last_price_date"", ""net_income"", ""revenue"", ""total_assets"", ""total_liabilities""]","[""Primary market data missing or incomplete.""]",Primary market data missing or incomplete.,,,,,,,,,INSUFFICIENT_DATA,provisional_structured,,,,,,,,,
SBT,Công ty Cổ phần Thành Thành Công - Biên Hòa,BLOCKED_INSUFFICIENT_MARKET_DATA,REJECTED,True,False,PROVISIONAL_PRIMARY_ONLY,PROVISIONAL_LOW,NOT_AVAILABLE,NEEDS_MANUAL_BCTC_REVIEW,"[""avg_volume_20d"", ""capex"", ""cfo"", ""equity"", ""gross_profit"", ""last_close"", ""last_price_date"", ""net_income"", ""revenue"", ""total_assets"", ""total_liabilities""]","[""Primary market data missing or incomplete.""]",Primary market data missing or incomplete.,,,,,,,,,INSUFFICIENT_DATA,provisional_structured,,,,,,,,,
SBV,Công ty Cổ phần Siam Brothers Việt Nam,BLOCKED_INSUFFICIENT_MARKET_DATA,REJECTED,True,False,PROVISIONAL_PRIMARY_ONLY,PROVISIONAL_LOW,NOT_AVAILABLE,NEEDS_MANUAL_BCTC_REVIEW,"[""avg_volume_20d"", ""capex"", ""cfo"", ""equity"", ""gross_profit"", ""last_close"", ""last_price_date"", ""net_income"", ""revenue"", ""total_assets"", ""total_liabilities""]","[""Primary market data missing or incomplete.""]",Primary market data missing or incomplete.,,,,,,,,,INSUFFICIENT_DATA,provisional_structured,,,,,,,,,
SC5,Công ty Cổ phần Xây dựng số 5,BLOCKED_INSUFFICIENT_MARKET_DATA,REJECTED,True,False,PROVISIONAL_PRIMARY_ONLY,PROVISIONAL_LOW,NOT_AVAILABLE,NEEDS_MANUAL_BCTC_REVIEW,"[""avg_volume_20d"", ""capex"", ""cfo"", ""equity"", ""gross_profit"", ""last_close"", ""last_price_date"", ""net_income"", ""revenue"", ""total_assets"", ""total_liabilities""]","[""Primary market data missing or incomplete.""]",Primary market data missing or incomplete.,,,,,,,,,INSUFFICIENT_DATA,provisional_structured,,,,,,,,,
SCA,Công ty Cổ phần Nông nghiệp Sông Con,BLOCKED_INSUFFICIENT_MARKET_DATA,REJECTED,True,False,PROVISIONAL_PRIMARY_ONLY,PROVISIONAL_LOW,NOT_AVAILABLE,NEEDS_MANUAL_BCTC_REVIEW,"[""avg_volume_20d"", ""capex"", ""cfo"", ""equity"", ""gross_profit"", ""last_close"", ""last_price_date"", ""net_income"", ""revenue"", ""total_assets"", ""total_liabilities""]","[""Primary market data missing or incomplete.""]",Primary market data missing or incomplete.,,,,,,,,,INSUFFICIENT_DATA,provisional_structured,,,,,,,,,
SCC,Công ty Cổ phần Thương mại Đầu tư SHB,BLOCKED_INSUFFICIENT_MARKET_DATA,REJECTED,True,False,PROVISIONAL_PRIMARY_ONLY,PROVISIONAL_LOW,NOT_AVAILABLE,NEEDS_MANUAL_BCTC_REVIEW,"[""avg_volume_20d"", ""capex"", ""cfo"", ""equity"", ""gross_profit"", ""last_close"", ""last_price_date"", ""net_income"", ""revenue"", ""total_assets"", ""total_liabilities""]","[""Primary market data missing or incomplete.""]",Primary market data missing or incomplete.,,,,,,,,,INSUFFICIENT_DATA,provisional_structured,,,,,,,,,
SCD,Công ty Cổ phần Nước giải khát Chương Dương,BLOCKED_INSUFFICIENT_MARKET_DATA,REJECTED,True,False,PROVISIONAL_PRIMARY_ONLY,PROVISIONAL_LOW,NOT_AVAILABLE,NEEDS_MANUAL_BCTC_REVIEW,"[""avg_volume_20d"", ""capex"", ""cfo"", ""equity"", ""gross_profit"", ""last_close"", ""last_price_date"", ""net_income"", ""revenue"", ""total_assets"", ""total_liabilities""]","[""Primary market data missing or incomplete.""]",Primary market data missing or incomplete.,,,,,,,,,INSUFFICIENT_DATA,provisional_structured,,,,,,,,,
SCG,Công ty Cổ phần Tập đoàn Xây dựng SCG,BLOCKED_INSUFFICIENT_MARKET_DATA,REJECTED,True,False,PROVISIONAL_PRIMARY_ONLY,PROVISIONAL_LOW,NOT_AVAILABLE,NEEDS_MANUAL_BCTC_REVIEW,"[""avg_volume_20d"", ""capex"", ""cfo"", ""equity"", ""gross_profit"", ""last_close"", ""last_price_date"", ""net_income"", ""revenue"", ""total_assets"", ""total_liabilities""]","[""Primary market data missing or incomplete.""]",Primary market data missing or incomplete.,,,,,,,,,INSUFFICIENT_DATA,provisional_structured,,,,,,,,,
SCI,Công ty Cổ phần SCI E&C,BLOCKED_INSUFFICIENT_MARKET_DATA,REJECTED,True,False,PROVISIONAL_PRIMARY_ONLY,PROVISIONAL_LOW,NOT_AVAILABLE,NEEDS_MANUAL_BCTC_REVIEW,"[""avg_volume_20d"", ""capex"", ""cfo"", ""equity"", ""gross_profit"", ""last_close"", ""last_price_date"", ""net_income"", ""revenue"", ""total_assets"", ""total_liabilities""]","[""Primary market data missing or incomplete.""]",Primary market data missing or incomplete.,,,,,,,,,INSUFFICIENT_DATA,provisional_structured,,,,,,,,,
SCJ,Công ty Cổ phần Xi măng Sài Sơn,BLOCKED_INSUFFICIENT_MARKET_DATA,REJECTED,True,False,PROVISIONAL_PRIMARY_ONLY,PROVISIONAL_LOW,NOT_AVAILABLE,NEEDS_MANUAL_BCTC_REVIEW,"[""avg_volume_20d"", ""capex"", ""cfo"", ""equity"", ""gross_profit"", ""last_close"", ""last_price_date"", ""net_income"", ""revenue"", ""total_assets"", ""total_liabilities""]","[""Primary market data missing or incomplete.""]",Primary market data missing or incomplete.,,,,,,,,,INSUFFICIENT_DATA,provisional_structured,,,,,,,,,
SCL,Công ty Cổ phần Sông Đà Cao Cường,BLOCKED_INSUFFICIENT_MARKET_DATA,REJECTED,True,False,PROVISIONAL_PRIMARY_ONLY,PROVISIONAL_LOW,NOT_AVAILABLE,NEEDS_MANUAL_BCTC_REVIEW,"[""avg_volume_20d"", ""capex"", ""cfo"", ""equity"", ""gross_profit"", ""last_close"", ""last_price_date"", ""net_income"", ""revenue"", ""total_assets"", ""total_liabilities""]","[""Primary market data missing or incomplete.""]",Primary market data missing or incomplete.,,,,,,,,,INSUFFICIENT_DATA,provisional_structured,,,,,,,,,
SCO,Công ty Cổ phần Công nghiệp Thủy sản,BLOCKED_INSUFFICIENT_MARKET_DATA,REJECTED,True,False,PROVISIONAL_PRIMARY_ONLY,PROVISIONAL_LOW,NOT_AVAILABLE,NEEDS_MANUAL_BCTC_REVIEW,"[""avg_volume_20d"", ""capex"", ""cfo"", ""equity"", ""gross_profit"", ""last_close"", ""last_price_date"", ""net_income"", ""revenue"", ""total_assets"", ""total_liabilities""]","[""Primary market data missing or incomplete.""]",Primary market data missing or incomplete.,,,,,,,,,INSUFFICIENT_DATA,provisional_structured,,,,,,,,,
SCR,Công ty Cổ phần Địa Ốc Sài Gòn Thương Tín,BLOCKED_INSUFFICIENT_MARKET_DATA,REJECTED,True,False,PROVISIONAL_PRIMARY_ONLY,PROVISIONAL_LOW,NOT_AVAILABLE,NEEDS_MANUAL_BCTC_REVIEW,"[""avg_volume_20d"", ""capex"", ""cfo"", ""equity"", ""gross_profit"", ""last_close"", ""last_price_date"", ""net_income"", ""revenue"", ""total_assets"", ""total_liabilities""]","[""Primary market data missing or incomplete.""]",Primary market data missing or incomplete.,,,,,,,,,INSUFFICIENT_DATA,provisional_structured,,,,,,,,,
SCS,Công ty Cổ phần Dịch vụ Hàng hóa Sài Gòn,BLOCKED_INSUFFICIENT_MARKET_DATA,REJECTED,True,False,PROVISIONAL_PRIMARY_ONLY,PROVISIONAL_LOW,NOT_AVAILABLE,NEEDS_MANUAL_BCTC_REVIEW,"[""avg_volume_20d"", ""capex"", ""cfo"", ""equity"", ""gross_profit"", ""last_close"", ""last_price_date"", ""net_income"", ""revenue"", ""total_assets"", ""total_liabilities""]","[""Primary market data missing or incomplete.""]",Primary market data missing or incomplete.,,,,,,,,,INSUFFICIENT_DATA,provisional_structured,,,,,,,,,
SCV,Công ty Cổ phần Muối Việt Nam,BLOCKED_INSUFFICIENT_MARKET_DATA,REJECTED,True,False,PROVISIONAL_PRIMARY_ONLY,PROVISIONAL_LOW,NOT_AVAILABLE,NEEDS_MANUAL_BCTC_REVIEW,"[""avg_volume_20d"", ""capex"", ""cfo"", ""equity"", ""gross_profit"", ""last_close"", ""last_price_date"", ""net_income"", ""revenue"", ""total_assets"", ""total_liabilities""]","[""Primary market data missing or incomplete.""]",Primary market data missing or incomplete.,,,,,,,,,INSUFFICIENT_DATA,provisional_structured,,,,,,,,,
SCY,Công ty Cổ phần Đóng tàu Sông Cấm,BLOCKED_INSUFFICIENT_MARKET_DATA,REJECTED,True,False,PROVISIONAL_PRIMARY_ONLY,PROVISIONAL_LOW,NOT_AVAILABLE,NEEDS_MANUAL_BCTC_REVIEW,"[""avg_volume_20d"", ""capex"", ""cfo"", ""equity"", ""gross_profit"", ""last_close"", ""last_price_date"", ""net_income"", ""revenue"", ""total_assets"", ""total_liabilities""]","[""Primary market data missing or incomplete.""]",Primary market data missing or incomplete.,,,,,,,,,INSUFFICIENT_DATA,provisional_structured,,,,,,,,,
SD1,Công ty Cổ phần Sông Đà 1,BLOCKED_INSUFFICIENT_MARKET_DATA,REJECTED,True,False,PROVISIONAL_PRIMARY_ONLY,PROVISIONAL_LOW,NOT_AVAILABLE,NEEDS_MANUAL_BCTC_REVIEW,"[""avg_volume_20d"", ""capex"", ""cfo"", ""equity"", ""gross_profit"", ""last_close"", ""last_price_date"", ""net_income"", ""revenue"", ""total_assets"", ""total_liabilities""]","[""Primary market data missing or incomplete.""]",Primary market data missing or incomplete.,,,,,,,,,INSUFFICIENT_DATA,provisional_structured,,,,,,,,,
SD2,Công ty Cổ phần Sông Đà 2,BLOCKED_INSUFFICIENT_MARKET_DATA,REJECTED,True,False,PROVISIONAL_PRIMARY_ONLY,PROVISIONAL_LOW,NOT_AVAILABLE,NEEDS_MANUAL_BCTC_REVIEW,"[""avg_volume_20d"", ""capex"", ""cfo"", ""equity"", ""gross_profit"", ""last_close"", ""last_price_date"", ""net_income"", ""revenue"", ""total_assets"", ""total_liabilities""]","[""Primary market data missing or incomplete.""]",Primary market data missing or incomplete.,,,,,,,,,INSUFFICIENT_DATA,provisional_structured,,,,,,,,,
SD3,Công ty Cổ phần Sông Đà 3,BLOCKED_INSUFFICIENT_MARKET_DATA,REJECTED,True,False,PROVISIONAL_PRIMARY_ONLY,PROVISIONAL_LOW,NOT_AVAILABLE,NEEDS_MANUAL_BCTC_REVIEW,"[""avg_volume_20d"", ""capex"", ""cfo"", ""equity"", ""gross_profit"", ""last_close"", ""last_price_date"", ""net_income"", ""revenue"", ""total_assets"", ""total_liabilities""]","[""Primary market data missing or incomplete.""]",Primary market data missing or incomplete.,,,,,,,,,INSUFFICIENT_DATA,provisional_structured,,,,,,,,,
SD4,Công ty Cổ phần Sông Đà 4,BLOCKED_INSUFFICIENT_MARKET_DATA,REJECTED,True,False,PROVISIONAL_PRIMARY_ONLY,PROVISIONAL_LOW,NOT_AVAILABLE,NEEDS_MANUAL_BCTC_REVIEW,"[""avg_volume_20d"", ""capex"", ""cfo"", ""equity"", ""gross_profit"", ""last_close"", ""last_price_date"", ""net_income"", ""revenue"", ""total_assets"", ""total_liabilities""]","[""Primary market data missing or incomplete.""]",Primary market data missing or incomplete.,,,,,,,,,INSUFFICIENT_DATA,provisional_structured,,,,,,,,,
SD5,Công ty Cổ phần Sông Đà 5,BLOCKED_INSUFFICIENT_MARKET_DATA,REJECTED,True,False,PROVISIONAL_PRIMARY_ONLY,PROVISIONAL_LOW,NOT_AVAILABLE,NEEDS_MANUAL_BCTC_REVIEW,"[""avg_volume_20d"", ""capex"", ""cfo"", ""equity"", ""gross_profit"", ""last_close"", ""last_price_date"", ""net_income"", ""revenue"", ""total_assets"", ""total_liabilities""]","[""Primary market data missing or incomplete.""]",Primary market data missing or incomplete.,,,,,,,,,INSUFFICIENT_DATA,provisional_structured,,,,,,,,,
SD6,Công ty Cổ phần Sông Đà 6,BLOCKED_INSUFFICIENT_MARKET_DATA,REJECTED,True,False,PROVISIONAL_PRIMARY_ONLY,PROVISIONAL_LOW,NOT_AVAILABLE,NEEDS_MANUAL_BCTC_REVIEW,"[""avg_volume_20d"", ""capex"", ""cfo"", ""equity"", ""gross_profit"", ""last_close"", ""last_price_date"", ""net_income"", ""revenue"", ""total_assets"", ""total_liabilities""]","[""Primary market data missing or incomplete.""]",Primary market data missing or incomplete.,,,,,,,,,INSUFFICIENT_DATA,provisional_structured,,,,,,,,,
SD7,Công ty Cổ phần Sông Đà 7,BLOCKED_INSUFFICIENT_MARKET_DATA,REJECTED,True,False,PROVISIONAL_PRIMARY_ONLY,PROVISIONAL_LOW,NOT_AVAILABLE,NEEDS_MANUAL_BCTC_REVIEW,"[""avg_volume_20d"", ""capex"", ""cfo"", ""equity"", ""gross_profit"", ""last_close"", ""last_price_date"", ""net_income"", ""revenue"", ""total_assets"", ""total_liabilities""]","[""Primary market data missing or incomplete.""]",Primary market data missing or incomplete.,,,,,,,,,INSUFFICIENT_DATA,provisional_structured,,,,,,,,,
SD8,Công ty Cổ phần Sông Đà 8,BLOCKED_INSUFFICIENT_MARKET_DATA,REJECTED,True,False,PROVISIONAL_PRIMARY_ONLY,PROVISIONAL_LOW,NOT_AVAILABLE,NEEDS_MANUAL_BCTC_REVIEW,"[""avg_volume_20d"", ""capex"", ""cfo"", ""equity"", ""gross_profit"", ""last_close"", ""last_price_date"", ""net_income"", ""revenue"", ""total_assets"", ""total_liabilities""]","[""Primary market data missing or incomplete.""]",Primary market data missing or incomplete.,,,,,,,,,INSUFFICIENT_DATA,provisional_structured,,,,,,,,,
SD9,Công ty Cổ phần Sông Đà 9,BLOCKED_INSUFFICIENT_MARKET_DATA,REJECTED,True,False,PROVISIONAL_PRIMARY_ONLY,PROVISIONAL_LOW,NOT_AVAILABLE,NEEDS_MANUAL_BCTC_REVIEW,"[""avg_volume_20d"", ""capex"", ""cfo"", ""equity"", ""gross_profit"", ""last_close"", ""last_price_date"", ""net_income"", ""revenue"", ""total_assets"", ""total_liabilities""]","[""Primary market data missing or incomplete.""]",Primary market data missing or incomplete.,,,,,,,,,INSUFFICIENT_DATA,provisional_structured,,,,,,,,,
SDA,Công ty Cổ phần SIMCO Sông Đà,BLOCKED_INSUFFICIENT_MARKET_DATA,REJECTED,True,False,PROVISIONAL_PRIMARY_ONLY,PROVISIONAL_LOW,NOT_AVAILABLE,NEEDS_MANUAL_BCTC_REVIEW,"[""avg_volume_20d"", ""capex"", ""cfo"", ""equity"", ""gross_profit"", ""last_close"", ""last_price_date"", ""net_income"", ""revenue"", ""total_assets"", ""total_liabilities""]","[""Primary market data missing or incomplete.""]",Primary market data missing or incomplete.,,,,,,,,,INSUFFICIENT_DATA,provisional_structured,,,,,,,,,
SDB,Công ty Cổ phần Sông Đà 207,BLOCKED_INSUFFICIENT_MARKET_DATA,REJECTED,True,False,PROVISIONAL_PRIMARY_ONLY,PROVISIONAL_LOW,NOT_AVAILABLE,NEEDS_MANUAL_BCTC_REVIEW,"[""avg_volume_20d"", ""capex"", ""cfo"", ""equity"", ""gross_profit"", ""last_close"", ""last_price_date"", ""net_income"", ""revenue"", ""total_assets"", ""total_liabilities""]","[""Primary market data missing or incomplete.""]",Primary market data missing or incomplete.,,,,,,,,,INSUFFICIENT_DATA,provisional_structured,,,,,,,,,
SDC,Công ty Cổ phần Tư vấn Sông Đà,BLOCKED_INSUFFICIENT_MARKET_DATA,REJECTED,True,False,PROVISIONAL_PRIMARY_ONLY,PROVISIONAL_LOW,NOT_AVAILABLE,NEEDS_MANUAL_BCTC_REVIEW,"[""avg_volume_20d"", ""capex"", ""cfo"", ""equity"", ""gross_profit"", ""last_close"", ""last_price_date"", ""net_income"", ""revenue"", ""total_assets"", ""total_liabilities""]","[""Primary market data missing or incomplete.""]",Primary market data missing or incomplete.,,,,,,,,,INSUFFICIENT_DATA,provisional_structured,,,,,,,,,
SDD,Công ty Cổ phần Đầu tư và Xây lắp Sông Đà,BLOCKED_INSUFFICIENT_MARKET_DATA,REJECTED,True,False,PROVISIONAL_PRIMARY_ONLY,PROVISIONAL_LOW,NOT_AVAILABLE,NEEDS_MANUAL_BCTC_REVIEW,"[""avg_volume_20d"", ""capex"", ""cfo"", ""equity"", ""gross_profit"", ""last_close"", ""last_price_date"", ""net_income"", ""revenue"", ""total_assets"", ""total_liabilities""]","[""Primary market data missing or incomplete.""]",Primary market data missing or incomplete.,,,,,,,,,INSUFFICIENT_DATA,provisional_structured,,,,,,,,,
SDG,Công ty Cổ phần Sadico Cần Thơ,BLOCKED_INSUFFICIENT_MARKET_DATA,REJECTED,True,False,PROVISIONAL_PRIMARY_ONLY,PROVISIONAL_LOW,NOT_AVAILABLE,NEEDS_MANUAL_BCTC_REVIEW,"[""avg_volume_20d"", ""capex"", ""cfo"", ""equity"", ""gross_profit"", ""last_close"", ""last_price_date"", ""net_income"", ""revenue"", ""total_assets"", ""total_liabilities""]","[""Primary market data missing or incomplete.""]",Primary market data missing or incomplete.,,,,,,,,,INSUFFICIENT_DATA,provisional_structured,,,,,,,,,
SDH,Công ty Cổ phần Xây dựng hạ tầng Sông Đà,BLOCKED_INSUFFICIENT_MARKET_DATA,REJECTED,True,False,PROVISIONAL_PRIMARY_ONLY,PROVISIONAL_LOW,NOT_AVAILABLE,NEEDS_MANUAL_BCTC_REVIEW,"[""avg_volume_20d"", ""capex"", ""cfo"", ""equity"", ""gross_profit"", ""last_close"", ""last_price_date"", ""net_income"", ""revenue"", ""total_assets"", ""total_liabilities""]","[""Primary market data missing or incomplete.""]",Primary market data missing or incomplete.,,,,,,,,,INSUFFICIENT_DATA,provisional_structured,,,,,,,,,
SDJ,Công ty Cổ phần Sông Đà 25,BLOCKED_INSUFFICIENT_MARKET_DATA,REJECTED,True,False,PROVISIONAL_PRIMARY_ONLY,PROVISIONAL_LOW,NOT_AVAILABLE,NEEDS_MANUAL_BCTC_REVIEW,"[""avg_volume_20d"", ""capex"", ""cfo"", ""equity"", ""gross_profit"", ""last_close"", ""last_price_date"", ""net_income"", ""revenue"", ""total_assets"", ""total_liabilities""]","[""Primary market data missing or incomplete.""]",Primary market data missing or incomplete.,,,,,,,,,INSUFFICIENT_DATA,provisional_structured,,,,,,,,,
SDK,Công ty Cổ phần Cơ khí Luyện Kim,BLOCKED_INSUFFICIENT_MARKET_DATA,REJECTED,True,False,PROVISIONAL_PRIMARY_ONLY,PROVISIONAL_LOW,NOT_AVAILABLE,NEEDS_MANUAL_BCTC_REVIEW,"[""avg_volume_20d"", ""capex"", ""cfo"", ""equity"", ""gross_profit"", ""last_close"", ""last_price_date"", ""net_income"", ""revenue"", ""total_assets"", ""total_liabilities""]","[""Primary market data missing or incomplete.""]",Primary market data missing or incomplete.,,,,,,,,,INSUFFICIENT_DATA,provisional_structured,,,,,,,,,
SDN,Công ty Cổ phần Sơn Đồng Nai,BLOCKED_INSUFFICIENT_MARKET_DATA,REJECTED,True,False,PROVISIONAL_PRIMARY_ONLY,PROVISIONAL_LOW,NOT_AVAILABLE,NEEDS_MANUAL_BCTC_REVIEW,"[""avg_volume_20d"", ""capex"", ""cfo"", ""equity"", ""gross_profit"", ""last_close"", ""last_price_date"", ""net_income"", ""revenue"", ""total_assets"", ""total_liabilities""]","[""Primary market data missing or incomplete.""]",Primary market data missing or incomplete.,,,,,,,,,INSUFFICIENT_DATA,provisional_structured,,,,,,,,,
SDP,Công ty Cổ phần SDP,BLOCKED_INSUFFICIENT_MARKET_DATA,REJECTED,True,False,PROVISIONAL_PRIMARY_ONLY,PROVISIONAL_LOW,NOT_AVAILABLE,NEEDS_MANUAL_BCTC_REVIEW,"[""avg_volume_20d"", ""capex"", ""cfo"", ""equity"", ""gross_profit"", ""last_close"", ""last_price_date"", ""net_income"", ""revenue"", ""total_assets"", ""total_liabilities""]","[""Primary market data missing or incomplete.""]",Primary market data missing or incomplete.,,,,,,,,,INSUFFICIENT_DATA,provisional_structured,,,,,,,,,
SDT,Công ty Cổ phần Sông Đà 10,BLOCKED_INSUFFICIENT_MARKET_DATA,REJECTED,True,False,PROVISIONAL_PRIMARY_ONLY,PROVISIONAL_LOW,NOT_AVAILABLE,NEEDS_MANUAL_BCTC_REVIEW,"[""avg_volume_20d"", ""capex"", ""cfo"", ""equity"", ""gross_profit"", ""last_close"", ""last_price_date"", ""net_income"", ""revenue"", ""total_assets"", ""total_liabilities""]","[""Primary market data missing or incomplete.""]",Primary market data missing or incomplete.,,,,,,,,,INSUFFICIENT_DATA,provisional_structured,,,,,,,,,
SDU,Công ty Cổ phần Đầu tư Xây dựng và Phát triển Đô thị Sông Đà,BLOCKED_INSUFFICIENT_MARKET_DATA,REJECTED,True,False,PROVISIONAL_PRIMARY_ONLY,PROVISIONAL_LOW,NOT_AVAILABLE,NEEDS_MANUAL_BCTC_REVIEW,"[""avg_volume_20d"", ""capex"", ""cfo"", ""equity"", ""gross_profit"", ""last_close"", ""last_price_date"", ""net_income"", ""revenue"", ""total_assets"", ""total_liabilities""]","[""Primary market data missing or incomplete.""]",Primary market data missing or incomplete.,,,,,,,,,INSUFFICIENT_DATA,provisional_structured,,,,,,,,,
SDV,Công ty Cổ phần Dịch vụ Sonadezi,BLOCKED_INSUFFICIENT_MARKET_DATA,REJECTED,True,False,PROVISIONAL_PRIMARY_ONLY,PROVISIONAL_LOW,NOT_AVAILABLE,NEEDS_MANUAL_BCTC_REVIEW,"[""avg_volume_20d"", ""capex"", ""cfo"", ""equity"", ""gross_profit"", ""last_close"", ""last_price_date"", ""net_income"", ""revenue"", ""total_assets"", ""total_liabilities""]","[""Primary market data missing or incomplete.""]",Primary market data missing or incomplete.,,,,,,,,,INSUFFICIENT_DATA,provisional_structured,,,,,,,,,
SDX,Công ty Cổ phần Phòng cháy chữa cháy và Đầu tư Xây dựng Sông Đà,BLOCKED_INSUFFICIENT_MARKET_DATA,REJECTED,True,False,PROVISIONAL_PRIMARY_ONLY,PROVISIONAL_LOW,NOT_AVAILABLE,NEEDS_MANUAL_BCTC_REVIEW,"[""avg_volume_20d"", ""capex"", ""cfo"", ""equity"", ""gross_profit"", ""last_close"", ""last_price_date"", ""net_income"", ""revenue"", ""total_assets"", ""total_liabilities""]","[""Primary market data missing or incomplete.""]",Primary market data missing or incomplete.,,,,,,,,,INSUFFICIENT_DATA,provisional_structured,,,,,,,,,
SDY,Công ty Cổ phần Xi măng Sông Đà Yaly,BLOCKED_INSUFFICIENT_MARKET_DATA,REJECTED,True,False,PROVISIONAL_PRIMARY_ONLY,PROVISIONAL_LOW,NOT_AVAILABLE,NEEDS_MANUAL_BCTC_REVIEW,"[""avg_volume_20d"", ""capex"", ""cfo"", ""equity"", ""gross_profit"", ""last_close"", ""last_price_date"", ""net_income"", ""revenue"", ""total_assets"", ""total_liabilities""]","[""Primary market data missing or incomplete.""]",Primary market data missing or incomplete.,,,,,,,,,INSUFFICIENT_DATA,provisional_structured,,,,,,,,,
SEA,Tổng Công ty Thủy sản Việt Nam - Công ty Cổ phần,BLOCKED_INSUFFICIENT_MARKET_DATA,REJECTED,True,False,PROVISIONAL_PRIMARY_ONLY,PROVISIONAL_LOW,NOT_AVAILABLE,NEEDS_MANUAL_BCTC_REVIEW,"[""avg_volume_20d"", ""capex"", ""cfo"", ""equity"", ""gross_profit"", ""last_close"", ""last_price_date"", ""net_income"", ""revenue"", ""total_assets"", ""total_liabilities""]","[""Primary market data missing or incomplete.""]",Primary market data missing or incomplete.,,,,,,,,,INSUFFICIENT_DATA,provisional_structured,,,,,,,,,
SEB,Công ty Cổ phần Đầu tư và Phát triển Điện Miền Trung,BLOCKED_INSUFFICIENT_MARKET_DATA,REJECTED,True,False,PROVISIONAL_PRIMARY_ONLY,PROVISIONAL_LOW,NOT_AVAILABLE,NEEDS_MANUAL_BCTC_REVIEW,"[""avg_volume_20d"", ""capex"", ""cfo"", ""equity"", ""gross_profit"", ""last_close"", ""last_price_date"", ""net_income"", ""revenue"", ""total_assets"", ""total_liabilities""]","[""Primary market data missing or incomplete.""]",Primary market data missing or incomplete.,,,,,,,,,INSUFFICIENT_DATA,provisional_structured,,,,,,,,,
SED,Công ty Cổ phần Đầu tư và Phát triển Giáo dục Phương Nam,BLOCKED_INSUFFICIENT_MARKET_DATA,REJECTED,True,False,PROVISIONAL_PRIMARY_ONLY,PROVISIONAL_LOW,NOT_AVAILABLE,NEEDS_MANUAL_BCTC_REVIEW,"[""avg_volume_20d"", ""capex"", ""cfo"", ""equity"", ""gross_profit"", ""last_close"", ""last_price_date"", ""net_income"", ""revenue"", ""total_assets"", ""total_liabilities""]","[""Primary market data missing or incomplete.""]",Primary market data missing or incomplete.,,,,,,,,,INSUFFICIENT_DATA,provisional_structured,,,,,,,,,
SEP,Công ty Cổ phần Tổng Công ty Thương mại Quảng Trị,BLOCKED_INSUFFICIENT_MARKET_DATA,REJECTED,True,False,PROVISIONAL_PRIMARY_ONLY,PROVISIONAL_LOW,NOT_AVAILABLE,NEEDS_MANUAL_BCTC_REVIEW,"[""avg_volume_20d"", ""capex"", ""cfo"", ""equity"", ""gross_profit"", ""last_close"", ""last_price_date"", ""net_income"", ""revenue"", ""total_assets"", ""total_liabilities""]","[""Primary market data missing or incomplete.""]",Primary market data missing or incomplete.,,,,,,,,,INSUFFICIENT_DATA,provisional_structured,,,,,,,,,
SFC,Công ty Cổ phần Nhiên liệu Sài Gòn,BLOCKED_INSUFFICIENT_MARKET_DATA,REJECTED,True,False,PROVISIONAL_PRIMARY_ONLY,PROVISIONAL_LOW,NOT_AVAILABLE,NEEDS_MANUAL_BCTC_REVIEW,"[""avg_volume_20d"", ""capex"", ""cfo"", ""equity"", ""gross_profit"", ""last_close"", ""last_price_date"", ""net_income"", ""revenue"", ""total_assets"", ""total_liabilities""]","[""Primary market data missing or incomplete.""]",Primary market data missing or incomplete.,,,,,,,,,INSUFFICIENT_DATA,provisional_structured,,,,,,,,,
SFG,Công ty Cổ phần Phân bón Miền Nam,BLOCKED_INSUFFICIENT_MARKET_DATA,REJECTED,True,False,PROVISIONAL_PRIMARY_ONLY,PROVISIONAL_LOW,NOT_AVAILABLE,NEEDS_MANUAL_BCTC_REVIEW,"[""avg_volume_20d"", ""capex"", ""cfo"", ""equity"", ""gross_profit"", ""last_close"", ""last_price_date"", ""net_income"", ""revenue"", ""total_assets"", ""total_liabilities""]","[""Primary market data missing or incomplete.""]",Primary market data missing or incomplete.,,,,,,,,,INSUFFICIENT_DATA,provisional_structured,,,,,,,,,
SFI,Công ty Cổ phần Đại lý Vận tải SAFI,BLOCKED_INSUFFICIENT_MARKET_DATA,REJECTED,True,False,PROVISIONAL_PRIMARY_ONLY,PROVISIONAL_LOW,NOT_AVAILABLE,NEEDS_MANUAL_BCTC_REVIEW,"[""avg_volume_20d"", ""capex"", ""cfo"", ""equity"", ""gross_profit"", ""last_close"", ""last_price_date"", ""net_income"", ""revenue"", ""total_assets"", ""total_liabilities""]","[""Primary market data missing or incomplete.""]",Primary market data missing or incomplete.,,,,,,,,,INSUFFICIENT_DATA,provisional_structured,,,,,,,,,
SFN,Công ty Cổ phần Dệt lưới Sài Gòn,BLOCKED_INSUFFICIENT_MARKET_DATA,REJECTED,True,False,PROVISIONAL_PRIMARY_ONLY,PROVISIONAL_LOW,NOT_AVAILABLE,NEEDS_MANUAL_BCTC_REVIEW,"[""avg_volume_20d"", ""capex"", ""cfo"", ""equity"", ""gross_profit"", ""last_close"", ""last_price_date"", ""net_income"", ""revenue"", ""total_assets"", ""total_liabilities""]","[""Primary market data missing or incomplete.""]",Primary market data missing or incomplete.,,,,,,,,,INSUFFICIENT_DATA,provisional_structured,,,,,,,,,
SGB,Ngân hàng Thương mại Cổ phần Sài Gòn Công thương,BLOCKED_INSUFFICIENT_MARKET_DATA,REJECTED,True,False,PROVISIONAL_PRIMARY_ONLY,PROVISIONAL_LOW,NOT_AVAILABLE,NEEDS_MANUAL_BCTC_REVIEW,"[""avg_volume_20d"", ""capex"", ""cfo"", ""equity"", ""gross_profit"", ""last_close"", ""last_price_date"", ""net_income"", ""revenue"", ""total_assets"", ""total_liabilities""]","[""Primary market data missing or incomplete.""]",Primary market data missing or incomplete.,,,,,,,,,INSUFFICIENT_DATA,provisional_structured,,,,,,,,,
SGC,Công ty Cổ phần Xuất nhập khẩu Sa Giang,BLOCKED_INSUFFICIENT_MARKET_DATA,REJECTED,True,False,PROVISIONAL_PRIMARY_ONLY,PROVISIONAL_LOW,NOT_AVAILABLE,NEEDS_MANUAL_BCTC_REVIEW,"[""avg_volume_20d"", ""capex"", ""cfo"", ""equity"", ""gross_profit"", ""last_close"", ""last_price_date"", ""net_income"", ""revenue"", ""total_assets"", ""total_liabilities""]","[""Primary market data missing or incomplete.""]",Primary market data missing or incomplete.,,,,,,,,,INSUFFICIENT_DATA,provisional_structured,,,,,,,,,
SGD,Công ty Cổ phần Sách Giáo dục tại Thành phố Hồ Chí Minh,BLOCKED_INSUFFICIENT_MARKET_DATA,REJECTED,True,False,PROVISIONAL_PRIMARY_ONLY,PROVISIONAL_LOW,NOT_AVAILABLE,NEEDS_MANUAL_BCTC_REVIEW,"[""avg_volume_20d"", ""capex"", ""cfo"", ""equity"", ""gross_profit"", ""last_close"", ""last_price_date"", ""net_income"", ""revenue"", ""total_assets"", ""total_liabilities""]","[""Primary market data missing or incomplete.""]",Primary market data missing or incomplete.,,,,,,,,,INSUFFICIENT_DATA,provisional_structured,,,,,,,,,
SGH,Công ty Cổ phần Khách sạn Sài Gòn,BLOCKED_INSUFFICIENT_MARKET_DATA,REJECTED,True,False,PROVISIONAL_PRIMARY_ONLY,PROVISIONAL_LOW,NOT_AVAILABLE,NEEDS_MANUAL_BCTC_REVIEW,"[""avg_volume_20d"", ""capex"", ""cfo"", ""equity"", ""gross_profit"", ""last_close"", ""last_price_date"", ""net_income"", ""revenue"", ""total_assets"", ""total_liabilities""]","[""Primary market data missing or incomplete.""]",Primary market data missing or incomplete.,,,,,,,,,INSUFFICIENT_DATA,provisional_structured,,,,,,,,,
SGI,Công ty Cổ phần Đầu tư SGI Holdings,BLOCKED_INSUFFICIENT_MARKET_DATA,REJECTED,True,False,PROVISIONAL_PRIMARY_ONLY,PROVISIONAL_LOW,NOT_AVAILABLE,NEEDS_MANUAL_BCTC_REVIEW,"[""avg_volume_20d"", ""capex"", ""cfo"", ""equity"", ""gross_profit"", ""last_close"", ""last_price_date"", ""net_income"", ""revenue"", ""total_assets"", ""total_liabilities""]","[""Primary market data missing or incomplete.""]",Primary market data missing or incomplete.,,,,,,,,,INSUFFICIENT_DATA,provisional_structured,,,,,,,,,
SGN,Công ty Cổ phần Phục vụ mặt đất Sài Gòn,BLOCKED_INSUFFICIENT_MARKET_DATA,REJECTED,True,False,PROVISIONAL_PRIMARY_ONLY,PROVISIONAL_LOW,NOT_AVAILABLE,NEEDS_MANUAL_BCTC_REVIEW,"[""avg_volume_20d"", ""capex"", ""cfo"", ""equity"", ""gross_profit"", ""last_close"", ""last_price_date"", ""net_income"", ""revenue"", ""total_assets"", ""total_liabilities""]","[""Primary market data missing or incomplete.""]",Primary market data missing or incomplete.,,,,,,,,,INSUFFICIENT_DATA,provisional_structured,,,,,,,,,
SGO,Công ty Cổ phần Dầu thực vật Sài Gòn,BLOCKED_INSUFFICIENT_MARKET_DATA,REJECTED,True,False,PROVISIONAL_PRIMARY_ONLY,PROVISIONAL_LOW,NOT_AVAILABLE,NEEDS_MANUAL_BCTC_REVIEW,"[""avg_volume_20d"", ""capex"", ""cfo"", ""equity"", ""gross_profit"", ""last_close"", ""last_price_date"", ""net_income"", ""revenue"", ""total_assets"", ""total_liabilities""]","[""Primary market data missing or incomplete.""]",Primary market data missing or incomplete.,,,,,,,,,INSUFFICIENT_DATA,provisional_structured,,,,,,,,,
SGP,Công ty Cổ phần Cảng Sài Gòn,BLOCKED_INSUFFICIENT_MARKET_DATA,REJECTED,True,False,PROVISIONAL_PRIMARY_ONLY,PROVISIONAL_LOW,NOT_AVAILABLE,NEEDS_MANUAL_BCTC_REVIEW,"[""avg_volume_20d"", ""capex"", ""cfo"", ""equity"", ""gross_profit"", ""last_close"", ""last_price_date"", ""net_income"", ""revenue"", ""total_assets"", ""total_liabilities""]","[""Primary market data missing or incomplete.""]",Primary market data missing or incomplete.,,,,,,,,,INSUFFICIENT_DATA,provisional_structured,,,,,,,,,
SGR,Công ty Cổ phần Tổng Công ty Cổ phần Địa ốc Sài Gòn,BLOCKED_INSUFFICIENT_MARKET_DATA,REJECTED,True,False,PROVISIONAL_PRIMARY_ONLY,PROVISIONAL_LOW,NOT_AVAILABLE,NEEDS_MANUAL_BCTC_REVIEW,"[""avg_volume_20d"", ""capex"", ""cfo"", ""equity"", ""gross_profit"", ""last_close"", ""last_price_date"", ""net_income"", ""revenue"", ""total_assets"", ""total_liabilities""]","[""Primary market data missing or incomplete.""]",Primary market data missing or incomplete.,,,,,,,,,INSUFFICIENT_DATA,provisional_structured,,,,,,,,,
SGS,Công ty Cổ phần Vận tải biển Sài Gòn,BLOCKED_INSUFFICIENT_MARKET_DATA,REJECTED,True,False,PROVISIONAL_PRIMARY_ONLY,PROVISIONAL_LOW,NOT_AVAILABLE,NEEDS_MANUAL_BCTC_REVIEW,"[""avg_volume_20d"", ""capex"", ""cfo"", ""equity"", ""gross_profit"", ""last_close"", ""last_price_date"", ""net_income"", ""revenue"", ""total_assets"", ""total_liabilities""]","[""Primary market data missing or incomplete.""]",Primary market data missing or incomplete.,,,,,,,,,INSUFFICIENT_DATA,provisional_structured,,,,,,,,,
SGT,Công ty Cổ phần Công nghệ Viễn thông Sài Gòn,BLOCKED_INSUFFICIENT_MARKET_DATA,REJECTED,True,False,PROVISIONAL_PRIMARY_ONLY,PROVISIONAL_LOW,NOT_AVAILABLE,NEEDS_MANUAL_BCTC_REVIEW,"[""avg_volume_20d"", ""capex"", ""cfo"", ""equity"", ""gross_profit"", ""last_close"", ""last_price_date"", ""net_income"", ""revenue"", ""total_assets"", ""total_liabilities""]","[""Primary market data missing or incomplete.""]",Primary market data missing or incomplete.,,,,,,,,,INSUFFICIENT_DATA,provisional_structured,,,,,,,,,
SHA,Công ty Cổ phần Sơn Hà Sài Gòn,BLOCKED_INSUFFICIENT_MARKET_DATA,REJECTED,True,False,PROVISIONAL_PRIMARY_ONLY,PROVISIONAL_LOW,NOT_AVAILABLE,NEEDS_MANUAL_BCTC_REVIEW,"[""avg_volume_20d"", ""capex"", ""cfo"", ""equity"", ""gross_profit"", ""last_close"", ""last_price_date"", ""net_income"", ""revenue"", ""total_assets"", ""total_liabilities""]","[""Primary market data missing or incomplete.""]",Primary market data missing or incomplete.,,,,,,,,,INSUFFICIENT_DATA,provisional_structured,,,,,,,,,
SHB,Ngân hàng Thương mại Cổ phần Sài Gòn – Hà Nội,BLOCKED_INSUFFICIENT_MARKET_DATA,REJECTED,True,False,PROVISIONAL_PRIMARY_ONLY,PROVISIONAL_LOW,NOT_AVAILABLE,NEEDS_MANUAL_BCTC_REVIEW,"[""avg_volume_20d"", ""capex"", ""cfo"", ""equity"", ""gross_profit"", ""last_close"", ""last_price_date"", ""net_income"", ""revenue"", ""total_assets"", ""total_liabilities""]","[""Primary market data missing or incomplete.""]",Primary market data missing or incomplete.,,,,,,,,,INSUFFICIENT_DATA,provisional_structured,,,,,,,,,
SHC,Công ty Cổ phần Hàng hải Sài Gòn,BLOCKED_INSUFFICIENT_MARKET_DATA,REJECTED,True,False,PROVISIONAL_PRIMARY_ONLY,PROVISIONAL_LOW,NOT_AVAILABLE,NEEDS_MANUAL_BCTC_REVIEW,"[""avg_volume_20d"", ""capex"", ""cfo"", ""equity"", ""gross_profit"", ""last_close"", ""last_price_date"", ""net_income"", ""revenue"", ""total_assets"", ""total_liabilities""]","[""Primary market data missing or incomplete.""]",Primary market data missing or incomplete.,,,,,,,,,INSUFFICIENT_DATA,provisional_structured,,,,,,,,,
SHE,Công ty Cổ phần Phát triển Năng Lượng Sơn Hà,BLOCKED_INSUFFICIENT_MARKET_DATA,REJECTED,True,False,PROVISIONAL_PRIMARY_ONLY,PROVISIONAL_LOW,NOT_AVAILABLE,NEEDS_MANUAL_BCTC_REVIEW,"[""avg_volume_20d"", ""capex"", ""cfo"", ""equity"", ""gross_profit"", ""last_close"", ""last_price_date"", ""net_income"", ""revenue"", ""total_assets"", ""total_liabilities""]","[""Primary market data missing or incomplete.""]",Primary market data missing or incomplete.,,,,,,,,,INSUFFICIENT_DATA,provisional_structured,,,,,,,,,
SHG,Tổng Công ty Cổ phần Sông Hồng,BLOCKED_INSUFFICIENT_MARKET_DATA,REJECTED,True,False,PROVISIONAL_PRIMARY_ONLY,PROVISIONAL_LOW,NOT_AVAILABLE,NEEDS_MANUAL_BCTC_REVIEW,"[""avg_volume_20d"", ""capex"", ""cfo"", ""equity"", ""gross_profit"", ""last_close"", ""last_price_date"", ""net_income"", ""revenue"", ""total_assets"", ""total_liabilities""]","[""Primary market data missing or incomplete.""]",Primary market data missing or incomplete.,,,,,,,,,INSUFFICIENT_DATA,provisional_structured,,,,,,,,,
SHI,Công ty Cổ phần Quốc tế Sơn Hà,BLOCKED_INSUFFICIENT_MARKET_DATA,REJECTED,True,False,PROVISIONAL_PRIMARY_ONLY,PROVISIONAL_LOW,NOT_AVAILABLE,NEEDS_MANUAL_BCTC_REVIEW,"[""avg_volume_20d"", ""capex"", ""cfo"", ""equity"", ""gross_profit"", ""last_close"", ""last_price_date"", ""net_income"", ""revenue"", ""total_assets"", ""total_liabilities""]","[""Primary market data missing or incomplete.""]",Primary market data missing or incomplete.,,,,,,,,,INSUFFICIENT_DATA,provisional_structured,,,,,,,,,
SHN,Công ty Cổ phần Đầu tư Tổng hợp Hà Nội,BLOCKED_INSUFFICIENT_MARKET_DATA,REJECTED,True,False,PROVISIONAL_PRIMARY_ONLY,PROVISIONAL_LOW,NOT_AVAILABLE,NEEDS_MANUAL_BCTC_REVIEW,"[""avg_volume_20d"", ""capex"", ""cfo"", ""equity"", ""gross_profit"", ""last_close"", ""last_price_date"", ""net_income"", ""revenue"", ""total_assets"", ""total_liabilities""]","[""Primary market data missing or incomplete.""]",Primary market data missing or incomplete.,,,,,,,,,INSUFFICIENT_DATA,provisional_structured,,,,,,,,,
SHP,Công ty Cổ phần Thủy điện Miền Nam,BLOCKED_INSUFFICIENT_MARKET_DATA,REJECTED,True,False,PROVISIONAL_PRIMARY_ONLY,PROVISIONAL_LOW,NOT_AVAILABLE,NEEDS_MANUAL_BCTC_REVIEW,"[""avg_volume_20d"", ""capex"", ""cfo"", ""equity"", ""gross_profit"", ""last_close"", ""last_price_date"", ""net_income"", ""revenue"", ""total_assets"", ""total_liabilities""]","[""Primary market data missing or incomplete.""]",Primary market data missing or incomplete.,,,,,,,,,INSUFFICIENT_DATA,provisional_structured,,,,,,,,,
SHS,Công ty Cổ phần Chứng khoán Sài Gòn - Hà Nội,BLOCKED_INSUFFICIENT_MARKET_DATA,REJECTED,True,False,PROVISIONAL_PRIMARY_ONLY,PROVISIONAL_LOW,NOT_AVAILABLE,NEEDS_MANUAL_BCTC_REVIEW,"[""avg_volume_20d"", ""capex"", ""cfo"", ""equity"", ""gross_profit"", ""last_close"", ""last_price_date"", ""net_income"", ""revenue"", ""total_assets"", ""total_liabilities""]","[""Primary market data missing or incomplete.""]",Primary market data missing or incomplete.,,,,,,,,,INSUFFICIENT_DATA,provisional_structured,,,,,,,,,
SHX,Công ty Cổ phần Sài Gòn Hỏa xa,BLOCKED_INSUFFICIENT_MARKET_DATA,REJECTED,True,False,PROVISIONAL_PRIMARY_ONLY,PROVISIONAL_LOW,NOT_AVAILABLE,NEEDS_MANUAL_BCTC_REVIEW,"[""avg_volume_20d"", ""capex"", ""cfo"", ""equity"", ""gross_profit"", ""last_close"", ""last_price_date"", ""net_income"", ""revenue"", ""total_assets"", ""total_liabilities""]","[""Primary market data missing or incomplete.""]",Primary market data missing or incomplete.,,,,,,,,,INSUFFICIENT_DATA,provisional_structured,,,,,,,,,
SIC,Công ty Cổ phần ANI,BLOCKED_INSUFFICIENT_MARKET_DATA,REJECTED,True,False,PROVISIONAL_PRIMARY_ONLY,PROVISIONAL_LOW,NOT_AVAILABLE,NEEDS_MANUAL_BCTC_REVIEW,"[""avg_volume_20d"", ""capex"", ""cfo"", ""equity"", ""gross_profit"", ""last_close"", ""last_price_date"", ""net_income"", ""revenue"", ""total_assets"", ""total_liabilities""]","[""Primary market data missing or incomplete.""]",Primary market data missing or incomplete.,,,,,,,,,INSUFFICIENT_DATA,provisional_structured,,,,,,,,,
SID,Công ty Cổ phần Đầu tư Phát triển Sài Gòn Co.op,BLOCKED_INSUFFICIENT_MARKET_DATA,REJECTED,True,False,PROVISIONAL_PRIMARY_ONLY,PROVISIONAL_LOW,NOT_AVAILABLE,NEEDS_MANUAL_BCTC_REVIEW,"[""avg_volume_20d"", ""capex"", ""cfo"", ""equity"", ""gross_profit"", ""last_close"", ""last_price_date"", ""net_income"", ""revenue"", ""total_assets"", ""total_liabilities""]","[""Primary market data missing or incomplete.""]",Primary market data missing or incomplete.,,,,,,,,,INSUFFICIENT_DATA,provisional_structured,,,,,,,,,
SIG,Công ty Cổ phần Đầu tư và Thương mại Sông Đà,BLOCKED_INSUFFICIENT_MARKET_DATA,REJECTED,True,False,PROVISIONAL_PRIMARY_ONLY,PROVISIONAL_LOW,NOT_AVAILABLE,NEEDS_MANUAL_BCTC_REVIEW,"[""avg_volume_20d"", ""capex"", ""cfo"", ""equity"", ""gross_profit"", ""last_close"", ""last_price_date"", ""net_income"", ""revenue"", ""total_assets"", ""total_liabilities""]","[""Primary market data missing or incomplete.""]",Primary market data missing or incomplete.,,,,,,,,,INSUFFICIENT_DATA,provisional_structured,,,,,,,,,
SII,Công ty Cổ phần Hạ tầng Nước Sài Gòn,BLOCKED_INSUFFICIENT_MARKET_DATA,REJECTED,True,False,PROVISIONAL_PRIMARY_ONLY,PROVISIONAL_LOW,NOT_AVAILABLE,NEEDS_MANUAL_BCTC_REVIEW,"[""avg_volume_20d"", ""capex"", ""cfo"", ""equity"", ""gross_profit"", ""last_close"", ""last_price_date"", ""net_income"", ""revenue"", ""total_assets"", ""total_liabilities""]","[""Primary market data missing or incomplete.""]",Primary market data missing or incomplete.,,,,,,,,,INSUFFICIENT_DATA,provisional_structured,,,,,,,,,
SIP,Công ty Cổ phần Đầu tư Sài Gòn VRG,BLOCKED_INSUFFICIENT_MARKET_DATA,REJECTED,True,False,PROVISIONAL_PRIMARY_ONLY,PROVISIONAL_LOW,NOT_AVAILABLE,NEEDS_MANUAL_BCTC_REVIEW,"[""avg_volume_20d"", ""capex"", ""cfo"", ""equity"", ""gross_profit"", ""last_close"", ""last_price_date"", ""net_income"", ""revenue"", ""total_assets"", ""total_liabilities""]","[""Primary market data missing or incomplete.""]",Primary market data missing or incomplete.,,,,,,,,,INSUFFICIENT_DATA,provisional_structured,,,,,,,,,
SIV,Công ty Cổ phần SIVICO,BLOCKED_INSUFFICIENT_MARKET_DATA,REJECTED,True,False,PROVISIONAL_PRIMARY_ONLY,PROVISIONAL_LOW,NOT_AVAILABLE,NEEDS_MANUAL_BCTC_REVIEW,"[""avg_volume_20d"", ""capex"", ""cfo"", ""equity"", ""gross_profit"", ""last_close"", ""last_price_date"", ""net_income"", ""revenue"", ""total_assets"", ""total_liabilities""]","[""Primary market data missing or incomplete.""]",Primary market data missing or incomplete.,,,,,,,,,INSUFFICIENT_DATA,provisional_structured,,,,,,,,,
SJ1,Công ty Cổ phần Nông nghiệp Hùng Hậu,BLOCKED_INSUFFICIENT_MARKET_DATA,REJECTED,True,False,PROVISIONAL_PRIMARY_ONLY,PROVISIONAL_LOW,NOT_AVAILABLE,NEEDS_MANUAL_BCTC_REVIEW,"[""avg_volume_20d"", ""capex"", ""cfo"", ""equity"", ""gross_profit"", ""last_close"", ""last_price_date"", ""net_income"", ""revenue"", ""total_assets"", ""total_liabilities""]","[""Primary market data missing or incomplete.""]",Primary market data missing or incomplete.,,,,,,,,,INSUFFICIENT_DATA,provisional_structured,,,,,,,,,
SJC,Công ty Cổ phần Sông Đà 1.01,BLOCKED_INSUFFICIENT_MARKET_DATA,REJECTED,True,False,PROVISIONAL_PRIMARY_ONLY,PROVISIONAL_LOW,NOT_AVAILABLE,NEEDS_MANUAL_BCTC_REVIEW,"[""avg_volume_20d"", ""capex"", ""cfo"", ""equity"", ""gross_profit"", ""last_close"", ""last_price_date"", ""net_income"", ""revenue"", ""total_assets"", ""total_liabilities""]","[""Primary market data missing or incomplete.""]",Primary market data missing or incomplete.,,,,,,,,,INSUFFICIENT_DATA,provisional_structured,,,,,,,,,
SJD,Công ty Cổ phần Thủy điện Cần Đơn,BLOCKED_INSUFFICIENT_MARKET_DATA,REJECTED,True,False,PROVISIONAL_PRIMARY_ONLY,PROVISIONAL_LOW,NOT_AVAILABLE,NEEDS_MANUAL_BCTC_REVIEW,"[""avg_volume_20d"", ""capex"", ""cfo"", ""equity"", ""gross_profit"", ""last_close"", ""last_price_date"", ""net_income"", ""revenue"", ""total_assets"", ""total_liabilities""]","[""Primary market data missing or incomplete.""]",Primary market data missing or incomplete.,,,,,,,,,INSUFFICIENT_DATA,provisional_structured,,,,,,,,,
SJE,Công ty Cổ phần Sông Đà 11,BLOCKED_INSUFFICIENT_MARKET_DATA,REJECTED,True,False,PROVISIONAL_PRIMARY_ONLY,PROVISIONAL_LOW,NOT_AVAILABLE,NEEDS_MANUAL_BCTC_REVIEW,"[""avg_volume_20d"", ""capex"", ""cfo"", ""equity"", ""gross_profit"", ""last_close"", ""last_price_date"", ""net_income"", ""revenue"", ""total_assets"", ""total_liabilities""]","[""Primary market data missing or incomplete.""]",Primary market data missing or incomplete.,,,,,,,,,INSUFFICIENT_DATA,provisional_structured,,,,,,,,,
SJF,Công ty Cổ phần Đầu tư Sao Thái Dương,BLOCKED_INSUFFICIENT_MARKET_DATA,REJECTED,True,False,PROVISIONAL_PRIMARY_ONLY,PROVISIONAL_LOW,NOT_AVAILABLE,NEEDS_MANUAL_BCTC_REVIEW,"[""avg_volume_20d"", ""capex"", ""cfo"", ""equity"", ""gross_profit"", ""last_close"", ""last_price_date"", ""net_income"", ""revenue"", ""total_assets"", ""total_liabilities""]","[""Primary market data missing or incomplete.""]",Primary market data missing or incomplete.,,,,,,,,,INSUFFICIENT_DATA,provisional_structured,,,,,,,,,
SJG,Tổng Công ty Sông Đà,BLOCKED_INSUFFICIENT_MARKET_DATA,REJECTED,True,False,PROVISIONAL_PRIMARY_ONLY,PROVISIONAL_LOW,NOT_AVAILABLE,NEEDS_MANUAL_BCTC_REVIEW,"[""avg_volume_20d"", ""capex"", ""cfo"", ""equity"", ""gross_profit"", ""last_close"", ""last_price_date"", ""net_income"", ""revenue"", ""total_assets"", ""total_liabilities""]","[""Primary market data missing or incomplete.""]",Primary market data missing or incomplete.,,,,,,,,,INSUFFICIENT_DATA,provisional_structured,,,,,,,,,
SJM,Công ty Cổ phần Sunspace Holdings,BLOCKED_INSUFFICIENT_MARKET_DATA,REJECTED,True,False,PROVISIONAL_PRIMARY_ONLY,PROVISIONAL_LOW,NOT_AVAILABLE,NEEDS_MANUAL_BCTC_REVIEW,"[""avg_volume_20d"", ""capex"", ""cfo"", ""equity"", ""gross_profit"", ""last_close"", ""last_price_date"", ""net_income"", ""revenue"", ""total_assets"", ""total_liabilities""]","[""Primary market data missing or incomplete.""]",Primary market data missing or incomplete.,,,,,,,,,INSUFFICIENT_DATA,provisional_structured,,,,,,,,,
SJS,Công ty Cổ phần SJ Group,BLOCKED_INSUFFICIENT_MARKET_DATA,REJECTED,True,False,PROVISIONAL_PRIMARY_ONLY,PROVISIONAL_LOW,NOT_AVAILABLE,NEEDS_MANUAL_BCTC_REVIEW,"[""avg_volume_20d"", ""capex"", ""cfo"", ""equity"", ""gross_profit"", ""last_close"", ""last_price_date"", ""net_income"", ""revenue"", ""total_assets"", ""total_liabilities""]","[""Primary market data missing or incomplete.""]",Primary market data missing or incomplete.,,,,,,,,,INSUFFICIENT_DATA,provisional_structured,,,,,,,,,
SKG,Công ty Cổ phần Tàu Cao tốc Superdong - Kiên Giang,BLOCKED_INSUFFICIENT_MARKET_DATA,REJECTED,True,False,PROVISIONAL_PRIMARY_ONLY,PROVISIONAL_LOW,NOT_AVAILABLE,NEEDS_MANUAL_BCTC_REVIEW,"[""avg_volume_20d"", ""capex"", ""cfo"", ""equity"", ""gross_profit"", ""last_close"", ""last_price_date"", ""net_income"", ""revenue"", ""total_assets"", ""total_liabilities""]","[""Primary market data missing or incomplete.""]",Primary market data missing or incomplete.,,,,,,,,,INSUFFICIENT_DATA,provisional_structured,,,,,,,,,
SKH,Công ty Cổ phần Nước giải khát Sanest Khánh Hòa,BLOCKED_INSUFFICIENT_MARKET_DATA,REJECTED,True,False,PROVISIONAL_PRIMARY_ONLY,PROVISIONAL_LOW,NOT_AVAILABLE,NEEDS_MANUAL_BCTC_REVIEW,"[""avg_volume_20d"", ""capex"", ""cfo"", ""equity"", ""gross_profit"", ""last_close"", ""last_price_date"", ""net_income"", ""revenue"", ""total_assets"", ""total_liabilities""]","[""Primary market data missing or incomplete.""]",Primary market data missing or incomplete.,,,,,,,,,INSUFFICIENT_DATA,provisional_structured,,,,,,,,,
SKN,Công ty Cổ phần Nước giải khát Sanna Khánh Hòa,BLOCKED_INSUFFICIENT_MARKET_DATA,REJECTED,True,False,PROVISIONAL_PRIMARY_ONLY,PROVISIONAL_LOW,NOT_AVAILABLE,NEEDS_MANUAL_BCTC_REVIEW,"[""avg_volume_20d"", ""capex"", ""cfo"", ""equity"", ""gross_profit"", ""last_close"", ""last_price_date"", ""net_income"", ""revenue"", ""total_assets"", ""total_liabilities""]","[""Primary market data missing or incomplete.""]",Primary market data missing or incomplete.,,,,,,,,,INSUFFICIENT_DATA,provisional_structured,,,,,,,,,
SKV,Công ty Cổ phần Nước Giải khát Yến sào Khánh Hòa,BLOCKED_INSUFFICIENT_MARKET_DATA,REJECTED,True,False,PROVISIONAL_PRIMARY_ONLY,PROVISIONAL_LOW,NOT_AVAILABLE,NEEDS_MANUAL_BCTC_REVIEW,"[""avg_volume_20d"", ""capex"", ""cfo"", ""equity"", ""gross_profit"", ""last_close"", ""last_price_date"", ""net_income"", ""revenue"", ""total_assets"", ""total_liabilities""]","[""Primary market data missing or incomplete.""]",Primary market data missing or incomplete.,,,,,,,,,INSUFFICIENT_DATA,provisional_structured,,,,,,,,,
SLD,Công ty Cổ phần Địa Ốc Sacom,BLOCKED_INSUFFICIENT_MARKET_DATA,REJECTED,True,False,PROVISIONAL_PRIMARY_ONLY,PROVISIONAL_LOW,NOT_AVAILABLE,NEEDS_MANUAL_BCTC_REVIEW,"[""avg_volume_20d"", ""capex"", ""cfo"", ""equity"", ""gross_profit"", ""last_close"", ""last_price_date"", ""net_income"", ""revenue"", ""total_assets"", ""total_liabilities""]","[""Primary market data missing or incomplete.""]",Primary market data missing or incomplete.,,,,,,,,,INSUFFICIENT_DATA,provisional_structured,,,,,,,,,
SLS,Công ty Cổ phần Mía đường Sơn La,BLOCKED_INSUFFICIENT_MARKET_DATA,REJECTED,True,False,PROVISIONAL_PRIMARY_ONLY,PROVISIONAL_LOW,NOT_AVAILABLE,NEEDS_MANUAL_BCTC_REVIEW,"[""avg_volume_20d"", ""capex"", ""cfo"", ""equity"", ""gross_profit"", ""last_close"", ""last_price_date"", ""net_income"", ""revenue"", ""total_assets"", ""total_liabilities""]","[""Primary market data missing or incomplete.""]",Primary market data missing or incomplete.,,,,,,,,,INSUFFICIENT_DATA,provisional_structured,,,,,,,,,
SMA,Công ty Cổ phần Thiết bị Phụ tùng Sài Gòn,BLOCKED_INSUFFICIENT_MARKET_DATA,REJECTED,True,False,PROVISIONAL_PRIMARY_ONLY,PROVISIONAL_LOW,NOT_AVAILABLE,NEEDS_MANUAL_BCTC_REVIEW,"[""avg_volume_20d"", ""capex"", ""cfo"", ""equity"", ""gross_profit"", ""last_close"", ""last_price_date"", ""net_income"", ""revenue"", ""total_assets"", ""total_liabilities""]","[""Primary market data missing or incomplete.""]",Primary market data missing or incomplete.,,,,,,,,,INSUFFICIENT_DATA,provisional_structured,,,,,,,,,
SMB,Công ty Cổ phần Bia Sài Gòn - Miền Trung,BLOCKED_INSUFFICIENT_MARKET_DATA,REJECTED,True,False,PROVISIONAL_PRIMARY_ONLY,PROVISIONAL_LOW,NOT_AVAILABLE,NEEDS_MANUAL_BCTC_REVIEW,"[""avg_volume_20d"", ""capex"", ""cfo"", ""equity"", ""gross_profit"", ""last_close"", ""last_price_date"", ""net_income"", ""revenue"", ""total_assets"", ""total_liabilities""]","[""Primary market data missing or incomplete.""]",Primary market data missing or incomplete.,,,,,,,,,INSUFFICIENT_DATA,provisional_structured,,,,,,,,,
SMC,Công ty Cổ phần Đầu tư Thương mại SMC,BLOCKED_INSUFFICIENT_MARKET_DATA,REJECTED,True,False,PROVISIONAL_PRIMARY_ONLY,PROVISIONAL_LOW,NOT_AVAILABLE,NEEDS_MANUAL_BCTC_REVIEW,"[""avg_volume_20d"", ""capex"", ""cfo"", ""equity"", ""gross_profit"", ""last_close"", ""last_price_date"", ""net_income"", ""revenue"", ""total_assets"", ""total_liabilities""]","[""Primary market data missing or incomplete.""]",Primary market data missing or incomplete.,,,,,,,,,INSUFFICIENT_DATA,provisional_structured,,,,,,,,,
SMN,Công ty Cổ phần Sách và thiết bị giáo dục Miền Nam,BLOCKED_INSUFFICIENT_MARKET_DATA,REJECTED,True,False,PROVISIONAL_PRIMARY_ONLY,PROVISIONAL_LOW,NOT_AVAILABLE,NEEDS_MANUAL_BCTC_REVIEW,"[""avg_volume_20d"", ""capex"", ""cfo"", ""equity"", ""gross_profit"", ""last_close"", ""last_price_date"", ""net_income"", ""revenue"", ""total_assets"", ""total_liabilities""]","[""Primary market data missing or incomplete.""]",Primary market data missing or incomplete.,,,,,,,,,INSUFFICIENT_DATA,provisional_structured,,,,,,,,,
SMT,Công ty Cổ phần SAMETEL,BLOCKED_INSUFFICIENT_MARKET_DATA,REJECTED,True,False,PROVISIONAL_PRIMARY_ONLY,PROVISIONAL_LOW,NOT_AVAILABLE,NEEDS_MANUAL_BCTC_REVIEW,"[""avg_volume_20d"", ""capex"", ""cfo"", ""equity"", ""gross_profit"", ""last_close"", ""last_price_date"", ""net_income"", ""revenue"", ""total_assets"", ""total_liabilities""]","[""Primary market data missing or incomplete.""]",Primary market data missing or incomplete.,,,,,,,,,INSUFFICIENT_DATA,provisional_structured,,,,,,,,,
SNC,Công ty Cổ phần Xuất nhập khẩu Thủy sản Năm Căn,BLOCKED_INSUFFICIENT_MARKET_DATA,REJECTED,True,False,PROVISIONAL_PRIMARY_ONLY,PROVISIONAL_LOW,NOT_AVAILABLE,NEEDS_MANUAL_BCTC_REVIEW,"[""capex"", ""cfo"", ""equity"", ""gross_profit"", ""last_close"", ""last_price_date"", ""net_income"", ""revenue"", ""total_assets"", ""total_liabilities""]","[""Primary market data missing or incomplete.""]",Primary market data missing or incomplete.,,,100.0,,100.0,,,,PARTIAL_PROVISIONAL_DATA,provisional_structured,,,,,,,,,
SNZ,Tổng Công ty Cổ phần Phát triển Khu Công nghiệp,BLOCKED_INSUFFICIENT_MARKET_DATA,REJECTED,True,False,PROVISIONAL_PRIMARY_ONLY,PROVISIONAL_LOW,NOT_AVAILABLE,NEEDS_MANUAL_BCTC_REVIEW,"[""capex"", ""cfo"", ""equity"", ""gross_profit"", ""last_close"", ""last_price_date"", ""net_income"", ""revenue"", ""total_assets"", ""total_liabilities""]","[""Primary market data missing or incomplete.""]",Primary market data missing or incomplete.,,,3570.0,,3570.0,,,,PARTIAL_PROVISIONAL_DATA,provisional_structured,,,,,,,,,
SON,Công ty Cổ phần Cung ứng Nhân lực Quốc tế và Thương mại,BLOCKED_INSUFFICIENT_MARKET_DATA,REJECTED,True,False,PROVISIONAL_PRIMARY_ONLY,PROVISIONAL_LOW,NOT_AVAILABLE,NEEDS_MANUAL_BCTC_REVIEW,"[""capex"", ""cfo"", ""equity"", ""gross_profit"", ""last_close"", ""last_price_date"", ""net_income"", ""revenue"", ""total_assets"", ""total_liabilities""]","[""Primary market data missing or incomplete.""]",Primary market data missing or incomplete.,,,9170.0,,9170.0,,,,PARTIAL_PROVISIONAL_DATA,provisional_structured,,,,,,,,,
SP2,Công ty Cổ phần Thủy điện Sử Pán 2,BLOCKED_INSUFFICIENT_MARKET_DATA,REJECTED,True,False,PROVISIONAL_PRIMARY_ONLY,PROVISIONAL_LOW,NOT_AVAILABLE,NEEDS_MANUAL_BCTC_REVIEW,"[""capex"", ""cfo"", ""equity"", ""gross_profit"", ""last_close"", ""last_price_date"", ""net_income"", ""revenue"", ""total_assets"", ""total_liabilities""]","[""Primary market data missing or incomplete.""]",Primary market data missing or incomplete.,,,5060.0,,5060.0,,,,PARTIAL_PROVISIONAL_DATA,provisional_structured,,,,,,,,,
SPA,Công ty Cổ phần Bao bì Sài Gòn,BLOCKED_INSUFFICIENT_MARKET_DATA,REJECTED,True,False,PROVISIONAL_PRIMARY_ONLY,PROVISIONAL_LOW,NOT_AVAILABLE,NEEDS_MANUAL_BCTC_REVIEW,"[""capex"", ""cfo"", ""equity"", ""gross_profit"", ""last_close"", ""last_price_date"", ""net_income"", ""revenue"", ""total_assets"", ""total_liabilities""]","[""Primary market data missing or incomplete.""]",Primary market data missing or incomplete.,,,30.0,,30.0,,,,PARTIAL_PROVISIONAL_DATA,provisional_structured,,,,,,,,,
SPB,Công ty Cổ phần Sợi Phú Bài,BLOCKED_INSUFFICIENT_MARKET_DATA,REJECTED,True,False,PROVISIONAL_PRIMARY_ONLY,PROVISIONAL_LOW,NOT_AVAILABLE,NEEDS_MANUAL_BCTC_REVIEW,"[""avg_volume_20d"", ""capex"", ""cfo"", ""equity"", ""gross_profit"", ""last_close"", ""last_price_date"", ""net_income"", ""revenue"", ""total_assets"", ""total_liabilities""]","[""Primary market data missing or incomplete.""]",Primary market data missing or incomplete.,,,,,,,,,INSUFFICIENT_DATA,provisional_structured,,,,,,,,,
SPC,Công ty Cổ phần Bảo vệ Thực vật Sài Gòn,BLOCKED_INSUFFICIENT_MARKET_DATA,REJECTED,True,False,PROVISIONAL_PRIMARY_ONLY,PROVISIONAL_LOW,NOT_AVAILABLE,NEEDS_MANUAL_BCTC_REVIEW,"[""avg_volume_20d"", ""capex"", ""cfo"", ""equity"", ""gross_profit"", ""last_close"", ""last_price_date"", ""net_income"", ""revenue"", ""total_assets"", ""total_liabilities""]","[""Primary market data missing or incomplete.""]",Primary market data missing or incomplete.,,,,,,,,,INSUFFICIENT_DATA,provisional_structured,,,,,,,,,
SPD,Công ty Cổ phần Xuất nhập khẩu Thủy sản Miền Trung,BLOCKED_INSUFFICIENT_MARKET_DATA,REJECTED,True,False,PROVISIONAL_PRIMARY_ONLY,PROVISIONAL_LOW,NOT_AVAILABLE,NEEDS_MANUAL_BCTC_REVIEW,"[""avg_volume_20d"", ""capex"", ""cfo"", ""equity"", ""gross_profit"", ""last_close"", ""last_price_date"", ""net_income"", ""revenue"", ""total_assets"", ""total_liabilities""]","[""Primary market data missing or incomplete.""]",Primary market data missing or incomplete.,,,,,,,,,INSUFFICIENT_DATA,provisional_structured,,,,,,,,,
SPH,Công ty Cổ phần Xuất Nhập khẩu Thủy sản Hà Nội,BLOCKED_INSUFFICIENT_MARKET_DATA,REJECTED,True,False,PROVISIONAL_PRIMARY_ONLY,PROVISIONAL_LOW,NOT_AVAILABLE,NEEDS_MANUAL_BCTC_REVIEW,"[""avg_volume_20d"", ""capex"", ""cfo"", ""equity"", ""gross_profit"", ""last_close"", ""last_price_date"", ""net_income"", ""revenue"", ""total_assets"", ""total_liabilities""]","[""Primary market data missing or incomplete.""]",Primary market data missing or incomplete.,,,,,,,,,INSUFFICIENT_DATA,provisional_structured,,,,,,,,,
SPI,Công ty Cổ phần Spiral Galaxy,BLOCKED_INSUFFICIENT_MARKET_DATA,REJECTED,True,False,PROVISIONAL_PRIMARY_ONLY,PROVISIONAL_LOW,NOT_AVAILABLE,NEEDS_MANUAL_BCTC_REVIEW,"[""capex"", ""cfo"", ""equity"", ""gross_profit"", ""last_close"", ""last_price_date"", ""net_income"", ""revenue"", ""total_assets"", ""total_liabilities""]","[""Primary market data missing or incomplete.""]",Primary market data missing or incomplete.,,,25960.0,,25960.0,,,,PARTIAL_PROVISIONAL_DATA,provisional_structured,,,,,,,,,
SPM,Công ty Cổ phần S.P.M,BLOCKED_INSUFFICIENT_MARKET_DATA,REJECTED,True,False,PROVISIONAL_PRIMARY_ONLY,PROVISIONAL_LOW,NOT_AVAILABLE,NEEDS_MANUAL_BCTC_REVIEW,"[""capex"", ""cfo"", ""equity"", ""gross_profit"", ""last_close"", ""last_price_date"", ""net_income"", ""revenue"", ""total_assets"", ""total_liabilities""]","[""Primary market data missing or incomplete.""]",Primary market data missing or incomplete.,,,740.0,,740.0,,,,PARTIAL_PROVISIONAL_DATA,provisional_structured,,,,,,,,,
SPP,Công ty Cổ phần Bao bì Nhựa Sài Gòn,BLOCKED_INSUFFICIENT_MARKET_DATA,REJECTED,True,False,PROVISIONAL_PRIMARY_ONLY,PROVISIONAL_LOW,NOT_AVAILABLE,NEEDS_MANUAL_BCTC_REVIEW,"[""capex"", ""cfo"", ""equity"", ""gross_profit"", ""last_close"", ""last_price_date"", ""net_income"", ""revenue"", ""total_assets"", ""total_liabilities""]","[""Primary market data missing or incomplete.""]",Primary market data missing or incomplete.,,,160315.0,,160315.0,,,,PARTIAL_PROVISIONAL_DATA,provisional_structured,,,,,,,,,
SPV,Công ty Cổ phần Thủy Đặc Sản,BLOCKED_INSUFFICIENT_MARKET_DATA,REJECTED,True,False,PROVISIONAL_PRIMARY_ONLY,PROVISIONAL_LOW,NOT_AVAILABLE,NEEDS_MANUAL_BCTC_REVIEW,"[""capex"", ""cfo"", ""equity"", ""gross_profit"", ""last_close"", ""last_price_date"", ""net_income"", ""revenue"", ""total_assets"", ""total_liabilities""]","[""Primary market data missing or incomplete.""]",Primary market data missing or incomplete.,,,30040.0,,30040.0,,,,PARTIAL_PROVISIONAL_DATA,provisional_structured,,,,,,,,,
SQC,Công ty Cổ phần Khoáng sản Sài Gòn - Quy Nhơn,BLOCKED_INSUFFICIENT_MARKET_DATA,REJECTED,True,False,PROVISIONAL_PRIMARY_ONLY,PROVISIONAL_LOW,NOT_AVAILABLE,NEEDS_MANUAL_BCTC_REVIEW,"[""capex"", ""cfo"", ""equity"", ""gross_profit"", ""last_close"", ""last_price_date"", ""net_income"", ""revenue"", ""total_assets"", ""total_liabilities""]","[""Primary market data missing or incomplete.""]",Primary market data missing or incomplete.,,,40.0,,40.0,,,,PARTIAL_PROVISIONAL_DATA,provisional_structured,,,,,,,,,
SRA,Công ty Cổ phần SARA Việt Nam,BLOCKED_INSUFFICIENT_MARKET_DATA,REJECTED,True,False,PROVISIONAL_PRIMARY_ONLY,PROVISIONAL_LOW,NOT_AVAILABLE,NEEDS_MANUAL_BCTC_REVIEW,"[""capex"", ""cfo"", ""equity"", ""gross_profit"", ""last_close"", ""last_price_date"", ""net_income"", ""revenue"", ""total_assets"", ""total_liabilities""]","[""Primary market data missing or incomplete.""]",Primary market data missing or incomplete.,,,68230.0,,68230.0,,,,PARTIAL_PROVISIONAL_DATA,provisional_structured,,,,,,,,,
SRB,Công ty Cổ phần Tập đoàn Sara,BLOCKED_INSUFFICIENT_MARKET_DATA,REJECTED,True,False,PROVISIONAL_PRIMARY_ONLY,PROVISIONAL_LOW,NOT_AVAILABLE,NEEDS_MANUAL_BCTC_REVIEW,"[""capex"", ""cfo"", ""equity"", ""gross_profit"", ""last_close"", ""last_price_date"", ""net_income"", ""revenue"", ""total_assets"", ""total_liabilities""]","[""Primary market data missing or incomplete.""]",Primary market data missing or incomplete.,,,14390.0,,14390.0,,,,PARTIAL_PROVISIONAL_DATA,provisional_structured,,,,,,,,,
SRC,Công ty Cổ phần Cao su Sao Vàng,BLOCKED_INSUFFICIENT_MARKET_DATA,REJECTED,True,False,PROVISIONAL_PRIMARY_ONLY,PROVISIONAL_LOW,NOT_AVAILABLE,NEEDS_MANUAL_BCTC_REVIEW,"[""avg_volume_20d"", ""capex"", ""cfo"", ""equity"", ""gross_profit"", ""last_close"", ""last_price_date"", ""net_income"", ""revenue"", ""total_assets"", ""total_liabilities""]","[""Primary market data missing or incomplete.""]",Primary market data missing or incomplete.,,,,,,,,,INSUFFICIENT_DATA,provisional_structured,,,,,,,,,
SRF,Công ty Cổ phần Searefico,BLOCKED_INSUFFICIENT_MARKET_DATA,REJECTED,True,False,PROVISIONAL_PRIMARY_ONLY,PROVISIONAL_LOW,NOT_AVAILABLE,NEEDS_MANUAL_BCTC_REVIEW,"[""avg_volume_20d"", ""capex"", ""cfo"", ""equity"", ""gross_profit"", ""last_close"", ""last_price_date"", ""net_income"", ""revenue"", ""total_assets"", ""total_liabilities""]","[""Primary market data missing or incomplete.""]",Primary market data missing or incomplete.,,,,,,,,,INSUFFICIENT_DATA,provisional_structured,,,,,,,,,
SRT,Công ty Cổ phần Vận tải Đường sắt Sài Gòn,BLOCKED_INSUFFICIENT_MARKET_DATA,REJECTED,True,False,PROVISIONAL_PRIMARY_ONLY,PROVISIONAL_LOW,NOT_AVAILABLE,NEEDS_MANUAL_BCTC_REVIEW,"[""avg_volume_20d"", ""capex"", ""cfo"", ""equity"", ""gross_profit"", ""last_close"", ""last_price_date"", ""net_income"", ""revenue"", ""total_assets"", ""total_liabilities""]","[""Primary market data missing or incomplete.""]",Primary market data missing or incomplete.,,,,,,,,,INSUFFICIENT_DATA,provisional_structured,,,,,,,,,
SSB,Ngân hàng Thương mại Cổ phần Đông Nam Á,BLOCKED_INSUFFICIENT_MARKET_DATA,REJECTED,True,False,PROVISIONAL_PRIMARY_ONLY,PROVISIONAL_LOW,NOT_AVAILABLE,NEEDS_MANUAL_BCTC_REVIEW,"[""avg_volume_20d"", ""capex"", ""cfo"", ""equity"", ""gross_profit"", ""last_close"", ""last_price_date"", ""net_income"", ""revenue"", ""total_assets"", ""total_liabilities""]","[""Primary market data missing or incomplete.""]",Primary market data missing or incomplete.,,,,,,,,,INSUFFICIENT_DATA,provisional_structured,,,,,,,,,
SSC,Công ty Cổ phần Giống cây trồng Miền Nam,BLOCKED_INSUFFICIENT_MARKET_DATA,REJECTED,True,False,PROVISIONAL_PRIMARY_ONLY,PROVISIONAL_LOW,NOT_AVAILABLE,NEEDS_MANUAL_BCTC_REVIEW,"[""avg_volume_20d"", ""capex"", ""cfo"", ""equity"", ""gross_profit"", ""last_close"", ""last_price_date"", ""net_income"", ""revenue"", ""total_assets"", ""total_liabilities""]","[""Primary market data missing or incomplete.""]",Primary market data missing or incomplete.,,,,,,,,,INSUFFICIENT_DATA,provisional_structured,,,,,,,,,
SSF,Công ty Cổ phần Giáo dục G Sài Gòn,BLOCKED_INSUFFICIENT_MARKET_DATA,REJECTED,True,False,PROVISIONAL_PRIMARY_ONLY,PROVISIONAL_LOW,NOT_AVAILABLE,NEEDS_MANUAL_BCTC_REVIEW,"[""avg_volume_20d"", ""capex"", ""cfo"", ""equity"", ""gross_profit"", ""last_close"", ""last_price_date"", ""net_income"", ""revenue"", ""total_assets"", ""total_liabilities""]","[""Primary market data missing or incomplete.""]",Primary market data missing or incomplete.,,,,,,,,,INSUFFICIENT_DATA,provisional_structured,,,,,,,,,
SSG,Công ty Cổ phần Vận tải Biển Hải Âu,BLOCKED_INSUFFICIENT_MARKET_DATA,REJECTED,True,False,PROVISIONAL_PRIMARY_ONLY,PROVISIONAL_LOW,NOT_AVAILABLE,NEEDS_MANUAL_BCTC_REVIEW,"[""avg_volume_20d"", ""capex"", ""cfo"", ""equity"", ""gross_profit"", ""last_close"", ""last_price_date"", ""net_income"", ""revenue"", ""total_assets"", ""total_liabilities""]","[""Primary market data missing or incomplete.""]",Primary market data missing or incomplete.,,,,,,,,,INSUFFICIENT_DATA,provisional_structured,,,,,,,,,
SSH,Công ty Cổ phần Phát triển Sunshine Homes,BLOCKED_INSUFFICIENT_MARKET_DATA,REJECTED,True,False,PROVISIONAL_PRIMARY_ONLY,PROVISIONAL_LOW,NOT_AVAILABLE,NEEDS_MANUAL_BCTC_REVIEW,"[""avg_volume_20d"", ""capex"", ""cfo"", ""equity"", ""gross_profit"", ""last_close"", ""last_price_date"", ""net_income"", ""revenue"", ""total_assets"", ""total_liabilities""]","[""Primary market data missing or incomplete.""]",Primary market data missing or incomplete.,,,,,,,,,INSUFFICIENT_DATA,provisional_structured,,,,,,,,,
SSI,Công ty Cổ phần Chứng khoán SSI,BLOCKED_INSUFFICIENT_MARKET_DATA,REJECTED,True,False,PROVISIONAL_PRIMARY_ONLY,PROVISIONAL_LOW,NOT_AVAILABLE,NEEDS_MANUAL_BCTC_REVIEW,"[""avg_volume_20d"", ""capex"", ""cfo"", ""equity"", ""gross_profit"", ""last_close"", ""last_price_date"", ""net_income"", ""revenue"", ""total_assets"", ""total_liabilities""]","[""Primary market data missing or incomplete.""]",Primary market data missing or incomplete.,,,,,,,,,INSUFFICIENT_DATA,provisional_structured,,,,,,,,,
SSM,Công ty Cổ phần Chế tạo kết cấu thép VNECO.SSM,BLOCKED_INSUFFICIENT_MARKET_DATA,REJECTED,True,False,PROVISIONAL_PRIMARY_ONLY,PROVISIONAL_LOW,NOT_AVAILABLE,NEEDS_MANUAL_BCTC_REVIEW,"[""avg_volume_20d"", ""capex"", ""cfo"", ""equity"", ""gross_profit"", ""last_close"", ""last_price_date"", ""net_income"", ""revenue"", ""total_assets"", ""total_liabilities""]","[""Primary market data missing or incomplete.""]",Primary market data missing or incomplete.,,,,,,,,,INSUFFICIENT_DATA,provisional_structured,,,,,,,,,
SSN,Công ty Cổ phần Xuất nhập khẩu Thủy sản Sài Gòn,BLOCKED_INSUFFICIENT_MARKET_DATA,REJECTED,True,False,PROVISIONAL_PRIMARY_ONLY,PROVISIONAL_LOW,NOT_AVAILABLE,NEEDS_MANUAL_BCTC_REVIEW,"[""avg_volume_20d"", ""capex"", ""cfo"", ""equity"", ""gross_profit"", ""last_close"", ""last_price_date"", ""net_income"", ""revenue"", ""total_assets"", ""total_liabilities""]","[""Primary market data missing or incomplete.""]",Primary market data missing or incomplete.,,,,,,,,,INSUFFICIENT_DATA,provisional_structured,,,,,,,,,
SSU,Công ty Cổ phần Môi trường Đô thị Sóc Sơn,BLOCKED_INSUFFICIENT_MARKET_DATA,REJECTED,True,False,PROVISIONAL_PRIMARY_ONLY,PROVISIONAL_LOW,NOT_AVAILABLE,NEEDS_MANUAL_BCTC_REVIEW,"[""avg_volume_20d"", ""capex"", ""cfo"", ""equity"", ""gross_profit"", ""last_close"", ""last_price_date"", ""net_income"", ""revenue"", ""total_assets"", ""total_liabilities""]","[""Primary market data missing or incomplete.""]",Primary market data missing or incomplete.,,,,,,,,,INSUFFICIENT_DATA,provisional_structured,,,,,,,,,
ST8,Công ty Cổ phần Tập đoàn ST8,BLOCKED_INSUFFICIENT_MARKET_DATA,REJECTED,True,False,PROVISIONAL_PRIMARY_ONLY,PROVISIONAL_LOW,NOT_AVAILABLE,NEEDS_MANUAL_BCTC_REVIEW,"[""avg_volume_20d"", ""capex"", ""cfo"", ""equity"", ""gross_profit"", ""last_close"", ""last_price_date"", ""net_income"", ""revenue"", ""total_assets"", ""total_liabilities""]","[""Primary market data missing or incomplete.""]",Primary market data missing or incomplete.,,,,,,,,,INSUFFICIENT_DATA,provisional_structured,,,,,,,,,
STB,Ngân hàng Thương mại Cổ phần Sài Gòn Thương Tín,BLOCKED_INSUFFICIENT_MARKET_DATA,REJECTED,True,False,PROVISIONAL_PRIMARY_ONLY,PROVISIONAL_LOW,NOT_AVAILABLE,NEEDS_MANUAL_BCTC_REVIEW,"[""avg_volume_20d"", ""capex"", ""cfo"", ""equity"", ""gross_profit"", ""last_close"", ""last_price_date"", ""net_income"", ""revenue"", ""total_assets"", ""total_liabilities""]","[""Primary market data missing or incomplete.""]",Primary market data missing or incomplete.,,,,,,,,,INSUFFICIENT_DATA,provisional_structured,,,,,,,,,
STC,Công ty Cổ phần Sách và Thiết bị trường học Thành phố Hồ Chí Minh,BLOCKED_INSUFFICIENT_MARKET_DATA,REJECTED,True,False,PROVISIONAL_PRIMARY_ONLY,PROVISIONAL_LOW,NOT_AVAILABLE,NEEDS_MANUAL_BCTC_REVIEW,"[""avg_volume_20d"", ""capex"", ""cfo"", ""equity"", ""gross_profit"", ""last_close"", ""last_price_date"", ""net_income"", ""revenue"", ""total_assets"", ""total_liabilities""]","[""Primary market data missing or incomplete.""]",Primary market data missing or incomplete.,,,,,,,,,INSUFFICIENT_DATA,provisional_structured,,,,,,,,,
STD,Công ty Cổ phần Bia - Nước giải khát Sài Gòn - Tây Đô,BLOCKED_INSUFFICIENT_MARKET_DATA,REJECTED,True,False,PROVISIONAL_PRIMARY_ONLY,PROVISIONAL_LOW,NOT_AVAILABLE,NEEDS_MANUAL_BCTC_REVIEW,"[""avg_volume_20d"", ""capex"", ""cfo"", ""equity"", ""gross_profit"", ""last_close"", ""last_price_date"", ""net_income"", ""revenue"", ""total_assets"", ""total_liabilities""]","[""Primary market data missing or incomplete.""]",Primary market data missing or incomplete.,,,,,,,,,INSUFFICIENT_DATA,provisional_structured,,,,,,,,,
STG,Công ty Cổ phần Kho Vận Miền Nam,BLOCKED_INSUFFICIENT_MARKET_DATA,REJECTED,True,False,PROVISIONAL_PRIMARY_ONLY,PROVISIONAL_LOW,NOT_AVAILABLE,NEEDS_MANUAL_BCTC_REVIEW,"[""capex"", ""cfo"", ""equity"", ""gross_profit"", ""last_close"", ""last_price_date"", ""net_income"", ""revenue"", ""total_assets"", ""total_liabilities""]","[""Primary market data missing or incomplete.""]",Primary market data missing or incomplete.,,,260.0,,260.0,,,,PARTIAL_PROVISIONAL_DATA,provisional_structured,,,,,,,,,
STH,Công ty Cổ phần STH Holdings,BLOCKED_INSUFFICIENT_MARKET_DATA,REJECTED,True,False,PROVISIONAL_PRIMARY_ONLY,PROVISIONAL_LOW,NOT_AVAILABLE,NEEDS_MANUAL_BCTC_REVIEW,"[""capex"", ""cfo"", ""equity"", ""gross_profit"", ""last_close"", ""last_price_date"", ""net_income"", ""revenue"", ""total_assets"", ""total_liabilities""]","[""Primary market data missing or incomplete.""]",Primary market data missing or incomplete.,,,198840.0,,198840.0,,,,PARTIAL_PROVISIONAL_DATA,provisional_structured,,,,,,,,,
STK,Công ty Cổ phần Sợi Thế Kỷ,BLOCKED_INSUFFICIENT_MARKET_DATA,REJECTED,True,False,PROVISIONAL_PRIMARY_ONLY,PROVISIONAL_LOW,NOT_AVAILABLE,NEEDS_MANUAL_BCTC_REVIEW,"[""capex"", ""cfo"", ""equity"", ""gross_profit"", ""last_close"", ""last_price_date"", ""net_income"", ""revenue"", ""total_assets"", ""total_liabilities""]","[""Primary market data missing or incomplete.""]",Primary market data missing or incomplete.,,,12270.0,,12270.0,,,,PARTIAL_PROVISIONAL_DATA,provisional_structured,,,,,,,,,
STL,Công ty Cổ phần Sông Đà - Thăng Long,BLOCKED_INSUFFICIENT_MARKET_DATA,REJECTED,True,False,PROVISIONAL_PRIMARY_ONLY,PROVISIONAL_LOW,NOT_AVAILABLE,NEEDS_MANUAL_BCTC_REVIEW,"[""avg_volume_20d"", ""capex"", ""cfo"", ""equity"", ""gross_profit"", ""last_close"", ""last_price_date"", ""net_income"", ""revenue"", ""total_assets"", ""total_liabilities""]","[""Primary market data missing or incomplete.""]",Primary market data missing or incomplete.,,,,,,,,,INSUFFICIENT_DATA,provisional_structured,,,,,,,,,
STP,Công ty Cổ phần Công nghiệp Thương mại Sông Đà,BLOCKED_INSUFFICIENT_MARKET_DATA,REJECTED,True,False,PROVISIONAL_PRIMARY_ONLY,PROVISIONAL_LOW,NOT_AVAILABLE,NEEDS_MANUAL_BCTC_REVIEW,"[""capex"", ""cfo"", ""equity"", ""gross_profit"", ""last_close"", ""last_price_date"", ""net_income"", ""revenue"", ""total_assets"", ""total_liabilities""]","[""Primary market data missing or incomplete.""]",Primary market data missing or incomplete.,,,1980.0,,1980.0,,,,PARTIAL_PROVISIONAL_DATA,provisional_structured,,,,,,,,,
STS,Công ty Cổ phần Dịch vụ vận tải Sài Gòn,BLOCKED_INSUFFICIENT_MARKET_DATA,REJECTED,True,False,PROVISIONAL_PRIMARY_ONLY,PROVISIONAL_LOW,NOT_AVAILABLE,NEEDS_MANUAL_BCTC_REVIEW,"[""avg_volume_20d"", ""capex"", ""cfo"", ""equity"", ""gross_profit"", ""last_close"", ""last_price_date"", ""net_income"", ""revenue"", ""total_assets"", ""total_liabilities""]","[""Primary market data missing or incomplete.""]",Primary market data missing or incomplete.,,,,,,,,,INSUFFICIENT_DATA,provisional_structured,,,,,,,,,
STT,Công ty Cổ phần Vận chuyển Sài Gòn Tourist,BLOCKED_INSUFFICIENT_MARKET_DATA,REJECTED,True,False,PROVISIONAL_PRIMARY_ONLY,PROVISIONAL_LOW,NOT_AVAILABLE,NEEDS_MANUAL_BCTC_REVIEW,"[""capex"", ""cfo"", ""equity"", ""gross_profit"", ""last_close"", ""last_price_date"", ""net_income"", ""revenue"", ""total_assets"", ""total_liabilities""]","[""Primary market data missing or incomplete.""]",Primary market data missing or incomplete.,,,420.0,,420.0,,,,PARTIAL_PROVISIONAL_DATA,provisional_structured,,,,,,,,,
STW,Công ty Cổ phần Cấp nước Sóc Trăng,BLOCKED_INSUFFICIENT_MARKET_DATA,REJECTED,True,False,PROVISIONAL_PRIMARY_ONLY,PROVISIONAL_LOW,NOT_AVAILABLE,NEEDS_MANUAL_BCTC_REVIEW,"[""avg_volume_20d"", ""capex"", ""cfo"", ""equity"", ""gross_profit"", ""last_close"", ""last_price_date"", ""net_income"", ""revenue"", ""total_assets"", ""total_liabilities""]","[""Primary market data missing or incomplete.""]",Primary market data missing or incomplete.,,,,,,,,,INSUFFICIENT_DATA,provisional_structured,,,,,,,,,
SVC,Công ty Cổ phần Dịch vụ tổng hợp Sài Gòn,BLOCKED_INSUFFICIENT_MARKET_DATA,REJECTED,True,False,PROVISIONAL_PRIMARY_ONLY,PROVISIONAL_LOW,NOT_AVAILABLE,NEEDS_MANUAL_BCTC_REVIEW,"[""capex"", ""cfo"", ""equity"", ""gross_profit"", ""last_close"", ""last_price_date"", ""net_income"", ""revenue"", ""total_assets"", ""total_liabilities""]","[""Primary market data missing or incomplete.""]",Primary market data missing or incomplete.,,,4280.0,,4280.0,,,,PARTIAL_PROVISIONAL_DATA,provisional_structured,,,,,,,,,
SVD,Công ty Cổ phần Đầu tư & Thương mại Vũ Đăng,BLOCKED_INSUFFICIENT_MARKET_DATA,REJECTED,True,False,PROVISIONAL_PRIMARY_ONLY,PROVISIONAL_LOW,NOT_AVAILABLE,NEEDS_MANUAL_BCTC_REVIEW,"[""capex"", ""cfo"", ""equity"", ""gross_profit"", ""last_price_date"", ""net_income"", ""revenue"", ""total_assets"", ""total_liabilities""]","[""Primary market data missing or incomplete.""]",Primary market data missing or incomplete.,,4.3,36280.0,,36280.0,156004.0,,,PARTIAL_PROVISIONAL_DATA,provisional_structured,,,,,,,,,
SVG,Công ty Cổ phần Hơi kỹ nghệ Que hàn,BLOCKED_INSUFFICIENT_MARKET_DATA,REJECTED,True,False,PROVISIONAL_PRIMARY_ONLY,PROVISIONAL_LOW,NOT_AVAILABLE,NEEDS_MANUAL_BCTC_REVIEW,"[""capex"", ""cfo"", ""equity"", ""gross_profit"", ""last_close"", ""last_price_date"", ""net_income"", ""revenue"", ""total_assets"", ""total_liabilities""]","[""Primary market data missing or incomplete.""]",Primary market data missing or incomplete.,,,30.0,,30.0,,,,PARTIAL_PROVISIONAL_DATA,provisional_structured,,,,,,,,,
SVH,Công ty Cổ phần Thủy điện Sông Vàng,BLOCKED_INSUFFICIENT_MARKET_DATA,REJECTED,True,False,PROVISIONAL_PRIMARY_ONLY,PROVISIONAL_LOW,NOT_AVAILABLE,NEEDS_MANUAL_BCTC_REVIEW,"[""avg_volume_20d"", ""capex"", ""cfo"", ""equity"", ""gross_profit"", ""last_close"", ""last_price_date"", ""net_income"", ""revenue"", ""total_assets"", ""total_liabilities""]","[""Primary market data missing or incomplete.""]",Primary market data missing or incomplete.,,,,,,,,,INSUFFICIENT_DATA,provisional_structured,,,,,,,,,
SVI,Công ty Cổ phần Bao bì Biên Hòa,BLOCKED_INSUFFICIENT_MARKET_DATA,REJECTED,True,False,PROVISIONAL_PRIMARY_ONLY,PROVISIONAL_LOW,NOT_AVAILABLE,NEEDS_MANUAL_BCTC_REVIEW,"[""capex"", ""cfo"", ""equity"", ""gross_profit"", ""last_close"", ""last_price_date"", ""net_income"", ""revenue"", ""total_assets"", ""total_liabilities""]","[""Primary market data missing or incomplete.""]",Primary market data missing or incomplete.,,,2900.0,,2900.0,,,,PARTIAL_PROVISIONAL_DATA,provisional_structured,,,,,,,,,
SVL,Công ty Cổ phần Nhân lực Quốc tế Sovilaco,BLOCKED_INSUFFICIENT_MARKET_DATA,REJECTED,True,False,PROVISIONAL_PRIMARY_ONLY,PROVISIONAL_LOW,NOT_AVAILABLE,NEEDS_MANUAL_BCTC_REVIEW,"[""avg_volume_20d"", ""capex"", ""cfo"", ""equity"", ""gross_profit"", ""last_close"", ""last_price_date"", ""net_income"", ""revenue"", ""total_assets"", ""total_liabilities""]","[""Primary market data missing or incomplete.""]",Primary market data missing or incomplete.,,,,,,,,,INSUFFICIENT_DATA,provisional_structured,,,,,,,,,
SVN,Công ty Cổ phần Tập đoàn Vexilla Việt Nam,BLOCKED_INSUFFICIENT_MARKET_DATA,REJECTED,True,False,PROVISIONAL_PRIMARY_ONLY,PROVISIONAL_LOW,NOT_AVAILABLE,NEEDS_MANUAL_BCTC_REVIEW,"[""capex"", ""cfo"", ""equity"", ""gross_profit"", ""last_close"", ""last_price_date"", ""net_income"", ""revenue"", ""total_assets"", ""total_liabilities""]","[""Primary market data missing or incomplete.""]",Primary market data missing or incomplete.,,,5440.0,,5440.0,,,,PARTIAL_PROVISIONAL_DATA,provisional_structured,,,,,,,,,
SVT,Công ty Cổ phần Công nghệ Sài Gòn Viễn Đông,BLOCKED_INSUFFICIENT_MARKET_DATA,REJECTED,True,False,PROVISIONAL_PRIMARY_ONLY,PROVISIONAL_LOW,NOT_AVAILABLE,NEEDS_MANUAL_BCTC_REVIEW,"[""capex"", ""cfo"", ""equity"", ""gross_profit"", ""last_close"", ""last_price_date"", ""net_income"", ""revenue"", ""total_assets"", ""total_liabilities""]","[""Primary market data missing or incomplete.""]",Primary market data missing or incomplete.,,,11040.0,,11040.0,,,,PARTIAL_PROVISIONAL_DATA,provisional_structured,,,,,,,,,
SWC,Tổng Công ty Cổ phần Đường Sông Miền Nam,BLOCKED_INSUFFICIENT_MARKET_DATA,REJECTED,True,False,PROVISIONAL_PRIMARY_ONLY,PROVISIONAL_LOW,NOT_AVAILABLE,NEEDS_MANUAL_BCTC_REVIEW,"[""capex"", ""cfo"", ""equity"", ""gross_profit"", ""last_close"", ""last_price_date"", ""net_income"", ""revenue"", ""total_assets"", ""total_liabilities""]","[""Primary market data missing or incomplete.""]",Primary market data missing or incomplete.,,,2810.0,,2810.0,,,,PARTIAL_PROVISIONAL_DATA,provisional_structured,,,,,,,,,
SZB,Công ty Cổ phần Sonadezi Long Bình,BLOCKED_INSUFFICIENT_MARKET_DATA,REJECTED,True,False,PROVISIONAL_PRIMARY_ONLY,PROVISIONAL_LOW,NOT_AVAILABLE,NEEDS_MANUAL_BCTC_REVIEW,"[""capex"", ""cfo"", ""equity"", ""gross_profit"", ""last_close"", ""last_price_date"", ""net_income"", ""revenue"", ""total_assets"", ""total_liabilities""]","[""Primary market data missing or incomplete.""]",Primary market data missing or incomplete.,,,3600.0,,3600.0,,,,PARTIAL_PROVISIONAL_DATA,provisional_structured,,,,,,,,,
SZC,Công ty Cổ phần Sonadezi Châu Đức,BLOCKED_INSUFFICIENT_MARKET_DATA,REJECTED,True,False,PROVISIONAL_PRIMARY_ONLY,PROVISIONAL_LOW,NOT_AVAILABLE,NEEDS_MANUAL_BCTC_REVIEW,"[""capex"", ""cfo"", ""equity"", ""gross_profit"", ""last_close"", ""last_price_date"", ""net_income"", ""revenue"", ""total_assets"", ""total_liabilities""]","[""Primary market data missing or incomplete.""]",Primary market data missing or incomplete.,,,480150.0,,480150.0,,,,PARTIAL_PROVISIONAL_DATA,provisional_structured,,,,,,,,,
SZE,Công ty Cổ phần Môi trường Sonadezi,BLOCKED_INSUFFICIENT_MARKET_DATA,REJECTED,True,False,PROVISIONAL_PRIMARY_ONLY,PROVISIONAL_LOW,NOT_AVAILABLE,NEEDS_MANUAL_BCTC_REVIEW,"[""capex"", ""cfo"", ""equity"", ""gross_profit"", ""last_close"", ""last_price_date"", ""net_income"", ""revenue"", ""total_assets"", ""total_liabilities""]","[""Primary market data missing or incomplete.""]",Primary market data missing or incomplete.,,,4560.0,,4560.0,,,,PARTIAL_PROVISIONAL_DATA,provisional_structured,,,,,,,,,
SZG,Công ty Cổ phần Sonadezi Giang Điền,BLOCKED_INSUFFICIENT_MARKET_DATA,REJECTED,True,False,PROVISIONAL_PRIMARY_ONLY,PROVISIONAL_LOW,NOT_AVAILABLE,NEEDS_MANUAL_BCTC_REVIEW,"[""capex"", ""cfo"", ""equity"", ""gross_profit"", ""last_close"", ""last_price_date"", ""net_income"", ""revenue"", ""total_assets"", ""total_liabilities""]","[""Primary market data missing or incomplete.""]",Primary market data missing or incomplete.,,,770.0,,770.0,,,,PARTIAL_PROVISIONAL_DATA,provisional_structured,,,,,,,,,
SZL,Công ty Cổ phần Sonadezi Long Thành,BLOCKED_INSUFFICIENT_MARKET_DATA,REJECTED,True,False,PROVISIONAL_PRIMARY_ONLY,PROVISIONAL_LOW,NOT_AVAILABLE,NEEDS_MANUAL_BCTC_REVIEW,"[""capex"", ""cfo"", ""equity"", ""gross_profit"", ""last_close"", ""last_price_date"", ""net_income"", ""revenue"", ""total_assets"", ""total_liabilities""]","[""Primary market data missing or incomplete.""]",Primary market data missing or incomplete.,,,9580.0,,9580.0,,,,PARTIAL_PROVISIONAL_DATA,provisional_structured,,,,,,,,,
T12,Công ty Cổ phần Thương mại dịch vụ Tràng Thi,BLOCKED_INSUFFICIENT_MARKET_DATA,REJECTED,True,False,PROVISIONAL_PRIMARY_ONLY,PROVISIONAL_LOW,NOT_AVAILABLE,NEEDS_MANUAL_BCTC_REVIEW,"[""avg_volume_20d"", ""capex"", ""cfo"", ""equity"", ""gross_profit"", ""last_close"", ""last_price_date"", ""net_income"", ""revenue"", ""total_assets"", ""total_liabilities""]","[""Primary market data missing or incomplete.""]",Primary market data missing or incomplete.,,,,,,,,,INSUFFICIENT_DATA,provisional_structured,,,,,,,,,
TA3,Công ty cổ phần Đầu tư và Xây lắp Thành An 386,BLOCKED_INSUFFICIENT_MARKET_DATA,REJECTED,True,False,PROVISIONAL_PRIMARY_ONLY,PROVISIONAL_LOW,NOT_AVAILABLE,NEEDS_MANUAL_BCTC_REVIEW,"[""capex"", ""cfo"", ""equity"", ""gross_profit"", ""last_close"", ""last_price_date"", ""net_income"", ""revenue"", ""total_assets"", ""total_liabilities""]","[""Primary market data missing or incomplete.""]",Primary market data missing or incomplete.,,,11.0,,11.0,,,,PARTIAL_PROVISIONAL_DATA,provisional_structured,,,,,,,,,
TA6,Công ty Cổ phần Đầu tư và Xây lắp Thành An 665,BLOCKED_INSUFFICIENT_MARKET_DATA,REJECTED,True,False,PROVISIONAL_PRIMARY_ONLY,PROVISIONAL_LOW,NOT_AVAILABLE,NEEDS_MANUAL_BCTC_REVIEW,"[""avg_volume_20d"", ""capex"", ""cfo"", ""equity"", ""gross_profit"", ""last_close"", ""last_price_date"", ""net_income"", ""revenue"", ""total_assets"", ""total_liabilities""]","[""Primary market data missing or incomplete.""]",Primary market data missing or incomplete.,,,,,,,,,INSUFFICIENT_DATA,provisional_structured,,,,,,,,,
TA9,Công ty Cổ phần Xây lắp Thành An 96,BLOCKED_INSUFFICIENT_MARKET_DATA,REJECTED,True,False,PROVISIONAL_PRIMARY_ONLY,PROVISIONAL_LOW,NOT_AVAILABLE,NEEDS_MANUAL_BCTC_REVIEW,"[""capex"", ""cfo"", ""equity"", ""gross_profit"", ""last_close"", ""last_price_date"", ""net_income"", ""revenue"", ""total_assets"", ""total_liabilities""]","[""Primary market data missing or incomplete.""]",Primary market data missing or incomplete.,,,11050.0,,11050.0,,,,PARTIAL_PROVISIONAL_DATA,provisional_structured,,,,,,,,,
TAB,Công ty Cổ phần Freco Việt Nam,BLOCKED_INSUFFICIENT_MARKET_DATA,REJECTED,True,False,PROVISIONAL_PRIMARY_ONLY,PROVISIONAL_LOW,NOT_AVAILABLE,NEEDS_MANUAL_BCTC_REVIEW,"[""avg_volume_20d"", ""capex"", ""cfo"", ""equity"", ""gross_profit"", ""last_close"", ""last_price_date"", ""net_income"", ""revenue"", ""total_assets"", ""total_liabilities""]","[""Primary market data missing or incomplete.""]",Primary market data missing or incomplete.,,,,,,,,,INSUFFICIENT_DATA,provisional_structured,,,,,,,,,
TAC,Công ty Cổ phần Dầu Thực vật Tường An,BLOCKED_INSUFFICIENT_MARKET_DATA,REJECTED,True,False,PROVISIONAL_PRIMARY_ONLY,PROVISIONAL_LOW,NOT_AVAILABLE,NEEDS_MANUAL_BCTC_REVIEW,"[""capex"", ""cfo"", ""equity"", ""gross_profit"", ""last_close"", ""last_price_date"", ""net_income"", ""revenue"", ""total_assets"", ""total_liabilities""]","[""Primary market data missing or incomplete.""]",Primary market data missing or incomplete.,,,5550.0,,5550.0,,,,PARTIAL_PROVISIONAL_DATA,provisional_structured,,,,,,,,,
TAG,Công ty Cổ phần Thế giới số Trần Anh,BLOCKED_INSUFFICIENT_MARKET_DATA,REJECTED,True,False,PROVISIONAL_PRIMARY_ONLY,PROVISIONAL_LOW,NOT_AVAILABLE,NEEDS_MANUAL_BCTC_REVIEW,"[""avg_volume_20d"", ""capex"", ""cfo"", ""equity"", ""gross_profit"", ""last_close"", ""last_price_date"", ""net_income"", ""revenue"", ""total_assets"", ""total_liabilities""]","[""Primary market data missing or incomplete.""]",Primary market data missing or incomplete.,,,,,,,,,INSUFFICIENT_DATA,provisional_structured,,,,,,,,,
TAL,Công Ty Cổ Phần Đầu Tư Bất Động Sản Taseco,BLOCKED_INSUFFICIENT_MARKET_DATA,REJECTED,True,False,PROVISIONAL_PRIMARY_ONLY,PROVISIONAL_LOW,NOT_AVAILABLE,NEEDS_MANUAL_BCTC_REVIEW,"[""avg_volume_20d"", ""capex"", ""cfo"", ""equity"", ""gross_profit"", ""last_close"", ""last_price_date"", ""net_income"", ""revenue"", ""total_assets"", ""total_liabilities""]","[""Primary market data missing or incomplete.""]",Primary market data missing or incomplete.,,,,,,,,,INSUFFICIENT_DATA,provisional_structured,,,,,,,,,
TAN,Công ty Cổ phần Cà phê Thuận An,BLOCKED_INSUFFICIENT_MARKET_DATA,REJECTED,True,False,PROVISIONAL_PRIMARY_ONLY,PROVISIONAL_LOW,NOT_AVAILABLE,NEEDS_MANUAL_BCTC_REVIEW,"[""capex"", ""cfo"", ""equity"", ""gross_profit"", ""last_close"", ""last_price_date"", ""net_income"", ""revenue"", ""total_assets"", ""total_liabilities""]","[""Primary market data missing or incomplete.""]",Primary market data missing or incomplete.,,,800.0,,800.0,,,,PARTIAL_PROVISIONAL_DATA,provisional_structured,,,,,,,,,
TAP,Công ty Cổ phần Đô thị Tân An,BLOCKED_INSUFFICIENT_MARKET_DATA,REJECTED,True,False,PROVISIONAL_PRIMARY_ONLY,PROVISIONAL_LOW,NOT_AVAILABLE,NEEDS_MANUAL_BCTC_REVIEW,"[""avg_volume_20d"", ""capex"", ""cfo"", ""equity"", ""gross_profit"", ""last_close"", ""last_price_date"", ""net_income"", ""revenue"", ""total_assets"", ""total_liabilities""]","[""Primary market data missing or incomplete.""]",Primary market data missing or incomplete.,,,,,,,,,INSUFFICIENT_DATA,provisional_structured,,,,,,,,,
TAR,Công ty Cổ phần Nông nghiệp Công nghệ cao Trung An,BLOCKED_INSUFFICIENT_MARKET_DATA,REJECTED,True,False,PROVISIONAL_PRIMARY_ONLY,PROVISIONAL_LOW,NOT_AVAILABLE,NEEDS_MANUAL_BCTC_REVIEW,"[""capex"", ""cfo"", ""equity"", ""gross_profit"", ""last_close"", ""last_price_date"", ""net_income"", ""revenue"", ""total_assets"", ""total_liabilities""]","[""Primary market data missing or incomplete.""]",Primary market data missing or incomplete.,,,48180.0,,48180.0,,,,PARTIAL_PROVISIONAL_DATA,provisional_structured,,,,,,,,,
TAW,Công ty Cổ phần Cấp nước Trung An,BLOCKED_INSUFFICIENT_MARKET_DATA,REJECTED,True,False,PROVISIONAL_PRIMARY_ONLY,PROVISIONAL_LOW,NOT_AVAILABLE,NEEDS_MANUAL_BCTC_REVIEW,"[""avg_volume_20d"", ""capex"", ""cfo"", ""equity"", ""gross_profit"", ""last_close"", ""last_price_date"", ""net_income"", ""revenue"", ""total_assets"", ""total_liabilities""]","[""Primary market data missing or incomplete.""]",Primary market data missing or incomplete.,,,,,,,,,INSUFFICIENT_DATA,provisional_structured,,,,,,,,,
TB8,Công ty Cổ phần Sản xuất và Kinh doanh Vật tư Thiết bị - VVMI,BLOCKED_INSUFFICIENT_MARKET_DATA,REJECTED,True,False,PROVISIONAL_PRIMARY_ONLY,PROVISIONAL_LOW,NOT_AVAILABLE,NEEDS_MANUAL_BCTC_REVIEW,"[""avg_volume_20d"", ""capex"", ""cfo"", ""equity"", ""gross_profit"", ""last_close"", ""last_price_date"", ""net_income"", ""revenue"", ""total_assets"", ""total_liabilities""]","[""Primary market data missing or incomplete.""]",Primary market data missing or incomplete.,,,,,,,,,INSUFFICIENT_DATA,provisional_structured,,,,,,,,,
TBC,Công ty Cổ phần Thủy điện Thác Bà,BLOCKED_INSUFFICIENT_MARKET_DATA,REJECTED,True,False,PROVISIONAL_PRIMARY_ONLY,PROVISIONAL_LOW,NOT_AVAILABLE,NEEDS_MANUAL_BCTC_REVIEW,"[""capex"", ""cfo"", ""equity"", ""gross_profit"", ""last_close"", ""last_price_date"", ""net_income"", ""revenue"", ""total_assets"", ""total_liabilities""]","[""Primary market data missing or incomplete.""]",Primary market data missing or incomplete.,,,6840.0,,6840.0,,,,PARTIAL_PROVISIONAL_DATA,provisional_structured,,,,,,,,,
TBD,Tổng công ty Thiết bị điện Đông Anh - Công ty Cổ phần,BLOCKED_INSUFFICIENT_MARKET_DATA,REJECTED,True,False,PROVISIONAL_PRIMARY_ONLY,PROVISIONAL_LOW,NOT_AVAILABLE,NEEDS_MANUAL_BCTC_REVIEW,"[""capex"", ""cfo"", ""equity"", ""gross_profit"", ""last_close"", ""last_price_date"", ""net_income"", ""revenue"", ""total_assets"", ""total_liabilities""]","[""Primary market data missing or incomplete.""]",Primary market data missing or incomplete.,,,50.0,,50.0,,,,PARTIAL_PROVISIONAL_DATA,provisional_structured,,,,,,,,,
TBH,Công ty Cổ phần Tổng Bách Hóa,BLOCKED_INSUFFICIENT_MARKET_DATA,REJECTED,True,False,PROVISIONAL_PRIMARY_ONLY,PROVISIONAL_LOW,NOT_AVAILABLE,NEEDS_MANUAL_BCTC_REVIEW,"[""capex"", ""cfo"", ""equity"", ""gross_profit"", ""last_close"", ""last_price_date"", ""net_income"", ""revenue"", ""total_assets"", ""total_liabilities""]","[""Primary market data missing or incomplete.""]",Primary market data missing or incomplete.,,,130.0,,130.0,,,,PARTIAL_PROVISIONAL_DATA,provisional_structured,,,,,,,,,
TBR,Công ty Cổ phần Địa ốc Tân Bình,BLOCKED_INSUFFICIENT_MARKET_DATA,REJECTED,True,False,PROVISIONAL_PRIMARY_ONLY,PROVISIONAL_LOW,NOT_AVAILABLE,NEEDS_MANUAL_BCTC_REVIEW,"[""capex"", ""cfo"", ""equity"", ""gross_profit"", ""last_close"", ""last_price_date"", ""net_income"", ""revenue"", ""total_assets"", ""total_liabilities""]","[""Primary market data missing or incomplete.""]",Primary market data missing or incomplete.,,,40.0,,40.0,,,,PARTIAL_PROVISIONAL_DATA,provisional_structured,,,,,,,,,
TBT,Công ty Cổ phần Xây dựng Công trình Giao thông Bến Tre,BLOCKED_INSUFFICIENT_MARKET_DATA,REJECTED,True,False,PROVISIONAL_PRIMARY_ONLY,PROVISIONAL_LOW,NOT_AVAILABLE,NEEDS_MANUAL_BCTC_REVIEW,"[""avg_volume_20d"", ""capex"", ""cfo"", ""equity"", ""gross_profit"", ""last_close"", ""last_price_date"", ""net_income"", ""revenue"", ""total_assets"", ""total_liabilities""]","[""Primary market data missing or incomplete.""]",Primary market data missing or incomplete.,,,,,,,,,INSUFFICIENT_DATA,provisional_structured,,,,,,,,,
TBW,Công ty cổ phần Nước sạch Thái Bình,BLOCKED_INSUFFICIENT_MARKET_DATA,REJECTED,True,False,PROVISIONAL_PRIMARY_ONLY,PROVISIONAL_LOW,NOT_AVAILABLE,NEEDS_MANUAL_BCTC_REVIEW,"[""avg_volume_20d"", ""capex"", ""cfo"", ""equity"", ""gross_profit"", ""last_close"", ""last_price_date"", ""net_income"", ""revenue"", ""total_assets"", ""total_liabilities""]","[""Primary market data missing or incomplete.""]",Primary market data missing or incomplete.,,,,,,,,,INSUFFICIENT_DATA,provisional_structured,,,,,,,,,
TBX,Công ty Cổ phần Xi măng Thái Bình,BLOCKED_INSUFFICIENT_MARKET_DATA,REJECTED,True,False,PROVISIONAL_PRIMARY_ONLY,PROVISIONAL_LOW,NOT_AVAILABLE,NEEDS_MANUAL_BCTC_REVIEW,"[""avg_volume_20d"", ""capex"", ""cfo"", ""equity"", ""gross_profit"", ""last_close"", ""last_price_date"", ""net_income"", ""revenue"", ""total_assets"", ""total_liabilities""]","[""Primary market data missing or incomplete.""]",Primary market data missing or incomplete.,,,,,,,,,INSUFFICIENT_DATA,provisional_structured,,,,,,,,,
TC6,Công ty cổ phần Than Cọc Sáu - Vinacomin,BLOCKED_INSUFFICIENT_MARKET_DATA,REJECTED,True,False,PROVISIONAL_PRIMARY_ONLY,PROVISIONAL_LOW,NOT_AVAILABLE,NEEDS_MANUAL_BCTC_REVIEW,"[""capex"", ""cfo"", ""equity"", ""gross_profit"", ""last_close"", ""last_price_date"", ""net_income"", ""revenue"", ""total_assets"", ""total_liabilities""]","[""Primary market data missing or incomplete.""]",Primary market data missing or incomplete.,,,272553.0,,272553.0,,,,PARTIAL_PROVISIONAL_DATA,provisional_structured,,,,,,,,,
TCB,Ngân hàng Thương mại Cổ phần Kỹ thương Việt Nam,BLOCKED_INSUFFICIENT_MARKET_DATA,REJECTED,True,False,PROVISIONAL_PRIMARY_ONLY,PROVISIONAL_LOW,NOT_AVAILABLE,NEEDS_MANUAL_BCTC_REVIEW,"[""capex"", ""cfo"", ""equity"", ""gross_profit"", ""last_close"", ""last_price_date"", ""net_income"", ""revenue"", ""total_assets"", ""total_liabilities""]","[""Primary market data missing or incomplete.""]",Primary market data missing or incomplete.,,,12062750.0,,12062750.0,,,,PARTIAL_PROVISIONAL_DATA,provisional_structured,,,,,,,,,
TCD,Công ty cổ phần Tập đoàn Xây dựng Tracodi,BLOCKED_INSUFFICIENT_MARKET_DATA,REJECTED,True,False,PROVISIONAL_PRIMARY_ONLY,PROVISIONAL_LOW,NOT_AVAILABLE,NEEDS_MANUAL_BCTC_REVIEW,"[""avg_volume_20d"", ""capex"", ""cfo"", ""equity"", ""gross_profit"", ""last_close"", ""last_price_date"", ""net_income"", ""revenue"", ""total_assets"", ""total_liabilities""]","[""Primary market data missing or incomplete.""]",Primary market data missing or incomplete.,,,,,,,,,INSUFFICIENT_DATA,provisional_structured,,,,,,,,,
TCH,Công ty Cổ phần Đầu tư Dịch vụ Tài chính Hoàng Huy,BLOCKED_INSUFFICIENT_MARKET_DATA,REJECTED,True,False,PROVISIONAL_PRIMARY_ONLY,PROVISIONAL_LOW,NOT_AVAILABLE,NEEDS_MANUAL_BCTC_REVIEW,"[""capex"", ""cfo"", ""equity"", ""gross_profit"", ""last_close"", ""last_price_date"", ""net_income"", ""revenue"", ""total_assets"", ""total_liabilities""]","[""Primary market data missing or incomplete.""]",Primary market data missing or incomplete.,,,6570810.0,,6570810.0,,,,PARTIAL_PROVISIONAL_DATA,provisional_structured,,,,,,,,,
TCI,Công ty Cổ phần Chứng khoán Thành Công,BLOCKED_INSUFFICIENT_MARKET_DATA,REJECTED,True,False,PROVISIONAL_PRIMARY_ONLY,PROVISIONAL_LOW,NOT_AVAILABLE,NEEDS_MANUAL_BCTC_REVIEW,"[""capex"", ""cfo"", ""equity"", ""gross_profit"", ""last_close"", ""last_price_date"", ""net_income"", ""revenue"", ""total_assets"", ""total_liabilities""]","[""Primary market data missing or incomplete.""]",Primary market data missing or incomplete.,,,278420.0,,278420.0,,,,PARTIAL_PROVISIONAL_DATA,provisional_structured,,,,,,,,,
TCJ,Công ty Cổ phần Tô Châu,BLOCKED_INSUFFICIENT_MARKET_DATA,REJECTED,True,False,PROVISIONAL_PRIMARY_ONLY,PROVISIONAL_LOW,NOT_AVAILABLE,NEEDS_MANUAL_BCTC_REVIEW,"[""avg_volume_20d"", ""capex"", ""cfo"", ""equity"", ""gross_profit"", ""last_close"", ""last_price_date"", ""net_income"", ""revenue"", ""total_assets"", ""total_liabilities""]","[""Primary market data missing or incomplete.""]",Primary market data missing or incomplete.,,,,,,,,,INSUFFICIENT_DATA,provisional_structured,,,,,,,,,
TCK,Tổng Công ty Cơ khí Xây dựng - CTCP,BLOCKED_INSUFFICIENT_MARKET_DATA,REJECTED,True,False,PROVISIONAL_PRIMARY_ONLY,PROVISIONAL_LOW,NOT_AVAILABLE,NEEDS_MANUAL_BCTC_REVIEW,"[""avg_volume_20d"", ""capex"", ""cfo"", ""equity"", ""gross_profit"", ""last_close"", ""last_price_date"", ""net_income"", ""revenue"", ""total_assets"", ""total_liabilities""]","[""Primary market data missing or incomplete.""]",Primary market data missing or incomplete.,,,,,,,,,INSUFFICIENT_DATA,provisional_structured,,,,,,,,,
TCL,Công ty Cổ phần Đại lý Giao nhận Vận tải Xếp dỡ Tân Cảng,BLOCKED_INSUFFICIENT_MARKET_DATA,REJECTED,True,False,PROVISIONAL_PRIMARY_ONLY,PROVISIONAL_LOW,NOT_AVAILABLE,NEEDS_MANUAL_BCTC_REVIEW,"[""capex"", ""cfo"", ""equity"", ""gross_profit"", ""last_close"", ""last_price_date"", ""net_income"", ""revenue"", ""total_assets"", ""total_liabilities""]","[""Primary market data missing or incomplete.""]",Primary market data missing or incomplete.,,,19110.0,,19110.0,,,,PARTIAL_PROVISIONAL_DATA,provisional_structured,,,,,,,,,
TCM,Công ty Cổ phần Dệt may - Đầu tư - Thương mại Thành Công,BLOCKED_INSUFFICIENT_MARKET_DATA,REJECTED,True,False,PROVISIONAL_PRIMARY_ONLY,PROVISIONAL_LOW,NOT_AVAILABLE,NEEDS_MANUAL_BCTC_REVIEW,"[""capex"", ""cfo"", ""equity"", ""gross_profit"", ""last_close"", ""last_price_date"", ""net_income"", ""revenue"", ""total_assets"", ""total_liabilities""]","[""Primary market data missing or incomplete.""]",Primary market data missing or incomplete.,,,885630.0,,885630.0,,,,PARTIAL_PROVISIONAL_DATA,provisional_structured,,,,,,,,,
TCO,Công ty Cổ phần Janus Group,BLOCKED_INSUFFICIENT_MARKET_DATA,REJECTED,True,False,PROVISIONAL_PRIMARY_ONLY,PROVISIONAL_LOW,NOT_AVAILABLE,NEEDS_MANUAL_BCTC_REVIEW,"[""capex"", ""cfo"", ""equity"", ""gross_profit"", ""last_close"", ""last_price_date"", ""net_income"", ""revenue"", ""total_assets"", ""total_liabilities""]","[""Primary market data missing or incomplete.""]",Primary market data missing or incomplete.,,,237340.0,,237340.0,,,,PARTIAL_PROVISIONAL_DATA,provisional_structured,,,,,,,,,
TCR,Công ty Cổ phần Công nghiệp Gốm sứ TAICERA,BLOCKED_INSUFFICIENT_MARKET_DATA,REJECTED,True,False,PROVISIONAL_PRIMARY_ONLY,PROVISIONAL_LOW,NOT_AVAILABLE,NEEDS_MANUAL_BCTC_REVIEW,"[""capex"", ""cfo"", ""equity"", ""gross_profit"", ""last_close"", ""last_price_date"", ""net_income"", ""revenue"", ""total_assets"", ""total_liabilities""]","[""Primary market data missing or incomplete.""]",Primary market data missing or incomplete.,,,6290.0,,6290.0,,,,PARTIAL_PROVISIONAL_DATA,provisional_structured,,,,,,,,,
TCT,Công ty Cổ phần Cáp treo Núi Bà Tây Ninh,BLOCKED_INSUFFICIENT_MARKET_DATA,REJECTED,True,False,PROVISIONAL_PRIMARY_ONLY,PROVISIONAL_LOW,NOT_AVAILABLE,NEEDS_MANUAL_BCTC_REVIEW,"[""capex"", ""cfo"", ""equity"", ""gross_profit"", ""last_close"", ""last_price_date"", ""net_income"", ""revenue"", ""total_assets"", ""total_liabilities""]","[""Primary market data missing or incomplete.""]",Primary market data missing or incomplete.,,,3550.0,,3550.0,,,,PARTIAL_PROVISIONAL_DATA,provisional_structured,,,,,,,,,
TCW,Công ty Cổ phần Kho Vận Tân Cảng,BLOCKED_INSUFFICIENT_MARKET_DATA,REJECTED,True,False,PROVISIONAL_PRIMARY_ONLY,PROVISIONAL_LOW,NOT_AVAILABLE,NEEDS_MANUAL_BCTC_REVIEW,"[""capex"", ""cfo"", ""equity"", ""gross_profit"", ""last_close"", ""last_price_date"", ""net_income"", ""revenue"", ""total_assets"", ""total_liabilities""]","[""Primary market data missing or incomplete.""]",Primary market data missing or incomplete.,,,3090.0,,3090.0,,,,PARTIAL_PROVISIONAL_DATA,provisional_structured,,,,,,,,,
TCX,Công ty Cổ phần Chứng khoán Kỹ Thương,BLOCKED_INSUFFICIENT_MARKET_DATA,REJECTED,True,False,PROVISIONAL_PRIMARY_ONLY,PROVISIONAL_LOW,NOT_AVAILABLE,NEEDS_MANUAL_BCTC_REVIEW,"[""avg_volume_20d"", ""capex"", ""cfo"", ""equity"", ""gross_profit"", ""last_close"", ""last_price_date"", ""net_income"", ""revenue"", ""total_assets"", ""total_liabilities""]","[""Primary market data missing or incomplete.""]",Primary market data missing or incomplete.,,,,,,,,,INSUFFICIENT_DATA,provisional_structured,,,,,,,,,
TD6,Công ty Cổ Phần Than Đèo Nai - Cọc Sáu - TKV,BLOCKED_INSUFFICIENT_MARKET_DATA,REJECTED,True,False,PROVISIONAL_PRIMARY_ONLY,PROVISIONAL_LOW,NOT_AVAILABLE,NEEDS_MANUAL_BCTC_REVIEW,"[""avg_volume_20d"", ""last_close"", ""last_price_date"", ""net_income""]","[""Primary market data missing or incomplete.""]",Primary market data missing or incomplete.,,,,,,,,,PARTIAL_PROVISIONAL_DATA,provisional_structured,,,,,,,,,
TDB,Công ty Cổ phần Thủy điện Định Bình,BLOCKED_INSUFFICIENT_MARKET_DATA,REJECTED,True,False,PROVISIONAL_PRIMARY_ONLY,PROVISIONAL_LOW,NOT_AVAILABLE,NEEDS_MANUAL_BCTC_REVIEW,"[""last_close"", ""last_price_date"", ""net_income""]","[""Primary market data missing or incomplete.""]",Primary market data missing or incomplete.,,,540.0,,540.0,,,,PARTIAL_PROVISIONAL_DATA,provisional_structured,,,,,,,,,
TDC,Công ty Cổ phần Kinh doanh và Phát triển Bình Dương,BLOCKED_INSUFFICIENT_MARKET_DATA,REJECTED,True,False,PROVISIONAL_PRIMARY_ONLY,PROVISIONAL_LOW,NOT_AVAILABLE,NEEDS_MANUAL_BCTC_REVIEW,"[""last_close"", ""last_price_date"", ""net_income""]","[""Primary market data missing or incomplete.""]",Primary market data missing or incomplete.,,,124380.0,,124380.0,,,,PARTIAL_PROVISIONAL_DATA,provisional_structured,,,,,,,,,
TDF,Công ty Cổ phần Trung Đô,BLOCKED_INSUFFICIENT_MARKET_DATA,REJECTED,True,False,PROVISIONAL_PRIMARY_ONLY,PROVISIONAL_LOW,NOT_AVAILABLE,NEEDS_MANUAL_BCTC_REVIEW,"[""last_close"", ""last_price_date"", ""net_income""]","[""Primary market data missing or incomplete.""]",Primary market data missing or incomplete.,,,3060.0,,3060.0,,,,PARTIAL_PROVISIONAL_DATA,provisional_structured,,,,,,,,,
TDG,Công ty Cổ phần Đầu tư TDG Global,BLOCKED_INSUFFICIENT_MARKET_DATA,REJECTED,True,False,PROVISIONAL_PRIMARY_ONLY,PROVISIONAL_LOW,NOT_AVAILABLE,NEEDS_MANUAL_BCTC_REVIEW,"[""last_close"", ""last_price_date"", ""net_income""]","[""Primary market data missing or incomplete.""]",Primary market data missing or incomplete.,,,63890.0,,63890.0,,,,PARTIAL_PROVISIONAL_DATA,provisional_structured,,,,,,,,,
TDH,Công ty Cổ phần Phát triển Nhà Thủ Đức,BLOCKED_INSUFFICIENT_MARKET_DATA,REJECTED,True,False,PROVISIONAL_PRIMARY_ONLY,PROVISIONAL_LOW,NOT_AVAILABLE,NEEDS_MANUAL_BCTC_REVIEW,"[""last_close"", ""last_price_date"", ""net_income""]","[""Primary market data missing or incomplete.""]",Primary market data missing or incomplete.,,,89330.0,,89330.0,,,,PARTIAL_PROVISIONAL_DATA,provisional_structured,,,,,,,,,
TDI,Công ty Cổ phần Tập đoàn TDI,BLOCKED_INSUFFICIENT_MARKET_DATA,REJECTED,True,False,PROVISIONAL_PRIMARY_ONLY,PROVISIONAL_LOW,NOT_AVAILABLE,NEEDS_MANUAL_BCTC_REVIEW,"[""avg_volume_20d"", ""last_close"", ""last_price_date"", ""net_income""]","[""Primary market data missing or incomplete.""]",Primary market data missing or incomplete.,,,,,,,,,PARTIAL_PROVISIONAL_DATA,provisional_structured,,,,,,,,,
TDM,Công ty Cổ phần Nước Thủ Dầu Một,BLOCKED_INSUFFICIENT_MARKET_DATA,REJECTED,True,False,PROVISIONAL_PRIMARY_ONLY,PROVISIONAL_LOW,NOT_AVAILABLE,NEEDS_MANUAL_BCTC_REVIEW,"[""last_close"", ""last_price_date"", ""net_income""]","[""Primary market data missing or incomplete.""]",Primary market data missing or incomplete.,,,22550.0,,22550.0,,,,PARTIAL_PROVISIONAL_DATA,provisional_structured,,,,,,,,,
TDN,Công ty Cổ phần Than Đèo Nai - Vinacomin,BLOCKED_INSUFFICIENT_MARKET_DATA,REJECTED,True,False,PROVISIONAL_PRIMARY_ONLY,PROVISIONAL_LOW,NOT_AVAILABLE,NEEDS_MANUAL_BCTC_REVIEW,"[""equity"", ""gross_profit"", ""last_close"", ""last_price_date"", ""net_income"", ""revenue"", ""total_assets"", ""total_liabilities""]","[""Primary market data missing or incomplete.""]",Primary market data missing or incomplete.,,,236742.0,,236742.0,,,,PARTIAL_PROVISIONAL_DATA,provisional_structured,,,,,,,,,
TDP,Công ty Cổ phần Thuận Đức,BLOCKED_INSUFFICIENT_MARKET_DATA,REJECTED,True,False,PROVISIONAL_PRIMARY_ONLY,PROVISIONAL_LOW,NOT_AVAILABLE,NEEDS_MANUAL_BCTC_REVIEW,"[""last_close"", ""last_price_date"", ""net_income""]","[""Primary market data missing or incomplete.""]",Primary market data missing or incomplete.,,,145590.0,,145590.0,,,,PARTIAL_PROVISIONAL_DATA,provisional_structured,,,,,,,,,
TDS,Công ty Cổ phần Thép Thủ Đức - VNSTEEL,BLOCKED_INSUFFICIENT_MARKET_DATA,REJECTED,True,False,PROVISIONAL_PRIMARY_ONLY,PROVISIONAL_LOW,NOT_AVAILABLE,NEEDS_MANUAL_BCTC_REVIEW,"[""last_close"", ""last_price_date"", ""net_income""]","[""Primary market data missing or incomplete.""]",Primary market data missing or incomplete.,,,360.0,,360.0,,,,PARTIAL_PROVISIONAL_DATA,provisional_structured,,,,,,,,,
TDT,Công ty Cổ phần Đầu tư và Phát triển TDT,BLOCKED_INSUFFICIENT_MARKET_DATA,REJECTED,True,False,PROVISIONAL_PRIMARY_ONLY,PROVISIONAL_LOW,NOT_AVAILABLE,NEEDS_MANUAL_BCTC_REVIEW,"[""last_close"", ""last_price_date"", ""net_income""]","[""Primary market data missing or incomplete.""]",Primary market data missing or incomplete.,,,25630.0,,25630.0,,,,PARTIAL_PROVISIONAL_DATA,provisional_structured,,,,,,,,,
TDW,Công ty Cổ phần Cấp nước Thủ Đức,BLOCKED_INSUFFICIENT_MARKET_DATA,REJECTED,True,False,PROVISIONAL_PRIMARY_ONLY,PROVISIONAL_LOW,NOT_AVAILABLE,NEEDS_MANUAL_BCTC_REVIEW,"[""last_close"", ""last_price_date"", ""net_income""]","[""Primary market data missing or incomplete.""]",Primary market data missing or incomplete.,,,1220.0,,1220.0,,,,PARTIAL_PROVISIONAL_DATA,provisional_structured,,,,,,,,,
TEC,Công ty Cổ phần Traenco,BLOCKED_INSUFFICIENT_MARKET_DATA,REJECTED,True,False,PROVISIONAL_PRIMARY_ONLY,PROVISIONAL_LOW,NOT_AVAILABLE,NEEDS_MANUAL_BCTC_REVIEW,"[""avg_volume_20d"", ""last_close"", ""last_price_date"", ""net_income""]","[""Primary market data missing or incomplete.""]",Primary market data missing or incomplete.,,,,,,,,,PARTIAL_PROVISIONAL_DATA,provisional_structured,,,,,,,,,
TED,Tổng Công ty Tư vấn Thiết kế Giao thông Vận tải - CTCP,BLOCKED_INSUFFICIENT_MARKET_DATA,REJECTED,True,False,PROVISIONAL_PRIMARY_ONLY,PROVISIONAL_LOW,NOT_AVAILABLE,NEEDS_MANUAL_BCTC_REVIEW,"[""last_close"", ""last_price_date"", ""net_income""]","[""Primary market data missing or incomplete.""]",Primary market data missing or incomplete.,,,60.0,,60.0,,,,PARTIAL_PROVISIONAL_DATA,provisional_structured,,,,,,,,,
TEG,Công ty Cổ phần Trường Thành Energy Group,BLOCKED_INSUFFICIENT_MARKET_DATA,REJECTED,True,False,PROVISIONAL_PRIMARY_ONLY,PROVISIONAL_LOW,NOT_AVAILABLE,NEEDS_MANUAL_BCTC_REVIEW,"[""last_close"", ""last_price_date"", ""net_income""]","[""Primary market data missing or incomplete.""]",Primary market data missing or incomplete.,,,21670.0,,21670.0,,,,PARTIAL_PROVISIONAL_DATA,provisional_structured,,,,,,,,,
TEL,Công ty Cổ phần Phát triển Công trình Viễn thông,BLOCKED_INSUFFICIENT_MARKET_DATA,REJECTED,True,False,PROVISIONAL_PRIMARY_ONLY,PROVISIONAL_LOW,NOT_AVAILABLE,NEEDS_MANUAL_BCTC_REVIEW,"[""avg_volume_20d"", ""last_close"", ""last_price_date"", ""net_income""]","[""Primary market data missing or incomplete.""]",Primary market data missing or incomplete.,,,,,,,,,PARTIAL_PROVISIONAL_DATA,provisional_structured,,,,,,,,,
TET,Công ty Cổ phần Vải sợi May mặc Miền Bắc,BLOCKED_INSUFFICIENT_MARKET_DATA,REJECTED,True,False,PROVISIONAL_PRIMARY_ONLY,PROVISIONAL_LOW,NOT_AVAILABLE,NEEDS_MANUAL_BCTC_REVIEW,"[""last_close"", ""last_price_date"", ""net_income""]","[""Primary market data missing or incomplete.""]",Primary market data missing or incomplete.,,,350.0,,350.0,,,,PARTIAL_PROVISIONAL_DATA,provisional_structured,,,,,,,,,
TFC,Công ty Cổ phần Trang,BLOCKED_INSUFFICIENT_MARKET_DATA,REJECTED,True,False,PROVISIONAL_PRIMARY_ONLY,PROVISIONAL_LOW,NOT_AVAILABLE,NEEDS_MANUAL_BCTC_REVIEW,"[""last_close"", ""last_price_date"", ""net_income""]","[""Primary market data missing or incomplete.""]",Primary market data missing or incomplete.,,,4630.0,,4630.0,,,,PARTIAL_PROVISIONAL_DATA,provisional_structured,,,,,,,,,
TGG,Công ty Cổ phần The Golden Group,BLOCKED_INSUFFICIENT_MARKET_DATA,REJECTED,True,False,PROVISIONAL_PRIMARY_ONLY,PROVISIONAL_LOW,NOT_AVAILABLE,NEEDS_MANUAL_BCTC_REVIEW,"[""avg_volume_20d"", ""last_close"", ""last_price_date"", ""net_income""]","[""Primary market data missing or incomplete.""]",Primary market data missing or incomplete.,,,,,,,,,PARTIAL_PROVISIONAL_DATA,provisional_structured,,,,,,,,,
TGP,Công ty Cổ phần Trường Phú,BLOCKED_INSUFFICIENT_MARKET_DATA,REJECTED,True,False,PROVISIONAL_PRIMARY_ONLY,PROVISIONAL_LOW,NOT_AVAILABLE,NEEDS_MANUAL_BCTC_REVIEW,"[""last_close"", ""last_price_date"", ""net_income""]","[""Primary market data missing or incomplete.""]",Primary market data missing or incomplete.,,,140.0,,140.0,,,,PARTIAL_PROVISIONAL_DATA,provisional_structured,,,,,,,,,
TH1,Công ty Cổ phần Xuất nhập khẩu Tổng hợp I Việt Nam,BLOCKED_INSUFFICIENT_MARKET_DATA,REJECTED,True,False,PROVISIONAL_PRIMARY_ONLY,PROVISIONAL_LOW,NOT_AVAILABLE,NEEDS_MANUAL_BCTC_REVIEW,"[""last_close"", ""last_price_date"", ""net_income""]","[""Primary market data missing or incomplete.""]",Primary market data missing or incomplete.,,,6970.0,,6970.0,,,,PARTIAL_PROVISIONAL_DATA,provisional_structured,,,,,,,,,
THB,Công ty Cổ phần Bia Hà Nội - Thanh Hóa,BLOCKED_INSUFFICIENT_MARKET_DATA,REJECTED,True,False,PROVISIONAL_PRIMARY_ONLY,PROVISIONAL_LOW,NOT_AVAILABLE,NEEDS_MANUAL_BCTC_REVIEW,"[""last_close"", ""last_price_date"", ""net_income""]","[""Primary market data missing or incomplete.""]",Primary market data missing or incomplete.,,,1170.0,,1170.0,,,,PARTIAL_PROVISIONAL_DATA,provisional_structured,,,,,,,,,
THD,Công ty Cổ phần Thaiholdings,BLOCKED_INSUFFICIENT_MARKET_DATA,REJECTED,True,False,PROVISIONAL_PRIMARY_ONLY,PROVISIONAL_LOW,NOT_AVAILABLE,NEEDS_MANUAL_BCTC_REVIEW,"[""last_close"", ""last_price_date"", ""net_income""]","[""Primary market data missing or incomplete.""]",Primary market data missing or incomplete.,,,66200.0,,66200.0,,,,PARTIAL_PROVISIONAL_DATA,provisional_structured,,,,,,,,,
THG,Công ty Cổ phần Đầu tư và Xây dựng Tiền Giang,BLOCKED_INSUFFICIENT_MARKET_DATA,REJECTED,True,False,PROVISIONAL_PRIMARY_ONLY,PROVISIONAL_LOW,NOT_AVAILABLE,NEEDS_MANUAL_BCTC_REVIEW,"[""last_close"", ""last_price_date"", ""net_income""]","[""Primary market data missing or incomplete.""]",Primary market data missing or incomplete.,,,10770.0,,10770.0,,,,PARTIAL_PROVISIONAL_DATA,provisional_structured,,,,,,,,,
THI,Công ty Cổ phần Thiết bị điện,BLOCKED_INSUFFICIENT_MARKET_DATA,REJECTED,True,False,PROVISIONAL_PRIMARY_ONLY,PROVISIONAL_LOW,NOT_AVAILABLE,NEEDS_MANUAL_BCTC_REVIEW,"[""last_close"", ""last_price_date"", ""net_income""]","[""Primary market data missing or incomplete.""]",Primary market data missing or incomplete.,,,11850.0,,11850.0,,,,PARTIAL_PROVISIONAL_DATA,provisional_structured,,,,,,,,,
THM,Công ty Cổ phần Tứ Hải Hà Nam,BLOCKED_INSUFFICIENT_MARKET_DATA,REJECTED,True,False,PROVISIONAL_PRIMARY_ONLY,PROVISIONAL_LOW,NOT_AVAILABLE,NEEDS_MANUAL_BCTC_REVIEW,"[""avg_volume_20d"", ""last_close"", ""last_price_date"", ""net_income""]","[""Primary market data missing or incomplete.""]",Primary market data missing or incomplete.,,,,,,,,,PARTIAL_PROVISIONAL_DATA,provisional_structured,,,,,,,,,
THN,Công ty Cổ phần Cấp nước Thanh Hóa,BLOCKED_INSUFFICIENT_MARKET_DATA,REJECTED,True,False,PROVISIONAL_PRIMARY_ONLY,PROVISIONAL_LOW,NOT_AVAILABLE,NEEDS_MANUAL_BCTC_REVIEW,"[""avg_volume_20d"", ""last_close"", ""last_price_date"", ""net_income""]","[""Primary market data missing or incomplete.""]",Primary market data missing or incomplete.,,,,,,,,,PARTIAL_PROVISIONAL_DATA,provisional_structured,,,,,,,,,
THP,Công ty Cổ phần Thủy sản và Thương mại Thuận Phước,BLOCKED_INSUFFICIENT_MARKET_DATA,REJECTED,True,False,PROVISIONAL_PRIMARY_ONLY,PROVISIONAL_LOW,NOT_AVAILABLE,NEEDS_MANUAL_BCTC_REVIEW,"[""last_close"", ""last_price_date"", ""net_income""]","[""Primary market data missing or incomplete.""]",Primary market data missing or incomplete.,,,600.0,,600.0,,,,PARTIAL_PROVISIONAL_DATA,provisional_structured,,,,,,,,,
THS,Công ty Cổ phần Thanh Hoa Sông Đà,BLOCKED_INSUFFICIENT_MARKET_DATA,REJECTED,True,False,PROVISIONAL_PRIMARY_ONLY,PROVISIONAL_LOW,NOT_AVAILABLE,NEEDS_MANUAL_BCTC_REVIEW,"[""avg_volume_20d"", ""last_close"", ""last_price_date"", ""net_income""]","[""Primary market data missing or incomplete.""]",Primary market data missing or incomplete.,,,,,,,,,PARTIAL_PROVISIONAL_DATA,provisional_structured,,,,,,,,,
THT,Công ty Cổ phần Than Hà Tu - Vinacomin,BLOCKED_INSUFFICIENT_MARKET_DATA,REJECTED,True,False,PROVISIONAL_PRIMARY_ONLY,PROVISIONAL_LOW,NOT_AVAILABLE,NEEDS_MANUAL_BCTC_REVIEW,"[""last_close"", ""last_price_date"", ""net_income""]","[""Primary market data missing or incomplete.""]",Primary market data missing or incomplete.,,,26320.0,,26320.0,,,,PARTIAL_PROVISIONAL_DATA,provisional_structured,,,,,,,,,
THU,Công ty Cổ phần Môi trường và Công trình đô thị Thanh Hóa,BLOCKED_INSUFFICIENT_MARKET_DATA,REJECTED,True,False,PROVISIONAL_PRIMARY_ONLY,PROVISIONAL_LOW,NOT_AVAILABLE,NEEDS_MANUAL_BCTC_REVIEW,"[""avg_volume_20d"", ""last_close"", ""last_price_date"", ""net_income""]","[""Primary market data missing or incomplete.""]",Primary market data missing or incomplete.,,,,,,,,,PARTIAL_PROVISIONAL_DATA,provisional_structured,,,,,,,,,
THW,Công ty Cổ phần Cấp nước Tân Hòa,BLOCKED_INSUFFICIENT_MARKET_DATA,REJECTED,True,False,PROVISIONAL_PRIMARY_ONLY,PROVISIONAL_LOW,NOT_AVAILABLE,NEEDS_MANUAL_BCTC_REVIEW,"[""last_close"", ""last_price_date"", ""net_income""]","[""Primary market data missing or incomplete.""]",Primary market data missing or incomplete.,,,20.0,,20.0,,,,PARTIAL_PROVISIONAL_DATA,provisional_structured,,,,,,,,,
TID,Công ty Cổ phần Tổng Công ty Tín Nghĩa,BLOCKED_INSUFFICIENT_MARKET_DATA,REJECTED,True,False,PROVISIONAL_PRIMARY_ONLY,PROVISIONAL_LOW,NOT_AVAILABLE,NEEDS_MANUAL_BCTC_REVIEW,"[""last_close"", ""last_price_date"", ""net_income""]","[""Primary market data missing or incomplete.""]",Primary market data missing or incomplete.,,,3980.0,,3980.0,,,,PARTIAL_PROVISIONAL_DATA,provisional_structured,,,,,,,,,
TIE,Công ty Cổ phần TIE,BLOCKED_INSUFFICIENT_MARKET_DATA,REJECTED,True,False,PROVISIONAL_PRIMARY_ONLY,PROVISIONAL_LOW,NOT_AVAILABLE,NEEDS_MANUAL_BCTC_REVIEW,"[""last_close"", ""last_price_date"", ""net_income""]","[""Primary market data missing or incomplete.""]",Primary market data missing or incomplete.,,,1330.0,,1330.0,,,,PARTIAL_PROVISIONAL_DATA,provisional_structured,,,,,,,,,
TIG,Công ty Cổ phần Tập đoàn Đầu tư Thăng Long,BLOCKED_INSUFFICIENT_MARKET_DATA,REJECTED,True,False,PROVISIONAL_PRIMARY_ONLY,PROVISIONAL_LOW,NOT_AVAILABLE,NEEDS_MANUAL_BCTC_REVIEW,"[""last_close"", ""last_price_date"", ""net_income""]","[""Primary market data missing or incomplete.""]",Primary market data missing or incomplete.,,,687290.0,,687290.0,,,,PARTIAL_PROVISIONAL_DATA,provisional_structured,,,,,,,,,
TIN,Công ty Tài chính tổng hợp cổ phần Tín Việt,BLOCKED_INSUFFICIENT_MARKET_DATA,REJECTED,True,False,PROVISIONAL_PRIMARY_ONLY,PROVISIONAL_LOW,NOT_AVAILABLE,NEEDS_MANUAL_BCTC_REVIEW,"[""avg_volume_20d"", ""capex"", ""gross_profit"", ""last_close"", ""last_price_date"", ""revenue""]","[""Primary market data missing or incomplete.""]",Primary market data missing or incomplete.,,,,,,,,,PARTIAL_PROVISIONAL_DATA,provisional_structured,,,,,,,,,
TIP,Công ty Cổ phần Phát triển Khu công nghiệp Tín Nghĩa,BLOCKED_INSUFFICIENT_MARKET_DATA,REJECTED,True,False,PROVISIONAL_PRIMARY_ONLY,PROVISIONAL_LOW,NOT_AVAILABLE,NEEDS_MANUAL_BCTC_REVIEW,"[""last_close"", ""last_price_date"", ""net_income""]","[""Primary market data missing or incomplete.""]",Primary market data missing or incomplete.,,,23290.0,,23290.0,,,,PARTIAL_PROVISIONAL_DATA,provisional_structured,,,,,,,,,
TIS,Công ty Cổ phần Gang thép Thái Nguyên,BLOCKED_INSUFFICIENT_MARKET_DATA,REJECTED,True,False,PROVISIONAL_PRIMARY_ONLY,PROVISIONAL_LOW,NOT_AVAILABLE,NEEDS_MANUAL_BCTC_REVIEW,"[""last_close"", ""last_price_date"", ""net_income""]","[""Primary market data missing or incomplete.""]",Primary market data missing or incomplete.,,,15250.0,,15250.0,,,,PARTIAL_PROVISIONAL_DATA,provisional_structured,,,,,,,,,
TIX,Công ty Cổ phần Sản xuất Kinh doanh Xuất nhập khẩu Dịch vụ và Đầu tư Tân Bình,BLOCKED_INSUFFICIENT_MARKET_DATA,REJECTED,True,False,PROVISIONAL_PRIMARY_ONLY,PROVISIONAL_LOW,NOT_AVAILABLE,NEEDS_MANUAL_BCTC_REVIEW,"[""last_close"", ""last_price_date"", ""net_income""]","[""Primary market data missing or incomplete.""]",Primary market data missing or incomplete.,,,10.0,,10.0,,,,PARTIAL_PROVISIONAL_DATA,provisional_structured,,,,,,,,,
TJC,Công ty Cổ phần Dịch vụ Vận tải và Thương mại,BLOCKED_INSUFFICIENT_MARKET_DATA,REJECTED,True,False,PROVISIONAL_PRIMARY_ONLY,PROVISIONAL_LOW,NOT_AVAILABLE,NEEDS_MANUAL_BCTC_REVIEW,"[""last_close"", ""last_price_date"", ""net_income""]","[""Primary market data missing or incomplete.""]",Primary market data missing or incomplete.,,,4830.0,,4830.0,,,,PARTIAL_PROVISIONAL_DATA,provisional_structured,,,,,,,,,
TKA,Công ty Cổ phần Bao bì Tân Khánh An,BLOCKED_INSUFFICIENT_MARKET_DATA,REJECTED,True,False,PROVISIONAL_PRIMARY_ONLY,PROVISIONAL_LOW,NOT_AVAILABLE,NEEDS_MANUAL_BCTC_REVIEW,"[""avg_volume_20d"", ""last_close"", ""last_price_date"", ""net_income""]","[""Primary market data missing or incomplete.""]",Primary market data missing or incomplete.,,,,,,,,,PARTIAL_PROVISIONAL_DATA,provisional_structured,,,,,,,,,
TKC,Công ty Cổ phần Xây dựng và Kinh doanh Địa ốc Tân Kỷ,BLOCKED_INSUFFICIENT_MARKET_DATA,REJECTED,True,False,PROVISIONAL_PRIMARY_ONLY,PROVISIONAL_LOW,NOT_AVAILABLE,NEEDS_MANUAL_BCTC_REVIEW,"[""avg_volume_20d"", ""last_close"", ""last_price_date"", ""net_income""]","[""Primary market data missing or incomplete.""]",Primary market data missing or incomplete.,,,,,,,,,PARTIAL_PROVISIONAL_DATA,provisional_structured,,,,,,,,,
TKG,Công ty Cổ phần Sản xuất và Thương mại Tùng Khánh,BLOCKED_INSUFFICIENT_MARKET_DATA,REJECTED,True,False,PROVISIONAL_PRIMARY_ONLY,PROVISIONAL_LOW,NOT_AVAILABLE,NEEDS_MANUAL_BCTC_REVIEW,"[""avg_volume_20d"", ""last_close"", ""last_price_date"", ""net_income""]","[""Primary market data missing or incomplete.""]",Primary market data missing or incomplete.,,,,,,,,,PARTIAL_PROVISIONAL_DATA,provisional_structured,,,,,,,,,
TKU,Công ty Cổ phần Công nghiệp Tung Kuang,BLOCKED_INSUFFICIENT_MARKET_DATA,REJECTED,True,False,PROVISIONAL_PRIMARY_ONLY,PROVISIONAL_LOW,NOT_AVAILABLE,NEEDS_MANUAL_BCTC_REVIEW,"[""last_close"", ""last_price_date"", ""net_income""]","[""Primary market data missing or incomplete.""]",Primary market data missing or incomplete.,,,560.0,,560.0,,,,PARTIAL_PROVISIONAL_DATA,provisional_structured,,,,,,,,,
TL4,Tổng Công ty Xây dựng Thủy lợi 4 - Công ty Cổ phần,BLOCKED_INSUFFICIENT_MARKET_DATA,REJECTED,True,False,PROVISIONAL_PRIMARY_ONLY,PROVISIONAL_LOW,NOT_AVAILABLE,NEEDS_MANUAL_BCTC_REVIEW,"[""avg_volume_20d"", ""last_close"", ""last_price_date"", ""net_income""]","[""Primary market data missing or incomplete.""]",Primary market data missing or incomplete.,,,,,,,,,PARTIAL_PROVISIONAL_DATA,provisional_structured,,,,,,,,,
TLD,Công ty Cổ phần Đầu tư Xây dựng và Phát triển Đô thị Thăng Long,BLOCKED_INSUFFICIENT_MARKET_DATA,REJECTED,True,False,PROVISIONAL_PRIMARY_ONLY,PROVISIONAL_LOW,NOT_AVAILABLE,NEEDS_MANUAL_BCTC_REVIEW,"[""last_close"", ""last_price_date"", ""net_income""]","[""Primary market data missing or incomplete.""]",Primary market data missing or incomplete.,,,232160.0,,232160.0,,,,PARTIAL_PROVISIONAL_DATA,provisional_structured,,,,,,,,,
TLG,Công ty Cổ phần Tập đoàn Thiên Long,BLOCKED_INSUFFICIENT_MARKET_DATA,REJECTED,True,False,PROVISIONAL_PRIMARY_ONLY,PROVISIONAL_LOW,NOT_AVAILABLE,NEEDS_MANUAL_BCTC_REVIEW,"[""last_close"", ""last_price_date"", ""net_income""]","[""Primary market data missing or incomplete.""]",Primary market data missing or incomplete.,,,77590.0,,77590.0,,,,PARTIAL_PROVISIONAL_DATA,provisional_structured,,,,,,,,,
TLH,Công ty Cổ phần Tập đoàn Thép Tiến Lên,WATCHLIST_CANDIDATE,WATCH_ONLY,True,True,PROVISIONAL_PRIMARY_ONLY,PROVISIONAL_LOW,NOT_AVAILABLE,NEEDS_MANUAL_BCTC_REVIEW,"[""net_income""]",[],Survived primary-only scale filters; manual BCTC/source verification remains required.,2026-06-11,4.38,157870.0,181486.6667,127900.0,691470.6,0.0,FETCH_OK,OK_FOR_PROVISIONAL_SCREEN,provisional_structured,,,,,,,,,
TLI,Công ty Cổ phần May Quốc tế Thắng Lợi,BLOCKED_INSUFFICIENT_MARKET_DATA,REJECTED,True,False,PROVISIONAL_PRIMARY_ONLY,PROVISIONAL_LOW,NOT_AVAILABLE,NEEDS_MANUAL_BCTC_REVIEW,"[""last_close"", ""last_price_date"", ""net_income""]","[""Primary market data missing or incomplete.""]",Primary market data missing or incomplete.,,,70.0,,70.0,,,,PARTIAL_PROVISIONAL_DATA,provisional_structured,,,,,,,,,
TLP,Tổng Công ty Thương mại Xuất nhập khẩu Thanh Lễ - CTCP,BLOCKED_INSUFFICIENT_MARKET_DATA,REJECTED,True,False,PROVISIONAL_PRIMARY_ONLY,PROVISIONAL_LOW,NOT_AVAILABLE,NEEDS_MANUAL_BCTC_REVIEW,"[""last_close"", ""last_price_date"", ""net_income""]","[""Primary market data missing or incomplete.""]",Primary market data missing or incomplete.,,,730.0,,730.0,,,,PARTIAL_PROVISIONAL_DATA,provisional_structured,,,,,,,,,
TLT,Công ty Cổ phần Viglacera Thăng Long,BLOCKED_INSUFFICIENT_MARKET_DATA,REJECTED,True,False,PROVISIONAL_PRIMARY_ONLY,PROVISIONAL_LOW,NOT_AVAILABLE,NEEDS_MANUAL_BCTC_REVIEW,"[""avg_volume_20d"", ""last_close"", ""last_price_date"", ""net_income""]","[""Primary market data missing or incomplete.""]",Primary market data missing or incomplete.,,,,,,,,,PARTIAL_PROVISIONAL_DATA,provisional_structured,,,,,,,,,
TMB,Công ty Cổ phần Kinh doanh Than Miền Bắc - Vinacomin,BLOCKED_INSUFFICIENT_MARKET_DATA,REJECTED,True,False,PROVISIONAL_PRIMARY_ONLY,PROVISIONAL_LOW,NOT_AVAILABLE,NEEDS_MANUAL_BCTC_REVIEW,"[""last_close"", ""last_price_date"", ""net_income""]","[""Primary market data missing or incomplete.""]",Primary market data missing or incomplete.,,,1110.0,,1110.0,,,,PARTIAL_PROVISIONAL_DATA,provisional_structured,,,,,,,,,
TMC,Công ty Cổ phần Thương mại Xuất nhập khẩu Thủ Đức,BLOCKED_INSUFFICIENT_MARKET_DATA,REJECTED,True,False,PROVISIONAL_PRIMARY_ONLY,PROVISIONAL_LOW,NOT_AVAILABLE,NEEDS_MANUAL_BCTC_REVIEW,"[""last_close"", ""last_price_date"", ""net_income""]","[""Primary market data missing or incomplete.""]",Primary market data missing or incomplete.,,,880.0,,880.0,,,,PARTIAL_PROVISIONAL_DATA,provisional_structured,,,,,,,,,
TMG,Công ty Cổ phần Kim loại màu Thái Nguyên - Vimico,BLOCKED_INSUFFICIENT_MARKET_DATA,REJECTED,True,False,PROVISIONAL_PRIMARY_ONLY,PROVISIONAL_LOW,NOT_AVAILABLE,NEEDS_MANUAL_BCTC_REVIEW,"[""last_close"", ""last_price_date"", ""net_income""]","[""Primary market data missing or incomplete.""]",Primary market data missing or incomplete.,,,10.0,,10.0,,,,PARTIAL_PROVISIONAL_DATA,provisional_structured,,,,,,,,,
TMP,Công ty Cổ phần Thủy điện Thác Mơ,BLOCKED_INSUFFICIENT_MARKET_DATA,REJECTED,True,False,PROVISIONAL_PRIMARY_ONLY,PROVISIONAL_LOW,NOT_AVAILABLE,NEEDS_MANUAL_BCTC_REVIEW,"[""last_close"", ""last_price_date"", ""net_income""]","[""Primary market data missing or incomplete.""]",Primary market data missing or incomplete.,,,3730.0,,3730.0,,,,PARTIAL_PROVISIONAL_DATA,provisional_structured,,,,,,,,,
TMS,Công ty Cổ phần Transimex,BLOCKED_INSUFFICIENT_MARKET_DATA,REJECTED,True,False,PROVISIONAL_PRIMARY_ONLY,PROVISIONAL_LOW,NOT_AVAILABLE,NEEDS_MANUAL_BCTC_REVIEW,"[""last_close"", ""last_price_date"", ""net_income""]","[""Primary market data missing or incomplete.""]",Primary market data missing or incomplete.,,,1770.0,,1770.0,,,,PARTIAL_PROVISIONAL_DATA,provisional_structured,,,,,,,,,
TMT,Công ty Cổ phần Ô tô TMT,BLOCKED_INSUFFICIENT_MARKET_DATA,REJECTED,True,False,PROVISIONAL_PRIMARY_ONLY,PROVISIONAL_LOW,NOT_AVAILABLE,NEEDS_MANUAL_BCTC_REVIEW,"[""last_close"", ""last_price_date"", ""net_income""]","[""Primary market data missing or incomplete.""]",Primary market data missing or incomplete.,,,16900.0,,16900.0,,,,PARTIAL_PROVISIONAL_DATA,provisional_structured,,,,,,,,,
TMW,Công ty Cổ phần Tổng hợp Gỗ Tân Mai,BLOCKED_INSUFFICIENT_MARKET_DATA,REJECTED,True,False,PROVISIONAL_PRIMARY_ONLY,PROVISIONAL_LOW,NOT_AVAILABLE,NEEDS_MANUAL_BCTC_REVIEW,"[""avg_volume_20d"", ""last_close"", ""last_price_date"", ""net_income""]","[""Primary market data missing or incomplete.""]",Primary market data missing or incomplete.,,,,,,,,,PARTIAL_PROVISIONAL_DATA,provisional_structured,,,,,,,,,
TMX,Công ty Cổ phần VICEM Thương mại Xi măng,BLOCKED_INSUFFICIENT_MARKET_DATA,REJECTED,True,False,PROVISIONAL_PRIMARY_ONLY,PROVISIONAL_LOW,NOT_AVAILABLE,NEEDS_MANUAL_BCTC_REVIEW,"[""last_close"", ""last_price_date"", ""net_income""]","[""Primary market data missing or incomplete.""]",Primary market data missing or incomplete.,,,240.0,,240.0,,,,PARTIAL_PROVISIONAL_DATA,provisional_structured,,,,,,,,,
TN1,Công ty Cổ phần Rox Key Holdings,BLOCKED_INSUFFICIENT_MARKET_DATA,REJECTED,True,False,PROVISIONAL_PRIMARY_ONLY,PROVISIONAL_LOW,NOT_AVAILABLE,NEEDS_MANUAL_BCTC_REVIEW,"[""last_close"", ""last_price_date"", ""net_income""]","[""Primary market data missing or incomplete.""]",Primary market data missing or incomplete.,,,3130.0,,3130.0,,,,PARTIAL_PROVISIONAL_DATA,provisional_structured,,,,,,,,,
TNA,Công ty Cổ phần Thương mại Xuất nhập khẩu Thiên Nam,BLOCKED_INSUFFICIENT_MARKET_DATA,REJECTED,True,False,PROVISIONAL_PRIMARY_ONLY,PROVISIONAL_LOW,NOT_AVAILABLE,NEEDS_MANUAL_BCTC_REVIEW,"[""avg_volume_20d"", ""last_close"", ""last_price_date"", ""net_income""]","[""Primary market data missing or incomplete.""]",Primary market data missing or incomplete.,,,,,,,,,PARTIAL_PROVISIONAL_DATA,provisional_structured,,,,,,,,,
TNB,Công ty Cổ phần Thép Nhà Bè - VNSTEEL,BLOCKED_INSUFFICIENT_MARKET_DATA,REJECTED,True,False,PROVISIONAL_PRIMARY_ONLY,PROVISIONAL_LOW,NOT_AVAILABLE,NEEDS_MANUAL_BCTC_REVIEW,"[""last_close"", ""last_price_date"", ""net_income""]","[""Primary market data missing or incomplete.""]",Primary market data missing or incomplete.,,,30.0,,30.0,,,,PARTIAL_PROVISIONAL_DATA,provisional_structured,,,,,,,,,
TNC,Công ty Cổ phần Cao su Thống Nhất,BLOCKED_INSUFFICIENT_MARKET_DATA,REJECTED,True,False,PROVISIONAL_PRIMARY_ONLY,PROVISIONAL_LOW,NOT_AVAILABLE,NEEDS_MANUAL_BCTC_REVIEW,"[""last_close"", ""last_price_date"", ""net_income""]","[""Primary market data missing or incomplete.""]",Primary market data missing or incomplete.,,,220.0,,220.0,,,,PARTIAL_PROVISIONAL_DATA,provisional_structured,,,,,,,,,
TNG,Công ty Cổ phần Đầu tư và Thương mại TNG,BLOCKED_INSUFFICIENT_MARKET_DATA,REJECTED,True,False,PROVISIONAL_PRIMARY_ONLY,PROVISIONAL_LOW,NOT_AVAILABLE,NEEDS_MANUAL_BCTC_REVIEW,"[""last_close"", ""last_price_date"", ""net_income""]","[""Primary market data missing or incomplete.""]",Primary market data missing or incomplete.,,,673700.0,,673700.0,,,,PARTIAL_PROVISIONAL_DATA,provisional_structured,,,,,,,,,
TNH,Công ty Cổ phần Tập đoàn Bệnh viện TNH,BLOCKED_INSUFFICIENT_MARKET_DATA,REJECTED,True,False,PROVISIONAL_PRIMARY_ONLY,PROVISIONAL_LOW,NOT_AVAILABLE,NEEDS_MANUAL_BCTC_REVIEW,"[""last_close"", ""last_price_date"", ""net_income""]","[""Primary market data missing or incomplete.""]",Primary market data missing or incomplete.,,,125530.0,,125530.0,,,,PARTIAL_PROVISIONAL_DATA,provisional_structured,,,,,,,,,
TNI,Công ty Cổ phần Tập đoàn Thành Nam,BLOCKED_INSUFFICIENT_MARKET_DATA,REJECTED,True,False,PROVISIONAL_PRIMARY_ONLY,PROVISIONAL_LOW,NOT_AVAILABLE,NEEDS_MANUAL_BCTC_REVIEW,"[""last_close"", ""last_price_date"", ""net_income""]","[""Primary market data missing or incomplete.""]",Primary market data missing or incomplete.,,,148990.0,,148990.0,,,,PARTIAL_PROVISIONAL_DATA,provisional_structured,,,,,,,,,
TNM,Công ty Cổ phần Xuất nhập khẩu và Xây dựng Công trình,BLOCKED_INSUFFICIENT_MARKET_DATA,REJECTED,True,False,PROVISIONAL_PRIMARY_ONLY,PROVISIONAL_LOW,NOT_AVAILABLE,NEEDS_MANUAL_BCTC_REVIEW,"[""avg_volume_20d"", ""equity"", ""last_close"", ""last_price_date"", ""total_assets""]","[""Primary market data missing or incomplete.""]",Primary market data missing or incomplete.,,,,,,,,,PARTIAL_PROVISIONAL_DATA,provisional_structured,,,,,,,,,
TNP,Công ty Cổ phần Cảng Thị Nại,BLOCKED_INSUFFICIENT_MARKET_DATA,REJECTED,True,False,PROVISIONAL_PRIMARY_ONLY,PROVISIONAL_LOW,NOT_AVAILABLE,NEEDS_MANUAL_BCTC_REVIEW,"[""last_close"", ""last_price_date"", ""net_income""]","[""Primary market data missing or incomplete.""]",Primary market data missing or incomplete.,,,10.0,,10.0,,,,PARTIAL_PROVISIONAL_DATA,provisional_structured,,,,,,,,,
TNS,Công ty Cổ phần Thép tấm lá Thống Nhất,BLOCKED_INSUFFICIENT_MARKET_DATA,REJECTED,True,False,PROVISIONAL_PRIMARY_ONLY,PROVISIONAL_LOW,NOT_AVAILABLE,NEEDS_MANUAL_BCTC_REVIEW,"[""last_close"", ""last_price_date"", ""net_income""]","[""Primary market data missing or incomplete.""]",Primary market data missing or incomplete.,,,21971.0,,21971.0,,,,PARTIAL_PROVISIONAL_DATA,provisional_structured,,,,,,,,,
TNT,Công ty Cổ phần Tập đoàn TNT,BLOCKED_INSUFFICIENT_MARKET_DATA,REJECTED,True,False,PROVISIONAL_PRIMARY_ONLY,PROVISIONAL_LOW,NOT_AVAILABLE,NEEDS_MANUAL_BCTC_REVIEW,"[""last_close"", ""last_price_date"", ""net_income""]","[""Primary market data missing or incomplete.""]",Primary market data missing or incomplete.,,,142020.0,,142020.0,,,,PARTIAL_PROVISIONAL_DATA,provisional_structured,,,,,,,,,
TNV,Công ty Cổ phần Thống Nhất Hà Nội,BLOCKED_INSUFFICIENT_MARKET_DATA,REJECTED,True,False,PROVISIONAL_PRIMARY_ONLY,PROVISIONAL_LOW,NOT_AVAILABLE,NEEDS_MANUAL_BCTC_REVIEW,"[""avg_volume_20d"", ""last_close"", ""last_price_date"", ""net_income""]","[""Primary market data missing or incomplete.""]",Primary market data missing or incomplete.,,,,,,,,,PARTIAL_PROVISIONAL_DATA,provisional_structured,,,,,,,,,
TNW,Công ty Cổ phần Nước sạch Thái Nguyên,BLOCKED_INSUFFICIENT_MARKET_DATA,REJECTED,True,False,PROVISIONAL_PRIMARY_ONLY,PROVISIONAL_LOW,NOT_AVAILABLE,NEEDS_MANUAL_BCTC_REVIEW,"[""last_close"", ""last_price_date"", ""net_income""]","[""Primary market data missing or incomplete.""]",Primary market data missing or incomplete.,,,3150.0,,3150.0,,,,PARTIAL_PROVISIONAL_DATA,provisional_structured,,,,,,,,,
TOP,Công ty Cổ phần Phân phối Top One,BLOCKED_INSUFFICIENT_MARKET_DATA,REJECTED,True,False,PROVISIONAL_PRIMARY_ONLY,PROVISIONAL_LOW,NOT_AVAILABLE,NEEDS_MANUAL_BCTC_REVIEW,"[""avg_volume_20d"", ""last_close"", ""last_price_date"", ""net_income""]","[""Primary market data missing or incomplete.""]",Primary market data missing or incomplete.,,,,,,,,,PARTIAL_PROVISIONAL_DATA,provisional_structured,,,,,,,,,
TOS,Công ty Cổ phần Dịch vụ biển Tân Cảng,BLOCKED_INSUFFICIENT_MARKET_DATA,REJECTED,True,False,PROVISIONAL_PRIMARY_ONLY,PROVISIONAL_LOW,NOT_AVAILABLE,NEEDS_MANUAL_BCTC_REVIEW,"[""last_close"", ""last_price_date"", ""net_income""]","[""Primary market data missing or incomplete.""]",Primary market data missing or incomplete.,,,9400.0,,9400.0,,,,PARTIAL_PROVISIONAL_DATA,provisional_structured,,,,,,,,,
TOT,Công ty Cổ phần Transimex Logistics,BLOCKED_INSUFFICIENT_MARKET_DATA,REJECTED,True,False,PROVISIONAL_PRIMARY_ONLY,PROVISIONAL_LOW,NOT_AVAILABLE,NEEDS_MANUAL_BCTC_REVIEW,"[""last_close"", ""last_price_date"", ""net_income""]","[""Primary market data missing or incomplete.""]",Primary market data missing or incomplete.,,,850.0,,850.0,,,,PARTIAL_PROVISIONAL_DATA,provisional_structured,,,,,,,,,
TOW,Công ty Cổ phần Cấp nước Trà Nóc - Ô Môn,BLOCKED_INSUFFICIENT_MARKET_DATA,REJECTED,True,False,PROVISIONAL_PRIMARY_ONLY,PROVISIONAL_LOW,NOT_AVAILABLE,NEEDS_MANUAL_BCTC_REVIEW,"[""last_close"", ""last_price_date"", ""net_income""]","[""Primary market data missing or incomplete.""]",Primary market data missing or incomplete.,,,500.0,,500.0,,,,PARTIAL_PROVISIONAL_DATA,provisional_structured,,,,,,,,,
TPB,Ngân hàng Thương mại Cổ phần Tiên Phong,BLOCKED_INSUFFICIENT_MARKET_DATA,REJECTED,True,False,PROVISIONAL_PRIMARY_ONLY,PROVISIONAL_LOW,NOT_AVAILABLE,NEEDS_MANUAL_BCTC_REVIEW,"[""capex"", ""gross_profit"", ""last_close"", ""last_price_date"", ""revenue""]","[""Primary market data missing or incomplete.""]",Primary market data missing or incomplete.,,,7678640.0,,7678640.0,,,,PARTIAL_PROVISIONAL_DATA,provisional_structured,,,,,,,,,
TPC,Công ty Cổ phần Nhựa Tân Đại Hưng,BLOCKED_INSUFFICIENT_MARKET_DATA,REJECTED,True,False,PROVISIONAL_PRIMARY_ONLY,PROVISIONAL_LOW,NOT_AVAILABLE,NEEDS_MANUAL_BCTC_REVIEW,"[""last_close"", ""last_price_date"", ""net_income""]","[""Primary market data missing or incomplete.""]",Primary market data missing or incomplete.,,,73320.0,,73320.0,,,,PARTIAL_PROVISIONAL_DATA,provisional_structured,,,,,,,,,
TPH,Công ty Cổ phần In Sách giáo khoa tại Thành phố Hà Nội,BLOCKED_INSUFFICIENT_MARKET_DATA,REJECTED,True,False,PROVISIONAL_PRIMARY_ONLY,PROVISIONAL_LOW,NOT_AVAILABLE,NEEDS_MANUAL_BCTC_REVIEW,"[""last_close"", ""last_price_date"", ""net_income""]","[""Primary market data missing or incomplete.""]",Primary market data missing or incomplete.,,,90.0,,90.0,,,,PARTIAL_PROVISIONAL_DATA,provisional_structured,,,,,,,,,
TPP,Công ty Cổ phần Tân Phú Việt Nam,BLOCKED_INSUFFICIENT_MARKET_DATA,REJECTED,True,False,PROVISIONAL_PRIMARY_ONLY,PROVISIONAL_LOW,NOT_AVAILABLE,NEEDS_MANUAL_BCTC_REVIEW,"[""avg_volume_20d"", ""last_close"", ""last_price_date"", ""net_income""]","[""Primary market data missing or incomplete.""]",Primary market data missing or incomplete.,,,,,,,,,PARTIAL_PROVISIONAL_DATA,provisional_structured,,,,,,,,,
TPS,Công ty Cổ phần Bến bãi vận tải Sài Gòn,BLOCKED_INSUFFICIENT_MARKET_DATA,REJECTED,True,False,PROVISIONAL_PRIMARY_ONLY,PROVISIONAL_LOW,NOT_AVAILABLE,NEEDS_MANUAL_BCTC_REVIEW,"[""avg_volume_20d"", ""last_close"", ""last_price_date"", ""net_income""]","[""Primary market data missing or incomplete.""]",Primary market data missing or incomplete.,,,,,,,,,PARTIAL_PROVISIONAL_DATA,provisional_structured,,,,,,,,,
TQN,Công ty Cổ phần Thông Quảng Ninh,BLOCKED_INSUFFICIENT_MARKET_DATA,REJECTED,True,False,PROVISIONAL_PRIMARY_ONLY,PROVISIONAL_LOW,NOT_AVAILABLE,NEEDS_MANUAL_BCTC_REVIEW,"[""avg_volume_20d"", ""last_close"", ""last_price_date"", ""net_income""]","[""Primary market data missing or incomplete.""]",Primary market data missing or incomplete.,,,,,,,,,PARTIAL_PROVISIONAL_DATA,provisional_structured,,,,,,,,,
TQW,Công ty Cổ phần Cấp thoát nước Tuyên Quang,BLOCKED_INSUFFICIENT_MARKET_DATA,REJECTED,True,False,PROVISIONAL_PRIMARY_ONLY,PROVISIONAL_LOW,NOT_AVAILABLE,NEEDS_MANUAL_BCTC_REVIEW,"[""avg_volume_20d"", ""last_close"", ""last_price_date"", ""net_income""]","[""Primary market data missing or incomplete.""]",Primary market data missing or incomplete.,,,,,,,,,PARTIAL_PROVISIONAL_DATA,provisional_structured,,,,,,,,,
TR1,Công ty Cổ phần Vận Tải 1 Traco,BLOCKED_INSUFFICIENT_MARKET_DATA,REJECTED,True,False,PROVISIONAL_PRIMARY_ONLY,PROVISIONAL_LOW,NOT_AVAILABLE,NEEDS_MANUAL_BCTC_REVIEW,"[""avg_volume_20d"", ""last_close"", ""last_price_date"", ""net_income""]","[""Primary market data missing or incomplete.""]",Primary market data missing or incomplete.,,,,,,,,,PARTIAL_PROVISIONAL_DATA,provisional_structured,,,,,,,,,
TRA,Công ty Cổ phần Traphaco,BLOCKED_INSUFFICIENT_MARKET_DATA,REJECTED,True,False,PROVISIONAL_PRIMARY_ONLY,PROVISIONAL_LOW,NOT_AVAILABLE,NEEDS_MANUAL_BCTC_REVIEW,"[""last_close"", ""last_price_date"", ""net_income""]","[""Primary market data missing or incomplete.""]",Primary market data missing or incomplete.,,,7030.0,,7030.0,,,,PARTIAL_PROVISIONAL_DATA,provisional_structured,,,,,,,,,
TRC,Công ty Cổ phần Cao su Tây Ninh,BLOCKED_INSUFFICIENT_MARKET_DATA,REJECTED,True,False,PROVISIONAL_PRIMARY_ONLY,PROVISIONAL_LOW,NOT_AVAILABLE,NEEDS_MANUAL_BCTC_REVIEW,"[""last_close"", ""last_price_date"", ""net_income""]","[""Primary market data missing or incomplete.""]",Primary market data missing or incomplete.,,,24180.0,,24180.0,,,,PARTIAL_PROVISIONAL_DATA,provisional_structured,,,,,,,,,
TRS,Công ty Cổ phần Vận tải và Dịch vụ Hàng Hải,BLOCKED_INSUFFICIENT_MARKET_DATA,REJECTED,True,False,PROVISIONAL_PRIMARY_ONLY,PROVISIONAL_LOW,NOT_AVAILABLE,NEEDS_MANUAL_BCTC_REVIEW,"[""last_close"", ""last_price_date"", ""net_income""]","[""Primary market data missing or incomplete.""]",Primary market data missing or incomplete.,,,290.0,,290.0,,,,PARTIAL_PROVISIONAL_DATA,provisional_structured,,,,,,,,,
TRT,Công ty Cổ phần RedstarCera,BLOCKED_INSUFFICIENT_MARKET_DATA,REJECTED,True,False,PROVISIONAL_PRIMARY_ONLY,PROVISIONAL_LOW,NOT_AVAILABLE,NEEDS_MANUAL_BCTC_REVIEW,"[""avg_volume_20d"", ""last_close"", ""last_price_date"", ""net_income""]","[""Primary market data missing or incomplete.""]",Primary market data missing or incomplete.,,,,,,,,,PARTIAL_PROVISIONAL_DATA,provisional_structured,,,,,,,,,
TRV,Công ty Cổ Phần Vận tải Đường sắt,BLOCKED_INSUFFICIENT_MARKET_DATA,REJECTED,True,False,PROVISIONAL_PRIMARY_ONLY,PROVISIONAL_LOW,NOT_AVAILABLE,NEEDS_MANUAL_BCTC_REVIEW,"[""avg_volume_20d"", ""last_close"", ""last_price_date"", ""net_income""]","[""Primary market data missing or incomplete.""]",Primary market data missing or incomplete.,,,,,,,,,PARTIAL_PROVISIONAL_DATA,provisional_structured,,,,,,,,,
TS3,Công ty Cổ phần Trường Sơn 532,BLOCKED_INSUFFICIENT_MARKET_DATA,REJECTED,True,False,PROVISIONAL_PRIMARY_ONLY,PROVISIONAL_LOW,NOT_AVAILABLE,NEEDS_MANUAL_BCTC_REVIEW,"[""last_close"", ""last_price_date"", ""net_income""]","[""Primary market data missing or incomplete.""]",Primary market data missing or incomplete.,,,1510.0,,1510.0,,,,PARTIAL_PROVISIONAL_DATA,provisional_structured,,,,,,,,,
TS4,Công ty Cổ phần Thủy sản số 4,BLOCKED_INSUFFICIENT_MARKET_DATA,REJECTED,True,False,PROVISIONAL_PRIMARY_ONLY,PROVISIONAL_LOW,NOT_AVAILABLE,NEEDS_MANUAL_BCTC_REVIEW,"[""avg_volume_20d"", ""last_close"", ""last_price_date"", ""net_income""]","[""Primary market data missing or incomplete.""]",Primary market data missing or incomplete.,,,,,,,,,PARTIAL_PROVISIONAL_DATA,provisional_structured,,,,,,,,,
TS5,Công ty TNHH MTV 145,BLOCKED_INSUFFICIENT_MARKET_DATA,REJECTED,True,False,PROVISIONAL_PRIMARY_ONLY,PROVISIONAL_LOW,NOT_AVAILABLE,NEEDS_MANUAL_BCTC_REVIEW,"[""avg_volume_20d"", ""capex"", ""cfo"", ""equity"", ""gross_profit"", ""last_close"", ""last_price_date"", ""net_income"", ""revenue"", ""total_assets"", ""total_liabilities""]","[""Primary market data missing or incomplete.""]",Primary market data missing or incomplete.,,,,,,,,,INSUFFICIENT_DATA,provisional_structured,,,,,,,,,
TSA,Công ty Cổ Phần Đầu Tư Và Xây Lắp Trường Sơn,BLOCKED_INSUFFICIENT_MARKET_DATA,REJECTED,True,False,PROVISIONAL_PRIMARY_ONLY,PROVISIONAL_LOW,NOT_AVAILABLE,NEEDS_MANUAL_BCTC_REVIEW,"[""avg_volume_20d"", ""last_close"", ""last_price_date"", ""net_income""]","[""Primary market data missing or incomplete.""]",Primary market data missing or incomplete.,,,,,,,,,PARTIAL_PROVISIONAL_DATA,provisional_structured,,,,,,,,,
TSB,Công ty Cổ phần Ắc quy Tia Sáng,BLOCKED_INSUFFICIENT_MARKET_DATA,REJECTED,True,False,PROVISIONAL_PRIMARY_ONLY,PROVISIONAL_LOW,NOT_AVAILABLE,NEEDS_MANUAL_BCTC_REVIEW,"[""last_close"", ""last_price_date"", ""net_income""]","[""Primary market data missing or incomplete.""]",Primary market data missing or incomplete.,,,4530.0,,4530.0,,,,PARTIAL_PROVISIONAL_DATA,provisional_structured,,,,,,,,,
TSC,Công ty Cổ phần Vật tư Kỹ thuật Nông nghiệp Cần Thơ,BLOCKED_INSUFFICIENT_MARKET_DATA,REJECTED,True,False,PROVISIONAL_PRIMARY_ONLY,PROVISIONAL_LOW,NOT_AVAILABLE,NEEDS_MANUAL_BCTC_REVIEW,"[""last_close"", ""last_price_date"", ""net_income""]","[""Primary market data missing or incomplete.""]",Primary market data missing or incomplete.,,,135590.0,,135590.0,,,,PARTIAL_PROVISIONAL_DATA,provisional_structured,,,,,,,,,
TSD,Công ty Cổ phần Du lịch Trường Sơn Coecco,BLOCKED_INSUFFICIENT_MARKET_DATA,REJECTED,True,False,PROVISIONAL_PRIMARY_ONLY,PROVISIONAL_LOW,NOT_AVAILABLE,NEEDS_MANUAL_BCTC_REVIEW,"[""last_close"", ""last_price_date"", ""net_income""]","[""Primary market data missing or incomplete.""]",Primary market data missing or incomplete.,,,10.0,,10.0,,,,PARTIAL_PROVISIONAL_DATA,provisional_structured,,,,,,,,,
TSG,Công ty Cổ phần Thông tin Tín hiệu Đường sắt Sài Gòn,BLOCKED_INSUFFICIENT_MARKET_DATA,REJECTED,True,False,PROVISIONAL_PRIMARY_ONLY,PROVISIONAL_LOW,NOT_AVAILABLE,NEEDS_MANUAL_BCTC_REVIEW,"[""avg_volume_20d"", ""last_close"", ""last_price_date"", ""net_income""]","[""Primary market data missing or incomplete.""]",Primary market data missing or incomplete.,,,,,,,,,PARTIAL_PROVISIONAL_DATA,provisional_structured,,,,,,,,,
TSJ,Công ty Cổ phần Du lịch Dịch vụ Hà Nội,BLOCKED_INSUFFICIENT_MARKET_DATA,REJECTED,True,False,PROVISIONAL_PRIMARY_ONLY,PROVISIONAL_LOW,NOT_AVAILABLE,NEEDS_MANUAL_BCTC_REVIEW,"[""last_close"", ""last_price_date"", ""net_income""]","[""Primary market data missing or incomplete.""]",Primary market data missing or incomplete.,,,310.0,,310.0,,,,PARTIAL_PROVISIONAL_DATA,provisional_structured,,,,,,,,,
TST,Công ty Cổ phần Dịch vụ Kỹ thuật Viễn thông,BLOCKED_INSUFFICIENT_MARKET_DATA,REJECTED,True,False,PROVISIONAL_PRIMARY_ONLY,PROVISIONAL_LOW,NOT_AVAILABLE,NEEDS_MANUAL_BCTC_REVIEW,"[""last_close"", ""last_price_date"", ""net_income""]","[""Primary market data missing or incomplete.""]",Primary market data missing or incomplete.,,,1540.0,,1540.0,,,,PARTIAL_PROVISIONAL_DATA,provisional_structured,,,,,,,,,
TT6,Công ty Cổ Phần Tập Đoàn Tiến Thịnh,BLOCKED_INSUFFICIENT_MARKET_DATA,REJECTED,True,False,PROVISIONAL_PRIMARY_ONLY,PROVISIONAL_LOW,NOT_AVAILABLE,NEEDS_MANUAL_BCTC_REVIEW,"[""avg_volume_20d"", ""last_close"", ""last_price_date"", ""net_income""]","[""Primary market data missing or incomplete.""]",Primary market data missing or incomplete.,,,,,,,,,PARTIAL_PROVISIONAL_DATA,provisional_structured,,,,,,,,,
TTA,Công ty Cổ phần Đầu tư Xây dựng và Phát triển Trường Thành,BLOCKED_INSUFFICIENT_MARKET_DATA,REJECTED,True,False,PROVISIONAL_PRIMARY_ONLY,PROVISIONAL_LOW,NOT_AVAILABLE,NEEDS_MANUAL_BCTC_REVIEW,"[""last_close"", ""last_price_date"", ""net_income""]","[""Primary market data missing or incomplete.""]",Primary market data missing or incomplete.,,,278410.0,,278410.0,,,,PARTIAL_PROVISIONAL_DATA,provisional_structured,,,,,,,,,
TTB,Công ty Cổ phần TTBGROUP,BLOCKED_INSUFFICIENT_MARKET_DATA,REJECTED,True,False,PROVISIONAL_PRIMARY_ONLY,PROVISIONAL_LOW,NOT_AVAILABLE,NEEDS_MANUAL_BCTC_REVIEW,"[""avg_volume_20d"", ""last_close"", ""last_price_date"", ""net_income""]","[""Primary market data missing or incomplete.""]",Primary market data missing or incomplete.,,,,,,,,,PARTIAL_PROVISIONAL_DATA,provisional_structured,,,,,,,,,
TTC,Công ty Cổ phần Gạch men Thanh Thanh,BLOCKED_INSUFFICIENT_MARKET_DATA,REJECTED,True,False,PROVISIONAL_PRIMARY_ONLY,PROVISIONAL_LOW,NOT_AVAILABLE,NEEDS_MANUAL_BCTC_REVIEW,"[""last_close"", ""last_price_date"", ""net_income""]","[""Primary market data missing or incomplete.""]",Primary market data missing or incomplete.,,,920.0,,920.0,,,,PARTIAL_PROVISIONAL_DATA,provisional_structured,,,,,,,,,
TTD,Công ty Cổ phần Bệnh viện Tim Tâm Đức,BLOCKED_INSUFFICIENT_MARKET_DATA,REJECTED,True,False,PROVISIONAL_PRIMARY_ONLY,PROVISIONAL_LOW,NOT_AVAILABLE,NEEDS_MANUAL_BCTC_REVIEW,"[""avg_volume_20d"", ""last_close"", ""last_price_date"", ""net_income""]","[""Primary market data missing or incomplete.""]",Primary market data missing or incomplete.,,,,,,,,,PARTIAL_PROVISIONAL_DATA,provisional_structured,,,,,,,,,
TTE,Công ty Cổ phần Đầu tư Năng lượng Trường Thịnh,BLOCKED_INSUFFICIENT_MARKET_DATA,REJECTED,True,False,PROVISIONAL_PRIMARY_ONLY,PROVISIONAL_LOW,NOT_AVAILABLE,NEEDS_MANUAL_BCTC_REVIEW,"[""avg_volume_20d"", ""last_close"", ""last_price_date"", ""net_income""]","[""Primary market data missing or incomplete.""]",Primary market data missing or incomplete.,,,,,,,,,PARTIAL_PROVISIONAL_DATA,provisional_structured,,,,,,,,,
TTF,Công ty Cổ phần Tập đoàn Kỹ nghệ Gỗ Trường Thành,BLOCKED_INSUFFICIENT_MARKET_DATA,REJECTED,True,False,PROVISIONAL_PRIMARY_ONLY,PROVISIONAL_LOW,NOT_AVAILABLE,NEEDS_MANUAL_BCTC_REVIEW,"[""last_close"", ""last_price_date"", ""net_income""]","[""Primary market data missing or incomplete.""]",Primary market data missing or incomplete.,,,717550.0,,717550.0,,,,PARTIAL_PROVISIONAL_DATA,provisional_structured,,,,,,,,,
TTG,Công ty Cổ phần May Thanh Trì,BLOCKED_INSUFFICIENT_MARKET_DATA,REJECTED,True,False,PROVISIONAL_PRIMARY_ONLY,PROVISIONAL_LOW,NOT_AVAILABLE,NEEDS_MANUAL_BCTC_REVIEW,"[""last_close"", ""last_price_date"", ""net_income""]","[""Primary market data missing or incomplete.""]",Primary market data missing or incomplete.,,,10070.0,,10070.0,,,,PARTIAL_PROVISIONAL_DATA,provisional_structured,,,,,,,,,
TTH,Công ty Cổ phần Thương mại và Dịch vụ Tiến Thành,BLOCKED_INSUFFICIENT_MARKET_DATA,REJECTED,True,False,PROVISIONAL_PRIMARY_ONLY,PROVISIONAL_LOW,NOT_AVAILABLE,NEEDS_MANUAL_BCTC_REVIEW,"[""last_close"", ""last_price_date"", ""net_income""]","[""Primary market data missing or incomplete.""]",Primary market data missing or incomplete.,,,95890.0,,95890.0,,,,PARTIAL_PROVISIONAL_DATA,provisional_structured,,,,,,,,,
TTL,Tổng Công ty Thăng Long - Công ty Cổ phần,BLOCKED_INSUFFICIENT_MARKET_DATA,REJECTED,True,False,PROVISIONAL_PRIMARY_ONLY,PROVISIONAL_LOW,NOT_AVAILABLE,NEEDS_MANUAL_BCTC_REVIEW,"[""last_close"", ""last_price_date"", ""net_income""]","[""Primary market data missing or incomplete.""]",Primary market data missing or incomplete.,,,650.0,,650.0,,,,PARTIAL_PROVISIONAL_DATA,provisional_structured,,,,,,,,,
TTN,Công ty Cổ phần Công nghệ & Truyền thông Việt Nam,BLOCKED_INSUFFICIENT_MARKET_DATA,REJECTED,True,False,PROVISIONAL_PRIMARY_ONLY,PROVISIONAL_LOW,NOT_AVAILABLE,NEEDS_MANUAL_BCTC_REVIEW,"[""last_close"", ""last_price_date"", ""net_income""]","[""Primary market data missing or incomplete.""]",Primary market data missing or incomplete.,,,16350.0,,16350.0,,,,PARTIAL_PROVISIONAL_DATA,provisional_structured,,,,,,,,,
TTP,Công ty Cổ phần Bao bì Tân Tiến,BLOCKED_INSUFFICIENT_MARKET_DATA,REJECTED,True,False,PROVISIONAL_PRIMARY_ONLY,PROVISIONAL_LOW,NOT_AVAILABLE,NEEDS_MANUAL_BCTC_REVIEW,"[""last_close"", ""last_price_date"", ""net_income""]","[""Primary market data missing or incomplete.""]",Primary market data missing or incomplete.,,,2086.0,,2086.0,,,,PARTIAL_PROVISIONAL_DATA,provisional_structured,,,,,,,,,
TTS,Công ty Cổ phần Cán thép Thái Trung,BLOCKED_INSUFFICIENT_MARKET_DATA,REJECTED,True,False,PROVISIONAL_PRIMARY_ONLY,PROVISIONAL_LOW,NOT_AVAILABLE,NEEDS_MANUAL_BCTC_REVIEW,"[""last_close"", ""last_price_date"", ""net_income""]","[""Primary market data missing or incomplete.""]",Primary market data missing or incomplete.,,,40.0,,40.0,,,,PARTIAL_PROVISIONAL_DATA,provisional_structured,,,,,,,,,
TTT,Công ty Cổ phần Du Lịch - Thương Mại Tây Ninh,BLOCKED_INSUFFICIENT_MARKET_DATA,REJECTED,True,False,PROVISIONAL_PRIMARY_ONLY,PROVISIONAL_LOW,NOT_AVAILABLE,NEEDS_MANUAL_BCTC_REVIEW,"[""last_close"", ""last_price_date"", ""net_income""]","[""Primary market data missing or incomplete.""]",Primary market data missing or incomplete.,,,560.0,,560.0,,,,PARTIAL_PROVISIONAL_DATA,provisional_structured,,,,,,,,,
TTZ,Công ty Cổ phần Đầu tư Xây dựng và Công nghệ Tiến Trung,BLOCKED_INSUFFICIENT_MARKET_DATA,REJECTED,True,False,PROVISIONAL_PRIMARY_ONLY,PROVISIONAL_LOW,NOT_AVAILABLE,NEEDS_MANUAL_BCTC_REVIEW,"[""avg_volume_20d"", ""last_close"", ""last_price_date"", ""net_income""]","[""Primary market data missing or incomplete.""]",Primary market data missing or incomplete.,,,,,,,,,PARTIAL_PROVISIONAL_DATA,provisional_structured,,,,,,,,,
TUG,Công ty Cổ phần Lai dắt và Vận tải Cảng Hải Phòng,BLOCKED_INSUFFICIENT_MARKET_DATA,REJECTED,True,False,PROVISIONAL_PRIMARY_ONLY,PROVISIONAL_LOW,NOT_AVAILABLE,NEEDS_MANUAL_BCTC_REVIEW,"[""avg_volume_20d"", ""last_close"", ""last_price_date"", ""net_income""]","[""Primary market data missing or incomplete.""]",Primary market data missing or incomplete.,,,,,,,,,PARTIAL_PROVISIONAL_DATA,provisional_structured,,,,,,,,,
TV1,Công ty Cổ phần Tư vấn Xây dựng Điện 1,BLOCKED_INSUFFICIENT_MARKET_DATA,REJECTED,True,False,PROVISIONAL_PRIMARY_ONLY,PROVISIONAL_LOW,NOT_AVAILABLE,NEEDS_MANUAL_BCTC_REVIEW,"[""last_close"", ""last_price_date"", ""net_income""]","[""Primary market data missing or incomplete.""]",Primary market data missing or incomplete.,,,109250.0,,109250.0,,,,PARTIAL_PROVISIONAL_DATA,provisional_structured,,,,,,,,,
TV2,Công ty Cổ phần Tư vấn Xây dựng Điện 2,BLOCKED_INSUFFICIENT_MARKET_DATA,REJECTED,True,False,PROVISIONAL_PRIMARY_ONLY,PROVISIONAL_LOW,NOT_AVAILABLE,NEEDS_MANUAL_BCTC_REVIEW,"[""last_close"", ""last_price_date"", ""net_income""]","[""Primary market data missing or incomplete.""]",Primary market data missing or incomplete.,,,384910.0,,384910.0,,,,PARTIAL_PROVISIONAL_DATA,provisional_structured,,,,,,,,,
TV3,Công ty Cổ phần Tư vấn Xây dựng Điện 3,BLOCKED_INSUFFICIENT_MARKET_DATA,REJECTED,True,False,PROVISIONAL_PRIMARY_ONLY,PROVISIONAL_LOW,NOT_AVAILABLE,NEEDS_MANUAL_BCTC_REVIEW,"[""last_close"", ""last_price_date"", ""net_income""]","[""Primary market data missing or incomplete.""]",Primary market data missing or incomplete.,,,750.0,,750.0,,,,PARTIAL_PROVISIONAL_DATA,provisional_structured,,,,,,,,,
TV4,Công ty Cổ phần Tư vấn Xây dựng Điện 4,BLOCKED_INSUFFICIENT_MARKET_DATA,REJECTED,True,False,PROVISIONAL_PRIMARY_ONLY,PROVISIONAL_LOW,NOT_AVAILABLE,NEEDS_MANUAL_BCTC_REVIEW,"[""last_close"", ""last_price_date"", ""net_income""]","[""Primary market data missing or incomplete.""]",Primary market data missing or incomplete.,,,43230.0,,43230.0,,,,PARTIAL_PROVISIONAL_DATA,provisional_structured,,,,,,,,,
TV6,Công ty Cổ phần Tập đoàn EMA LAND,BLOCKED_INSUFFICIENT_MARKET_DATA,REJECTED,True,False,PROVISIONAL_PRIMARY_ONLY,PROVISIONAL_LOW,NOT_AVAILABLE,NEEDS_MANUAL_BCTC_REVIEW,"[""last_close"", ""last_price_date"", ""net_income""]","[""Primary market data missing or incomplete.""]",Primary market data missing or incomplete.,,,10910.0,,10910.0,,,,PARTIAL_PROVISIONAL_DATA,provisional_structured,,,,,,,,,
TVA,Công ty cổ phần Sứ Viglacera Thanh Trì,BLOCKED_INSUFFICIENT_MARKET_DATA,REJECTED,True,False,PROVISIONAL_PRIMARY_ONLY,PROVISIONAL_LOW,NOT_AVAILABLE,NEEDS_MANUAL_BCTC_REVIEW,"[""avg_volume_20d"", ""last_close"", ""last_price_date"", ""net_income""]","[""Primary market data missing or incomplete.""]",Primary market data missing or incomplete.,,,,,,,,,PARTIAL_PROVISIONAL_DATA,provisional_structured,,,,,,,,,
TVB,Công ty Cổ phần Chứng khoán T-Cap,BLOCKED_INSUFFICIENT_MARKET_DATA,REJECTED,True,False,PROVISIONAL_PRIMARY_ONLY,PROVISIONAL_LOW,NOT_AVAILABLE,NEEDS_MANUAL_BCTC_REVIEW,"[""last_close"", ""last_price_date""]","[""Primary market data missing or incomplete.""]",Primary market data missing or incomplete.,,,16180.0,,16180.0,,,,PARTIAL_PROVISIONAL_DATA,provisional_structured,,,,,,,,,
TVC,Công ty Cổ phần Tập đoàn Quản lý tài sản T-Corp,BLOCKED_INSUFFICIENT_MARKET_DATA,REJECTED,True,False,PROVISIONAL_PRIMARY_ONLY,PROVISIONAL_LOW,NOT_AVAILABLE,NEEDS_MANUAL_BCTC_REVIEW,"[""last_close"", ""last_price_date"", ""net_income""]","[""Primary market data missing or incomplete.""]",Primary market data missing or incomplete.,,,156890.0,,156890.0,,,,PARTIAL_PROVISIONAL_DATA,provisional_structured,,,,,,,,,
TVD,Công ty Cổ phần Than Vàng Danh - Vinacomin,BLOCKED_INSUFFICIENT_MARKET_DATA,REJECTED,True,False,PROVISIONAL_PRIMARY_ONLY,PROVISIONAL_LOW,NOT_AVAILABLE,NEEDS_MANUAL_BCTC_REVIEW,"[""last_close"", ""last_price_date"", ""net_income""]","[""Primary market data missing or incomplete.""]",Primary market data missing or incomplete.,,,73520.0,,73520.0,,,,PARTIAL_PROVISIONAL_DATA,provisional_structured,,,,,,,,,
TVG,Công ty Cổ phần Tư vấn Đầu tư và Xây dựng Giao thông Vận tải,BLOCKED_INSUFFICIENT_MARKET_DATA,REJECTED,True,False,PROVISIONAL_PRIMARY_ONLY,PROVISIONAL_LOW,NOT_AVAILABLE,NEEDS_MANUAL_BCTC_REVIEW,"[""avg_volume_20d"", ""last_close"", ""last_price_date"", ""net_income""]","[""Primary market data missing or incomplete.""]",Primary market data missing or incomplete.,,,,,,,,,PARTIAL_PROVISIONAL_DATA,provisional_structured,,,,,,,,,
TVH,Công ty Cổ phần Tư vấn Xây dựng công trình Hàng hải,BLOCKED_INSUFFICIENT_MARKET_DATA,REJECTED,True,False,PROVISIONAL_PRIMARY_ONLY,PROVISIONAL_LOW,NOT_AVAILABLE,NEEDS_MANUAL_BCTC_REVIEW,"[""last_close"", ""last_price_date"", ""net_income""]","[""Primary market data missing or incomplete.""]",Primary market data missing or incomplete.,,,60.0,,60.0,,,,PARTIAL_PROVISIONAL_DATA,provisional_structured,,,,,,,,,
TVM,Công ty Cổ phần Tư vấn đầu tư Mỏ và công nghiệp - Vinacomin,BLOCKED_INSUFFICIENT_MARKET_DATA,REJECTED,True,False,PROVISIONAL_PRIMARY_ONLY,PROVISIONAL_LOW,NOT_AVAILABLE,NEEDS_MANUAL_BCTC_REVIEW,"[""avg_volume_20d"", ""last_close"", ""last_price_date"", ""net_income""]","[""Primary market data missing or incomplete.""]",Primary market data missing or incomplete.,,,,,,,,,PARTIAL_PROVISIONAL_DATA,provisional_structured,,,,,,,,,
TVN,Tổng Công ty Thép Việt Nam - Công ty Cổ phần,WATCHLIST_CANDIDATE,WATCH_ONLY,True,True,PROVISIONAL_PRIMARY_ONLY,PROVISIONAL_LOW,NOT_AVAILABLE,NEEDS_MANUAL_BCTC_REVIEW,"[""net_income""]",[],Survived primary-only scale filters; manual BCTC/source verification remains required.,2026-06-11,11.6,1312470.0,792523.3333,1129100.0,15224652.0,0.0,FETCH_OK,PARTIAL_PROVISIONAL_DATA,provisional_structured,,,,,,,,,
TVP,Công ty Cổ phần Dược phẩm TV.Pharm,BLOCKED_INSUFFICIENT_MARKET_DATA,REJECTED,True,False,PROVISIONAL_PRIMARY_ONLY,PROVISIONAL_LOW,NOT_AVAILABLE,NEEDS_MANUAL_BCTC_REVIEW,"[""last_close"", ""last_price_date"", ""net_income""]","[""Primary market data missing or incomplete.""]",Primary market data missing or incomplete.,,,9356.0,,9356.0,,,,PARTIAL_PROVISIONAL_DATA,provisional_structured,,,,,,,,,
TVS,Công ty Cổ phần Chứng khoán Thiên Việt,WATCHLIST_CANDIDATE,WATCH_ONLY,True,True,PROVISIONAL_PRIMARY_ONLY,PROVISIONAL_LOW,NOT_AVAILABLE,NEEDS_MANUAL_BCTC_REVIEW,[],[],Survived primary-only scale filters; manual BCTC/source verification remains required.,2026-06-11,12.95,44445.0,66781.6667,4300.0,575562.75,0.0,FETCH_OK,PARTIAL_PROVISIONAL_DATA,provisional_structured,,,,,,,,,
TVT,Tổng Công ty Việt Thắng - CTCP,BLOCKED_INSUFFICIENT_MARKET_DATA,REJECTED,True,False,PROVISIONAL_PRIMARY_ONLY,PROVISIONAL_LOW,NOT_AVAILABLE,NEEDS_MANUAL_BCTC_REVIEW,"[""last_close"", ""last_price_date"", ""net_income""]","[""Primary market data missing or incomplete.""]",Primary market data missing or incomplete.,,,1090.0,,1090.0,,,,PARTIAL_PROVISIONAL_DATA,provisional_structured,,,,,,,,,
TVW,Công ty Cổ phần Cấp thoát nước Trà Vinh,BLOCKED_INSUFFICIENT_MARKET_DATA,REJECTED,True,False,PROVISIONAL_PRIMARY_ONLY,PROVISIONAL_LOW,NOT_AVAILABLE,NEEDS_MANUAL_BCTC_REVIEW,"[""last_close"", ""last_price_date"", ""net_income""]","[""Primary market data missing or incomplete.""]",Primary market data missing or incomplete.,,,946.0,,946.0,,,,PARTIAL_PROVISIONAL_DATA,provisional_structured,,,,,,,,,
TW3,Công ty Cổ phần Dược Trung Ương 3,BLOCKED_INSUFFICIENT_MARKET_DATA,REJECTED,True,False,PROVISIONAL_PRIMARY_ONLY,PROVISIONAL_LOW,NOT_AVAILABLE,NEEDS_MANUAL_BCTC_REVIEW,"[""avg_volume_20d"", ""last_close"", ""last_price_date"", ""net_income""]","[""Primary market data missing or incomplete.""]",Primary market data missing or incomplete.,,,,,,,,,PARTIAL_PROVISIONAL_DATA,provisional_structured,,,,,,,,,
TXM,Công ty Cổ phần VICEM Thạch cao Xi Măng,BLOCKED_INSUFFICIENT_MARKET_DATA,REJECTED,True,False,PROVISIONAL_PRIMARY_ONLY,PROVISIONAL_LOW,NOT_AVAILABLE,NEEDS_MANUAL_BCTC_REVIEW,"[""last_close"", ""last_price_date"", ""net_income""]","[""Primary market data missing or incomplete.""]",Primary market data missing or incomplete.,,,1610.0,,1610.0,,,,PARTIAL_PROVISIONAL_DATA,provisional_structured,,,,,,,,,
TYA,Công ty Cổ phần Dây và Cáp điện Taya Việt Nam,BLOCKED_INSUFFICIENT_MARKET_DATA,REJECTED,True,False,PROVISIONAL_PRIMARY_ONLY,PROVISIONAL_LOW,NOT_AVAILABLE,NEEDS_MANUAL_BCTC_REVIEW,"[""last_close"", ""last_price_date"", ""net_income""]","[""Primary market data missing or incomplete.""]",Primary market data missing or incomplete.,,,6490.0,,6490.0,,,,PARTIAL_PROVISIONAL_DATA,provisional_structured,,,,,,,,,
UCT,Công ty Cổ phần Đô thị Cần Thơ,BLOCKED_INSUFFICIENT_MARKET_DATA,REJECTED,True,False,PROVISIONAL_PRIMARY_ONLY,PROVISIONAL_LOW,NOT_AVAILABLE,NEEDS_MANUAL_BCTC_REVIEW,"[""avg_volume_20d"", ""last_close"", ""last_price_date"", ""net_income""]","[""Primary market data missing or incomplete.""]",Primary market data missing or incomplete.,,,,,,,,,PARTIAL_PROVISIONAL_DATA,provisional_structured,,,,,,,,,
UDC,Công ty Cổ phần Đầu tư Xây dựng UDCons,BLOCKED_INSUFFICIENT_MARKET_DATA,REJECTED,True,False,PROVISIONAL_PRIMARY_ONLY,PROVISIONAL_LOW,NOT_AVAILABLE,NEEDS_MANUAL_BCTC_REVIEW,"[""last_close"", ""last_price_date"", ""net_income""]","[""Primary market data missing or incomplete.""]",Primary market data missing or incomplete.,,,6760.0,,6760.0,,,,PARTIAL_PROVISIONAL_DATA,provisional_structured,,,,,,,,,
UDJ,Công ty Cổ phần Phát triển Đô thị,BLOCKED_INSUFFICIENT_MARKET_DATA,REJECTED,True,False,PROVISIONAL_PRIMARY_ONLY,PROVISIONAL_LOW,NOT_AVAILABLE,NEEDS_MANUAL_BCTC_REVIEW,"[""last_close"", ""last_price_date"", ""net_income""]","[""Primary market data missing or incomplete.""]",Primary market data missing or incomplete.,,,12040.0,,12040.0,,,,PARTIAL_PROVISIONAL_DATA,provisional_structured,,,,,,,,,
UDL,Công ty Cổ phần Đô thị và Môi trường Đắk Lắk,BLOCKED_INSUFFICIENT_MARKET_DATA,REJECTED,True,False,PROVISIONAL_PRIMARY_ONLY,PROVISIONAL_LOW,NOT_AVAILABLE,NEEDS_MANUAL_BCTC_REVIEW,"[""last_close"", ""last_price_date"", ""net_income""]","[""Primary market data missing or incomplete.""]",Primary market data missing or incomplete.,,,100.0,,100.0,,,,PARTIAL_PROVISIONAL_DATA,provisional_structured,,,,,,,,,
UEM,Công ty Cổ phần Cơ điện Uông Bí - Vinacomin,BLOCKED_INSUFFICIENT_MARKET_DATA,REJECTED,True,False,PROVISIONAL_PRIMARY_ONLY,PROVISIONAL_LOW,NOT_AVAILABLE,NEEDS_MANUAL_BCTC_REVIEW,"[""avg_volume_20d"", ""last_close"", ""last_price_date"", ""net_income""]","[""Primary market data missing or incomplete.""]",Primary market data missing or incomplete.,,,,,,,,,PARTIAL_PROVISIONAL_DATA,provisional_structured,,,,,,,,,
UIC,Công ty Cổ phần Đầu tư Phát triển Nhà và Đô thị IDICO,BLOCKED_INSUFFICIENT_MARKET_DATA,REJECTED,True,False,PROVISIONAL_PRIMARY_ONLY,PROVISIONAL_LOW,NOT_AVAILABLE,NEEDS_MANUAL_BCTC_REVIEW,"[""last_close"", ""last_price_date"", ""net_income""]","[""Primary market data missing or incomplete.""]",Primary market data missing or incomplete.,,,1800.0,,1800.0,,,,PARTIAL_PROVISIONAL_DATA,provisional_structured,,,,,,,,,
UMC,Công ty Cổ phần Công trình đô thị Nam Định,BLOCKED_INSUFFICIENT_MARKET_DATA,REJECTED,True,False,PROVISIONAL_PRIMARY_ONLY,PROVISIONAL_LOW,NOT_AVAILABLE,NEEDS_MANUAL_BCTC_REVIEW,"[""avg_volume_20d"", ""last_close"", ""last_price_date"", ""net_income""]","[""Primary market data missing or incomplete.""]",Primary market data missing or incomplete.,,,,,,,,,PARTIAL_PROVISIONAL_DATA,provisional_structured,,,,,,,,,
UNI,Công ty Cổ phần Đầu tư và Phát triển Sao Mai Việt,BLOCKED_INSUFFICIENT_MARKET_DATA,REJECTED,True,False,PROVISIONAL_PRIMARY_ONLY,PROVISIONAL_LOW,NOT_AVAILABLE,NEEDS_MANUAL_BCTC_REVIEW,"[""last_close"", ""last_price_date"", ""net_income""]","[""Primary market data missing or incomplete.""]",Primary market data missing or incomplete.,,,2690.0,,2690.0,,,,PARTIAL_PROVISIONAL_DATA,provisional_structured,,,,,,,,,
UPC,Công ty Cổ phần Phát triển Công viên Cây xanh và Đô thị Vũng Tàu,BLOCKED_INSUFFICIENT_MARKET_DATA,REJECTED,True,False,PROVISIONAL_PRIMARY_ONLY,PROVISIONAL_LOW,NOT_AVAILABLE,NEEDS_MANUAL_BCTC_REVIEW,"[""last_close"", ""last_price_date"", ""net_income""]","[""Primary market data missing or incomplete.""]",Primary market data missing or incomplete.,,,820.0,,820.0,,,,PARTIAL_PROVISIONAL_DATA,provisional_structured,,,,,,,,,
UPH,Công ty Cổ phần Dược phẩm TW25,BLOCKED_INSUFFICIENT_MARKET_DATA,REJECTED,True,False,PROVISIONAL_PRIMARY_ONLY,PROVISIONAL_LOW,NOT_AVAILABLE,NEEDS_MANUAL_BCTC_REVIEW,"[""last_close"", ""last_price_date"", ""net_income""]","[""Primary market data missing or incomplete.""]",Primary market data missing or incomplete.,,,2010.0,,2010.0,,,,PARTIAL_PROVISIONAL_DATA,provisional_structured,,,,,,,,,
UPS,Công ty Cổ phần Chứng khoán UP,BLOCKED_INSUFFICIENT_MARKET_DATA,REJECTED,True,False,PROVISIONAL_PRIMARY_ONLY,PROVISIONAL_LOW,NOT_AVAILABLE,NEEDS_MANUAL_BCTC_REVIEW,"[""avg_volume_20d"", ""last_close"", ""last_price_date""]","[""Primary market data missing or incomplete.""]",Primary market data missing or incomplete.,,,,,,,,,PARTIAL_PROVISIONAL_DATA,provisional_structured,,,,,,,,,
USC,Công ty Cổ phần Khảo sát và Xây dựng - USCO,BLOCKED_INSUFFICIENT_MARKET_DATA,REJECTED,True,False,PROVISIONAL_PRIMARY_ONLY,PROVISIONAL_LOW,NOT_AVAILABLE,NEEDS_MANUAL_BCTC_REVIEW,"[""last_close"", ""last_price_date"", ""net_income""]","[""Primary market data missing or incomplete.""]",Primary market data missing or incomplete.,,,900.0,,900.0,,,,PARTIAL_PROVISIONAL_DATA,provisional_structured,,,,,,,,,
USD,Công ty Cổ phần Công trình Đô thị Sóc Trăng,BLOCKED_INSUFFICIENT_MARKET_DATA,REJECTED,True,False,PROVISIONAL_PRIMARY_ONLY,PROVISIONAL_LOW,NOT_AVAILABLE,NEEDS_MANUAL_BCTC_REVIEW,"[""last_close"", ""last_price_date"", ""net_income""]","[""Primary market data missing or incomplete.""]",Primary market data missing or incomplete.,,,4150.0,,4150.0,,,,PARTIAL_PROVISIONAL_DATA,provisional_structured,,,,,,,,,
UTT,Công ty Cổ phần Môi trường Nam Thành,BLOCKED_INSUFFICIENT_MARKET_DATA,REJECTED,True,False,PROVISIONAL_PRIMARY_ONLY,PROVISIONAL_LOW,NOT_AVAILABLE,NEEDS_MANUAL_BCTC_REVIEW,"[""avg_volume_20d"", ""last_close"", ""last_price_date"", ""net_income""]","[""Primary market data missing or incomplete.""]",Primary market data missing or incomplete.,,,,,,,,,PARTIAL_PROVISIONAL_DATA,provisional_structured,,,,,,,,,
UXC,Công ty Cổ phần Chế biến Thủy sản Út Xi,BLOCKED_INSUFFICIENT_MARKET_DATA,REJECTED,True,False,PROVISIONAL_PRIMARY_ONLY,PROVISIONAL_LOW,NOT_AVAILABLE,NEEDS_MANUAL_BCTC_REVIEW,"[""avg_volume_20d"", ""last_close"", ""last_price_date"", ""net_income""]","[""Primary market data missing or incomplete.""]",Primary market data missing or incomplete.,,,,,,,,,PARTIAL_PROVISIONAL_DATA,provisional_structured,,,,,,,,,
V11,Công ty Cổ phần Xây dựng số 11,BLOCKED_INSUFFICIENT_MARKET_DATA,REJECTED,True,False,PROVISIONAL_PRIMARY_ONLY,PROVISIONAL_LOW,NOT_AVAILABLE,NEEDS_MANUAL_BCTC_REVIEW,"[""last_close"", ""last_price_date"", ""net_income""]","[""Primary market data missing or incomplete.""]",Primary market data missing or incomplete.,,,3220.0,,3220.0,,,,PARTIAL_PROVISIONAL_DATA,provisional_structured,,,,,,,,,
V12,Công ty Cổ phần Xây dựng số 12,BLOCKED_INSUFFICIENT_MARKET_DATA,REJECTED,True,False,PROVISIONAL_PRIMARY_ONLY,PROVISIONAL_LOW,NOT_AVAILABLE,NEEDS_MANUAL_BCTC_REVIEW,"[""last_close"", ""last_price_date"", ""net_income""]","[""Primary market data missing or incomplete.""]",Primary market data missing or incomplete.,,,1720.0,,1720.0,,,,PARTIAL_PROVISIONAL_DATA,provisional_structured,,,,,,,,,
V15,Công ty Cổ phần Xây dựng số 15,BLOCKED_INSUFFICIENT_MARKET_DATA,REJECTED,True,False,PROVISIONAL_PRIMARY_ONLY,PROVISIONAL_LOW,NOT_AVAILABLE,NEEDS_MANUAL_BCTC_REVIEW,"[""avg_volume_20d"", ""capex"", ""equity"", ""last_close"", ""last_price_date"", ""total_assets""]","[""Primary market data missing or incomplete.""]",Primary market data missing or incomplete.,,,,,,,,,PARTIAL_PROVISIONAL_DATA,provisional_structured,,,,,,,,,
V21,Công ty Cổ phần Vinaconex 21,BLOCKED_INSUFFICIENT_MARKET_DATA,REJECTED,True,False,PROVISIONAL_PRIMARY_ONLY,PROVISIONAL_LOW,NOT_AVAILABLE,NEEDS_MANUAL_BCTC_REVIEW,"[""last_close"", ""last_price_date"", ""net_income""]","[""Primary market data missing or incomplete.""]",Primary market data missing or incomplete.,,,310.0,,310.0,,,,PARTIAL_PROVISIONAL_DATA,provisional_structured,,,,,,,,,
VAB,Ngân hàng Thương mại Cổ phần Việt Á,BLOCKED_INSUFFICIENT_MARKET_DATA,REJECTED,True,False,PROVISIONAL_PRIMARY_ONLY,PROVISIONAL_LOW,NOT_AVAILABLE,NEEDS_MANUAL_BCTC_REVIEW,"[""capex"", ""gross_profit"", ""last_close"", ""last_price_date"", ""revenue""]","[""Primary market data missing or incomplete.""]",Primary market data missing or incomplete.,,,608320.0,,608320.0,,,,PARTIAL_PROVISIONAL_DATA,provisional_structured,,,,,,,,,
VAF,Công ty Cổ phần Phân lân nung chảy Văn Điển,BLOCKED_INSUFFICIENT_MARKET_DATA,REJECTED,True,False,PROVISIONAL_PRIMARY_ONLY,PROVISIONAL_LOW,NOT_AVAILABLE,NEEDS_MANUAL_BCTC_REVIEW,"[""last_close"", ""last_price_date"", ""net_income""]","[""Primary market data missing or incomplete.""]",Primary market data missing or incomplete.,,,5770.0,,5770.0,,,,PARTIAL_PROVISIONAL_DATA,provisional_structured,,,,,,,,,
VAT,Công ty Cổ phần VT Vạn Xuân,BLOCKED_INSUFFICIENT_MARKET_DATA,REJECTED,True,False,PROVISIONAL_PRIMARY_ONLY,PROVISIONAL_LOW,NOT_AVAILABLE,NEEDS_MANUAL_BCTC_REVIEW,"[""avg_volume_20d"", ""last_close"", ""last_price_date"", ""net_income""]","[""Primary market data missing or incomplete.""]",Primary market data missing or incomplete.,,,,,,,,,PARTIAL_PROVISIONAL_DATA,provisional_structured,,,,,,,,,
VAV,Công ty Cổ phần VIWACO,BLOCKED_INSUFFICIENT_MARKET_DATA,REJECTED,True,False,PROVISIONAL_PRIMARY_ONLY,PROVISIONAL_LOW,NOT_AVAILABLE,NEEDS_MANUAL_BCTC_REVIEW,"[""last_close"", ""last_price_date"", ""net_income""]","[""Primary market data missing or incomplete.""]",Primary market data missing or incomplete.,,,660.0,,660.0,,,,PARTIAL_PROVISIONAL_DATA,provisional_structured,,,,,,,,,
VBB,Ngân hàng Thương mại Cổ phần Việt Nam Thương Tín,BLOCKED_INSUFFICIENT_MARKET_DATA,REJECTED,True,False,PROVISIONAL_PRIMARY_ONLY,PROVISIONAL_LOW,NOT_AVAILABLE,NEEDS_MANUAL_BCTC_REVIEW,"[""capex"", ""gross_profit"", ""last_close"", ""last_price_date"", ""revenue""]","[""Primary market data missing or incomplete.""]",Primary market data missing or incomplete.,,,63440.0,,63440.0,,,,PARTIAL_PROVISIONAL_DATA,provisional_structured,,,,,,,,,
VBC,"Công ty Cổ phần Nhựa, Bao bì Vinh",BLOCKED_INSUFFICIENT_MARKET_DATA,REJECTED,True,False,PROVISIONAL_PRIMARY_ONLY,PROVISIONAL_LOW,NOT_AVAILABLE,NEEDS_MANUAL_BCTC_REVIEW,"[""last_close"", ""last_price_date"", ""net_income""]","[""Primary market data missing or incomplete.""]",Primary market data missing or incomplete.,,,90.0,,90.0,,,,PARTIAL_PROVISIONAL_DATA,provisional_structured,,,,,,,,,
VBG,Công ty Cổ phần Địa chất Việt Bắc - TKV,BLOCKED_INSUFFICIENT_MARKET_DATA,REJECTED,True,False,PROVISIONAL_PRIMARY_ONLY,PROVISIONAL_LOW,NOT_AVAILABLE,NEEDS_MANUAL_BCTC_REVIEW,"[""avg_volume_20d"", ""last_close"", ""last_price_date"", ""net_income""]","[""Primary market data missing or incomplete.""]",Primary market data missing or incomplete.,,,,,,,,,PARTIAL_PROVISIONAL_DATA,provisional_structured,,,,,,,,,
VBH,Công ty Cổ phần Điện tử Bình Hòa,BLOCKED_INSUFFICIENT_MARKET_DATA,REJECTED,True,False,PROVISIONAL_PRIMARY_ONLY,PROVISIONAL_LOW,NOT_AVAILABLE,NEEDS_MANUAL_BCTC_REVIEW,"[""avg_volume_20d"", ""last_close"", ""last_price_date"", ""net_income""]","[""Primary market data missing or incomplete.""]",Primary market data missing or incomplete.,,,,,,,,,PARTIAL_PROVISIONAL_DATA,provisional_structured,,,,,,,,,
VBT,Công ty Cổ phần Vận tải Bảo Thắng,BLOCKED_INSUFFICIENT_MARKET_DATA,REJECTED,True,False,PROVISIONAL_PRIMARY_ONLY,PROVISIONAL_LOW,NOT_AVAILABLE,NEEDS_MANUAL_BCTC_REVIEW,"[""avg_volume_20d"", ""last_close"", ""last_price_date"", ""net_income""]","[""Primary market data missing or incomplete.""]",Primary market data missing or incomplete.,,,,,,,,,PARTIAL_PROVISIONAL_DATA,provisional_structured,,,,,,,,,
VC1,Công ty Cổ phần Xây dựng số 1,BLOCKED_INSUFFICIENT_MARKET_DATA,REJECTED,True,False,PROVISIONAL_PRIMARY_ONLY,PROVISIONAL_LOW,NOT_AVAILABLE,NEEDS_MANUAL_BCTC_REVIEW,"[""last_close"", ""last_price_date"", ""net_income""]","[""Primary market data missing or incomplete.""]",Primary market data missing or incomplete.,,,260.0,,260.0,,,,PARTIAL_PROVISIONAL_DATA,provisional_structured,,,,,,,,,
VC2,Công ty Cổ phần Đầu tư và Xây dựng VINA2,BLOCKED_INSUFFICIENT_MARKET_DATA,REJECTED,True,False,PROVISIONAL_PRIMARY_ONLY,PROVISIONAL_LOW,NOT_AVAILABLE,NEEDS_MANUAL_BCTC_REVIEW,"[""last_close"", ""last_price_date"", ""net_income""]","[""Primary market data missing or incomplete.""]",Primary market data missing or incomplete.,,,118230.0,,118230.0,,,,PARTIAL_PROVISIONAL_DATA,provisional_structured,,,,,,,,,
VC3,Công ty Cổ phần Tập đoàn Nam Mê Kông,BLOCKED_INSUFFICIENT_MARKET_DATA,REJECTED,True,False,PROVISIONAL_PRIMARY_ONLY,PROVISIONAL_LOW,NOT_AVAILABLE,NEEDS_MANUAL_BCTC_REVIEW,"[""last_close"", ""last_price_date"", ""net_income""]","[""Primary market data missing or incomplete.""]",Primary market data missing or incomplete.,,,1337910.0,,1337910.0,,,,PARTIAL_PROVISIONAL_DATA,provisional_structured,,,,,,,,,
VC5,Công ty Cổ phần Xây dựng Số 5,BLOCKED_INSUFFICIENT_MARKET_DATA,REJECTED,True,False,PROVISIONAL_PRIMARY_ONLY,PROVISIONAL_LOW,NOT_AVAILABLE,NEEDS_MANUAL_BCTC_REVIEW,"[""avg_volume_20d"", ""last_close"", ""last_price_date"", ""net_income""]","[""Primary market data missing or incomplete.""]",Primary market data missing or incomplete.,,,,,,,,,PARTIAL_PROVISIONAL_DATA,provisional_structured,,,,,,,,,
VC6,Công ty cổ phần Xây dựng và Đầu tư Visicons,BLOCKED_INSUFFICIENT_MARKET_DATA,REJECTED,True,False,PROVISIONAL_PRIMARY_ONLY,PROVISIONAL_LOW,NOT_AVAILABLE,NEEDS_MANUAL_BCTC_REVIEW,"[""last_close"", ""last_price_date"", ""net_income""]","[""Primary market data missing or incomplete.""]",Primary market data missing or incomplete.,,,1090.0,,1090.0,,,,PARTIAL_PROVISIONAL_DATA,provisional_structured,,,,,,,,,
VC7,Công ty Cổ phần Tập đoàn BGI,BLOCKED_INSUFFICIENT_MARKET_DATA,REJECTED,True,False,PROVISIONAL_PRIMARY_ONLY,PROVISIONAL_LOW,NOT_AVAILABLE,NEEDS_MANUAL_BCTC_REVIEW,"[""last_close"", ""last_price_date"", ""net_income""]","[""Primary market data missing or incomplete.""]",Primary market data missing or incomplete.,,,190140.0,,190140.0,,,,PARTIAL_PROVISIONAL_DATA,provisional_structured,,,,,,,,,
VC9,Công ty Cổ phần Xây dựng số 9 - VC9,BLOCKED_INSUFFICIENT_MARKET_DATA,REJECTED,True,False,PROVISIONAL_PRIMARY_ONLY,PROVISIONAL_LOW,NOT_AVAILABLE,NEEDS_MANUAL_BCTC_REVIEW,"[""last_close"", ""last_price_date"", ""net_income""]","[""Primary market data missing or incomplete.""]",Primary market data missing or incomplete.,,,16100.0,,16100.0,,,,PARTIAL_PROVISIONAL_DATA,provisional_structured,,,,,,,,,
VCA,Công ty Cổ phần Thép VICASA,BLOCKED_INSUFFICIENT_MARKET_DATA,REJECTED,True,False,PROVISIONAL_PRIMARY_ONLY,PROVISIONAL_LOW,NOT_AVAILABLE,NEEDS_MANUAL_BCTC_REVIEW,"[""last_close"", ""last_price_date"", ""net_income""]","[""Primary market data missing or incomplete.""]",Primary market data missing or incomplete.,,,1350.0,,1350.0,,,,PARTIAL_PROVISIONAL_DATA,provisional_structured,,,,,,,,,
VCB,Ngân hàng Thương mại Cổ phần Ngoại thương Việt Nam,BLOCKED_INSUFFICIENT_MARKET_DATA,REJECTED,True,False,PROVISIONAL_PRIMARY_ONLY,PROVISIONAL_LOW,NOT_AVAILABLE,NEEDS_MANUAL_BCTC_REVIEW,"[""capex"", ""gross_profit"", ""last_close"", ""last_price_date"", ""revenue""]","[""Primary market data missing or incomplete.""]",Primary market data missing or incomplete.,,,11950280.0,,11950280.0,,,,PARTIAL_PROVISIONAL_DATA,provisional_structured,,,,,,,,,
VCC,Công ty Cổ phần Vinaconex 25,BLOCKED_INSUFFICIENT_MARKET_DATA,REJECTED,True,False,PROVISIONAL_PRIMARY_ONLY,PROVISIONAL_LOW,NOT_AVAILABLE,NEEDS_MANUAL_BCTC_REVIEW,"[""last_close"", ""last_price_date"", ""net_income""]","[""Primary market data missing or incomplete.""]",Primary market data missing or incomplete.,,,1270.0,,1270.0,,,,PARTIAL_PROVISIONAL_DATA,provisional_structured,,,,,,,,,
VCE,Công ty Cổ phần Xây lắp Môi trường,BLOCKED_INSUFFICIENT_MARKET_DATA,REJECTED,True,False,PROVISIONAL_PRIMARY_ONLY,PROVISIONAL_LOW,NOT_AVAILABLE,NEEDS_MANUAL_BCTC_REVIEW,"[""avg_volume_20d"", ""last_close"", ""last_price_date"", ""net_income""]","[""Primary market data missing or incomplete.""]",Primary market data missing or incomplete.,,,,,,,,,PARTIAL_PROVISIONAL_DATA,provisional_structured,,,,,,,,,
VCF,Công ty Cổ phần VinaCafé Biên Hòa,BLOCKED_INSUFFICIENT_MARKET_DATA,REJECTED,True,False,PROVISIONAL_PRIMARY_ONLY,PROVISIONAL_LOW,NOT_AVAILABLE,NEEDS_MANUAL_BCTC_REVIEW,"[""last_close"", ""last_price_date"", ""net_income""]","[""Primary market data missing or incomplete.""]",Primary market data missing or incomplete.,,,660.0,,660.0,,,,PARTIAL_PROVISIONAL_DATA,provisional_structured,,,,,,,,,
VCG,Tổng Công ty Cổ phần Xuất nhập khẩu và Xây dựng Việt Nam,WATCHLIST_CANDIDATE,WATCH_ONLY,True,True,PROVISIONAL_PRIMARY_ONLY,PROVISIONAL_LOW,NOT_AVAILABLE,NEEDS_MANUAL_BCTC_REVIEW,"[""net_income""]",[],Survived primary-only scale filters; manual BCTC/source verification remains required.,2026-06-11,19.6,3771185.0,8778986.6667,1538900.0,73915226.0,0.0,FETCH_OK,PARTIAL_PROVISIONAL_DATA,provisional_structured,,,,,,,,,
VCI,Công ty Cổ phần Chứng khoán Vietcap,WATCHLIST_CANDIDATE,WATCH_ONLY,True,True,PROVISIONAL_PRIMARY_ONLY,PROVISIONAL_LOW,NOT_AVAILABLE,NEEDS_MANUAL_BCTC_REVIEW,[],[],Survived primary-only scale filters; manual BCTC/source verification remains required.,2026-06-11,23.4,6277985.0,8458236.95,3601800.0,146904849.0,0.0,FETCH_OK,PARTIAL_PROVISIONAL_DATA,provisional_structured,,,,,,,,,
VCK,Công ty Cổ phần Chứng Khoán VPS,BLOCKED_INSUFFICIENT_MARKET_DATA,REJECTED,True,False,PROVISIONAL_PRIMARY_ONLY,PROVISIONAL_LOW,NOT_AVAILABLE,NEEDS_MANUAL_BCTC_REVIEW,"[""avg_volume_20d"", ""last_close"", ""last_price_date""]","[""Primary market data missing or incomplete.""]",Primary market data missing or incomplete.,,,,,,,,,PARTIAL_PROVISIONAL_DATA,provisional_structured,,,,,,,,,
VCM,Công ty Cổ phần BV Life,BLOCKED_INSUFFICIENT_MARKET_DATA,REJECTED,True,False,PROVISIONAL_PRIMARY_ONLY,PROVISIONAL_LOW,NOT_AVAILABLE,NEEDS_MANUAL_BCTC_REVIEW,"[""last_close"", ""last_price_date"", ""net_income""]","[""Primary market data missing or incomplete.""]",Primary market data missing or incomplete.,,,40.0,,40.0,,,,PARTIAL_PROVISIONAL_DATA,provisional_structured,,,,,,,,,
VCP,Công ty Cổ phần Xây dựng và Năng lượng VCP,BLOCKED_INSUFFICIENT_MARKET_DATA,REJECTED,True,False,PROVISIONAL_PRIMARY_ONLY,PROVISIONAL_LOW,NOT_AVAILABLE,NEEDS_MANUAL_BCTC_REVIEW,"[""last_close"", ""last_price_date"", ""net_income""]","[""Primary market data missing or incomplete.""]",Primary market data missing or incomplete.,,,12410.0,,12410.0,,,,PARTIAL_PROVISIONAL_DATA,provisional_structured,,,,,,,,,
VCR,Công ty Cổ phần Đầu tư và Phát triển Du lịch ITC,BLOCKED_INSUFFICIENT_MARKET_DATA,REJECTED,True,False,PROVISIONAL_PRIMARY_ONLY,PROVISIONAL_LOW,NOT_AVAILABLE,NEEDS_MANUAL_BCTC_REVIEW,"[""last_close"", ""last_price_date"", ""net_income""]","[""Primary market data missing or incomplete.""]",Primary market data missing or incomplete.,,,240.0,,240.0,,,,PARTIAL_PROVISIONAL_DATA,provisional_structured,,,,,,,,,
VCS,Công ty Cổ phần VICOSTONE,BLOCKED_INSUFFICIENT_MARKET_DATA,REJECTED,True,False,PROVISIONAL_PRIMARY_ONLY,PROVISIONAL_LOW,NOT_AVAILABLE,NEEDS_MANUAL_BCTC_REVIEW,"[""last_close"", ""last_price_date"", ""net_income""]","[""Primary market data missing or incomplete.""]",Primary market data missing or incomplete.,,,33920.0,,33920.0,,,,PARTIAL_PROVISIONAL_DATA,provisional_structured,,,,,,,,,
VCT,Công ty Cổ phần Tư vấn Xây dựng Vinaconex,BLOCKED_INSUFFICIENT_MARKET_DATA,REJECTED,True,False,PROVISIONAL_PRIMARY_ONLY,PROVISIONAL_LOW,NOT_AVAILABLE,NEEDS_MANUAL_BCTC_REVIEW,"[""avg_volume_20d"", ""last_close"", ""last_price_date"", ""net_income""]","[""Primary market data missing or incomplete.""]",Primary market data missing or incomplete.,,,,,,,,,PARTIAL_PROVISIONAL_DATA,provisional_structured,,,,,,,,,
VCW,Công ty Cổ phần Đầu tư Nước sạch Sông Đà,BLOCKED_INSUFFICIENT_MARKET_DATA,REJECTED,True,False,PROVISIONAL_PRIMARY_ONLY,PROVISIONAL_LOW,NOT_AVAILABLE,NEEDS_MANUAL_BCTC_REVIEW,"[""last_close"", ""last_price_date"", ""net_income""]","[""Primary market data missing or incomplete.""]",Primary market data missing or incomplete.,,,14390.0,,14390.0,,,,PARTIAL_PROVISIONAL_DATA,provisional_structured,,,,,,,,,
VCX,Công ty Cổ phần Xi măng Yên Bình,BLOCKED_INSUFFICIENT_MARKET_DATA,REJECTED,True,False,PROVISIONAL_PRIMARY_ONLY,PROVISIONAL_LOW,NOT_AVAILABLE,NEEDS_MANUAL_BCTC_REVIEW,"[""last_close"", ""last_price_date"", ""net_income""]","[""Primary market data missing or incomplete.""]",Primary market data missing or incomplete.,,,780.0,,780.0,,,,PARTIAL_PROVISIONAL_DATA,provisional_structured,,,,,,,,,
VDB,Công ty Cổ phần Vận tải và Chế biến Than Đông Bắc,BLOCKED_INSUFFICIENT_MARKET_DATA,REJECTED,True,False,PROVISIONAL_PRIMARY_ONLY,PROVISIONAL_LOW,NOT_AVAILABLE,NEEDS_MANUAL_BCTC_REVIEW,"[""avg_volume_20d"", ""last_close"", ""last_price_date"", ""net_income""]","[""Primary market data missing or incomplete.""]",Primary market data missing or incomplete.,,,,,,,,,PARTIAL_PROVISIONAL_DATA,provisional_structured,,,,,,,,,
VDG,Công ty Cổ phần Vạn Đạt Group,BLOCKED_INSUFFICIENT_MARKET_DATA,REJECTED,True,False,PROVISIONAL_PRIMARY_ONLY,PROVISIONAL_LOW,NOT_AVAILABLE,NEEDS_MANUAL_BCTC_REVIEW,"[""avg_volume_20d"", ""last_close"", ""last_price_date"", ""net_income""]","[""Primary market data missing or incomplete.""]",Primary market data missing or incomplete.,,,,,,,,,PARTIAL_PROVISIONAL_DATA,provisional_structured,,,,,,,,,
VDL,Công ty Cổ phần Thực phẩm Lâm Đồng,BLOCKED_INSUFFICIENT_MARKET_DATA,REJECTED,True,False,PROVISIONAL_PRIMARY_ONLY,PROVISIONAL_LOW,NOT_AVAILABLE,NEEDS_MANUAL_BCTC_REVIEW,"[""capex"", ""cfo"", ""last_close"", ""last_price_date"", ""net_income""]","[""Primary market data missing or incomplete.""]",Primary market data missing or incomplete.,,,420.0,,420.0,,,,PARTIAL_PROVISIONAL_DATA,provisional_structured,,,,,,,,,
VDM,Công ty Cổ phần - Viện Nghiên cứu Dệt may,BLOCKED_INSUFFICIENT_MARKET_DATA,REJECTED,True,False,PROVISIONAL_PRIMARY_ONLY,PROVISIONAL_LOW,NOT_AVAILABLE,NEEDS_MANUAL_BCTC_REVIEW,"[""last_close"", ""last_price_date"", ""net_income""]","[""Primary market data missing or incomplete.""]",Primary market data missing or incomplete.,,,10.0,,10.0,,,,PARTIAL_PROVISIONAL_DATA,provisional_structured,,,,,,,,,
VDN,Công ty Cổ phần Vinatex Đà Nẵng,BLOCKED_INSUFFICIENT_MARKET_DATA,REJECTED,True,False,PROVISIONAL_PRIMARY_ONLY,PROVISIONAL_LOW,NOT_AVAILABLE,NEEDS_MANUAL_BCTC_REVIEW,"[""last_close"", ""last_price_date"", ""net_income""]","[""Primary market data missing or incomplete.""]",Primary market data missing or incomplete.,,,210.0,,210.0,,,,PARTIAL_PROVISIONAL_DATA,provisional_structured,,,,,,,,,
VDP,Công ty Cổ phần Dược phẩm Trung ương VIDIPHA,BLOCKED_INSUFFICIENT_MARKET_DATA,REJECTED,True,False,PROVISIONAL_PRIMARY_ONLY,PROVISIONAL_LOW,NOT_AVAILABLE,NEEDS_MANUAL_BCTC_REVIEW,"[""last_close"", ""last_price_date"", ""net_income""]","[""Primary market data missing or incomplete.""]",Primary market data missing or incomplete.,,,30.0,,30.0,,,,PARTIAL_PROVISIONAL_DATA,provisional_structured,,,,,,,,,
VDS,Công ty Cổ phần Chứng khoán Rồng Việt,WATCHLIST_CANDIDATE,WATCH_ONLY,True,True,PROVISIONAL_PRIMARY_ONLY,PROVISIONAL_LOW,NOT_AVAILABLE,NEEDS_MANUAL_BCTC_REVIEW,[],[],Survived primary-only scale filters; manual BCTC/source verification remains required.,2026-06-11,13.85,496080.0,672768.3333,416200.0,6870708.0,0.0,FETCH_OK,PARTIAL_PROVISIONAL_DATA,provisional_structured,,,,,,,,,
VDT,Công ty Cổ phần Lưới thép Bình Tây,BLOCKED_INSUFFICIENT_MARKET_DATA,REJECTED,True,False,PROVISIONAL_PRIMARY_ONLY,PROVISIONAL_LOW,NOT_AVAILABLE,NEEDS_MANUAL_BCTC_REVIEW,"[""avg_volume_20d"", ""last_close"", ""last_price_date"", ""net_income""]","[""Primary market data missing or incomplete.""]",Primary market data missing or incomplete.,,,,,,,,,PARTIAL_PROVISIONAL_DATA,provisional_structured,,,,,,,,,
VE1,Công ty Cổ phần Xây dựng điện VNECO 1,BLOCKED_INSUFFICIENT_MARKET_DATA,REJECTED,True,False,PROVISIONAL_PRIMARY_ONLY,PROVISIONAL_LOW,NOT_AVAILABLE,NEEDS_MANUAL_BCTC_REVIEW,"[""last_close"", ""last_price_date"", ""net_income""]","[""Primary market data missing or incomplete.""]",Primary market data missing or incomplete.,,,1440.0,,1440.0,,,,PARTIAL_PROVISIONAL_DATA,provisional_structured,,,,,,,,,
VE2,Công ty Cổ phần Xây dựng Điện VNECO 2,BLOCKED_INSUFFICIENT_MARKET_DATA,REJECTED,True,False,PROVISIONAL_PRIMARY_ONLY,PROVISIONAL_LOW,NOT_AVAILABLE,NEEDS_MANUAL_BCTC_REVIEW,"[""avg_volume_20d"", ""last_close"", ""last_price_date"", ""net_income""]","[""Primary market data missing or incomplete.""]",Primary market data missing or incomplete.,,,,,,,,,PARTIAL_PROVISIONAL_DATA,provisional_structured,,,,,,,,,
VE3,Công ty Cổ phần Xây dựng điện VNECO 3,BLOCKED_INSUFFICIENT_MARKET_DATA,REJECTED,True,False,PROVISIONAL_PRIMARY_ONLY,PROVISIONAL_LOW,NOT_AVAILABLE,NEEDS_MANUAL_BCTC_REVIEW,"[""avg_volume_20d"", ""last_close"", ""last_price_date"", ""net_income""]","[""Primary market data missing or incomplete.""]",Primary market data missing or incomplete.,,,,,,,,,PARTIAL_PROVISIONAL_DATA,provisional_structured,,,,,,,,,
VE4,Công ty Cổ phần Xây dựng điện VNECO4,BLOCKED_INSUFFICIENT_MARKET_DATA,REJECTED,True,False,PROVISIONAL_PRIMARY_ONLY,PROVISIONAL_LOW,NOT_AVAILABLE,NEEDS_MANUAL_BCTC_REVIEW,"[""avg_volume_20d"", ""last_close"", ""last_price_date"", ""net_income""]","[""Primary market data missing or incomplete.""]",Primary market data missing or incomplete.,,,,,,,,,PARTIAL_PROVISIONAL_DATA,provisional_structured,,,,,,,,,
VE8,Công ty Cổ phần Xây dựng Điện Vneco 8,BLOCKED_INSUFFICIENT_MARKET_DATA,REJECTED,True,False,PROVISIONAL_PRIMARY_ONLY,PROVISIONAL_LOW,NOT_AVAILABLE,NEEDS_MANUAL_BCTC_REVIEW,"[""avg_volume_20d"", ""last_close"", ""last_price_date"", ""net_income""]","[""Primary market data missing or incomplete.""]",Primary market data missing or incomplete.,,,,,,,,,PARTIAL_PROVISIONAL_DATA,provisional_structured,,,,,,,,,
VE9,Công ty Cổ phần Đầu tư và Xây dựng VNECO 9,BLOCKED_INSUFFICIENT_MARKET_DATA,REJECTED,True,False,PROVISIONAL_PRIMARY_ONLY,PROVISIONAL_LOW,NOT_AVAILABLE,NEEDS_MANUAL_BCTC_REVIEW,"[""last_close"", ""last_price_date"", ""net_income""]","[""Primary market data missing or incomplete.""]",Primary market data missing or incomplete.,,,1180.0,,1180.0,,,,PARTIAL_PROVISIONAL_DATA,provisional_structured,,,,,,,,,
VEA,Tổng Công ty Máy động lực và Máy nông nghiệp Việt Nam - CTCP,BLOCKED_INSUFFICIENT_MARKET_DATA,REJECTED,True,False,PROVISIONAL_PRIMARY_ONLY,PROVISIONAL_LOW,NOT_AVAILABLE,NEEDS_MANUAL_BCTC_REVIEW,"[""last_close"", ""last_price_date"", ""net_income""]","[""Primary market data missing or incomplete.""]",Primary market data missing or incomplete.,,,410440.0,,410440.0,,,,PARTIAL_PROVISIONAL_DATA,provisional_structured,,,,,,,,,
VEC,Tổng Công ty Cổ phần Điện tử và Tin học Việt Nam,BLOCKED_INSUFFICIENT_MARKET_DATA,REJECTED,True,False,PROVISIONAL_PRIMARY_ONLY,PROVISIONAL_LOW,NOT_AVAILABLE,NEEDS_MANUAL_BCTC_REVIEW,"[""last_close"", ""last_price_date"", ""net_income""]","[""Primary market data missing or incomplete.""]",Primary market data missing or incomplete.,,,1480.0,,1480.0,,,,PARTIAL_PROVISIONAL_DATA,provisional_structured,,,,,,,,,
VEF,Công ty Cổ phần Trung tâm Hội chợ Triển lãm Việt Nam,BLOCKED_INSUFFICIENT_MARKET_DATA,REJECTED,True,False,PROVISIONAL_PRIMARY_ONLY,PROVISIONAL_LOW,NOT_AVAILABLE,NEEDS_MANUAL_BCTC_REVIEW,"[""last_close"", ""last_price_date"", ""net_income""]","[""Primary market data missing or incomplete.""]",Primary market data missing or incomplete.,,,5000.0,,5000.0,,,,PARTIAL_PROVISIONAL_DATA,provisional_structured,,,,,,,,,
VES,Công ty Cổ phần Tập đoàn VinaLiving,BLOCKED_INSUFFICIENT_MARKET_DATA,REJECTED,True,False,PROVISIONAL_PRIMARY_ONLY,PROVISIONAL_LOW,NOT_AVAILABLE,NEEDS_MANUAL_BCTC_REVIEW,"[""avg_volume_20d"", ""last_close"", ""last_price_date"", ""net_income""]","[""Primary market data missing or incomplete.""]",Primary market data missing or incomplete.,,,,,,,,,PARTIAL_PROVISIONAL_DATA,provisional_structured,,,,,,,,,
VET,Công ty Cổ phần Thuốc Thú y Trung ương NAVETCO,BLOCKED_INSUFFICIENT_MARKET_DATA,REJECTED,True,False,PROVISIONAL_PRIMARY_ONLY,PROVISIONAL_LOW,NOT_AVAILABLE,NEEDS_MANUAL_BCTC_REVIEW,"[""last_close"", ""last_price_date"", ""net_income""]","[""Primary market data missing or incomplete.""]",Primary market data missing or incomplete.,,,1020.0,,1020.0,,,,PARTIAL_PROVISIONAL_DATA,provisional_structured,,,,,,,,,
VFC,Công ty Cổ phần VINAFCO,BLOCKED_INSUFFICIENT_MARKET_DATA,REJECTED,True,False,PROVISIONAL_PRIMARY_ONLY,PROVISIONAL_LOW,NOT_AVAILABLE,NEEDS_MANUAL_BCTC_REVIEW,"[""avg_volume_20d"", ""last_close"", ""last_price_date"", ""net_income""]","[""Primary market data missing or incomplete.""]",Primary market data missing or incomplete.,,,,,,,,,PARTIAL_PROVISIONAL_DATA,provisional_structured,,,,,,,,,
VFG,Công ty Cổ phần Khử trùng Việt Nam,BLOCKED_INSUFFICIENT_MARKET_DATA,REJECTED,True,False,PROVISIONAL_PRIMARY_ONLY,PROVISIONAL_LOW,NOT_AVAILABLE,NEEDS_MANUAL_BCTC_REVIEW,"[""last_close"", ""last_price_date"", ""net_income""]","[""Primary market data missing or incomplete.""]",Primary market data missing or incomplete.,,,5480.0,,5480.0,,,,PARTIAL_PROVISIONAL_DATA,provisional_structured,,,,,,,,,
VFR,Công ty Cổ phần Vận tải và Thuê tàu,BLOCKED_INSUFFICIENT_MARKET_DATA,REJECTED,True,False,PROVISIONAL_PRIMARY_ONLY,PROVISIONAL_LOW,NOT_AVAILABLE,NEEDS_MANUAL_BCTC_REVIEW,"[""last_close"", ""last_price_date"", ""net_income""]","[""Primary market data missing or incomplete.""]",Primary market data missing or incomplete.,,,340.0,,340.0,,,,PARTIAL_PROVISIONAL_DATA,provisional_structured,,,,,,,,,
VFS,Công ty Cổ phần Chứng khoán Nhất Việt,WATCHLIST_CANDIDATE,WATCH_ONLY,True,True,PROVISIONAL_PRIMARY_ONLY,PROVISIONAL_LOW,NOT_AVAILABLE,NEEDS_MANUAL_BCTC_REVIEW,[],[],Survived primary-only scale filters; manual BCTC/source verification remains required.,2026-06-11,10.3,1456764.5,1405374.4,438800.0,15004674.35,0.0,FETCH_OK,PARTIAL_PROVISIONAL_DATA,provisional_structured,,,,,,,,,
VGC,Tổng Công ty Viglacera - Công ty Cổ phần,BLOCKED_INSUFFICIENT_MARKET_DATA,REJECTED,True,False,PROVISIONAL_PRIMARY_ONLY,PROVISIONAL_LOW,NOT_AVAILABLE,NEEDS_MANUAL_BCTC_REVIEW,"[""last_close"", ""last_price_date"", ""net_income""]","[""Primary market data missing or incomplete.""]",Primary market data missing or incomplete.,,,681280.0,,681280.0,,,,PARTIAL_PROVISIONAL_DATA,provisional_structured,,,,,,,,,
VGG,Tổng Công Ty Cổ phần May Việt Tiến,BLOCKED_INSUFFICIENT_MARKET_DATA,REJECTED,True,False,PROVISIONAL_PRIMARY_ONLY,PROVISIONAL_LOW,NOT_AVAILABLE,NEEDS_MANUAL_BCTC_REVIEW,"[""last_close"", ""last_price_date"", ""net_income""]","[""Primary market data missing or incomplete.""]",Primary market data missing or incomplete.,,,2940.0,,2940.0,,,,PARTIAL_PROVISIONAL_DATA,provisional_structured,,,,,,,,,
VGI,Tổng Công ty Cổ phần Đầu tư Quốc tế Viettel,WATCHLIST_CANDIDATE,WATCH_ONLY,True,True,PROVISIONAL_PRIMARY_ONLY,PROVISIONAL_LOW,NOT_AVAILABLE,NEEDS_MANUAL_BCTC_REVIEW,"[""net_income""]",[],Survived primary-only scale filters; manual BCTC/source verification remains required.,2026-06-11,89.4,811425.0,749600.0,348800.0,72541395.0,0.0,FETCH_OK,OK_FOR_PROVISIONAL_SCREEN,provisional_structured,,,,,,,,,
VGL,Công ty Cổ phần Mạ kẽm công nghiệp Vingal-Vnsteel,BLOCKED_INSUFFICIENT_MARKET_DATA,REJECTED,True,False,PROVISIONAL_PRIMARY_ONLY,PROVISIONAL_LOW,NOT_AVAILABLE,NEEDS_MANUAL_BCTC_REVIEW,"[""last_close"", ""last_price_date"", ""net_income""]","[""Primary market data missing or incomplete.""]",Primary market data missing or incomplete.,,,190.0,,190.0,,,,PARTIAL_PROVISIONAL_DATA,provisional_structured,,,,,,,,,
VGP,Công ty Cổ phần Cảng Rau Quả,BLOCKED_INSUFFICIENT_MARKET_DATA,REJECTED,True,False,PROVISIONAL_PRIMARY_ONLY,PROVISIONAL_LOW,NOT_AVAILABLE,NEEDS_MANUAL_BCTC_REVIEW,"[""last_close"", ""last_price_date"", ""net_income""]","[""Primary market data missing or incomplete.""]",Primary market data missing or incomplete.,,,12450.0,,12450.0,,,,PARTIAL_PROVISIONAL_DATA,provisional_structured,,,,,,,,,
VGR,Công ty Cổ phần Cảng xanh VIP,BLOCKED_INSUFFICIENT_MARKET_DATA,REJECTED,True,False,PROVISIONAL_PRIMARY_ONLY,PROVISIONAL_LOW,NOT_AVAILABLE,NEEDS_MANUAL_BCTC_REVIEW,"[""last_price_date"", ""net_income""]","[""Primary market data missing or incomplete.""]",Primary market data missing or incomplete.,,71.0,1020.0,,1020.0,72420.0,,,OK_FOR_PROVISIONAL_SCREEN,provisional_structured,,,,,,,,,
VGS,Công ty Cổ phần Ống thép Việt - Đức VG PIPE,BLOCKED_INSUFFICIENT_MARKET_DATA,REJECTED,True,False,PROVISIONAL_PRIMARY_ONLY,PROVISIONAL_LOW,NOT_AVAILABLE,NEEDS_MANUAL_BCTC_REVIEW,"[""last_close"", ""last_price_date"", ""net_income""]","[""Primary market data missing or incomplete.""]",Primary market data missing or incomplete.,,,272580.0,,272580.0,,,,PARTIAL_PROVISIONAL_DATA,provisional_structured,,,,,,,,,
VGT,Tập đoàn Dệt May Việt Nam,BLOCKED_INSUFFICIENT_MARKET_DATA,REJECTED,True,False,PROVISIONAL_PRIMARY_ONLY,PROVISIONAL_LOW,NOT_AVAILABLE,NEEDS_MANUAL_BCTC_REVIEW,"[""last_close"", ""last_price_date"", ""net_income""]","[""Primary market data missing or incomplete.""]",Primary market data missing or incomplete.,,,490020.0,,490020.0,,,,PARTIAL_PROVISIONAL_DATA,provisional_structured,,,,,,,,,
VGV,Tổng Công ty Tư vấn Xây dựng Việt Nam - CTCP,BLOCKED_INSUFFICIENT_MARKET_DATA,REJECTED,True,False,PROVISIONAL_PRIMARY_ONLY,PROVISIONAL_LOW,NOT_AVAILABLE,NEEDS_MANUAL_BCTC_REVIEW,"[""last_close"", ""last_price_date"", ""net_income""]","[""Primary market data missing or incomplete.""]",Primary market data missing or incomplete.,,,690.0,,690.0,,,,PARTIAL_PROVISIONAL_DATA,provisional_structured,,,,,,,,,
VHC,Công ty Cổ phần Vĩnh Hoàn,BLOCKED_INSUFFICIENT_MARKET_DATA,REJECTED,True,False,PROVISIONAL_PRIMARY_ONLY,PROVISIONAL_LOW,NOT_AVAILABLE,NEEDS_MANUAL_BCTC_REVIEW,"[""last_close"", ""last_price_date"", ""net_income""]","[""Primary market data missing or incomplete.""]",Primary market data missing or incomplete.,,,510660.0,,510660.0,,,,PARTIAL_PROVISIONAL_DATA,provisional_structured,,,,,,,,,
VHD,Công ty Cổ phần Đầu tư phát triển nhà và đô thị VINAHUD,BLOCKED_INSUFFICIENT_MARKET_DATA,REJECTED,True,False,PROVISIONAL_PRIMARY_ONLY,PROVISIONAL_LOW,NOT_AVAILABLE,NEEDS_MANUAL_BCTC_REVIEW,"[""last_close"", ""last_price_date"", ""net_income""]","[""Primary market data missing or incomplete.""]",Primary market data missing or incomplete.,,,20.0,,20.0,,,,PARTIAL_PROVISIONAL_DATA,provisional_structured,,,,,,,,,
VHE,Công ty Cổ phần Dược liệu và Thực phẩm Việt Nam,BLOCKED_INSUFFICIENT_MARKET_DATA,REJECTED,True,False,PROVISIONAL_PRIMARY_ONLY,PROVISIONAL_LOW,NOT_AVAILABLE,NEEDS_MANUAL_BCTC_REVIEW,"[""last_close"", ""last_price_date"", ""net_income""]","[""Primary market data missing or incomplete.""]",Primary market data missing or incomplete.,,,177354.0,,177354.0,,,,PARTIAL_PROVISIONAL_DATA,provisional_structured,,,,,,,,,
VHF,Công ty Cổ phần Xây dựng và Chế biến lương thực Vĩnh Hà,BLOCKED_INSUFFICIENT_MARKET_DATA,REJECTED,True,False,PROVISIONAL_PRIMARY_ONLY,PROVISIONAL_LOW,NOT_AVAILABLE,NEEDS_MANUAL_BCTC_REVIEW,"[""avg_volume_20d"", ""last_close"", ""last_price_date"", ""net_income""]","[""Primary market data missing or incomplete.""]",Primary market data missing or incomplete.,,,,,,,,,PARTIAL_PROVISIONAL_DATA,provisional_structured,,,,,,,,,
VHG,Công ty Cổ phần Đầu tư và Phát triển Việt Trung Nam,BLOCKED_INSUFFICIENT_MARKET_DATA,REJECTED,True,False,PROVISIONAL_PRIMARY_ONLY,PROVISIONAL_LOW,NOT_AVAILABLE,NEEDS_MANUAL_BCTC_REVIEW,"[""last_close"", ""last_price_date"", ""net_income""]","[""Primary market data missing or incomplete.""]",Primary market data missing or incomplete.,,,174860.0,,174860.0,,,,PARTIAL_PROVISIONAL_DATA,provisional_structured,,,,,,,,,
VHH,Công ty Cổ phần Đầu tư Kinh doanh nhà Thành Đạt,BLOCKED_INSUFFICIENT_MARKET_DATA,REJECTED,True,False,PROVISIONAL_PRIMARY_ONLY,PROVISIONAL_LOW,NOT_AVAILABLE,NEEDS_MANUAL_BCTC_REVIEW,"[""avg_volume_20d"", ""last_close"", ""last_price_date"", ""net_income""]","[""Primary market data missing or incomplete.""]",Primary market data missing or incomplete.,,,,,,,,,PARTIAL_PROVISIONAL_DATA,provisional_structured,,,,,,,,,
VHI,Công ty Cổ phần Kinh Doanh Và Đầu Tư Việt Hà,BLOCKED_INSUFFICIENT_MARKET_DATA,REJECTED,True,False,PROVISIONAL_PRIMARY_ONLY,PROVISIONAL_LOW,NOT_AVAILABLE,NEEDS_MANUAL_BCTC_REVIEW,"[""last_close"", ""last_price_date"", ""net_income""]","[""Primary market data missing or incomplete.""]",Primary market data missing or incomplete.,,,32.0,,32.0,,,,PARTIAL_PROVISIONAL_DATA,provisional_structured,,,,,,,,,
VHL,Công ty Cổ phần Viglacera Hạ Long,BLOCKED_INSUFFICIENT_MARKET_DATA,REJECTED,True,False,PROVISIONAL_PRIMARY_ONLY,PROVISIONAL_LOW,NOT_AVAILABLE,NEEDS_MANUAL_BCTC_REVIEW,"[""last_close"", ""last_price_date"", ""net_income""]","[""Primary market data missing or incomplete.""]",Primary market data missing or incomplete.,,,50.0,,50.0,,,,PARTIAL_PROVISIONAL_DATA,provisional_structured,,,,,,,,,
VHM,Công ty Cổ phần Vinhomes,BLOCKED_INSUFFICIENT_MARKET_DATA,REJECTED,True,False,PROVISIONAL_PRIMARY_ONLY,PROVISIONAL_LOW,NOT_AVAILABLE,NEEDS_MANUAL_BCTC_REVIEW,"[""last_close"", ""last_price_date"", ""net_income""]","[""Primary market data missing or incomplete.""]",Primary market data missing or incomplete.,,,5699060.0,,5699060.0,,,,PARTIAL_PROVISIONAL_DATA,provisional_structured,,,,,,,,,
VIB,Ngân hàng Thương mại Cổ phần Quốc tế Việt Nam,BLOCKED_INSUFFICIENT_MARKET_DATA,REJECTED,True,False,PROVISIONAL_PRIMARY_ONLY,PROVISIONAL_LOW,NOT_AVAILABLE,NEEDS_MANUAL_BCTC_REVIEW,"[""capex"", ""gross_profit"", ""last_close"", ""last_price_date"", ""revenue""]","[""Primary market data missing or incomplete.""]",Primary market data missing or incomplete.,,,5318490.0,,5318490.0,,,,PARTIAL_PROVISIONAL_DATA,provisional_structured,,,,,,,,,
VIC,Tập đoàn Vingroup - Công ty CP,BLOCKED_INSUFFICIENT_MARKET_DATA,REJECTED,True,False,PROVISIONAL_PRIMARY_ONLY,PROVISIONAL_LOW,NOT_AVAILABLE,NEEDS_MANUAL_BCTC_REVIEW,"[""last_close"", ""last_price_date"", ""net_income""]","[""Primary market data missing or incomplete.""]",Primary market data missing or incomplete.,,,3822780.0,,3822780.0,,,,PARTIAL_PROVISIONAL_DATA,provisional_structured,,,,,,,,,
VID,Công ty Cổ phần Đầu tư Phát triển Thương mại Viễn Đông,BLOCKED_INSUFFICIENT_MARKET_DATA,REJECTED,True,False,PROVISIONAL_PRIMARY_ONLY,PROVISIONAL_LOW,NOT_AVAILABLE,NEEDS_MANUAL_BCTC_REVIEW,"[""last_close"", ""last_price_date"", ""net_income""]","[""Primary market data missing or incomplete.""]",Primary market data missing or incomplete.,,,2420.0,,2420.0,,,,PARTIAL_PROVISIONAL_DATA,provisional_structured,,,,,,,,,
VIE,Công ty Cổ phần Công nghệ Viễn thông VI TE CO,BLOCKED_INSUFFICIENT_MARKET_DATA,REJECTED,True,False,PROVISIONAL_PRIMARY_ONLY,PROVISIONAL_LOW,NOT_AVAILABLE,NEEDS_MANUAL_BCTC_REVIEW,"[""last_close"", ""last_price_date"", ""net_income""]","[""Primary market data missing or incomplete.""]",Primary market data missing or incomplete.,,,54.0,,54.0,,,,PARTIAL_PROVISIONAL_DATA,provisional_structured,,,,,,,,,
VIF,Tổng Công ty Lâm nghiệp Việt Nam - Công ty Cổ phần,BLOCKED_INSUFFICIENT_MARKET_DATA,REJECTED,True,False,PROVISIONAL_PRIMARY_ONLY,PROVISIONAL_LOW,NOT_AVAILABLE,NEEDS_MANUAL_BCTC_REVIEW,"[""last_close"", ""last_price_date"", ""net_income""]","[""Primary market data missing or incomplete.""]",Primary market data missing or incomplete.,,,3060.0,,3060.0,,,,PARTIAL_PROVISIONAL_DATA,provisional_structured,,,,,,,,,
VIG,Công ty Cổ phần Chứng khoán Đầu tư Tài chính Việt Nam,WATCHLIST_CANDIDATE,WATCH_ONLY,True,True,PROVISIONAL_PRIMARY_ONLY,PROVISIONAL_LOW,NOT_AVAILABLE,NEEDS_MANUAL_BCTC_REVIEW,[],[],Survived primary-only scale filters; manual BCTC/source verification remains required.,2026-06-11,4.4,46965.0,61148.3333,17400.0,206646.0,0.0,FETCH_OK,PARTIAL_PROVISIONAL_DATA,provisional_structured,,,,,,,,,
VIH,Công ty Cổ phần Viglacera Hà Nội,BLOCKED_INSUFFICIENT_MARKET_DATA,REJECTED,True,False,PROVISIONAL_PRIMARY_ONLY,PROVISIONAL_LOW,NOT_AVAILABLE,NEEDS_MANUAL_BCTC_REVIEW,"[""avg_volume_20d"", ""last_close"", ""last_price_date"", ""net_income""]","[""Primary market data missing or incomplete.""]",Primary market data missing or incomplete.,,,,,,,,,PARTIAL_PROVISIONAL_DATA,provisional_structured,,,,,,,,,
VIM,Công ty Cổ phần Khoáng sản Viglacera,BLOCKED_INSUFFICIENT_MARKET_DATA,REJECTED,True,False,PROVISIONAL_PRIMARY_ONLY,PROVISIONAL_LOW,NOT_AVAILABLE,NEEDS_MANUAL_BCTC_REVIEW,"[""last_close"", ""last_price_date"", ""net_income""]","[""Primary market data missing or incomplete.""]",Primary market data missing or incomplete.,,,320.0,,320.0,,,,PARTIAL_PROVISIONAL_DATA,provisional_structured,,,,,,,,,
VIN,Công ty Cổ phần Giao nhận Kho vận Ngoại thương Việt Nam,BLOCKED_INSUFFICIENT_MARKET_DATA,REJECTED,True,False,PROVISIONAL_PRIMARY_ONLY,PROVISIONAL_LOW,NOT_AVAILABLE,NEEDS_MANUAL_BCTC_REVIEW,"[""last_close"", ""last_price_date"", ""net_income""]","[""Primary market data missing or incomplete.""]",Primary market data missing or incomplete.,,,10.0,,10.0,,,,PARTIAL_PROVISIONAL_DATA,provisional_structured,,,,,,,,,
VIP,Công ty Cổ phần Vận tải Xăng dầu VIPCO,BLOCKED_INSUFFICIENT_MARKET_DATA,REJECTED,True,False,PROVISIONAL_PRIMARY_ONLY,PROVISIONAL_LOW,NOT_AVAILABLE,NEEDS_MANUAL_BCTC_REVIEW,"[""last_close"", ""last_price_date"", ""net_income""]","[""Primary market data missing or incomplete.""]",Primary market data missing or incomplete.,,,158650.0,,158650.0,,,,PARTIAL_PROVISIONAL_DATA,provisional_structured,,,,,,,,,
VIR,Công ty Cổ phần Du lịch Quốc tế Vũng Tàu,BLOCKED_INSUFFICIENT_MARKET_DATA,REJECTED,True,False,PROVISIONAL_PRIMARY_ONLY,PROVISIONAL_LOW,NOT_AVAILABLE,NEEDS_MANUAL_BCTC_REVIEW,"[""avg_volume_20d"", ""last_close"", ""last_price_date"", ""net_income""]","[""Primary market data missing or incomplete.""]",Primary market data missing or incomplete.,,,,,,,,,PARTIAL_PROVISIONAL_DATA,provisional_structured,,,,,,,,,
VIS,Công ty Cổ phần Thép Việt - Ý,BLOCKED_INSUFFICIENT_MARKET_DATA,REJECTED,True,False,PROVISIONAL_PRIMARY_ONLY,PROVISIONAL_LOW,NOT_AVAILABLE,NEEDS_MANUAL_BCTC_REVIEW,"[""last_close"", ""last_price_date"", ""net_income""]","[""Primary market data missing or incomplete.""]",Primary market data missing or incomplete.,,,26410.0,,26410.0,,,,PARTIAL_PROVISIONAL_DATA,provisional_structured,,,,,,,,,
VIT,Công ty Cổ phần Viglacera Tiên Sơn,BLOCKED_INSUFFICIENT_MARKET_DATA,REJECTED,True,False,PROVISIONAL_PRIMARY_ONLY,PROVISIONAL_LOW,NOT_AVAILABLE,NEEDS_MANUAL_BCTC_REVIEW,"[""last_close"", ""last_price_date"", ""net_income""]","[""Primary market data missing or incomplete.""]",Primary market data missing or incomplete.,,,1140.0,,1140.0,,,,PARTIAL_PROVISIONAL_DATA,provisional_structured,,,,,,,,,
VIW,Tổng công ty Đầu tư Nước và Môi trường Việt Nam - Công ty Cổ phần,BLOCKED_INSUFFICIENT_MARKET_DATA,REJECTED,True,False,PROVISIONAL_PRIMARY_ONLY,PROVISIONAL_LOW,NOT_AVAILABLE,NEEDS_MANUAL_BCTC_REVIEW,"[""avg_volume_20d"", ""last_close"", ""last_price_date"", ""net_income""]","[""Primary market data missing or incomplete.""]",Primary market data missing or incomplete.,,,,,,,,,PARTIAL_PROVISIONAL_DATA,provisional_structured,,,,,,,,,
VIX,Công ty Cổ phần Chứng khoán VIX,WATCHLIST_CANDIDATE,WATCH_ONLY,True,True,PROVISIONAL_PRIMARY_ONLY,PROVISIONAL_LOW,NOT_AVAILABLE,NEEDS_MANUAL_BCTC_REVIEW,[],[],Survived primary-only scale filters; manual BCTC/source verification remains required.,2026-06-11,16.85,37589135.0,38012534.3167,28072000.0,633376924.75,0.0,FETCH_OK,PARTIAL_PROVISIONAL_DATA,provisional_structured,,,,,,,,,
VJC,Công ty Cổ phần Hàng không Vietjet,WATCHLIST_CANDIDATE,WATCH_ONLY,True,True,PROVISIONAL_PRIMARY_ONLY,PROVISIONAL_LOW,NOT_AVAILABLE,NEEDS_MANUAL_BCTC_REVIEW,"[""net_income""]",[],Survived primary-only scale filters; manual BCTC/source verification remains required.,2026-06-11,177.5,1103555.0,1256716.6667,817800.0,195881012.5,0.0,FETCH_OK,PARTIAL_PROVISIONAL_DATA,provisional_structured,,,,,,,,,
VKC,Công ty Cổ phần VKC Holdings,BLOCKED_INSUFFICIENT_MARKET_DATA,REJECTED,True,False,PROVISIONAL_PRIMARY_ONLY,PROVISIONAL_LOW,NOT_AVAILABLE,NEEDS_MANUAL_BCTC_REVIEW,"[""last_close"", ""last_price_date"", ""net_income""]","[""Primary market data missing or incomplete.""]",Primary market data missing or incomplete.,,,45810.0,,45810.0,,,,PARTIAL_PROVISIONAL_DATA,provisional_structured,,,,,,,,,
VKD,Công ty Cổ phần Nước Khoáng Khánh Hòa,BLOCKED_INSUFFICIENT_MARKET_DATA,REJECTED,True,False,PROVISIONAL_PRIMARY_ONLY,PROVISIONAL_LOW,NOT_AVAILABLE,NEEDS_MANUAL_BCTC_REVIEW,"[""avg_volume_20d"", ""last_close"", ""last_price_date"", ""net_income""]","[""Primary market data missing or incomplete.""]",Primary market data missing or incomplete.,,,,,,,,,PARTIAL_PROVISIONAL_DATA,provisional_structured,,,,,,,,,
VKP,Công ty Cổ phần Nhựa Tân Hóa,BLOCKED_INSUFFICIENT_MARKET_DATA,REJECTED,True,False,PROVISIONAL_PRIMARY_ONLY,PROVISIONAL_LOW,NOT_AVAILABLE,NEEDS_MANUAL_BCTC_REVIEW,"[""avg_volume_20d"", ""capex"", ""cfo"", ""equity"", ""last_close"", ""last_price_date"", ""total_assets""]","[""Primary market data missing or incomplete.""]",Primary market data missing or incomplete.,,,,,,,,,PARTIAL_PROVISIONAL_DATA,provisional_structured,,,,,,,,,
VLA,Công ty Cổ phần Đầu tư và Phát triển Công nghệ Văn Lang,BLOCKED_INSUFFICIENT_MARKET_DATA,REJECTED,True,False,PROVISIONAL_PRIMARY_ONLY,PROVISIONAL_LOW,NOT_AVAILABLE,NEEDS_MANUAL_BCTC_REVIEW,"[""last_close"", ""last_price_date"", ""net_income""]","[""Primary market data missing or incomplete.""]",Primary market data missing or incomplete.,,,2880.0,,2880.0,,,,PARTIAL_PROVISIONAL_DATA,provisional_structured,,,,,,,,,
VLB,Công ty Cổ phần Xây dựng và Sản xuất Vật liệu Xây dựng Biên Hòa,BLOCKED_INSUFFICIENT_MARKET_DATA,REJECTED,True,False,PROVISIONAL_PRIMARY_ONLY,PROVISIONAL_LOW,NOT_AVAILABLE,NEEDS_MANUAL_BCTC_REVIEW,"[""last_close"", ""last_price_date"", ""net_income""]","[""Primary market data missing or incomplete.""]",Primary market data missing or incomplete.,,,21050.0,,21050.0,,,,PARTIAL_PROVISIONAL_DATA,provisional_structured,,,,,,,,,
VLC,Tổng Công ty Chăn nuôi Việt Nam - Công ty Cổ phần,BLOCKED_INSUFFICIENT_MARKET_DATA,REJECTED,True,False,PROVISIONAL_PRIMARY_ONLY,PROVISIONAL_LOW,NOT_AVAILABLE,NEEDS_MANUAL_BCTC_REVIEW,"[""last_close"", ""last_price_date"", ""net_income""]","[""Primary market data missing or incomplete.""]",Primary market data missing or incomplete.,,,57040.0,,57040.0,,,,PARTIAL_PROVISIONAL_DATA,provisional_structured,,,,,,,,,
VLF,Công ty Cổ phần Lương thực Thực phẩm Vĩnh Long,BLOCKED_INSUFFICIENT_MARKET_DATA,REJECTED,True,False,PROVISIONAL_PRIMARY_ONLY,PROVISIONAL_LOW,NOT_AVAILABLE,NEEDS_MANUAL_BCTC_REVIEW,"[""last_close"", ""last_price_date"", ""net_income""]","[""Primary market data missing or incomplete.""]",Primary market data missing or incomplete.,,,88680.0,,88680.0,,,,PARTIAL_PROVISIONAL_DATA,provisional_structured,,,,,,,,,
VLG,Công ty Cổ phần VIMC Logistics,BLOCKED_INSUFFICIENT_MARKET_DATA,REJECTED,True,False,PROVISIONAL_PRIMARY_ONLY,PROVISIONAL_LOW,NOT_AVAILABLE,NEEDS_MANUAL_BCTC_REVIEW,"[""last_close"", ""last_price_date"", ""net_income""]","[""Primary market data missing or incomplete.""]",Primary market data missing or incomplete.,,,3210.0,,3210.0,,,,PARTIAL_PROVISIONAL_DATA,provisional_structured,,,,,,,,,
VLP,Công ty Cổ phần Công trình Công cộng Vĩnh Long,BLOCKED_INSUFFICIENT_MARKET_DATA,REJECTED,True,False,PROVISIONAL_PRIMARY_ONLY,PROVISIONAL_LOW,NOT_AVAILABLE,NEEDS_MANUAL_BCTC_REVIEW,"[""avg_volume_20d"", ""last_close"", ""last_price_date"", ""net_income""]","[""Primary market data missing or incomplete.""]",Primary market data missing or incomplete.,,,,,,,,,PARTIAL_PROVISIONAL_DATA,provisional_structured,,,,,,,,,
VLS,Công ty Cổ phần Sản xuất Thép Việt Long,BLOCKED_INSUFFICIENT_MARKET_DATA,REJECTED,True,False,PROVISIONAL_PRIMARY_ONLY,PROVISIONAL_LOW,NOT_AVAILABLE,NEEDS_MANUAL_BCTC_REVIEW,"[""avg_volume_20d"", ""last_close"", ""last_price_date"", ""net_income""]","[""Primary market data missing or incomplete.""]",Primary market data missing or incomplete.,,,,,,,,,PARTIAL_PROVISIONAL_DATA,provisional_structured,,,,,,,,,
VLW,Công ty Cổ phần Cấp nước Vĩnh Long,BLOCKED_INSUFFICIENT_MARKET_DATA,REJECTED,True,False,PROVISIONAL_PRIMARY_ONLY,PROVISIONAL_LOW,NOT_AVAILABLE,NEEDS_MANUAL_BCTC_REVIEW,"[""avg_volume_20d"", ""last_close"", ""last_price_date"", ""net_income""]","[""Primary market data missing or incomplete.""]",Primary market data missing or incomplete.,,,,,,,,,PARTIAL_PROVISIONAL_DATA,provisional_structured,,,,,,,,,
VMA,Công ty Cổ phần Công nghiệp Ô tô - Vinacomin,BLOCKED_INSUFFICIENT_MARKET_DATA,REJECTED,True,False,PROVISIONAL_PRIMARY_ONLY,PROVISIONAL_LOW,NOT_AVAILABLE,NEEDS_MANUAL_BCTC_REVIEW,"[""avg_volume_20d"", ""last_close"", ""last_price_date"", ""net_income""]","[""Primary market data missing or incomplete.""]",Primary market data missing or incomplete.,,,,,,,,,PARTIAL_PROVISIONAL_DATA,provisional_structured,,,,,,,,,
VMC,Công ty Cổ phần VIMECO,BLOCKED_INSUFFICIENT_MARKET_DATA,REJECTED,True,False,PROVISIONAL_PRIMARY_ONLY,PROVISIONAL_LOW,NOT_AVAILABLE,NEEDS_MANUAL_BCTC_REVIEW,"[""last_close"", ""last_price_date"", ""net_income""]","[""Primary market data missing or incomplete.""]",Primary market data missing or incomplete.,,,3590.0,,3590.0,,,,PARTIAL_PROVISIONAL_DATA,provisional_structured,,,,,,,,,
VMD,Công ty Cổ phần Y Dược phẩm Vimedimex,BLOCKED_INSUFFICIENT_MARKET_DATA,REJECTED,True,False,PROVISIONAL_PRIMARY_ONLY,PROVISIONAL_LOW,NOT_AVAILABLE,NEEDS_MANUAL_BCTC_REVIEW,"[""last_close"", ""last_price_date"", ""net_income""]","[""Primary market data missing or incomplete.""]",Primary market data missing or incomplete.,,,640.0,,640.0,,,,PARTIAL_PROVISIONAL_DATA,provisional_structured,,,,,,,,,
VMG,Công ty Cổ phần Thương mại và Dịch vụ Dầu khí Vũng Tàu,BLOCKED_INSUFFICIENT_MARKET_DATA,REJECTED,True,False,PROVISIONAL_PRIMARY_ONLY,PROVISIONAL_LOW,NOT_AVAILABLE,NEEDS_MANUAL_BCTC_REVIEW,"[""last_close"", ""last_price_date"", ""net_income""]","[""Primary market data missing or incomplete.""]",Primary market data missing or incomplete.,,,4200.0,,4200.0,,,,PARTIAL_PROVISIONAL_DATA,provisional_structured,,,,,,,,,
VMI,Công ty Cổ phần Khoáng sản và Đầu tư VISACO,BLOCKED_INSUFFICIENT_MARKET_DATA,REJECTED,True,False,PROVISIONAL_PRIMARY_ONLY,PROVISIONAL_LOW,NOT_AVAILABLE,NEEDS_MANUAL_BCTC_REVIEW,"[""avg_volume_20d"", ""capex"", ""cfo"", ""equity"", ""gross_profit"", ""last_close"", ""last_price_date"", ""net_income"", ""revenue"", ""total_assets"", ""total_liabilities""]","[""Primary market data missing or incomplete.""]",Primary market data missing or incomplete.,,,,,,,,,INSUFFICIENT_DATA,provisional_structured,,,,,,,,,
VMK,Công ty Cổ phần Vimarko,BLOCKED_INSUFFICIENT_MARKET_DATA,REJECTED,True,False,PROVISIONAL_PRIMARY_ONLY,PROVISIONAL_LOW,NOT_AVAILABLE,NEEDS_MANUAL_BCTC_REVIEW,"[""avg_volume_20d"", ""last_close"", ""last_price_date"", ""net_income""]","[""Primary market data missing or incomplete.""]",Primary market data missing or incomplete.,,,,,,,,,PARTIAL_PROVISIONAL_DATA,provisional_structured,,,,,,,,,
VMS,Công ty Cổ phần Phát triển Hàng Hải,BLOCKED_INSUFFICIENT_MARKET_DATA,REJECTED,True,False,PROVISIONAL_PRIMARY_ONLY,PROVISIONAL_LOW,NOT_AVAILABLE,NEEDS_MANUAL_BCTC_REVIEW,"[""last_close"", ""last_price_date"", ""net_income""]","[""Primary market data missing or incomplete.""]",Primary market data missing or incomplete.,,,60.0,,60.0,,,,PARTIAL_PROVISIONAL_DATA,provisional_structured,,,,,,,,,
VMT,Công ty Cổ phần Giao nhận Vận tải Miền Trung,BLOCKED_INSUFFICIENT_MARKET_DATA,REJECTED,True,False,PROVISIONAL_PRIMARY_ONLY,PROVISIONAL_LOW,NOT_AVAILABLE,NEEDS_MANUAL_BCTC_REVIEW,"[""avg_volume_20d"", ""last_close"", ""last_price_date"", ""net_income""]","[""Primary market data missing or incomplete.""]",Primary market data missing or incomplete.,,,,,,,,,PARTIAL_PROVISIONAL_DATA,provisional_structured,,,,,,,,,
VNA,Công ty Cổ phần Vận tải biển Vinaship,BLOCKED_INSUFFICIENT_MARKET_DATA,REJECTED,True,False,PROVISIONAL_PRIMARY_ONLY,PROVISIONAL_LOW,NOT_AVAILABLE,NEEDS_MANUAL_BCTC_REVIEW,"[""last_close"", ""last_price_date"", ""net_income""]","[""Primary market data missing or incomplete.""]",Primary market data missing or incomplete.,,,3550.0,,3550.0,,,,PARTIAL_PROVISIONAL_DATA,provisional_structured,,,,,,,,,
VNB,Công ty Cổ phần Sách Việt Nam,BLOCKED_INSUFFICIENT_MARKET_DATA,REJECTED,True,False,PROVISIONAL_PRIMARY_ONLY,PROVISIONAL_LOW,NOT_AVAILABLE,NEEDS_MANUAL_BCTC_REVIEW,"[""last_close"", ""last_price_date"", ""net_income""]","[""Primary market data missing or incomplete.""]",Primary market data missing or incomplete.,,,53771.0,,53771.0,,,,PARTIAL_PROVISIONAL_DATA,provisional_structured,,,,,,,,,
VNC,Công ty Cổ phần Tập đoàn Vinacontrol,BLOCKED_INSUFFICIENT_MARKET_DATA,REJECTED,True,False,PROVISIONAL_PRIMARY_ONLY,PROVISIONAL_LOW,NOT_AVAILABLE,NEEDS_MANUAL_BCTC_REVIEW,"[""last_close"", ""last_price_date"", ""net_income""]","[""Primary market data missing or incomplete.""]",Primary market data missing or incomplete.,,,1230.0,,1230.0,,,,PARTIAL_PROVISIONAL_DATA,provisional_structured,,,,,,,,,
VND,Công ty Cổ phần Chứng khoán VNDIRECT,WATCHLIST_CANDIDATE,WATCH_ONLY,True,True,PROVISIONAL_PRIMARY_ONLY,PROVISIONAL_LOW,NOT_AVAILABLE,NEEDS_MANUAL_BCTC_REVIEW,[],[],Survived primary-only scale filters; manual BCTC/source verification remains required.,2026-06-11,17.2,19177213.55,13594958.6667,11655200.0,329848073.06,0.0,FETCH_OK,PARTIAL_PROVISIONAL_DATA,provisional_structured,,,,,,,,,
VNE,Tổng Công ty Cổ phần Xây dựng điện Việt Nam,WATCHLIST_CANDIDATE,WATCH_ONLY,True,True,PROVISIONAL_PRIMARY_ONLY,PROVISIONAL_LOW,NOT_AVAILABLE,NEEDS_MANUAL_BCTC_REVIEW,"[""net_income""]",[],Survived primary-only scale filters; manual BCTC/source verification remains required.,2026-06-11,3.01,1593910.0,844325.0,382400.0,4797669.1,0.0,FETCH_OK,PARTIAL_PROVISIONAL_DATA,provisional_structured,,,,,,,,,
VNF,Công ty Cổ phần Vinafreight,BLOCKED_INSUFFICIENT_MARKET_DATA,REJECTED,True,False,PROVISIONAL_PRIMARY_ONLY,PROVISIONAL_LOW,NOT_AVAILABLE,NEEDS_MANUAL_BCTC_REVIEW,"[""last_close"", ""last_price_date"", ""net_income""]","[""Primary market data missing or incomplete.""]",Primary market data missing or incomplete.,,,2810.0,,2810.0,,,,PARTIAL_PROVISIONAL_DATA,provisional_structured,,,,,,,,,
VNG,Công ty Cổ phần Du Lịch Thành Thành Công,BLOCKED_INSUFFICIENT_MARKET_DATA,REJECTED,True,False,PROVISIONAL_PRIMARY_ONLY,PROVISIONAL_LOW,NOT_AVAILABLE,NEEDS_MANUAL_BCTC_REVIEW,"[""last_close"", ""last_price_date"", ""net_income""]","[""Primary market data missing or incomplete.""]",Primary market data missing or incomplete.,,,2000.0,,2000.0,,,,PARTIAL_PROVISIONAL_DATA,provisional_structured,,,,,,,,,
VNH,Công ty Cổ phần Đầu tư Việt Việt Nhật,BLOCKED_INSUFFICIENT_MARKET_DATA,REJECTED,True,False,PROVISIONAL_PRIMARY_ONLY,PROVISIONAL_LOW,NOT_AVAILABLE,NEEDS_MANUAL_BCTC_REVIEW,"[""last_close"", ""last_price_date"", ""net_income""]","[""Primary market data missing or incomplete.""]",Primary market data missing or incomplete.,,,78320.0,,78320.0,,,,PARTIAL_PROVISIONAL_DATA,provisional_structured,,,,,,,,,
VNI,Công ty Cổ phần Đầu tư Bất động sản Việt Nam,BLOCKED_INSUFFICIENT_MARKET_DATA,REJECTED,True,False,PROVISIONAL_PRIMARY_ONLY,PROVISIONAL_LOW,NOT_AVAILABLE,NEEDS_MANUAL_BCTC_REVIEW,"[""last_close"", ""last_price_date"", ""net_income""]","[""Primary market data missing or incomplete.""]",Primary market data missing or incomplete.,,,210.0,,210.0,,,,PARTIAL_PROVISIONAL_DATA,provisional_structured,,,,,,,,,
VNL,Công ty Cổ phần Logistics Vinalink,BLOCKED_INSUFFICIENT_MARKET_DATA,REJECTED,True,False,PROVISIONAL_PRIMARY_ONLY,PROVISIONAL_LOW,NOT_AVAILABLE,NEEDS_MANUAL_BCTC_REVIEW,"[""last_close"", ""last_price_date"", ""net_income""]","[""Primary market data missing or incomplete.""]",Primary market data missing or incomplete.,,,1590.0,,1590.0,,,,PARTIAL_PROVISIONAL_DATA,provisional_structured,,,,,,,,,
VNM,Công ty Cổ phần Sữa Việt Nam,WATCHLIST_CANDIDATE,WATCH_ONLY,True,True,PROVISIONAL_PRIMARY_ONLY,PROVISIONAL_LOW,NOT_AVAILABLE,NEEDS_MANUAL_BCTC_REVIEW,"[""net_income""]",[],Survived primary-only scale filters; manual BCTC/source verification remains required.,2026-06-11,59.2,2920120.0,3562053.3333,1804500.0,172871104.0,0.0,FETCH_OK,PARTIAL_PROVISIONAL_DATA,provisional_structured,,,,,,,,,
VNP,Công ty Cổ phần Nhựa Việt Nam,BLOCKED_INSUFFICIENT_MARKET_DATA,REJECTED,True,False,PROVISIONAL_PRIMARY_ONLY,PROVISIONAL_LOW,NOT_AVAILABLE,NEEDS_MANUAL_BCTC_REVIEW,"[""last_close"", ""last_price_date"", ""net_income""]","[""Primary market data missing or incomplete.""]",Primary market data missing or incomplete.,,,36520.0,,36520.0,,,,PARTIAL_PROVISIONAL_DATA,provisional_structured,,,,,,,,,
VNR,Tổng Công ty Cổ phần Tái bảo hiểm Quốc gia Việt Nam,BLOCKED_INSUFFICIENT_MARKET_DATA,REJECTED,True,False,PROVISIONAL_PRIMARY_ONLY,PROVISIONAL_LOW,NOT_AVAILABLE,NEEDS_MANUAL_BCTC_REVIEW,"[""capex"", ""last_close"", ""last_price_date""]","[""Primary market data missing or incomplete.""]",Primary market data missing or incomplete.,,,12390.0,,12390.0,,,,PARTIAL_PROVISIONAL_DATA,provisional_structured,,,,,,,,,
VNS,Công ty Cổ phần Ánh Dương Việt Nam,BLOCKED_INSUFFICIENT_MARKET_DATA,REJECTED,True,False,PROVISIONAL_PRIMARY_ONLY,PROVISIONAL_LOW,NOT_AVAILABLE,NEEDS_MANUAL_BCTC_REVIEW,"[""last_close"", ""last_price_date"", ""net_income""]","[""Primary market data missing or incomplete.""]",Primary market data missing or incomplete.,,,7690.0,,7690.0,,,,PARTIAL_PROVISIONAL_DATA,provisional_structured,,,,,,,,,
VNT,Công ty Cổ phần Giao nhận Vận tải Ngoại Thương,BLOCKED_INSUFFICIENT_MARKET_DATA,REJECTED,True,False,PROVISIONAL_PRIMARY_ONLY,PROVISIONAL_LOW,NOT_AVAILABLE,NEEDS_MANUAL_BCTC_REVIEW,"[""avg_volume_20d"", ""last_close"", ""last_price_date"", ""net_income""]","[""Primary market data missing or incomplete.""]",Primary market data missing or incomplete.,,,,,,,,,PARTIAL_PROVISIONAL_DATA,provisional_structured,,,,,,,,,
VNX,Công ty Cổ phần Quảng cáo và Hội chợ Thương mại Vinexad,BLOCKED_INSUFFICIENT_MARKET_DATA,REJECTED,True,False,PROVISIONAL_PRIMARY_ONLY,PROVISIONAL_LOW,NOT_AVAILABLE,NEEDS_MANUAL_BCTC_REVIEW,"[""avg_volume_20d"", ""last_close"", ""last_price_date"", ""net_income""]","[""Primary market data missing or incomplete.""]",Primary market data missing or incomplete.,,,,,,,,,PARTIAL_PROVISIONAL_DATA,provisional_structured,,,,,,,,,
VNY,Công ty Cổ phần Thuốc thú y Trung ương I,BLOCKED_INSUFFICIENT_MARKET_DATA,REJECTED,True,False,PROVISIONAL_PRIMARY_ONLY,PROVISIONAL_LOW,NOT_AVAILABLE,NEEDS_MANUAL_BCTC_REVIEW,"[""last_close"", ""last_price_date"", ""net_income""]","[""Primary market data missing or incomplete.""]",Primary market data missing or incomplete.,,,100.0,,100.0,,,,PARTIAL_PROVISIONAL_DATA,provisional_structured,,,,,,,,,
VNZ,Công ty Cổ phần Tập đoàn VNG,BLOCKED_INSUFFICIENT_MARKET_DATA,REJECTED,True,False,PROVISIONAL_PRIMARY_ONLY,PROVISIONAL_LOW,NOT_AVAILABLE,NEEDS_MANUAL_BCTC_REVIEW,"[""last_close"", ""last_price_date"", ""net_income""]","[""Primary market data missing or incomplete.""]",Primary market data missing or incomplete.,,,724.0,,724.0,,,,PARTIAL_PROVISIONAL_DATA,provisional_structured,,,,,,,,,
VOC,Tổng Công ty Công nghiệp Dầu thực vật Việt Nam - Công ty Cổ phần,BLOCKED_INSUFFICIENT_MARKET_DATA,REJECTED,True,False,PROVISIONAL_PRIMARY_ONLY,PROVISIONAL_LOW,NOT_AVAILABLE,NEEDS_MANUAL_BCTC_REVIEW,"[""last_close"", ""last_price_date"", ""net_income""]","[""Primary market data missing or incomplete.""]",Primary market data missing or incomplete.,,,39450.0,,39450.0,,,,PARTIAL_PROVISIONAL_DATA,provisional_structured,,,,,,,,,
VOS,Công ty Cổ phần Vận tải Biển Việt Nam,WATCHLIST_CANDIDATE,WATCH_ONLY,True,True,PROVISIONAL_PRIMARY_ONLY,PROVISIONAL_LOW,NOT_AVAILABLE,NEEDS_MANUAL_BCTC_REVIEW,"[""net_income""]",[],Survived primary-only scale filters; manual BCTC/source verification remains required.,2026-06-11,11.8,655025.0,1005491.6667,302700.0,7729295.0,0.0,FETCH_OK,PARTIAL_PROVISIONAL_DATA,provisional_structured,,,,,,,,,
VPA,Công ty Cổ phần Vận tải Hóa dầu VP,BLOCKED_INSUFFICIENT_MARKET_DATA,REJECTED,True,False,PROVISIONAL_PRIMARY_ONLY,PROVISIONAL_LOW,NOT_AVAILABLE,NEEDS_MANUAL_BCTC_REVIEW,"[""last_close"", ""last_price_date"", ""net_income""]","[""Primary market data missing or incomplete.""]",Primary market data missing or incomplete.,,,1711.0,,1711.0,,,,PARTIAL_PROVISIONAL_DATA,provisional_structured,,,,,,,,,
VPB,Ngân hàng Thương mại Cổ phần Việt Nam Thịnh Vượng,BLOCKED_INSUFFICIENT_MARKET_DATA,REJECTED,True,False,PROVISIONAL_PRIMARY_ONLY,PROVISIONAL_LOW,NOT_AVAILABLE,NEEDS_MANUAL_BCTC_REVIEW,"[""capex"", ""gross_profit"", ""last_close"", ""last_price_date"", ""revenue""]","[""Primary market data missing or incomplete.""]",Primary market data missing or incomplete.,,,15120650.0,,15120650.0,,,,PARTIAL_PROVISIONAL_DATA,provisional_structured,,,,,,,,,
VPC,Công ty Cổ phần Đầu tư và Phát triển Năng lượng Việt Nam,BLOCKED_INSUFFICIENT_MARKET_DATA,REJECTED,True,False,PROVISIONAL_PRIMARY_ONLY,PROVISIONAL_LOW,NOT_AVAILABLE,NEEDS_MANUAL_BCTC_REVIEW,"[""last_close"", ""last_price_date"", ""net_income""]","[""Primary market data missing or incomplete.""]",Primary market data missing or incomplete.,,,1120.0,,1120.0,,,,PARTIAL_PROVISIONAL_DATA,provisional_structured,,,,,,,,,
VPD,Công ty Cổ phần Phát triển Điện lực Việt Nam,BLOCKED_INSUFFICIENT_MARKET_DATA,REJECTED,True,False,PROVISIONAL_PRIMARY_ONLY,PROVISIONAL_LOW,NOT_AVAILABLE,NEEDS_MANUAL_BCTC_REVIEW,"[""last_close"", ""last_price_date"", ""net_income""]","[""Primary market data missing or incomplete.""]",Primary market data missing or incomplete.,,,4460.0,,4460.0,,,,PARTIAL_PROVISIONAL_DATA,provisional_structured,,,,,,,,,
VPG,Công ty Cổ phần Đầu tư Thương mại Xuất nhập khẩu Việt Phát,BLOCKED_INSUFFICIENT_MARKET_DATA,REJECTED,True,False,PROVISIONAL_PRIMARY_ONLY,PROVISIONAL_LOW,NOT_AVAILABLE,NEEDS_MANUAL_BCTC_REVIEW,"[""last_close"", ""last_price_date"", ""net_income""]","[""Primary market data missing or incomplete.""]",Primary market data missing or incomplete.,,,296460.0,,296460.0,,,,PARTIAL_PROVISIONAL_DATA,provisional_structured,,,,,,,,,
VPH,Công ty Cổ phần Vạn Phát Hưng,BLOCKED_INSUFFICIENT_MARKET_DATA,REJECTED,True,False,PROVISIONAL_PRIMARY_ONLY,PROVISIONAL_LOW,NOT_AVAILABLE,NEEDS_MANUAL_BCTC_REVIEW,"[""last_close"", ""last_price_date"", ""net_income""]","[""Primary market data missing or incomplete.""]",Primary market data missing or incomplete.,,,67920.0,,67920.0,,,,PARTIAL_PROVISIONAL_DATA,provisional_structured,,,,,,,,,
VPI,Công ty Cổ phần Phát triển Bất động sản Văn Phú,BLOCKED_INSUFFICIENT_MARKET_DATA,REJECTED,True,False,PROVISIONAL_PRIMARY_ONLY,PROVISIONAL_LOW,NOT_AVAILABLE,NEEDS_MANUAL_BCTC_REVIEW,"[""last_close"", ""last_price_date"", ""net_income""]","[""Primary market data missing or incomplete.""]",Primary market data missing or incomplete.,,,3195850.0,,3195850.0,,,,PARTIAL_PROVISIONAL_DATA,provisional_structured,,,,,,,,,
VPL,Công ty Cổ phần Vinpearl,BLOCKED_INSUFFICIENT_MARKET_DATA,REJECTED,True,False,PROVISIONAL_PRIMARY_ONLY,PROVISIONAL_LOW,NOT_AVAILABLE,NEEDS_MANUAL_BCTC_REVIEW,"[""last_close"", ""last_price_date"", ""net_income""]","[""Primary market data missing or incomplete.""]",Primary market data missing or incomplete.,,,4920.0,,4920.0,,,,PARTIAL_PROVISIONAL_DATA,provisional_structured,,,,,,,,,
VPR,Công ty Cổ phần VINAPRINT,BLOCKED_INSUFFICIENT_MARKET_DATA,REJECTED,True,False,PROVISIONAL_PRIMARY_ONLY,PROVISIONAL_LOW,NOT_AVAILABLE,NEEDS_MANUAL_BCTC_REVIEW,"[""last_close"", ""last_price_date"", ""net_income""]","[""Primary market data missing or incomplete.""]",Primary market data missing or incomplete.,,,3430.0,,3430.0,,,,PARTIAL_PROVISIONAL_DATA,provisional_structured,,,,,,,,,
VPS,Công ty Cổ phần Thuốc sát trùng Việt Nam,BLOCKED_INSUFFICIENT_MARKET_DATA,REJECTED,True,False,PROVISIONAL_PRIMARY_ONLY,PROVISIONAL_LOW,NOT_AVAILABLE,NEEDS_MANUAL_BCTC_REVIEW,"[""last_close"", ""last_price_date"", ""net_income""]","[""Primary market data missing or incomplete.""]",Primary market data missing or incomplete.,,,2590.0,,2590.0,,,,PARTIAL_PROVISIONAL_DATA,provisional_structured,,,,,,,,,
VPW,Công ty Cổ phần Cấp thoát nước số 1 Vĩnh Phúc,BLOCKED_INSUFFICIENT_MARKET_DATA,REJECTED,True,False,PROVISIONAL_PRIMARY_ONLY,PROVISIONAL_LOW,NOT_AVAILABLE,NEEDS_MANUAL_BCTC_REVIEW,"[""avg_volume_20d"", ""last_close"", ""last_price_date"", ""net_income""]","[""Primary market data missing or incomplete.""]",Primary market data missing or incomplete.,,,,,,,,,PARTIAL_PROVISIONAL_DATA,provisional_structured,,,,,,,,,
VPX,Công ty Cổ phần Chứng khoán VPBank,BLOCKED_INSUFFICIENT_MARKET_DATA,REJECTED,True,False,PROVISIONAL_PRIMARY_ONLY,PROVISIONAL_LOW,NOT_AVAILABLE,NEEDS_MANUAL_BCTC_REVIEW,"[""avg_volume_20d"", ""last_close"", ""last_price_date""]","[""Primary market data missing or incomplete.""]",Primary market data missing or incomplete.,,,,,,,,,PARTIAL_PROVISIONAL_DATA,provisional_structured,,,,,,,,,
VQC,Công ty Cổ phần Giám định Vinaconmin,BLOCKED_INSUFFICIENT_MARKET_DATA,REJECTED,True,False,PROVISIONAL_PRIMARY_ONLY,PROVISIONAL_LOW,NOT_AVAILABLE,NEEDS_MANUAL_BCTC_REVIEW,"[""last_close"", ""last_price_date"", ""net_income""]","[""Primary market data missing or incomplete.""]",Primary market data missing or incomplete.,,,80.0,,80.0,,,,PARTIAL_PROVISIONAL_DATA,provisional_structured,,,,,,,,,
VRC,Công ty Cổ phần Bất động sản và Đầu tư VRC,BLOCKED_INSUFFICIENT_MARKET_DATA,REJECTED,True,False,PROVISIONAL_PRIMARY_ONLY,PROVISIONAL_LOW,NOT_AVAILABLE,NEEDS_MANUAL_BCTC_REVIEW,"[""last_close"", ""last_price_date"", ""net_income""]","[""Primary market data missing or incomplete.""]",Primary market data missing or incomplete.,,,16760.0,,16760.0,,,,PARTIAL_PROVISIONAL_DATA,provisional_structured,,,,,,,,,
VRE,Công ty Cổ phần Vincom Retail,WATCHLIST_CANDIDATE,WATCH_ONLY,True,True,PROVISIONAL_PRIMARY_ONLY,PROVISIONAL_LOW,NOT_AVAILABLE,NEEDS_MANUAL_BCTC_REVIEW,"[""net_income""]",[],Survived primary-only scale filters; manual BCTC/source verification remains required.,2026-06-11,29.15,5038620.0,6965415.0,1916700.0,146875773.0,0.0,FETCH_OK,PARTIAL_PROVISIONAL_DATA,provisional_structured,,,,,,,,,
VRG,Công ty Cổ phần Phát triển Đô thị và Khu Công nghiệp Cao Su Việt Nam,BLOCKED_INSUFFICIENT_MARKET_DATA,REJECTED,True,False,PROVISIONAL_PRIMARY_ONLY,PROVISIONAL_LOW,NOT_AVAILABLE,NEEDS_MANUAL_BCTC_REVIEW,"[""last_close"", ""last_price_date"", ""net_income""]","[""Primary market data missing or incomplete.""]",Primary market data missing or incomplete.,,,10740.0,,10740.0,,,,PARTIAL_PROVISIONAL_DATA,provisional_structured,,,,,,,,,
VSA,Công ty Cổ phần Đại lý Hàng hải Việt Nam,BLOCKED_INSUFFICIENT_MARKET_DATA,REJECTED,True,False,PROVISIONAL_PRIMARY_ONLY,PROVISIONAL_LOW,NOT_AVAILABLE,NEEDS_MANUAL_BCTC_REVIEW,"[""last_close"", ""last_price_date"", ""net_income""]","[""Primary market data missing or incomplete.""]",Primary market data missing or incomplete.,,,170.0,,170.0,,,,PARTIAL_PROVISIONAL_DATA,provisional_structured,,,,,,,,,
