ticker,in_legacy_quality,in_legacy_market,in_ranking,exchange,sector_raw,has_market_data,has_finance_data,data_quality_status,possible_issue,recommended_action
A32,True,True,True,UPCoM,Hàng Tiêu dùng / Hàng cá nhân & Gia dụng / Hàng cá nhân / Giầy dép,True,False,PARTIAL_PROVISIONAL_DATA,MISSING_FINANCE_DATA,Do not promote to stage_2+ until provisional or official finance data exists.
AAA,True,True,True,HOSE,"Nguyên vật liệu / Hóa chất / Hóa chất / Nhựa, cao su & sợi",True,False,PARTIAL_PROVISIONAL_DATA,MISSING_FINANCE_DATA,Do not promote to stage_2+ until provisional or official finance data exists.
AAH,True,True,True,UPCoM,Nguyên vật liệu / Tài nguyên Cơ bản / Khai khoáng / Khai thác Than,False,False,INSUFFICIENT_DATA,MISSING_MARKET_DATA,Do not promote to stage_2+ until market data is present.
AAM,True,True,True,HOSE,Hàng Tiêu dùng / Thực phẩm và đồ uống / Sản xuất thực phẩm / Nuôi trồng nông & hải sản,True,False,PARTIAL_PROVISIONAL_DATA,MISSING_FINANCE_DATA,Do not promote to stage_2+ until provisional or official finance data exists.
AAN,True,True,True,,Hàng Tiêu dùng / Thực phẩm và đồ uống / Sản xuất thực phẩm / Nuôi trồng nông & hải sản,False,False,INSUFFICIENT_DATA,UNKNOWN_EXCHANGE,Verify exchange/listing identity before stage_2+.
AAS,True,True,True,UPCoM,Tài chính / Dịch vụ tài chính / Dịch vụ tài chính / Môi giới chứng khoán,True,False,PARTIAL_PROVISIONAL_DATA,MISSING_FINANCE_DATA,Do not promote to stage_2+ until provisional or official finance data exists.
AAT,True,True,True,HOSE,Hàng Tiêu dùng / Hàng cá nhân & Gia dụng / Hàng cá nhân / Hàng May mặc,True,False,PARTIAL_PROVISIONAL_DATA,MISSING_FINANCE_DATA,Do not promote to stage_2+ until provisional or official finance data exists.
AAV,True,True,True,HNX,Tài chính / Bất động sản / Bất động sản / Bất động sản,True,False,PARTIAL_PROVISIONAL_DATA,MISSING_FINANCE_DATA,Do not promote to stage_2+ until provisional or official finance data exists.
ABB,True,True,True,UPCoM,Ngân hàng / Ngân hàng / Ngân hàng / Ngân hàng,True,False,PARTIAL_PROVISIONAL_DATA,MISSING_FINANCE_DATA,Do not promote to stage_2+ until provisional or official finance data exists.
ABC,True,True,True,UPCoM,Viễn thông / Viễn thông / Viễn thông di động / Viễn thông di động,True,False,PARTIAL_PROVISIONAL_DATA,MISSING_FINANCE_DATA,Do not promote to stage_2+ until provisional or official finance data exists.
ABI,True,True,True,UPCoM,Tài chính / Bảo hiểm / Bảo hiểm phi nhân thọ / Bảo hiểm phi nhân thọ,True,False,PARTIAL_PROVISIONAL_DATA,MISSING_FINANCE_DATA,Do not promote to stage_2+ until provisional or official finance data exists.
ABR,True,True,True,HOSE,Công nghiệp / Hàng & Dịch vụ Công nghiệp / Tư vấn & Hỗ trợ Kinh doanh / Tư vấn & Hỗ trợ KD,True,False,PARTIAL_PROVISIONAL_DATA,MISSING_FINANCE_DATA,Do not promote to stage_2+ until provisional or official finance data exists.
ABS,True,True,True,HOSE,"Nguyên vật liệu / Hóa chất / Hóa chất / Sản phẩm hóa dầu, Nông dược & Hóa chất khác",True,False,PARTIAL_PROVISIONAL_DATA,MISSING_FINANCE_DATA,Do not promote to stage_2+ until provisional or official finance data exists.
ABT,True,True,True,HOSE,Hàng Tiêu dùng / Thực phẩm và đồ uống / Sản xuất thực phẩm / Nuôi trồng nông & hải sản,True,False,PARTIAL_PROVISIONAL_DATA,MISSING_FINANCE_DATA,Do not promote to stage_2+ until provisional or official finance data exists.
ABW,True,True,True,UPCoM,Tài chính / Dịch vụ tài chính / Dịch vụ tài chính / Môi giới chứng khoán,False,False,INSUFFICIENT_DATA,MISSING_MARKET_DATA,Do not promote to stage_2+ until market data is present.
AC4,True,True,True,UPCoM,Công nghiệp / Hàng hóa công nghiệp / Kỹ thuật xây dựng,False,False,CACHE_MISSING,MISSING_MARKET_DATA,Do not promote to stage_2+ until market data is present.
ACB,True,True,True,HOSE,Ngân hàng / Ngân hàng / Ngân hàng / Ngân hàng,True,False,PARTIAL_PROVISIONAL_DATA,MISSING_FINANCE_DATA,Do not promote to stage_2+ until provisional or official finance data exists.
ACC,True,True,True,HOSE,Công nghiệp / Xây dựng và Vật liệu / Xây dựng và Vật liệu / Vật liệu xây dựng & Nội thất,True,False,PARTIAL_PROVISIONAL_DATA,MISSING_FINANCE_DATA,Do not promote to stage_2+ until provisional or official finance data exists.
ACE,True,True,True,UPCoM,Công nghiệp / Xây dựng và Vật liệu / Xây dựng và Vật liệu / Vật liệu xây dựng & Nội thất,True,False,PARTIAL_PROVISIONAL_DATA,MISSING_FINANCE_DATA,Do not promote to stage_2+ until provisional or official finance data exists.
ACG,True,True,True,HOSE,Nguyên vật liệu / Tài nguyên Cơ bản / Lâm nghiệp và Giấy / Lâm sản và Chế biến gỗ,True,False,PARTIAL_PROVISIONAL_DATA,MISSING_FINANCE_DATA,Do not promote to stage_2+ until provisional or official finance data exists.
ACL,True,True,True,HOSE,Hàng Tiêu dùng / Thực phẩm và đồ uống / Sản xuất thực phẩm / Nuôi trồng nông & hải sản,True,False,PARTIAL_PROVISIONAL_DATA,MISSING_FINANCE_DATA,Do not promote to stage_2+ until provisional or official finance data exists.
ACM,True,True,True,UPCoM,Nguyên vật liệu / Tài nguyên Cơ bản / Khai khoáng / Khai khoáng,True,False,PARTIAL_PROVISIONAL_DATA,MISSING_FINANCE_DATA,Do not promote to stage_2+ until provisional or official finance data exists.
ACS,True,True,True,UPCoM,Công nghiệp / Xây dựng và Vật liệu / Xây dựng và Vật liệu / Xây dựng,True,False,PARTIAL_PROVISIONAL_DATA,MISSING_FINANCE_DATA,Do not promote to stage_2+ until provisional or official finance data exists.
ACV,True,True,True,UPCoM,"Công nghiệp / Hàng & Dịch vụ Công nghiệp / Vận tải / Kho bãi, hậu cần và bảo dưỡng",True,False,PARTIAL_PROVISIONAL_DATA,MISSING_FINANCE_DATA,Do not promote to stage_2+ until provisional or official finance data exists.
ADC,True,True,True,HNX,"Dịch vụ Tiêu dùng / Truyền thông / Truyền thông / Sách, ấn bản & sản phẩm văn hóa",True,False,PARTIAL_PROVISIONAL_DATA,MISSING_FINANCE_DATA,Do not promote to stage_2+ until provisional or official finance data exists.
ADG,True,True,True,HOSE,Dịch vụ Tiêu dùng / Truyền thông / Truyền thông / Dịch vụ truyền thông,True,False,PARTIAL_PROVISIONAL_DATA,MISSING_FINANCE_DATA,Do not promote to stage_2+ until provisional or official finance data exists.
ADP,True,True,True,HOSE,Công nghiệp / Xây dựng và Vật liệu / Xây dựng và Vật liệu / Vật liệu xây dựng & Nội thất,True,False,PARTIAL_PROVISIONAL_DATA,MISSING_FINANCE_DATA,Do not promote to stage_2+ until provisional or official finance data exists.
ADS,True,True,True,HOSE,Hàng Tiêu dùng / Hàng cá nhân & Gia dụng / Hàng cá nhân / Hàng May mặc,True,False,PARTIAL_PROVISIONAL_DATA,MISSING_FINANCE_DATA,Do not promote to stage_2+ until provisional or official finance data exists.
AFC,True,True,True,UPCoM,Công nghiệp / Dịch vụ thương mại và chuyên nghiệp / Dịch vụ và thiết bị thương mại,False,False,CACHE_MISSING,MISSING_MARKET_DATA,Do not promote to stage_2+ until market data is present.
AFX,True,True,True,HOSE,Dịch vụ Tiêu dùng / Bán lẻ / Phân phối thực phẩm & dược phẩm / Phân phối thực phẩm,True,False,PARTIAL_PROVISIONAL_DATA,MISSING_FINANCE_DATA,Do not promote to stage_2+ until provisional or official finance data exists.
AG1,True,True,True,UPCoM,Hàng Tiêu dùng / Hàng cá nhân & Gia dụng / Hàng cá nhân / Hàng May mặc,True,False,PARTIAL_PROVISIONAL_DATA,MISSING_FINANCE_DATA,Do not promote to stage_2+ until provisional or official finance data exists.
AGC,True,True,True,HNX,"Tiêu dùng thiết yếu / Thực phẩm, đồ uống và thuốc lá / Thực phẩm",False,False,CACHE_MISSING,MISSING_MARKET_DATA,Do not promote to stage_2+ until market data is present.
AGD,True,True,True,HOSE,"Tiêu dùng thiết yếu / Thực phẩm, đồ uống và thuốc lá / Thực phẩm",False,False,CACHE_MISSING,MISSING_MARKET_DATA,Do not promote to stage_2+ until market data is present.
AGE,True,True,True,,Công nghiệp / Hàng & Dịch vụ Công nghiệp / Tư vấn & Hỗ trợ Kinh doanh / Chất thải & Môi trường,False,False,INSUFFICIENT_DATA,UNKNOWN_EXCHANGE,Verify exchange/listing identity before stage_2+.
AGF,True,True,True,UPCoM,Hàng Tiêu dùng / Thực phẩm và đồ uống / Sản xuất thực phẩm / Nuôi trồng nông & hải sản,True,False,PARTIAL_PROVISIONAL_DATA,MISSING_FINANCE_DATA,Do not promote to stage_2+ until provisional or official finance data exists.
AGG,True,True,True,HOSE,Tài chính / Bất động sản / Bất động sản / Bất động sản,True,False,PARTIAL_PROVISIONAL_DATA,MISSING_FINANCE_DATA,Do not promote to stage_2+ until provisional or official finance data exists.
AGM,True,True,True,UPCoM,Hàng Tiêu dùng / Thực phẩm và đồ uống / Sản xuất thực phẩm / Thực phẩm,True,False,PARTIAL_PROVISIONAL_DATA,MISSING_FINANCE_DATA,Do not promote to stage_2+ until provisional or official finance data exists.
AGP,True,True,True,UPCoM,Dược phẩm và Y tế / Y tế / Dược phẩm / Dược phẩm,True,False,PARTIAL_PROVISIONAL_DATA,MISSING_FINANCE_DATA,Do not promote to stage_2+ until provisional or official finance data exists.
AGR,True,True,True,HOSE,Tài chính / Dịch vụ tài chính / Dịch vụ tài chính / Môi giới chứng khoán,True,False,PARTIAL_PROVISIONAL_DATA,MISSING_FINANCE_DATA,Do not promote to stage_2+ until provisional or official finance data exists.
AGX,True,True,True,UPCoM,Dịch vụ Tiêu dùng / Bán lẻ / Phân phối thực phẩm & dược phẩm / Phân phối thực phẩm,True,False,PARTIAL_PROVISIONAL_DATA,MISSING_FINANCE_DATA,Do not promote to stage_2+ until provisional or official finance data exists.
AIC,True,True,True,UPCoM,Tài chính / Bảo hiểm / Bảo hiểm phi nhân thọ / Bảo hiểm phi nhân thọ,True,False,PARTIAL_PROVISIONAL_DATA,MISSING_FINANCE_DATA,Do not promote to stage_2+ until provisional or official finance data exists.
AIG,True,True,True,UPCoM,Hàng Tiêu dùng / Thực phẩm và đồ uống / Sản xuất thực phẩm / Thực phẩm,False,False,INSUFFICIENT_DATA,MISSING_MARKET_DATA,Do not promote to stage_2+ until market data is present.
ALC,True,True,True,UPCoM,Công nghiệp / Hàng & Dịch vụ Công nghiệp / Vận tải / Vận tải Thủy,False,False,INSUFFICIENT_DATA,MISSING_MARKET_DATA,Do not promote to stage_2+ until market data is present.
ALP,True,True,True,HOSE,Công nghiệp / Hàng hóa công nghiệp / Kỹ thuật xây dựng,False,False,CACHE_MISSING,MISSING_MARKET_DATA,Do not promote to stage_2+ until market data is present.
ALT,True,True,True,HNX,"Dịch vụ Tiêu dùng / Truyền thông / Truyền thông / Sách, ấn bản & sản phẩm văn hóa",True,False,PARTIAL_PROVISIONAL_DATA,MISSING_FINANCE_DATA,Do not promote to stage_2+ until provisional or official finance data exists.
ALV,True,True,True,UPCoM,Công nghiệp / Xây dựng và Vật liệu / Xây dựng và Vật liệu / Xây dựng,True,False,PARTIAL_PROVISIONAL_DATA,MISSING_FINANCE_DATA,Do not promote to stage_2+ until provisional or official finance data exists.
AMC,True,True,True,HNX,Nguyên vật liệu / Tài nguyên Cơ bản / Khai khoáng / Khai khoáng,True,False,PARTIAL_PROVISIONAL_DATA,MISSING_FINANCE_DATA,Do not promote to stage_2+ until provisional or official finance data exists.
AMD,True,True,True,UPCoM,Tài chính / Bất động sản / Bất động sản / Bất động sản,False,False,INSUFFICIENT_DATA,MISSING_MARKET_DATA,Do not promote to stage_2+ until market data is present.
AME,True,True,True,HNX,Công nghiệp / Hàng & Dịch vụ Công nghiệp / Điện tử & Thiết bị điện / Thiết bị điện,True,False,PARTIAL_PROVISIONAL_DATA,MISSING_FINANCE_DATA,Do not promote to stage_2+ until provisional or official finance data exists.
AMP,True,True,True,UPCoM,Dược phẩm và Y tế / Y tế / Dược phẩm / Dược phẩm,True,False,PARTIAL_PROVISIONAL_DATA,MISSING_FINANCE_DATA,Do not promote to stage_2+ until provisional or official finance data exists.
AMS,True,True,True,UPCoM,Công nghiệp / Hàng & Dịch vụ Công nghiệp / Tư vấn & Hỗ trợ Kinh doanh / Nhà cung cấp thiết bị,True,False,PARTIAL_PROVISIONAL_DATA,MISSING_FINANCE_DATA,Do not promote to stage_2+ until provisional or official finance data exists.
AMV,True,True,True,HNX,Dược phẩm và Y tế / Y tế / Thiết bị và Dịch vụ Y tế / Thiết bị y tế,True,False,PARTIAL_PROVISIONAL_DATA,MISSING_FINANCE_DATA,Do not promote to stage_2+ until provisional or official finance data exists.
ANC11601,True,True,True,HOSE,,False,False,CACHE_MISSING,MISSING_MARKET_DATA,Do not promote to stage_2+ until market data is present.
ANT,True,True,True,HOSE,Hàng Tiêu dùng / Thực phẩm và đồ uống / Sản xuất thực phẩm / Thực phẩm,True,False,PARTIAL_PROVISIONAL_DATA,MISSING_FINANCE_DATA,Do not promote to stage_2+ until provisional or official finance data exists.
ANV,True,True,True,HOSE,Hàng Tiêu dùng / Thực phẩm và đồ uống / Sản xuất thực phẩm / Nuôi trồng nông & hải sản,True,False,PARTIAL_PROVISIONAL_DATA,MISSING_FINANCE_DATA,Do not promote to stage_2+ until provisional or official finance data exists.
APC,True,True,True,UPCoM,Dược phẩm và Y tế / Y tế / Dược phẩm / Công nghệ sinh học,True,False,PARTIAL_PROVISIONAL_DATA,MISSING_FINANCE_DATA,Do not promote to stage_2+ until provisional or official finance data exists.
APF,True,True,True,UPCoM,Hàng Tiêu dùng / Thực phẩm và đồ uống / Sản xuất thực phẩm / Thực phẩm,True,False,PARTIAL_PROVISIONAL_DATA,MISSING_FINANCE_DATA,Do not promote to stage_2+ until provisional or official finance data exists.
APG,True,True,True,HOSE,Tài chính / Dịch vụ tài chính / Dịch vụ tài chính / Môi giới chứng khoán,True,False,PARTIAL_PROVISIONAL_DATA,MISSING_FINANCE_DATA,Do not promote to stage_2+ until provisional or official finance data exists.
APH,True,True,True,HOSE,Công nghiệp / Hàng & Dịch vụ Công nghiệp / Hàng công nghiệp / Containers & Đóng gói,True,False,PARTIAL_PROVISIONAL_DATA,MISSING_FINANCE_DATA,Do not promote to stage_2+ until provisional or official finance data exists.
API,True,True,True,HNX,Tài chính / Bất động sản / Bất động sản / Bất động sản,True,False,PARTIAL_PROVISIONAL_DATA,MISSING_FINANCE_DATA,Do not promote to stage_2+ until provisional or official finance data exists.
APL,True,True,True,UPCoM,Công nghiệp / Hàng & Dịch vụ Công nghiệp / Công nghiệp nặng / Máy công nghiệp,False,False,INSUFFICIENT_DATA,MISSING_MARKET_DATA,Do not promote to stage_2+ until market data is present.
APP,True,True,True,UPCoM,"Nguyên vật liệu / Hóa chất / Hóa chất / Sản phẩm hóa dầu, Nông dược & Hóa chất khác",True,False,PARTIAL_PROVISIONAL_DATA,MISSING_FINANCE_DATA,Do not promote to stage_2+ until provisional or official finance data exists.
APS,True,True,True,HNX,Tài chính / Dịch vụ tài chính / Dịch vụ tài chính / Môi giới chứng khoán,True,False,PARTIAL_PROVISIONAL_DATA,MISSING_FINANCE_DATA,Do not promote to stage_2+ until provisional or official finance data exists.
APT,True,True,True,UPCoM,Hàng Tiêu dùng / Thực phẩm và đồ uống / Sản xuất thực phẩm / Nuôi trồng nông & hải sản,False,False,INSUFFICIENT_DATA,MISSING_MARKET_DATA,Do not promote to stage_2+ until market data is present.
AQN,True,True,True,UPCoM,Tiêu dùng không thiết yếu / Thời trang và hàng lâu bền / Thời trang và dệt may,False,False,CACHE_MISSING,MISSING_MARKET_DATA,Do not promote to stage_2+ until market data is present.
ARM,True,True,True,HNX,Công nghiệp / Hàng & Dịch vụ Công nghiệp / Tư vấn & Hỗ trợ Kinh doanh / Nhà cung cấp thiết bị,False,False,INSUFFICIENT_DATA,MISSING_MARKET_DATA,Do not promote to stage_2+ until market data is present.
ART,True,True,True,UPCoM,Tài chính / Dịch vụ tài chính / Dịch vụ tài chính / Môi giới chứng khoán,False,False,INSUFFICIENT_DATA,MISSING_MARKET_DATA,Do not promote to stage_2+ until market data is present.
ASA,True,True,True,HOSE,Hàng Tiêu dùng / Hàng cá nhân & Gia dụng / Hàng cá nhân / Hàng cá nhân,False,False,INSUFFICIENT_DATA,MISSING_MARKET_DATA,Do not promote to stage_2+ until market data is present.
ASD,True,True,True,UPCoM,Công nghiệp / Hàng hóa công nghiệp / Kỹ thuật xây dựng,False,False,CACHE_MISSING,MISSING_MARKET_DATA,Do not promote to stage_2+ until market data is present.
ASG,True,True,True,HOSE,"Công nghiệp / Hàng & Dịch vụ Công nghiệp / Vận tải / Kho bãi, hậu cần và bảo dưỡng",True,False,PARTIAL_PROVISIONAL_DATA,MISSING_FINANCE_DATA,Do not promote to stage_2+ until provisional or official finance data exists.
ASIAGF,True,True,True,HOSE,Tài chính / Dịch vụ tài chính / Thị trường vốn,False,False,CACHE_MISSING,MISSING_MARKET_DATA,Do not promote to stage_2+ until market data is present.
ASM,True,True,True,HOSE,Hàng Tiêu dùng / Thực phẩm và đồ uống / Sản xuất thực phẩm / Nuôi trồng nông & hải sản,True,False,PARTIAL_PROVISIONAL_DATA,MISSING_FINANCE_DATA,Do not promote to stage_2+ until provisional or official finance data exists.
ASP,True,True,True,HOSE,"Tiện ích Cộng đồng / Điện, nước & xăng dầu khí đốt / Nước & Khí đốt / Phân phối xăng dầu & khí đốt",True,False,PARTIAL_PROVISIONAL_DATA,MISSING_FINANCE_DATA,Do not promote to stage_2+ until provisional or official finance data exists.
AST,True,True,True,HOSE,Dịch vụ Tiêu dùng / Bán lẻ / Bán lẻ / Phân phối hàng chuyên dụng,True,False,PARTIAL_PROVISIONAL_DATA,MISSING_FINANCE_DATA,Do not promote to stage_2+ until provisional or official finance data exists.
ATA,True,True,True,UPCoM,Hàng Tiêu dùng / Thực phẩm và đồ uống / Sản xuất thực phẩm / Nuôi trồng nông & hải sản,True,False,PARTIAL_PROVISIONAL_DATA,MISSING_FINANCE_DATA,Do not promote to stage_2+ until provisional or official finance data exists.
ATB,True,True,True,UPCoM,Công nghiệp / Xây dựng và Vật liệu / Xây dựng và Vật liệu / Xây dựng,True,False,PARTIAL_PROVISIONAL_DATA,MISSING_FINANCE_DATA,Do not promote to stage_2+ until provisional or official finance data exists.
ATD,True,True,True,UPCoM,Tiêu dùng không thiết yếu / Thời trang và hàng lâu bền / Thời trang và dệt may,False,False,CACHE_MISSING,MISSING_MARKET_DATA,Do not promote to stage_2+ until market data is present.
ATG,True,True,True,UPCoM,Nguyên vật liệu / Tài nguyên Cơ bản / Khai khoáng / Khai khoáng,True,False,PARTIAL_PROVISIONAL_DATA,MISSING_FINANCE_DATA,Do not promote to stage_2+ until provisional or official finance data exists.
ATS,True,True,True,HNX,Dịch vụ Tiêu dùng / Du lịch và Giải trí / Du lịch & Giải trí / Nhà hàng và quán bar,True,False,PARTIAL_PROVISIONAL_DATA,MISSING_FINANCE_DATA,Do not promote to stage_2+ until provisional or official finance data exists.
AUM,True,True,True,UPCoM,Hàng Tiêu dùng / Thực phẩm và đồ uống / Sản xuất thực phẩm / Nuôi trồng nông & hải sản,False,False,INSUFFICIENT_DATA,MISSING_MARKET_DATA,Do not promote to stage_2+ until market data is present.
AVC,True,True,True,UPCoM,"Tiện ích Cộng đồng / Điện, nước & xăng dầu khí đốt / Sản xuất & Phân phối Điện / Sản xuất & Phân phối Điện",True,False,PARTIAL_PROVISIONAL_DATA,MISSING_FINANCE_DATA,Do not promote to stage_2+ until provisional or official finance data exists.
AVF,True,True,True,HOSE,Hàng Tiêu dùng / Thực phẩm và đồ uống / Sản xuất thực phẩm / Nuôi trồng nông & hải sản,False,False,INSUFFICIENT_DATA,MISSING_MARKET_DATA,Do not promote to stage_2+ until market data is present.
AVG,True,True,True,UPCoM,"Nguyên vật liệu / Hóa chất / Hóa chất / Sản phẩm hóa dầu, Nông dược & Hóa chất khác",False,False,INSUFFICIENT_DATA,MISSING_MARKET_DATA,Do not promote to stage_2+ until market data is present.
AVS,True,True,True,HNX,Tài chính / Dịch vụ tài chính / Thị trường vốn,False,False,CACHE_MISSING,MISSING_MARKET_DATA,Do not promote to stage_2+ until market data is present.
B82,True,True,True,HOSE,Công nghiệp / Xây dựng và Vật liệu / Xây dựng và Vật liệu / Xây dựng,False,False,INSUFFICIENT_DATA,MISSING_MARKET_DATA,Do not promote to stage_2+ until market data is present.
BAB,True,True,True,HNX,Ngân hàng / Ngân hàng / Ngân hàng / Ngân hàng,True,False,PARTIAL_PROVISIONAL_DATA,MISSING_FINANCE_DATA,Do not promote to stage_2+ until provisional or official finance data exists.
BAF,True,True,True,HOSE,Hàng Tiêu dùng / Thực phẩm và đồ uống / Sản xuất thực phẩm / Nuôi trồng nông & hải sản,True,False,PARTIAL_PROVISIONAL_DATA,MISSING_FINANCE_DATA,Do not promote to stage_2+ until provisional or official finance data exists.
BAL,True,True,True,UPCoM,Công nghiệp / Hàng & Dịch vụ Công nghiệp / Hàng công nghiệp / Containers & Đóng gói,False,False,INSUFFICIENT_DATA,MISSING_MARKET_DATA,Do not promote to stage_2+ until market data is present.
BAM,True,True,True,UPCoM,Nguyên vật liệu / Nguyên vật liệu / Khai khoáng và luyện kim,False,False,CACHE_MISSING,MISSING_MARKET_DATA,Do not promote to stage_2+ until market data is present.
BAOMINH,True,True,True,UPCoM,,False,False,CACHE_MISSING,MISSING_MARKET_DATA,Do not promote to stage_2+ until market data is present.
BAS,True,True,True,HOSE,"Tiêu dùng thiết yếu / Thực phẩm, đồ uống và thuốc lá / Thực phẩm",False,False,CACHE_MISSING,MISSING_MARKET_DATA,Do not promote to stage_2+ until market data is present.
BAX,True,True,True,HNX,Công nghiệp / Xây dựng và Vật liệu / Xây dựng và Vật liệu / Xây dựng,True,False,PARTIAL_PROVISIONAL_DATA,MISSING_FINANCE_DATA,Do not promote to stage_2+ until provisional or official finance data exists.
BB,True,True,True,,,False,False,CACHE_MISSING,UNKNOWN_EXCHANGE,Verify exchange/listing identity before stage_2+.
BBC,True,True,True,HOSE,Hàng Tiêu dùng / Thực phẩm và đồ uống / Sản xuất thực phẩm / Thực phẩm,True,False,PARTIAL_PROVISIONAL_DATA,MISSING_FINANCE_DATA,Do not promote to stage_2+ until provisional or official finance data exists.
BBH,True,True,True,UPCoM,Công nghiệp / Hàng & Dịch vụ Công nghiệp / Hàng công nghiệp / Containers & Đóng gói,True,False,PARTIAL_PROVISIONAL_DATA,MISSING_FINANCE_DATA,Do not promote to stage_2+ until provisional or official finance data exists.
BBM,True,True,True,UPCoM,Hàng Tiêu dùng / Thực phẩm và đồ uống / Bia và đồ uống / Sản xuất bia,True,False,PARTIAL_PROVISIONAL_DATA,MISSING_FINANCE_DATA,Do not promote to stage_2+ until provisional or official finance data exists.
BBS,True,True,True,HNX,Công nghiệp / Hàng & Dịch vụ Công nghiệp / Hàng công nghiệp / Containers & Đóng gói,True,False,PARTIAL_PROVISIONAL_DATA,MISSING_FINANCE_DATA,Do not promote to stage_2+ until provisional or official finance data exists.
BBT,True,True,True,UPCoM,Hàng Tiêu dùng / Hàng cá nhân & Gia dụng / Hàng cá nhân / Hàng cá nhân,True,False,PARTIAL_PROVISIONAL_DATA,MISSING_FINANCE_DATA,Do not promote to stage_2+ until provisional or official finance data exists.
BCA,True,True,True,UPCoM,Nguyên vật liệu / Tài nguyên Cơ bản / Kim loại / Thép và sản phẩm thép,True,False,PARTIAL_PROVISIONAL_DATA,MISSING_FINANCE_DATA,Do not promote to stage_2+ until provisional or official finance data exists.
BCB,True,True,True,UPCoM,Nguyên vật liệu / Tài nguyên Cơ bản / Khai khoáng / Khai thác Than,False,False,INSUFFICIENT_DATA,MISSING_MARKET_DATA,Do not promote to stage_2+ until market data is present.
BCC,True,True,True,HNX,Công nghiệp / Xây dựng và Vật liệu / Xây dựng và Vật liệu / Vật liệu xây dựng & Nội thất,True,False,PARTIAL_PROVISIONAL_DATA,MISSING_FINANCE_DATA,Do not promote to stage_2+ until provisional or official finance data exists.
BCE,True,True,True,HOSE,Công nghiệp / Xây dựng và Vật liệu / Xây dựng và Vật liệu / Xây dựng,True,False,PARTIAL_PROVISIONAL_DATA,MISSING_FINANCE_DATA,Do not promote to stage_2+ until provisional or official finance data exists.
BCF,True,True,True,HNX,Hàng Tiêu dùng / Thực phẩm và đồ uống / Sản xuất thực phẩm / Thực phẩm,True,False,PARTIAL_PROVISIONAL_DATA,MISSING_FINANCE_DATA,Do not promote to stage_2+ until provisional or official finance data exists.
BCG,True,True,True,HOSE,Tài chính / Dịch vụ tài chính / Dịch vụ tài chính / Tài chính đặc biệt,False,False,INSUFFICIENT_DATA,MISSING_MARKET_DATA,Do not promote to stage_2+ until market data is present.
BCI,True,True,True,HOSE,Bất động sản / Bất động sản / Quản lý và phát triển bất động sản,False,False,CACHE_MISSING,MISSING_MARKET_DATA,Do not promote to stage_2+ until market data is present.
BCM,True,True,True,HOSE,Tài chính / Bất động sản / Bất động sản / Bất động sản,True,False,PARTIAL_PROVISIONAL_DATA,MISSING_FINANCE_DATA,Do not promote to stage_2+ until provisional or official finance data exists.
BCO,True,True,True,,Công nghiệp / Xây dựng và Vật liệu / Xây dựng và Vật liệu / Xây dựng,False,False,INSUFFICIENT_DATA,UNKNOWN_EXCHANGE,Verify exchange/listing identity before stage_2+.
BCP,True,True,True,UPCoM,Dược phẩm và Y tế / Y tế / Dược phẩm / Dược phẩm,True,False,PARTIAL_PROVISIONAL_DATA,MISSING_FINANCE_DATA,Do not promote to stage_2+ until provisional or official finance data exists.
BCR,True,True,True,UPCoM,Công nghiệp / Xây dựng và Vật liệu / Xây dựng và Vật liệu / Xây dựng,False,False,INSUFFICIENT_DATA,MISSING_MARKET_DATA,Do not promote to stage_2+ until market data is present.
BCV,True,True,True,UPCoM,Dịch vụ Tiêu dùng / Du lịch và Giải trí / Du lịch & Giải trí / Khách sạn,False,False,INSUFFICIENT_DATA,MISSING_MARKET_DATA,Do not promote to stage_2+ until market data is present.
BDB,True,True,True,HNX,"Dịch vụ Tiêu dùng / Truyền thông / Truyền thông / Sách, ấn bản & sản phẩm văn hóa",True,False,PARTIAL_PROVISIONAL_DATA,MISSING_FINANCE_DATA,Do not promote to stage_2+ until provisional or official finance data exists.
BDC,True,True,True,UPCoM,Công nghiệp / Hàng hóa công nghiệp / Kỹ thuật xây dựng,False,False,CACHE_MISSING,MISSING_MARKET_DATA,Do not promote to stage_2+ until market data is present.
BDF,True,True,True,UPCoM,Tiêu dùng không thiết yếu / Thời trang và hàng lâu bền / Thời trang và dệt may,False,False,CACHE_MISSING,MISSING_MARKET_DATA,Do not promote to stage_2+ until market data is present.
BDG,True,True,True,UPCoM,Hàng Tiêu dùng / Hàng cá nhân & Gia dụng / Hàng cá nhân / Hàng May mặc,True,False,PARTIAL_PROVISIONAL_DATA,MISSING_FINANCE_DATA,Do not promote to stage_2+ until provisional or official finance data exists.
BDT,True,True,True,UPCoM,Công nghiệp / Xây dựng và Vật liệu / Xây dựng và Vật liệu / Vật liệu xây dựng & Nội thất,True,False,PARTIAL_PROVISIONAL_DATA,MISSING_FINANCE_DATA,Do not promote to stage_2+ until provisional or official finance data exists.
BDW,True,True,True,UPCoM,"Tiện ích Cộng đồng / Điện, nước & xăng dầu khí đốt / Nước & Khí đốt / Nước",True,False,PARTIAL_PROVISIONAL_DATA,MISSING_FINANCE_DATA,Do not promote to stage_2+ until provisional or official finance data exists.
BED,True,True,True,HNX,"Dịch vụ Tiêu dùng / Truyền thông / Truyền thông / Sách, ấn bản & sản phẩm văn hóa",False,False,INSUFFICIENT_DATA,MISSING_MARKET_DATA,Do not promote to stage_2+ until market data is present.
BEL,True,True,True,UPCoM,Hàng Tiêu dùng / Hàng cá nhân & Gia dụng / Hàng hóa giải trí / Điện tử tiêu dùng,False,False,INSUFFICIENT_DATA,MISSING_MARKET_DATA,Do not promote to stage_2+ until market data is present.
BFC,True,True,True,HOSE,"Nguyên vật liệu / Hóa chất / Hóa chất / Sản phẩm hóa dầu, Nông dược & Hóa chất khác",True,False,PARTIAL_PROVISIONAL_DATA,MISSING_FINANCE_DATA,Do not promote to stage_2+ until provisional or official finance data exists.
BGE,True,True,True,UPCoM,"Tiện ích Cộng đồng / Điện, nước & xăng dầu khí đốt / Sản xuất & Phân phối Điện / Sản xuất & Phân phối Điện",False,False,INSUFFICIENT_DATA,MISSING_MARKET_DATA,Do not promote to stage_2+ until market data is present.
BGM,True,True,True,HOSE,Nguyên vật liệu / Nguyên vật liệu / Khai khoáng và luyện kim,False,False,CACHE_MISSING,MISSING_MARKET_DATA,Do not promote to stage_2+ until market data is present.
BGW,True,True,True,UPCoM,"Tiện ích Cộng đồng / Điện, nước & xăng dầu khí đốt / Nước & Khí đốt / Nước",True,False,PARTIAL_PROVISIONAL_DATA,MISSING_FINANCE_DATA,Do not promote to stage_2+ until provisional or official finance data exists.
BHA,True,True,True,UPCoM,"Tiện ích Cộng đồng / Điện, nước & xăng dầu khí đốt / Sản xuất & Phân phối Điện / Sản xuất & Phân phối Điện",True,False,PARTIAL_PROVISIONAL_DATA,MISSING_FINANCE_DATA,Do not promote to stage_2+ until provisional or official finance data exists.
BHC,True,True,True,UPCoM,Công nghiệp / Xây dựng và Vật liệu / Xây dựng và Vật liệu / Vật liệu xây dựng & Nội thất,True,False,PARTIAL_PROVISIONAL_DATA,MISSING_FINANCE_DATA,Do not promote to stage_2+ until provisional or official finance data exists.
BHG,True,True,True,UPCoM,Hàng Tiêu dùng / Thực phẩm và đồ uống / Bia và đồ uống / Đồ uống & giải khát,False,False,INSUFFICIENT_DATA,MISSING_MARKET_DATA,Do not promote to stage_2+ until market data is present.
BHH,True,True,True,UPCoM,Hàng Tiêu dùng / Thực phẩm và đồ uống / Bia và đồ uống / Sản xuất bia,False,False,INSUFFICIENT_DATA,MISSING_MARKET_DATA,Do not promote to stage_2+ until market data is present.
BHI,True,True,True,UPCoM,Tài chính / Bảo hiểm / Bảo hiểm phi nhân thọ / Bảo hiểm phi nhân thọ,False,False,INSUFFICIENT_DATA,MISSING_MARKET_DATA,Do not promote to stage_2+ until market data is present.
BHK,True,True,True,UPCoM,Hàng Tiêu dùng / Thực phẩm và đồ uống / Bia và đồ uống / Sản xuất bia,False,False,INSUFFICIENT_DATA,MISSING_MARKET_DATA,Do not promote to stage_2+ until market data is present.
BHN,True,True,True,HOSE,Hàng Tiêu dùng / Thực phẩm và đồ uống / Bia và đồ uống / Sản xuất bia,True,False,PARTIAL_PROVISIONAL_DATA,MISSING_FINANCE_DATA,Do not promote to stage_2+ until provisional or official finance data exists.
BHP,True,True,True,UPCoM,Hàng Tiêu dùng / Thực phẩm và đồ uống / Bia và đồ uống / Sản xuất bia,True,False,PARTIAL_PROVISIONAL_DATA,MISSING_FINANCE_DATA,Do not promote to stage_2+ until provisional or official finance data exists.
BHS,True,True,True,HOSE,"Tiêu dùng thiết yếu / Thực phẩm, đồ uống và thuốc lá / Thực phẩm",False,False,CACHE_MISSING,MISSING_MARKET_DATA,Do not promote to stage_2+ until market data is present.
BHT,True,True,True,UPCoM,Công nghiệp / Xây dựng và Vật liệu / Xây dựng và Vật liệu / Xây dựng,False,False,INSUFFICIENT_DATA,MISSING_MARKET_DATA,Do not promote to stage_2+ until market data is present.
BHV,True,True,True,UPCoM,Nguyên vật liệu / Nguyên vật liệu / Vật liệu xây dựng,False,False,CACHE_MISSING,MISSING_MARKET_DATA,Do not promote to stage_2+ until market data is present.
BIC,True,True,True,HOSE,Tài chính / Bảo hiểm / Bảo hiểm phi nhân thọ / Bảo hiểm phi nhân thọ,True,False,PARTIAL_PROVISIONAL_DATA,MISSING_FINANCE_DATA,Do not promote to stage_2+ until provisional or official finance data exists.
BID,True,True,True,HOSE,Ngân hàng / Ngân hàng / Ngân hàng / Ngân hàng,True,False,PARTIAL_PROVISIONAL_DATA,MISSING_FINANCE_DATA,Do not promote to stage_2+ until provisional or official finance data exists.
BIG,True,True,True,UPCoM,Hàng Tiêu dùng / Thực phẩm và đồ uống / Sản xuất thực phẩm / Nuôi trồng nông & hải sản,True,False,PARTIAL_PROVISIONAL_DATA,MISSING_FINANCE_DATA,Do not promote to stage_2+ until provisional or official finance data exists.
BII,True,True,True,UPCoM,Tài chính / Bất động sản / Bất động sản / Bất động sản,True,False,PARTIAL_PROVISIONAL_DATA,MISSING_FINANCE_DATA,Do not promote to stage_2+ until provisional or official finance data exists.
BIO,True,True,True,UPCoM,Dược phẩm và Y tế / Y tế / Dược phẩm / Dược phẩm,True,False,PARTIAL_PROVISIONAL_DATA,MISSING_FINANCE_DATA,Do not promote to stage_2+ until provisional or official finance data exists.
BKC,True,True,True,HNX,Nguyên vật liệu / Tài nguyên Cơ bản / Khai khoáng / Khai khoáng,True,False,PARTIAL_PROVISIONAL_DATA,MISSING_FINANCE_DATA,Do not promote to stage_2+ until provisional or official finance data exists.
BKG,True,True,True,HOSE,Hàng Tiêu dùng / Hàng cá nhân & Gia dụng / Hàng gia dụng / Thiết bị gia dụng,True,False,PARTIAL_PROVISIONAL_DATA,MISSING_FINANCE_DATA,Do not promote to stage_2+ until provisional or official finance data exists.
BKH,True,True,True,UPCoM,Hàng Tiêu dùng / Thực phẩm và đồ uống / Sản xuất thực phẩm / Thực phẩm,True,False,PARTIAL_PROVISIONAL_DATA,MISSING_FINANCE_DATA,Do not promote to stage_2+ until provisional or official finance data exists.
BLF,True,True,True,UPCoM,Hàng Tiêu dùng / Thực phẩm và đồ uống / Sản xuất thực phẩm / Nuôi trồng nông & hải sản,True,False,PARTIAL_PROVISIONAL_DATA,MISSING_FINANCE_DATA,Do not promote to stage_2+ until provisional or official finance data exists.
BLI,True,True,True,UPCoM,Tài chính / Bảo hiểm / Bảo hiểm phi nhân thọ / Bảo hiểm phi nhân thọ,True,False,PARTIAL_PROVISIONAL_DATA,MISSING_FINANCE_DATA,Do not promote to stage_2+ until provisional or official finance data exists.
BLN,True,True,True,UPCoM,Dịch vụ Tiêu dùng / Du lịch và Giải trí / Du lịch & Giải trí / Vận tải hành khách & Du lịch,True,False,PARTIAL_PROVISIONAL_DATA,MISSING_FINANCE_DATA,Do not promote to stage_2+ until provisional or official finance data exists.
BLT,True,True,True,UPCoM,Hàng Tiêu dùng / Thực phẩm và đồ uống / Sản xuất thực phẩm / Thực phẩm,True,False,PARTIAL_PROVISIONAL_DATA,MISSING_FINANCE_DATA,Do not promote to stage_2+ until provisional or official finance data exists.
BLU,True,True,True,UPCoM,Công nghiệp / Hàng & Dịch vụ Công nghiệp / Tư vấn & Hỗ trợ Kinh doanh / Chất thải & Môi trường,False,False,INSUFFICIENT_DATA,MISSING_MARKET_DATA,Do not promote to stage_2+ until market data is present.
BLW,True,True,True,,"Tiện ích Cộng đồng / Điện, nước & xăng dầu khí đốt / Nước & Khí đốt / Nước",False,False,INSUFFICIENT_DATA,UNKNOWN_EXCHANGE,Verify exchange/listing identity before stage_2+.
BM9,True,True,True,UPCoM,Tiêu dùng không thiết yếu / Thương mại hàng không thiết yếu / Nhà phân phối,False,False,CACHE_MISSING,MISSING_MARKET_DATA,Do not promote to stage_2+ until market data is present.
BMC,True,True,True,HOSE,Nguyên vật liệu / Tài nguyên Cơ bản / Khai khoáng / Khai khoáng,True,False,PARTIAL_PROVISIONAL_DATA,MISSING_FINANCE_DATA,Do not promote to stage_2+ until provisional or official finance data exists.
BMD,True,True,True,UPCoM,Công nghiệp / Hàng & Dịch vụ Công nghiệp / Tư vấn & Hỗ trợ Kinh doanh / Chất thải & Môi trường,True,False,PARTIAL_PROVISIONAL_DATA,MISSING_FINANCE_DATA,Do not promote to stage_2+ until provisional or official finance data exists.
BMF,True,True,True,UPCoM,"Tiện ích Cộng đồng / Điện, nước & xăng dầu khí đốt / Nước & Khí đốt / Phân phối xăng dầu & khí đốt",True,False,PARTIAL_PROVISIONAL_DATA,MISSING_FINANCE_DATA,Do not promote to stage_2+ until provisional or official finance data exists.
BMG,True,True,True,UPCoM,Hàng Tiêu dùng / Hàng cá nhân & Gia dụng / Hàng cá nhân / Hàng May mặc,False,False,INSUFFICIENT_DATA,MISSING_MARKET_DATA,Do not promote to stage_2+ until market data is present.
BMI,True,True,True,HOSE,Tài chính / Bảo hiểm / Bảo hiểm phi nhân thọ / Bảo hiểm phi nhân thọ,True,False,PARTIAL_PROVISIONAL_DATA,MISSING_FINANCE_DATA,Do not promote to stage_2+ until provisional or official finance data exists.
BMJ,True,True,True,UPCoM,Nguyên vật liệu / Tài nguyên Cơ bản / Khai khoáng / Khai khoáng,True,False,PARTIAL_PROVISIONAL_DATA,MISSING_FINANCE_DATA,Do not promote to stage_2+ until provisional or official finance data exists.
BMK,True,True,True,UPCoM,Công nghiệp / Xây dựng và Vật liệu / Xây dựng và Vật liệu / Vật liệu xây dựng & Nội thất,False,False,INSUFFICIENT_DATA,MISSING_MARKET_DATA,Do not promote to stage_2+ until market data is present.
BMN,True,True,True,UPCoM,Công nghiệp / Xây dựng và Vật liệu / Xây dựng và Vật liệu / Xây dựng,True,False,PARTIAL_PROVISIONAL_DATA,MISSING_FINANCE_DATA,Do not promote to stage_2+ until provisional or official finance data exists.
BMP,True,True,True,HOSE,Công nghiệp / Xây dựng và Vật liệu / Xây dựng và Vật liệu / Vật liệu xây dựng & Nội thất,True,False,PARTIAL_PROVISIONAL_DATA,MISSING_FINANCE_DATA,Do not promote to stage_2+ until provisional or official finance data exists.
BMS,True,True,True,UPCoM,Tài chính / Dịch vụ tài chính / Dịch vụ tài chính / Môi giới chứng khoán,True,False,PARTIAL_PROVISIONAL_DATA,MISSING_FINANCE_DATA,Do not promote to stage_2+ until provisional or official finance data exists.
BMV,True,True,True,UPCoM,Hàng Tiêu dùng / Thực phẩm và đồ uống / Sản xuất thực phẩm / Thực phẩm,True,False,PARTIAL_PROVISIONAL_DATA,MISSING_FINANCE_DATA,Do not promote to stage_2+ until provisional or official finance data exists.
BNA,True,True,True,HNX,Hàng Tiêu dùng / Thực phẩm và đồ uống / Sản xuất thực phẩm / Thực phẩm,True,False,PARTIAL_PROVISIONAL_DATA,MISSING_FINANCE_DATA,Do not promote to stage_2+ until provisional or official finance data exists.
BNW,True,True,True,UPCoM,"Tiện ích Cộng đồng / Điện, nước & xăng dầu khí đốt / Nước & Khí đốt / Nước",True,False,PARTIAL_PROVISIONAL_DATA,MISSING_FINANCE_DATA,Do not promote to stage_2+ until provisional or official finance data exists.
BOT,True,True,True,UPCoM,Công nghiệp / Xây dựng và Vật liệu / Xây dựng và Vật liệu / Xây dựng,True,False,PARTIAL_PROVISIONAL_DATA,MISSING_FINANCE_DATA,Do not promote to stage_2+ until provisional or official finance data exists.
BPC,True,True,True,HNX,Công nghiệp / Hàng & Dịch vụ Công nghiệp / Hàng công nghiệp / Containers & Đóng gói,False,False,INSUFFICIENT_DATA,MISSING_MARKET_DATA,Do not promote to stage_2+ until market data is present.
BPW,True,True,True,UPCoM,Tiện ích / Tiện ích / Nước,True,False,PARTIAL_PROVISIONAL_DATA,MISSING_FINANCE_DATA,Do not promote to stage_2+ until provisional or official finance data exists.
BQB,True,True,True,UPCoM,Hàng Tiêu dùng / Thực phẩm và đồ uống / Bia và đồ uống / Sản xuất bia,True,False,PARTIAL_PROVISIONAL_DATA,MISSING_FINANCE_DATA,Do not promote to stage_2+ until provisional or official finance data exists.
BQP,True,True,True,UPCoM,"Nguyên vật liệu / Hóa chất / Hóa chất / Nhựa, cao su & sợi",False,False,INSUFFICIENT_DATA,MISSING_MARKET_DATA,Do not promote to stage_2+ until market data is present.
BRC,True,True,True,HOSE,"Nguyên vật liệu / Hóa chất / Hóa chất / Nhựa, cao su & sợi",True,False,PARTIAL_PROVISIONAL_DATA,MISSING_FINANCE_DATA,Do not promote to stage_2+ until provisional or official finance data exists.
BRR,True,True,True,UPCoM,"Nguyên vật liệu / Hóa chất / Hóa chất / Nhựa, cao su & sợi",True,False,PARTIAL_PROVISIONAL_DATA,MISSING_FINANCE_DATA,Do not promote to stage_2+ until provisional or official finance data exists.
BRS,True,True,True,UPCoM,Công nghiệp / Hàng & Dịch vụ Công nghiệp / Tư vấn & Hỗ trợ Kinh doanh / Chất thải & Môi trường,True,False,PARTIAL_PROVISIONAL_DATA,MISSING_FINANCE_DATA,Do not promote to stage_2+ until provisional or official finance data exists.
BSA,True,True,True,UPCoM,"Tiện ích Cộng đồng / Điện, nước & xăng dầu khí đốt / Sản xuất & Phân phối Điện / Sản xuất & Phân phối Điện",True,False,PARTIAL_PROVISIONAL_DATA,MISSING_FINANCE_DATA,Do not promote to stage_2+ until provisional or official finance data exists.
BSC,True,True,True,HNX,Tài chính / Bất động sản / Bất động sản / Bất động sản,True,False,PARTIAL_PROVISIONAL_DATA,MISSING_FINANCE_DATA,Do not promote to stage_2+ until provisional or official finance data exists.
BSD,True,True,True,UPCoM,Hàng Tiêu dùng / Thực phẩm và đồ uống / Bia và đồ uống / Sản xuất bia,False,False,INSUFFICIENT_DATA,MISSING_MARKET_DATA,Do not promote to stage_2+ until market data is present.
BSG,True,True,True,UPCoM,Dịch vụ Tiêu dùng / Du lịch và Giải trí / Du lịch & Giải trí / Vận tải hành khách & Du lịch,True,False,PARTIAL_PROVISIONAL_DATA,MISSING_FINANCE_DATA,Do not promote to stage_2+ until provisional or official finance data exists.
BSH,True,True,True,UPCoM,Hàng Tiêu dùng / Thực phẩm và đồ uống / Bia và đồ uống / Sản xuất bia,True,False,PARTIAL_PROVISIONAL_DATA,MISSING_FINANCE_DATA,Do not promote to stage_2+ until provisional or official finance data exists.
BSI,True,True,True,HOSE,Tài chính / Dịch vụ tài chính / Dịch vụ tài chính / Môi giới chứng khoán,True,False,PARTIAL_PROVISIONAL_DATA,MISSING_FINANCE_DATA,Do not promote to stage_2+ until provisional or official finance data exists.
BSL,True,True,True,UPCoM,Hàng Tiêu dùng / Thực phẩm và đồ uống / Bia và đồ uống / Sản xuất bia,True,False,PARTIAL_PROVISIONAL_DATA,MISSING_FINANCE_DATA,Do not promote to stage_2+ until provisional or official finance data exists.
BSP,True,True,True,UPCoM,Hàng Tiêu dùng / Thực phẩm và đồ uống / Bia và đồ uống / Sản xuất bia,True,False,PARTIAL_PROVISIONAL_DATA,MISSING_FINANCE_DATA,Do not promote to stage_2+ until provisional or official finance data exists.
BSQ,True,True,True,UPCoM,Hàng Tiêu dùng / Thực phẩm và đồ uống / Bia và đồ uống / Sản xuất bia,True,False,PARTIAL_PROVISIONAL_DATA,MISSING_FINANCE_DATA,Do not promote to stage_2+ until provisional or official finance data exists.
BSR,True,True,True,HOSE,Dầu khí / Dầu khí / Sản xuất Dầu khí / Sản xuất và Khai thác dầu khí,True,False,PARTIAL_PROVISIONAL_DATA,MISSING_FINANCE_DATA,Do not promote to stage_2+ until provisional or official finance data exists.
BST,True,True,True,HNX,"Dịch vụ Tiêu dùng / Truyền thông / Truyền thông / Sách, ấn bản & sản phẩm văn hóa",True,False,PARTIAL_PROVISIONAL_DATA,MISSING_FINANCE_DATA,Do not promote to stage_2+ until provisional or official finance data exists.
BT1,True,True,True,UPCoM,"Nguyên vật liệu / Hóa chất / Hóa chất / Sản phẩm hóa dầu, Nông dược & Hóa chất khác",True,False,PARTIAL_PROVISIONAL_DATA,MISSING_FINANCE_DATA,Do not promote to stage_2+ until provisional or official finance data exists.
BT6,True,True,True,UPCoM,Công nghiệp / Xây dựng và Vật liệu / Xây dựng và Vật liệu / Vật liệu xây dựng & Nội thất,False,False,INSUFFICIENT_DATA,MISSING_MARKET_DATA,Do not promote to stage_2+ until market data is present.
BTB,True,True,True,UPCoM,Hàng Tiêu dùng / Thực phẩm và đồ uống / Bia và đồ uống / Sản xuất bia,True,False,PARTIAL_PROVISIONAL_DATA,MISSING_FINANCE_DATA,Do not promote to stage_2+ until provisional or official finance data exists.
BTC,True,True,True,UPCoM,Công nghiệp / Hàng hóa công nghiệp / Máy móc công nghiệp,False,False,CACHE_MISSING,MISSING_MARKET_DATA,Do not promote to stage_2+ until market data is present.
BTD,True,True,True,UPCoM,Công nghiệp / Xây dựng và Vật liệu / Xây dựng và Vật liệu / Vật liệu xây dựng & Nội thất,True,False,PARTIAL_PROVISIONAL_DATA,MISSING_FINANCE_DATA,Do not promote to stage_2+ until provisional or official finance data exists.
BTG,True,True,True,UPCoM,Công nghiệp / Hàng & Dịch vụ Công nghiệp / Hàng công nghiệp / Containers & Đóng gói,False,False,INSUFFICIENT_DATA,MISSING_MARKET_DATA,Do not promote to stage_2+ until market data is present.
BTH,True,True,True,UPCoM,Công nghiệp / Hàng & Dịch vụ Công nghiệp / Điện tử & Thiết bị điện / Thiết bị điện,True,False,PARTIAL_PROVISIONAL_DATA,MISSING_FINANCE_DATA,Do not promote to stage_2+ until provisional or official finance data exists.
BTN,True,True,True,UPCoM,Công nghiệp / Xây dựng và Vật liệu / Xây dựng và Vật liệu / Vật liệu xây dựng & Nội thất,True,False,PARTIAL_PROVISIONAL_DATA,MISSING_FINANCE_DATA,Do not promote to stage_2+ until provisional or official finance data exists.
BTP,True,True,True,HOSE,"Tiện ích Cộng đồng / Điện, nước & xăng dầu khí đốt / Sản xuất & Phân phối Điện / Sản xuất & Phân phối Điện",True,False,PARTIAL_PROVISIONAL_DATA,MISSING_FINANCE_DATA,Do not promote to stage_2+ until provisional or official finance data exists.
BTR,True,True,True,UPCoM,Công nghiệp / Vận tải / Hạ tầng giao thông,False,False,CACHE_MISSING,MISSING_MARKET_DATA,Do not promote to stage_2+ until market data is present.
BTS,True,True,True,HNX,Công nghiệp / Xây dựng và Vật liệu / Xây dựng và Vật liệu / Vật liệu xây dựng & Nội thất,True,False,PARTIAL_PROVISIONAL_DATA,MISSING_FINANCE_DATA,Do not promote to stage_2+ until provisional or official finance data exists.
BTT,True,True,True,HOSE,Dịch vụ Tiêu dùng / Bán lẻ / Bán lẻ / Bán lẻ phức hợp,True,False,PARTIAL_PROVISIONAL_DATA,MISSING_FINANCE_DATA,Do not promote to stage_2+ until provisional or official finance data exists.
BTU,True,True,True,UPCoM,Công nghiệp / Hàng & Dịch vụ Công nghiệp / Tư vấn & Hỗ trợ Kinh doanh / Chất thải & Môi trường,True,False,PARTIAL_PROVISIONAL_DATA,MISSING_FINANCE_DATA,Do not promote to stage_2+ until provisional or official finance data exists.
BTV,True,True,True,UPCoM,Dịch vụ Tiêu dùng / Du lịch và Giải trí / Du lịch & Giải trí / Vận tải hành khách & Du lịch,True,False,PARTIAL_PROVISIONAL_DATA,MISSING_FINANCE_DATA,Do not promote to stage_2+ until provisional or official finance data exists.
BTW,True,True,True,HNX,"Tiện ích Cộng đồng / Điện, nước & xăng dầu khí đốt / Nước & Khí đốt / Nước",True,False,PARTIAL_PROVISIONAL_DATA,MISSING_FINANCE_DATA,Do not promote to stage_2+ until provisional or official finance data exists.
BUD,True,True,True,UPCoM,Công nghiệp / Xây dựng và Vật liệu / Xây dựng và Vật liệu / Xây dựng,True,False,PARTIAL_PROVISIONAL_DATA,MISSING_FINANCE_DATA,Do not promote to stage_2+ until provisional or official finance data exists.
BVB,True,True,True,UPCoM,Ngân hàng / Ngân hàng / Ngân hàng / Ngân hàng,True,False,PARTIAL_PROVISIONAL_DATA,MISSING_FINANCE_DATA,Do not promote to stage_2+ until provisional or official finance data exists.
BVG,True,True,True,UPCoM,Nguyên vật liệu / Tài nguyên Cơ bản / Kim loại / Thép và sản phẩm thép,True,False,PARTIAL_PROVISIONAL_DATA,MISSING_FINANCE_DATA,Do not promote to stage_2+ until provisional or official finance data exists.
BVH,True,True,True,HOSE,Tài chính / Bảo hiểm / Bảo hiểm nhân thọ / Bảo hiểm nhân thọ,True,False,PARTIAL_PROVISIONAL_DATA,MISSING_FINANCE_DATA,Do not promote to stage_2+ until provisional or official finance data exists.
BVL,True,True,True,UPCoM,"Tài chính / Bất động sản / Bất động sản / Tư Vấn, Định giá, Môi giới Bất động sản",True,False,PARTIAL_PROVISIONAL_DATA,MISSING_FINANCE_DATA,Do not promote to stage_2+ until provisional or official finance data exists.
BVN,True,True,True,UPCoM,Hàng Tiêu dùng / Hàng cá nhân & Gia dụng / Hàng cá nhân / Hàng cá nhân,True,False,PARTIAL_PROVISIONAL_DATA,MISSING_FINANCE_DATA,Do not promote to stage_2+ until provisional or official finance data exists.
BVS,True,True,True,HNX,Tài chính / Dịch vụ tài chính / Dịch vụ tài chính / Môi giới chứng khoán,True,False,PARTIAL_PROVISIONAL_DATA,MISSING_FINANCE_DATA,Do not promote to stage_2+ until provisional or official finance data exists.
BWA,True,True,True,UPCoM,"Tiện ích Cộng đồng / Điện, nước & xăng dầu khí đốt / Nước & Khí đốt / Nước",False,False,INSUFFICIENT_DATA,MISSING_MARKET_DATA,Do not promote to stage_2+ until market data is present.
BWE,True,True,True,HOSE,"Tiện ích Cộng đồng / Điện, nước & xăng dầu khí đốt / Nước & Khí đốt / Nước",True,False,PARTIAL_PROVISIONAL_DATA,MISSING_FINANCE_DATA,Do not promote to stage_2+ until provisional or official finance data exists.
BWS,True,True,True,UPCoM,"Tiện ích Cộng đồng / Điện, nước & xăng dầu khí đốt / Nước & Khí đốt / Nước",True,False,PARTIAL_PROVISIONAL_DATA,MISSING_FINANCE_DATA,Do not promote to stage_2+ until provisional or official finance data exists.
BXD,True,True,True,UPCoM,Công nghiệp / Vận tải / Vận tải mặt đất,False,False,CACHE_MISSING,MISSING_MARKET_DATA,Do not promote to stage_2+ until market data is present.
BXH,True,True,True,HNX,Công nghiệp / Hàng & Dịch vụ Công nghiệp / Hàng công nghiệp / Containers & Đóng gói,True,False,PARTIAL_PROVISIONAL_DATA,MISSING_FINANCE_DATA,Do not promote to stage_2+ until provisional or official finance data exists.
BXT,True,True,True,UPCoM,"Công nghiệp / Hàng & Dịch vụ Công nghiệp / Vận tải / Kho bãi, hậu cần và bảo dưỡng",False,False,INSUFFICIENT_DATA,MISSING_MARKET_DATA,Do not promote to stage_2+ until market data is present.
C12,True,True,True,UPCoM,Công nghiệp / Xây dựng và Vật liệu / Xây dựng và Vật liệu / Xây dựng,False,False,INSUFFICIENT_DATA,MISSING_MARKET_DATA,Do not promote to stage_2+ until market data is present.
C21,True,True,True,UPCoM,Tài chính / Bất động sản / Bất động sản / Bất động sản,True,False,PARTIAL_PROVISIONAL_DATA,MISSING_FINANCE_DATA,Do not promote to stage_2+ until provisional or official finance data exists.
C22,True,True,True,UPCoM,Hàng Tiêu dùng / Thực phẩm và đồ uống / Sản xuất thực phẩm / Thực phẩm,True,False,PARTIAL_PROVISIONAL_DATA,MISSING_FINANCE_DATA,Do not promote to stage_2+ until provisional or official finance data exists.
C32,True,True,True,HOSE,Công nghiệp / Xây dựng và Vật liệu / Xây dựng và Vật liệu / Vật liệu xây dựng & Nội thất,True,False,PARTIAL_PROVISIONAL_DATA,MISSING_FINANCE_DATA,Do not promote to stage_2+ until provisional or official finance data exists.
C36,True,True,True,UPCoM,Công nghiệp / Hàng hóa công nghiệp / Kỹ thuật xây dựng,False,False,CACHE_MISSING,MISSING_MARKET_DATA,Do not promote to stage_2+ until market data is present.
C47,True,True,True,HOSE,Công nghiệp / Xây dựng và Vật liệu / Xây dựng và Vật liệu / Xây dựng,True,False,PARTIAL_PROVISIONAL_DATA,MISSING_FINANCE_DATA,Do not promote to stage_2+ until provisional or official finance data exists.
C4G,True,True,True,UPCoM,Công nghiệp / Xây dựng và Vật liệu / Xây dựng và Vật liệu / Xây dựng,True,False,PARTIAL_PROVISIONAL_DATA,MISSING_FINANCE_DATA,Do not promote to stage_2+ until provisional or official finance data exists.
C69,True,True,True,HNX,Công nghiệp / Xây dựng và Vật liệu / Xây dựng và Vật liệu / Xây dựng,True,False,PARTIAL_PROVISIONAL_DATA,MISSING_FINANCE_DATA,Do not promote to stage_2+ until provisional or official finance data exists.
C71,True,True,True,UPCoM,Công nghiệp / Hàng hóa công nghiệp / Kỹ thuật xây dựng,False,False,CACHE_MISSING,MISSING_MARKET_DATA,Do not promote to stage_2+ until market data is present.
C92,True,True,True,UPCoM,Công nghiệp / Xây dựng và Vật liệu / Xây dựng và Vật liệu / Xây dựng,True,False,PARTIAL_PROVISIONAL_DATA,MISSING_FINANCE_DATA,Do not promote to stage_2+ until provisional or official finance data exists.
CAB,True,True,True,UPCoM,Dịch vụ Tiêu dùng / Truyền thông / Truyền thông / Giải trí & Truyền thông,True,False,PARTIAL_PROVISIONAL_DATA,MISSING_FINANCE_DATA,Do not promote to stage_2+ until provisional or official finance data exists.
CACB2304,True,True,True,HOSE,,False,False,CACHE_MISSING,MISSING_MARKET_DATA,Do not promote to stage_2+ until market data is present.
CACB2305,True,True,True,HOSE,,False,False,CACHE_MISSING,MISSING_MARKET_DATA,Do not promote to stage_2+ until market data is present.
CAD,True,True,True,UPCoM,Hàng Tiêu dùng / Thực phẩm và đồ uống / Sản xuất thực phẩm / Nuôi trồng nông & hải sản,True,False,PARTIAL_PROVISIONAL_DATA,MISSING_FINANCE_DATA,Do not promote to stage_2+ until provisional or official finance data exists.
CAG,True,True,True,HNX,"Công nghiệp / Hàng & Dịch vụ Công nghiệp / Vận tải / Kho bãi, hậu cần và bảo dưỡng",True,False,PARTIAL_PROVISIONAL_DATA,MISSING_FINANCE_DATA,Do not promote to stage_2+ until provisional or official finance data exists.
CAM,True,True,True,UPCoM,Công nghiệp / Dịch vụ thương mại và chuyên nghiệp / Dịch vụ và thiết bị thương mại,False,False,CACHE_MISSING,MISSING_MARKET_DATA,Do not promote to stage_2+ until market data is present.
CAN,True,True,True,HNX,Hàng Tiêu dùng / Thực phẩm và đồ uống / Sản xuất thực phẩm / Thực phẩm,True,False,PARTIAL_PROVISIONAL_DATA,MISSING_FINANCE_DATA,Do not promote to stage_2+ until provisional or official finance data exists.
CAP,True,True,True,HNX,Nguyên vật liệu / Tài nguyên Cơ bản / Lâm nghiệp và Giấy / Sản xuất giấy,True,False,PARTIAL_PROVISIONAL_DATA,MISSING_FINANCE_DATA,Do not promote to stage_2+ until provisional or official finance data exists.
CAR,True,True,True,HNX,Công nghiệp / Hàng & Dịch vụ Công nghiệp / Tư vấn & Hỗ trợ Kinh doanh / Đào tạo & Việc làm,True,False,PARTIAL_PROVISIONAL_DATA,MISSING_FINANCE_DATA,Do not promote to stage_2+ until provisional or official finance data exists.
CAT,True,True,True,UPCoM,Hàng Tiêu dùng / Thực phẩm và đồ uống / Sản xuất thực phẩm / Nuôi trồng nông & hải sản,True,False,PARTIAL_PROVISIONAL_DATA,MISSING_FINANCE_DATA,Do not promote to stage_2+ until provisional or official finance data exists.
CAV,True,True,True,HOSE,Công nghiệp / Hàng & Dịch vụ Công nghiệp / Điện tử & Thiết bị điện / Hàng điện & điện tử,True,False,PARTIAL_PROVISIONAL_DATA,MISSING_FINANCE_DATA,Do not promote to stage_2+ until provisional or official finance data exists.
CBC,True,True,True,UPCoM,"Tiêu dùng thiết yếu / Thực phẩm, đồ uống và thuốc lá / Thực phẩm",False,False,CACHE_MISSING,MISSING_MARKET_DATA,Do not promote to stage_2+ until market data is present.
CBI,True,True,True,UPCoM,Nguyên vật liệu / Tài nguyên Cơ bản / Kim loại / Thép và sản phẩm thép,True,False,PARTIAL_PROVISIONAL_DATA,MISSING_FINANCE_DATA,Do not promote to stage_2+ until provisional or official finance data exists.
CBS,True,True,True,UPCoM,Hàng Tiêu dùng / Thực phẩm và đồ uống / Sản xuất thực phẩm / Thực phẩm,True,False,PARTIAL_PROVISIONAL_DATA,MISSING_FINANCE_DATA,Do not promote to stage_2+ until provisional or official finance data exists.
CC1,True,True,True,UPCoM,Công nghiệp / Xây dựng và Vật liệu / Xây dựng và Vật liệu / Xây dựng,True,False,PARTIAL_PROVISIONAL_DATA,MISSING_FINANCE_DATA,Do not promote to stage_2+ until provisional or official finance data exists.
CC4,True,True,True,UPCoM,Công nghiệp / Xây dựng và Vật liệu / Xây dựng và Vật liệu / Xây dựng,True,False,PARTIAL_PROVISIONAL_DATA,MISSING_FINANCE_DATA,Do not promote to stage_2+ until provisional or official finance data exists.
CCA,True,True,True,UPCoM,Hàng Tiêu dùng / Thực phẩm và đồ uống / Sản xuất thực phẩm / Nuôi trồng nông & hải sản,True,False,PARTIAL_PROVISIONAL_DATA,MISSING_FINANCE_DATA,Do not promote to stage_2+ until provisional or official finance data exists.
CCC,True,True,True,HOSE,Công nghiệp / Xây dựng và Vật liệu / Xây dựng và Vật liệu / Xây dựng,False,False,INSUFFICIENT_DATA,MISSING_MARKET_DATA,Do not promote to stage_2+ until market data is present.
CCH,True,True,True,UPCoM,Công nghiệp / Dịch vụ thương mại và chuyên nghiệp / Dịch vụ chuyên nghiệp,False,False,CACHE_MISSING,MISSING_MARKET_DATA,Do not promote to stage_2+ until market data is present.
CCI,True,True,True,HOSE,"Tiện ích Cộng đồng / Điện, nước & xăng dầu khí đốt / Nước & Khí đốt / Phân phối xăng dầu & khí đốt",True,False,PARTIAL_PROVISIONAL_DATA,MISSING_FINANCE_DATA,Do not promote to stage_2+ until provisional or official finance data exists.
CCL,True,True,True,HOSE,Tài chính / Bất động sản / Bất động sản / Bất động sản,True,False,PARTIAL_PROVISIONAL_DATA,MISSING_FINANCE_DATA,Do not promote to stage_2+ until provisional or official finance data exists.
CCM,True,True,True,UPCoM,Công nghiệp / Xây dựng và Vật liệu / Xây dựng và Vật liệu / Vật liệu xây dựng & Nội thất,True,False,PARTIAL_PROVISIONAL_DATA,MISSING_FINANCE_DATA,Do not promote to stage_2+ until provisional or official finance data exists.
CCP,True,True,True,UPCoM,"Công nghiệp / Hàng & Dịch vụ Công nghiệp / Vận tải / Kho bãi, hậu cần và bảo dưỡng",True,False,PARTIAL_PROVISIONAL_DATA,MISSING_FINANCE_DATA,Do not promote to stage_2+ until provisional or official finance data exists.
CCR,True,True,True,HNX,"Công nghiệp / Hàng & Dịch vụ Công nghiệp / Vận tải / Kho bãi, hậu cần và bảo dưỡng",True,False,PARTIAL_PROVISIONAL_DATA,MISSING_FINANCE_DATA,Do not promote to stage_2+ until provisional or official finance data exists.
CCS,True,True,True,UPCoM,Tài chính / Bất động sản / Bất động sản / Bất động sản,False,False,INSUFFICIENT_DATA,MISSING_MARKET_DATA,Do not promote to stage_2+ until market data is present.
CCT,True,True,True,UPCoM,"Công nghiệp / Hàng & Dịch vụ Công nghiệp / Vận tải / Kho bãi, hậu cần và bảo dưỡng",False,False,INSUFFICIENT_DATA,MISSING_MARKET_DATA,Do not promote to stage_2+ until market data is present.
CCV,True,True,True,UPCoM,Công nghiệp / Xây dựng và Vật liệu / Xây dựng và Vật liệu / Xây dựng,True,False,PARTIAL_PROVISIONAL_DATA,MISSING_FINANCE_DATA,Do not promote to stage_2+ until provisional or official finance data exists.
CDC,True,True,True,HOSE,Công nghiệp / Xây dựng và Vật liệu / Xây dựng và Vật liệu / Xây dựng,True,False,PARTIAL_PROVISIONAL_DATA,MISSING_FINANCE_DATA,Do not promote to stage_2+ until provisional or official finance data exists.
CDG,True,True,True,UPCoM,Công nghiệp / Xây dựng và Vật liệu / Xây dựng và Vật liệu / Vật liệu xây dựng & Nội thất,False,False,INSUFFICIENT_DATA,MISSING_MARKET_DATA,Do not promote to stage_2+ until market data is present.
CDH,True,True,True,UPCoM,Công nghiệp / Hàng & Dịch vụ Công nghiệp / Tư vấn & Hỗ trợ Kinh doanh / Chất thải & Môi trường,True,False,PARTIAL_PROVISIONAL_DATA,MISSING_FINANCE_DATA,Do not promote to stage_2+ until provisional or official finance data exists.
CDN,True,True,True,HNX,"Công nghiệp / Hàng & Dịch vụ Công nghiệp / Vận tải / Kho bãi, hậu cần và bảo dưỡng",True,False,PARTIAL_PROVISIONAL_DATA,MISSING_FINANCE_DATA,Do not promote to stage_2+ until provisional or official finance data exists.
CDO,True,True,True,UPCoM,Công nghiệp / Xây dựng và Vật liệu / Xây dựng và Vật liệu / Xây dựng,True,False,PARTIAL_PROVISIONAL_DATA,MISSING_FINANCE_DATA,Do not promote to stage_2+ until provisional or official finance data exists.
CDP,True,True,True,UPCoM,Dược phẩm và Y tế / Y tế / Dược phẩm / Dược phẩm,True,False,PARTIAL_PROVISIONAL_DATA,MISSING_FINANCE_DATA,Do not promote to stage_2+ until provisional or official finance data exists.
CDR,True,True,True,UPCoM,Công nghiệp / Xây dựng và Vật liệu / Xây dựng và Vật liệu / Xây dựng,True,False,PARTIAL_PROVISIONAL_DATA,MISSING_FINANCE_DATA,Do not promote to stage_2+ until provisional or official finance data exists.
CE1,True,True,True,UPCoM,Công nghiệp / Hàng & Dịch vụ Công nghiệp / Công nghiệp nặng / Máy công nghiệp,False,False,INSUFFICIENT_DATA,MISSING_MARKET_DATA,Do not promote to stage_2+ until market data is present.
CEC,True,True,True,UPCoM,Công nghiệp / Dịch vụ thương mại và chuyên nghiệp / Dịch vụ chuyên nghiệp,False,False,CACHE_MISSING,MISSING_MARKET_DATA,Do not promote to stage_2+ until market data is present.
CEE,True,True,True,HOSE,Công nghiệp / Xây dựng và Vật liệu / Xây dựng và Vật liệu / Xây dựng,True,False,PARTIAL_PROVISIONAL_DATA,MISSING_FINANCE_DATA,Do not promote to stage_2+ until provisional or official finance data exists.
CEG,True,True,True,UPCoM,Công nghiệp / Xây dựng và Vật liệu / Xây dựng và Vật liệu / Xây dựng,False,False,INSUFFICIENT_DATA,MISSING_MARKET_DATA,Do not promote to stage_2+ until market data is present.
CEN,True,True,True,UPCoM,Dịch vụ Tiêu dùng / Bán lẻ / Bán lẻ / Bán lẻ phức hợp,True,False,PARTIAL_PROVISIONAL_DATA,MISSING_FINANCE_DATA,Do not promote to stage_2+ until provisional or official finance data exists.
CEO,True,True,True,HNX,Tài chính / Bất động sản / Bất động sản / Bất động sản,True,False,PARTIAL_PROVISIONAL_DATA,MISSING_FINANCE_DATA,Do not promote to stage_2+ until provisional or official finance data exists.
CER,True,True,True,UPCoM,Công nghiệp / Dịch vụ thương mại và chuyên nghiệp / Dịch vụ chuyên nghiệp,False,False,CACHE_MISSING,MISSING_MARKET_DATA,Do not promote to stage_2+ until market data is present.
CET,True,True,True,HNX,Hàng Tiêu dùng / Hàng cá nhân & Gia dụng / Hàng cá nhân / Hàng cá nhân,True,False,PARTIAL_PROVISIONAL_DATA,MISSING_FINANCE_DATA,Do not promote to stage_2+ until provisional or official finance data exists.
CFC,True,True,True,UPCoM,"Tiêu dùng thiết yếu / Thực phẩm, đồ uống và thuốc lá / Thực phẩm",False,False,CACHE_MISSING,MISSING_MARKET_DATA,Do not promote to stage_2+ until market data is present.
CFM,True,True,True,UPCoM,Công nghiệp / Hàng & Dịch vụ Công nghiệp / Tư vấn & Hỗ trợ Kinh doanh / Đào tạo & Việc làm,True,False,PARTIAL_PROVISIONAL_DATA,MISSING_FINANCE_DATA,Do not promote to stage_2+ until provisional or official finance data exists.
CFPT2016,True,True,True,HOSE,,False,False,CACHE_MISSING,MISSING_MARKET_DATA,Do not promote to stage_2+ until market data is present.
CFPT2101,True,True,True,HOSE,,False,False,CACHE_MISSING,MISSING_MARKET_DATA,Do not promote to stage_2+ until market data is present.
CFPT2102,True,True,True,HOSE,,False,False,CACHE_MISSING,MISSING_MARKET_DATA,Do not promote to stage_2+ until market data is present.
CFPT2103,True,True,True,HOSE,,False,False,CACHE_MISSING,MISSING_MARKET_DATA,Do not promote to stage_2+ until market data is present.
CFPT2104,True,True,True,HOSE,,False,False,CACHE_MISSING,MISSING_MARKET_DATA,Do not promote to stage_2+ until market data is present.
CFPT2105,True,True,True,HOSE,,False,False,CACHE_MISSING,MISSING_MARKET_DATA,Do not promote to stage_2+ until market data is present.
CFPT2214,True,True,True,HOSE,,False,False,CACHE_MISSING,MISSING_MARKET_DATA,Do not promote to stage_2+ until market data is present.
CFPT2303,True,True,True,HOSE,,False,False,CACHE_MISSING,MISSING_MARKET_DATA,Do not promote to stage_2+ until market data is present.
CFPT2313,True,True,True,HOSE,,False,False,CACHE_MISSING,MISSING_MARKET_DATA,Do not promote to stage_2+ until market data is present.
CFPT2314,True,True,True,HOSE,,False,False,CACHE_MISSING,MISSING_MARKET_DATA,Do not promote to stage_2+ until market data is present.
CFV,True,True,True,UPCoM,Hàng Tiêu dùng / Thực phẩm và đồ uống / Bia và đồ uống / Đồ uống & giải khát,True,False,PARTIAL_PROVISIONAL_DATA,MISSING_FINANCE_DATA,Do not promote to stage_2+ until provisional or official finance data exists.
CGL,True,True,True,UPCoM,Dịch vụ Tiêu dùng / Bán lẻ / Bán lẻ / Bán lẻ phức hợp,False,False,INSUFFICIENT_DATA,MISSING_MARKET_DATA,Do not promote to stage_2+ until market data is present.
CGP,True,True,True,UPCoM,"Chăm sóc sức khỏe / Dược phẩm, công nghệ sinh học và khoa học sự sống / Dược phẩm",False,False,CACHE_MISSING,MISSING_MARKET_DATA,Do not promote to stage_2+ until market data is present.
CGV,True,True,True,UPCoM,Công nghiệp / Xây dựng và Vật liệu / Xây dựng và Vật liệu / Vật liệu xây dựng & Nội thất,True,False,PARTIAL_PROVISIONAL_DATA,MISSING_FINANCE_DATA,Do not promote to stage_2+ until provisional or official finance data exists.
CH5,True,True,True,UPCoM,Công nghiệp / Xây dựng và Vật liệu / Xây dựng và Vật liệu / Xây dựng,False,False,INSUFFICIENT_DATA,MISSING_MARKET_DATA,Do not promote to stage_2+ until market data is present.
CHC,True,True,True,UPCoM,Công nghiệp / Xây dựng và Vật liệu / Xây dựng và Vật liệu / Vật liệu xây dựng & Nội thất,False,False,INSUFFICIENT_DATA,MISSING_MARKET_DATA,Do not promote to stage_2+ until market data is present.
CHDB2101,True,True,True,HOSE,,False,False,CACHE_MISSING,MISSING_MARKET_DATA,Do not promote to stage_2+ until market data is present.
CHDB2102,True,True,True,HOSE,,False,False,CACHE_MISSING,MISSING_MARKET_DATA,Do not promote to stage_2+ until market data is present.
CHP,True,True,True,HOSE,"Tiện ích Cộng đồng / Điện, nước & xăng dầu khí đốt / Sản xuất & Phân phối Điện / Sản xuất & Phân phối Điện",True,False,PARTIAL_PROVISIONAL_DATA,MISSING_FINANCE_DATA,Do not promote to stage_2+ until provisional or official finance data exists.
CHPG2020,True,True,True,HOSE,,False,False,CACHE_MISSING,MISSING_MARKET_DATA,Do not promote to stage_2+ until market data is present.
CHPG2101,True,True,True,,,False,False,CACHE_MISSING,UNKNOWN_EXCHANGE,Verify exchange/listing identity before stage_2+.
CHS,True,True,True,UPCoM,"Tiện ích Cộng đồng / Điện, nước & xăng dầu khí đốt / Nước & Khí đốt / Tiện ích khác",True,False,PARTIAL_PROVISIONAL_DATA,MISSING_FINANCE_DATA,Do not promote to stage_2+ until provisional or official finance data exists.
CI5,True,True,True,UPCoM,Công nghiệp / Xây dựng và Vật liệu / Xây dựng và Vật liệu / Xây dựng,False,False,INSUFFICIENT_DATA,MISSING_MARKET_DATA,Do not promote to stage_2+ until market data is present.
CIA,True,True,True,HNX,"Công nghiệp / Hàng & Dịch vụ Công nghiệp / Vận tải / Kho bãi, hậu cần và bảo dưỡng",True,False,PARTIAL_PROVISIONAL_DATA,MISSING_FINANCE_DATA,Do not promote to stage_2+ until provisional or official finance data exists.
CIC,True,True,True,HNX,Công nghiệp / Hàng hóa công nghiệp / Kỹ thuật xây dựng,False,False,CACHE_MISSING,MISSING_MARKET_DATA,Do not promote to stage_2+ until market data is present.
CID,True,True,True,UPCoM,Công nghiệp / Xây dựng và Vật liệu / Xây dựng và Vật liệu / Xây dựng,True,False,PARTIAL_PROVISIONAL_DATA,MISSING_FINANCE_DATA,Do not promote to stage_2+ until provisional or official finance data exists.
CIG,True,True,True,HOSE,Công nghiệp / Xây dựng và Vật liệu / Xây dựng và Vật liệu / Xây dựng,True,False,PARTIAL_PROVISIONAL_DATA,MISSING_FINANCE_DATA,Do not promote to stage_2+ until provisional or official finance data exists.
CII,True,True,True,HOSE,Công nghiệp / Xây dựng và Vật liệu / Xây dựng và Vật liệu / Xây dựng,True,False,PARTIAL_PROVISIONAL_DATA,MISSING_FINANCE_DATA,Do not promote to stage_2+ until provisional or official finance data exists.
CIP,True,True,True,UPCoM,Công nghiệp / Xây dựng và Vật liệu / Xây dựng và Vật liệu / Xây dựng,True,False,PARTIAL_PROVISIONAL_DATA,MISSING_FINANCE_DATA,Do not promote to stage_2+ until provisional or official finance data exists.
CJC,True,True,True,HNX,Công nghiệp / Hàng & Dịch vụ Công nghiệp / Điện tử & Thiết bị điện / Thiết bị điện,False,False,INSUFFICIENT_DATA,MISSING_MARKET_DATA,Do not promote to stage_2+ until market data is present.
CK8,True,True,True,UPCoM,Tài chính / Bất động sản / Bất động sản / Bất động sản,False,False,INSUFFICIENT_DATA,MISSING_MARKET_DATA,Do not promote to stage_2+ until market data is present.
CKA,True,True,True,UPCoM,Công nghiệp / Hàng & Dịch vụ Công nghiệp / Công nghiệp nặng / Máy công nghiệp,True,False,PARTIAL_PROVISIONAL_DATA,MISSING_FINANCE_DATA,Do not promote to stage_2+ until provisional or official finance data exists.
CKD,True,True,True,UPCoM,Công nghiệp / Hàng & Dịch vụ Công nghiệp / Công nghiệp nặng / Máy công nghiệp,True,False,PARTIAL_PROVISIONAL_DATA,MISSING_FINANCE_DATA,Do not promote to stage_2+ until provisional or official finance data exists.
CKG,True,True,True,HOSE,Tài chính / Bất động sản / Bất động sản / Bất động sản,True,False,PARTIAL_PROVISIONAL_DATA,MISSING_FINANCE_DATA,Do not promote to stage_2+ until provisional or official finance data exists.
CKH,True,True,True,UPCoM,Công nghiệp / Hàng hóa công nghiệp / Máy móc công nghiệp,False,False,CACHE_MISSING,MISSING_MARKET_DATA,Do not promote to stage_2+ until market data is present.
CKV,True,True,True,HNX,Công nghệ Thông tin / Công nghệ Thông tin / Thiết bị và Phần cứng / Thiết bị viễn thông,False,False,INSUFFICIENT_DATA,MISSING_MARKET_DATA,Do not promote to stage_2+ until market data is present.
CL1,True,True,True,,,False,False,CACHE_MISSING,UNKNOWN_EXCHANGE,Verify exchange/listing identity before stage_2+.
CLC,True,True,True,HOSE,Hàng Tiêu dùng / Hàng cá nhân & Gia dụng / Thuốc lá / Thuốc lá,True,False,PARTIAL_PROVISIONAL_DATA,MISSING_FINANCE_DATA,Do not promote to stage_2+ until provisional or official finance data exists.
CLG,True,True,True,UPCoM,Tài chính / Bất động sản / Bất động sản / Bất động sản,False,False,INSUFFICIENT_DATA,MISSING_MARKET_DATA,Do not promote to stage_2+ until market data is present.
CLH,True,True,True,HNX,Công nghiệp / Xây dựng và Vật liệu / Xây dựng và Vật liệu / Vật liệu xây dựng & Nội thất,True,False,PARTIAL_PROVISIONAL_DATA,MISSING_FINANCE_DATA,Do not promote to stage_2+ until provisional or official finance data exists.
CLI,True,True,True,UPCoM,Nguyên vật liệu / Tài nguyên Cơ bản / Kim loại / Kim Loại màu,False,False,INSUFFICIENT_DATA,MISSING_MARKET_DATA,Do not promote to stage_2+ until market data is present.
CLL,True,True,True,HOSE,"Công nghiệp / Hàng & Dịch vụ Công nghiệp / Vận tải / Kho bãi, hậu cần và bảo dưỡng",True,False,PARTIAL_PROVISIONAL_DATA,MISSING_FINANCE_DATA,Do not promote to stage_2+ until provisional or official finance data exists.
CLM,True,True,True,HNX,Nguyên vật liệu / Tài nguyên Cơ bản / Khai khoáng / Khai thác Than,True,False,PARTIAL_PROVISIONAL_DATA,MISSING_FINANCE_DATA,Do not promote to stage_2+ until provisional or official finance data exists.
CLP,True,True,True,HOSE,"Tiêu dùng thiết yếu / Thực phẩm, đồ uống và thuốc lá / Thực phẩm",False,False,CACHE_MISSING,MISSING_MARKET_DATA,Do not promote to stage_2+ until market data is present.
CLS,True,True,True,UPCoM,Tài chính / Dịch vụ tài chính / Thị trường vốn,False,False,CACHE_MISSING,MISSING_MARKET_DATA,Do not promote to stage_2+ until market data is present.
CLW,True,True,True,HOSE,"Tiện ích Cộng đồng / Điện, nước & xăng dầu khí đốt / Nước & Khí đốt / Nước",False,False,INSUFFICIENT_DATA,MISSING_MARKET_DATA,Do not promote to stage_2+ until market data is present.
CLX,True,True,True,UPCoM,Hàng Tiêu dùng / Thực phẩm và đồ uống / Sản xuất thực phẩm / Thực phẩm,True,False,PARTIAL_PROVISIONAL_DATA,MISSING_FINANCE_DATA,Do not promote to stage_2+ until provisional or official finance data exists.
CMC,True,True,True,HNX,Công nghiệp / Hàng & Dịch vụ Công nghiệp / Công nghiệp nặng / Máy công nghiệp,True,False,PARTIAL_PROVISIONAL_DATA,MISSING_FINANCE_DATA,Do not promote to stage_2+ until provisional or official finance data exists.
CMD,True,True,True,UPCoM,Công nghiệp / Xây dựng và Vật liệu / Xây dựng và Vật liệu / Vật liệu xây dựng & Nội thất,True,False,PARTIAL_PROVISIONAL_DATA,MISSING_FINANCE_DATA,Do not promote to stage_2+ until provisional or official finance data exists.
CMF,True,True,True,UPCoM,Hàng Tiêu dùng / Thực phẩm và đồ uống / Sản xuất thực phẩm / Thực phẩm,True,False,PARTIAL_PROVISIONAL_DATA,MISSING_FINANCE_DATA,Do not promote to stage_2+ until provisional or official finance data exists.
CMG,True,True,True,HOSE,Công nghệ Thông tin / Công nghệ Thông tin / Phần mềm & Dịch vụ Máy tính / Dịch vụ Máy tính,True,False,PARTIAL_PROVISIONAL_DATA,MISSING_FINANCE_DATA,Do not promote to stage_2+ until provisional or official finance data exists.
CMI,True,True,True,UPCoM,Công nghiệp / Xây dựng và Vật liệu / Xây dựng và Vật liệu / Vật liệu xây dựng & Nội thất,True,False,PARTIAL_PROVISIONAL_DATA,MISSING_FINANCE_DATA,Do not promote to stage_2+ until provisional or official finance data exists.
CMK,True,True,True,UPCoM,Công nghiệp / Hàng & Dịch vụ Công nghiệp / Công nghiệp nặng / Máy công nghiệp,False,False,INSUFFICIENT_DATA,MISSING_MARKET_DATA,Do not promote to stage_2+ until market data is present.
CMM,True,True,True,UPCoM,Hàng Tiêu dùng / Thực phẩm và đồ uống / Sản xuất thực phẩm / Thực phẩm,True,False,PARTIAL_PROVISIONAL_DATA,MISSING_FINANCE_DATA,Do not promote to stage_2+ until provisional or official finance data exists.
CMMN,True,True,True,,,False,False,CACHE_MISSING,UNKNOWN_EXCHANGE,Verify exchange/listing identity before stage_2+.
CMN,True,True,True,UPCoM,Hàng Tiêu dùng / Thực phẩm và đồ uống / Sản xuất thực phẩm / Thực phẩm,True,False,PARTIAL_PROVISIONAL_DATA,MISSING_FINANCE_DATA,Do not promote to stage_2+ until provisional or official finance data exists.
CMNN1,True,True,True,,,False,False,CACHE_MISSING,UNKNOWN_EXCHANGE,Verify exchange/listing identity before stage_2+.
CMP,True,True,True,UPCoM,"Công nghiệp / Hàng & Dịch vụ Công nghiệp / Vận tải / Kho bãi, hậu cần và bảo dưỡng",False,False,INSUFFICIENT_DATA,MISSING_MARKET_DATA,Do not promote to stage_2+ until market data is present.
CMS,True,True,True,HNX,Công nghiệp / Xây dựng và Vật liệu / Xây dựng và Vật liệu / Xây dựng,True,False,PARTIAL_PROVISIONAL_DATA,MISSING_FINANCE_DATA,Do not promote to stage_2+ until provisional or official finance data exists.
CMT,True,True,True,UPCoM,Công nghệ Thông tin / Công nghệ Thông tin / Phần mềm & Dịch vụ Máy tính / Phần mềm,True,False,PARTIAL_PROVISIONAL_DATA,MISSING_FINANCE_DATA,Do not promote to stage_2+ until provisional or official finance data exists.
CMV,True,True,True,HOSE,Dịch vụ Tiêu dùng / Bán lẻ / Bán lẻ / Bán lẻ phức hợp,True,False,PARTIAL_PROVISIONAL_DATA,MISSING_FINANCE_DATA,Do not promote to stage_2+ until provisional or official finance data exists.
CMW,True,True,True,UPCoM,"Tiện ích Cộng đồng / Điện, nước & xăng dầu khí đốt / Nước & Khí đốt / Nước",True,False,PARTIAL_PROVISIONAL_DATA,MISSING_FINANCE_DATA,Do not promote to stage_2+ until provisional or official finance data exists.
CMX,True,True,True,HOSE,Hàng Tiêu dùng / Thực phẩm và đồ uống / Sản xuất thực phẩm / Nuôi trồng nông & hải sản,True,False,PARTIAL_PROVISIONAL_DATA,MISSING_FINANCE_DATA,Do not promote to stage_2+ until provisional or official finance data exists.
CNA,True,True,True,UPCoM,Hàng Tiêu dùng / Thực phẩm và đồ uống / Sản xuất thực phẩm / Nuôi trồng nông & hải sản,False,False,INSUFFICIENT_DATA,MISSING_MARKET_DATA,Do not promote to stage_2+ until market data is present.
CNC,True,True,True,UPCoM,Dược phẩm và Y tế / Y tế / Dược phẩm / Dược phẩm,True,False,PARTIAL_PROVISIONAL_DATA,MISSING_FINANCE_DATA,Do not promote to stage_2+ until provisional or official finance data exists.
CNG,True,True,True,HOSE,"Tiện ích Cộng đồng / Điện, nước & xăng dầu khí đốt / Nước & Khí đốt / Phân phối xăng dầu & khí đốt",True,False,PARTIAL_PROVISIONAL_DATA,MISSING_FINANCE_DATA,Do not promote to stage_2+ until provisional or official finance data exists.
CNN,True,True,True,UPCoM,Công nghiệp / Xây dựng và Vật liệu / Xây dựng và Vật liệu / Xây dựng,True,False,PARTIAL_PROVISIONAL_DATA,MISSING_FINANCE_DATA,Do not promote to stage_2+ until provisional or official finance data exists.
CNT,True,True,True,UPCoM,Tài chính / Bất động sản / Bất động sản / Bất động sản,True,False,PARTIAL_PROVISIONAL_DATA,MISSING_FINANCE_DATA,Do not promote to stage_2+ until provisional or official finance data exists.
COM,True,True,True,HOSE,Dịch vụ Tiêu dùng / Bán lẻ / Bán lẻ / Phân phối hàng chuyên dụng,True,False,PARTIAL_PROVISIONAL_DATA,MISSING_FINANCE_DATA,Do not promote to stage_2+ until provisional or official finance data exists.
CPA,True,True,True,UPCoM,Hàng Tiêu dùng / Thực phẩm và đồ uống / Bia và đồ uống / Đồ uống & giải khát,False,False,INSUFFICIENT_DATA,MISSING_MARKET_DATA,Do not promote to stage_2+ until market data is present.
CPC,True,True,True,HNX,"Nguyên vật liệu / Hóa chất / Hóa chất / Sản phẩm hóa dầu, Nông dược & Hóa chất khác",True,False,PARTIAL_PROVISIONAL_DATA,MISSING_FINANCE_DATA,Do not promote to stage_2+ until provisional or official finance data exists.
CPH,True,True,True,UPCoM,Dịch vụ Tiêu dùng / Bán lẻ / Bán lẻ / Dịch vụ tiêu dùng chuyên ngành,False,False,INSUFFICIENT_DATA,MISSING_MARKET_DATA,Do not promote to stage_2+ until market data is present.
CPI,True,True,True,UPCoM,"Công nghiệp / Hàng & Dịch vụ Công nghiệp / Vận tải / Kho bãi, hậu cần và bảo dưỡng",True,False,PARTIAL_PROVISIONAL_DATA,MISSING_FINANCE_DATA,Do not promote to stage_2+ until provisional or official finance data exists.
CQN,True,True,True,UPCoM,"Công nghiệp / Hàng & Dịch vụ Công nghiệp / Vận tải / Kho bãi, hậu cần và bảo dưỡng",True,False,PARTIAL_PROVISIONAL_DATA,MISSING_FINANCE_DATA,Do not promote to stage_2+ until provisional or official finance data exists.
CQT,True,True,True,UPCoM,Công nghiệp / Xây dựng và Vật liệu / Xây dựng và Vật liệu / Vật liệu xây dựng & Nội thất,True,False,PARTIAL_PROVISIONAL_DATA,MISSING_FINANCE_DATA,Do not promote to stage_2+ until provisional or official finance data exists.
CRC,True,True,True,HOSE,Công nghiệp / Xây dựng và Vật liệu / Xây dựng và Vật liệu / Vật liệu xây dựng & Nội thất,True,False,PARTIAL_PROVISIONAL_DATA,MISSING_FINANCE_DATA,Do not promote to stage_2+ until provisional or official finance data exists.
CRE,True,True,True,HOSE,Tài chính / Bất động sản / Bất động sản / Bất động sản,True,False,PARTIAL_PROVISIONAL_DATA,MISSING_FINANCE_DATA,Do not promote to stage_2+ until provisional or official finance data exists.
CRV,True,True,True,HOSE,Tài chính / Bất động sản / Bất động sản / Bất động sản,False,False,INSUFFICIENT_DATA,MISSING_MARKET_DATA,Do not promote to stage_2+ until market data is present.
CSC,True,True,True,HNX,Công nghiệp / Xây dựng và Vật liệu / Xây dựng và Vật liệu / Xây dựng,True,False,PARTIAL_PROVISIONAL_DATA,MISSING_FINANCE_DATA,Do not promote to stage_2+ until provisional or official finance data exists.
CSI,True,True,True,UPCoM,Tài chính / Dịch vụ tài chính / Dịch vụ tài chính / Môi giới chứng khoán,True,False,PARTIAL_PROVISIONAL_DATA,MISSING_FINANCE_DATA,Do not promote to stage_2+ until provisional or official finance data exists.
CSM,True,True,True,HOSE,Hàng Tiêu dùng / Ô tô và phụ tùng / Ô tô và phụ tùng / Lốp xe,True,False,PARTIAL_PROVISIONAL_DATA,MISSING_FINANCE_DATA,Do not promote to stage_2+ until provisional or official finance data exists.
CST,True,True,True,HNX,Nguyên vật liệu / Tài nguyên Cơ bản / Khai khoáng / Khai thác Than,True,False,PARTIAL_PROVISIONAL_DATA,MISSING_FINANCE_DATA,Do not promote to stage_2+ until provisional or official finance data exists.
CSV,True,True,True,HOSE,"Nguyên vật liệu / Hóa chất / Hóa chất / Sản phẩm hóa dầu, Nông dược & Hóa chất khác",True,False,PARTIAL_PROVISIONAL_DATA,MISSING_FINANCE_DATA,Do not promote to stage_2+ until provisional or official finance data exists.
CT3,True,True,True,UPCoM,Công nghiệp / Xây dựng và Vật liệu / Xây dựng và Vật liệu / Xây dựng,True,False,PARTIAL_PROVISIONAL_DATA,MISSING_FINANCE_DATA,Do not promote to stage_2+ until provisional or official finance data exists.
CT5,True,True,True,UPCoM,Công nghiệp / Hàng hóa công nghiệp / Kỹ thuật xây dựng,False,False,INSUFFICIENT_DATA,MISSING_MARKET_DATA,Do not promote to stage_2+ until market data is present.
CT6,True,True,True,UPCoM,Công nghiệp / Xây dựng và Vật liệu / Xây dựng và Vật liệu / Xây dựng,True,False,PARTIAL_PROVISIONAL_DATA,MISSING_FINANCE_DATA,Do not promote to stage_2+ until provisional or official finance data exists.
CTA,True,True,True,HOSE,Công nghiệp / Xây dựng và Vật liệu / Xây dựng và Vật liệu / Xây dựng,False,False,INSUFFICIENT_DATA,MISSING_MARKET_DATA,Do not promote to stage_2+ until market data is present.
CTB,True,True,True,HNX,Công nghiệp / Hàng & Dịch vụ Công nghiệp / Công nghiệp nặng / Máy công nghiệp,True,False,PARTIAL_PROVISIONAL_DATA,MISSING_FINANCE_DATA,Do not promote to stage_2+ until provisional or official finance data exists.
CTC,True,True,True,HNX,Dịch vụ Tiêu dùng / Du lịch và Giải trí / Du lịch & Giải trí / Vận tải hành khách & Du lịch,False,False,INSUFFICIENT_DATA,MISSING_MARKET_DATA,Do not promote to stage_2+ until market data is present.
CTD,True,True,True,HOSE,Công nghiệp / Xây dựng và Vật liệu / Xây dựng và Vật liệu / Xây dựng,True,False,PARTIAL_PROVISIONAL_DATA,MISSING_FINANCE_DATA,Do not promote to stage_2+ until provisional or official finance data exists.
CTF,True,True,True,HOSE,Hàng Tiêu dùng / Ô tô và phụ tùng / Ô tô và phụ tùng / Sản xuất ô tô,True,False,PARTIAL_PROVISIONAL_DATA,MISSING_FINANCE_DATA,Do not promote to stage_2+ until provisional or official finance data exists.
CTG,True,True,True,HOSE,Ngân hàng / Ngân hàng / Ngân hàng / Ngân hàng,True,False,PARTIAL_PROVISIONAL_DATA,MISSING_FINANCE_DATA,Do not promote to stage_2+ until provisional or official finance data exists.
CTI,True,True,True,HOSE,Công nghiệp / Xây dựng và Vật liệu / Xây dựng và Vật liệu / Xây dựng,True,False,PARTIAL_PROVISIONAL_DATA,MISSING_FINANCE_DATA,Do not promote to stage_2+ until provisional or official finance data exists.
CTN,True,True,True,UPCoM,Công nghiệp / Xây dựng và Vật liệu / Xây dựng và Vật liệu / Xây dựng,False,False,INSUFFICIENT_DATA,MISSING_MARKET_DATA,Do not promote to stage_2+ until market data is present.
CTP,True,True,True,HNX,Hàng Tiêu dùng / Thực phẩm và đồ uống / Bia và đồ uống / Đồ uống & giải khát,True,False,PARTIAL_PROVISIONAL_DATA,MISSING_FINANCE_DATA,Do not promote to stage_2+ until provisional or official finance data exists.
CTR,True,True,True,HOSE,Công nghiệp / Xây dựng và Vật liệu / Xây dựng và Vật liệu / Xây dựng,True,False,PARTIAL_PROVISIONAL_DATA,MISSING_FINANCE_DATA,Do not promote to stage_2+ until provisional or official finance data exists.
CTS,True,True,True,HOSE,Tài chính / Dịch vụ tài chính / Dịch vụ tài chính / Môi giới chứng khoán,True,False,PARTIAL_PROVISIONAL_DATA,MISSING_FINANCE_DATA,Do not promote to stage_2+ until provisional or official finance data exists.
CTT,True,True,True,HNX,Công nghiệp / Hàng & Dịch vụ Công nghiệp / Công nghiệp nặng / Máy công nghiệp,True,False,PARTIAL_PROVISIONAL_DATA,MISSING_FINANCE_DATA,Do not promote to stage_2+ until provisional or official finance data exists.
CTW,True,True,True,UPCoM,"Tiện ích Cộng đồng / Điện, nước & xăng dầu khí đốt / Nước & Khí đốt / Nước",True,False,PARTIAL_PROVISIONAL_DATA,MISSING_FINANCE_DATA,Do not promote to stage_2+ until provisional or official finance data exists.
CTX,True,True,True,UPCoM,Công nghiệp / Xây dựng và Vật liệu / Xây dựng và Vật liệu / Xây dựng,True,False,PARTIAL_PROVISIONAL_DATA,MISSING_FINANCE_DATA,Do not promote to stage_2+ until provisional or official finance data exists.
CVN,True,True,True,UPCoM,Dược phẩm và Y tế / Y tế / Thiết bị và Dịch vụ Y tế / Thiết bị y tế,True,False,PARTIAL_PROVISIONAL_DATA,MISSING_FINANCE_DATA,Do not promote to stage_2+ until provisional or official finance data exists.
CVP,True,True,True,UPCoM,"Công nghiệp / Hàng & Dịch vụ Công nghiệp / Vận tải / Kho bãi, hậu cần và bảo dưỡng",False,False,INSUFFICIENT_DATA,MISSING_MARKET_DATA,Do not promote to stage_2+ until market data is present.
CVT,True,True,True,HOSE,Công nghiệp / Xây dựng và Vật liệu / Xây dựng và Vật liệu / Vật liệu xây dựng & Nội thất,True,False,PARTIAL_PROVISIONAL_DATA,MISSING_FINANCE_DATA,Do not promote to stage_2+ until provisional or official finance data exists.
CX8,True,True,True,HNX,Công nghiệp / Xây dựng và Vật liệu / Xây dựng và Vật liệu / Xây dựng,False,False,INSUFFICIENT_DATA,MISSING_MARKET_DATA,Do not promote to stage_2+ until market data is present.
CYC,True,True,True,UPCoM,Công nghiệp / Xây dựng và Vật liệu / Xây dựng và Vật liệu / Vật liệu xây dựng & Nội thất,True,False,PARTIAL_PROVISIONAL_DATA,MISSING_FINANCE_DATA,Do not promote to stage_2+ until provisional or official finance data exists.
D11,True,True,True,HNX,Tài chính / Bất động sản / Bất động sản / Bất động sản,True,False,PARTIAL_PROVISIONAL_DATA,MISSING_FINANCE_DATA,Do not promote to stage_2+ until provisional or official finance data exists.
D17,True,True,True,UPCoM,Nguyên vật liệu / Tài nguyên Cơ bản / Khai khoáng / Khai khoáng,False,False,INSUFFICIENT_DATA,MISSING_MARKET_DATA,Do not promote to stage_2+ until market data is present.
D2D,True,True,True,HOSE,Tài chính / Bất động sản / Bất động sản / Bất động sản,True,False,PARTIAL_PROVISIONAL_DATA,MISSING_FINANCE_DATA,Do not promote to stage_2+ until provisional or official finance data exists.
DAC,True,True,True,UPCoM,Công nghiệp / Xây dựng và Vật liệu / Xây dựng và Vật liệu / Vật liệu xây dựng & Nội thất,False,False,INSUFFICIENT_DATA,MISSING_MARKET_DATA,Do not promote to stage_2+ until market data is present.
DAD,True,True,True,HNX,"Dịch vụ Tiêu dùng / Truyền thông / Truyền thông / Sách, ấn bản & sản phẩm văn hóa",True,False,PARTIAL_PROVISIONAL_DATA,MISSING_FINANCE_DATA,Do not promote to stage_2+ until provisional or official finance data exists.
DAE,True,True,True,HNX,"Dịch vụ Tiêu dùng / Truyền thông / Truyền thông / Sách, ấn bản & sản phẩm văn hóa",True,False,PARTIAL_PROVISIONAL_DATA,MISSING_FINANCE_DATA,Do not promote to stage_2+ until provisional or official finance data exists.
DAG,True,True,True,UPCoM,"Nguyên vật liệu / Hóa chất / Hóa chất / Nhựa, cao su & sợi",False,False,INSUFFICIENT_DATA,MISSING_MARKET_DATA,Do not promote to stage_2+ until market data is present.
DAH,True,True,True,HOSE,Dịch vụ Tiêu dùng / Du lịch và Giải trí / Du lịch & Giải trí / Khách sạn,True,False,PARTIAL_PROVISIONAL_DATA,MISSING_FINANCE_DATA,Do not promote to stage_2+ until provisional or official finance data exists.
DAN,True,True,True,UPCoM,Dược phẩm và Y tế / Y tế / Dược phẩm / Dược phẩm,True,False,PARTIAL_PROVISIONAL_DATA,MISSING_FINANCE_DATA,Do not promote to stage_2+ until provisional or official finance data exists.
DAR,True,True,True,UPCoM,Dịch vụ Tiêu dùng / Du lịch và Giải trí / Du lịch & Giải trí / Vận tải hành khách & Du lịch,False,False,INSUFFICIENT_DATA,MISSING_MARKET_DATA,Do not promote to stage_2+ until market data is present.
DAS,True,True,True,UPCoM,Hàng Tiêu dùng / Ô tô và phụ tùng / Ô tô và phụ tùng / Sản xuất ô tô,False,False,INSUFFICIENT_DATA,MISSING_MARKET_DATA,Do not promote to stage_2+ until market data is present.
DAT,True,True,True,HOSE,Hàng Tiêu dùng / Thực phẩm và đồ uống / Sản xuất thực phẩm / Nuôi trồng nông & hải sản,True,False,PARTIAL_PROVISIONAL_DATA,MISSING_FINANCE_DATA,Do not promote to stage_2+ until provisional or official finance data exists.
DBC,True,True,True,HOSE,Hàng Tiêu dùng / Thực phẩm và đồ uống / Sản xuất thực phẩm / Nuôi trồng nông & hải sản,True,False,PARTIAL_PROVISIONAL_DATA,MISSING_FINANCE_DATA,Do not promote to stage_2+ until provisional or official finance data exists.
DBD,True,True,True,HOSE,Dược phẩm và Y tế / Y tế / Dược phẩm / Dược phẩm,True,False,PARTIAL_PROVISIONAL_DATA,MISSING_FINANCE_DATA,Do not promote to stage_2+ until provisional or official finance data exists.
DBH,True,True,True,UPCoM,Dịch vụ Tiêu dùng / Du lịch và Giải trí / Du lịch & Giải trí / Vận tải hành khách & Du lịch,False,False,INSUFFICIENT_DATA,MISSING_MARKET_DATA,Do not promote to stage_2+ until market data is present.
DBM,True,True,True,UPCoM,Dược phẩm và Y tế / Y tế / Dược phẩm / Dược phẩm,True,False,PARTIAL_PROVISIONAL_DATA,MISSING_FINANCE_DATA,Do not promote to stage_2+ until provisional or official finance data exists.
DBT,True,True,True,HOSE,Dược phẩm và Y tế / Y tế / Dược phẩm / Dược phẩm,True,False,PARTIAL_PROVISIONAL_DATA,MISSING_FINANCE_DATA,Do not promote to stage_2+ until provisional or official finance data exists.
DBW,True,True,True,UPCoM,"Tiện ích Cộng đồng / Điện, nước & xăng dầu khí đốt / Nước & Khí đốt / Nước",False,False,INSUFFICIENT_DATA,MISSING_MARKET_DATA,Do not promote to stage_2+ until market data is present.
DC1,True,True,True,UPCoM,Công nghiệp / Xây dựng và Vật liệu / Xây dựng và Vật liệu / Xây dựng,True,False,PARTIAL_PROVISIONAL_DATA,MISSING_FINANCE_DATA,Do not promote to stage_2+ until provisional or official finance data exists.
DC2,True,True,True,HNX,Công nghiệp / Xây dựng và Vật liệu / Xây dựng và Vật liệu / Xây dựng,True,False,PARTIAL_PROVISIONAL_DATA,MISSING_FINANCE_DATA,Do not promote to stage_2+ until provisional or official finance data exists.
DC4,True,True,True,HOSE,Công nghiệp / Xây dựng và Vật liệu / Xây dựng và Vật liệu / Xây dựng,True,False,PARTIAL_PROVISIONAL_DATA,MISSING_FINANCE_DATA,Do not promote to stage_2+ until provisional or official finance data exists.
DCF,True,True,True,UPCoM,Công nghiệp / Xây dựng và Vật liệu / Xây dựng và Vật liệu / Xây dựng,False,False,INSUFFICIENT_DATA,MISSING_MARKET_DATA,Do not promote to stage_2+ until market data is present.
DCG,True,True,True,UPCoM,Hàng Tiêu dùng / Hàng cá nhân & Gia dụng / Hàng cá nhân / Hàng May mặc,False,False,INSUFFICIENT_DATA,MISSING_MARKET_DATA,Do not promote to stage_2+ until market data is present.
DCH,True,True,True,UPCoM,"Tài chính / Bất động sản / Bất động sản / Tư Vấn, Định giá, Môi giới Bất động sản",False,False,INSUFFICIENT_DATA,MISSING_MARKET_DATA,Do not promote to stage_2+ until market data is present.
DCL,True,True,True,HOSE,Dược phẩm và Y tế / Y tế / Dược phẩm / Dược phẩm,True,False,PARTIAL_PROVISIONAL_DATA,MISSING_FINANCE_DATA,Do not promote to stage_2+ until provisional or official finance data exists.
DCM,True,True,True,HOSE,"Nguyên vật liệu / Hóa chất / Hóa chất / Sản phẩm hóa dầu, Nông dược & Hóa chất khác",True,False,PARTIAL_PROVISIONAL_DATA,MISSING_FINANCE_DATA,Do not promote to stage_2+ until provisional or official finance data exists.
DCR,True,True,True,UPCoM,Công nghiệp / Xây dựng và Vật liệu / Xây dựng và Vật liệu / Vật liệu xây dựng & Nội thất,True,False,PARTIAL_PROVISIONAL_DATA,MISSING_FINANCE_DATA,Do not promote to stage_2+ until provisional or official finance data exists.
DCS,True,True,True,UPCoM,Hàng Tiêu dùng / Hàng cá nhân & Gia dụng / Hàng gia dụng / Thiết bị gia dụng,True,False,PARTIAL_PROVISIONAL_DATA,MISSING_FINANCE_DATA,Do not promote to stage_2+ until provisional or official finance data exists.
DCT,True,True,True,UPCoM,Công nghiệp / Xây dựng và Vật liệu / Xây dựng và Vật liệu / Vật liệu xây dựng & Nội thất,True,False,PARTIAL_PROVISIONAL_DATA,MISSING_FINANCE_DATA,Do not promote to stage_2+ until provisional or official finance data exists.
DCV,True,True,True,,Tài chính / Dịch vụ tài chính / Dịch vụ tài chính / Quản lý tài sản,False,False,INSUFFICIENT_DATA,UNKNOWN_EXCHANGE,Verify exchange/listing identity before stage_2+.
DDB,True,True,True,UPCoM,Công nghiệp / Xây dựng và Vật liệu / Xây dựng và Vật liệu / Vật liệu xây dựng & Nội thất,False,False,INSUFFICIENT_DATA,MISSING_MARKET_DATA,Do not promote to stage_2+ until market data is present.
DDG,True,True,True,HNX,"Tiện ích Cộng đồng / Điện, nước & xăng dầu khí đốt / Nước & Khí đốt / Phân phối xăng dầu & khí đốt",True,False,PARTIAL_PROVISIONAL_DATA,MISSING_FINANCE_DATA,Do not promote to stage_2+ until provisional or official finance data exists.
DDH,True,True,True,UPCoM,"Công nghiệp / Hàng & Dịch vụ Công nghiệp / Vận tải / Kho bãi, hậu cần và bảo dưỡng",False,False,INSUFFICIENT_DATA,MISSING_MARKET_DATA,Do not promote to stage_2+ until market data is present.
DDM,True,True,True,UPCoM,Công nghiệp / Hàng & Dịch vụ Công nghiệp / Vận tải / Vận tải Thủy,False,False,INSUFFICIENT_DATA,MISSING_MARKET_DATA,Do not promote to stage_2+ until market data is present.
DDN,True,True,True,UPCoM,Dược phẩm và Y tế / Y tế / Dược phẩm / Dược phẩm,True,False,PARTIAL_PROVISIONAL_DATA,MISSING_FINANCE_DATA,Do not promote to stage_2+ until provisional or official finance data exists.
DDV,True,True,True,UPCoM,"Nguyên vật liệu / Hóa chất / Hóa chất / Sản phẩm hóa dầu, Nông dược & Hóa chất khác",True,False,PARTIAL_PROVISIONAL_DATA,MISSING_FINANCE_DATA,Do not promote to stage_2+ until provisional or official finance data exists.
DFC,True,True,True,UPCoM,Nguyên vật liệu / Tài nguyên Cơ bản / Kim loại / Thép và sản phẩm thép,True,False,PARTIAL_PROVISIONAL_DATA,MISSING_FINANCE_DATA,Do not promote to stage_2+ until provisional or official finance data exists.
DFF,True,True,True,UPCoM,Công nghiệp / Xây dựng và Vật liệu / Xây dựng và Vật liệu / Xây dựng,True,False,PARTIAL_PROVISIONAL_DATA,MISSING_FINANCE_DATA,Do not promote to stage_2+ until provisional or official finance data exists.
DGC,True,True,True,HOSE,"Nguyên vật liệu / Hóa chất / Hóa chất / Sản phẩm hóa dầu, Nông dược & Hóa chất khác",True,False,PARTIAL_PROVISIONAL_DATA,MISSING_FINANCE_DATA,Do not promote to stage_2+ until provisional or official finance data exists.
DGT,True,True,True,UPCoM,Công nghiệp / Xây dựng và Vật liệu / Xây dựng và Vật liệu / Vật liệu xây dựng & Nội thất,True,False,PARTIAL_PROVISIONAL_DATA,MISSING_FINANCE_DATA,Do not promote to stage_2+ until provisional or official finance data exists.
DGW,True,True,True,HOSE,Dịch vụ Tiêu dùng / Bán lẻ / Bán lẻ / Phân phối hàng chuyên dụng,True,False,PARTIAL_PROVISIONAL_DATA,MISSING_FINANCE_DATA,Do not promote to stage_2+ until provisional or official finance data exists.
DHA,True,True,True,HOSE,Công nghiệp / Xây dựng và Vật liệu / Xây dựng và Vật liệu / Vật liệu xây dựng & Nội thất,True,False,PARTIAL_PROVISIONAL_DATA,MISSING_FINANCE_DATA,Do not promote to stage_2+ until provisional or official finance data exists.
DHB,True,True,True,UPCoM,"Nguyên vật liệu / Hóa chất / Hóa chất / Sản phẩm hóa dầu, Nông dược & Hóa chất khác",True,False,PARTIAL_PROVISIONAL_DATA,MISSING_FINANCE_DATA,Do not promote to stage_2+ until provisional or official finance data exists.
DHC,True,True,True,HOSE,Nguyên vật liệu / Tài nguyên Cơ bản / Lâm nghiệp và Giấy / Sản xuất giấy,True,False,PARTIAL_PROVISIONAL_DATA,MISSING_FINANCE_DATA,Do not promote to stage_2+ until provisional or official finance data exists.
DHD,True,True,True,UPCoM,Dược phẩm và Y tế / Y tế / Dược phẩm / Dược phẩm,True,False,PARTIAL_PROVISIONAL_DATA,MISSING_FINANCE_DATA,Do not promote to stage_2+ until provisional or official finance data exists.
DHG,True,True,True,HOSE,Dược phẩm và Y tế / Y tế / Dược phẩm / Dược phẩm,True,False,PARTIAL_PROVISIONAL_DATA,MISSING_FINANCE_DATA,Do not promote to stage_2+ until provisional or official finance data exists.
DHM,True,True,True,HOSE,Nguyên vật liệu / Tài nguyên Cơ bản / Khai khoáng / Khai khoáng,True,False,PARTIAL_PROVISIONAL_DATA,MISSING_FINANCE_DATA,Do not promote to stage_2+ until provisional or official finance data exists.
DHN,True,True,True,UPCoM,Dược phẩm và Y tế / Y tế / Dược phẩm / Dược phẩm,True,False,PARTIAL_PROVISIONAL_DATA,MISSING_FINANCE_DATA,Do not promote to stage_2+ until provisional or official finance data exists.
DHP,True,True,True,HNX,Công nghiệp / Hàng & Dịch vụ Công nghiệp / Điện tử & Thiết bị điện / Thiết bị điện,True,False,PARTIAL_PROVISIONAL_DATA,MISSING_FINANCE_DATA,Do not promote to stage_2+ until provisional or official finance data exists.
DHT,True,True,True,HNX,Dược phẩm và Y tế / Y tế / Dược phẩm / Dược phẩm,True,False,PARTIAL_PROVISIONAL_DATA,MISSING_FINANCE_DATA,Do not promote to stage_2+ until provisional or official finance data exists.
DIC,True,True,True,UPCoM,Công nghiệp / Xây dựng và Vật liệu / Xây dựng và Vật liệu / Vật liệu xây dựng & Nội thất,True,False,PARTIAL_PROVISIONAL_DATA,MISSING_FINANCE_DATA,Do not promote to stage_2+ until provisional or official finance data exists.
DID,True,True,True,UPCoM,Công nghiệp / Xây dựng và Vật liệu / Xây dựng và Vật liệu / Vật liệu xây dựng & Nội thất,True,False,PARTIAL_PROVISIONAL_DATA,MISSING_FINANCE_DATA,Do not promote to stage_2+ until provisional or official finance data exists.
DIG,True,True,True,HOSE,Tài chính / Bất động sản / Bất động sản / Bất động sản,True,False,PARTIAL_PROVISIONAL_DATA,MISSING_FINANCE_DATA,Do not promote to stage_2+ until provisional or official finance data exists.
DIH,True,True,True,HNX,Công nghiệp / Xây dựng và Vật liệu / Xây dựng và Vật liệu / Xây dựng,True,False,PARTIAL_PROVISIONAL_DATA,MISSING_FINANCE_DATA,Do not promote to stage_2+ until provisional or official finance data exists.
DKC,True,True,True,UPCoM,Dịch vụ Tiêu dùng / Bán lẻ / Bán lẻ / Bán lẻ phức hợp,False,False,INSUFFICIENT_DATA,MISSING_MARKET_DATA,Do not promote to stage_2+ until market data is present.
DKG,True,True,True,UPCoM,Công nghiệp / Xây dựng và Vật liệu / Xây dựng và Vật liệu / Vật liệu xây dựng & Nội thất,False,False,INSUFFICIENT_DATA,MISSING_MARKET_DATA,Do not promote to stage_2+ until market data is present.
DKH,True,True,True,UPCoM,Công nghiệp / Dịch vụ thương mại và chuyên nghiệp / Dịch vụ và thiết bị thương mại,False,False,INSUFFICIENT_DATA,MISSING_MARKET_DATA,Do not promote to stage_2+ until market data is present.
DKW,True,True,True,UPCoM,"Tiện ích Cộng đồng / Điện, nước & xăng dầu khí đốt / Nước & Khí đốt / Nước",False,False,INSUFFICIENT_DATA,MISSING_MARKET_DATA,Do not promote to stage_2+ until market data is present.
DL1,True,True,True,HNX,"Công nghiệp / Hàng & Dịch vụ Công nghiệp / Vận tải / Kho bãi, hậu cần và bảo dưỡng",True,False,PARTIAL_PROVISIONAL_DATA,MISSING_FINANCE_DATA,Do not promote to stage_2+ until provisional or official finance data exists.
DLD,True,True,True,UPCoM,Dịch vụ Tiêu dùng / Du lịch và Giải trí / Du lịch & Giải trí / Khách sạn,True,False,PARTIAL_PROVISIONAL_DATA,MISSING_FINANCE_DATA,Do not promote to stage_2+ until provisional or official finance data exists.
DLG,True,True,True,HOSE,Công nghiệp / Xây dựng và Vật liệu / Xây dựng và Vật liệu / Xây dựng,True,False,PARTIAL_PROVISIONAL_DATA,MISSING_FINANCE_DATA,Do not promote to stage_2+ until provisional or official finance data exists.
DLM,True,True,True,,"Tiện ích Cộng đồng / Điện, nước & xăng dầu khí đốt / Nước & Khí đốt / Tiện ích khác",False,False,INSUFFICIENT_DATA,UNKNOWN_EXCHANGE,Verify exchange/listing identity before stage_2+.
DLR,True,True,True,UPCoM,Công nghiệp / Xây dựng và Vật liệu / Xây dựng và Vật liệu / Xây dựng,False,False,INSUFFICIENT_DATA,MISSING_MARKET_DATA,Do not promote to stage_2+ until market data is present.
DLT,True,True,True,UPCoM,Dịch vụ Tiêu dùng / Du lịch và Giải trí / Du lịch & Giải trí / Vận tải hành khách & Du lịch,False,False,INSUFFICIENT_DATA,MISSING_MARKET_DATA,Do not promote to stage_2+ until market data is present.
DM7,True,True,True,UPCoM,Hàng Tiêu dùng / Hàng cá nhân & Gia dụng / Hàng cá nhân / Hàng May mặc,False,False,INSUFFICIENT_DATA,MISSING_MARKET_DATA,Do not promote to stage_2+ until market data is present.
DMC,True,True,True,HOSE,Dược phẩm và Y tế / Y tế / Dược phẩm / Dược phẩm,True,False,PARTIAL_PROVISIONAL_DATA,MISSING_FINANCE_DATA,Do not promote to stage_2+ until provisional or official finance data exists.
DMN,True,True,True,UPCoM,Hàng Tiêu dùng / Thực phẩm và đồ uống / Sản xuất thực phẩm / Nuôi trồng nông & hải sản,True,False,PARTIAL_PROVISIONAL_DATA,MISSING_FINANCE_DATA,Do not promote to stage_2+ until provisional or official finance data exists.
DMS,True,True,True,UPCoM,"Tiện ích Cộng đồng / Điện, nước & xăng dầu khí đốt / Nước & Khí đốt / Phân phối xăng dầu & khí đốt",False,False,INSUFFICIENT_DATA,MISSING_MARKET_DATA,Do not promote to stage_2+ until market data is present.
DNA,True,True,True,UPCoM,"Tiện ích Cộng đồng / Điện, nước & xăng dầu khí đốt / Nước & Khí đốt / Nước",True,False,PARTIAL_PROVISIONAL_DATA,MISSING_FINANCE_DATA,Do not promote to stage_2+ until provisional or official finance data exists.
DNB,True,True,True,UPCoM,"Dịch vụ Tiêu dùng / Truyền thông / Truyền thông / Sách, ấn bản & sản phẩm văn hóa",False,False,INSUFFICIENT_DATA,MISSING_MARKET_DATA,Do not promote to stage_2+ until market data is present.
DNC,True,True,True,HNX,"Tiện ích Cộng đồng / Điện, nước & xăng dầu khí đốt / Sản xuất & Phân phối Điện / Sản xuất & Phân phối Điện",True,False,PARTIAL_PROVISIONAL_DATA,MISSING_FINANCE_DATA,Do not promote to stage_2+ until provisional or official finance data exists.
DND,True,True,True,UPCoM,Công nghiệp / Xây dựng và Vật liệu / Xây dựng và Vật liệu / Vật liệu xây dựng & Nội thất,True,False,PARTIAL_PROVISIONAL_DATA,MISSING_FINANCE_DATA,Do not promote to stage_2+ until provisional or official finance data exists.
DNE,True,True,True,UPCoM,Công nghiệp / Hàng & Dịch vụ Công nghiệp / Tư vấn & Hỗ trợ Kinh doanh / Chất thải & Môi trường,True,False,PARTIAL_PROVISIONAL_DATA,MISSING_FINANCE_DATA,Do not promote to stage_2+ until provisional or official finance data exists.
DNH,True,True,True,UPCoM,"Tiện ích Cộng đồng / Điện, nước & xăng dầu khí đốt / Sản xuất & Phân phối Điện / Sản xuất & Phân phối Điện",True,False,PARTIAL_PROVISIONAL_DATA,MISSING_FINANCE_DATA,Do not promote to stage_2+ until provisional or official finance data exists.
DNL,True,True,True,UPCoM,"Công nghiệp / Hàng & Dịch vụ Công nghiệp / Vận tải / Kho bãi, hậu cần và bảo dưỡng",False,False,INSUFFICIENT_DATA,MISSING_MARKET_DATA,Do not promote to stage_2+ until market data is present.
DNM,True,True,True,UPCoM,Dược phẩm và Y tế / Y tế / Thiết bị và Dịch vụ Y tế / Dụng cụ y tế,True,False,PARTIAL_PROVISIONAL_DATA,MISSING_FINANCE_DATA,Do not promote to stage_2+ until provisional or official finance data exists.
DNN,True,True,True,UPCoM,"Tiện ích Cộng đồng / Điện, nước & xăng dầu khí đốt / Nước & Khí đốt / Nước",True,False,PARTIAL_PROVISIONAL_DATA,MISSING_FINANCE_DATA,Do not promote to stage_2+ until provisional or official finance data exists.
DNP,True,True,True,HNX,Công nghiệp / Xây dựng và Vật liệu / Xây dựng và Vật liệu / Vật liệu xây dựng & Nội thất,True,False,PARTIAL_PROVISIONAL_DATA,MISSING_FINANCE_DATA,Do not promote to stage_2+ until provisional or official finance data exists.
DNT,True,True,True,UPCoM,Dịch vụ Tiêu dùng / Du lịch và Giải trí / Du lịch & Giải trí / Dịch vụ giải trí,False,False,INSUFFICIENT_DATA,MISSING_MARKET_DATA,Do not promote to stage_2+ until market data is present.
DNW,True,True,True,UPCoM,"Tiện ích Cộng đồng / Điện, nước & xăng dầu khí đốt / Nước & Khí đốt / Nước",True,False,PARTIAL_PROVISIONAL_DATA,MISSING_FINANCE_DATA,Do not promote to stage_2+ until provisional or official finance data exists.
DOC,True,True,True,UPCoM,"Nguyên vật liệu / Hóa chất / Hóa chất / Sản phẩm hóa dầu, Nông dược & Hóa chất khác",False,False,INSUFFICIENT_DATA,MISSING_MARKET_DATA,Do not promote to stage_2+ until market data is present.
DOP,True,True,True,UPCoM,Công nghiệp / Hàng & Dịch vụ Công nghiệp / Vận tải / Dịch vụ vận tải,True,False,PARTIAL_PROVISIONAL_DATA,MISSING_FINANCE_DATA,Do not promote to stage_2+ until provisional or official finance data exists.
DP1,True,True,True,UPCoM,Dược phẩm và Y tế / Y tế / Dược phẩm / Dược phẩm,True,False,PARTIAL_PROVISIONAL_DATA,MISSING_FINANCE_DATA,Do not promote to stage_2+ until provisional or official finance data exists.
DP2,True,True,True,UPCoM,Dược phẩm và Y tế / Y tế / Dược phẩm / Dược phẩm,True,False,PARTIAL_PROVISIONAL_DATA,MISSING_FINANCE_DATA,Do not promote to stage_2+ until provisional or official finance data exists.
DP3,True,True,True,HNX,Dược phẩm và Y tế / Y tế / Dược phẩm / Dược phẩm,True,False,PARTIAL_PROVISIONAL_DATA,MISSING_FINANCE_DATA,Do not promote to stage_2+ until provisional or official finance data exists.
DPC,True,True,True,UPCoM,Công nghiệp / Hàng & Dịch vụ Công nghiệp / Hàng công nghiệp / Containers & Đóng gói,True,False,PARTIAL_PROVISIONAL_DATA,MISSING_FINANCE_DATA,Do not promote to stage_2+ until provisional or official finance data exists.
DPD,True,True,True,UPCoM,Nguyên vật liệu / Nguyên vật liệu / Hóa chất,False,False,INSUFFICIENT_DATA,MISSING_MARKET_DATA,Do not promote to stage_2+ until market data is present.
DPG,True,True,True,HOSE,Công nghiệp / Xây dựng và Vật liệu / Xây dựng và Vật liệu / Xây dựng,True,False,PARTIAL_PROVISIONAL_DATA,MISSING_FINANCE_DATA,Do not promote to stage_2+ until provisional or official finance data exists.
DPH,True,True,True,UPCoM,Dược phẩm và Y tế / Y tế / Dược phẩm / Dược phẩm,False,False,INSUFFICIENT_DATA,MISSING_MARKET_DATA,Do not promote to stage_2+ until market data is present.
DPM,True,True,True,HOSE,"Nguyên vật liệu / Hóa chất / Hóa chất / Sản phẩm hóa dầu, Nông dược & Hóa chất khác",True,False,PARTIAL_PROVISIONAL_DATA,MISSING_FINANCE_DATA,Do not promote to stage_2+ until provisional or official finance data exists.
DPP,True,True,True,UPCoM,Dược phẩm và Y tế / Y tế / Dược phẩm / Dược phẩm,False,False,INSUFFICIENT_DATA,MISSING_MARKET_DATA,Do not promote to stage_2+ until market data is present.
DPR,True,True,True,HOSE,"Nguyên vật liệu / Hóa chất / Hóa chất / Nhựa, cao su & sợi",True,False,PARTIAL_PROVISIONAL_DATA,MISSING_FINANCE_DATA,Do not promote to stage_2+ until provisional or official finance data exists.
DPS,True,True,True,UPCoM,Nguyên vật liệu / Tài nguyên Cơ bản / Kim loại / Thép và sản phẩm thép,False,False,INSUFFICIENT_DATA,MISSING_MARKET_DATA,Do not promote to stage_2+ until market data is present.
DQC,True,True,True,HOSE,Hàng Tiêu dùng / Hàng cá nhân & Gia dụng / Hàng gia dụng / Thiết bị gia dụng,True,False,PARTIAL_PROVISIONAL_DATA,MISSING_FINANCE_DATA,Do not promote to stage_2+ until provisional or official finance data exists.
DRC,True,True,True,HOSE,Hàng Tiêu dùng / Ô tô và phụ tùng / Ô tô và phụ tùng / Lốp xe,True,False,PARTIAL_PROVISIONAL_DATA,MISSING_FINANCE_DATA,Do not promote to stage_2+ until provisional or official finance data exists.
DRG,True,True,True,UPCoM,"Nguyên vật liệu / Hóa chất / Hóa chất / Nhựa, cao su & sợi",True,False,PARTIAL_PROVISIONAL_DATA,MISSING_FINANCE_DATA,Do not promote to stage_2+ until provisional or official finance data exists.
DRH,True,True,True,HOSE,Tài chính / Bất động sản / Bất động sản / Bất động sản,True,False,PARTIAL_PROVISIONAL_DATA,MISSING_FINANCE_DATA,Do not promote to stage_2+ until provisional or official finance data exists.
DRI,True,True,True,UPCoM,"Nguyên vật liệu / Hóa chất / Hóa chất / Nhựa, cao su & sợi",True,False,PARTIAL_PROVISIONAL_DATA,MISSING_FINANCE_DATA,Do not promote to stage_2+ until provisional or official finance data exists.
DRL,True,True,True,HOSE,"Tiện ích Cộng đồng / Điện, nước & xăng dầu khí đốt / Sản xuất & Phân phối Điện / Sản xuất & Phân phối Điện",True,False,PARTIAL_PROVISIONAL_DATA,MISSING_FINANCE_DATA,Do not promote to stage_2+ until provisional or official finance data exists.
DS3,True,True,True,HNX,"Công nghiệp / Hàng & Dịch vụ Công nghiệp / Vận tải / Kho bãi, hậu cần và bảo dưỡng",True,False,PARTIAL_PROVISIONAL_DATA,MISSING_FINANCE_DATA,Do not promote to stage_2+ until provisional or official finance data exists.
DSC,True,True,True,HOSE,Tài chính / Dịch vụ tài chính / Dịch vụ tài chính / Môi giới chứng khoán,True,False,PARTIAL_PROVISIONAL_DATA,MISSING_FINANCE_DATA,Do not promote to stage_2+ until provisional or official finance data exists.
DSD,True,True,True,UPCoM,Dịch vụ Tiêu dùng / Du lịch và Giải trí / Du lịch & Giải trí / Dịch vụ giải trí,False,False,INSUFFICIENT_DATA,MISSING_MARKET_DATA,Do not promote to stage_2+ until market data is present.
DSE,True,True,True,HOSE,Tài chính / Dịch vụ tài chính / Dịch vụ tài chính / Môi giới chứng khoán,False,False,INSUFFICIENT_DATA,MISSING_MARKET_DATA,Do not promote to stage_2+ until market data is present.
DSG,True,True,True,UPCoM,Công nghiệp / Xây dựng và Vật liệu / Xây dựng và Vật liệu / Vật liệu xây dựng & Nội thất,True,False,PARTIAL_PROVISIONAL_DATA,MISSING_FINANCE_DATA,Do not promote to stage_2+ until provisional or official finance data exists.
DSH,True,True,True,UPCoM,Công nghiệp / Xây dựng và Vật liệu / Xây dựng và Vật liệu / Xây dựng,False,False,INSUFFICIENT_DATA,MISSING_MARKET_DATA,Do not promote to stage_2+ until market data is present.
DSN,True,True,True,HOSE,Dịch vụ Tiêu dùng / Du lịch và Giải trí / Du lịch & Giải trí / Dịch vụ giải trí,True,False,PARTIAL_PROVISIONAL_DATA,MISSING_FINANCE_DATA,Do not promote to stage_2+ until provisional or official finance data exists.
DSP,True,True,True,UPCoM,Dịch vụ Tiêu dùng / Du lịch và Giải trí / Du lịch & Giải trí / Vận tải hành khách & Du lịch,False,False,INSUFFICIENT_DATA,MISSING_MARKET_DATA,Do not promote to stage_2+ until market data is present.
DST,True,True,True,HNX,"Dịch vụ Tiêu dùng / Truyền thông / Truyền thông / Sách, ấn bản & sản phẩm văn hóa",True,False,PARTIAL_PROVISIONAL_DATA,MISSING_FINANCE_DATA,Do not promote to stage_2+ until provisional or official finance data exists.
DSV,True,True,True,UPCoM,Công nghiệp / Hàng & Dịch vụ Công nghiệp / Vận tải / Đường sắt,True,False,PARTIAL_PROVISIONAL_DATA,MISSING_FINANCE_DATA,Do not promote to stage_2+ until provisional or official finance data exists.
DT4,True,True,True,UPCoM,"Công nghiệp / Hàng & Dịch vụ Công nghiệp / Vận tải / Kho bãi, hậu cần và bảo dưỡng",True,False,PARTIAL_PROVISIONAL_DATA,MISSING_FINANCE_DATA,Do not promote to stage_2+ until provisional or official finance data exists.
DTA,True,True,True,HOSE,Tài chính / Bất động sản / Bất động sản / Bất động sản,True,False,PARTIAL_PROVISIONAL_DATA,MISSING_FINANCE_DATA,Do not promote to stage_2+ until provisional or official finance data exists.
DTB,True,True,True,UPCoM,Công nghiệp / Hàng & Dịch vụ Công nghiệp / Tư vấn & Hỗ trợ Kinh doanh / Chất thải & Môi trường,True,False,PARTIAL_PROVISIONAL_DATA,MISSING_FINANCE_DATA,Do not promote to stage_2+ until provisional or official finance data exists.
DTC,True,True,True,UPCoM,Công nghiệp / Xây dựng và Vật liệu / Xây dựng và Vật liệu / Vật liệu xây dựng & Nội thất,True,False,PARTIAL_PROVISIONAL_DATA,MISSING_FINANCE_DATA,Do not promote to stage_2+ until provisional or official finance data exists.
DTD,True,True,True,HNX,Tài chính / Bất động sản / Bất động sản / Bất động sản,True,False,PARTIAL_PROVISIONAL_DATA,MISSING_FINANCE_DATA,Do not promote to stage_2+ until provisional or official finance data exists.
DTE,True,True,True,UPCoM,"Tiện ích Cộng đồng / Điện, nước & xăng dầu khí đốt / Sản xuất & Phân phối Điện / Sản xuất & Phân phối Điện",True,False,PARTIAL_PROVISIONAL_DATA,MISSING_FINANCE_DATA,Do not promote to stage_2+ until provisional or official finance data exists.
DTG,True,True,True,HNX,Dược phẩm và Y tế / Y tế / Dược phẩm / Dược phẩm,True,False,PARTIAL_PROVISIONAL_DATA,MISSING_FINANCE_DATA,Do not promote to stage_2+ until provisional or official finance data exists.
DTH,True,True,True,UPCoM,Dược phẩm và Y tế / Y tế / Thiết bị và Dịch vụ Y tế / Thiết bị y tế,True,False,PARTIAL_PROVISIONAL_DATA,MISSING_FINANCE_DATA,Do not promote to stage_2+ until provisional or official finance data exists.
DTI,True,True,True,UPCoM,Dịch vụ Tiêu dùng / Du lịch và Giải trí / Du lịch & Giải trí / Khách sạn,True,False,PARTIAL_PROVISIONAL_DATA,MISSING_FINANCE_DATA,Do not promote to stage_2+ until provisional or official finance data exists.
DTK,True,True,True,HNX,"Tiện ích Cộng đồng / Điện, nước & xăng dầu khí đốt / Sản xuất & Phân phối Điện / Sản xuất & Phân phối Điện",True,False,PARTIAL_PROVISIONAL_DATA,MISSING_FINANCE_DATA,Do not promote to stage_2+ until provisional or official finance data exists.
DTL,True,True,True,HOSE,Nguyên vật liệu / Tài nguyên Cơ bản / Kim loại / Thép và sản phẩm thép,True,False,PARTIAL_PROVISIONAL_DATA,MISSING_FINANCE_DATA,Do not promote to stage_2+ until provisional or official finance data exists.
DTP,True,True,True,UPCoM,Dược phẩm và Y tế / Y tế / Dược phẩm / Dược phẩm,True,False,PARTIAL_PROVISIONAL_DATA,MISSING_FINANCE_DATA,Do not promote to stage_2+ until provisional or official finance data exists.
DTT,True,True,True,HOSE,"Nguyên vật liệu / Hóa chất / Hóa chất / Nhựa, cao su & sợi",False,False,INSUFFICIENT_DATA,MISSING_MARKET_DATA,Do not promote to stage_2+ until market data is present.
DTV,True,True,True,UPCoM,"Tiện ích Cộng đồng / Điện, nước & xăng dầu khí đốt / Sản xuất & Phân phối Điện / Sản xuất & Phân phối Điện",True,False,PARTIAL_PROVISIONAL_DATA,MISSING_FINANCE_DATA,Do not promote to stage_2+ until provisional or official finance data exists.
DUS,True,True,True,UPCoM,Công nghiệp / Hàng & Dịch vụ Công nghiệp / Tư vấn & Hỗ trợ Kinh doanh / Chất thải & Môi trường,False,False,INSUFFICIENT_DATA,MISSING_MARKET_DATA,Do not promote to stage_2+ until market data is present.
DVC,True,True,True,UPCoM,"Tiện ích Cộng đồng / Điện, nước & xăng dầu khí đốt / Nước & Khí đốt / Phân phối xăng dầu & khí đốt",False,False,INSUFFICIENT_DATA,MISSING_MARKET_DATA,Do not promote to stage_2+ until market data is present.
DVG,True,True,True,UPCoM,Công nghiệp / Xây dựng và Vật liệu / Xây dựng và Vật liệu / Vật liệu xây dựng & Nội thất,True,False,PARTIAL_PROVISIONAL_DATA,MISSING_FINANCE_DATA,Do not promote to stage_2+ until provisional or official finance data exists.
DVM,True,True,True,HNX,Dược phẩm và Y tế / Y tế / Dược phẩm / Dược phẩm,True,False,PARTIAL_PROVISIONAL_DATA,MISSING_FINANCE_DATA,Do not promote to stage_2+ until provisional or official finance data exists.
DVN,True,True,True,UPCoM,Dược phẩm và Y tế / Y tế / Dược phẩm / Dược phẩm,True,False,PARTIAL_PROVISIONAL_DATA,MISSING_FINANCE_DATA,Do not promote to stage_2+ until provisional or official finance data exists.
DVP,True,True,True,HOSE,"Công nghiệp / Hàng & Dịch vụ Công nghiệp / Vận tải / Kho bãi, hậu cần và bảo dưỡng",True,False,PARTIAL_PROVISIONAL_DATA,MISSING_FINANCE_DATA,Do not promote to stage_2+ until provisional or official finance data exists.
DVT,True,True,True,UPCoM,Công nghiệp / Hàng & Dịch vụ Công nghiệp / Tư vấn & Hỗ trợ Kinh doanh / Đào tạo & Việc làm,False,False,INSUFFICIENT_DATA,MISSING_MARKET_DATA,Do not promote to stage_2+ until market data is present.
DVW,True,True,True,UPCoM,Công nghiệp / Xây dựng và Vật liệu / Xây dựng và Vật liệu / Xây dựng,False,False,INSUFFICIENT_DATA,MISSING_MARKET_DATA,Do not promote to stage_2+ until market data is present.
DWC,True,True,True,UPCoM,"Tiện ích Cộng đồng / Điện, nước & xăng dầu khí đốt / Nước & Khí đốt / Nước",False,False,INSUFFICIENT_DATA,MISSING_MARKET_DATA,Do not promote to stage_2+ until market data is present.
DWS,True,True,True,UPCoM,"Tiện ích Cộng đồng / Điện, nước & xăng dầu khí đốt / Nước & Khí đốt / Nước",False,False,INSUFFICIENT_DATA,MISSING_MARKET_DATA,Do not promote to stage_2+ until market data is present.
DX2,True,True,True,UPCoM,Công nghiệp / Xây dựng và Vật liệu / Xây dựng và Vật liệu / Xây dựng,True,False,PARTIAL_PROVISIONAL_DATA,MISSING_FINANCE_DATA,Do not promote to stage_2+ until provisional or official finance data exists.
DXG,True,True,True,HOSE,Tài chính / Bất động sản / Bất động sản / Bất động sản,True,False,PARTIAL_PROVISIONAL_DATA,MISSING_FINANCE_DATA,Do not promote to stage_2+ until provisional or official finance data exists.
DXL,True,True,True,UPCoM,Dịch vụ Tiêu dùng / Du lịch và Giải trí / Du lịch & Giải trí / Khách sạn,False,False,INSUFFICIENT_DATA,MISSING_MARKET_DATA,Do not promote to stage_2+ until market data is present.
DXP,True,True,True,HNX,"Công nghiệp / Hàng & Dịch vụ Công nghiệp / Vận tải / Kho bãi, hậu cần và bảo dưỡng",True,False,PARTIAL_PROVISIONAL_DATA,MISSING_FINANCE_DATA,Do not promote to stage_2+ until provisional or official finance data exists.
DXS,True,True,True,HOSE,"Tài chính / Bất động sản / Bất động sản / Tư Vấn, Định giá, Môi giới Bất động sản",True,False,PARTIAL_PROVISIONAL_DATA,MISSING_FINANCE_DATA,Do not promote to stage_2+ until provisional or official finance data exists.
DXV,True,True,True,HOSE,Công nghiệp / Xây dựng và Vật liệu / Xây dựng và Vật liệu / Vật liệu xây dựng & Nội thất,True,False,PARTIAL_PROVISIONAL_DATA,MISSING_FINANCE_DATA,Do not promote to stage_2+ until provisional or official finance data exists.
DZM,True,True,True,UPCoM,Công nghiệp / Hàng & Dịch vụ Công nghiệp / Công nghiệp nặng / Máy công nghiệp,False,False,INSUFFICIENT_DATA,MISSING_MARKET_DATA,Do not promote to stage_2+ until market data is present.
E12,True,True,True,UPCoM,Công nghiệp / Xây dựng và Vật liệu / Xây dựng và Vật liệu / Xây dựng,True,False,PARTIAL_PROVISIONAL_DATA,MISSING_FINANCE_DATA,Do not promote to stage_2+ until provisional or official finance data exists.
E29,True,True,True,UPCoM,Công nghiệp / Xây dựng và Vật liệu / Xây dựng và Vật liệu / Xây dựng,False,False,INSUFFICIENT_DATA,MISSING_MARKET_DATA,Do not promote to stage_2+ until market data is present.
EAD,True,True,True,UPCoM,"Tiện ích Cộng đồng / Điện, nước & xăng dầu khí đốt / Sản xuất & Phân phối Điện / Sản xuất & Phân phối Điện",True,False,PARTIAL_PROVISIONAL_DATA,MISSING_FINANCE_DATA,Do not promote to stage_2+ until provisional or official finance data exists.
EBS,True,True,True,HNX,"Dịch vụ Tiêu dùng / Truyền thông / Truyền thông / Sách, ấn bản & sản phẩm văn hóa",True,False,PARTIAL_PROVISIONAL_DATA,MISSING_FINANCE_DATA,Do not promote to stage_2+ until provisional or official finance data exists.
ECI,True,True,True,HNX,"Dịch vụ Tiêu dùng / Truyền thông / Truyền thông / Sách, ấn bản & sản phẩm văn hóa",False,False,INSUFFICIENT_DATA,MISSING_MARKET_DATA,Do not promote to stage_2+ until market data is present.
ECO,True,True,True,UPCoM,"Nguyên vật liệu / Hóa chất / Hóa chất / Nhựa, cao su & sợi",False,False,INSUFFICIENT_DATA,MISSING_MARKET_DATA,Do not promote to stage_2+ until market data is present.
EFI,True,True,True,UPCoM,Tài chính / Bất động sản / Bất động sản / Bất động sản,True,False,PARTIAL_PROVISIONAL_DATA,MISSING_FINANCE_DATA,Do not promote to stage_2+ until provisional or official finance data exists.
EGL,True,True,True,UPCoM,Công nghiệp / Hàng & Dịch vụ Công nghiệp / Tư vấn & Hỗ trợ Kinh doanh / Chất thải & Môi trường,False,False,INSUFFICIENT_DATA,MISSING_MARKET_DATA,Do not promote to stage_2+ until market data is present.
EIB,True,True,True,HOSE,Ngân hàng / Ngân hàng / Ngân hàng / Ngân hàng,True,False,PARTIAL_PROVISIONAL_DATA,MISSING_FINANCE_DATA,Do not promote to stage_2+ until provisional or official finance data exists.
EIC,True,True,True,UPCoM,Công nghiệp / Xây dựng và Vật liệu / Xây dựng và Vật liệu / Xây dựng,True,False,PARTIAL_PROVISIONAL_DATA,MISSING_FINANCE_DATA,Do not promote to stage_2+ until provisional or official finance data exists.
EID,True,True,True,HNX,"Dịch vụ Tiêu dùng / Truyền thông / Truyền thông / Sách, ấn bản & sản phẩm văn hóa",True,False,PARTIAL_PROVISIONAL_DATA,MISSING_FINANCE_DATA,Do not promote to stage_2+ until provisional or official finance data exists.
EIN,True,True,True,UPCoM,Dịch vụ Tiêu dùng / Du lịch và Giải trí / Du lịch & Giải trí / Khách sạn,True,False,PARTIAL_PROVISIONAL_DATA,MISSING_FINANCE_DATA,Do not promote to stage_2+ until provisional or official finance data exists.
ELC,True,True,True,HOSE,Công nghệ Thông tin / Công nghệ Thông tin / Thiết bị và Phần cứng / Thiết bị viễn thông,True,False,PARTIAL_PROVISIONAL_DATA,MISSING_FINANCE_DATA,Do not promote to stage_2+ until provisional or official finance data exists.
EMC,True,True,True,HOSE,Công nghiệp / Hàng & Dịch vụ Công nghiệp / Điện tử & Thiết bị điện / Thiết bị điện,True,False,PARTIAL_PROVISIONAL_DATA,MISSING_FINANCE_DATA,Do not promote to stage_2+ until provisional or official finance data exists.
EME,True,True,True,UPCoM,Công nghiệp / Hàng & Dịch vụ Công nghiệp / Điện tử & Thiết bị điện / Thiết bị điện,False,False,INSUFFICIENT_DATA,MISSING_MARKET_DATA,Do not promote to stage_2+ until market data is present.
EMG,True,True,True,UPCoM,Công nghiệp / Hàng & Dịch vụ Công nghiệp / Điện tử & Thiết bị điện / Thiết bị điện,False,False,INSUFFICIENT_DATA,MISSING_MARKET_DATA,Do not promote to stage_2+ until market data is present.
EMS,True,True,True,UPCoM,Công nghiệp / Hàng & Dịch vụ Công nghiệp / Vận tải / Chuyển phát nhanh,True,False,PARTIAL_PROVISIONAL_DATA,MISSING_FINANCE_DATA,Do not promote to stage_2+ until provisional or official finance data exists.
EPC,True,True,True,UPCoM,Hàng Tiêu dùng / Thực phẩm và đồ uống / Bia và đồ uống / Đồ uống & giải khát,True,False,PARTIAL_PROVISIONAL_DATA,MISSING_FINANCE_DATA,Do not promote to stage_2+ until provisional or official finance data exists.
EPH,True,True,True,UPCoM,"Dịch vụ Tiêu dùng / Truyền thông / Truyền thông / Sách, ấn bản & sản phẩm văn hóa",True,False,PARTIAL_PROVISIONAL_DATA,MISSING_FINANCE_DATA,Do not promote to stage_2+ until provisional or official finance data exists.
EVE,True,True,True,HOSE,Hàng Tiêu dùng / Hàng cá nhân & Gia dụng / Hàng cá nhân / Hàng May mặc,True,False,PARTIAL_PROVISIONAL_DATA,MISSING_FINANCE_DATA,Do not promote to stage_2+ until provisional or official finance data exists.
EVF,True,True,True,HOSE,Tài chính / Dịch vụ tài chính / Dịch vụ tài chính / Tài chính cá nhân,True,False,PARTIAL_PROVISIONAL_DATA,MISSING_FINANCE_DATA,Do not promote to stage_2+ until provisional or official finance data exists.
EVG,True,True,True,HOSE,Công nghiệp / Xây dựng và Vật liệu / Xây dựng và Vật liệu / Xây dựng,True,False,PARTIAL_PROVISIONAL_DATA,MISSING_FINANCE_DATA,Do not promote to stage_2+ until provisional or official finance data exists.
EVS,True,True,True,HNX,Tài chính / Dịch vụ tài chính / Dịch vụ tài chính / Môi giới chứng khoán,True,False,PARTIAL_PROVISIONAL_DATA,MISSING_FINANCE_DATA,Do not promote to stage_2+ until provisional or official finance data exists.
F88,True,True,True,UPCoM,Tài chính / Dịch vụ tài chính / Dịch vụ tài chính / Tài chính cá nhân,False,False,INSUFFICIENT_DATA,MISSING_MARKET_DATA,Do not promote to stage_2+ until market data is present.
FBA,True,True,True,HOSE,Hàng Tiêu dùng / Hàng cá nhân & Gia dụng / Hàng gia dụng / Thiết bị gia dụng,False,False,INSUFFICIENT_DATA,MISSING_MARKET_DATA,Do not promote to stage_2+ until market data is present.
FBC,True,True,True,UPCoM,Công nghiệp / Hàng & Dịch vụ Công nghiệp / Công nghiệp nặng / Máy công nghiệp,False,False,INSUFFICIENT_DATA,MISSING_MARKET_DATA,Do not promote to stage_2+ until market data is present.
FCC,True,True,True,UPCoM,Tài chính / Bất động sản / Bất động sản / Bất động sản,False,False,INSUFFICIENT_DATA,MISSING_MARKET_DATA,Do not promote to stage_2+ until market data is present.
FCM,True,True,True,HOSE,Công nghiệp / Xây dựng và Vật liệu / Xây dựng và Vật liệu / Vật liệu xây dựng & Nội thất,True,False,PARTIAL_PROVISIONAL_DATA,MISSING_FINANCE_DATA,Do not promote to stage_2+ until provisional or official finance data exists.
FCN,True,True,True,HOSE,Công nghiệp / Xây dựng và Vật liệu / Xây dựng và Vật liệu / Xây dựng,True,False,PARTIAL_PROVISIONAL_DATA,MISSING_FINANCE_DATA,Do not promote to stage_2+ until provisional or official finance data exists.
FCS,True,True,True,UPCoM,Hàng Tiêu dùng / Thực phẩm và đồ uống / Sản xuất thực phẩm / Thực phẩm,False,False,INSUFFICIENT_DATA,MISSING_MARKET_DATA,Do not promote to stage_2+ until market data is present.
FDC,True,True,True,HOSE,Tài chính / Bất động sản / Bất động sản / Bất động sản,True,False,PARTIAL_PROVISIONAL_DATA,MISSING_FINANCE_DATA,Do not promote to stage_2+ until provisional or official finance data exists.
FDG,True,True,True,UPCoM,Hàng Tiêu dùng / Thực phẩm và đồ uống / Sản xuất thực phẩm / Nuôi trồng nông & hải sản,True,False,PARTIAL_PROVISIONAL_DATA,MISSING_FINANCE_DATA,Do not promote to stage_2+ until provisional or official finance data exists.
FGL,True,True,True,UPCoM,Hàng Tiêu dùng / Thực phẩm và đồ uống / Bia và đồ uống / Đồ uống & giải khát,False,False,INSUFFICIENT_DATA,MISSING_MARKET_DATA,Do not promote to stage_2+ until market data is present.
FHN,True,True,True,UPCoM,Dịch vụ Tiêu dùng / Bán lẻ / Phân phối thực phẩm & dược phẩm / Phân phối thực phẩm,False,False,INSUFFICIENT_DATA,MISSING_MARKET_DATA,Do not promote to stage_2+ until market data is present.
FHS,True,True,True,UPCoM,"Dịch vụ Tiêu dùng / Truyền thông / Truyền thông / Sách, ấn bản & sản phẩm văn hóa",True,False,PARTIAL_PROVISIONAL_DATA,MISSING_FINANCE_DATA,Do not promote to stage_2+ until provisional or official finance data exists.
FIC,True,True,True,UPCoM,Công nghiệp / Xây dựng và Vật liệu / Xây dựng và Vật liệu / Vật liệu xây dựng & Nội thất,True,False,PARTIAL_PROVISIONAL_DATA,MISSING_FINANCE_DATA,Do not promote to stage_2+ until provisional or official finance data exists.
FID,True,True,True,HNX,Công nghiệp / Xây dựng và Vật liệu / Xây dựng và Vật liệu / Vật liệu xây dựng & Nội thất,True,False,PARTIAL_PROVISIONAL_DATA,MISSING_FINANCE_DATA,Do not promote to stage_2+ until provisional or official finance data exists.
FIR,True,True,True,HOSE,Tài chính / Bất động sản / Bất động sản / Bất động sản,True,False,PARTIAL_PROVISIONAL_DATA,MISSING_FINANCE_DATA,Do not promote to stage_2+ until provisional or official finance data exists.
FIT,True,True,True,HOSE,Dược phẩm và Y tế / Y tế / Dược phẩm / Dược phẩm,True,False,PARTIAL_PROVISIONAL_DATA,MISSING_FINANCE_DATA,Do not promote to stage_2+ until provisional or official finance data exists.
FLC,True,True,True,UPCoM,Tài chính / Bất động sản / Bất động sản / Bất động sản,False,False,INSUFFICIENT_DATA,MISSING_MARKET_DATA,Do not promote to stage_2+ until market data is present.
FMC,True,True,True,HOSE,Hàng Tiêu dùng / Thực phẩm và đồ uống / Sản xuất thực phẩm / Nuôi trồng nông & hải sản,True,False,PARTIAL_PROVISIONAL_DATA,MISSING_FINANCE_DATA,Do not promote to stage_2+ until provisional or official finance data exists.
FOC,True,True,True,UPCoM,Dịch vụ Tiêu dùng / Truyền thông / Truyền thông / Dịch vụ truyền thông,True,False,PARTIAL_PROVISIONAL_DATA,MISSING_FINANCE_DATA,Do not promote to stage_2+ until provisional or official finance data exists.
FOX,True,True,True,UPCoM,Viễn thông / Viễn thông / Viễn thông cố định / Viễn thông cố định,True,False,PARTIAL_PROVISIONAL_DATA,MISSING_FINANCE_DATA,Do not promote to stage_2+ until provisional or official finance data exists.
FPT,True,True,True,HOSE,Công nghệ Thông tin / Công nghệ Thông tin / Phần mềm & Dịch vụ Máy tính / Phần mềm,True,False,PARTIAL_PROVISIONAL_DATA,MISSING_FINANCE_DATA,Do not promote to stage_2+ until provisional or official finance data exists.
FRC,True,True,True,UPCoM,Nguyên vật liệu / Tài nguyên Cơ bản / Lâm nghiệp và Giấy / Lâm sản và Chế biến gỗ,True,False,PARTIAL_PROVISIONAL_DATA,MISSING_FINANCE_DATA,Do not promote to stage_2+ until provisional or official finance data exists.
FRM,True,True,True,UPCoM,Nguyên vật liệu / Tài nguyên Cơ bản / Lâm nghiệp và Giấy / Lâm sản và Chế biến gỗ,True,False,PARTIAL_PROVISIONAL_DATA,MISSING_FINANCE_DATA,Do not promote to stage_2+ until provisional or official finance data exists.
FRT,True,True,True,HOSE,Dịch vụ Tiêu dùng / Bán lẻ / Bán lẻ / Phân phối hàng chuyên dụng,True,False,PARTIAL_PROVISIONAL_DATA,MISSING_FINANCE_DATA,Do not promote to stage_2+ until provisional or official finance data exists.
FSO,True,True,True,UPCoM,Công nghiệp / Hàng & Dịch vụ Công nghiệp / Công nghiệp nặng / Xe tải & Đóng tàu,True,False,PARTIAL_PROVISIONAL_DATA,MISSING_FINANCE_DATA,Do not promote to stage_2+ until provisional or official finance data exists.
FT1,True,True,True,UPCoM,Công nghiệp / Hàng & Dịch vụ Công nghiệp / Công nghiệp nặng / Máy công nghiệp,True,False,PARTIAL_PROVISIONAL_DATA,MISSING_FINANCE_DATA,Do not promote to stage_2+ until provisional or official finance data exists.
FTI,True,True,True,UPCoM,Hàng Tiêu dùng / Ô tô và phụ tùng / Ô tô và phụ tùng / Phụ tùng ô tô,False,False,INSUFFICIENT_DATA,MISSING_MARKET_DATA,Do not promote to stage_2+ until market data is present.
FTM,True,True,True,UPCoM,Hàng Tiêu dùng / Hàng cá nhân & Gia dụng / Hàng cá nhân / Hàng May mặc,True,False,PARTIAL_PROVISIONAL_DATA,MISSING_FINANCE_DATA,Do not promote to stage_2+ until provisional or official finance data exists.
FTS,True,True,True,HOSE,Tài chính / Dịch vụ tài chính / Dịch vụ tài chính / Môi giới chứng khoán,True,False,PARTIAL_PROVISIONAL_DATA,MISSING_FINANCE_DATA,Do not promote to stage_2+ until provisional or official finance data exists.
G20,True,True,True,UPCoM,Hàng Tiêu dùng / Hàng cá nhân & Gia dụng / Hàng cá nhân / Hàng May mặc,True,False,PARTIAL_PROVISIONAL_DATA,MISSING_FINANCE_DATA,Do not promote to stage_2+ until provisional or official finance data exists.
G36,True,True,True,UPCoM,Công nghiệp / Xây dựng và Vật liệu / Xây dựng và Vật liệu / Xây dựng,True,False,PARTIAL_PROVISIONAL_DATA,MISSING_FINANCE_DATA,Do not promote to stage_2+ until provisional or official finance data exists.
GAB,True,True,True,UPCoM,Công nghiệp / Xây dựng và Vật liệu / Xây dựng và Vật liệu / Vật liệu xây dựng & Nội thất,False,False,INSUFFICIENT_DATA,MISSING_MARKET_DATA,Do not promote to stage_2+ until market data is present.
GAS,True,True,True,HOSE,"Tiện ích Cộng đồng / Điện, nước & xăng dầu khí đốt / Nước & Khí đốt / Phân phối xăng dầu & khí đốt",True,False,PARTIAL_PROVISIONAL_DATA,MISSING_FINANCE_DATA,Do not promote to stage_2+ until provisional or official finance data exists.
GCB,True,True,True,UPCoM,"Tiện ích Cộng đồng / Điện, nước & xăng dầu khí đốt / Nước & Khí đốt / Phân phối xăng dầu & khí đốt",True,False,PARTIAL_PROVISIONAL_DATA,MISSING_FINANCE_DATA,Do not promote to stage_2+ until provisional or official finance data exists.
GCF,True,True,True,UPCoM,Hàng Tiêu dùng / Thực phẩm và đồ uống / Sản xuất thực phẩm / Thực phẩm,True,False,PARTIAL_PROVISIONAL_DATA,MISSING_FINANCE_DATA,Do not promote to stage_2+ until provisional or official finance data exists.
GDA,True,True,True,UPCoM,Nguyên vật liệu / Tài nguyên Cơ bản / Kim loại / Thép và sản phẩm thép,True,False,PARTIAL_PROVISIONAL_DATA,MISSING_FINANCE_DATA,Do not promote to stage_2+ until provisional or official finance data exists.
GDH,True,True,True,UPCoM,Công nghiệp / Xây dựng và Vật liệu / Xây dựng và Vật liệu / Xây dựng,False,False,INSUFFICIENT_DATA,MISSING_MARKET_DATA,Do not promote to stage_2+ until market data is present.
GDT,True,True,True,HOSE,Hàng Tiêu dùng / Hàng cá nhân & Gia dụng / Hàng gia dụng / Thiết bị gia dụng,True,False,PARTIAL_PROVISIONAL_DATA,MISSING_FINANCE_DATA,Do not promote to stage_2+ until provisional or official finance data exists.
GDW,True,True,True,HNX,"Tiện ích Cộng đồng / Điện, nước & xăng dầu khí đốt / Nước & Khí đốt / Nước",False,False,INSUFFICIENT_DATA,MISSING_MARKET_DATA,Do not promote to stage_2+ until market data is present.
GE2,True,True,True,UPCoM,"Tiện ích Cộng đồng / Điện, nước & xăng dầu khí đốt / Sản xuất & Phân phối Điện / Sản xuất & Phân phối Điện",True,False,PARTIAL_PROVISIONAL_DATA,MISSING_FINANCE_DATA,Do not promote to stage_2+ until provisional or official finance data exists.
GEE,True,True,True,HOSE,Công nghiệp / Hàng & Dịch vụ Công nghiệp / Điện tử & Thiết bị điện / Thiết bị điện,True,False,PARTIAL_PROVISIONAL_DATA,MISSING_FINANCE_DATA,Do not promote to stage_2+ until provisional or official finance data exists.
GEG,True,True,True,HOSE,"Tiện ích Cộng đồng / Điện, nước & xăng dầu khí đốt / Sản xuất & Phân phối Điện / Sản xuất & Phân phối Điện",True,False,PARTIAL_PROVISIONAL_DATA,MISSING_FINANCE_DATA,Do not promote to stage_2+ until provisional or official finance data exists.
GEL,True,True,True,HOSE,Công nghiệp / Xây dựng và Vật liệu / Xây dựng và Vật liệu / Vật liệu xây dựng & Nội thất,False,False,INSUFFICIENT_DATA,MISSING_MARKET_DATA,Do not promote to stage_2+ until market data is present.
GER,True,True,True,UPCoM,"Nguyên vật liệu / Hóa chất / Hóa chất / Nhựa, cao su & sợi",False,False,INSUFFICIENT_DATA,MISSING_MARKET_DATA,Do not promote to stage_2+ until market data is present.
GEX,True,True,True,HOSE,Công nghiệp / Hàng & Dịch vụ Công nghiệp / Điện tử & Thiết bị điện / Thiết bị điện,True,False,PARTIAL_PROVISIONAL_DATA,MISSING_FINANCE_DATA,Do not promote to stage_2+ until provisional or official finance data exists.
GGG,True,True,True,UPCoM,Hàng Tiêu dùng / Ô tô và phụ tùng / Ô tô và phụ tùng / Sản xuất ô tô,True,False,PARTIAL_PROVISIONAL_DATA,MISSING_FINANCE_DATA,Do not promote to stage_2+ until provisional or official finance data exists.
GH3,True,True,True,UPCoM,Công nghiệp / Xây dựng và Vật liệu / Xây dựng và Vật liệu / Xây dựng,False,False,INSUFFICIENT_DATA,MISSING_MARKET_DATA,Do not promote to stage_2+ until market data is present.
GHC,True,True,True,HOSE,"Tiện ích Cộng đồng / Điện, nước & xăng dầu khí đốt / Sản xuất & Phân phối Điện / Sản xuất & Phân phối Điện",True,False,PARTIAL_PROVISIONAL_DATA,MISSING_FINANCE_DATA,Do not promote to stage_2+ until provisional or official finance data exists.
GIC,True,True,True,HNX,"Công nghiệp / Hàng & Dịch vụ Công nghiệp / Vận tải / Kho bãi, hậu cần và bảo dưỡng",True,False,PARTIAL_PROVISIONAL_DATA,MISSING_FINANCE_DATA,Do not promote to stage_2+ until provisional or official finance data exists.
GIL,True,True,True,HOSE,Hàng Tiêu dùng / Hàng cá nhân & Gia dụng / Hàng cá nhân / Hàng May mặc,True,False,PARTIAL_PROVISIONAL_DATA,MISSING_FINANCE_DATA,Do not promote to stage_2+ until provisional or official finance data exists.
GKM,True,True,True,HNX,Công nghiệp / Xây dựng và Vật liệu / Xây dựng và Vật liệu / Vật liệu xây dựng & Nội thất,True,False,PARTIAL_PROVISIONAL_DATA,MISSING_FINANCE_DATA,Do not promote to stage_2+ until provisional or official finance data exists.
GLC,True,True,True,UPCoM,Nguyên vật liệu / Tài nguyên Cơ bản / Khai khoáng / Khai thác vàng,False,False,INSUFFICIENT_DATA,MISSING_MARKET_DATA,Do not promote to stage_2+ until market data is present.
GLT,True,True,True,HNX,Hàng Tiêu dùng / Hàng cá nhân & Gia dụng / Hàng hóa giải trí / Điện tử tiêu dùng,True,False,PARTIAL_PROVISIONAL_DATA,MISSING_FINANCE_DATA,Do not promote to stage_2+ until provisional or official finance data exists.
GLW,True,True,True,UPCoM,"Tiện ích Cộng đồng / Điện, nước & xăng dầu khí đốt / Nước & Khí đốt / Nước",False,False,INSUFFICIENT_DATA,MISSING_MARKET_DATA,Do not promote to stage_2+ until market data is present.
GMA,True,True,True,HNX,Hàng Tiêu dùng / Ô tô và phụ tùng / Ô tô và phụ tùng / Sản xuất ô tô,False,False,INSUFFICIENT_DATA,MISSING_MARKET_DATA,Do not promote to stage_2+ until market data is present.
GMC,True,True,True,UPCoM,Hàng Tiêu dùng / Hàng cá nhân & Gia dụng / Hàng cá nhân / Hàng May mặc,True,False,PARTIAL_PROVISIONAL_DATA,MISSING_FINANCE_DATA,Do not promote to stage_2+ until provisional or official finance data exists.
GMD,True,True,True,HOSE,"Công nghiệp / Hàng & Dịch vụ Công nghiệp / Vận tải / Kho bãi, hậu cần và bảo dưỡng",True,False,PARTIAL_PROVISIONAL_DATA,MISSING_FINANCE_DATA,Do not promote to stage_2+ until provisional or official finance data exists.
GMH,True,True,True,HOSE,Công nghiệp / Xây dựng và Vật liệu / Xây dựng và Vật liệu / Vật liệu xây dựng & Nội thất,True,False,PARTIAL_PROVISIONAL_DATA,MISSING_FINANCE_DATA,Do not promote to stage_2+ until provisional or official finance data exists.
GMX,True,True,True,HNX,Công nghiệp / Xây dựng và Vật liệu / Xây dựng và Vật liệu / Vật liệu xây dựng & Nội thất,True,False,PARTIAL_PROVISIONAL_DATA,MISSING_FINANCE_DATA,Do not promote to stage_2+ until provisional or official finance data exists.
GND,True,True,True,UPCoM,Công nghiệp / Xây dựng và Vật liệu / Xây dựng và Vật liệu / Vật liệu xây dựng & Nội thất,True,False,PARTIAL_PROVISIONAL_DATA,MISSING_FINANCE_DATA,Do not promote to stage_2+ until provisional or official finance data exists.
GPC,True,True,True,UPCoM,Dược phẩm và Y tế / Y tế / Dược phẩm / Dược phẩm,True,False,PARTIAL_PROVISIONAL_DATA,MISSING_FINANCE_DATA,Do not promote to stage_2+ until provisional or official finance data exists.
GQN,True,True,True,UPCoM,Hàng Tiêu dùng / Thực phẩm và đồ uống / Sản xuất thực phẩm / Nuôi trồng nông & hải sản,False,False,INSUFFICIENT_DATA,MISSING_MARKET_DATA,Do not promote to stage_2+ until market data is present.
GSM,True,True,True,UPCoM,"Tiện ích Cộng đồng / Điện, nước & xăng dầu khí đốt / Sản xuất & Phân phối Điện / Sản xuất & Phân phối Điện",True,False,PARTIAL_PROVISIONAL_DATA,MISSING_FINANCE_DATA,Do not promote to stage_2+ until provisional or official finance data exists.
GSP,True,True,True,HOSE,Công nghiệp / Hàng & Dịch vụ Công nghiệp / Vận tải / Vận tải Thủy,True,False,PARTIAL_PROVISIONAL_DATA,MISSING_FINANCE_DATA,Do not promote to stage_2+ until provisional or official finance data exists.
GTA,True,True,True,HOSE,Nguyên vật liệu / Tài nguyên Cơ bản / Lâm nghiệp và Giấy / Lâm sản và Chế biến gỗ,True,False,PARTIAL_PROVISIONAL_DATA,MISSING_FINANCE_DATA,Do not promote to stage_2+ until provisional or official finance data exists.
GTD,True,True,True,UPCoM,Hàng Tiêu dùng / Hàng cá nhân & Gia dụng / Hàng cá nhân / Giầy dép,False,False,INSUFFICIENT_DATA,MISSING_MARKET_DATA,Do not promote to stage_2+ until market data is present.
GTH,True,True,True,UPCoM,Công nghiệp / Xây dựng và Vật liệu / Xây dựng và Vật liệu / Xây dựng,True,False,PARTIAL_PROVISIONAL_DATA,MISSING_FINANCE_DATA,Do not promote to stage_2+ until provisional or official finance data exists.
GTK,True,True,True,UPCoM,Hàng Tiêu dùng / Hàng cá nhân & Gia dụng / Hàng cá nhân / Giầy dép,False,False,INSUFFICIENT_DATA,MISSING_MARKET_DATA,Do not promote to stage_2+ until market data is present.
GTS,True,True,True,UPCoM,Công nghiệp / Xây dựng và Vật liệu / Xây dựng và Vật liệu / Xây dựng,True,False,PARTIAL_PROVISIONAL_DATA,MISSING_FINANCE_DATA,Do not promote to stage_2+ until provisional or official finance data exists.
GTT,True,True,True,HOSE,Dịch vụ Tiêu dùng / Du lịch và Giải trí / Du lịch & Giải trí / Dịch vụ giải trí,False,False,INSUFFICIENT_DATA,MISSING_MARKET_DATA,Do not promote to stage_2+ until market data is present.
GVR,True,True,True,HOSE,"Nguyên vật liệu / Hóa chất / Hóa chất / Nhựa, cao su & sợi",True,False,PARTIAL_PROVISIONAL_DATA,MISSING_FINANCE_DATA,Do not promote to stage_2+ until provisional or official finance data exists.
GVT,True,True,True,UPCoM,Nguyên vật liệu / Tài nguyên Cơ bản / Lâm nghiệp và Giấy / Sản xuất giấy,True,False,PARTIAL_PROVISIONAL_DATA,MISSING_FINANCE_DATA,Do not promote to stage_2+ until provisional or official finance data exists.
H11,True,True,True,UPCoM,Công nghiệp / Xây dựng và Vật liệu / Xây dựng và Vật liệu / Xây dựng,True,False,PARTIAL_PROVISIONAL_DATA,MISSING_FINANCE_DATA,Do not promote to stage_2+ until provisional or official finance data exists.
HAB,True,True,True,UPCoM,"Dịch vụ Tiêu dùng / Truyền thông / Truyền thông / Sách, ấn bản & sản phẩm văn hóa",False,False,INSUFFICIENT_DATA,MISSING_MARKET_DATA,Do not promote to stage_2+ until market data is present.
HAC,True,True,True,UPCoM,Tài chính / Dịch vụ tài chính / Dịch vụ tài chính / Môi giới chứng khoán,True,False,PARTIAL_PROVISIONAL_DATA,MISSING_FINANCE_DATA,Do not promote to stage_2+ until provisional or official finance data exists.
HAD,True,True,True,HNX,Hàng Tiêu dùng / Thực phẩm và đồ uống / Bia và đồ uống / Sản xuất bia,True,False,PARTIAL_PROVISIONAL_DATA,MISSING_FINANCE_DATA,Do not promote to stage_2+ until provisional or official finance data exists.
HAF,True,True,True,UPCoM,Hàng Tiêu dùng / Thực phẩm và đồ uống / Sản xuất thực phẩm / Thực phẩm,True,False,PARTIAL_PROVISIONAL_DATA,MISSING_FINANCE_DATA,Do not promote to stage_2+ until provisional or official finance data exists.
HAG,True,True,True,HOSE,Hàng Tiêu dùng / Thực phẩm và đồ uống / Sản xuất thực phẩm / Nuôi trồng nông & hải sản,True,False,PARTIAL_PROVISIONAL_DATA,MISSING_FINANCE_DATA,Do not promote to stage_2+ until provisional or official finance data exists.
HAH,True,True,True,HOSE,"Công nghiệp / Hàng & Dịch vụ Công nghiệp / Vận tải / Kho bãi, hậu cần và bảo dưỡng",True,False,PARTIAL_PROVISIONAL_DATA,MISSING_FINANCE_DATA,Do not promote to stage_2+ until provisional or official finance data exists.
HAI,True,True,True,UPCoM,"Nguyên vật liệu / Hóa chất / Hóa chất / Sản phẩm hóa dầu, Nông dược & Hóa chất khác",False,False,INSUFFICIENT_DATA,MISSING_MARKET_DATA,Do not promote to stage_2+ until market data is present.
HAM,True,True,True,UPCoM,Công nghiệp / Xây dựng và Vật liệu / Xây dựng và Vật liệu / Vật liệu xây dựng & Nội thất,True,False,PARTIAL_PROVISIONAL_DATA,MISSING_FINANCE_DATA,Do not promote to stage_2+ until provisional or official finance data exists.
HAN,True,True,True,UPCoM,Công nghiệp / Xây dựng và Vật liệu / Xây dựng và Vật liệu / Xây dựng,True,False,PARTIAL_PROVISIONAL_DATA,MISSING_FINANCE_DATA,Do not promote to stage_2+ until provisional or official finance data exists.
HAP,True,True,True,HOSE,Nguyên vật liệu / Tài nguyên Cơ bản / Lâm nghiệp và Giấy / Sản xuất giấy,True,False,PARTIAL_PROVISIONAL_DATA,MISSING_FINANCE_DATA,Do not promote to stage_2+ until provisional or official finance data exists.
HAR,True,True,True,HOSE,Tài chính / Bất động sản / Bất động sản / Bất động sản,True,False,PARTIAL_PROVISIONAL_DATA,MISSING_FINANCE_DATA,Do not promote to stage_2+ until provisional or official finance data exists.
HAS,True,True,True,HOSE,Công nghiệp / Xây dựng và Vật liệu / Xây dựng và Vật liệu / Xây dựng,True,False,PARTIAL_PROVISIONAL_DATA,MISSING_FINANCE_DATA,Do not promote to stage_2+ until provisional or official finance data exists.
HAT,True,True,True,HNX,Hàng Tiêu dùng / Thực phẩm và đồ uống / Bia và đồ uống / Sản xuất bia,True,False,PARTIAL_PROVISIONAL_DATA,MISSING_FINANCE_DATA,Do not promote to stage_2+ until provisional or official finance data exists.
HAV,True,True,True,UPCoM,Hàng Tiêu dùng / Thực phẩm và đồ uống / Bia và đồ uống / Vang & Rượu mạnh,True,False,PARTIAL_PROVISIONAL_DATA,MISSING_FINANCE_DATA,Do not promote to stage_2+ until provisional or official finance data exists.
HAW,True,True,True,UPCoM,Công nghiệp / Hàng & Dịch vụ Công nghiệp / Tư vấn & Hỗ trợ Kinh doanh / Chất thải & Môi trường,False,False,INSUFFICIENT_DATA,MISSING_MARKET_DATA,Do not promote to stage_2+ until market data is present.
HAX,True,True,True,HOSE,Hàng Tiêu dùng / Ô tô và phụ tùng / Ô tô và phụ tùng / Sản xuất ô tô,True,False,PARTIAL_PROVISIONAL_DATA,MISSING_FINANCE_DATA,Do not promote to stage_2+ until provisional or official finance data exists.
HBC,True,True,True,UPCoM,Công nghiệp / Xây dựng và Vật liệu / Xây dựng và Vật liệu / Xây dựng,True,False,PARTIAL_PROVISIONAL_DATA,MISSING_FINANCE_DATA,Do not promote to stage_2+ until provisional or official finance data exists.
HBD,True,True,True,UPCoM,Công nghiệp / Hàng & Dịch vụ Công nghiệp / Hàng công nghiệp / Containers & Đóng gói,False,False,INSUFFICIENT_DATA,MISSING_MARKET_DATA,Do not promote to stage_2+ until market data is present.
HBH,True,True,True,UPCoM,Hàng Tiêu dùng / Thực phẩm và đồ uống / Bia và đồ uống / Sản xuất bia,True,False,PARTIAL_PROVISIONAL_DATA,MISSING_FINANCE_DATA,Do not promote to stage_2+ until provisional or official finance data exists.
HBS,True,True,True,HNX,Tài chính / Dịch vụ tài chính / Dịch vụ tài chính / Môi giới chứng khoán,True,False,PARTIAL_PROVISIONAL_DATA,MISSING_FINANCE_DATA,Do not promote to stage_2+ until provisional or official finance data exists.
HC1,True,True,True,UPCoM,Công nghiệp / Xây dựng và Vật liệu / Xây dựng và Vật liệu / Xây dựng,True,False,PARTIAL_PROVISIONAL_DATA,MISSING_FINANCE_DATA,Do not promote to stage_2+ until provisional or official finance data exists.
HC3,True,True,True,UPCoM,Công nghiệp / Xây dựng và Vật liệu / Xây dựng và Vật liệu / Xây dựng,True,False,PARTIAL_PROVISIONAL_DATA,MISSING_FINANCE_DATA,Do not promote to stage_2+ until provisional or official finance data exists.
HCB,True,True,True,UPCoM,Hàng Tiêu dùng / Hàng cá nhân & Gia dụng / Hàng cá nhân / Hàng May mặc,True,False,PARTIAL_PROVISIONAL_DATA,MISSING_FINANCE_DATA,Do not promote to stage_2+ until provisional or official finance data exists.
HCC,True,True,True,HNX,Công nghiệp / Xây dựng và Vật liệu / Xây dựng và Vật liệu / Vật liệu xây dựng & Nội thất,True,False,PARTIAL_PROVISIONAL_DATA,MISSING_FINANCE_DATA,Do not promote to stage_2+ until provisional or official finance data exists.
HCD,True,True,True,HOSE,"Nguyên vật liệu / Hóa chất / Hóa chất / Nhựa, cao su & sợi",True,False,PARTIAL_PROVISIONAL_DATA,MISSING_FINANCE_DATA,Do not promote to stage_2+ until provisional or official finance data exists.
HCI,True,True,True,UPCoM,Công nghiệp / Xây dựng và Vật liệu / Xây dựng và Vật liệu / Xây dựng,False,False,INSUFFICIENT_DATA,MISSING_MARKET_DATA,Do not promote to stage_2+ until market data is present.
HCM,True,True,True,HOSE,Tài chính / Dịch vụ tài chính / Dịch vụ tài chính / Môi giới chứng khoán,True,False,PARTIAL_PROVISIONAL_DATA,MISSING_FINANCE_DATA,Do not promote to stage_2+ until provisional or official finance data exists.
HCT,True,True,True,HNX,Công nghiệp / Hàng & Dịch vụ Công nghiệp / Vận tải / Dịch vụ vận tải,False,False,INSUFFICIENT_DATA,MISSING_MARKET_DATA,Do not promote to stage_2+ until market data is present.
HD2,True,True,True,UPCoM,Tài chính / Bất động sản / Bất động sản / Bất động sản,True,False,PARTIAL_PROVISIONAL_DATA,MISSING_FINANCE_DATA,Do not promote to stage_2+ until provisional or official finance data exists.
HD6,True,True,True,UPCoM,Tài chính / Bất động sản / Bất động sản / Bất động sản,True,False,PARTIAL_PROVISIONAL_DATA,MISSING_FINANCE_DATA,Do not promote to stage_2+ until provisional or official finance data exists.
HD8,True,True,True,UPCoM,Tài chính / Bất động sản / Bất động sản / Bất động sản,True,False,PARTIAL_PROVISIONAL_DATA,MISSING_FINANCE_DATA,Do not promote to stage_2+ until provisional or official finance data exists.
HDA,True,True,True,HNX,Công nghiệp / Xây dựng và Vật liệu / Xây dựng và Vật liệu / Vật liệu xây dựng & Nội thất,True,False,PARTIAL_PROVISIONAL_DATA,MISSING_FINANCE_DATA,Do not promote to stage_2+ until provisional or official finance data exists.
HDB,True,True,True,HOSE,Ngân hàng / Ngân hàng / Ngân hàng / Ngân hàng,True,False,PARTIAL_PROVISIONAL_DATA,MISSING_FINANCE_DATA,Do not promote to stage_2+ until provisional or official finance data exists.
HDC,True,True,True,HOSE,Tài chính / Bất động sản / Bất động sản / Bất động sản,True,False,PARTIAL_PROVISIONAL_DATA,MISSING_FINANCE_DATA,Do not promote to stage_2+ until provisional or official finance data exists.
HDG,True,True,True,HOSE,Tài chính / Bất động sản / Bất động sản / Bất động sản,True,False,PARTIAL_PROVISIONAL_DATA,MISSING_FINANCE_DATA,Do not promote to stage_2+ until provisional or official finance data exists.
HDM,True,True,True,UPCoM,Hàng Tiêu dùng / Hàng cá nhân & Gia dụng / Hàng cá nhân / Hàng May mặc,True,False,PARTIAL_PROVISIONAL_DATA,MISSING_FINANCE_DATA,Do not promote to stage_2+ until provisional or official finance data exists.
HDO,True,True,True,HOSE,Công nghiệp / Hàng & Dịch vụ Công nghiệp / Hàng công nghiệp / Containers & Đóng gói,False,False,INSUFFICIENT_DATA,MISSING_MARKET_DATA,Do not promote to stage_2+ until market data is present.
HDP,True,True,True,UPCoM,Dược phẩm và Y tế / Y tế / Dược phẩm / Dược phẩm,True,False,PARTIAL_PROVISIONAL_DATA,MISSING_FINANCE_DATA,Do not promote to stage_2+ until provisional or official finance data exists.
HDS,True,True,True,UPCoM,Hàng Tiêu dùng / Thực phẩm và đồ uống / Sản xuất thực phẩm / Nuôi trồng nông & hải sản,False,False,INSUFFICIENT_DATA,MISSING_MARKET_DATA,Do not promote to stage_2+ until market data is present.
HDW,True,True,True,UPCoM,"Tiện ích Cộng đồng / Điện, nước & xăng dầu khí đốt / Nước & Khí đốt / Nước",True,False,PARTIAL_PROVISIONAL_DATA,MISSING_FINANCE_DATA,Do not promote to stage_2+ until provisional or official finance data exists.
HEC,True,True,True,UPCoM,Công nghiệp / Hàng & Dịch vụ Công nghiệp / Tư vấn & Hỗ trợ Kinh doanh / Tư vấn & Hỗ trợ KD,True,False,PARTIAL_PROVISIONAL_DATA,MISSING_FINANCE_DATA,Do not promote to stage_2+ until provisional or official finance data exists.
HEJ,True,True,True,UPCoM,Công nghiệp / Xây dựng và Vật liệu / Xây dựng và Vật liệu / Xây dựng,True,False,PARTIAL_PROVISIONAL_DATA,MISSING_FINANCE_DATA,Do not promote to stage_2+ until provisional or official finance data exists.
HEM,True,True,True,UPCoM,Công nghiệp / Hàng & Dịch vụ Công nghiệp / Điện tử & Thiết bị điện / Thiết bị điện,True,False,PARTIAL_PROVISIONAL_DATA,MISSING_FINANCE_DATA,Do not promote to stage_2+ until provisional or official finance data exists.
HEP,True,True,True,UPCoM,Công nghiệp / Hàng & Dịch vụ Công nghiệp / Tư vấn & Hỗ trợ Kinh doanh / Chất thải & Môi trường,True,False,PARTIAL_PROVISIONAL_DATA,MISSING_FINANCE_DATA,Do not promote to stage_2+ until provisional or official finance data exists.
HES,True,True,True,UPCoM,Dịch vụ Tiêu dùng / Du lịch và Giải trí / Du lịch & Giải trí / Dịch vụ giải trí,False,False,INSUFFICIENT_DATA,MISSING_MARKET_DATA,Do not promote to stage_2+ until market data is present.
HEV,True,True,True,HNX,"Dịch vụ Tiêu dùng / Truyền thông / Truyền thông / Sách, ấn bản & sản phẩm văn hóa",True,False,PARTIAL_PROVISIONAL_DATA,MISSING_FINANCE_DATA,Do not promote to stage_2+ until provisional or official finance data exists.
HFB,True,True,True,UPCoM,Công nghiệp / Xây dựng và Vật liệu / Xây dựng và Vật liệu / Xây dựng,True,False,PARTIAL_PROVISIONAL_DATA,MISSING_FINANCE_DATA,Do not promote to stage_2+ until provisional or official finance data exists.
HFC,True,True,True,UPCoM,"Tiện ích Cộng đồng / Điện, nước & xăng dầu khí đốt / Nước & Khí đốt / Phân phối xăng dầu & khí đốt",False,False,INSUFFICIENT_DATA,MISSING_MARKET_DATA,Do not promote to stage_2+ until market data is present.
HFX,True,True,True,UPCoM,Dịch vụ Tiêu dùng / Bán lẻ / Bán lẻ / Bán lẻ phức hợp,False,False,INSUFFICIENT_DATA,MISSING_MARKET_DATA,Do not promote to stage_2+ until market data is present.
HGA,True,True,True,UPCoM,Công nghiệp / Dịch vụ thương mại và chuyên nghiệp / Dịch vụ và thiết bị thương mại,False,False,INSUFFICIENT_DATA,MISSING_MARKET_DATA,Do not promote to stage_2+ until market data is present.
HGC,True,True,True,UPCoM,Công nghiệp / Dịch vụ thương mại và chuyên nghiệp / Dịch vụ chuyên nghiệp,False,False,INSUFFICIENT_DATA,MISSING_MARKET_DATA,Do not promote to stage_2+ until market data is present.
HGM,True,True,True,HNX,Nguyên vật liệu / Tài nguyên Cơ bản / Khai khoáng / Khai khoáng,True,False,PARTIAL_PROVISIONAL_DATA,MISSING_FINANCE_DATA,Do not promote to stage_2+ until provisional or official finance data exists.
HGR,True,True,True,UPCoM,Công nghiệp / Hàng & Dịch vụ Công nghiệp / Tư vấn & Hỗ trợ Kinh doanh / Tư vấn & Hỗ trợ KD,False,False,INSUFFICIENT_DATA,MISSING_MARKET_DATA,Do not promote to stage_2+ until market data is present.
HGT,True,True,True,UPCoM,Dịch vụ Tiêu dùng / Du lịch và Giải trí / Du lịch & Giải trí / Vận tải hành khách & Du lịch,False,False,INSUFFICIENT_DATA,MISSING_MARKET_DATA,Do not promote to stage_2+ until market data is present.
HGW,True,True,True,UPCoM,"Tiện ích Cộng đồng / Điện, nước & xăng dầu khí đốt / Nước & Khí đốt / Nước",True,False,PARTIAL_PROVISIONAL_DATA,MISSING_FINANCE_DATA,Do not promote to stage_2+ until provisional or official finance data exists.
HHB,True,True,True,UPCoM,Hàng Tiêu dùng / Thực phẩm và đồ uống / Bia và đồ uống / Sản xuất bia,False,False,INSUFFICIENT_DATA,MISSING_MARKET_DATA,Do not promote to stage_2+ until market data is present.
HHC,True,True,True,HNX,Hàng Tiêu dùng / Thực phẩm và đồ uống / Sản xuất thực phẩm / Thực phẩm,True,False,PARTIAL_PROVISIONAL_DATA,MISSING_FINANCE_DATA,Do not promote to stage_2+ until provisional or official finance data exists.
HHG,True,True,True,UPCoM,Dịch vụ Tiêu dùng / Du lịch và Giải trí / Du lịch & Giải trí / Vận tải hành khách & Du lịch,True,False,PARTIAL_PROVISIONAL_DATA,MISSING_FINANCE_DATA,Do not promote to stage_2+ until provisional or official finance data exists.
HHN,True,True,True,UPCoM,"Công nghiệp / Hàng & Dịch vụ Công nghiệp / Vận tải / Kho bãi, hậu cần và bảo dưỡng",False,False,INSUFFICIENT_DATA,MISSING_MARKET_DATA,Do not promote to stage_2+ until market data is present.
HHP,True,True,True,HOSE,Nguyên vật liệu / Tài nguyên Cơ bản / Lâm nghiệp và Giấy / Sản xuất giấy,True,False,PARTIAL_PROVISIONAL_DATA,MISSING_FINANCE_DATA,Do not promote to stage_2+ until provisional or official finance data exists.
HHR,True,True,True,UPCoM,Công nghiệp / Hàng & Dịch vụ Công nghiệp / Vận tải / Đường sắt,False,False,INSUFFICIENT_DATA,MISSING_MARKET_DATA,Do not promote to stage_2+ until market data is present.
HHS,True,True,True,HOSE,Hàng Tiêu dùng / Ô tô và phụ tùng / Ô tô và phụ tùng / Sản xuất ô tô,True,False,PARTIAL_PROVISIONAL_DATA,MISSING_FINANCE_DATA,Do not promote to stage_2+ until provisional or official finance data exists.
HHV,True,True,True,HOSE,Công nghiệp / Xây dựng và Vật liệu / Xây dựng và Vật liệu / Xây dựng,True,False,PARTIAL_PROVISIONAL_DATA,MISSING_FINANCE_DATA,Do not promote to stage_2+ until provisional or official finance data exists.
HID,True,True,True,HOSE,Công nghiệp / Xây dựng và Vật liệu / Xây dựng và Vật liệu / Xây dựng,True,False,PARTIAL_PROVISIONAL_DATA,MISSING_FINANCE_DATA,Do not promote to stage_2+ until provisional or official finance data exists.
HIG,True,True,True,UPCoM,Công nghệ Thông tin / Công nghệ Thông tin / Phần mềm & Dịch vụ Máy tính / Phần mềm,True,False,PARTIAL_PROVISIONAL_DATA,MISSING_FINANCE_DATA,Do not promote to stage_2+ until provisional or official finance data exists.
HII,True,True,True,HOSE,"Nguyên vật liệu / Hóa chất / Hóa chất / Nhựa, cao su & sợi",True,False,PARTIAL_PROVISIONAL_DATA,MISSING_FINANCE_DATA,Do not promote to stage_2+ until provisional or official finance data exists.
HIO,True,True,True,UPCoM,"Tiện ích Cộng đồng / Điện, nước & xăng dầu khí đốt / Sản xuất & Phân phối Điện / Sản xuất & Phân phối Điện",False,False,INSUFFICIENT_DATA,MISSING_MARKET_DATA,Do not promote to stage_2+ until market data is present.
HJC,True,True,True,UPCoM,Hàng Tiêu dùng / Hàng cá nhân & Gia dụng / Thuốc lá / Thuốc lá,False,False,INSUFFICIENT_DATA,MISSING_MARKET_DATA,Do not promote to stage_2+ until market data is present.
HJS,True,True,True,HNX,"Tiện ích Cộng đồng / Điện, nước & xăng dầu khí đốt / Sản xuất & Phân phối Điện / Sản xuất & Phân phối Điện",True,False,PARTIAL_PROVISIONAL_DATA,MISSING_FINANCE_DATA,Do not promote to stage_2+ until provisional or official finance data exists.
HKB,True,True,True,UPCoM,Hàng Tiêu dùng / Thực phẩm và đồ uống / Sản xuất thực phẩm / Thực phẩm,True,False,PARTIAL_PROVISIONAL_DATA,MISSING_FINANCE_DATA,Do not promote to stage_2+ until provisional or official finance data exists.
HKP,True,True,True,UPCoM,Công nghiệp / Hàng & Dịch vụ Công nghiệp / Hàng công nghiệp / Containers & Đóng gói,False,False,INSUFFICIENT_DATA,MISSING_MARKET_DATA,Do not promote to stage_2+ until market data is present.
HKT,True,True,True,HNX,Hàng Tiêu dùng / Thực phẩm và đồ uống / Bia và đồ uống / Đồ uống & giải khát,True,False,PARTIAL_PROVISIONAL_DATA,MISSING_FINANCE_DATA,Do not promote to stage_2+ until provisional or official finance data exists.
HLA,True,True,True,HOSE,Nguyên vật liệu / Tài nguyên Cơ bản / Kim loại / Thép và sản phẩm thép,False,False,INSUFFICIENT_DATA,MISSING_MARKET_DATA,Do not promote to stage_2+ until market data is present.
HLB,True,True,True,UPCoM,Hàng Tiêu dùng / Thực phẩm và đồ uống / Bia và đồ uống / Sản xuất bia,True,False,PARTIAL_PROVISIONAL_DATA,MISSING_FINANCE_DATA,Do not promote to stage_2+ until provisional or official finance data exists.
HLC,True,True,True,HNX,Nguyên vật liệu / Tài nguyên Cơ bản / Khai khoáng / Khai thác Than,True,False,PARTIAL_PROVISIONAL_DATA,MISSING_FINANCE_DATA,Do not promote to stage_2+ until provisional or official finance data exists.
HLD,True,True,True,HNX,Tài chính / Bất động sản / Bất động sản / Bất động sản,True,False,PARTIAL_PROVISIONAL_DATA,MISSING_FINANCE_DATA,Do not promote to stage_2+ until provisional or official finance data exists.
HLE,True,True,True,UPCoM,Công nghiệp / Xây dựng và Vật liệu / Xây dựng và Vật liệu / Xây dựng,False,False,INSUFFICIENT_DATA,MISSING_MARKET_DATA,Do not promote to stage_2+ until market data is present.
HLG,True,True,True,HOSE,Hàng Tiêu dùng / Thực phẩm và đồ uống / Sản xuất thực phẩm / Nuôi trồng nông & hải sản,False,False,INSUFFICIENT_DATA,MISSING_MARKET_DATA,Do not promote to stage_2+ until market data is present.
HLO,True,True,True,UPCoM,Công nghiệp / Hàng & Dịch vụ Công nghiệp / Điện tử & Thiết bị điện / Hàng điện & điện tử,False,False,INSUFFICIENT_DATA,MISSING_MARKET_DATA,Do not promote to stage_2+ until market data is present.
HLR,True,True,True,UPCoM,Công nghiệp / Hàng & Dịch vụ Công nghiệp / Vận tải / Đường sắt,True,False,PARTIAL_PROVISIONAL_DATA,MISSING_FINANCE_DATA,Do not promote to stage_2+ until provisional or official finance data exists.
HLS,True,True,True,UPCoM,Công nghiệp / Hàng & Dịch vụ Công nghiệp / Điện tử & Thiết bị điện / Hàng điện & điện tử,False,False,INSUFFICIENT_DATA,MISSING_MARKET_DATA,Do not promote to stage_2+ until market data is present.
HLT,True,True,True,UPCoM,Hàng Tiêu dùng / Hàng cá nhân & Gia dụng / Hàng cá nhân / Hàng May mặc,False,False,INSUFFICIENT_DATA,MISSING_MARKET_DATA,Do not promote to stage_2+ until market data is present.
HLY,True,True,True,UPCoM,Công nghiệp / Xây dựng và Vật liệu / Xây dựng và Vật liệu / Vật liệu xây dựng & Nội thất,True,False,PARTIAL_PROVISIONAL_DATA,MISSING_FINANCE_DATA,Do not promote to stage_2+ until provisional or official finance data exists.
HMC,True,True,True,HOSE,Nguyên vật liệu / Tài nguyên Cơ bản / Kim loại / Thép và sản phẩm thép,True,False,PARTIAL_PROVISIONAL_DATA,MISSING_FINANCE_DATA,Do not promote to stage_2+ until provisional or official finance data exists.
HMD,True,True,True,UPCoM,"Nguyên vật liệu / Hóa chất / Hóa chất / Sản phẩm hóa dầu, Nông dược & Hóa chất khác",False,False,INSUFFICIENT_DATA,MISSING_MARKET_DATA,Do not promote to stage_2+ until market data is present.
HMG,True,True,True,UPCoM,Nguyên vật liệu / Tài nguyên Cơ bản / Kim loại / Thép và sản phẩm thép,False,False,INSUFFICIENT_DATA,MISSING_MARKET_DATA,Do not promote to stage_2+ until market data is present.
HMH,True,True,True,HNX,Công nghiệp / Hàng & Dịch vụ Công nghiệp / Vận tải / Dịch vụ vận tải,True,False,PARTIAL_PROVISIONAL_DATA,MISSING_FINANCE_DATA,Do not promote to stage_2+ until provisional or official finance data exists.
HMR,True,True,True,HNX,Công nghiệp / Xây dựng và Vật liệu / Xây dựng và Vật liệu / Vật liệu xây dựng & Nội thất,True,False,PARTIAL_PROVISIONAL_DATA,MISSING_FINANCE_DATA,Do not promote to stage_2+ until provisional or official finance data exists.
HMS,True,True,True,UPCoM,Công nghiệp / Xây dựng và Vật liệu / Xây dựng và Vật liệu / Xây dựng,True,False,PARTIAL_PROVISIONAL_DATA,MISSING_FINANCE_DATA,Do not promote to stage_2+ until provisional or official finance data exists.
HNA,True,True,True,HOSE,"Tiện ích Cộng đồng / Điện, nước & xăng dầu khí đốt / Sản xuất & Phân phối Điện / Sản xuất & Phân phối Điện",True,False,PARTIAL_PROVISIONAL_DATA,MISSING_FINANCE_DATA,Do not promote to stage_2+ until provisional or official finance data exists.
HNB,True,True,True,UPCoM,"Công nghiệp / Hàng & Dịch vụ Công nghiệp / Vận tải / Kho bãi, hậu cần và bảo dưỡng",True,False,PARTIAL_PROVISIONAL_DATA,MISSING_FINANCE_DATA,Do not promote to stage_2+ until provisional or official finance data exists.
HND,True,True,True,UPCoM,"Tiện ích Cộng đồng / Điện, nước & xăng dầu khí đốt / Sản xuất & Phân phối Điện / Sản xuất & Phân phối Điện",True,False,PARTIAL_PROVISIONAL_DATA,MISSING_FINANCE_DATA,Do not promote to stage_2+ until provisional or official finance data exists.
HNE,True,True,True,UPCoM,Hàng Tiêu dùng / Hàng cá nhân & Gia dụng / Hàng hóa giải trí / Điện tử tiêu dùng,True,False,PARTIAL_PROVISIONAL_DATA,MISSING_FINANCE_DATA,Do not promote to stage_2+ until provisional or official finance data exists.
HNF,True,True,True,UPCoM,Hàng Tiêu dùng / Thực phẩm và đồ uống / Sản xuất thực phẩm / Thực phẩm,True,False,PARTIAL_PROVISIONAL_DATA,MISSING_FINANCE_DATA,Do not promote to stage_2+ until provisional or official finance data exists.
HNG,True,True,True,UPCoM,Hàng Tiêu dùng / Thực phẩm và đồ uống / Sản xuất thực phẩm / Nuôi trồng nông & hải sản,True,False,PARTIAL_PROVISIONAL_DATA,MISSING_FINANCE_DATA,Do not promote to stage_2+ until provisional or official finance data exists.
HNI,True,True,True,UPCoM,Hàng Tiêu dùng / Hàng cá nhân & Gia dụng / Hàng cá nhân / Hàng May mặc,True,False,PARTIAL_PROVISIONAL_DATA,MISSING_FINANCE_DATA,Do not promote to stage_2+ until provisional or official finance data exists.
HNM,True,True,True,UPCoM,Hàng Tiêu dùng / Thực phẩm và đồ uống / Sản xuất thực phẩm / Thực phẩm,True,False,PARTIAL_PROVISIONAL_DATA,MISSING_FINANCE_DATA,Do not promote to stage_2+ until provisional or official finance data exists.
HNP,True,True,True,UPCoM,"Nguyên vật liệu / Hóa chất / Hóa chất / Nhựa, cao su & sợi",False,False,INSUFFICIENT_DATA,MISSING_MARKET_DATA,Do not promote to stage_2+ until market data is present.
HNR,True,True,True,UPCoM,Hàng Tiêu dùng / Thực phẩm và đồ uống / Bia và đồ uống / Vang & Rượu mạnh,False,False,INSUFFICIENT_DATA,MISSING_MARKET_DATA,Do not promote to stage_2+ until market data is present.
HNT,True,True,True,UPCoM,Dịch vụ Tiêu dùng / Du lịch và Giải trí / Du lịch & Giải trí / Vận tải hành khách & Du lịch,True,False,PARTIAL_PROVISIONAL_DATA,MISSING_FINANCE_DATA,Do not promote to stage_2+ until provisional or official finance data exists.
HOM,True,True,True,HNX,Công nghiệp / Xây dựng và Vật liệu / Xây dựng và Vật liệu / Vật liệu xây dựng & Nội thất,True,False,PARTIAL_PROVISIONAL_DATA,MISSING_FINANCE_DATA,Do not promote to stage_2+ until provisional or official finance data exists.
HOT,True,True,True,UPCoM,Dịch vụ Tiêu dùng / Du lịch và Giải trí / Du lịch & Giải trí / Vận tải hành khách & Du lịch,True,False,PARTIAL_PROVISIONAL_DATA,MISSING_FINANCE_DATA,Do not promote to stage_2+ until provisional or official finance data exists.
HPA,True,True,True,HOSE,Hàng Tiêu dùng / Thực phẩm và đồ uống / Sản xuất thực phẩm / Nuôi trồng nông & hải sản,False,False,INSUFFICIENT_DATA,MISSING_MARKET_DATA,Do not promote to stage_2+ until market data is present.
HPB,True,True,True,UPCoM,Công nghiệp / Hàng & Dịch vụ Công nghiệp / Hàng công nghiệp / Containers & Đóng gói,True,False,PARTIAL_PROVISIONAL_DATA,MISSING_FINANCE_DATA,Do not promote to stage_2+ until provisional or official finance data exists.
HPD,True,True,True,UPCoM,"Tiện ích Cộng đồng / Điện, nước & xăng dầu khí đốt / Sản xuất & Phân phối Điện / Sản xuất & Phân phối Điện",True,False,PARTIAL_PROVISIONAL_DATA,MISSING_FINANCE_DATA,Do not promote to stage_2+ until provisional or official finance data exists.
HPG,True,True,True,HOSE,Nguyên vật liệu / Tài nguyên Cơ bản / Kim loại / Thép và sản phẩm thép,True,False,PARTIAL_PROVISIONAL_DATA,MISSING_FINANCE_DATA,Do not promote to stage_2+ until provisional or official finance data exists.
HPH,True,True,True,UPCoM,"Nguyên vật liệu / Hóa chất / Hóa chất / Sản phẩm hóa dầu, Nông dược & Hóa chất khác",False,False,INSUFFICIENT_DATA,MISSING_MARKET_DATA,Do not promote to stage_2+ until market data is present.
HPI,True,True,True,UPCoM,Tài chính / Bất động sản / Bất động sản / Bất động sản,False,False,INSUFFICIENT_DATA,MISSING_MARKET_DATA,Do not promote to stage_2+ until market data is present.
HPM,True,True,True,UPCoM,Nguyên vật liệu / Tài nguyên Cơ bản / Khai khoáng / Khai khoáng,True,False,PARTIAL_PROVISIONAL_DATA,MISSING_FINANCE_DATA,Do not promote to stage_2+ until provisional or official finance data exists.
HPO,True,True,True,UPCoM,Công nghiệp / Hàng & Dịch vụ Công nghiệp / Điện tử & Thiết bị điện / Thiết bị điện,False,False,INSUFFICIENT_DATA,MISSING_MARKET_DATA,Do not promote to stage_2+ until market data is present.
HPP,True,True,True,UPCoM,Công nghiệp / Xây dựng và Vật liệu / Xây dựng và Vật liệu / Vật liệu xây dựng & Nội thất,True,False,PARTIAL_PROVISIONAL_DATA,MISSING_FINANCE_DATA,Do not promote to stage_2+ until provisional or official finance data exists.
HPT,True,True,True,UPCoM,Công nghệ Thông tin / Công nghệ Thông tin / Phần mềm & Dịch vụ Máy tính / Phần mềm,True,False,PARTIAL_PROVISIONAL_DATA,MISSING_FINANCE_DATA,Do not promote to stage_2+ until provisional or official finance data exists.
HPW,True,True,True,UPCoM,"Tiện ích Cộng đồng / Điện, nước & xăng dầu khí đốt / Nước & Khí đốt / Nước",True,False,PARTIAL_PROVISIONAL_DATA,MISSING_FINANCE_DATA,Do not promote to stage_2+ until provisional or official finance data exists.
HPX,True,True,True,HOSE,Tài chính / Bất động sản / Bất động sản / Bất động sản,True,False,PARTIAL_PROVISIONAL_DATA,MISSING_FINANCE_DATA,Do not promote to stage_2+ until provisional or official finance data exists.
HQC,True,True,True,HOSE,Tài chính / Bất động sản / Bất động sản / Bất động sản,True,False,PARTIAL_PROVISIONAL_DATA,MISSING_FINANCE_DATA,Do not promote to stage_2+ until provisional or official finance data exists.
HRB,True,True,True,UPCoM,Tài chính / Bất động sản / Bất động sản / Bất động sản,False,False,INSUFFICIENT_DATA,MISSING_MARKET_DATA,Do not promote to stage_2+ until market data is present.
HRC,True,True,True,HOSE,"Nguyên vật liệu / Hóa chất / Hóa chất / Nhựa, cao su & sợi",True,False,PARTIAL_PROVISIONAL_DATA,MISSING_FINANCE_DATA,Do not promote to stage_2+ until provisional or official finance data exists.
HRT,True,True,True,UPCoM,Công nghiệp / Vận tải / Vận tải mặt đất,True,False,PARTIAL_PROVISIONAL_DATA,MISSING_FINANCE_DATA,Do not promote to stage_2+ until provisional or official finance data exists.
HSA,True,True,True,UPCoM,Công nghiệp / Hàng & Dịch vụ Công nghiệp / Tư vấn & Hỗ trợ Kinh doanh / Tư vấn & Hỗ trợ KD,False,False,INSUFFICIENT_DATA,MISSING_MARKET_DATA,Do not promote to stage_2+ until market data is present.
HSG,True,True,True,HOSE,Nguyên vật liệu / Tài nguyên Cơ bản / Kim loại / Thép và sản phẩm thép,True,False,PARTIAL_PROVISIONAL_DATA,MISSING_FINANCE_DATA,Do not promote to stage_2+ until provisional or official finance data exists.
HSI,True,True,True,UPCoM,"Nguyên vật liệu / Hóa chất / Hóa chất / Sản phẩm hóa dầu, Nông dược & Hóa chất khác",True,False,PARTIAL_PROVISIONAL_DATA,MISSING_FINANCE_DATA,Do not promote to stage_2+ until provisional or official finance data exists.
HSL,True,True,True,HOSE,Hàng Tiêu dùng / Thực phẩm và đồ uống / Sản xuất thực phẩm / Thực phẩm,True,False,PARTIAL_PROVISIONAL_DATA,MISSING_FINANCE_DATA,Do not promote to stage_2+ until provisional or official finance data exists.
HSM,True,True,True,UPCoM,Hàng Tiêu dùng / Hàng cá nhân & Gia dụng / Hàng cá nhân / Hàng May mặc,True,False,PARTIAL_PROVISIONAL_DATA,MISSING_FINANCE_DATA,Do not promote to stage_2+ until provisional or official finance data exists.
HSP,True,True,True,UPCoM,Công nghiệp / Xây dựng và Vật liệu / Xây dựng và Vật liệu / Vật liệu xây dựng & Nội thất,True,False,PARTIAL_PROVISIONAL_DATA,MISSING_FINANCE_DATA,Do not promote to stage_2+ until provisional or official finance data exists.
HSV,True,True,True,UPCoM,Nguyên vật liệu / Tài nguyên Cơ bản / Kim loại / Thép và sản phẩm thép,True,False,PARTIAL_PROVISIONAL_DATA,MISSING_FINANCE_DATA,Do not promote to stage_2+ until provisional or official finance data exists.
HT1,True,True,True,HOSE,Công nghiệp / Xây dựng và Vật liệu / Xây dựng và Vật liệu / Vật liệu xây dựng & Nội thất,True,False,PARTIAL_PROVISIONAL_DATA,MISSING_FINANCE_DATA,Do not promote to stage_2+ until provisional or official finance data exists.
HTC,True,True,True,HNX,"Tiện ích Cộng đồng / Điện, nước & xăng dầu khí đốt / Nước & Khí đốt / Phân phối xăng dầu & khí đốt",True,False,PARTIAL_PROVISIONAL_DATA,MISSING_FINANCE_DATA,Do not promote to stage_2+ until provisional or official finance data exists.
HTE,True,True,True,UPCoM,Công nghiệp / Hàng & Dịch vụ Công nghiệp / Điện tử & Thiết bị điện / Thiết bị điện,True,False,PARTIAL_PROVISIONAL_DATA,MISSING_FINANCE_DATA,Do not promote to stage_2+ until provisional or official finance data exists.
HTG,True,True,True,HOSE,Hàng Tiêu dùng / Hàng cá nhân & Gia dụng / Hàng cá nhân / Hàng May mặc,True,False,PARTIAL_PROVISIONAL_DATA,MISSING_FINANCE_DATA,Do not promote to stage_2+ until provisional or official finance data exists.
HTH,True,True,True,UPCoM,"Công nghiệp / Hàng & Dịch vụ Công nghiệp / Vận tải / Kho bãi, hậu cần và bảo dưỡng",False,False,INSUFFICIENT_DATA,MISSING_MARKET_DATA,Do not promote to stage_2+ until market data is present.
HTI,True,True,True,HOSE,Công nghiệp / Xây dựng và Vật liệu / Xây dựng và Vật liệu / Xây dựng,True,False,PARTIAL_PROVISIONAL_DATA,MISSING_FINANCE_DATA,Do not promote to stage_2+ until provisional or official finance data exists.
HTK,True,True,True,UPCoM,Công nghiệp / Hàng & Dịch vụ Công nghiệp / Tư vấn & Hỗ trợ Kinh doanh / Tư vấn & Hỗ trợ KD,False,False,INSUFFICIENT_DATA,MISSING_MARKET_DATA,Do not promote to stage_2+ until market data is present.
HTL,True,True,True,HOSE,Hàng Tiêu dùng / Ô tô và phụ tùng / Ô tô và phụ tùng / Sản xuất ô tô,True,False,PARTIAL_PROVISIONAL_DATA,MISSING_FINANCE_DATA,Do not promote to stage_2+ until provisional or official finance data exists.
HTM,True,True,True,UPCoM,Dịch vụ Tiêu dùng / Bán lẻ / Bán lẻ / Bán lẻ phức hợp,True,False,PARTIAL_PROVISIONAL_DATA,MISSING_FINANCE_DATA,Do not promote to stage_2+ until provisional or official finance data exists.
HTN,True,True,True,HOSE,Tài chính / Bất động sản / Bất động sản / Bất động sản,True,False,PARTIAL_PROVISIONAL_DATA,MISSING_FINANCE_DATA,Do not promote to stage_2+ until provisional or official finance data exists.
HTP,True,True,True,UPCoM,"Dịch vụ Tiêu dùng / Truyền thông / Truyền thông / Sách, ấn bản & sản phẩm văn hóa",True,False,PARTIAL_PROVISIONAL_DATA,MISSING_FINANCE_DATA,Do not promote to stage_2+ until provisional or official finance data exists.
HTR,True,True,True,UPCoM,Công nghiệp / Hàng & Dịch vụ Công nghiệp / Vận tải / Đường sắt,True,False,PARTIAL_PROVISIONAL_DATA,MISSING_FINANCE_DATA,Do not promote to stage_2+ until provisional or official finance data exists.
HTT,True,True,True,UPCoM,Dịch vụ Tiêu dùng / Bán lẻ / Bán lẻ / Bán lẻ phức hợp,True,False,PARTIAL_PROVISIONAL_DATA,MISSING_FINANCE_DATA,Do not promote to stage_2+ until provisional or official finance data exists.
HTV,True,True,True,HOSE,Công nghiệp / Hàng & Dịch vụ Công nghiệp / Vận tải / Vận tải Thủy,True,False,PARTIAL_PROVISIONAL_DATA,MISSING_FINANCE_DATA,Do not promote to stage_2+ until provisional or official finance data exists.
HTW,True,True,True,UPCoM,"Tiện ích Cộng đồng / Điện, nước & xăng dầu khí đốt / Nước & Khí đốt / Nước",False,False,INSUFFICIENT_DATA,MISSING_MARKET_DATA,Do not promote to stage_2+ until market data is present.
HU1,True,True,True,HOSE,Công nghiệp / Xây dựng và Vật liệu / Xây dựng và Vật liệu / Xây dựng,True,False,PARTIAL_PROVISIONAL_DATA,MISSING_FINANCE_DATA,Do not promote to stage_2+ until provisional or official finance data exists.
HU3,True,True,True,UPCoM,Công nghiệp / Xây dựng và Vật liệu / Xây dựng và Vật liệu / Xây dựng,True,False,PARTIAL_PROVISIONAL_DATA,MISSING_FINANCE_DATA,Do not promote to stage_2+ until provisional or official finance data exists.
HU4,True,True,True,UPCoM,Công nghiệp / Xây dựng và Vật liệu / Xây dựng và Vật liệu / Xây dựng,True,False,PARTIAL_PROVISIONAL_DATA,MISSING_FINANCE_DATA,Do not promote to stage_2+ until provisional or official finance data exists.
HU6,True,True,True,UPCoM,Tài chính / Bất động sản / Bất động sản / Bất động sản,True,False,PARTIAL_PROVISIONAL_DATA,MISSING_FINANCE_DATA,Do not promote to stage_2+ until provisional or official finance data exists.
HUB,True,True,True,HOSE,Công nghiệp / Xây dựng và Vật liệu / Xây dựng và Vật liệu / Xây dựng,True,False,PARTIAL_PROVISIONAL_DATA,MISSING_FINANCE_DATA,Do not promote to stage_2+ until provisional or official finance data exists.
HUG,True,True,True,UPCoM,Hàng Tiêu dùng / Hàng cá nhân & Gia dụng / Hàng cá nhân / Hàng May mặc,True,False,PARTIAL_PROVISIONAL_DATA,MISSING_FINANCE_DATA,Do not promote to stage_2+ until provisional or official finance data exists.
HUT,True,True,True,HNX,Hàng Tiêu dùng / Ô tô và phụ tùng / Ô tô và phụ tùng / Sản xuất ô tô,True,False,PARTIAL_PROVISIONAL_DATA,MISSING_FINANCE_DATA,Do not promote to stage_2+ until provisional or official finance data exists.
HUX,True,True,True,UPCoM,Nguyên vật liệu / Tài nguyên Cơ bản / Khai khoáng / Khai khoáng,False,False,INSUFFICIENT_DATA,MISSING_MARKET_DATA,Do not promote to stage_2+ until market data is present.
HVA,True,True,True,UPCoM,Tài chính / Dịch vụ tài chính / Dịch vụ tài chính / Tài chính đặc biệt,True,False,PARTIAL_PROVISIONAL_DATA,MISSING_FINANCE_DATA,Do not promote to stage_2+ until provisional or official finance data exists.
HVG,True,True,True,HOSE,Hàng Tiêu dùng / Thực phẩm và đồ uống / Sản xuất thực phẩm / Nuôi trồng nông & hải sản,False,False,INSUFFICIENT_DATA,MISSING_MARKET_DATA,Do not promote to stage_2+ until market data is present.
HVH,True,True,True,HOSE,Công nghiệp / Xây dựng và Vật liệu / Xây dựng và Vật liệu / Xây dựng,True,False,PARTIAL_PROVISIONAL_DATA,MISSING_FINANCE_DATA,Do not promote to stage_2+ until provisional or official finance data exists.
HVN,True,True,True,HOSE,Dịch vụ Tiêu dùng / Du lịch và Giải trí / Du lịch & Giải trí / Hàng không,True,False,PARTIAL_PROVISIONAL_DATA,MISSING_FINANCE_DATA,Do not promote to stage_2+ until provisional or official finance data exists.
HVT,True,True,True,HNX,"Nguyên vật liệu / Hóa chất / Hóa chất / Sản phẩm hóa dầu, Nông dược & Hóa chất khác",True,False,PARTIAL_PROVISIONAL_DATA,MISSING_FINANCE_DATA,Do not promote to stage_2+ until provisional or official finance data exists.
HVX,True,True,True,HOSE,Công nghiệp / Xây dựng và Vật liệu / Xây dựng và Vật liệu / Vật liệu xây dựng & Nội thất,True,False,PARTIAL_PROVISIONAL_DATA,MISSING_FINANCE_DATA,Do not promote to stage_2+ until provisional or official finance data exists.
HWS,True,True,True,UPCoM,"Tiện ích Cộng đồng / Điện, nước & xăng dầu khí đốt / Nước & Khí đốt / Nước",True,False,PARTIAL_PROVISIONAL_DATA,MISSING_FINANCE_DATA,Do not promote to stage_2+ until provisional or official finance data exists.
IBC,True,True,True,UPCoM,Tài chính / Dịch vụ tài chính / Dịch vụ tài chính / Tài chính đặc biệt,False,False,INSUFFICIENT_DATA,MISSING_MARKET_DATA,Do not promote to stage_2+ until market data is present.
IBD,True,True,True,UPCoM,"Dịch vụ Tiêu dùng / Truyền thông / Truyền thông / Sách, ấn bản & sản phẩm văn hóa",False,False,INSUFFICIENT_DATA,MISSING_MARKET_DATA,Do not promote to stage_2+ until market data is present.
IBN,True,True,True,UPCoM,"Dịch vụ Tiêu dùng / Truyền thông / Truyền thông / Sách, ấn bản & sản phẩm văn hóa",False,False,INSUFFICIENT_DATA,MISSING_MARKET_DATA,Do not promote to stage_2+ until market data is present.
ICC,True,True,True,UPCoM,Công nghiệp / Xây dựng và Vật liệu / Xây dựng và Vật liệu / Xây dựng,False,False,INSUFFICIENT_DATA,MISSING_MARKET_DATA,Do not promote to stage_2+ until market data is present.
ICF,True,True,True,UPCoM,Hàng Tiêu dùng / Thực phẩm và đồ uống / Sản xuất thực phẩm / Nuôi trồng nông & hải sản,True,False,PARTIAL_PROVISIONAL_DATA,MISSING_FINANCE_DATA,Do not promote to stage_2+ until provisional or official finance data exists.
ICG,True,True,True,HNX,Công nghiệp / Xây dựng và Vật liệu / Xây dựng và Vật liệu / Xây dựng,True,False,PARTIAL_PROVISIONAL_DATA,MISSING_FINANCE_DATA,Do not promote to stage_2+ until provisional or official finance data exists.
ICI,True,True,True,UPCoM,Công nghiệp / Xây dựng và Vật liệu / Xây dựng và Vật liệu / Xây dựng,False,False,INSUFFICIENT_DATA,MISSING_MARKET_DATA,Do not promote to stage_2+ until market data is present.
ICN,True,True,True,UPCoM,Công nghiệp / Xây dựng và Vật liệu / Xây dựng và Vật liệu / Xây dựng,True,False,PARTIAL_PROVISIONAL_DATA,MISSING_FINANCE_DATA,Do not promote to stage_2+ until provisional or official finance data exists.
ICT,True,True,True,HOSE,Công nghệ Thông tin / Công nghệ Thông tin / Phần mềm & Dịch vụ Máy tính / Phần mềm,True,False,PARTIAL_PROVISIONAL_DATA,MISSING_FINANCE_DATA,Do not promote to stage_2+ until provisional or official finance data exists.
IDC,True,True,True,HNX,Tài chính / Bất động sản / Bất động sản / Bất động sản,True,False,PARTIAL_PROVISIONAL_DATA,MISSING_FINANCE_DATA,Do not promote to stage_2+ until provisional or official finance data exists.
IDI,True,True,True,HOSE,Hàng Tiêu dùng / Thực phẩm và đồ uống / Sản xuất thực phẩm / Nuôi trồng nông & hải sản,True,False,PARTIAL_PROVISIONAL_DATA,MISSING_FINANCE_DATA,Do not promote to stage_2+ until provisional or official finance data exists.
IDJ,True,True,True,HNX,Tài chính / Bất động sản / Bất động sản / Bất động sản,True,False,PARTIAL_PROVISIONAL_DATA,MISSING_FINANCE_DATA,Do not promote to stage_2+ until provisional or official finance data exists.
IDP,True,True,True,UPCoM,Hàng Tiêu dùng / Thực phẩm và đồ uống / Sản xuất thực phẩm / Thực phẩm,True,False,PARTIAL_PROVISIONAL_DATA,MISSING_FINANCE_DATA,Do not promote to stage_2+ until provisional or official finance data exists.
IDV,True,True,True,HNX,Tài chính / Bất động sản / Bất động sản / Bất động sản,True,False,PARTIAL_PROVISIONAL_DATA,MISSING_FINANCE_DATA,Do not promote to stage_2+ until provisional or official finance data exists.
IFS,True,True,True,UPCoM,Hàng Tiêu dùng / Thực phẩm và đồ uống / Bia và đồ uống / Đồ uống & giải khát,True,False,PARTIAL_PROVISIONAL_DATA,MISSING_FINANCE_DATA,Do not promote to stage_2+ until provisional or official finance data exists.
IHK,True,True,True,UPCoM,"Dịch vụ Tiêu dùng / Truyền thông / Truyền thông / Sách, ấn bản & sản phẩm văn hóa",True,False,PARTIAL_PROVISIONAL_DATA,MISSING_FINANCE_DATA,Do not promote to stage_2+ until provisional or official finance data exists.
IJC,True,True,True,HOSE,Tài chính / Bất động sản / Bất động sản / Bất động sản,True,False,PARTIAL_PROVISIONAL_DATA,MISSING_FINANCE_DATA,Do not promote to stage_2+ until provisional or official finance data exists.
ILA,True,True,True,UPCoM,Công nghiệp / Xây dựng và Vật liệu / Xây dựng và Vật liệu / Vật liệu xây dựng & Nội thất,True,False,PARTIAL_PROVISIONAL_DATA,MISSING_FINANCE_DATA,Do not promote to stage_2+ until provisional or official finance data exists.
ILB,True,True,True,HOSE,"Công nghiệp / Hàng & Dịch vụ Công nghiệp / Vận tải / Kho bãi, hậu cần và bảo dưỡng",True,False,PARTIAL_PROVISIONAL_DATA,MISSING_FINANCE_DATA,Do not promote to stage_2+ until provisional or official finance data exists.
ILC,True,True,True,UPCoM,Công nghiệp / Hàng & Dịch vụ Công nghiệp / Tư vấn & Hỗ trợ Kinh doanh / Đào tạo & Việc làm,True,False,PARTIAL_PROVISIONAL_DATA,MISSING_FINANCE_DATA,Do not promote to stage_2+ until provisional or official finance data exists.
ILS,True,True,True,UPCoM,Công nghiệp / Hàng & Dịch vụ Công nghiệp / Hàng công nghiệp / Containers & Đóng gói,False,False,INSUFFICIENT_DATA,MISSING_MARKET_DATA,Do not promote to stage_2+ until market data is present.
IME,True,True,True,UPCoM,Công nghiệp / Hàng & Dịch vụ Công nghiệp / Công nghiệp nặng / Máy công nghiệp,False,False,INSUFFICIENT_DATA,MISSING_MARKET_DATA,Do not promote to stage_2+ until market data is present.
IMP,True,True,True,HOSE,Dược phẩm và Y tế / Y tế / Dược phẩm / Dược phẩm,True,False,PARTIAL_PROVISIONAL_DATA,MISSING_FINANCE_DATA,Do not promote to stage_2+ until provisional or official finance data exists.
IN4,True,True,True,UPCoM,"Dịch vụ Tiêu dùng / Truyền thông / Truyền thông / Sách, ấn bản & sản phẩm văn hóa",False,False,INSUFFICIENT_DATA,MISSING_MARKET_DATA,Do not promote to stage_2+ until market data is present.
INC,True,True,True,HNX,Công nghiệp / Xây dựng và Vật liệu / Xây dựng và Vật liệu / Xây dựng,False,False,INSUFFICIENT_DATA,MISSING_MARKET_DATA,Do not promote to stage_2+ until market data is present.
ING,True,True,True,UPCoM,Công nghiệp / Xây dựng và Vật liệu / Xây dựng và Vật liệu / Xây dựng,False,False,INSUFFICIENT_DATA,MISSING_MARKET_DATA,Do not promote to stage_2+ until market data is present.
INN,True,True,True,HNX,Công nghiệp / Hàng & Dịch vụ Công nghiệp / Hàng công nghiệp / Containers & Đóng gói,True,False,PARTIAL_PROVISIONAL_DATA,MISSING_FINANCE_DATA,Do not promote to stage_2+ until provisional or official finance data exists.
IPA,True,True,True,HNX,Công nghiệp / Hàng & Dịch vụ Công nghiệp / Tư vấn & Hỗ trợ Kinh doanh / Tư vấn & Hỗ trợ KD,True,False,PARTIAL_PROVISIONAL_DATA,MISSING_FINANCE_DATA,Do not promote to stage_2+ until provisional or official finance data exists.
IPH,True,True,True,UPCoM,Công nghiệp / Dịch vụ thương mại và chuyên nghiệp / Dịch vụ và thiết bị thương mại,False,False,INSUFFICIENT_DATA,MISSING_MARKET_DATA,Do not promote to stage_2+ until market data is present.
IRC,True,True,True,UPCoM,"Nguyên vật liệu / Hóa chất / Hóa chất / Nhựa, cao su & sợi",False,False,INSUFFICIENT_DATA,MISSING_MARKET_DATA,Do not promote to stage_2+ until market data is present.
ISG,True,True,True,UPCoM,Công nghiệp / Hàng & Dịch vụ Công nghiệp / Vận tải / Vận tải Thủy,True,False,PARTIAL_PROVISIONAL_DATA,MISSING_FINANCE_DATA,Do not promote to stage_2+ until provisional or official finance data exists.
ISH,True,True,True,UPCoM,"Tiện ích Cộng đồng / Điện, nước & xăng dầu khí đốt / Sản xuất & Phân phối Điện / Sản xuất & Phân phối Điện",True,False,PARTIAL_PROVISIONAL_DATA,MISSING_FINANCE_DATA,Do not promote to stage_2+ until provisional or official finance data exists.
IST,True,True,True,UPCoM,"Công nghiệp / Hàng & Dịch vụ Công nghiệp / Vận tải / Kho bãi, hậu cần và bảo dưỡng",True,False,PARTIAL_PROVISIONAL_DATA,MISSING_FINANCE_DATA,Do not promote to stage_2+ until provisional or official finance data exists.
ITA,True,True,True,UPCoM,Tài chính / Bất động sản / Bất động sản / Bất động sản,False,False,INSUFFICIENT_DATA,MISSING_MARKET_DATA,Do not promote to stage_2+ until market data is present.
ITC,True,True,True,HOSE,Tài chính / Bất động sản / Bất động sản / Bất động sản,True,False,PARTIAL_PROVISIONAL_DATA,MISSING_FINANCE_DATA,Do not promote to stage_2+ until provisional or official finance data exists.
ITD,True,True,True,HOSE,Công nghệ Thông tin / Công nghệ Thông tin / Phần mềm & Dịch vụ Máy tính / Phần mềm,True,False,PARTIAL_PROVISIONAL_DATA,MISSING_FINANCE_DATA,Do not promote to stage_2+ until provisional or official finance data exists.
ITQ,True,True,True,HNX,Nguyên vật liệu / Tài nguyên Cơ bản / Kim loại / Thép và sản phẩm thép,True,False,PARTIAL_PROVISIONAL_DATA,MISSING_FINANCE_DATA,Do not promote to stage_2+ until provisional or official finance data exists.
ITS,True,True,True,UPCoM,Công nghiệp / Hàng & Dịch vụ Công nghiệp / Công nghiệp nặng / Máy công nghiệp,True,False,PARTIAL_PROVISIONAL_DATA,MISSING_FINANCE_DATA,Do not promote to stage_2+ until provisional or official finance data exists.
IVS,True,True,True,HNX,Tài chính / Dịch vụ tài chính / Dịch vụ tài chính / Môi giới chứng khoán,True,False,PARTIAL_PROVISIONAL_DATA,MISSING_FINANCE_DATA,Do not promote to stage_2+ until provisional or official finance data exists.
JOS,True,True,True,UPCoM,Hàng Tiêu dùng / Thực phẩm và đồ uống / Sản xuất thực phẩm / Nuôi trồng nông & hải sản,True,False,PARTIAL_PROVISIONAL_DATA,MISSING_FINANCE_DATA,Do not promote to stage_2+ until provisional or official finance data exists.
JVC,True,True,True,HOSE,Dược phẩm và Y tế / Y tế / Thiết bị và Dịch vụ Y tế / Thiết bị y tế,True,False,PARTIAL_PROVISIONAL_DATA,MISSING_FINANCE_DATA,Do not promote to stage_2+ until provisional or official finance data exists.
KAC,True,True,True,UPCoM,Tài chính / Bất động sản / Bất động sản / Bất động sản,False,False,INSUFFICIENT_DATA,MISSING_MARKET_DATA,Do not promote to stage_2+ until market data is present.
KBC,True,True,True,HOSE,Tài chính / Bất động sản / Bất động sản / Bất động sản,True,False,PARTIAL_PROVISIONAL_DATA,MISSING_FINANCE_DATA,Do not promote to stage_2+ until provisional or official finance data exists.
KCB,True,True,True,UPCoM,Nguyên vật liệu / Tài nguyên Cơ bản / Khai khoáng / Khai khoáng,True,False,PARTIAL_PROVISIONAL_DATA,MISSING_FINANCE_DATA,Do not promote to stage_2+ until provisional or official finance data exists.
KCE,True,True,True,UPCoM,Công nghiệp / Xây dựng và Vật liệu / Xây dựng và Vật liệu / Vật liệu xây dựng & Nội thất,True,False,PARTIAL_PROVISIONAL_DATA,MISSING_FINANCE_DATA,Do not promote to stage_2+ until provisional or official finance data exists.
KDC,True,True,True,HOSE,Hàng Tiêu dùng / Thực phẩm và đồ uống / Sản xuất thực phẩm / Thực phẩm,True,False,PARTIAL_PROVISIONAL_DATA,MISSING_FINANCE_DATA,Do not promote to stage_2+ until provisional or official finance data exists.
KDH,True,True,True,HOSE,Tài chính / Bất động sản / Bất động sản / Bất động sản,True,False,PARTIAL_PROVISIONAL_DATA,MISSING_FINANCE_DATA,Do not promote to stage_2+ until provisional or official finance data exists.
KDM,True,True,True,HNX,Công nghiệp / Xây dựng và Vật liệu / Xây dựng và Vật liệu / Xây dựng,True,False,PARTIAL_PROVISIONAL_DATA,MISSING_FINANCE_DATA,Do not promote to stage_2+ until provisional or official finance data exists.
KGM,True,True,True,UPCoM,Dịch vụ Tiêu dùng / Bán lẻ / Bán lẻ / Bán lẻ phức hợp,True,False,PARTIAL_PROVISIONAL_DATA,MISSING_FINANCE_DATA,Do not promote to stage_2+ until provisional or official finance data exists.
KHA,True,True,True,UPCoM,Tài chính / Bất động sản / Bất động sản / Bất động sản,True,False,PARTIAL_PROVISIONAL_DATA,MISSING_FINANCE_DATA,Do not promote to stage_2+ until provisional or official finance data exists.
KHB,True,True,True,UPCoM,Nguyên vật liệu / Tài nguyên Cơ bản / Khai khoáng / Khai khoáng,True,False,PARTIAL_PROVISIONAL_DATA,MISSING_FINANCE_DATA,Do not promote to stage_2+ until provisional or official finance data exists.
KHD,True,True,True,UPCoM,Nguyên vật liệu / Tài nguyên Cơ bản / Khai khoáng / Khai khoáng,True,False,PARTIAL_PROVISIONAL_DATA,MISSING_FINANCE_DATA,Do not promote to stage_2+ until provisional or official finance data exists.
KHG,True,True,True,HOSE,Tài chính / Bất động sản / Bất động sản / Bất động sản,True,False,PARTIAL_PROVISIONAL_DATA,MISSING_FINANCE_DATA,Do not promote to stage_2+ until provisional or official finance data exists.
KHL,True,True,True,HOSE,Công nghiệp / Xây dựng và Vật liệu / Xây dựng và Vật liệu / Vật liệu xây dựng & Nội thất,True,False,PARTIAL_PROVISIONAL_DATA,MISSING_FINANCE_DATA,Do not promote to stage_2+ until provisional or official finance data exists.
KHP,True,True,True,HOSE,"Tiện ích Cộng đồng / Điện, nước & xăng dầu khí đốt / Sản xuất & Phân phối Điện / Sản xuất & Phân phối Điện",True,False,PARTIAL_PROVISIONAL_DATA,MISSING_FINANCE_DATA,Do not promote to stage_2+ until provisional or official finance data exists.
KHS,True,True,True,HNX,Hàng Tiêu dùng / Thực phẩm và đồ uống / Sản xuất thực phẩm / Nuôi trồng nông & hải sản,True,False,PARTIAL_PROVISIONAL_DATA,MISSING_FINANCE_DATA,Do not promote to stage_2+ until provisional or official finance data exists.
KHW,True,True,True,UPCoM,"Tiện ích Cộng đồng / Điện, nước & xăng dầu khí đốt / Nước & Khí đốt / Nước",True,False,PARTIAL_PROVISIONAL_DATA,MISSING_FINANCE_DATA,Do not promote to stage_2+ until provisional or official finance data exists.
KHX,True,True,True,UPCoM,"Dịch vụ Tiêu dùng / Truyền thông / Truyền thông / Sách, ấn bản & sản phẩm văn hóa",False,False,INSUFFICIENT_DATA,MISSING_MARKET_DATA,Do not promote to stage_2+ until market data is present.
KIP,True,True,True,UPCoM,Công nghiệp / Hàng & Dịch vụ Công nghiệp / Điện tử & Thiết bị điện / Thiết bị điện,True,False,PARTIAL_PROVISIONAL_DATA,MISSING_FINANCE_DATA,Do not promote to stage_2+ until provisional or official finance data exists.
KKC,True,True,True,HNX,Nguyên vật liệu / Tài nguyên Cơ bản / Kim loại / Thép và sản phẩm thép,True,False,PARTIAL_PROVISIONAL_DATA,MISSING_FINANCE_DATA,Do not promote to stage_2+ until provisional or official finance data exists.
KLB,True,True,True,HOSE,Ngân hàng / Ngân hàng / Ngân hàng / Ngân hàng,True,False,PARTIAL_PROVISIONAL_DATA,MISSING_FINANCE_DATA,Do not promote to stage_2+ until provisional or official finance data exists.
KLF,True,True,True,UPCoM,Dịch vụ Tiêu dùng / Du lịch và Giải trí / Du lịch & Giải trí / Dịch vụ giải trí,False,False,INSUFFICIENT_DATA,MISSING_MARKET_DATA,Do not promote to stage_2+ until market data is present.
KLM,True,True,True,UPCoM,Nguyên vật liệu / Tài nguyên Cơ bản / Kim loại / Kim Loại màu,True,False,PARTIAL_PROVISIONAL_DATA,MISSING_FINANCE_DATA,Do not promote to stage_2+ until provisional or official finance data exists.
KMR,True,True,True,HOSE,Hàng Tiêu dùng / Hàng cá nhân & Gia dụng / Hàng cá nhân / Hàng May mặc,True,False,PARTIAL_PROVISIONAL_DATA,MISSING_FINANCE_DATA,Do not promote to stage_2+ until provisional or official finance data exists.
KMT,True,True,True,HNX,Nguyên vật liệu / Tài nguyên Cơ bản / Kim loại / Thép và sản phẩm thép,True,False,PARTIAL_PROVISIONAL_DATA,MISSING_FINANCE_DATA,Do not promote to stage_2+ until provisional or official finance data exists.
KOS,True,True,True,HOSE,Tài chính / Bất động sản / Bất động sản / Bất động sản,True,False,PARTIAL_PROVISIONAL_DATA,MISSING_FINANCE_DATA,Do not promote to stage_2+ until provisional or official finance data exists.
KPF,True,True,True,HOSE,Công nghiệp / Xây dựng và Vật liệu / Xây dựng và Vật liệu / Vật liệu xây dựng & Nội thất,False,False,INSUFFICIENT_DATA,MISSING_MARKET_DATA,Do not promote to stage_2+ until market data is present.
KSB,True,True,True,HOSE,Công nghiệp / Xây dựng và Vật liệu / Xây dựng và Vật liệu / Vật liệu xây dựng & Nội thất,True,False,PARTIAL_PROVISIONAL_DATA,MISSING_FINANCE_DATA,Do not promote to stage_2+ until provisional or official finance data exists.
KSD,True,True,True,HNX,Hàng Tiêu dùng / Hàng cá nhân & Gia dụng / Hàng gia dụng / Đồ gia dụng lâu bền,True,False,PARTIAL_PROVISIONAL_DATA,MISSING_FINANCE_DATA,Do not promote to stage_2+ until provisional or official finance data exists.
KSF,True,True,True,HNX,Tài chính / Bất động sản / Bất động sản / Bất động sản,True,False,PARTIAL_PROVISIONAL_DATA,MISSING_FINANCE_DATA,Do not promote to stage_2+ until provisional or official finance data exists.
KSH,True,True,True,UPCoM,Hàng Tiêu dùng / Thực phẩm và đồ uống / Sản xuất thực phẩm / Nuôi trồng nông & hải sản,False,False,INSUFFICIENT_DATA,MISSING_MARKET_DATA,Do not promote to stage_2+ until market data is present.
KSQ,True,True,True,UPCoM,Công nghiệp / Xây dựng và Vật liệu / Xây dựng và Vật liệu / Vật liệu xây dựng & Nội thất,True,False,PARTIAL_PROVISIONAL_DATA,MISSING_FINANCE_DATA,Do not promote to stage_2+ until provisional or official finance data exists.
KSS,True,True,True,HOSE,Nguyên vật liệu / Tài nguyên Cơ bản / Khai khoáng / Khai khoáng,True,False,PARTIAL_PROVISIONAL_DATA,MISSING_FINANCE_DATA,Do not promote to stage_2+ until provisional or official finance data exists.
KST,True,True,True,HNX,Công nghệ Thông tin / Công nghệ Thông tin / Thiết bị và Phần cứng / Thiết bị viễn thông,True,False,PARTIAL_PROVISIONAL_DATA,MISSING_FINANCE_DATA,Do not promote to stage_2+ until provisional or official finance data exists.
KSV,True,True,True,HNX,Nguyên vật liệu / Tài nguyên Cơ bản / Khai khoáng / Khai khoáng,True,False,PARTIAL_PROVISIONAL_DATA,MISSING_FINANCE_DATA,Do not promote to stage_2+ until provisional or official finance data exists.
KTC,True,True,True,UPCoM,Hàng Tiêu dùng / Thực phẩm và đồ uống / Sản xuất thực phẩm / Thực phẩm,False,False,INSUFFICIENT_DATA,MISSING_MARKET_DATA,Do not promote to stage_2+ until market data is present.
KTL,True,True,True,UPCoM,Nguyên vật liệu / Tài nguyên Cơ bản / Kim loại / Thép và sản phẩm thép,False,False,INSUFFICIENT_DATA,MISSING_MARKET_DATA,Do not promote to stage_2+ until market data is present.
KTS,True,True,True,HNX,Hàng Tiêu dùng / Thực phẩm và đồ uống / Sản xuất thực phẩm / Thực phẩm,True,False,PARTIAL_PROVISIONAL_DATA,MISSING_FINANCE_DATA,Do not promote to stage_2+ until provisional or official finance data exists.
KTT,True,True,True,UPCoM,Công nghiệp / Xây dựng và Vật liệu / Xây dựng và Vật liệu / Xây dựng,False,False,INSUFFICIENT_DATA,MISSING_MARKET_DATA,Do not promote to stage_2+ until market data is present.
KTW,True,True,True,UPCoM,"Tiện ích Cộng đồng / Điện, nước & xăng dầu khí đốt / Nước & Khí đốt / Nước",False,False,INSUFFICIENT_DATA,MISSING_MARKET_DATA,Do not promote to stage_2+ until market data is present.
KVC,True,True,True,UPCoM,Nguyên vật liệu / Tài nguyên Cơ bản / Kim loại / Thép và sản phẩm thép,True,False,PARTIAL_PROVISIONAL_DATA,MISSING_FINANCE_DATA,Do not promote to stage_2+ until provisional or official finance data exists.
KWA,True,True,True,UPCoM,"Tiện ích Cộng đồng / Điện, nước & xăng dầu khí đốt / Nước & Khí đốt / Nước",False,False,INSUFFICIENT_DATA,MISSING_MARKET_DATA,Do not promote to stage_2+ until market data is present.
L10,True,True,True,HOSE,Công nghiệp / Hàng & Dịch vụ Công nghiệp / Công nghiệp nặng / Máy công nghiệp,True,False,PARTIAL_PROVISIONAL_DATA,MISSING_FINANCE_DATA,Do not promote to stage_2+ until provisional or official finance data exists.
L12,True,True,True,UPCoM,Công nghiệp / Xây dựng và Vật liệu / Xây dựng và Vật liệu / Xây dựng,True,False,PARTIAL_PROVISIONAL_DATA,MISSING_FINANCE_DATA,Do not promote to stage_2+ until provisional or official finance data exists.
L14,True,True,True,HNX,Công nghiệp / Xây dựng và Vật liệu / Xây dựng và Vật liệu / Xây dựng,True,False,PARTIAL_PROVISIONAL_DATA,MISSING_FINANCE_DATA,Do not promote to stage_2+ until provisional or official finance data exists.
L18,True,True,True,HNX,Công nghiệp / Xây dựng và Vật liệu / Xây dựng và Vật liệu / Xây dựng,True,False,PARTIAL_PROVISIONAL_DATA,MISSING_FINANCE_DATA,Do not promote to stage_2+ until provisional or official finance data exists.
L35,True,True,True,UPCoM,Công nghiệp / Hàng & Dịch vụ Công nghiệp / Công nghiệp nặng / Máy công nghiệp,True,False,PARTIAL_PROVISIONAL_DATA,MISSING_FINANCE_DATA,Do not promote to stage_2+ until provisional or official finance data exists.
L40,True,True,True,HNX,Công nghiệp / Xây dựng và Vật liệu / Xây dựng và Vật liệu / Xây dựng,True,False,PARTIAL_PROVISIONAL_DATA,MISSING_FINANCE_DATA,Do not promote to stage_2+ until provisional or official finance data exists.
L43,True,True,True,UPCoM,Công nghiệp / Xây dựng và Vật liệu / Xây dựng và Vật liệu / Xây dựng,True,False,PARTIAL_PROVISIONAL_DATA,MISSING_FINANCE_DATA,Do not promote to stage_2+ until provisional or official finance data exists.
L44,True,True,True,UPCoM,Công nghiệp / Hàng & Dịch vụ Công nghiệp / Công nghiệp nặng / Máy công nghiệp,False,False,INSUFFICIENT_DATA,MISSING_MARKET_DATA,Do not promote to stage_2+ until market data is present.
L45,True,True,True,UPCoM,Công nghiệp / Xây dựng và Vật liệu / Xây dựng và Vật liệu / Xây dựng,True,False,PARTIAL_PROVISIONAL_DATA,MISSING_FINANCE_DATA,Do not promote to stage_2+ until provisional or official finance data exists.
L61,True,True,True,UPCoM,Công nghiệp / Hàng & Dịch vụ Công nghiệp / Công nghiệp nặng / Máy công nghiệp,True,False,PARTIAL_PROVISIONAL_DATA,MISSING_FINANCE_DATA,Do not promote to stage_2+ until provisional or official finance data exists.
L62,True,True,True,UPCoM,Công nghiệp / Hàng & Dịch vụ Công nghiệp / Công nghiệp nặng / Máy công nghiệp,True,False,PARTIAL_PROVISIONAL_DATA,MISSING_FINANCE_DATA,Do not promote to stage_2+ until provisional or official finance data exists.
L63,True,True,True,UPCoM,Công nghiệp / Hàng & Dịch vụ Công nghiệp / Công nghiệp nặng / Máy công nghiệp,False,False,INSUFFICIENT_DATA,MISSING_MARKET_DATA,Do not promote to stage_2+ until market data is present.
LAF,True,True,True,HOSE,Hàng Tiêu dùng / Thực phẩm và đồ uống / Sản xuất thực phẩm / Thực phẩm,True,False,PARTIAL_PROVISIONAL_DATA,MISSING_FINANCE_DATA,Do not promote to stage_2+ until provisional or official finance data exists.
LAI,True,True,True,UPCoM,Công nghiệp / Xây dựng và Vật liệu / Xây dựng và Vật liệu / Xây dựng,True,False,PARTIAL_PROVISIONAL_DATA,MISSING_FINANCE_DATA,Do not promote to stage_2+ until provisional or official finance data exists.
LAS,True,True,True,HNX,"Nguyên vật liệu / Hóa chất / Hóa chất / Sản phẩm hóa dầu, Nông dược & Hóa chất khác",True,False,PARTIAL_PROVISIONAL_DATA,MISSING_FINANCE_DATA,Do not promote to stage_2+ until provisional or official finance data exists.
LAW,True,True,True,UPCoM,"Tiện ích Cộng đồng / Điện, nước & xăng dầu khí đốt / Nước & Khí đốt / Nước",True,False,PARTIAL_PROVISIONAL_DATA,MISSING_FINANCE_DATA,Do not promote to stage_2+ until provisional or official finance data exists.
LBC,True,True,True,UPCoM,Dịch vụ Tiêu dùng / Bán lẻ / Bán lẻ / Bán lẻ phức hợp,False,False,INSUFFICIENT_DATA,MISSING_MARKET_DATA,Do not promote to stage_2+ until market data is present.
LBE,True,True,True,HNX,Hàng Tiêu dùng / Hàng cá nhân & Gia dụng / Hàng cá nhân / Hàng cá nhân,True,False,PARTIAL_PROVISIONAL_DATA,MISSING_FINANCE_DATA,Do not promote to stage_2+ until provisional or official finance data exists.
LBM,True,True,True,HOSE,Công nghiệp / Xây dựng và Vật liệu / Xây dựng và Vật liệu / Vật liệu xây dựng & Nội thất,True,False,PARTIAL_PROVISIONAL_DATA,MISSING_FINANCE_DATA,Do not promote to stage_2+ until provisional or official finance data exists.
LCC,True,True,True,UPCoM,Công nghiệp / Xây dựng và Vật liệu / Xây dựng và Vật liệu / Vật liệu xây dựng & Nội thất,False,False,INSUFFICIENT_DATA,MISSING_MARKET_DATA,Do not promote to stage_2+ until market data is present.
LCD,True,True,True,HNX,Công nghiệp / Xây dựng và Vật liệu / Xây dựng và Vật liệu / Xây dựng,False,False,INSUFFICIENT_DATA,MISSING_MARKET_DATA,Do not promote to stage_2+ until market data is present.
LCG,True,True,True,HOSE,Công nghiệp / Xây dựng và Vật liệu / Xây dựng và Vật liệu / Xây dựng,True,False,PARTIAL_PROVISIONAL_DATA,MISSING_FINANCE_DATA,Do not promote to stage_2+ until provisional or official finance data exists.
LCM,True,True,True,UPCoM,Nguyên vật liệu / Tài nguyên Cơ bản / Khai khoáng / Khai khoáng,True,False,PARTIAL_PROVISIONAL_DATA,MISSING_FINANCE_DATA,Do not promote to stage_2+ until provisional or official finance data exists.
LCS,True,True,True,UPCoM,Công nghiệp / Xây dựng và Vật liệu / Xây dựng và Vật liệu / Xây dựng,True,False,PARTIAL_PROVISIONAL_DATA,MISSING_FINANCE_DATA,Do not promote to stage_2+ until provisional or official finance data exists.
LCW,True,True,True,UPCoM,"Tiện ích Cộng đồng / Điện, nước & xăng dầu khí đốt / Nước & Khí đốt / Nước",True,False,PARTIAL_PROVISIONAL_DATA,MISSING_FINANCE_DATA,Do not promote to stage_2+ until provisional or official finance data exists.
LDG,True,True,True,HOSE,Tài chính / Bất động sản / Bất động sản / Bất động sản,True,False,PARTIAL_PROVISIONAL_DATA,MISSING_FINANCE_DATA,Do not promote to stage_2+ until provisional or official finance data exists.
LDP,True,True,True,HNX,Dược phẩm và Y tế / Y tế / Dược phẩm / Dược phẩm,True,False,PARTIAL_PROVISIONAL_DATA,MISSING_FINANCE_DATA,Do not promote to stage_2+ until provisional or official finance data exists.
LDW,True,True,True,UPCoM,"Tiện ích Cộng đồng / Điện, nước & xăng dầu khí đốt / Nước & Khí đốt / Nước",False,False,INSUFFICIENT_DATA,MISSING_MARKET_DATA,Do not promote to stage_2+ until market data is present.
LEC,True,True,True,UPCoM,Tài chính / Bất động sản / Bất động sản / Bất động sản,False,False,INSUFFICIENT_DATA,MISSING_MARKET_DATA,Do not promote to stage_2+ until market data is present.
LG9,True,True,True,UPCoM,Công nghiệp / Xây dựng và Vật liệu / Xây dựng và Vật liệu / Xây dựng,True,False,PARTIAL_PROVISIONAL_DATA,MISSING_FINANCE_DATA,Do not promote to stage_2+ until provisional or official finance data exists.
LGC,True,True,True,HOSE,Công nghiệp / Xây dựng và Vật liệu / Xây dựng và Vật liệu / Xây dựng,False,False,INSUFFICIENT_DATA,MISSING_MARKET_DATA,Do not promote to stage_2+ until market data is present.
LGL,True,True,True,HOSE,Tài chính / Bất động sản / Bất động sản / Bất động sản,True,False,PARTIAL_PROVISIONAL_DATA,MISSING_FINANCE_DATA,Do not promote to stage_2+ until provisional or official finance data exists.
LGM,True,True,True,UPCoM,Hàng Tiêu dùng / Hàng cá nhân & Gia dụng / Hàng cá nhân / Hàng May mặc,False,False,INSUFFICIENT_DATA,MISSING_MARKET_DATA,Do not promote to stage_2+ until market data is present.
LHC,True,True,True,HNX,Công nghiệp / Xây dựng và Vật liệu / Xây dựng và Vật liệu / Xây dựng,True,False,PARTIAL_PROVISIONAL_DATA,MISSING_FINANCE_DATA,Do not promote to stage_2+ until provisional or official finance data exists.
LHG,True,True,True,HOSE,Tài chính / Bất động sản / Bất động sản / Bất động sản,True,False,PARTIAL_PROVISIONAL_DATA,MISSING_FINANCE_DATA,Do not promote to stage_2+ until provisional or official finance data exists.
LIC,True,True,True,UPCoM,Công nghiệp / Xây dựng và Vật liệu / Xây dựng và Vật liệu / Xây dựng,True,False,PARTIAL_PROVISIONAL_DATA,MISSING_FINANCE_DATA,Do not promote to stage_2+ until provisional or official finance data exists.
LIG,True,True,True,HNX,Công nghiệp / Xây dựng và Vật liệu / Xây dựng và Vật liệu / Xây dựng,True,False,PARTIAL_PROVISIONAL_DATA,MISSING_FINANCE_DATA,Do not promote to stage_2+ until provisional or official finance data exists.
LIX,True,True,True,HOSE,Hàng Tiêu dùng / Hàng cá nhân & Gia dụng / Hàng cá nhân / Hàng cá nhân,True,False,PARTIAL_PROVISIONAL_DATA,MISSING_FINANCE_DATA,Do not promote to stage_2+ until provisional or official finance data exists.
LKW,True,True,True,UPCoM,"Tiện ích Cộng đồng / Điện, nước & xăng dầu khí đốt / Nước & Khí đốt / Nước",True,False,PARTIAL_PROVISIONAL_DATA,MISSING_FINANCE_DATA,Do not promote to stage_2+ until provisional or official finance data exists.
LLM,True,True,True,UPCoM,Công nghiệp / Hàng & Dịch vụ Công nghiệp / Công nghiệp nặng / Máy công nghiệp,True,False,PARTIAL_PROVISIONAL_DATA,MISSING_FINANCE_DATA,Do not promote to stage_2+ until provisional or official finance data exists.
LM3,True,True,True,UPCoM,Công nghiệp / Xây dựng và Vật liệu / Xây dựng và Vật liệu / Xây dựng,False,False,INSUFFICIENT_DATA,MISSING_MARKET_DATA,Do not promote to stage_2+ until market data is present.
LM7,True,True,True,UPCoM,Công nghiệp / Hàng & Dịch vụ Công nghiệp / Công nghiệp nặng / Máy công nghiệp,True,False,PARTIAL_PROVISIONAL_DATA,MISSING_FINANCE_DATA,Do not promote to stage_2+ until provisional or official finance data exists.
LM8,True,True,True,HOSE,Công nghiệp / Xây dựng và Vật liệu / Xây dựng và Vật liệu / Xây dựng,True,False,PARTIAL_PROVISIONAL_DATA,MISSING_FINANCE_DATA,Do not promote to stage_2+ until provisional or official finance data exists.
LMC,True,True,True,UPCoM,Nguyên vật liệu / Tài nguyên Cơ bản / Khai khoáng / Khai khoáng,True,False,PARTIAL_PROVISIONAL_DATA,MISSING_FINANCE_DATA,Do not promote to stage_2+ until provisional or official finance data exists.
LMH,True,True,True,UPCoM,Tài chính / Bất động sản / Bất động sản / Bất động sản,True,False,PARTIAL_PROVISIONAL_DATA,MISSING_FINANCE_DATA,Do not promote to stage_2+ until provisional or official finance data exists.
LMI,True,True,True,UPCoM,Công nghiệp / Hàng & Dịch vụ Công nghiệp / Công nghiệp nặng / Máy công nghiệp,False,False,INSUFFICIENT_DATA,MISSING_MARKET_DATA,Do not promote to stage_2+ until market data is present.
LNC,True,True,True,UPCoM,"Nguyên vật liệu / Hóa chất / Hóa chất / Nhựa, cao su & sợi",False,False,INSUFFICIENT_DATA,MISSING_MARKET_DATA,Do not promote to stage_2+ until market data is present.
LO5,True,True,True,UPCoM,Công nghiệp / Hàng & Dịch vụ Công nghiệp / Công nghiệp nặng / Máy công nghiệp,True,False,PARTIAL_PROVISIONAL_DATA,MISSING_FINANCE_DATA,Do not promote to stage_2+ until provisional or official finance data exists.
LPB,True,True,True,HOSE,Ngân hàng / Ngân hàng / Ngân hàng / Ngân hàng,True,False,PARTIAL_PROVISIONAL_DATA,MISSING_FINANCE_DATA,Do not promote to stage_2+ until provisional or official finance data exists.
LPT,True,True,True,UPCoM,Công nghiệp / Hàng & Dịch vụ Công nghiệp / Tư vấn & Hỗ trợ Kinh doanh / Đào tạo & Việc làm,True,False,PARTIAL_PROVISIONAL_DATA,MISSING_FINANCE_DATA,Do not promote to stage_2+ until provisional or official finance data exists.
LQN,True,True,True,UPCoM,Công nghiệp / Xây dựng và Vật liệu / Xây dựng và Vật liệu / Xây dựng,False,False,INSUFFICIENT_DATA,MISSING_MARKET_DATA,Do not promote to stage_2+ until market data is present.
LSG,True,True,True,UPCoM,Tài chính / Bất động sản / Bất động sản / Bất động sản,True,False,PARTIAL_PROVISIONAL_DATA,MISSING_FINANCE_DATA,Do not promote to stage_2+ until provisional or official finance data exists.
LSS,True,True,True,HOSE,Hàng Tiêu dùng / Thực phẩm và đồ uống / Sản xuất thực phẩm / Thực phẩm,True,False,PARTIAL_PROVISIONAL_DATA,MISSING_FINANCE_DATA,Do not promote to stage_2+ until provisional or official finance data exists.
LTC,True,True,True,UPCoM,Công nghệ Thông tin / Công nghệ Thông tin / Thiết bị và Phần cứng / Phần cứng,True,False,PARTIAL_PROVISIONAL_DATA,MISSING_FINANCE_DATA,Do not promote to stage_2+ until provisional or official finance data exists.
LTG,True,True,True,UPCoM,Hàng Tiêu dùng / Thực phẩm và đồ uống / Sản xuất thực phẩm / Nuôi trồng nông & hải sản,True,False,PARTIAL_PROVISIONAL_DATA,MISSING_FINANCE_DATA,Do not promote to stage_2+ until provisional or official finance data exists.
LUT,True,True,True,UPCoM,Công nghiệp / Xây dựng và Vật liệu / Xây dựng và Vật liệu / Xây dựng,True,False,PARTIAL_PROVISIONAL_DATA,MISSING_FINANCE_DATA,Do not promote to stage_2+ until provisional or official finance data exists.
LWS,True,True,True,UPCoM,"Tiện ích Cộng đồng / Điện, nước & xăng dầu khí đốt / Nước & Khí đốt / Nước",True,False,PARTIAL_PROVISIONAL_DATA,MISSING_FINANCE_DATA,Do not promote to stage_2+ until provisional or official finance data exists.
LYF,True,True,True,UPCoM,Hàng Tiêu dùng / Thực phẩm và đồ uống / Sản xuất thực phẩm / Thực phẩm,False,False,INSUFFICIENT_DATA,MISSING_MARKET_DATA,Do not promote to stage_2+ until market data is present.
M10,True,True,True,UPCoM,Hàng Tiêu dùng / Hàng cá nhân & Gia dụng / Hàng cá nhân / Hàng May mặc,True,False,PARTIAL_PROVISIONAL_DATA,MISSING_FINANCE_DATA,Do not promote to stage_2+ until provisional or official finance data exists.
MA1,True,True,True,UPCoM,Tài chính / Bất động sản / Bất động sản / Bất động sản,True,False,PARTIAL_PROVISIONAL_DATA,MISSING_FINANCE_DATA,Do not promote to stage_2+ until provisional or official finance data exists.
MAC,True,True,True,HNX,Công nghiệp / Hàng & Dịch vụ Công nghiệp / Công nghiệp nặng / Xe tải & Đóng tàu,True,False,PARTIAL_PROVISIONAL_DATA,MISSING_FINANCE_DATA,Do not promote to stage_2+ until provisional or official finance data exists.
MAS,True,True,True,HNX,Dịch vụ Tiêu dùng / Du lịch và Giải trí / Du lịch & Giải trí / Vận tải hành khách & Du lịch,True,False,PARTIAL_PROVISIONAL_DATA,MISSING_FINANCE_DATA,Do not promote to stage_2+ until provisional or official finance data exists.
MBB,True,True,True,HOSE,Ngân hàng / Ngân hàng / Ngân hàng / Ngân hàng,True,False,PARTIAL_PROVISIONAL_DATA,MISSING_FINANCE_DATA,Do not promote to stage_2+ until provisional or official finance data exists.
MBG,True,True,True,HNX,Công nghiệp / Xây dựng và Vật liệu / Xây dựng và Vật liệu / Vật liệu xây dựng & Nội thất,True,False,PARTIAL_PROVISIONAL_DATA,MISSING_FINANCE_DATA,Do not promote to stage_2+ until provisional or official finance data exists.
MBN,True,True,True,UPCoM,Công nghiệp / Hàng & Dịch vụ Công nghiệp / Tư vấn & Hỗ trợ Kinh doanh / Chất thải & Môi trường,False,False,INSUFFICIENT_DATA,MISSING_MARKET_DATA,Do not promote to stage_2+ until market data is present.
MBS,True,True,True,HNX,Tài chính / Dịch vụ tài chính / Dịch vụ tài chính / Môi giới chứng khoán,True,False,PARTIAL_PROVISIONAL_DATA,MISSING_FINANCE_DATA,Do not promote to stage_2+ until provisional or official finance data exists.
MBT,True,True,True,UPCoM,Tài chính / Bất động sản / Bất động sản / Bất động sản,False,False,INSUFFICIENT_DATA,MISSING_MARKET_DATA,Do not promote to stage_2+ until market data is present.
MC3,True,True,True,UPCoM,Nguyên vật liệu / Tài nguyên Cơ bản / Khai khoáng / Khai khoáng,False,False,INSUFFICIENT_DATA,MISSING_MARKET_DATA,Do not promote to stage_2+ until market data is present.
MCC,True,True,True,HNX,Công nghiệp / Xây dựng và Vật liệu / Xây dựng và Vật liệu / Vật liệu xây dựng & Nội thất,False,False,INSUFFICIENT_DATA,MISSING_MARKET_DATA,Do not promote to stage_2+ until market data is present.
MCD,True,True,True,,Công nghiệp / Hàng & Dịch vụ Công nghiệp / Tư vấn & Hỗ trợ Kinh doanh / Chất thải & Môi trường,False,False,INSUFFICIENT_DATA,UNKNOWN_EXCHANGE,Verify exchange/listing identity before stage_2+.
MCF,True,True,True,HNX,Hàng Tiêu dùng / Thực phẩm và đồ uống / Sản xuất thực phẩm / Thực phẩm,True,False,PARTIAL_PROVISIONAL_DATA,MISSING_FINANCE_DATA,Do not promote to stage_2+ until provisional or official finance data exists.
MCG,True,True,True,UPCoM,Công nghiệp / Xây dựng và Vật liệu / Xây dựng và Vật liệu / Xây dựng,True,False,PARTIAL_PROVISIONAL_DATA,MISSING_FINANCE_DATA,Do not promote to stage_2+ until provisional or official finance data exists.
MCH,True,True,True,HOSE,Hàng Tiêu dùng / Thực phẩm và đồ uống / Sản xuất thực phẩm / Thực phẩm,True,False,PARTIAL_PROVISIONAL_DATA,MISSING_FINANCE_DATA,Do not promote to stage_2+ until provisional or official finance data exists.
MCI,True,True,True,UPCoM,Công nghiệp / Xây dựng và Vật liệu / Xây dựng và Vật liệu / Vật liệu xây dựng & Nội thất,True,False,PARTIAL_PROVISIONAL_DATA,MISSING_FINANCE_DATA,Do not promote to stage_2+ until provisional or official finance data exists.
MCM,True,True,True,HOSE,Hàng Tiêu dùng / Thực phẩm và đồ uống / Sản xuất thực phẩm / Thực phẩm,True,False,PARTIAL_PROVISIONAL_DATA,MISSING_FINANCE_DATA,Do not promote to stage_2+ until provisional or official finance data exists.
MCO,True,True,True,HNX,Công nghiệp / Xây dựng và Vật liệu / Xây dựng và Vật liệu / Xây dựng,True,False,PARTIAL_PROVISIONAL_DATA,MISSING_FINANCE_DATA,Do not promote to stage_2+ until provisional or official finance data exists.
MCP,True,True,True,HOSE,Công nghiệp / Hàng & Dịch vụ Công nghiệp / Hàng công nghiệp / Containers & Đóng gói,True,False,PARTIAL_PROVISIONAL_DATA,MISSING_FINANCE_DATA,Do not promote to stage_2+ until provisional or official finance data exists.
MDA,True,True,True,UPCoM,Công nghiệp / Hàng & Dịch vụ Công nghiệp / Tư vấn & Hỗ trợ Kinh doanh / Chất thải & Môi trường,False,False,INSUFFICIENT_DATA,MISSING_MARKET_DATA,Do not promote to stage_2+ until market data is present.
MDC,True,True,True,HNX,Nguyên vật liệu / Tài nguyên Cơ bản / Khai khoáng / Khai thác Than,True,False,PARTIAL_PROVISIONAL_DATA,MISSING_FINANCE_DATA,Do not promote to stage_2+ until provisional or official finance data exists.
MDF,True,True,True,UPCoM,Nguyên vật liệu / Tài nguyên Cơ bản / Lâm nghiệp và Giấy / Lâm sản và Chế biến gỗ,True,False,PARTIAL_PROVISIONAL_DATA,MISSING_FINANCE_DATA,Do not promote to stage_2+ until provisional or official finance data exists.
MDG,True,True,True,HOSE,Công nghiệp / Xây dựng và Vật liệu / Xây dựng và Vật liệu / Vật liệu xây dựng & Nội thất,True,False,PARTIAL_PROVISIONAL_DATA,MISSING_FINANCE_DATA,Do not promote to stage_2+ until provisional or official finance data exists.
MEC,True,True,True,UPCoM,Công nghiệp / Xây dựng và Vật liệu / Xây dựng và Vật liệu / Xây dựng,True,False,PARTIAL_PROVISIONAL_DATA,MISSING_FINANCE_DATA,Do not promote to stage_2+ until provisional or official finance data exists.
MED,True,True,True,HNX,Dược phẩm và Y tế / Y tế / Dược phẩm / Dược phẩm,True,False,PARTIAL_PROVISIONAL_DATA,MISSING_FINANCE_DATA,Do not promote to stage_2+ until provisional or official finance data exists.
MEF,True,True,True,UPCoM,Dược phẩm và Y tế / Y tế / Thiết bị và Dịch vụ Y tế / Dụng cụ y tế,False,False,INSUFFICIENT_DATA,MISSING_MARKET_DATA,Do not promote to stage_2+ until market data is present.
MEG,True,True,True,UPCoM,Hàng Tiêu dùng / Hàng cá nhân & Gia dụng / Hàng gia dụng / Thiết bị gia dụng,False,False,INSUFFICIENT_DATA,MISSING_MARKET_DATA,Do not promote to stage_2+ until market data is present.
MEL,True,True,True,HNX,Nguyên vật liệu / Tài nguyên Cơ bản / Kim loại / Thép và sản phẩm thép,True,False,PARTIAL_PROVISIONAL_DATA,MISSING_FINANCE_DATA,Do not promote to stage_2+ until provisional or official finance data exists.
MES,True,True,True,UPCoM,Công nghiệp / Xây dựng và Vật liệu / Xây dựng và Vật liệu / Xây dựng,False,False,INSUFFICIENT_DATA,MISSING_MARKET_DATA,Do not promote to stage_2+ until market data is present.
MFS,True,True,True,UPCoM,Viễn thông / Viễn thông / Viễn thông di động / Viễn thông di động,True,False,PARTIAL_PROVISIONAL_DATA,MISSING_FINANCE_DATA,Do not promote to stage_2+ until provisional or official finance data exists.
MGC,True,True,True,UPCoM,Nguyên vật liệu / Tài nguyên Cơ bản / Khai khoáng / Khai khoáng,True,False,PARTIAL_PROVISIONAL_DATA,MISSING_FINANCE_DATA,Do not promote to stage_2+ until provisional or official finance data exists.
MGG,True,True,True,UPCoM,Hàng Tiêu dùng / Hàng cá nhân & Gia dụng / Hàng cá nhân / Hàng May mặc,True,False,PARTIAL_PROVISIONAL_DATA,MISSING_FINANCE_DATA,Do not promote to stage_2+ until provisional or official finance data exists.
MGR,True,True,True,UPCoM,Tài chính / Bất động sản / Bất động sản / Bất động sản,True,False,PARTIAL_PROVISIONAL_DATA,MISSING_FINANCE_DATA,Do not promote to stage_2+ until provisional or official finance data exists.
MH3,True,True,True,UPCoM,Tài chính / Bất động sản / Bất động sản / Bất động sản,True,False,PARTIAL_PROVISIONAL_DATA,MISSING_FINANCE_DATA,Do not promote to stage_2+ until provisional or official finance data exists.
MHC,True,True,True,HOSE,Công nghiệp / Hàng & Dịch vụ Công nghiệp / Vận tải / Dịch vụ vận tải,True,False,PARTIAL_PROVISIONAL_DATA,MISSING_FINANCE_DATA,Do not promote to stage_2+ until provisional or official finance data exists.
MHL,True,True,True,UPCoM,Nguyên vật liệu / Tài nguyên Cơ bản / Kim loại / Thép và sản phẩm thép,False,False,INSUFFICIENT_DATA,MISSING_MARKET_DATA,Do not promote to stage_2+ until market data is present.
MIC,True,True,True,UPCoM,Nguyên vật liệu / Tài nguyên Cơ bản / Khai khoáng / Khai khoáng,True,False,PARTIAL_PROVISIONAL_DATA,MISSING_FINANCE_DATA,Do not promote to stage_2+ until provisional or official finance data exists.
MIE,True,True,True,UPCoM,Công nghiệp / Hàng & Dịch vụ Công nghiệp / Công nghiệp nặng / Máy công nghiệp,False,False,INSUFFICIENT_DATA,MISSING_MARKET_DATA,Do not promote to stage_2+ until market data is present.
MIG,True,True,True,HOSE,Tài chính / Bảo hiểm / Bảo hiểm phi nhân thọ / Bảo hiểm phi nhân thọ,True,False,PARTIAL_PROVISIONAL_DATA,MISSING_FINANCE_DATA,Do not promote to stage_2+ until provisional or official finance data exists.
MIM,True,True,True,UPCoM,Nguyên vật liệu / Tài nguyên Cơ bản / Khai khoáng / Khai khoáng,False,False,INSUFFICIENT_DATA,MISSING_MARKET_DATA,Do not promote to stage_2+ until market data is present.
MKP,True,True,True,UPCoM,Dược phẩm và Y tế / Y tế / Dược phẩm / Dược phẩm,True,False,PARTIAL_PROVISIONAL_DATA,MISSING_FINANCE_DATA,Do not promote to stage_2+ until provisional or official finance data exists.
MKV,True,True,True,HNX,Dược phẩm và Y tế / Y tế / Dược phẩm / Dược phẩm,False,False,INSUFFICIENT_DATA,MISSING_MARKET_DATA,Do not promote to stage_2+ until market data is present.
MLC,True,True,True,UPCoM,Công nghiệp / Hàng & Dịch vụ Công nghiệp / Tư vấn & Hỗ trợ Kinh doanh / Chất thải & Môi trường,False,False,INSUFFICIENT_DATA,MISSING_MARKET_DATA,Do not promote to stage_2+ until market data is present.
MLS,True,True,True,UPCoM,Hàng Tiêu dùng / Thực phẩm và đồ uống / Sản xuất thực phẩm / Nuôi trồng nông & hải sản,True,False,PARTIAL_PROVISIONAL_DATA,MISSING_FINANCE_DATA,Do not promote to stage_2+ until provisional or official finance data exists.
MML,True,True,True,UPCoM,Hàng Tiêu dùng / Thực phẩm và đồ uống / Sản xuất thực phẩm / Thực phẩm,True,False,PARTIAL_PROVISIONAL_DATA,MISSING_FINANCE_DATA,Do not promote to stage_2+ until provisional or official finance data exists.
MNB,True,True,True,UPCoM,Hàng Tiêu dùng / Hàng cá nhân & Gia dụng / Hàng cá nhân / Hàng May mặc,True,False,PARTIAL_PROVISIONAL_DATA,MISSING_FINANCE_DATA,Do not promote to stage_2+ until provisional or official finance data exists.
MND,True,True,True,UPCoM,Công nghiệp / Hàng & Dịch vụ Công nghiệp / Tư vấn & Hỗ trợ Kinh doanh / Chất thải & Môi trường,False,False,INSUFFICIENT_DATA,MISSING_MARKET_DATA,Do not promote to stage_2+ until market data is present.
MPC,True,True,True,UPCoM,Hàng Tiêu dùng / Thực phẩm và đồ uống / Sản xuất thực phẩm / Nuôi trồng nông & hải sản,True,False,PARTIAL_PROVISIONAL_DATA,MISSING_FINANCE_DATA,Do not promote to stage_2+ until provisional or official finance data exists.
MPT,True,True,True,UPCoM,Hàng Tiêu dùng / Hàng cá nhân & Gia dụng / Hàng cá nhân / Hàng May mặc,True,False,PARTIAL_PROVISIONAL_DATA,MISSING_FINANCE_DATA,Do not promote to stage_2+ until provisional or official finance data exists.
MPY,True,True,True,UPCoM,Công nghiệp / Hàng & Dịch vụ Công nghiệp / Tư vấn & Hỗ trợ Kinh doanh / Chất thải & Môi trường,True,False,PARTIAL_PROVISIONAL_DATA,MISSING_FINANCE_DATA,Do not promote to stage_2+ until provisional or official finance data exists.
MQB,True,True,True,UPCoM,Công nghiệp / Hàng & Dịch vụ Công nghiệp / Tư vấn & Hỗ trợ Kinh doanh / Chất thải & Môi trường,False,False,INSUFFICIENT_DATA,MISSING_MARKET_DATA,Do not promote to stage_2+ until market data is present.
MQN,True,True,True,UPCoM,Công nghiệp / Hàng & Dịch vụ Công nghiệp / Tư vấn & Hỗ trợ Kinh doanh / Chất thải & Môi trường,True,False,PARTIAL_PROVISIONAL_DATA,MISSING_FINANCE_DATA,Do not promote to stage_2+ until provisional or official finance data exists.
MRF,True,True,True,UPCoM,Dược phẩm và Y tế / Y tế / Thiết bị và Dịch vụ Y tế / Thiết bị y tế,True,False,PARTIAL_PROVISIONAL_DATA,MISSING_FINANCE_DATA,Do not promote to stage_2+ until provisional or official finance data exists.
MSB,True,True,True,HOSE,Ngân hàng / Ngân hàng / Ngân hàng / Ngân hàng,True,False,PARTIAL_PROVISIONAL_DATA,MISSING_FINANCE_DATA,Do not promote to stage_2+ until provisional or official finance data exists.
MSH,True,True,True,HOSE,Hàng Tiêu dùng / Hàng cá nhân & Gia dụng / Hàng cá nhân / Hàng May mặc,True,False,PARTIAL_PROVISIONAL_DATA,MISSING_FINANCE_DATA,Do not promote to stage_2+ until provisional or official finance data exists.
MSN,True,True,True,HOSE,Hàng Tiêu dùng / Thực phẩm và đồ uống / Sản xuất thực phẩm / Thực phẩm,True,False,PARTIAL_PROVISIONAL_DATA,MISSING_FINANCE_DATA,Do not promote to stage_2+ until provisional or official finance data exists.
MSR,True,True,True,UPCoM,Nguyên vật liệu / Tài nguyên Cơ bản / Khai khoáng / Khai khoáng,True,False,PARTIAL_PROVISIONAL_DATA,MISSING_FINANCE_DATA,Do not promote to stage_2+ until provisional or official finance data exists.
MST,True,True,True,HNX,Công nghiệp / Xây dựng và Vật liệu / Xây dựng và Vật liệu / Xây dựng,True,False,PARTIAL_PROVISIONAL_DATA,MISSING_FINANCE_DATA,Do not promote to stage_2+ until provisional or official finance data exists.
MTA,True,True,True,UPCoM,Nguyên vật liệu / Tài nguyên Cơ bản / Khai khoáng / Khai khoáng,True,False,PARTIAL_PROVISIONAL_DATA,MISSING_FINANCE_DATA,Do not promote to stage_2+ until provisional or official finance data exists.
MTB,True,True,True,UPCoM,Công nghiệp / Hàng & Dịch vụ Công nghiệp / Tư vấn & Hỗ trợ Kinh doanh / Chất thải & Môi trường,False,False,INSUFFICIENT_DATA,MISSING_MARKET_DATA,Do not promote to stage_2+ until market data is present.
MTC,True,True,True,UPCoM,Dịch vụ Tiêu dùng / Du lịch và Giải trí / Du lịch & Giải trí / Nhà hàng và quán bar,True,False,PARTIAL_PROVISIONAL_DATA,MISSING_FINANCE_DATA,Do not promote to stage_2+ until provisional or official finance data exists.
MTG,True,True,True,UPCoM,"Tiện ích Cộng đồng / Điện, nước & xăng dầu khí đốt / Nước & Khí đốt / Phân phối xăng dầu & khí đốt",True,False,PARTIAL_PROVISIONAL_DATA,MISSING_FINANCE_DATA,Do not promote to stage_2+ until provisional or official finance data exists.
MTH,True,True,True,UPCoM,Công nghiệp / Hàng & Dịch vụ Công nghiệp / Tư vấn & Hỗ trợ Kinh doanh / Chất thải & Môi trường,True,False,PARTIAL_PROVISIONAL_DATA,MISSING_FINANCE_DATA,Do not promote to stage_2+ until provisional or official finance data exists.
MTL,True,True,True,UPCoM,Công nghiệp / Hàng & Dịch vụ Công nghiệp / Tư vấn & Hỗ trợ Kinh doanh / Chất thải & Môi trường,True,False,PARTIAL_PROVISIONAL_DATA,MISSING_FINANCE_DATA,Do not promote to stage_2+ until provisional or official finance data exists.
MTP,True,True,True,UPCoM,Dược phẩm và Y tế / Y tế / Dược phẩm / Dược phẩm,True,False,PARTIAL_PROVISIONAL_DATA,MISSING_FINANCE_DATA,Do not promote to stage_2+ until provisional or official finance data exists.
MTS,True,True,True,UPCoM,Công nghiệp / Hàng & Dịch vụ Công nghiệp / Tư vấn & Hỗ trợ Kinh doanh / Nhà cung cấp thiết bị,True,False,PARTIAL_PROVISIONAL_DATA,MISSING_FINANCE_DATA,Do not promote to stage_2+ until provisional or official finance data exists.
MTV,True,True,True,UPCoM,Công nghiệp / Hàng & Dịch vụ Công nghiệp / Tư vấn & Hỗ trợ Kinh doanh / Chất thải & Môi trường,False,False,INSUFFICIENT_DATA,MISSING_MARKET_DATA,Do not promote to stage_2+ until market data is present.
MTX,True,True,True,UPCoM,Công nghiệp / Hàng & Dịch vụ Công nghiệp / Tư vấn & Hỗ trợ Kinh doanh / Chất thải & Môi trường,False,False,INSUFFICIENT_DATA,MISSING_MARKET_DATA,Do not promote to stage_2+ until market data is present.
MVB,True,True,True,HNX,Nguyên vật liệu / Tài nguyên Cơ bản / Khai khoáng / Khai khoáng,True,False,PARTIAL_PROVISIONAL_DATA,MISSING_FINANCE_DATA,Do not promote to stage_2+ until provisional or official finance data exists.
MVC,True,True,True,UPCoM,Công nghiệp / Xây dựng và Vật liệu / Xây dựng và Vật liệu / Vật liệu xây dựng & Nội thất,True,False,PARTIAL_PROVISIONAL_DATA,MISSING_FINANCE_DATA,Do not promote to stage_2+ until provisional or official finance data exists.
MVN,True,True,True,UPCoM,Công nghiệp / Hàng & Dịch vụ Công nghiệp / Vận tải / Vận tải Thủy,True,False,PARTIAL_PROVISIONAL_DATA,MISSING_FINANCE_DATA,Do not promote to stage_2+ until provisional or official finance data exists.
MWG,True,True,True,HOSE,Dịch vụ Tiêu dùng / Bán lẻ / Bán lẻ / Phân phối hàng chuyên dụng,True,False,PARTIAL_PROVISIONAL_DATA,MISSING_FINANCE_DATA,Do not promote to stage_2+ until provisional or official finance data exists.
MXC,True,True,True,UPCoM,"Tiêu dùng thiết yếu / Thực phẩm, đồ uống và thuốc lá / Thực phẩm",False,False,INSUFFICIENT_DATA,MISSING_MARKET_DATA,Do not promote to stage_2+ until market data is present.
MZG,True,True,True,UPCoM,Nguyên vật liệu / Tài nguyên Cơ bản / Lâm nghiệp và Giấy / Sản xuất giấy,False,False,INSUFFICIENT_DATA,MISSING_MARKET_DATA,Do not promote to stage_2+ until market data is present.
NAB,True,True,True,HOSE,Ngân hàng / Ngân hàng / Ngân hàng / Ngân hàng,True,False,PARTIAL_PROVISIONAL_DATA,MISSING_FINANCE_DATA,Do not promote to stage_2+ until provisional or official finance data exists.
NAC,True,True,True,UPCoM,Công nghiệp / Xây dựng và Vật liệu / Xây dựng và Vật liệu / Xây dựng,False,False,INSUFFICIENT_DATA,MISSING_MARKET_DATA,Do not promote to stage_2+ until market data is present.
NAF,True,True,True,HOSE,Hàng Tiêu dùng / Thực phẩm và đồ uống / Bia và đồ uống / Đồ uống & giải khát,True,False,PARTIAL_PROVISIONAL_DATA,MISSING_FINANCE_DATA,Do not promote to stage_2+ until provisional or official finance data exists.
NAG,True,True,True,HNX,Công nghiệp / Hàng & Dịch vụ Công nghiệp / Điện tử & Thiết bị điện / Hàng điện & điện tử,True,False,PARTIAL_PROVISIONAL_DATA,MISSING_FINANCE_DATA,Do not promote to stage_2+ until provisional or official finance data exists.
NAP,True,True,True,HNX,"Công nghiệp / Hàng & Dịch vụ Công nghiệp / Vận tải / Kho bãi, hậu cần và bảo dưỡng",True,False,PARTIAL_PROVISIONAL_DATA,MISSING_FINANCE_DATA,Do not promote to stage_2+ until provisional or official finance data exists.
NAS,True,True,True,UPCoM,"Công nghiệp / Hàng & Dịch vụ Công nghiệp / Vận tải / Kho bãi, hậu cần và bảo dưỡng",True,False,PARTIAL_PROVISIONAL_DATA,MISSING_FINANCE_DATA,Do not promote to stage_2+ until provisional or official finance data exists.
NAU,True,True,True,UPCoM,Công nghiệp / Hàng & Dịch vụ Công nghiệp / Tư vấn & Hỗ trợ Kinh doanh / Chất thải & Môi trường,False,False,INSUFFICIENT_DATA,MISSING_MARKET_DATA,Do not promote to stage_2+ until market data is present.
NAV,True,True,True,HOSE,Công nghiệp / Xây dựng và Vật liệu / Xây dựng và Vật liệu / Vật liệu xây dựng & Nội thất,True,False,PARTIAL_PROVISIONAL_DATA,MISSING_FINANCE_DATA,Do not promote to stage_2+ until provisional or official finance data exists.
NAW,True,True,True,UPCoM,"Tiện ích Cộng đồng / Điện, nước & xăng dầu khí đốt / Nước & Khí đốt / Nước",True,False,PARTIAL_PROVISIONAL_DATA,MISSING_FINANCE_DATA,Do not promote to stage_2+ until provisional or official finance data exists.
NBB,True,True,True,HOSE,Tài chính / Bất động sản / Bất động sản / Bất động sản,True,False,PARTIAL_PROVISIONAL_DATA,MISSING_FINANCE_DATA,Do not promote to stage_2+ until provisional or official finance data exists.
NBC,True,True,True,HNX,Nguyên vật liệu / Tài nguyên Cơ bản / Khai khoáng / Khai thác Than,True,False,PARTIAL_PROVISIONAL_DATA,MISSING_FINANCE_DATA,Do not promote to stage_2+ until provisional or official finance data exists.
NBE,True,True,True,UPCoM,"Dịch vụ Tiêu dùng / Truyền thông / Truyền thông / Sách, ấn bản & sản phẩm văn hóa",True,False,PARTIAL_PROVISIONAL_DATA,MISSING_FINANCE_DATA,Do not promote to stage_2+ until provisional or official finance data exists.
NBP,True,True,True,HNX,"Tiện ích Cộng đồng / Điện, nước & xăng dầu khí đốt / Sản xuất & Phân phối Điện / Sản xuất & Phân phối Điện",True,False,PARTIAL_PROVISIONAL_DATA,MISSING_FINANCE_DATA,Do not promote to stage_2+ until provisional or official finance data exists.
NBT,True,True,True,UPCoM,"Tiện ích Cộng đồng / Điện, nước & xăng dầu khí đốt / Nước & Khí đốt / Nước",True,False,PARTIAL_PROVISIONAL_DATA,MISSING_FINANCE_DATA,Do not promote to stage_2+ until provisional or official finance data exists.
NBW,True,True,True,HNX,"Tiện ích Cộng đồng / Điện, nước & xăng dầu khí đốt / Nước & Khí đốt / Nước",True,False,PARTIAL_PROVISIONAL_DATA,MISSING_FINANCE_DATA,Do not promote to stage_2+ until provisional or official finance data exists.
NCG,True,True,True,UPCoM,Hàng Tiêu dùng / Thực phẩm và đồ uống / Sản xuất thực phẩm / Nuôi trồng nông & hải sản,False,False,INSUFFICIENT_DATA,MISSING_MARKET_DATA,Do not promote to stage_2+ until market data is present.
NCS,True,True,True,UPCoM,Hàng Tiêu dùng / Thực phẩm và đồ uống / Sản xuất thực phẩm / Thực phẩm,True,False,PARTIAL_PROVISIONAL_DATA,MISSING_FINANCE_DATA,Do not promote to stage_2+ until provisional or official finance data exists.
NCT,True,True,True,HOSE,"Công nghiệp / Hàng & Dịch vụ Công nghiệp / Vận tải / Kho bãi, hậu cần và bảo dưỡng",True,False,PARTIAL_PROVISIONAL_DATA,MISSING_FINANCE_DATA,Do not promote to stage_2+ until provisional or official finance data exists.
ND2,True,True,True,UPCoM,"Tiện ích Cộng đồng / Điện, nước & xăng dầu khí đốt / Sản xuất & Phân phối Điện / Sản xuất & Phân phối Điện",True,False,PARTIAL_PROVISIONAL_DATA,MISSING_FINANCE_DATA,Do not promote to stage_2+ until provisional or official finance data exists.
NDC,True,True,True,UPCoM,Dược phẩm và Y tế / Y tế / Dược phẩm / Dược phẩm,False,False,INSUFFICIENT_DATA,MISSING_MARKET_DATA,Do not promote to stage_2+ until market data is present.
NDF,True,True,True,HOSE,Hàng Tiêu dùng / Thực phẩm và đồ uống / Sản xuất thực phẩm / Thực phẩm,True,False,PARTIAL_PROVISIONAL_DATA,MISSING_FINANCE_DATA,Do not promote to stage_2+ until provisional or official finance data exists.
NDN,True,True,True,HNX,Tài chính / Bất động sản / Bất động sản / Bất động sản,True,False,PARTIAL_PROVISIONAL_DATA,MISSING_FINANCE_DATA,Do not promote to stage_2+ until provisional or official finance data exists.
NDP,True,True,True,UPCoM,Dược phẩm và Y tế / Y tế / Dược phẩm / Dược phẩm,True,False,PARTIAL_PROVISIONAL_DATA,MISSING_FINANCE_DATA,Do not promote to stage_2+ until provisional or official finance data exists.
NDT,True,True,True,UPCoM,Hàng Tiêu dùng / Hàng cá nhân & Gia dụng / Hàng cá nhân / Hàng May mặc,True,False,PARTIAL_PROVISIONAL_DATA,MISSING_FINANCE_DATA,Do not promote to stage_2+ until provisional or official finance data exists.
NDW,True,True,True,UPCoM,"Tiện ích Cộng đồng / Điện, nước & xăng dầu khí đốt / Nước & Khí đốt / Nước",True,False,PARTIAL_PROVISIONAL_DATA,MISSING_FINANCE_DATA,Do not promote to stage_2+ until provisional or official finance data exists.
NDX,True,True,True,HNX,Công nghiệp / Xây dựng và Vật liệu / Xây dựng và Vật liệu / Xây dựng,True,False,PARTIAL_PROVISIONAL_DATA,MISSING_FINANCE_DATA,Do not promote to stage_2+ until provisional or official finance data exists.
NED,True,True,True,UPCoM,Công nghiệp / Xây dựng và Vật liệu / Xây dựng và Vật liệu / Xây dựng,True,False,PARTIAL_PROVISIONAL_DATA,MISSING_FINANCE_DATA,Do not promote to stage_2+ until provisional or official finance data exists.
NEM,True,True,True,UPCoM,Công nghiệp / Hàng & Dịch vụ Công nghiệp / Điện tử & Thiết bị điện / Thiết bị điện,False,False,INSUFFICIENT_DATA,MISSING_MARKET_DATA,Do not promote to stage_2+ until market data is present.
NET,True,True,True,HNX,Hàng Tiêu dùng / Hàng cá nhân & Gia dụng / Hàng cá nhân / Hàng cá nhân,True,False,PARTIAL_PROVISIONAL_DATA,MISSING_FINANCE_DATA,Do not promote to stage_2+ until provisional or official finance data exists.
NFC,True,True,True,HNX,"Nguyên vật liệu / Hóa chất / Hóa chất / Sản phẩm hóa dầu, Nông dược & Hóa chất khác",True,False,PARTIAL_PROVISIONAL_DATA,MISSING_FINANCE_DATA,Do not promote to stage_2+ until provisional or official finance data exists.
NGC,True,True,True,UPCoM,Hàng Tiêu dùng / Thực phẩm và đồ uống / Sản xuất thực phẩm / Nuôi trồng nông & hải sản,False,False,INSUFFICIENT_DATA,MISSING_MARKET_DATA,Do not promote to stage_2+ until market data is present.
NHA,True,True,True,HOSE,Công nghiệp / Xây dựng và Vật liệu / Xây dựng và Vật liệu / Xây dựng,True,False,PARTIAL_PROVISIONAL_DATA,MISSING_FINANCE_DATA,Do not promote to stage_2+ until provisional or official finance data exists.
NHC,True,True,True,HNX,Công nghiệp / Xây dựng và Vật liệu / Xây dựng và Vật liệu / Vật liệu xây dựng & Nội thất,True,False,PARTIAL_PROVISIONAL_DATA,MISSING_FINANCE_DATA,Do not promote to stage_2+ until provisional or official finance data exists.
NHH,True,True,True,HOSE,"Nguyên vật liệu / Hóa chất / Hóa chất / Nhựa, cao su & sợi",True,False,PARTIAL_PROVISIONAL_DATA,MISSING_FINANCE_DATA,Do not promote to stage_2+ until provisional or official finance data exists.
NHP,True,True,True,UPCoM,Công nghiệp / Hàng & Dịch vụ Công nghiệp / Hàng công nghiệp / Containers & Đóng gói,False,False,INSUFFICIENT_DATA,MISSING_MARKET_DATA,Do not promote to stage_2+ until market data is present.
NHT,True,True,True,HOSE,Hàng Tiêu dùng / Hàng cá nhân & Gia dụng / Hàng hóa giải trí / Đồ chơi,True,False,PARTIAL_PROVISIONAL_DATA,MISSING_FINANCE_DATA,Do not promote to stage_2+ until provisional or official finance data exists.
NHV,True,True,True,UPCoM,Nguyên vật liệu / Tài nguyên Cơ bản / Kim loại / Kim Loại màu,False,False,INSUFFICIENT_DATA,MISSING_MARKET_DATA,Do not promote to stage_2+ until market data is present.
NJC,True,True,True,UPCoM,Hàng Tiêu dùng / Hàng cá nhân & Gia dụng / Hàng cá nhân / Hàng May mặc,True,False,PARTIAL_PROVISIONAL_DATA,MISSING_FINANCE_DATA,Do not promote to stage_2+ until provisional or official finance data exists.
NKG,True,True,True,HOSE,Nguyên vật liệu / Tài nguyên Cơ bản / Kim loại / Thép và sản phẩm thép,True,False,PARTIAL_PROVISIONAL_DATA,MISSING_FINANCE_DATA,Do not promote to stage_2+ until provisional or official finance data exists.
NLG,True,True,True,HOSE,Tài chính / Bất động sản / Bất động sản / Bất động sản,True,False,PARTIAL_PROVISIONAL_DATA,MISSING_FINANCE_DATA,Do not promote to stage_2+ until provisional or official finance data exists.
NLS,True,True,True,UPCoM,"Tiện ích Cộng đồng / Điện, nước & xăng dầu khí đốt / Nước & Khí đốt / Nước",False,False,INSUFFICIENT_DATA,MISSING_MARKET_DATA,Do not promote to stage_2+ until market data is present.
NNC,True,True,True,HOSE,Công nghiệp / Xây dựng và Vật liệu / Xây dựng và Vật liệu / Vật liệu xây dựng & Nội thất,True,False,PARTIAL_PROVISIONAL_DATA,MISSING_FINANCE_DATA,Do not promote to stage_2+ until provisional or official finance data exists.
NNG,True,True,True,UPCoM,"Nguyên vật liệu / Hóa chất / Hóa chất / Nhựa, cao su & sợi",True,False,PARTIAL_PROVISIONAL_DATA,MISSING_FINANCE_DATA,Do not promote to stage_2+ until provisional or official finance data exists.
NNQ,True,True,True,UPCoM,Hàng Tiêu dùng / Thực phẩm và đồ uống / Sản xuất thực phẩm / Nuôi trồng nông & hải sản,False,False,INSUFFICIENT_DATA,MISSING_MARKET_DATA,Do not promote to stage_2+ until market data is present.
NNT,True,True,True,UPCoM,"Tiện ích Cộng đồng / Điện, nước & xăng dầu khí đốt / Nước & Khí đốt / Nước",True,False,PARTIAL_PROVISIONAL_DATA,MISSING_FINANCE_DATA,Do not promote to stage_2+ until provisional or official finance data exists.
NO1,True,True,True,HOSE,Công nghiệp / Hàng & Dịch vụ Công nghiệp / Công nghiệp nặng / Máy công nghiệp,True,False,PARTIAL_PROVISIONAL_DATA,MISSING_FINANCE_DATA,Do not promote to stage_2+ until provisional or official finance data exists.
NOS,True,True,True,UPCoM,Công nghiệp / Hàng & Dịch vụ Công nghiệp / Vận tải / Vận tải Thủy,True,False,PARTIAL_PROVISIONAL_DATA,MISSING_FINANCE_DATA,Do not promote to stage_2+ until provisional or official finance data exists.
NQB,True,True,True,UPCoM,"Tiện ích Cộng đồng / Điện, nước & xăng dầu khí đốt / Nước & Khí đốt / Nước",False,False,INSUFFICIENT_DATA,MISSING_MARKET_DATA,Do not promote to stage_2+ until market data is present.
NQN,True,True,True,UPCoM,"Tiện ích Cộng đồng / Điện, nước & xăng dầu khí đốt / Nước & Khí đốt / Nước",True,False,PARTIAL_PROVISIONAL_DATA,MISSING_FINANCE_DATA,Do not promote to stage_2+ until provisional or official finance data exists.
NQT,True,True,True,UPCoM,"Tiện ích Cộng đồng / Điện, nước & xăng dầu khí đốt / Nước & Khí đốt / Nước",False,False,INSUFFICIENT_DATA,MISSING_MARKET_DATA,Do not promote to stage_2+ until market data is present.
NRC,True,True,True,HNX,Tài chính / Bất động sản / Bất động sản / Bất động sản,True,False,PARTIAL_PROVISIONAL_DATA,MISSING_FINANCE_DATA,Do not promote to stage_2+ until provisional or official finance data exists.
NS2,True,True,True,UPCoM,"Tiện ích Cộng đồng / Điện, nước & xăng dầu khí đốt / Nước & Khí đốt / Nước",True,False,PARTIAL_PROVISIONAL_DATA,MISSING_FINANCE_DATA,Do not promote to stage_2+ until provisional or official finance data exists.
NS3,True,True,True,UPCoM,"Tiện ích Cộng đồng / Điện, nước & xăng dầu khí đốt / Nước & Khí đốt / Nước",True,False,PARTIAL_PROVISIONAL_DATA,MISSING_FINANCE_DATA,Do not promote to stage_2+ until provisional or official finance data exists.
NSC,True,True,True,HOSE,Hàng Tiêu dùng / Thực phẩm và đồ uống / Sản xuất thực phẩm / Nuôi trồng nông & hải sản,True,False,PARTIAL_PROVISIONAL_DATA,MISSING_FINANCE_DATA,Do not promote to stage_2+ until provisional or official finance data exists.
NSG,True,True,True,UPCoM,"Nguyên vật liệu / Hóa chất / Hóa chất / Nhựa, cao su & sợi",False,False,INSUFFICIENT_DATA,MISSING_MARKET_DATA,Do not promote to stage_2+ until market data is present.
NSH,True,True,True,HNX,Nguyên vật liệu / Tài nguyên Cơ bản / Kim loại / Nhôm,True,False,PARTIAL_PROVISIONAL_DATA,MISSING_FINANCE_DATA,Do not promote to stage_2+ until provisional or official finance data exists.
NSL,True,True,True,UPCoM,"Tiện ích Cộng đồng / Điện, nước & xăng dầu khí đốt / Nước & Khí đốt / Nước",False,False,INSUFFICIENT_DATA,MISSING_MARKET_DATA,Do not promote to stage_2+ until market data is present.
NSS,True,True,True,UPCoM,Hàng Tiêu dùng / Thực phẩm và đồ uống / Sản xuất thực phẩm / Nuôi trồng nông & hải sản,False,False,INSUFFICIENT_DATA,MISSING_MARKET_DATA,Do not promote to stage_2+ until market data is present.
NST,True,True,True,HNX,Hàng Tiêu dùng / Hàng cá nhân & Gia dụng / Thuốc lá / Thuốc lá,True,False,PARTIAL_PROVISIONAL_DATA,MISSING_FINANCE_DATA,Do not promote to stage_2+ until provisional or official finance data exists.
NT2,True,True,True,HOSE,"Tiện ích Cộng đồng / Điện, nước & xăng dầu khí đốt / Sản xuất & Phân phối Điện / Sản xuất & Phân phối Điện",True,False,PARTIAL_PROVISIONAL_DATA,MISSING_FINANCE_DATA,Do not promote to stage_2+ until provisional or official finance data exists.
NTB,True,True,True,HOSE,Tài chính / Bất động sản / Bất động sản / Bất động sản,False,False,INSUFFICIENT_DATA,MISSING_MARKET_DATA,Do not promote to stage_2+ until market data is present.
NTC,True,True,True,HOSE,Tài chính / Bất động sản / Bất động sản / Bất động sản,True,False,PARTIAL_PROVISIONAL_DATA,MISSING_FINANCE_DATA,Do not promote to stage_2+ until provisional or official finance data exists.
NTF,True,True,True,UPCoM,Dược phẩm và Y tế / Y tế / Dược phẩm / Dược phẩm,True,False,PARTIAL_PROVISIONAL_DATA,MISSING_FINANCE_DATA,Do not promote to stage_2+ until provisional or official finance data exists.
NTH,True,True,True,HNX,"Tiện ích Cộng đồng / Điện, nước & xăng dầu khí đốt / Sản xuất & Phân phối Điện / Sản xuất & Phân phối Điện",True,False,PARTIAL_PROVISIONAL_DATA,MISSING_FINANCE_DATA,Do not promote to stage_2+ until provisional or official finance data exists.
NTL,True,True,True,HOSE,Tài chính / Bất động sản / Bất động sản / Bất động sản,True,False,PARTIAL_PROVISIONAL_DATA,MISSING_FINANCE_DATA,Do not promote to stage_2+ until provisional or official finance data exists.
NTP,True,True,True,HNX,Công nghiệp / Xây dựng và Vật liệu / Xây dựng và Vật liệu / Vật liệu xây dựng & Nội thất,True,False,PARTIAL_PROVISIONAL_DATA,MISSING_FINANCE_DATA,Do not promote to stage_2+ until provisional or official finance data exists.
NTT,True,True,True,UPCoM,Hàng Tiêu dùng / Hàng cá nhân & Gia dụng / Hàng cá nhân / Hàng May mặc,True,False,PARTIAL_PROVISIONAL_DATA,MISSING_FINANCE_DATA,Do not promote to stage_2+ until provisional or official finance data exists.
NTW,True,True,True,UPCoM,"Tiện ích Cộng đồng / Điện, nước & xăng dầu khí đốt / Nước & Khí đốt / Nước",True,False,PARTIAL_PROVISIONAL_DATA,MISSING_FINANCE_DATA,Do not promote to stage_2+ until provisional or official finance data exists.
NUE,True,True,True,UPCoM,Công nghiệp / Hàng & Dịch vụ Công nghiệp / Tư vấn & Hỗ trợ Kinh doanh / Chất thải & Môi trường,True,False,PARTIAL_PROVISIONAL_DATA,MISSING_FINANCE_DATA,Do not promote to stage_2+ until provisional or official finance data exists.
NVB,True,True,True,HNX,Ngân hàng / Ngân hàng / Ngân hàng / Ngân hàng,True,False,PARTIAL_PROVISIONAL_DATA,MISSING_FINANCE_DATA,Do not promote to stage_2+ until provisional or official finance data exists.
NVL,True,True,True,HOSE,Tài chính / Bất động sản / Bất động sản / Bất động sản,True,False,PARTIAL_PROVISIONAL_DATA,MISSING_FINANCE_DATA,Do not promote to stage_2+ until provisional or official finance data exists.
NVP,True,True,True,UPCoM,"Tiện ích Cộng đồng / Điện, nước & xăng dầu khí đốt / Nước & Khí đốt / Nước",False,False,INSUFFICIENT_DATA,MISSING_MARKET_DATA,Do not promote to stage_2+ until market data is present.
NVT,True,True,True,HOSE,Tài chính / Bất động sản / Bất động sản / Bất động sản,True,False,PARTIAL_PROVISIONAL_DATA,MISSING_FINANCE_DATA,Do not promote to stage_2+ until provisional or official finance data exists.
NWT,True,True,True,UPCoM,Dịch vụ Tiêu dùng / Du lịch và Giải trí / Du lịch & Giải trí / Vận tải hành khách & Du lịch,False,False,INSUFFICIENT_DATA,MISSING_MARKET_DATA,Do not promote to stage_2+ until market data is present.
NXT,True,True,True,UPCoM,Công nghiệp / Xây dựng và Vật liệu / Xây dựng và Vật liệu / Vật liệu xây dựng & Nội thất,True,False,PARTIAL_PROVISIONAL_DATA,MISSING_FINANCE_DATA,Do not promote to stage_2+ until provisional or official finance data exists.
OCB,True,True,True,HOSE,Ngân hàng / Ngân hàng / Ngân hàng / Ngân hàng,True,False,PARTIAL_PROVISIONAL_DATA,MISSING_FINANCE_DATA,Do not promote to stage_2+ until provisional or official finance data exists.
OCH,True,True,True,HNX,Hàng Tiêu dùng / Thực phẩm và đồ uống / Sản xuất thực phẩm / Thực phẩm,True,False,PARTIAL_PROVISIONAL_DATA,MISSING_FINANCE_DATA,Do not promote to stage_2+ until provisional or official finance data exists.
ODE,True,True,True,UPCoM,Dịch vụ Tiêu dùng / Truyền thông / Truyền thông / Giải trí & Truyền thông,True,False,PARTIAL_PROVISIONAL_DATA,MISSING_FINANCE_DATA,Do not promote to stage_2+ until provisional or official finance data exists.
OGC,True,True,True,HOSE,Tài chính / Dịch vụ tài chính / Dịch vụ tài chính / Tài chính đặc biệt,False,False,INSUFFICIENT_DATA,MISSING_MARKET_DATA,Do not promote to stage_2+ until market data is present.
OIL,True,True,True,UPCoM,Dầu khí / Dầu khí / Sản xuất Dầu khí / Sản xuất và Khai thác dầu khí,False,False,INSUFFICIENT_DATA,MISSING_MARKET_DATA,Do not promote to stage_2+ until market data is present.
ONE,True,True,True,HNX,Công nghệ Thông tin / Công nghệ Thông tin / Thiết bị và Phần cứng / Phần cứng,True,False,PARTIAL_PROVISIONAL_DATA,MISSING_FINANCE_DATA,Do not promote to stage_2+ until provisional or official finance data exists.
ONW,True,True,True,UPCoM,Dịch vụ Tiêu dùng / Du lịch và Giải trí / Du lịch & Giải trí / Dịch vụ giải trí,False,False,INSUFFICIENT_DATA,MISSING_MARKET_DATA,Do not promote to stage_2+ until market data is present.
OPC,True,True,True,HOSE,Dược phẩm và Y tế / Y tế / Dược phẩm / Dược phẩm,True,False,PARTIAL_PROVISIONAL_DATA,MISSING_FINANCE_DATA,Do not promote to stage_2+ until provisional or official finance data exists.
ORS,True,True,True,HOSE,Tài chính / Dịch vụ tài chính / Dịch vụ tài chính / Môi giới chứng khoán,True,False,PARTIAL_PROVISIONAL_DATA,MISSING_FINANCE_DATA,Do not promote to stage_2+ until provisional or official finance data exists.
PAC,True,True,True,HOSE,Công nghiệp / Hàng & Dịch vụ Công nghiệp / Điện tử & Thiết bị điện / Hàng điện & điện tử,False,False,INSUFFICIENT_DATA,MISSING_MARKET_DATA,Do not promote to stage_2+ until market data is present.
PAI,True,True,True,UPCoM,Viễn thông / Viễn thông / Viễn thông cố định / Viễn thông cố định,False,False,INSUFFICIENT_DATA,MISSING_MARKET_DATA,Do not promote to stage_2+ until market data is present.
PAN,True,True,True,HOSE,Hàng Tiêu dùng / Thực phẩm và đồ uống / Sản xuất thực phẩm / Thực phẩm,False,False,INSUFFICIENT_DATA,MISSING_MARKET_DATA,Do not promote to stage_2+ until market data is present.
PAP,True,True,True,UPCoM,"Công nghiệp / Hàng & Dịch vụ Công nghiệp / Vận tải / Kho bãi, hậu cần và bảo dưỡng",False,False,INSUFFICIENT_DATA,MISSING_MARKET_DATA,Do not promote to stage_2+ until market data is present.
PAS,True,True,True,UPCoM,Nguyên vật liệu / Tài nguyên Cơ bản / Kim loại / Thép và sản phẩm thép,False,False,INSUFFICIENT_DATA,MISSING_MARKET_DATA,Do not promote to stage_2+ until market data is present.
PAT,True,True,True,UPCoM,"Nguyên vật liệu / Hóa chất / Hóa chất / Sản phẩm hóa dầu, Nông dược & Hóa chất khác",False,False,INSUFFICIENT_DATA,MISSING_MARKET_DATA,Do not promote to stage_2+ until market data is present.
PBC,True,True,True,UPCoM,Dược phẩm và Y tế / Y tế / Dược phẩm / Dược phẩm,False,False,INSUFFICIENT_DATA,MISSING_MARKET_DATA,Do not promote to stage_2+ until market data is present.
PBP,True,True,True,HNX,Công nghiệp / Hàng & Dịch vụ Công nghiệp / Hàng công nghiệp / Containers & Đóng gói,False,False,INSUFFICIENT_DATA,MISSING_MARKET_DATA,Do not promote to stage_2+ until market data is present.
PBT,True,True,True,UPCoM,Công nghiệp / Hàng & Dịch vụ Công nghiệp / Hàng công nghiệp / Containers & Đóng gói,False,False,INSUFFICIENT_DATA,MISSING_MARKET_DATA,Do not promote to stage_2+ until market data is present.
PC1,True,True,True,HOSE,Công nghiệp / Xây dựng và Vật liệu / Xây dựng và Vật liệu / Xây dựng,False,False,INSUFFICIENT_DATA,MISSING_MARKET_DATA,Do not promote to stage_2+ until market data is present.
PCC,True,True,True,UPCoM,Công nghiệp / Xây dựng và Vật liệu / Xây dựng và Vật liệu / Xây dựng,False,False,INSUFFICIENT_DATA,MISSING_MARKET_DATA,Do not promote to stage_2+ until market data is present.
PCE,True,True,True,HNX,"Nguyên vật liệu / Hóa chất / Hóa chất / Sản phẩm hóa dầu, Nông dược & Hóa chất khác",False,False,INSUFFICIENT_DATA,MISSING_MARKET_DATA,Do not promote to stage_2+ until market data is present.
PCF,True,True,True,UPCoM,Hàng Tiêu dùng / Thực phẩm và đồ uống / Bia và đồ uống / Đồ uống & giải khát,False,False,INSUFFICIENT_DATA,MISSING_MARKET_DATA,Do not promote to stage_2+ until market data is present.
PCG,True,True,True,UPCoM,"Tiện ích Cộng đồng / Điện, nước & xăng dầu khí đốt / Nước & Khí đốt / Phân phối xăng dầu & khí đốt",False,False,INSUFFICIENT_DATA,MISSING_MARKET_DATA,Do not promote to stage_2+ until market data is present.
PCH,True,True,True,HNX,"Nguyên vật liệu / Hóa chất / Hóa chất / Nhựa, cao su & sợi",False,False,INSUFFICIENT_DATA,MISSING_MARKET_DATA,Do not promote to stage_2+ until market data is present.
PCM,True,True,True,UPCoM,Công nghiệp / Xây dựng và Vật liệu / Xây dựng và Vật liệu / Vật liệu xây dựng & Nội thất,False,False,INSUFFICIENT_DATA,MISSING_MARKET_DATA,Do not promote to stage_2+ until market data is present.
PCN,True,True,True,UPCoM,"Nguyên vật liệu / Hóa chất / Hóa chất / Sản phẩm hóa dầu, Nông dược & Hóa chất khác",False,False,INSUFFICIENT_DATA,MISSING_MARKET_DATA,Do not promote to stage_2+ until market data is present.
PCT,True,True,True,HNX,Công nghiệp / Hàng & Dịch vụ Công nghiệp / Vận tải / Dịch vụ vận tải,False,False,INSUFFICIENT_DATA,MISSING_MARKET_DATA,Do not promote to stage_2+ until market data is present.
PDB,True,True,True,HNX,Công nghiệp / Xây dựng và Vật liệu / Xây dựng và Vật liệu / Vật liệu xây dựng & Nội thất,False,False,INSUFFICIENT_DATA,MISSING_MARKET_DATA,Do not promote to stage_2+ until market data is present.
PDC,True,True,True,UPCoM,Dịch vụ Tiêu dùng / Du lịch và Giải trí / Du lịch & Giải trí / Vận tải hành khách & Du lịch,True,False,PARTIAL_PROVISIONAL_DATA,MISSING_FINANCE_DATA,Do not promote to stage_2+ until provisional or official finance data exists.
PDN,True,True,True,HOSE,"Công nghiệp / Hàng & Dịch vụ Công nghiệp / Vận tải / Kho bãi, hậu cần và bảo dưỡng",True,False,PARTIAL_PROVISIONAL_DATA,MISSING_FINANCE_DATA,Do not promote to stage_2+ until provisional or official finance data exists.
PDR,True,True,True,HOSE,Tài chính / Bất động sản / Bất động sản / Bất động sản,True,False,PARTIAL_PROVISIONAL_DATA,MISSING_FINANCE_DATA,Do not promote to stage_2+ until provisional or official finance data exists.
PDT,True,True,True,UPCoM,"Tiện ích Cộng đồng / Điện, nước & xăng dầu khí đốt / Nước & Khí đốt / Phân phối xăng dầu & khí đốt",True,False,PARTIAL_PROVISIONAL_DATA,MISSING_FINANCE_DATA,Do not promote to stage_2+ until provisional or official finance data exists.
PDV,True,True,True,HOSE,Công nghiệp / Hàng & Dịch vụ Công nghiệp / Vận tải / Vận tải Thủy,True,False,PARTIAL_PROVISIONAL_DATA,MISSING_FINANCE_DATA,Do not promote to stage_2+ until provisional or official finance data exists.
PEC,True,True,True,UPCoM,Công nghiệp / Hàng & Dịch vụ Công nghiệp / Công nghiệp nặng / Máy công nghiệp,False,False,INSUFFICIENT_DATA,MISSING_MARKET_DATA,Do not promote to stage_2+ until market data is present.
PEG,True,True,True,UPCoM,"Tiện ích Cộng đồng / Điện, nước & xăng dầu khí đốt / Nước & Khí đốt / Phân phối xăng dầu & khí đốt",True,False,PARTIAL_PROVISIONAL_DATA,MISSING_FINANCE_DATA,Do not promote to stage_2+ until provisional or official finance data exists.
PEN,True,True,True,HNX,Công nghiệp / Xây dựng và Vật liệu / Xây dựng và Vật liệu / Xây dựng,True,False,PARTIAL_PROVISIONAL_DATA,MISSING_FINANCE_DATA,Do not promote to stage_2+ until provisional or official finance data exists.
PEQ,True,True,True,UPCoM,"Dầu khí / Dầu khí / Thiết bị, Dịch vụ và Phân phối Dầu khí / Thiết bị và Dịch vụ Dầu khí",True,False,PARTIAL_PROVISIONAL_DATA,MISSING_FINANCE_DATA,Do not promote to stage_2+ until provisional or official finance data exists.
PET,True,True,True,HOSE,Dịch vụ Tiêu dùng / Bán lẻ / Bán lẻ / Phân phối hàng chuyên dụng,True,False,PARTIAL_PROVISIONAL_DATA,MISSING_FINANCE_DATA,Do not promote to stage_2+ until provisional or official finance data exists.
PFL,True,True,True,UPCoM,Công nghiệp / Xây dựng và Vật liệu / Xây dựng và Vật liệu / Xây dựng,True,False,PARTIAL_PROVISIONAL_DATA,MISSING_FINANCE_DATA,Do not promote to stage_2+ until provisional or official finance data exists.
PGB,True,True,True,UPCoM,Ngân hàng / Ngân hàng / Ngân hàng / Ngân hàng,True,False,PARTIAL_PROVISIONAL_DATA,MISSING_FINANCE_DATA,Do not promote to stage_2+ until provisional or official finance data exists.
PGC,True,True,True,HOSE,"Tiện ích Cộng đồng / Điện, nước & xăng dầu khí đốt / Nước & Khí đốt / Phân phối xăng dầu & khí đốt",True,False,PARTIAL_PROVISIONAL_DATA,MISSING_FINANCE_DATA,Do not promote to stage_2+ until provisional or official finance data exists.
PGD,True,True,True,HOSE,"Tiện ích Cộng đồng / Điện, nước & xăng dầu khí đốt / Nước & Khí đốt / Phân phối xăng dầu & khí đốt",True,False,PARTIAL_PROVISIONAL_DATA,MISSING_FINANCE_DATA,Do not promote to stage_2+ until provisional or official finance data exists.
PGI,True,True,True,HOSE,Tài chính / Bảo hiểm / Bảo hiểm phi nhân thọ / Bảo hiểm phi nhân thọ,False,False,INSUFFICIENT_DATA,MISSING_MARKET_DATA,Do not promote to stage_2+ until market data is present.
PGN,True,True,True,HNX,"Nguyên vật liệu / Hóa chất / Hóa chất / Nhựa, cao su & sợi",False,False,INSUFFICIENT_DATA,MISSING_MARKET_DATA,Do not promote to stage_2+ until market data is present.
PGS,True,True,True,HNX,"Tiện ích Cộng đồng / Điện, nước & xăng dầu khí đốt / Nước & Khí đốt / Phân phối xăng dầu & khí đốt",False,False,INSUFFICIENT_DATA,MISSING_MARKET_DATA,Do not promote to stage_2+ until market data is present.
PGT,True,True,True,HNX,Dịch vụ Tiêu dùng / Du lịch và Giải trí / Du lịch & Giải trí / Vận tải hành khách & Du lịch,False,False,INSUFFICIENT_DATA,MISSING_MARKET_DATA,Do not promote to stage_2+ until market data is present.
PGV,True,True,True,HOSE,"Tiện ích Cộng đồng / Điện, nước & xăng dầu khí đốt / Sản xuất & Phân phối Điện / Sản xuất & Phân phối Điện",False,False,INSUFFICIENT_DATA,MISSING_MARKET_DATA,Do not promote to stage_2+ until market data is present.
PHC,True,True,True,HOSE,Công nghiệp / Xây dựng và Vật liệu / Xây dựng và Vật liệu / Xây dựng,False,False,INSUFFICIENT_DATA,MISSING_MARKET_DATA,Do not promote to stage_2+ until market data is present.
PHH,True,True,True,UPCoM,Công nghiệp / Xây dựng và Vật liệu / Xây dựng và Vật liệu / Xây dựng,False,False,INSUFFICIENT_DATA,MISSING_MARKET_DATA,Do not promote to stage_2+ until market data is present.
PHN,True,True,True,HNX,Công nghiệp / Hàng & Dịch vụ Công nghiệp / Điện tử & Thiết bị điện / Hàng điện & điện tử,False,False,INSUFFICIENT_DATA,MISSING_MARKET_DATA,Do not promote to stage_2+ until market data is present.
PHP,True,True,True,UPCoM,"Công nghiệp / Hàng & Dịch vụ Công nghiệp / Vận tải / Kho bãi, hậu cần và bảo dưỡng",False,False,INSUFFICIENT_DATA,MISSING_MARKET_DATA,Do not promote to stage_2+ until market data is present.
PHR,True,True,True,HOSE,"Nguyên vật liệu / Hóa chất / Hóa chất / Nhựa, cao su & sợi",False,False,INSUFFICIENT_DATA,MISSING_MARKET_DATA,Do not promote to stage_2+ until market data is present.
PHS,True,True,True,UPCoM,Tài chính / Dịch vụ tài chính / Dịch vụ tài chính / Môi giới chứng khoán,False,False,INSUFFICIENT_DATA,MISSING_MARKET_DATA,Do not promote to stage_2+ until market data is present.
PIA,True,True,True,HNX,Viễn thông / Viễn thông / Viễn thông cố định / Viễn thông cố định,False,False,INSUFFICIENT_DATA,MISSING_MARKET_DATA,Do not promote to stage_2+ until market data is present.
PIC,True,True,True,HNX,"Tiện ích Cộng đồng / Điện, nước & xăng dầu khí đốt / Sản xuất & Phân phối Điện / Sản xuất & Phân phối Điện",False,False,INSUFFICIENT_DATA,MISSING_MARKET_DATA,Do not promote to stage_2+ until market data is present.
PID,True,True,True,HOSE,Công nghiệp / Xây dựng và Vật liệu / Xây dựng và Vật liệu / Vật liệu xây dựng & Nội thất,False,False,INSUFFICIENT_DATA,MISSING_MARKET_DATA,Do not promote to stage_2+ until market data is present.
PIS,True,True,True,UPCoM,Nguyên vật liệu / Tài nguyên Cơ bản / Lâm nghiệp và Giấy / Lâm sản và Chế biến gỗ,False,False,INSUFFICIENT_DATA,MISSING_MARKET_DATA,Do not promote to stage_2+ until market data is present.
PIT,True,True,True,HOSE,Dịch vụ Tiêu dùng / Bán lẻ / Bán lẻ / Bán lẻ phức hợp,False,False,INSUFFICIENT_DATA,MISSING_MARKET_DATA,Do not promote to stage_2+ until market data is present.
PIV,True,True,True,UPCoM,"Tài chính / Bất động sản / Bất động sản / Tư Vấn, Định giá, Môi giới Bất động sản",False,False,INSUFFICIENT_DATA,MISSING_MARKET_DATA,Do not promote to stage_2+ until market data is present.
PJC,True,True,True,HNX,"Tiện ích Cộng đồng / Điện, nước & xăng dầu khí đốt / Nước & Khí đốt / Phân phối xăng dầu & khí đốt",False,False,INSUFFICIENT_DATA,MISSING_MARKET_DATA,Do not promote to stage_2+ until market data is present.
PJS,True,True,True,UPCoM,"Tiện ích Cộng đồng / Điện, nước & xăng dầu khí đốt / Nước & Khí đốt / Nước",False,False,INSUFFICIENT_DATA,MISSING_MARKET_DATA,Do not promote to stage_2+ until market data is present.
PJT,True,True,True,HOSE,Công nghiệp / Hàng & Dịch vụ Công nghiệp / Vận tải / Vận tải Thủy,False,False,INSUFFICIENT_DATA,MISSING_MARKET_DATA,Do not promote to stage_2+ until market data is present.
PLA,True,True,True,UPCoM,Công nghiệp / Xây dựng và Vật liệu / Xây dựng và Vật liệu / Xây dựng,True,False,PARTIAL_PROVISIONAL_DATA,MISSING_FINANCE_DATA,Do not promote to stage_2+ until provisional or official finance data exists.
PLC,True,True,True,HNX,"Nguyên vật liệu / Hóa chất / Hóa chất / Sản phẩm hóa dầu, Nông dược & Hóa chất khác",True,False,PARTIAL_PROVISIONAL_DATA,MISSING_FINANCE_DATA,Do not promote to stage_2+ until provisional or official finance data exists.
PLE,True,True,True,UPCoM,Công nghiệp / Xây dựng và Vật liệu / Xây dựng và Vật liệu / Xây dựng,False,False,INSUFFICIENT_DATA,MISSING_MARKET_DATA,Do not promote to stage_2+ until market data is present.
PLO,True,True,True,UPCoM,"Công nghiệp / Hàng & Dịch vụ Công nghiệp / Vận tải / Kho bãi, hậu cần và bảo dưỡng",False,False,INSUFFICIENT_DATA,MISSING_MARKET_DATA,Do not promote to stage_2+ until market data is present.
PLP,True,True,True,HOSE,"Nguyên vật liệu / Hóa chất / Hóa chất / Nhựa, cao su & sợi",False,False,INSUFFICIENT_DATA,MISSING_MARKET_DATA,Do not promote to stage_2+ until market data is present.
PLX,True,True,True,HOSE,Dầu khí / Dầu khí / Sản xuất Dầu khí / Sản xuất và Khai thác dầu khí,False,False,INSUFFICIENT_DATA,MISSING_MARKET_DATA,Do not promote to stage_2+ until market data is present.
PMB,True,True,True,HNX,"Nguyên vật liệu / Hóa chất / Hóa chất / Sản phẩm hóa dầu, Nông dược & Hóa chất khác",False,False,INSUFFICIENT_DATA,MISSING_MARKET_DATA,Do not promote to stage_2+ until market data is present.
PMC,True,True,True,HNX,Dược phẩm và Y tế / Y tế / Dược phẩm / Dược phẩm,False,False,INSUFFICIENT_DATA,MISSING_MARKET_DATA,Do not promote to stage_2+ until market data is present.
PMG,True,True,True,HOSE,"Tiện ích Cộng đồng / Điện, nước & xăng dầu khí đốt / Nước & Khí đốt / Phân phối xăng dầu & khí đốt",False,False,INSUFFICIENT_DATA,MISSING_MARKET_DATA,Do not promote to stage_2+ until market data is present.
PMJ,True,True,True,UPCoM,Công nghệ Thông tin / Công nghệ Thông tin / Thiết bị và Phần cứng / Thiết bị viễn thông,False,False,INSUFFICIENT_DATA,MISSING_MARKET_DATA,Do not promote to stage_2+ until market data is present.
PMP,True,True,True,HNX,Công nghiệp / Hàng & Dịch vụ Công nghiệp / Hàng công nghiệp / Containers & Đóng gói,False,False,INSUFFICIENT_DATA,MISSING_MARKET_DATA,Do not promote to stage_2+ until market data is present.
PMS,True,True,True,HNX,Công nghiệp / Hàng & Dịch vụ Công nghiệp / Công nghiệp nặng / Máy công nghiệp,False,False,INSUFFICIENT_DATA,MISSING_MARKET_DATA,Do not promote to stage_2+ until market data is present.
PMT,True,True,True,UPCoM,Công nghệ Thông tin / Công nghệ Thông tin / Thiết bị và Phần cứng / Thiết bị viễn thông,False,False,INSUFFICIENT_DATA,MISSING_MARKET_DATA,Do not promote to stage_2+ until market data is present.
PMW,True,True,True,UPCoM,"Tiện ích Cộng đồng / Điện, nước & xăng dầu khí đốt / Nước & Khí đốt / Nước",False,False,INSUFFICIENT_DATA,MISSING_MARKET_DATA,Do not promote to stage_2+ until market data is present.
PNC,True,True,True,HOSE,"Dịch vụ Tiêu dùng / Truyền thông / Truyền thông / Sách, ấn bản & sản phẩm văn hóa",False,False,INSUFFICIENT_DATA,MISSING_MARKET_DATA,Do not promote to stage_2+ until market data is present.
PND,True,True,True,UPCoM,"Tiện ích Cộng đồng / Điện, nước & xăng dầu khí đốt / Nước & Khí đốt / Phân phối xăng dầu & khí đốt",False,False,INSUFFICIENT_DATA,MISSING_MARKET_DATA,Do not promote to stage_2+ until market data is present.
PNG,True,True,True,UPCoM,Dịch vụ Tiêu dùng / Du lịch và Giải trí / Du lịch & Giải trí / Nhà hàng và quán bar,False,False,INSUFFICIENT_DATA,MISSING_MARKET_DATA,Do not promote to stage_2+ until market data is present.
PNJ,True,True,True,HOSE,Hàng Tiêu dùng / Hàng cá nhân & Gia dụng / Hàng cá nhân / Hàng cá nhân,False,False,INSUFFICIENT_DATA,MISSING_MARKET_DATA,Do not promote to stage_2+ until market data is present.
PNP,True,True,True,UPCoM,Công nghiệp / Hàng & Dịch vụ Công nghiệp / Vận tải / Vận tải Thủy,False,False,INSUFFICIENT_DATA,MISSING_MARKET_DATA,Do not promote to stage_2+ until market data is present.
PNT,True,True,True,UPCoM,Công nghiệp / Xây dựng và Vật liệu / Xây dựng và Vật liệu / Xây dựng,False,False,INSUFFICIENT_DATA,MISSING_MARKET_DATA,Do not promote to stage_2+ until market data is present.
POB,True,True,True,UPCoM,"Tiện ích Cộng đồng / Điện, nước & xăng dầu khí đốt / Nước & Khí đốt / Phân phối xăng dầu & khí đốt",False,False,INSUFFICIENT_DATA,MISSING_MARKET_DATA,Do not promote to stage_2+ until market data is present.
POM,True,True,True,UPCoM,Nguyên vật liệu / Tài nguyên Cơ bản / Kim loại / Thép và sản phẩm thép,False,False,INSUFFICIENT_DATA,MISSING_MARKET_DATA,Do not promote to stage_2+ until market data is present.
POS,True,True,True,UPCoM,"Dầu khí / Dầu khí / Thiết bị, Dịch vụ và Phân phối Dầu khí / Thiết bị và Dịch vụ Dầu khí",False,False,INSUFFICIENT_DATA,MISSING_MARKET_DATA,Do not promote to stage_2+ until market data is present.
POT,True,True,True,HNX,Công nghệ Thông tin / Công nghệ Thông tin / Thiết bị và Phần cứng / Phần cứng,False,False,INSUFFICIENT_DATA,MISSING_MARKET_DATA,Do not promote to stage_2+ until market data is present.
POV,True,True,True,UPCoM,"Tiện ích Cộng đồng / Điện, nước & xăng dầu khí đốt / Nước & Khí đốt / Phân phối xăng dầu & khí đốt",False,False,INSUFFICIENT_DATA,MISSING_MARKET_DATA,Do not promote to stage_2+ until market data is present.
POW,True,True,True,HOSE,"Tiện ích Cộng đồng / Điện, nước & xăng dầu khí đốt / Sản xuất & Phân phối Điện / Sản xuất & Phân phối Điện",False,False,INSUFFICIENT_DATA,MISSING_MARKET_DATA,Do not promote to stage_2+ until market data is present.
PPC,True,True,True,HOSE,"Tiện ích Cộng đồng / Điện, nước & xăng dầu khí đốt / Sản xuất & Phân phối Điện / Sản xuất & Phân phối Điện",False,False,INSUFFICIENT_DATA,MISSING_MARKET_DATA,Do not promote to stage_2+ until market data is present.
PPE,True,True,True,HNX,Công nghiệp / Hàng & Dịch vụ Công nghiệp / Tư vấn & Hỗ trợ Kinh doanh / Tư vấn & Hỗ trợ KD,False,False,INSUFFICIENT_DATA,MISSING_MARKET_DATA,Do not promote to stage_2+ until market data is present.
PPH,True,True,True,UPCoM,Hàng Tiêu dùng / Hàng cá nhân & Gia dụng / Hàng cá nhân / Hàng May mặc,False,False,INSUFFICIENT_DATA,MISSING_MARKET_DATA,Do not promote to stage_2+ until market data is present.
PPI,True,True,True,UPCoM,Tài chính / Bất động sản / Bất động sản / Bất động sản,False,False,INSUFFICIENT_DATA,MISSING_MARKET_DATA,Do not promote to stage_2+ until market data is present.
PPP,True,True,True,HNX,Dược phẩm và Y tế / Y tế / Dược phẩm / Dược phẩm,False,False,INSUFFICIENT_DATA,MISSING_MARKET_DATA,Do not promote to stage_2+ until market data is present.
PPS,True,True,True,HNX,Công nghiệp / Hàng & Dịch vụ Công nghiệp / Tư vấn & Hỗ trợ Kinh doanh / Tư vấn & Hỗ trợ KD,False,False,INSUFFICIENT_DATA,MISSING_MARKET_DATA,Do not promote to stage_2+ until market data is present.
PPT,True,True,True,HNX,"Tiện ích Cộng đồng / Điện, nước & xăng dầu khí đốt / Nước & Khí đốt / Phân phối xăng dầu & khí đốt",False,False,INSUFFICIENT_DATA,MISSING_MARKET_DATA,Do not promote to stage_2+ until market data is present.
PPY,True,True,True,HNX,"Tiện ích Cộng đồng / Điện, nước & xăng dầu khí đốt / Nước & Khí đốt / Phân phối xăng dầu & khí đốt",False,False,INSUFFICIENT_DATA,MISSING_MARKET_DATA,Do not promote to stage_2+ until market data is present.
PQN,True,True,True,UPCoM,"Công nghiệp / Hàng & Dịch vụ Công nghiệp / Vận tải / Kho bãi, hậu cần và bảo dưỡng",False,False,INSUFFICIENT_DATA,MISSING_MARKET_DATA,Do not promote to stage_2+ until market data is present.
PRC,True,True,True,HNX,Công nghiệp / Hàng & Dịch vụ Công nghiệp / Vận tải / Dịch vụ vận tải,False,False,INSUFFICIENT_DATA,MISSING_MARKET_DATA,Do not promote to stage_2+ until market data is present.
PRE,True,True,True,HNX,Tài chính / Bảo hiểm / Bảo hiểm phi nhân thọ / Tái bảo hiểm,False,False,INSUFFICIENT_DATA,MISSING_MARKET_DATA,Do not promote to stage_2+ until market data is present.
PRO,True,True,True,UPCoM,Hàng Tiêu dùng / Thực phẩm và đồ uống / Sản xuất thực phẩm / Thực phẩm,False,False,INSUFFICIENT_DATA,MISSING_MARKET_DATA,Do not promote to stage_2+ until market data is present.
PRT,True,True,True,UPCoM,Tài chính / Bất động sản / Bất động sản / Bất động sản,False,False,INSUFFICIENT_DATA,MISSING_MARKET_DATA,Do not promote to stage_2+ until market data is present.
PSB,True,True,True,UPCoM,Công nghiệp / Xây dựng và Vật liệu / Xây dựng và Vật liệu / Xây dựng,False,False,INSUFFICIENT_DATA,MISSING_MARKET_DATA,Do not promote to stage_2+ until market data is present.
PSC,True,True,True,HNX,Công nghiệp / Hàng & Dịch vụ Công nghiệp / Vận tải / Dịch vụ vận tải,False,False,INSUFFICIENT_DATA,MISSING_MARKET_DATA,Do not promote to stage_2+ until market data is present.
PSD,True,True,True,HNX,Dịch vụ Tiêu dùng / Bán lẻ / Bán lẻ / Phân phối hàng chuyên dụng,False,False,INSUFFICIENT_DATA,MISSING_MARKET_DATA,Do not promote to stage_2+ until market data is present.
PSE,True,True,True,HNX,"Nguyên vật liệu / Hóa chất / Hóa chất / Sản phẩm hóa dầu, Nông dược & Hóa chất khác",False,False,INSUFFICIENT_DATA,MISSING_MARKET_DATA,Do not promote to stage_2+ until market data is present.
PSG,True,True,True,UPCoM,Công nghiệp / Xây dựng và Vật liệu / Xây dựng và Vật liệu / Xây dựng,False,False,INSUFFICIENT_DATA,MISSING_MARKET_DATA,Do not promote to stage_2+ until market data is present.
PSH,True,True,True,UPCoM,"Tiện ích Cộng đồng / Điện, nước & xăng dầu khí đốt / Nước & Khí đốt / Phân phối xăng dầu & khí đốt",False,False,INSUFFICIENT_DATA,MISSING_MARKET_DATA,Do not promote to stage_2+ until market data is present.
PSI,True,True,True,HNX,Tài chính / Dịch vụ tài chính / Dịch vụ tài chính / Môi giới chứng khoán,False,False,INSUFFICIENT_DATA,MISSING_MARKET_DATA,Do not promote to stage_2+ until market data is present.
PSL,True,True,True,UPCoM,Hàng Tiêu dùng / Thực phẩm và đồ uống / Sản xuất thực phẩm / Nuôi trồng nông & hải sản,False,False,INSUFFICIENT_DATA,MISSING_MARKET_DATA,Do not promote to stage_2+ until market data is present.
PSN,True,True,True,UPCoM,"Công nghiệp / Hàng & Dịch vụ Công nghiệp / Vận tải / Kho bãi, hậu cần và bảo dưỡng",False,False,INSUFFICIENT_DATA,MISSING_MARKET_DATA,Do not promote to stage_2+ until market data is present.
PSP,True,True,True,UPCoM,Công nghiệp / Hàng & Dịch vụ Công nghiệp / Vận tải / Dịch vụ vận tải,False,False,INSUFFICIENT_DATA,MISSING_MARKET_DATA,Do not promote to stage_2+ until market data is present.
PSW,True,True,True,HNX,"Nguyên vật liệu / Hóa chất / Hóa chất / Sản phẩm hóa dầu, Nông dược & Hóa chất khác",False,False,INSUFFICIENT_DATA,MISSING_MARKET_DATA,Do not promote to stage_2+ until market data is present.
PTB,True,True,True,HOSE,Nguyên vật liệu / Tài nguyên Cơ bản / Lâm nghiệp và Giấy / Lâm sản và Chế biến gỗ,False,False,INSUFFICIENT_DATA,MISSING_MARKET_DATA,Do not promote to stage_2+ until market data is present.
PTC,True,True,True,HOSE,Công nghiệp / Xây dựng và Vật liệu / Xây dựng và Vật liệu / Xây dựng,False,False,INSUFFICIENT_DATA,MISSING_MARKET_DATA,Do not promote to stage_2+ until market data is present.
PTD,True,True,True,HNX,Công nghiệp / Xây dựng và Vật liệu / Xây dựng và Vật liệu / Xây dựng,False,False,INSUFFICIENT_DATA,MISSING_MARKET_DATA,Do not promote to stage_2+ until market data is present.
PTE,True,True,True,UPCoM,Công nghiệp / Xây dựng và Vật liệu / Xây dựng và Vật liệu / Vật liệu xây dựng & Nội thất,False,False,INSUFFICIENT_DATA,MISSING_MARKET_DATA,Do not promote to stage_2+ until market data is present.
PTG,True,True,True,UPCoM,Hàng Tiêu dùng / Hàng cá nhân & Gia dụng / Hàng cá nhân / Hàng May mặc,False,False,INSUFFICIENT_DATA,MISSING_MARKET_DATA,Do not promote to stage_2+ until market data is present.
PTH,True,True,True,UPCoM,"Tiện ích Cộng đồng / Điện, nước & xăng dầu khí đốt / Nước & Khí đốt / Phân phối xăng dầu & khí đốt",False,False,INSUFFICIENT_DATA,MISSING_MARKET_DATA,Do not promote to stage_2+ until market data is present.
PTI,True,True,True,HNX,Tài chính / Bảo hiểm / Bảo hiểm phi nhân thọ / Bảo hiểm phi nhân thọ,False,False,INSUFFICIENT_DATA,MISSING_MARKET_DATA,Do not promote to stage_2+ until market data is present.
PTL,True,True,True,HOSE,Tài chính / Bất động sản / Bất động sản / Bất động sản,False,False,INSUFFICIENT_DATA,MISSING_MARKET_DATA,Do not promote to stage_2+ until market data is present.
PTM,True,True,True,UPCoM,Hàng Tiêu dùng / Ô tô và phụ tùng / Ô tô và phụ tùng / Sản xuất ô tô,False,False,INSUFFICIENT_DATA,MISSING_MARKET_DATA,Do not promote to stage_2+ until market data is present.
PTN,True,True,True,UPCoM,Tài chính / Bất động sản / Bất động sản / Bất động sản,False,False,INSUFFICIENT_DATA,MISSING_MARKET_DATA,Do not promote to stage_2+ until market data is present.
PTO,True,True,True,UPCoM,Công nghiệp / Xây dựng và Vật liệu / Xây dựng và Vật liệu / Xây dựng,False,False,INSUFFICIENT_DATA,MISSING_MARKET_DATA,Do not promote to stage_2+ until market data is present.
PTP,True,True,True,UPCoM,Viễn thông / Viễn thông / Viễn thông cố định / Viễn thông cố định,False,False,INSUFFICIENT_DATA,MISSING_MARKET_DATA,Do not promote to stage_2+ until market data is present.
PTS,True,True,True,HNX,Công nghiệp / Hàng & Dịch vụ Công nghiệp / Vận tải / Dịch vụ vận tải,False,False,INSUFFICIENT_DATA,MISSING_MARKET_DATA,Do not promote to stage_2+ until market data is present.
PTT,True,True,True,UPCoM,Công nghiệp / Hàng & Dịch vụ Công nghiệp / Vận tải / Dịch vụ vận tải,False,False,INSUFFICIENT_DATA,MISSING_MARKET_DATA,Do not promote to stage_2+ until market data is present.
PTV,True,True,True,UPCoM,"Dầu khí / Dầu khí / Thiết bị, Dịch vụ và Phân phối Dầu khí / Thiết bị và Dịch vụ Dầu khí",False,False,INSUFFICIENT_DATA,MISSING_MARKET_DATA,Do not promote to stage_2+ until market data is present.
PTX,True,True,True,HNX,"Tiện ích Cộng đồng / Điện, nước & xăng dầu khí đốt / Nước & Khí đốt / Phân phối xăng dầu & khí đốt",False,False,INSUFFICIENT_DATA,MISSING_MARKET_DATA,Do not promote to stage_2+ until market data is present.
PV2,True,True,True,HNX,Tài chính / Bất động sản / Bất động sản / Bất động sản,False,False,INSUFFICIENT_DATA,MISSING_MARKET_DATA,Do not promote to stage_2+ until market data is present.
PVA,True,True,True,UPCoM,Công nghiệp / Xây dựng và Vật liệu / Xây dựng và Vật liệu / Xây dựng,False,False,INSUFFICIENT_DATA,MISSING_MARKET_DATA,Do not promote to stage_2+ until market data is present.
PVB,True,True,True,HNX,"Dầu khí / Dầu khí / Thiết bị, Dịch vụ và Phân phối Dầu khí / Thiết bị và Dịch vụ Dầu khí",False,False,INSUFFICIENT_DATA,MISSING_MARKET_DATA,Do not promote to stage_2+ until market data is present.
PVC,True,True,True,HNX,"Dầu khí / Dầu khí / Thiết bị, Dịch vụ và Phân phối Dầu khí / Thiết bị và Dịch vụ Dầu khí",False,False,INSUFFICIENT_DATA,MISSING_MARKET_DATA,Do not promote to stage_2+ until market data is present.
PVD,True,True,True,HOSE,"Dầu khí / Dầu khí / Thiết bị, Dịch vụ và Phân phối Dầu khí / Thiết bị và Dịch vụ Dầu khí",False,False,INSUFFICIENT_DATA,MISSING_MARKET_DATA,Do not promote to stage_2+ until market data is present.
PVE,True,True,True,UPCoM,"Dầu khí / Dầu khí / Thiết bị, Dịch vụ và Phân phối Dầu khí / Thiết bị và Dịch vụ Dầu khí",False,False,INSUFFICIENT_DATA,MISSING_MARKET_DATA,Do not promote to stage_2+ until market data is present.
PVG,True,True,True,HNX,"Tiện ích Cộng đồng / Điện, nước & xăng dầu khí đốt / Nước & Khí đốt / Phân phối xăng dầu & khí đốt",False,False,INSUFFICIENT_DATA,MISSING_MARKET_DATA,Do not promote to stage_2+ until market data is present.
PVH,True,True,True,UPCoM,Công nghiệp / Xây dựng và Vật liệu / Xây dựng và Vật liệu / Xây dựng,False,False,INSUFFICIENT_DATA,MISSING_MARKET_DATA,Do not promote to stage_2+ until market data is present.
PVI,True,True,True,HNX,Tài chính / Bảo hiểm / Bảo hiểm phi nhân thọ / Bảo hiểm phi nhân thọ,False,False,INSUFFICIENT_DATA,MISSING_MARKET_DATA,Do not promote to stage_2+ until market data is present.
PVL,True,True,True,UPCoM,Tài chính / Bất động sản / Bất động sản / Bất động sản,False,False,INSUFFICIENT_DATA,MISSING_MARKET_DATA,Do not promote to stage_2+ until market data is present.
PVM,True,True,True,UPCoM,Công nghiệp / Hàng & Dịch vụ Công nghiệp / Tư vấn & Hỗ trợ Kinh doanh / Nhà cung cấp thiết bị,False,False,INSUFFICIENT_DATA,MISSING_MARKET_DATA,Do not promote to stage_2+ until market data is present.
PVO,True,True,True,UPCoM,"Nguyên vật liệu / Hóa chất / Hóa chất / Sản phẩm hóa dầu, Nông dược & Hóa chất khác",False,False,INSUFFICIENT_DATA,MISSING_MARKET_DATA,Do not promote to stage_2+ until market data is present.
PVP,True,True,True,HOSE,Công nghiệp / Hàng & Dịch vụ Công nghiệp / Vận tải / Dịch vụ vận tải,False,False,INSUFFICIENT_DATA,MISSING_MARKET_DATA,Do not promote to stage_2+ until market data is present.
PVR,True,True,True,UPCoM,Tài chính / Bất động sản / Bất động sản / Bất động sản,False,False,INSUFFICIENT_DATA,MISSING_MARKET_DATA,Do not promote to stage_2+ until market data is present.
PVS,True,True,True,HNX,"Dầu khí / Dầu khí / Thiết bị, Dịch vụ và Phân phối Dầu khí / Thiết bị và Dịch vụ Dầu khí",False,False,INSUFFICIENT_DATA,MISSING_MARKET_DATA,Do not promote to stage_2+ until market data is present.
PVT,True,True,True,HOSE,Công nghiệp / Hàng & Dịch vụ Công nghiệp / Vận tải / Vận tải Thủy,False,False,INSUFFICIENT_DATA,MISSING_MARKET_DATA,Do not promote to stage_2+ until market data is present.
PVV,True,True,True,UPCoM,Công nghiệp / Xây dựng và Vật liệu / Xây dựng và Vật liệu / Xây dựng,False,False,INSUFFICIENT_DATA,MISSING_MARKET_DATA,Do not promote to stage_2+ until market data is present.
PVX,True,True,True,UPCoM,Công nghiệp / Xây dựng và Vật liệu / Xây dựng và Vật liệu / Xây dựng,False,False,INSUFFICIENT_DATA,MISSING_MARKET_DATA,Do not promote to stage_2+ until market data is present.
PVY,True,True,True,UPCoM,Công nghiệp / Xây dựng và Vật liệu / Xây dựng và Vật liệu / Xây dựng,False,False,INSUFFICIENT_DATA,MISSING_MARKET_DATA,Do not promote to stage_2+ until market data is present.
PWA,True,True,True,UPCoM,Tài chính / Bất động sản / Bất động sản / Bất động sản,False,False,INSUFFICIENT_DATA,MISSING_MARKET_DATA,Do not promote to stage_2+ until market data is present.
PWS,True,True,True,UPCoM,"Tiện ích Cộng đồng / Điện, nước & xăng dầu khí đốt / Nước & Khí đốt / Nước",False,False,INSUFFICIENT_DATA,MISSING_MARKET_DATA,Do not promote to stage_2+ until market data is present.
PX1,True,True,True,UPCoM,Công nghiệp / Xây dựng và Vật liệu / Xây dựng và Vật liệu / Vật liệu xây dựng & Nội thất,False,False,INSUFFICIENT_DATA,MISSING_MARKET_DATA,Do not promote to stage_2+ until market data is present.
PXA,True,True,True,UPCoM,Tài chính / Bất động sản / Bất động sản / Bất động sản,False,False,INSUFFICIENT_DATA,MISSING_MARKET_DATA,Do not promote to stage_2+ until market data is present.
PXC,True,True,True,UPCoM,Tài chính / Bất động sản / Bất động sản / Bất động sản,False,False,INSUFFICIENT_DATA,MISSING_MARKET_DATA,Do not promote to stage_2+ until market data is present.
PXI,True,True,True,UPCoM,Công nghiệp / Xây dựng và Vật liệu / Xây dựng và Vật liệu / Xây dựng,False,False,INSUFFICIENT_DATA,MISSING_MARKET_DATA,Do not promote to stage_2+ until market data is present.
PXL,True,True,True,UPCoM,Tài chính / Bất động sản / Bất động sản / Bất động sản,False,False,INSUFFICIENT_DATA,MISSING_MARKET_DATA,Do not promote to stage_2+ until market data is present.
PXM,True,True,True,UPCoM,Công nghiệp / Xây dựng và Vật liệu / Xây dựng và Vật liệu / Xây dựng,False,False,INSUFFICIENT_DATA,MISSING_MARKET_DATA,Do not promote to stage_2+ until market data is present.
PXS,True,True,True,UPCoM,Công nghiệp / Xây dựng và Vật liệu / Xây dựng và Vật liệu / Xây dựng,False,False,INSUFFICIENT_DATA,MISSING_MARKET_DATA,Do not promote to stage_2+ until market data is present.
PXT,True,True,True,UPCoM,Công nghiệp / Xây dựng và Vật liệu / Xây dựng và Vật liệu / Xây dựng,False,False,INSUFFICIENT_DATA,MISSING_MARKET_DATA,Do not promote to stage_2+ until market data is present.
PYU,True,True,True,UPCoM,Công nghiệp / Dịch vụ thương mại và chuyên nghiệp / Dịch vụ và thiết bị thương mại,False,False,INSUFFICIENT_DATA,MISSING_MARKET_DATA,Do not promote to stage_2+ until market data is present.
QBS,True,True,True,UPCoM,"Nguyên vật liệu / Hóa chất / Hóa chất / Sản phẩm hóa dầu, Nông dược & Hóa chất khác",False,False,INSUFFICIENT_DATA,MISSING_MARKET_DATA,Do not promote to stage_2+ until market data is present.
QCC,True,True,True,UPCoM,Công nghiệp / Xây dựng và Vật liệu / Xây dựng và Vật liệu / Xây dựng,False,False,INSUFFICIENT_DATA,MISSING_MARKET_DATA,Do not promote to stage_2+ until market data is present.
QCG,True,True,True,HOSE,Tài chính / Bất động sản / Bất động sản / Bất động sản,False,False,INSUFFICIENT_DATA,MISSING_MARKET_DATA,Do not promote to stage_2+ until market data is present.
QHD,True,True,True,HNX,Công nghiệp / Hàng & Dịch vụ Công nghiệp / Hàng công nghiệp / Công nghiệp phức hợp,False,False,INSUFFICIENT_DATA,MISSING_MARKET_DATA,Do not promote to stage_2+ until market data is present.
QHW,True,True,True,UPCoM,Hàng Tiêu dùng / Thực phẩm và đồ uống / Bia và đồ uống / Đồ uống & giải khát,False,False,INSUFFICIENT_DATA,MISSING_MARKET_DATA,Do not promote to stage_2+ until market data is present.
QLD,True,True,True,UPCoM,Công nghiệp / Xây dựng và Vật liệu / Xây dựng và Vật liệu / Xây dựng,False,False,INSUFFICIENT_DATA,MISSING_MARKET_DATA,Do not promote to stage_2+ until market data is present.
QLT,True,True,True,UPCoM,"Công nghiệp / Hàng & Dịch vụ Công nghiệp / Vận tải / Kho bãi, hậu cần và bảo dưỡng",False,False,INSUFFICIENT_DATA,MISSING_MARKET_DATA,Do not promote to stage_2+ until market data is present.
QNC,True,True,True,UPCoM,Công nghiệp / Xây dựng và Vật liệu / Xây dựng và Vật liệu / Vật liệu xây dựng & Nội thất,False,False,INSUFFICIENT_DATA,MISSING_MARKET_DATA,Do not promote to stage_2+ until market data is present.
QNP,True,True,True,HOSE,"Công nghiệp / Hàng & Dịch vụ Công nghiệp / Vận tải / Kho bãi, hậu cần và bảo dưỡng",False,False,INSUFFICIENT_DATA,MISSING_MARKET_DATA,Do not promote to stage_2+ until market data is present.
QNS,True,True,True,UPCoM,Hàng Tiêu dùng / Thực phẩm và đồ uống / Sản xuất thực phẩm / Thực phẩm,False,False,INSUFFICIENT_DATA,MISSING_MARKET_DATA,Do not promote to stage_2+ until market data is present.
QNT,True,True,True,UPCoM,Công nghiệp / Xây dựng và Vật liệu / Xây dựng và Vật liệu / Xây dựng,False,False,INSUFFICIENT_DATA,MISSING_MARKET_DATA,Do not promote to stage_2+ until market data is present.
QNU,True,True,True,UPCoM,Công nghiệp / Hàng & Dịch vụ Công nghiệp / Tư vấn & Hỗ trợ Kinh doanh / Chất thải & Môi trường,False,False,INSUFFICIENT_DATA,MISSING_MARKET_DATA,Do not promote to stage_2+ until market data is present.
QNW,True,True,True,UPCoM,"Tiện ích Cộng đồng / Điện, nước & xăng dầu khí đốt / Nước & Khí đốt / Nước",False,False,INSUFFICIENT_DATA,MISSING_MARKET_DATA,Do not promote to stage_2+ until market data is present.
QPH,True,True,True,UPCoM,"Tiện ích Cộng đồng / Điện, nước & xăng dầu khí đốt / Sản xuất & Phân phối Điện / Sản xuất & Phân phối Điện",False,False,INSUFFICIENT_DATA,MISSING_MARKET_DATA,Do not promote to stage_2+ until market data is present.
QSP,True,True,True,UPCoM,"Công nghiệp / Hàng & Dịch vụ Công nghiệp / Vận tải / Kho bãi, hậu cần và bảo dưỡng",False,False,INSUFFICIENT_DATA,MISSING_MARKET_DATA,Do not promote to stage_2+ until market data is present.
QST,True,True,True,HNX,"Dịch vụ Tiêu dùng / Truyền thông / Truyền thông / Sách, ấn bản & sản phẩm văn hóa",False,False,INSUFFICIENT_DATA,MISSING_MARKET_DATA,Do not promote to stage_2+ until market data is present.
QTC,True,True,True,HNX,Công nghiệp / Xây dựng và Vật liệu / Xây dựng và Vật liệu / Xây dựng,False,False,INSUFFICIENT_DATA,MISSING_MARKET_DATA,Do not promote to stage_2+ until market data is present.
QTP,True,True,True,UPCoM,"Tiện ích Cộng đồng / Điện, nước & xăng dầu khí đốt / Sản xuất & Phân phối Điện / Sản xuất & Phân phối Điện",False,False,INSUFFICIENT_DATA,MISSING_MARKET_DATA,Do not promote to stage_2+ until market data is present.
RAL,True,True,True,HOSE,Hàng Tiêu dùng / Hàng cá nhân & Gia dụng / Hàng gia dụng / Thiết bị gia dụng,False,False,INSUFFICIENT_DATA,MISSING_MARKET_DATA,Do not promote to stage_2+ until market data is present.
RAT,True,True,True,UPCoM,Công nghiệp / Hàng & Dịch vụ Công nghiệp / Vận tải / Dịch vụ vận tải,False,False,INSUFFICIENT_DATA,MISSING_MARKET_DATA,Do not promote to stage_2+ until market data is present.
RBC,True,True,True,UPCoM,"Nguyên vật liệu / Hóa chất / Hóa chất / Nhựa, cao su & sợi",False,False,INSUFFICIENT_DATA,MISSING_MARKET_DATA,Do not promote to stage_2+ until market data is present.
RCC,True,True,True,UPCoM,Công nghiệp / Xây dựng và Vật liệu / Xây dựng và Vật liệu / Xây dựng,False,False,INSUFFICIENT_DATA,MISSING_MARKET_DATA,Do not promote to stage_2+ until market data is present.
RCD,True,True,True,UPCoM,Công nghiệp / Xây dựng và Vật liệu / Xây dựng và Vật liệu / Xây dựng,False,False,INSUFFICIENT_DATA,MISSING_MARKET_DATA,Do not promote to stage_2+ until market data is present.
RCL,True,True,True,HNX,Tài chính / Bất động sản / Bất động sản / Bất động sản,False,False,INSUFFICIENT_DATA,MISSING_MARKET_DATA,Do not promote to stage_2+ until market data is present.
RDP,True,True,True,UPCoM,"Nguyên vật liệu / Hóa chất / Hóa chất / Nhựa, cao su & sợi",False,False,INSUFFICIENT_DATA,MISSING_MARKET_DATA,Do not promote to stage_2+ until market data is present.
REE,True,True,True,HOSE,"Tiện ích Cộng đồng / Điện, nước & xăng dầu khí đốt / Sản xuất & Phân phối Điện / Sản xuất & Phân phối Điện",False,False,INSUFFICIENT_DATA,MISSING_MARKET_DATA,Do not promote to stage_2+ until market data is present.
RGC,True,True,True,UPCoM,Dịch vụ Tiêu dùng / Truyền thông / Truyền thông / Giải trí & Truyền thông,False,False,INSUFFICIENT_DATA,MISSING_MARKET_DATA,Do not promote to stage_2+ until market data is present.
RGG,True,True,True,UPCoM,Tài chính / Bất động sản / Bất động sản / Bất động sản,False,False,INSUFFICIENT_DATA,MISSING_MARKET_DATA,Do not promote to stage_2+ until market data is present.
RIC,True,True,True,UPCoM,Dịch vụ Tiêu dùng / Du lịch và Giải trí / Du lịch & Giải trí / Dịch vụ giải trí,False,False,INSUFFICIENT_DATA,MISSING_MARKET_DATA,Do not promote to stage_2+ until market data is present.
ROS,True,True,True,HOSE,Công nghiệp / Xây dựng và Vật liệu / Xây dựng và Vật liệu / Xây dựng,False,False,INSUFFICIENT_DATA,MISSING_MARKET_DATA,Do not promote to stage_2+ until market data is present.
RTB,True,True,True,UPCoM,"Nguyên vật liệu / Hóa chất / Hóa chất / Nhựa, cao su & sợi",False,False,INSUFFICIENT_DATA,MISSING_MARKET_DATA,Do not promote to stage_2+ until market data is present.
RYG,True,True,True,HOSE,Công nghiệp / Xây dựng và Vật liệu / Xây dựng và Vật liệu / Vật liệu xây dựng & Nội thất,False,False,INSUFFICIENT_DATA,MISSING_MARKET_DATA,Do not promote to stage_2+ until market data is present.
S12,True,True,True,UPCoM,Công nghiệp / Xây dựng và Vật liệu / Xây dựng và Vật liệu / Xây dựng,False,False,INSUFFICIENT_DATA,MISSING_MARKET_DATA,Do not promote to stage_2+ until market data is present.
S27,True,True,True,UPCoM,Công nghiệp / Xây dựng và Vật liệu / Xây dựng và Vật liệu / Xây dựng,False,False,INSUFFICIENT_DATA,MISSING_MARKET_DATA,Do not promote to stage_2+ until market data is present.
S4A,True,True,True,HOSE,"Tiện ích Cộng đồng / Điện, nước & xăng dầu khí đốt / Sản xuất & Phân phối Điện / Sản xuất & Phân phối Điện",False,False,INSUFFICIENT_DATA,MISSING_MARKET_DATA,Do not promote to stage_2+ until market data is present.
S55,True,True,True,HNX,Công nghiệp / Xây dựng và Vật liệu / Xây dựng và Vật liệu / Xây dựng,False,False,INSUFFICIENT_DATA,MISSING_MARKET_DATA,Do not promote to stage_2+ until market data is present.
S72,True,True,True,UPCoM,Công nghiệp / Xây dựng và Vật liệu / Xây dựng và Vật liệu / Xây dựng,False,False,INSUFFICIENT_DATA,MISSING_MARKET_DATA,Do not promote to stage_2+ until market data is present.
S74,True,True,True,UPCoM,Công nghiệp / Xây dựng và Vật liệu / Xây dựng và Vật liệu / Xây dựng,False,False,INSUFFICIENT_DATA,MISSING_MARKET_DATA,Do not promote to stage_2+ until market data is present.
S96,True,True,True,UPCoM,Công nghiệp / Xây dựng và Vật liệu / Xây dựng và Vật liệu / Xây dựng,False,False,INSUFFICIENT_DATA,MISSING_MARKET_DATA,Do not promote to stage_2+ until market data is present.
S99,True,True,True,HNX,Công nghiệp / Xây dựng và Vật liệu / Xây dựng và Vật liệu / Xây dựng,False,False,INSUFFICIENT_DATA,MISSING_MARKET_DATA,Do not promote to stage_2+ until market data is present.
SAB,True,True,True,HOSE,Hàng Tiêu dùng / Thực phẩm và đồ uống / Bia và đồ uống / Sản xuất bia,False,False,INSUFFICIENT_DATA,MISSING_MARKET_DATA,Do not promote to stage_2+ until market data is present.
SAC,True,True,True,UPCoM,"Công nghiệp / Hàng & Dịch vụ Công nghiệp / Vận tải / Kho bãi, hậu cần và bảo dưỡng",False,False,INSUFFICIENT_DATA,MISSING_MARKET_DATA,Do not promote to stage_2+ until market data is present.
SAF,True,True,True,HNX,Hàng Tiêu dùng / Thực phẩm và đồ uống / Sản xuất thực phẩm / Thực phẩm,False,False,INSUFFICIENT_DATA,MISSING_MARKET_DATA,Do not promote to stage_2+ until market data is present.
SAL,True,True,True,UPCoM,Công nghiệp / Hàng & Dịch vụ Công nghiệp / Công nghiệp nặng / Xe tải & Đóng tàu,False,False,INSUFFICIENT_DATA,MISSING_MARKET_DATA,Do not promote to stage_2+ until market data is present.
SAM,True,True,True,HOSE,Công nghệ Thông tin / Công nghệ Thông tin / Thiết bị và Phần cứng / Thiết bị viễn thông,False,False,INSUFFICIENT_DATA,MISSING_MARKET_DATA,Do not promote to stage_2+ until market data is present.
SAP,True,True,True,UPCoM,"Dịch vụ Tiêu dùng / Truyền thông / Truyền thông / Sách, ấn bản & sản phẩm văn hóa",False,False,INSUFFICIENT_DATA,MISSING_MARKET_DATA,Do not promote to stage_2+ until market data is present.
SAS,True,True,True,UPCoM,Dịch vụ Tiêu dùng / Bán lẻ / Bán lẻ / Phân phối hàng chuyên dụng,False,False,INSUFFICIENT_DATA,MISSING_MARKET_DATA,Do not promote to stage_2+ until market data is present.
SAV,True,True,True,HOSE,Nguyên vật liệu / Tài nguyên Cơ bản / Lâm nghiệp và Giấy / Lâm sản và Chế biến gỗ,False,False,INSUFFICIENT_DATA,MISSING_MARKET_DATA,Do not promote to stage_2+ until market data is present.
SB1,True,True,True,UPCoM,Hàng Tiêu dùng / Thực phẩm và đồ uống / Bia và đồ uống / Sản xuất bia,False,False,INSUFFICIENT_DATA,MISSING_MARKET_DATA,Do not promote to stage_2+ until market data is present.
SBA,True,True,True,HOSE,"Tiện ích Cộng đồng / Điện, nước & xăng dầu khí đốt / Sản xuất & Phân phối Điện / Sản xuất & Phân phối Điện",False,False,INSUFFICIENT_DATA,MISSING_MARKET_DATA,Do not promote to stage_2+ until market data is present.
SBB,True,True,True,UPCoM,Hàng Tiêu dùng / Thực phẩm và đồ uống / Bia và đồ uống / Sản xuất bia,False,False,INSUFFICIENT_DATA,MISSING_MARKET_DATA,Do not promote to stage_2+ until market data is present.
SBD,True,True,True,UPCoM,Công nghệ Thông tin / Công nghệ Thông tin / Phần mềm & Dịch vụ Máy tính / Phần mềm,False,False,INSUFFICIENT_DATA,MISSING_MARKET_DATA,Do not promote to stage_2+ until market data is present.
SBG,True,True,True,HOSE,Công nghiệp / Hàng & Dịch vụ Công nghiệp / Hàng công nghiệp / Công nghiệp phức hợp,False,False,INSUFFICIENT_DATA,MISSING_MARKET_DATA,Do not promote to stage_2+ until market data is present.
SBH,True,True,True,UPCoM,"Tiện ích Cộng đồng / Điện, nước & xăng dầu khí đốt / Sản xuất & Phân phối Điện / Sản xuất & Phân phối Điện",False,False,INSUFFICIENT_DATA,MISSING_MARKET_DATA,Do not promote to stage_2+ until market data is present.
SBL,True,True,True,UPCoM,Hàng Tiêu dùng / Thực phẩm và đồ uống / Bia và đồ uống / Sản xuất bia,False,False,INSUFFICIENT_DATA,MISSING_MARKET_DATA,Do not promote to stage_2+ until market data is present.
SBM,True,True,True,UPCoM,Công nghiệp / Xây dựng và Vật liệu / Xây dựng và Vật liệu / Xây dựng,False,False,INSUFFICIENT_DATA,MISSING_MARKET_DATA,Do not promote to stage_2+ until market data is present.
SBR,True,True,True,UPCoM,"Nguyên vật liệu / Hóa chất / Hóa chất / Nhựa, cao su & sợi",False,False,INSUFFICIENT_DATA,MISSING_MARKET_DATA,Do not promote to stage_2+ until market data is present.
SBS,True,True,True,UPCoM,Tài chính / Dịch vụ tài chính / Dịch vụ tài chính / Môi giới chứng khoán,False,False,INSUFFICIENT_DATA,MISSING_MARKET_DATA,Do not promote to stage_2+ until market data is present.
SBT,True,True,True,HOSE,Hàng Tiêu dùng / Thực phẩm và đồ uống / Sản xuất thực phẩm / Thực phẩm,False,False,INSUFFICIENT_DATA,MISSING_MARKET_DATA,Do not promote to stage_2+ until market data is present.
SBV,True,True,True,HOSE,Dịch vụ Tiêu dùng / Bán lẻ / Bán lẻ / Phân phối hàng chuyên dụng,False,False,INSUFFICIENT_DATA,MISSING_MARKET_DATA,Do not promote to stage_2+ until market data is present.
SC5,True,True,True,HOSE,Công nghiệp / Xây dựng và Vật liệu / Xây dựng và Vật liệu / Xây dựng,False,False,INSUFFICIENT_DATA,MISSING_MARKET_DATA,Do not promote to stage_2+ until market data is present.
SCA,True,True,True,UPCoM,Nguyên vật liệu / Tài nguyên Cơ bản / Lâm nghiệp và Giấy / Lâm sản và Chế biến gỗ,False,False,INSUFFICIENT_DATA,MISSING_MARKET_DATA,Do not promote to stage_2+ until market data is present.
SCC,True,True,True,UPCoM,Công nghiệp / Xây dựng và Vật liệu / Xây dựng và Vật liệu / Vật liệu xây dựng & Nội thất,False,False,INSUFFICIENT_DATA,MISSING_MARKET_DATA,Do not promote to stage_2+ until market data is present.
SCD,True,True,True,UPCoM,Hàng Tiêu dùng / Thực phẩm và đồ uống / Bia và đồ uống / Đồ uống & giải khát,False,False,INSUFFICIENT_DATA,MISSING_MARKET_DATA,Do not promote to stage_2+ until market data is present.
SCG,True,True,True,HNX,Công nghiệp / Xây dựng và Vật liệu / Xây dựng và Vật liệu / Xây dựng,False,False,INSUFFICIENT_DATA,MISSING_MARKET_DATA,Do not promote to stage_2+ until market data is present.
SCI,True,True,True,HNX,Công nghiệp / Xây dựng và Vật liệu / Xây dựng và Vật liệu / Xây dựng,False,False,INSUFFICIENT_DATA,MISSING_MARKET_DATA,Do not promote to stage_2+ until market data is present.
SCJ,True,True,True,UPCoM,Công nghiệp / Xây dựng và Vật liệu / Xây dựng và Vật liệu / Vật liệu xây dựng & Nội thất,False,False,INSUFFICIENT_DATA,MISSING_MARKET_DATA,Do not promote to stage_2+ until market data is present.
SCL,True,True,True,UPCoM,Công nghiệp / Xây dựng và Vật liệu / Xây dựng và Vật liệu / Vật liệu xây dựng & Nội thất,False,False,INSUFFICIENT_DATA,MISSING_MARKET_DATA,Do not promote to stage_2+ until market data is present.
SCO,True,True,True,UPCoM,Công nghiệp / Hàng & Dịch vụ Công nghiệp / Công nghiệp nặng / Máy công nghiệp,False,False,INSUFFICIENT_DATA,MISSING_MARKET_DATA,Do not promote to stage_2+ until market data is present.
SCR,True,True,True,HOSE,Tài chính / Bất động sản / Bất động sản / Bất động sản,False,False,INSUFFICIENT_DATA,MISSING_MARKET_DATA,Do not promote to stage_2+ until market data is present.
SCS,True,True,True,HOSE,Dịch vụ Tiêu dùng / Du lịch và Giải trí / Du lịch & Giải trí / Hàng không,False,False,INSUFFICIENT_DATA,MISSING_MARKET_DATA,Do not promote to stage_2+ until market data is present.
SCV,True,True,True,UPCoM,Hàng Tiêu dùng / Thực phẩm và đồ uống / Sản xuất thực phẩm / Thực phẩm,False,False,INSUFFICIENT_DATA,MISSING_MARKET_DATA,Do not promote to stage_2+ until market data is present.
SCY,True,True,True,UPCoM,Công nghiệp / Hàng & Dịch vụ Công nghiệp / Công nghiệp nặng / Xe tải & Đóng tàu,False,False,INSUFFICIENT_DATA,MISSING_MARKET_DATA,Do not promote to stage_2+ until market data is present.
SD1,True,True,True,UPCoM,Công nghiệp / Xây dựng và Vật liệu / Xây dựng và Vật liệu / Xây dựng,False,False,INSUFFICIENT_DATA,MISSING_MARKET_DATA,Do not promote to stage_2+ until market data is present.
SD2,True,True,True,UPCoM,Công nghiệp / Xây dựng và Vật liệu / Xây dựng và Vật liệu / Xây dựng,False,False,INSUFFICIENT_DATA,MISSING_MARKET_DATA,Do not promote to stage_2+ until market data is present.
SD3,True,True,True,UPCoM,Công nghiệp / Xây dựng và Vật liệu / Xây dựng và Vật liệu / Xây dựng,False,False,INSUFFICIENT_DATA,MISSING_MARKET_DATA,Do not promote to stage_2+ until market data is present.
SD4,True,True,True,UPCoM,Công nghiệp / Xây dựng và Vật liệu / Xây dựng và Vật liệu / Xây dựng,False,False,INSUFFICIENT_DATA,MISSING_MARKET_DATA,Do not promote to stage_2+ until market data is present.
SD5,True,True,True,HNX,Công nghiệp / Xây dựng và Vật liệu / Xây dựng và Vật liệu / Xây dựng,False,False,INSUFFICIENT_DATA,MISSING_MARKET_DATA,Do not promote to stage_2+ until market data is present.
SD6,True,True,True,UPCoM,Công nghiệp / Xây dựng và Vật liệu / Xây dựng và Vật liệu / Xây dựng,False,False,INSUFFICIENT_DATA,MISSING_MARKET_DATA,Do not promote to stage_2+ until market data is present.
SD7,True,True,True,UPCoM,Công nghiệp / Xây dựng và Vật liệu / Xây dựng và Vật liệu / Xây dựng,False,False,INSUFFICIENT_DATA,MISSING_MARKET_DATA,Do not promote to stage_2+ until market data is present.
SD8,True,True,True,HOSE,Công nghiệp / Xây dựng và Vật liệu / Xây dựng và Vật liệu / Xây dựng,False,False,INSUFFICIENT_DATA,MISSING_MARKET_DATA,Do not promote to stage_2+ until market data is present.
SD9,True,True,True,HNX,Công nghiệp / Xây dựng và Vật liệu / Xây dựng và Vật liệu / Xây dựng,False,False,INSUFFICIENT_DATA,MISSING_MARKET_DATA,Do not promote to stage_2+ until market data is present.
SDA,True,True,True,HNX,Công nghiệp / Hàng & Dịch vụ Công nghiệp / Tư vấn & Hỗ trợ Kinh doanh / Đào tạo & Việc làm,False,False,INSUFFICIENT_DATA,MISSING_MARKET_DATA,Do not promote to stage_2+ until market data is present.
SDB,True,True,True,UPCoM,Công nghiệp / Xây dựng và Vật liệu / Xây dựng và Vật liệu / Xây dựng,False,False,INSUFFICIENT_DATA,MISSING_MARKET_DATA,Do not promote to stage_2+ until market data is present.
SDC,True,True,True,HNX,Công nghiệp / Hàng & Dịch vụ Công nghiệp / Tư vấn & Hỗ trợ Kinh doanh / Tư vấn & Hỗ trợ KD,False,False,INSUFFICIENT_DATA,MISSING_MARKET_DATA,Do not promote to stage_2+ until market data is present.
SDD,True,True,True,UPCoM,Công nghiệp / Xây dựng và Vật liệu / Xây dựng và Vật liệu / Xây dựng,False,False,INSUFFICIENT_DATA,MISSING_MARKET_DATA,Do not promote to stage_2+ until market data is present.
SDG,True,True,True,HNX,Công nghiệp / Hàng & Dịch vụ Công nghiệp / Hàng công nghiệp / Containers & Đóng gói,False,False,INSUFFICIENT_DATA,MISSING_MARKET_DATA,Do not promote to stage_2+ until market data is present.
SDH,True,True,True,UPCoM,Công nghiệp / Xây dựng và Vật liệu / Xây dựng và Vật liệu / Xây dựng,False,False,INSUFFICIENT_DATA,MISSING_MARKET_DATA,Do not promote to stage_2+ until market data is present.
SDJ,True,True,True,UPCoM,Công nghiệp / Xây dựng và Vật liệu / Xây dựng và Vật liệu / Vật liệu xây dựng & Nội thất,False,False,INSUFFICIENT_DATA,MISSING_MARKET_DATA,Do not promote to stage_2+ until market data is present.
SDK,True,True,True,UPCoM,Công nghiệp / Hàng & Dịch vụ Công nghiệp / Công nghiệp nặng / Máy công nghiệp,False,False,INSUFFICIENT_DATA,MISSING_MARKET_DATA,Do not promote to stage_2+ until market data is present.
SDN,True,True,True,HNX,Công nghiệp / Xây dựng và Vật liệu / Xây dựng và Vật liệu / Vật liệu xây dựng & Nội thất,False,False,INSUFFICIENT_DATA,MISSING_MARKET_DATA,Do not promote to stage_2+ until market data is present.
SDP,True,True,True,UPCoM,Công nghiệp / Xây dựng và Vật liệu / Xây dựng và Vật liệu / Xây dựng,False,False,INSUFFICIENT_DATA,MISSING_MARKET_DATA,Do not promote to stage_2+ until market data is present.
SDT,True,True,True,UPCoM,Công nghiệp / Xây dựng và Vật liệu / Xây dựng và Vật liệu / Xây dựng,False,False,INSUFFICIENT_DATA,MISSING_MARKET_DATA,Do not promote to stage_2+ until market data is present.
SDU,True,True,True,HNX,Công nghiệp / Xây dựng và Vật liệu / Xây dựng và Vật liệu / Xây dựng,False,False,INSUFFICIENT_DATA,MISSING_MARKET_DATA,Do not promote to stage_2+ until market data is present.
SDV,True,True,True,UPCoM,Công nghiệp / Hàng & Dịch vụ Công nghiệp / Tư vấn & Hỗ trợ Kinh doanh / Chất thải & Môi trường,False,False,INSUFFICIENT_DATA,MISSING_MARKET_DATA,Do not promote to stage_2+ until market data is present.
SDX,True,True,True,HOSE,Công nghiệp / Xây dựng và Vật liệu / Xây dựng và Vật liệu / Xây dựng,False,False,INSUFFICIENT_DATA,MISSING_MARKET_DATA,Do not promote to stage_2+ until market data is present.
SDY,True,True,True,UPCoM,Công nghiệp / Xây dựng và Vật liệu / Xây dựng và Vật liệu / Vật liệu xây dựng & Nội thất,False,False,INSUFFICIENT_DATA,MISSING_MARKET_DATA,Do not promote to stage_2+ until market data is present.
SEA,True,True,True,UPCoM,Hàng Tiêu dùng / Thực phẩm và đồ uống / Sản xuất thực phẩm / Nuôi trồng nông & hải sản,False,False,INSUFFICIENT_DATA,MISSING_MARKET_DATA,Do not promote to stage_2+ until market data is present.
SEB,True,True,True,HNX,"Tiện ích Cộng đồng / Điện, nước & xăng dầu khí đốt / Sản xuất & Phân phối Điện / Sản xuất & Phân phối Điện",False,False,INSUFFICIENT_DATA,MISSING_MARKET_DATA,Do not promote to stage_2+ until market data is present.
SED,True,True,True,HNX,"Dịch vụ Tiêu dùng / Truyền thông / Truyền thông / Sách, ấn bản & sản phẩm văn hóa",False,False,INSUFFICIENT_DATA,MISSING_MARKET_DATA,Do not promote to stage_2+ until market data is present.
SEP,True,True,True,UPCoM,"Nguyên vật liệu / Hóa chất / Hóa chất / Nhựa, cao su & sợi",False,False,INSUFFICIENT_DATA,MISSING_MARKET_DATA,Do not promote to stage_2+ until market data is present.
SFC,True,True,True,HOSE,"Tiện ích Cộng đồng / Điện, nước & xăng dầu khí đốt / Nước & Khí đốt / Phân phối xăng dầu & khí đốt",False,False,INSUFFICIENT_DATA,MISSING_MARKET_DATA,Do not promote to stage_2+ until market data is present.
SFG,True,True,True,HOSE,"Nguyên vật liệu / Hóa chất / Hóa chất / Sản phẩm hóa dầu, Nông dược & Hóa chất khác",False,False,INSUFFICIENT_DATA,MISSING_MARKET_DATA,Do not promote to stage_2+ until market data is present.
SFI,True,True,True,HOSE,Công nghiệp / Hàng & Dịch vụ Công nghiệp / Vận tải / Vận tải Thủy,False,False,INSUFFICIENT_DATA,MISSING_MARKET_DATA,Do not promote to stage_2+ until market data is present.
SFN,True,True,True,HNX,Công nghiệp / Hàng & Dịch vụ Công nghiệp / Tư vấn & Hỗ trợ Kinh doanh / Nhà cung cấp thiết bị,False,False,INSUFFICIENT_DATA,MISSING_MARKET_DATA,Do not promote to stage_2+ until market data is present.
SGB,True,True,True,UPCoM,Ngân hàng / Ngân hàng / Ngân hàng / Ngân hàng,False,False,INSUFFICIENT_DATA,MISSING_MARKET_DATA,Do not promote to stage_2+ until market data is present.
SGC,True,True,True,HNX,Hàng Tiêu dùng / Thực phẩm và đồ uống / Sản xuất thực phẩm / Thực phẩm,False,False,INSUFFICIENT_DATA,MISSING_MARKET_DATA,Do not promote to stage_2+ until market data is present.
SGD,True,True,True,HNX,"Dịch vụ Tiêu dùng / Truyền thông / Truyền thông / Sách, ấn bản & sản phẩm văn hóa",False,False,INSUFFICIENT_DATA,MISSING_MARKET_DATA,Do not promote to stage_2+ until market data is present.
SGH,True,True,True,HNX,Dịch vụ Tiêu dùng / Du lịch và Giải trí / Du lịch & Giải trí / Khách sạn,False,False,INSUFFICIENT_DATA,MISSING_MARKET_DATA,Do not promote to stage_2+ until market data is present.
SGI,True,True,True,UPCoM,Hàng Tiêu dùng / Hàng cá nhân & Gia dụng / Hàng cá nhân / Hàng May mặc,False,False,INSUFFICIENT_DATA,MISSING_MARKET_DATA,Do not promote to stage_2+ until market data is present.
SGN,True,True,True,HOSE,"Công nghiệp / Hàng & Dịch vụ Công nghiệp / Vận tải / Kho bãi, hậu cần và bảo dưỡng",False,False,INSUFFICIENT_DATA,MISSING_MARKET_DATA,Do not promote to stage_2+ until market data is present.
SGO,True,True,True,HOSE,Hàng Tiêu dùng / Thực phẩm và đồ uống / Sản xuất thực phẩm / Thực phẩm,False,False,INSUFFICIENT_DATA,MISSING_MARKET_DATA,Do not promote to stage_2+ until market data is present.
SGP,True,True,True,UPCoM,"Công nghiệp / Hàng & Dịch vụ Công nghiệp / Vận tải / Kho bãi, hậu cần và bảo dưỡng",False,False,INSUFFICIENT_DATA,MISSING_MARKET_DATA,Do not promote to stage_2+ until market data is present.
SGR,True,True,True,HOSE,Tài chính / Bất động sản / Bất động sản / Bất động sản,False,False,INSUFFICIENT_DATA,MISSING_MARKET_DATA,Do not promote to stage_2+ until market data is present.
SGS,True,True,True,UPCoM,Công nghiệp / Hàng & Dịch vụ Công nghiệp / Vận tải / Vận tải Thủy,False,False,INSUFFICIENT_DATA,MISSING_MARKET_DATA,Do not promote to stage_2+ until market data is present.
SGT,True,True,True,HOSE,Công nghệ Thông tin / Công nghệ Thông tin / Phần mềm & Dịch vụ Máy tính / Internet,False,False,INSUFFICIENT_DATA,MISSING_MARKET_DATA,Do not promote to stage_2+ until market data is present.
SHA,True,True,True,HOSE,Nguyên vật liệu / Tài nguyên Cơ bản / Kim loại / Thép và sản phẩm thép,False,False,INSUFFICIENT_DATA,MISSING_MARKET_DATA,Do not promote to stage_2+ until market data is present.
SHB,True,True,True,HOSE,Ngân hàng / Ngân hàng / Ngân hàng / Ngân hàng,False,False,INSUFFICIENT_DATA,MISSING_MARKET_DATA,Do not promote to stage_2+ until market data is present.
SHC,True,True,True,UPCoM,Công nghiệp / Hàng & Dịch vụ Công nghiệp / Vận tải / Vận tải Thủy,False,False,INSUFFICIENT_DATA,MISSING_MARKET_DATA,Do not promote to stage_2+ until market data is present.
SHE,True,True,True,HNX,Hàng Tiêu dùng / Hàng cá nhân & Gia dụng / Hàng gia dụng / Đồ gia dụng lâu bền,False,False,INSUFFICIENT_DATA,MISSING_MARKET_DATA,Do not promote to stage_2+ until market data is present.
SHG,True,True,True,UPCoM,Công nghiệp / Xây dựng và Vật liệu / Xây dựng và Vật liệu / Xây dựng,False,False,INSUFFICIENT_DATA,MISSING_MARKET_DATA,Do not promote to stage_2+ until market data is present.
SHI,True,True,True,HOSE,Nguyên vật liệu / Tài nguyên Cơ bản / Kim loại / Thép và sản phẩm thép,False,False,INSUFFICIENT_DATA,MISSING_MARKET_DATA,Do not promote to stage_2+ until market data is present.
SHN,True,True,True,HNX,Nguyên vật liệu / Tài nguyên Cơ bản / Khai khoáng / Khai thác Than,False,False,INSUFFICIENT_DATA,MISSING_MARKET_DATA,Do not promote to stage_2+ until market data is present.
SHP,True,True,True,HOSE,"Tiện ích Cộng đồng / Điện, nước & xăng dầu khí đốt / Sản xuất & Phân phối Điện / Sản xuất & Phân phối Điện",False,False,INSUFFICIENT_DATA,MISSING_MARKET_DATA,Do not promote to stage_2+ until market data is present.
SHS,True,True,True,HNX,Tài chính / Dịch vụ tài chính / Dịch vụ tài chính / Môi giới chứng khoán,False,False,INSUFFICIENT_DATA,MISSING_MARKET_DATA,Do not promote to stage_2+ until market data is present.
SHX,True,True,True,UPCoM,Dịch vụ Tiêu dùng / Du lịch và Giải trí / Du lịch & Giải trí / Vận tải hành khách & Du lịch,False,False,INSUFFICIENT_DATA,MISSING_MARKET_DATA,Do not promote to stage_2+ until market data is present.
SIC,True,True,True,HNX,Công nghiệp / Xây dựng và Vật liệu / Xây dựng và Vật liệu / Xây dựng,False,False,INSUFFICIENT_DATA,MISSING_MARKET_DATA,Do not promote to stage_2+ until market data is present.
SID,True,True,True,UPCoM,Tài chính / Bất động sản / Bất động sản / Bất động sản,False,False,INSUFFICIENT_DATA,MISSING_MARKET_DATA,Do not promote to stage_2+ until market data is present.
SIG,True,True,True,UPCoM,Công nghiệp / Xây dựng và Vật liệu / Xây dựng và Vật liệu / Xây dựng,False,False,INSUFFICIENT_DATA,MISSING_MARKET_DATA,Do not promote to stage_2+ until market data is present.
SII,True,True,True,UPCoM,"Tiện ích Cộng đồng / Điện, nước & xăng dầu khí đốt / Nước & Khí đốt / Nước",False,False,INSUFFICIENT_DATA,MISSING_MARKET_DATA,Do not promote to stage_2+ until market data is present.
SIP,True,True,True,HOSE,Tài chính / Bất động sản / Bất động sản / Bất động sản,False,False,INSUFFICIENT_DATA,MISSING_MARKET_DATA,Do not promote to stage_2+ until market data is present.
SIV,True,True,True,UPCoM,Công nghiệp / Xây dựng và Vật liệu / Xây dựng và Vật liệu / Vật liệu xây dựng & Nội thất,False,False,INSUFFICIENT_DATA,MISSING_MARKET_DATA,Do not promote to stage_2+ until market data is present.
SJ1,True,True,True,HNX,Hàng Tiêu dùng / Thực phẩm và đồ uống / Sản xuất thực phẩm / Nuôi trồng nông & hải sản,False,False,INSUFFICIENT_DATA,MISSING_MARKET_DATA,Do not promote to stage_2+ until market data is present.
SJC,True,True,True,UPCoM,Công nghiệp / Xây dựng và Vật liệu / Xây dựng và Vật liệu / Xây dựng,False,False,INSUFFICIENT_DATA,MISSING_MARKET_DATA,Do not promote to stage_2+ until market data is present.
SJD,True,True,True,HOSE,"Tiện ích Cộng đồng / Điện, nước & xăng dầu khí đốt / Sản xuất & Phân phối Điện / Sản xuất & Phân phối Điện",False,False,INSUFFICIENT_DATA,MISSING_MARKET_DATA,Do not promote to stage_2+ until market data is present.
SJE,True,True,True,HNX,Công nghiệp / Xây dựng và Vật liệu / Xây dựng và Vật liệu / Xây dựng,False,False,INSUFFICIENT_DATA,MISSING_MARKET_DATA,Do not promote to stage_2+ until market data is present.
SJF,True,True,True,UPCoM,Nguyên vật liệu / Tài nguyên Cơ bản / Lâm nghiệp và Giấy / Lâm sản và Chế biến gỗ,False,False,INSUFFICIENT_DATA,MISSING_MARKET_DATA,Do not promote to stage_2+ until market data is present.
SJG,True,True,True,UPCoM,Công nghiệp / Xây dựng và Vật liệu / Xây dựng và Vật liệu / Xây dựng,False,False,INSUFFICIENT_DATA,MISSING_MARKET_DATA,Do not promote to stage_2+ until market data is present.
SJM,True,True,True,UPCoM,Công nghiệp / Xây dựng và Vật liệu / Xây dựng và Vật liệu / Xây dựng,False,False,INSUFFICIENT_DATA,MISSING_MARKET_DATA,Do not promote to stage_2+ until market data is present.
SJS,True,True,True,HOSE,Tài chính / Bất động sản / Bất động sản / Bất động sản,False,False,INSUFFICIENT_DATA,MISSING_MARKET_DATA,Do not promote to stage_2+ until market data is present.
SKG,True,True,True,HOSE,Dịch vụ Tiêu dùng / Du lịch và Giải trí / Du lịch & Giải trí / Vận tải hành khách & Du lịch,False,False,INSUFFICIENT_DATA,MISSING_MARKET_DATA,Do not promote to stage_2+ until market data is present.
SKH,True,True,True,UPCoM,Hàng Tiêu dùng / Thực phẩm và đồ uống / Bia và đồ uống / Đồ uống & giải khát,False,False,INSUFFICIENT_DATA,MISSING_MARKET_DATA,Do not promote to stage_2+ until market data is present.
SKN,True,True,True,UPCoM,Hàng Tiêu dùng / Thực phẩm và đồ uống / Bia và đồ uống / Đồ uống & giải khát,False,False,INSUFFICIENT_DATA,MISSING_MARKET_DATA,Do not promote to stage_2+ until market data is present.
SKV,True,True,True,UPCoM,Hàng Tiêu dùng / Thực phẩm và đồ uống / Bia và đồ uống / Đồ uống & giải khát,False,False,INSUFFICIENT_DATA,MISSING_MARKET_DATA,Do not promote to stage_2+ until market data is present.
SLD,True,True,True,UPCoM,Tài chính / Bất động sản / Bất động sản / Bất động sản,False,False,INSUFFICIENT_DATA,MISSING_MARKET_DATA,Do not promote to stage_2+ until market data is present.
SLS,True,True,True,HNX,Hàng Tiêu dùng / Thực phẩm và đồ uống / Sản xuất thực phẩm / Thực phẩm,False,False,INSUFFICIENT_DATA,MISSING_MARKET_DATA,Do not promote to stage_2+ until market data is present.
SMA,True,True,True,HOSE,"Tiện ích Cộng đồng / Điện, nước & xăng dầu khí đốt / Sản xuất & Phân phối Điện / Sản xuất & Phân phối Điện",False,False,INSUFFICIENT_DATA,MISSING_MARKET_DATA,Do not promote to stage_2+ until market data is present.
SMB,True,True,True,HOSE,Hàng Tiêu dùng / Thực phẩm và đồ uống / Bia và đồ uống / Sản xuất bia,False,False,INSUFFICIENT_DATA,MISSING_MARKET_DATA,Do not promote to stage_2+ until market data is present.
SMC,True,True,True,HOSE,Nguyên vật liệu / Tài nguyên Cơ bản / Kim loại / Thép và sản phẩm thép,False,False,INSUFFICIENT_DATA,MISSING_MARKET_DATA,Do not promote to stage_2+ until market data is present.
SMN,True,True,True,HNX,"Dịch vụ Tiêu dùng / Truyền thông / Truyền thông / Sách, ấn bản & sản phẩm văn hóa",False,False,INSUFFICIENT_DATA,MISSING_MARKET_DATA,Do not promote to stage_2+ until market data is present.
SMT,True,True,True,HNX,Công nghệ Thông tin / Công nghệ Thông tin / Thiết bị và Phần cứng / Thiết bị viễn thông,False,False,INSUFFICIENT_DATA,MISSING_MARKET_DATA,Do not promote to stage_2+ until market data is present.
SNC,True,True,True,UPCoM,Hàng Tiêu dùng / Thực phẩm và đồ uống / Sản xuất thực phẩm / Nuôi trồng nông & hải sản,True,False,PARTIAL_PROVISIONAL_DATA,MISSING_FINANCE_DATA,Do not promote to stage_2+ until provisional or official finance data exists.
SNZ,True,True,True,UPCoM,Công nghiệp / Xây dựng và Vật liệu / Xây dựng và Vật liệu / Xây dựng,True,False,PARTIAL_PROVISIONAL_DATA,MISSING_FINANCE_DATA,Do not promote to stage_2+ until provisional or official finance data exists.
SON,True,True,True,UPCoM,Công nghiệp / Hàng & Dịch vụ Công nghiệp / Tư vấn & Hỗ trợ Kinh doanh / Đào tạo & Việc làm,True,False,PARTIAL_PROVISIONAL_DATA,MISSING_FINANCE_DATA,Do not promote to stage_2+ until provisional or official finance data exists.
SP2,True,True,True,UPCoM,"Tiện ích Cộng đồng / Điện, nước & xăng dầu khí đốt / Sản xuất & Phân phối Điện / Sản xuất & Phân phối Điện",True,False,PARTIAL_PROVISIONAL_DATA,MISSING_FINANCE_DATA,Do not promote to stage_2+ until provisional or official finance data exists.
SPA,True,True,True,UPCoM,Công nghiệp / Hàng & Dịch vụ Công nghiệp / Hàng công nghiệp / Containers & Đóng gói,True,False,PARTIAL_PROVISIONAL_DATA,MISSING_FINANCE_DATA,Do not promote to stage_2+ until provisional or official finance data exists.
SPB,True,True,True,UPCoM,Hàng Tiêu dùng / Hàng cá nhân & Gia dụng / Hàng cá nhân / Hàng May mặc,False,False,INSUFFICIENT_DATA,MISSING_MARKET_DATA,Do not promote to stage_2+ until market data is present.
SPC,True,True,True,HNX,"Nguyên vật liệu / Hóa chất / Hóa chất / Sản phẩm hóa dầu, Nông dược & Hóa chất khác",False,False,INSUFFICIENT_DATA,MISSING_MARKET_DATA,Do not promote to stage_2+ until market data is present.
SPD,True,True,True,UPCoM,Hàng Tiêu dùng / Thực phẩm và đồ uống / Sản xuất thực phẩm / Nuôi trồng nông & hải sản,False,False,INSUFFICIENT_DATA,MISSING_MARKET_DATA,Do not promote to stage_2+ until market data is present.
SPH,True,True,True,UPCoM,Hàng Tiêu dùng / Thực phẩm và đồ uống / Sản xuất thực phẩm / Nuôi trồng nông & hải sản,False,False,INSUFFICIENT_DATA,MISSING_MARKET_DATA,Do not promote to stage_2+ until market data is present.
SPI,True,True,True,UPCoM,Nguyên vật liệu / Tài nguyên Cơ bản / Khai khoáng / Khai khoáng,True,False,PARTIAL_PROVISIONAL_DATA,MISSING_FINANCE_DATA,Do not promote to stage_2+ until provisional or official finance data exists.
SPM,True,True,True,HOSE,Dược phẩm và Y tế / Y tế / Dược phẩm / Dược phẩm,True,False,PARTIAL_PROVISIONAL_DATA,MISSING_FINANCE_DATA,Do not promote to stage_2+ until provisional or official finance data exists.
SPP,True,True,True,UPCoM,Công nghiệp / Hàng & Dịch vụ Công nghiệp / Hàng công nghiệp / Containers & Đóng gói,True,False,PARTIAL_PROVISIONAL_DATA,MISSING_FINANCE_DATA,Do not promote to stage_2+ until provisional or official finance data exists.
SPV,True,True,True,UPCoM,Hàng Tiêu dùng / Thực phẩm và đồ uống / Sản xuất thực phẩm / Nuôi trồng nông & hải sản,True,False,PARTIAL_PROVISIONAL_DATA,MISSING_FINANCE_DATA,Do not promote to stage_2+ until provisional or official finance data exists.
SQC,True,True,True,UPCoM,Nguyên vật liệu / Tài nguyên Cơ bản / Khai khoáng / Khai khoáng,True,False,PARTIAL_PROVISIONAL_DATA,MISSING_FINANCE_DATA,Do not promote to stage_2+ until provisional or official finance data exists.
SRA,True,True,True,HNX,Dược phẩm và Y tế / Y tế / Thiết bị và Dịch vụ Y tế / Thiết bị y tế,True,False,PARTIAL_PROVISIONAL_DATA,MISSING_FINANCE_DATA,Do not promote to stage_2+ until provisional or official finance data exists.
SRB,True,True,True,UPCoM,Công nghệ Thông tin / Công nghệ Thông tin / Phần mềm & Dịch vụ Máy tính / Phần mềm,True,False,PARTIAL_PROVISIONAL_DATA,MISSING_FINANCE_DATA,Do not promote to stage_2+ until provisional or official finance data exists.
SRC,True,True,True,HOSE,Hàng Tiêu dùng / Ô tô và phụ tùng / Ô tô và phụ tùng / Lốp xe,False,False,INSUFFICIENT_DATA,MISSING_MARKET_DATA,Do not promote to stage_2+ until market data is present.
SRF,True,True,True,HOSE,Công nghiệp / Hàng & Dịch vụ Công nghiệp / Công nghiệp nặng / Máy công nghiệp,False,False,INSUFFICIENT_DATA,MISSING_MARKET_DATA,Do not promote to stage_2+ until market data is present.
SRT,True,True,True,UPCoM,Công nghiệp / Vận tải / Vận tải mặt đất,False,False,INSUFFICIENT_DATA,MISSING_MARKET_DATA,Do not promote to stage_2+ until market data is present.
SSB,True,True,True,HOSE,Ngân hàng / Ngân hàng / Ngân hàng / Ngân hàng,False,False,INSUFFICIENT_DATA,MISSING_MARKET_DATA,Do not promote to stage_2+ until market data is present.
SSC,True,True,True,HOSE,Hàng Tiêu dùng / Thực phẩm và đồ uống / Sản xuất thực phẩm / Nuôi trồng nông & hải sản,False,False,INSUFFICIENT_DATA,MISSING_MARKET_DATA,Do not promote to stage_2+ until market data is present.
SSF,True,True,True,UPCoM,Hàng Tiêu dùng / Hàng cá nhân & Gia dụng / Hàng cá nhân / Giầy dép,False,False,INSUFFICIENT_DATA,MISSING_MARKET_DATA,Do not promote to stage_2+ until market data is present.
SSG,True,True,True,UPCoM,Công nghiệp / Hàng & Dịch vụ Công nghiệp / Vận tải / Vận tải Thủy,False,False,INSUFFICIENT_DATA,MISSING_MARKET_DATA,Do not promote to stage_2+ until market data is present.
SSH,True,True,True,UPCoM,Tài chính / Bất động sản / Bất động sản / Bất động sản,False,False,INSUFFICIENT_DATA,MISSING_MARKET_DATA,Do not promote to stage_2+ until market data is present.
SSI,True,True,True,HOSE,Tài chính / Dịch vụ tài chính / Dịch vụ tài chính / Môi giới chứng khoán,False,False,INSUFFICIENT_DATA,MISSING_MARKET_DATA,Do not promote to stage_2+ until market data is present.
SSM,True,True,True,HNX,Nguyên vật liệu / Tài nguyên Cơ bản / Kim loại / Thép và sản phẩm thép,False,False,INSUFFICIENT_DATA,MISSING_MARKET_DATA,Do not promote to stage_2+ until market data is present.
SSN,True,True,True,UPCoM,Hàng Tiêu dùng / Thực phẩm và đồ uống / Sản xuất thực phẩm / Nuôi trồng nông & hải sản,False,False,INSUFFICIENT_DATA,MISSING_MARKET_DATA,Do not promote to stage_2+ until market data is present.
SSU,True,True,True,UPCoM,Công nghiệp / Hàng & Dịch vụ Công nghiệp / Tư vấn & Hỗ trợ Kinh doanh / Chất thải & Môi trường,False,False,INSUFFICIENT_DATA,MISSING_MARKET_DATA,Do not promote to stage_2+ until market data is present.
ST8,True,True,True,HOSE,Công nghệ Thông tin / Công nghệ Thông tin / Thiết bị và Phần cứng / Thiết bị văn phòng,False,False,INSUFFICIENT_DATA,MISSING_MARKET_DATA,Do not promote to stage_2+ until market data is present.
STB,True,True,True,HOSE,Ngân hàng / Ngân hàng / Ngân hàng / Ngân hàng,False,False,INSUFFICIENT_DATA,MISSING_MARKET_DATA,Do not promote to stage_2+ until market data is present.
STC,True,True,True,HNX,"Dịch vụ Tiêu dùng / Truyền thông / Truyền thông / Sách, ấn bản & sản phẩm văn hóa",False,False,INSUFFICIENT_DATA,MISSING_MARKET_DATA,Do not promote to stage_2+ until market data is present.
STD,True,True,True,UPCoM,Hàng Tiêu dùng / Thực phẩm và đồ uống / Bia và đồ uống / Sản xuất bia,False,False,INSUFFICIENT_DATA,MISSING_MARKET_DATA,Do not promote to stage_2+ until market data is present.
STG,True,True,True,HOSE,"Công nghiệp / Hàng & Dịch vụ Công nghiệp / Vận tải / Kho bãi, hậu cần và bảo dưỡng",True,False,PARTIAL_PROVISIONAL_DATA,MISSING_FINANCE_DATA,Do not promote to stage_2+ until provisional or official finance data exists.
STH,True,True,True,UPCoM,"Dịch vụ Tiêu dùng / Truyền thông / Truyền thông / Sách, ấn bản & sản phẩm văn hóa",True,False,PARTIAL_PROVISIONAL_DATA,MISSING_FINANCE_DATA,Do not promote to stage_2+ until provisional or official finance data exists.
STK,True,True,True,HOSE,Hàng Tiêu dùng / Hàng cá nhân & Gia dụng / Hàng cá nhân / Hàng May mặc,True,False,PARTIAL_PROVISIONAL_DATA,MISSING_FINANCE_DATA,Do not promote to stage_2+ until provisional or official finance data exists.
STL,True,True,True,HOSE,Tài chính / Bất động sản / Bất động sản / Bất động sản,False,False,INSUFFICIENT_DATA,MISSING_MARKET_DATA,Do not promote to stage_2+ until market data is present.
STP,True,True,True,HNX,Công nghiệp / Hàng & Dịch vụ Công nghiệp / Hàng công nghiệp / Containers & Đóng gói,True,False,PARTIAL_PROVISIONAL_DATA,MISSING_FINANCE_DATA,Do not promote to stage_2+ until provisional or official finance data exists.
STS,True,True,True,UPCoM,Công nghiệp / Hàng & Dịch vụ Công nghiệp / Vận tải / Dịch vụ vận tải,False,False,INSUFFICIENT_DATA,MISSING_MARKET_DATA,Do not promote to stage_2+ until market data is present.
STT,True,True,True,UPCoM,Dịch vụ Tiêu dùng / Du lịch và Giải trí / Du lịch & Giải trí / Vận tải hành khách & Du lịch,True,False,PARTIAL_PROVISIONAL_DATA,MISSING_FINANCE_DATA,Do not promote to stage_2+ until provisional or official finance data exists.
STW,True,True,True,UPCoM,"Tiện ích Cộng đồng / Điện, nước & xăng dầu khí đốt / Nước & Khí đốt / Nước",False,False,INSUFFICIENT_DATA,MISSING_MARKET_DATA,Do not promote to stage_2+ until market data is present.
SVC,True,True,True,HOSE,Hàng Tiêu dùng / Ô tô và phụ tùng / Ô tô và phụ tùng / Sản xuất ô tô,True,False,PARTIAL_PROVISIONAL_DATA,MISSING_FINANCE_DATA,Do not promote to stage_2+ until provisional or official finance data exists.
SVD,True,True,True,HOSE,Hàng Tiêu dùng / Hàng cá nhân & Gia dụng / Hàng cá nhân / Hàng May mặc,True,False,PARTIAL_PROVISIONAL_DATA,MISSING_FINANCE_DATA,Do not promote to stage_2+ until provisional or official finance data exists.
SVG,True,True,True,UPCoM,Công nghiệp / Hàng & Dịch vụ Công nghiệp / Hàng công nghiệp / Công nghiệp phức hợp,True,False,PARTIAL_PROVISIONAL_DATA,MISSING_FINANCE_DATA,Do not promote to stage_2+ until provisional or official finance data exists.
SVH,True,True,True,UPCoM,"Tiện ích Cộng đồng / Điện, nước & xăng dầu khí đốt / Sản xuất & Phân phối Điện / Sản xuất & Phân phối Điện",False,False,INSUFFICIENT_DATA,MISSING_MARKET_DATA,Do not promote to stage_2+ until market data is present.
SVI,True,True,True,HOSE,Công nghiệp / Hàng & Dịch vụ Công nghiệp / Hàng công nghiệp / Containers & Đóng gói,True,False,PARTIAL_PROVISIONAL_DATA,MISSING_FINANCE_DATA,Do not promote to stage_2+ until provisional or official finance data exists.
SVL,True,True,True,UPCoM,Công nghiệp / Hàng & Dịch vụ Công nghiệp / Tư vấn & Hỗ trợ Kinh doanh / Đào tạo & Việc làm,False,False,INSUFFICIENT_DATA,MISSING_MARKET_DATA,Do not promote to stage_2+ until market data is present.
SVN,True,True,True,HNX,Công nghiệp / Xây dựng và Vật liệu / Xây dựng và Vật liệu / Xây dựng,True,False,PARTIAL_PROVISIONAL_DATA,MISSING_FINANCE_DATA,Do not promote to stage_2+ until provisional or official finance data exists.
SVT,True,True,True,HOSE,Dịch vụ Tiêu dùng / Bán lẻ / Bán lẻ / Dịch vụ tiêu dùng chuyên ngành,True,False,PARTIAL_PROVISIONAL_DATA,MISSING_FINANCE_DATA,Do not promote to stage_2+ until provisional or official finance data exists.
SWC,True,True,True,UPCoM,Công nghiệp / Hàng & Dịch vụ Công nghiệp / Vận tải / Vận tải Thủy,True,False,PARTIAL_PROVISIONAL_DATA,MISSING_FINANCE_DATA,Do not promote to stage_2+ until provisional or official finance data exists.
SZB,True,True,True,HNX,Tài chính / Bất động sản / Bất động sản / Bất động sản,True,False,PARTIAL_PROVISIONAL_DATA,MISSING_FINANCE_DATA,Do not promote to stage_2+ until provisional or official finance data exists.
SZC,True,True,True,HOSE,Tài chính / Bất động sản / Bất động sản / Bất động sản,True,False,PARTIAL_PROVISIONAL_DATA,MISSING_FINANCE_DATA,Do not promote to stage_2+ until provisional or official finance data exists.
SZE,True,True,True,UPCoM,Công nghiệp / Hàng & Dịch vụ Công nghiệp / Tư vấn & Hỗ trợ Kinh doanh / Chất thải & Môi trường,True,False,PARTIAL_PROVISIONAL_DATA,MISSING_FINANCE_DATA,Do not promote to stage_2+ until provisional or official finance data exists.
SZG,True,True,True,UPCoM,Tài chính / Bất động sản / Bất động sản / Bất động sản,True,False,PARTIAL_PROVISIONAL_DATA,MISSING_FINANCE_DATA,Do not promote to stage_2+ until provisional or official finance data exists.
SZL,True,True,True,HOSE,Tài chính / Bất động sản / Bất động sản / Bất động sản,True,False,PARTIAL_PROVISIONAL_DATA,MISSING_FINANCE_DATA,Do not promote to stage_2+ until provisional or official finance data exists.
T12,True,True,True,UPCoM,Tiêu dùng không thiết yếu / Thương mại hàng không thiết yếu / Nhà phân phối,False,False,INSUFFICIENT_DATA,MISSING_MARKET_DATA,Do not promote to stage_2+ until market data is present.
TA3,True,True,True,UPCoM,Công nghiệp / Xây dựng và Vật liệu / Xây dựng và Vật liệu / Xây dựng,True,False,PARTIAL_PROVISIONAL_DATA,MISSING_FINANCE_DATA,Do not promote to stage_2+ until provisional or official finance data exists.
TA6,True,True,True,UPCoM,Công nghiệp / Xây dựng và Vật liệu / Xây dựng và Vật liệu / Xây dựng,False,False,INSUFFICIENT_DATA,MISSING_MARKET_DATA,Do not promote to stage_2+ until market data is present.
TA9,True,True,True,HNX,Công nghiệp / Xây dựng và Vật liệu / Xây dựng và Vật liệu / Xây dựng,True,False,PARTIAL_PROVISIONAL_DATA,MISSING_FINANCE_DATA,Do not promote to stage_2+ until provisional or official finance data exists.
TAB,True,True,True,UPCoM,Công nghiệp / Hàng & Dịch vụ Công nghiệp / Vận tải / Dịch vụ vận tải,False,False,INSUFFICIENT_DATA,MISSING_MARKET_DATA,Do not promote to stage_2+ until market data is present.
TAC,True,True,True,HOSE,"Tiêu dùng thiết yếu / Thực phẩm, đồ uống và thuốc lá / Thực phẩm",True,False,PARTIAL_PROVISIONAL_DATA,MISSING_FINANCE_DATA,Do not promote to stage_2+ until provisional or official finance data exists.
TAG,True,True,True,UPCoM,Tài chính / Bất động sản / Bất động sản / Bất động sản,False,False,INSUFFICIENT_DATA,MISSING_MARKET_DATA,Do not promote to stage_2+ until market data is present.
TAL,True,True,True,HOSE,Tài chính / Bất động sản / Bất động sản / Bất động sản,False,False,INSUFFICIENT_DATA,MISSING_MARKET_DATA,Do not promote to stage_2+ until market data is present.
TAN,True,True,True,UPCoM,Hàng Tiêu dùng / Thực phẩm và đồ uống / Bia và đồ uống / Đồ uống & giải khát,True,False,PARTIAL_PROVISIONAL_DATA,MISSING_FINANCE_DATA,Do not promote to stage_2+ until provisional or official finance data exists.
TAP,True,True,True,UPCoM,Công nghiệp / Hàng & Dịch vụ Công nghiệp / Tư vấn & Hỗ trợ Kinh doanh / Chất thải & Môi trường,False,False,INSUFFICIENT_DATA,MISSING_MARKET_DATA,Do not promote to stage_2+ until market data is present.
TAR,True,True,True,UPCoM,Hàng Tiêu dùng / Thực phẩm và đồ uống / Sản xuất thực phẩm / Nuôi trồng nông & hải sản,True,False,PARTIAL_PROVISIONAL_DATA,MISSING_FINANCE_DATA,Do not promote to stage_2+ until provisional or official finance data exists.
TAW,True,True,True,UPCoM,"Tiện ích Cộng đồng / Điện, nước & xăng dầu khí đốt / Nước & Khí đốt / Nước",False,False,INSUFFICIENT_DATA,MISSING_MARKET_DATA,Do not promote to stage_2+ until market data is present.
TB8,True,True,True,UPCoM,Công nghiệp / Hàng & Dịch vụ Công nghiệp / Hàng công nghiệp / Containers & Đóng gói,False,False,INSUFFICIENT_DATA,MISSING_MARKET_DATA,Do not promote to stage_2+ until market data is present.
TBC,True,True,True,HOSE,"Tiện ích Cộng đồng / Điện, nước & xăng dầu khí đốt / Sản xuất & Phân phối Điện / Sản xuất & Phân phối Điện",True,False,PARTIAL_PROVISIONAL_DATA,MISSING_FINANCE_DATA,Do not promote to stage_2+ until provisional or official finance data exists.
TBD,True,True,True,UPCoM,Công nghiệp / Hàng & Dịch vụ Công nghiệp / Điện tử & Thiết bị điện / Thiết bị điện,True,False,PARTIAL_PROVISIONAL_DATA,MISSING_FINANCE_DATA,Do not promote to stage_2+ until provisional or official finance data exists.
TBH,True,True,True,UPCoM,"Công nghiệp / Hàng & Dịch vụ Công nghiệp / Vận tải / Kho bãi, hậu cần và bảo dưỡng",True,False,PARTIAL_PROVISIONAL_DATA,MISSING_FINANCE_DATA,Do not promote to stage_2+ until provisional or official finance data exists.
TBR,True,True,True,UPCoM,Tài chính / Bất động sản / Bất động sản / Bất động sản,True,False,PARTIAL_PROVISIONAL_DATA,MISSING_FINANCE_DATA,Do not promote to stage_2+ until provisional or official finance data exists.
TBT,True,True,True,HOSE,Công nghiệp / Xây dựng và Vật liệu / Xây dựng và Vật liệu / Xây dựng,False,False,INSUFFICIENT_DATA,MISSING_MARKET_DATA,Do not promote to stage_2+ until market data is present.
TBW,True,True,True,UPCoM,"Tiện ích Cộng đồng / Điện, nước & xăng dầu khí đốt / Nước & Khí đốt / Nước",False,False,INSUFFICIENT_DATA,MISSING_MARKET_DATA,Do not promote to stage_2+ until market data is present.
TBX,True,True,True,HNX,Công nghiệp / Xây dựng và Vật liệu / Xây dựng và Vật liệu / Vật liệu xây dựng & Nội thất,False,False,INSUFFICIENT_DATA,MISSING_MARKET_DATA,Do not promote to stage_2+ until market data is present.
TC6,True,True,True,HNX,Năng lượng / Năng lượng / Dầu khí,True,False,PARTIAL_PROVISIONAL_DATA,MISSING_FINANCE_DATA,Do not promote to stage_2+ until provisional or official finance data exists.
TCB,True,True,True,HOSE,Ngân hàng / Ngân hàng / Ngân hàng / Ngân hàng,True,False,PARTIAL_PROVISIONAL_DATA,MISSING_FINANCE_DATA,Do not promote to stage_2+ until provisional or official finance data exists.
TCD,True,True,True,HOSE,Công nghiệp / Xây dựng và Vật liệu / Xây dựng và Vật liệu / Xây dựng,False,False,INSUFFICIENT_DATA,MISSING_MARKET_DATA,Do not promote to stage_2+ until market data is present.
TCH,True,True,True,HOSE,Tài chính / Bất động sản / Bất động sản / Bất động sản,True,False,PARTIAL_PROVISIONAL_DATA,MISSING_FINANCE_DATA,Do not promote to stage_2+ until provisional or official finance data exists.
TCI,True,True,True,HOSE,Tài chính / Dịch vụ tài chính / Dịch vụ tài chính / Môi giới chứng khoán,True,False,PARTIAL_PROVISIONAL_DATA,MISSING_FINANCE_DATA,Do not promote to stage_2+ until provisional or official finance data exists.
TCJ,True,True,True,UPCoM,Hàng Tiêu dùng / Thực phẩm và đồ uống / Sản xuất thực phẩm / Nuôi trồng nông & hải sản,False,False,INSUFFICIENT_DATA,MISSING_MARKET_DATA,Do not promote to stage_2+ until market data is present.
TCK,True,True,True,UPCoM,Công nghiệp / Xây dựng và Vật liệu / Xây dựng và Vật liệu / Xây dựng,False,False,INSUFFICIENT_DATA,MISSING_MARKET_DATA,Do not promote to stage_2+ until market data is present.
TCL,True,True,True,HOSE,Công nghiệp / Hàng & Dịch vụ Công nghiệp / Vận tải / Dịch vụ vận tải,True,False,PARTIAL_PROVISIONAL_DATA,MISSING_FINANCE_DATA,Do not promote to stage_2+ until provisional or official finance data exists.
TCM,True,True,True,HOSE,Hàng Tiêu dùng / Hàng cá nhân & Gia dụng / Hàng cá nhân / Hàng May mặc,True,False,PARTIAL_PROVISIONAL_DATA,MISSING_FINANCE_DATA,Do not promote to stage_2+ until provisional or official finance data exists.
TCO,True,True,True,HOSE,Hàng Tiêu dùng / Thực phẩm và đồ uống / Sản xuất thực phẩm / Nuôi trồng nông & hải sản,True,False,PARTIAL_PROVISIONAL_DATA,MISSING_FINANCE_DATA,Do not promote to stage_2+ until provisional or official finance data exists.
TCR,True,True,True,HOSE,Công nghiệp / Xây dựng và Vật liệu / Xây dựng và Vật liệu / Vật liệu xây dựng & Nội thất,True,False,PARTIAL_PROVISIONAL_DATA,MISSING_FINANCE_DATA,Do not promote to stage_2+ until provisional or official finance data exists.
TCT,True,True,True,HOSE,Dịch vụ Tiêu dùng / Du lịch và Giải trí / Du lịch & Giải trí / Vận tải hành khách & Du lịch,True,False,PARTIAL_PROVISIONAL_DATA,MISSING_FINANCE_DATA,Do not promote to stage_2+ until provisional or official finance data exists.
TCW,True,True,True,UPCoM,"Công nghiệp / Hàng & Dịch vụ Công nghiệp / Vận tải / Kho bãi, hậu cần và bảo dưỡng",True,False,PARTIAL_PROVISIONAL_DATA,MISSING_FINANCE_DATA,Do not promote to stage_2+ until provisional or official finance data exists.
TCX,True,True,True,HOSE,Tài chính / Dịch vụ tài chính / Dịch vụ tài chính / Môi giới chứng khoán,False,False,INSUFFICIENT_DATA,MISSING_MARKET_DATA,Do not promote to stage_2+ until market data is present.
TD6,True,True,True,HNX,Nguyên vật liệu / Tài nguyên Cơ bản / Khai khoáng / Khai thác Than,False,True,PARTIAL_PROVISIONAL_DATA,MISSING_MARKET_DATA,Do not promote to stage_2+ until market data is present.
TDB,True,True,True,UPCoM,"Tiện ích Cộng đồng / Điện, nước & xăng dầu khí đốt / Sản xuất & Phân phối Điện / Sản xuất & Phân phối Điện",True,True,PARTIAL_PROVISIONAL_DATA,OK,Eligible for provisional evidence prioritization only.
TDC,True,True,True,HOSE,"Tài chính / Bất động sản / Bất động sản / Tư Vấn, Định giá, Môi giới Bất động sản",True,True,PARTIAL_PROVISIONAL_DATA,OK,Eligible for provisional evidence prioritization only.
TDF,True,True,True,UPCoM,Công nghiệp / Xây dựng và Vật liệu / Xây dựng và Vật liệu / Vật liệu xây dựng & Nội thất,True,True,PARTIAL_PROVISIONAL_DATA,OK,Eligible for provisional evidence prioritization only.
TDG,True,True,True,HOSE,"Tiện ích Cộng đồng / Điện, nước & xăng dầu khí đốt / Nước & Khí đốt / Phân phối xăng dầu & khí đốt",True,True,PARTIAL_PROVISIONAL_DATA,OK,Eligible for provisional evidence prioritization only.
TDH,True,True,True,HOSE,Tài chính / Bất động sản / Bất động sản / Bất động sản,True,True,PARTIAL_PROVISIONAL_DATA,OK,Eligible for provisional evidence prioritization only.
TDI,True,True,True,UPCoM,Công nghiệp / Xây dựng và Vật liệu / Xây dựng và Vật liệu / Xây dựng,False,True,PARTIAL_PROVISIONAL_DATA,MISSING_MARKET_DATA,Do not promote to stage_2+ until market data is present.
TDM,True,True,True,HOSE,"Tiện ích Cộng đồng / Điện, nước & xăng dầu khí đốt / Nước & Khí đốt / Nước",True,True,PARTIAL_PROVISIONAL_DATA,OK,Eligible for provisional evidence prioritization only.
TDN,True,True,True,HNX,Năng lượng / Năng lượng / Dầu khí,True,True,PARTIAL_PROVISIONAL_DATA,OK,Eligible for provisional evidence prioritization only.
TDP,True,True,True,HOSE,Công nghiệp / Hàng & Dịch vụ Công nghiệp / Hàng công nghiệp / Containers & Đóng gói,True,True,PARTIAL_PROVISIONAL_DATA,OK,Eligible for provisional evidence prioritization only.
TDS,True,True,True,UPCoM,Nguyên vật liệu / Tài nguyên Cơ bản / Kim loại / Thép và sản phẩm thép,True,True,PARTIAL_PROVISIONAL_DATA,OK,Eligible for provisional evidence prioritization only.
TDT,True,True,True,HNX,Hàng Tiêu dùng / Hàng cá nhân & Gia dụng / Hàng cá nhân / Hàng May mặc,True,True,PARTIAL_PROVISIONAL_DATA,OK,Eligible for provisional evidence prioritization only.
TDW,True,True,True,HOSE,"Tiện ích Cộng đồng / Điện, nước & xăng dầu khí đốt / Nước & Khí đốt / Nước",True,True,PARTIAL_PROVISIONAL_DATA,OK,Eligible for provisional evidence prioritization only.
TEC,True,True,True,UPCoM,Công nghiệp / Xây dựng và Vật liệu / Xây dựng và Vật liệu / Xây dựng,False,True,PARTIAL_PROVISIONAL_DATA,MISSING_MARKET_DATA,Do not promote to stage_2+ until market data is present.
TED,True,True,True,UPCoM,Công nghiệp / Xây dựng và Vật liệu / Xây dựng và Vật liệu / Xây dựng,True,True,PARTIAL_PROVISIONAL_DATA,OK,Eligible for provisional evidence prioritization only.
TEG,True,True,True,HOSE,Tài chính / Bất động sản / Bất động sản / Bất động sản,True,True,PARTIAL_PROVISIONAL_DATA,OK,Eligible for provisional evidence prioritization only.
TEL,True,True,True,UPCoM,Công nghiệp / Xây dựng và Vật liệu / Xây dựng và Vật liệu / Xây dựng,False,True,PARTIAL_PROVISIONAL_DATA,MISSING_MARKET_DATA,Do not promote to stage_2+ until market data is present.
TET,True,True,True,HNX,Hàng Tiêu dùng / Hàng cá nhân & Gia dụng / Hàng cá nhân / Hàng May mặc,True,True,PARTIAL_PROVISIONAL_DATA,OK,Eligible for provisional evidence prioritization only.
TFC,True,True,True,HNX,Hàng Tiêu dùng / Thực phẩm và đồ uống / Sản xuất thực phẩm / Thực phẩm,True,True,PARTIAL_PROVISIONAL_DATA,OK,Eligible for provisional evidence prioritization only.
TGG,True,True,True,UPCoM,Công nghiệp / Xây dựng và Vật liệu / Xây dựng và Vật liệu / Xây dựng,False,True,PARTIAL_PROVISIONAL_DATA,MISSING_MARKET_DATA,Do not promote to stage_2+ until market data is present.
TGP,True,True,True,UPCoM,Công nghiệp / Hàng & Dịch vụ Công nghiệp / Điện tử & Thiết bị điện / Hàng điện & điện tử,True,True,PARTIAL_PROVISIONAL_DATA,OK,Eligible for provisional evidence prioritization only.
TH1,True,True,True,UPCoM,Dịch vụ Tiêu dùng / Bán lẻ / Phân phối thực phẩm & dược phẩm / Phân phối thực phẩm,True,True,PARTIAL_PROVISIONAL_DATA,OK,Eligible for provisional evidence prioritization only.
THB,True,True,True,HNX,Hàng Tiêu dùng / Thực phẩm và đồ uống / Bia và đồ uống / Sản xuất bia,True,True,PARTIAL_PROVISIONAL_DATA,OK,Eligible for provisional evidence prioritization only.
THD,True,True,True,HNX,"Tài chính / Bất động sản / Bất động sản / Tư Vấn, Định giá, Môi giới Bất động sản",True,True,PARTIAL_PROVISIONAL_DATA,OK,Eligible for provisional evidence prioritization only.
THG,True,True,True,HOSE,Công nghiệp / Xây dựng và Vật liệu / Xây dựng và Vật liệu / Vật liệu xây dựng & Nội thất,True,True,PARTIAL_PROVISIONAL_DATA,OK,Eligible for provisional evidence prioritization only.
THI,True,True,True,HOSE,Công nghiệp / Hàng & Dịch vụ Công nghiệp / Điện tử & Thiết bị điện / Thiết bị điện,True,True,PARTIAL_PROVISIONAL_DATA,OK,Eligible for provisional evidence prioritization only.
THM,True,True,True,UPCoM,Hàng Tiêu dùng / Hàng cá nhân & Gia dụng / Hàng cá nhân / Hàng May mặc,False,True,PARTIAL_PROVISIONAL_DATA,MISSING_MARKET_DATA,Do not promote to stage_2+ until market data is present.
THN,True,True,True,UPCoM,"Tiện ích Cộng đồng / Điện, nước & xăng dầu khí đốt / Nước & Khí đốt / Nước",False,True,PARTIAL_PROVISIONAL_DATA,MISSING_MARKET_DATA,Do not promote to stage_2+ until market data is present.
THP,True,True,True,UPCoM,Hàng Tiêu dùng / Thực phẩm và đồ uống / Sản xuất thực phẩm / Nuôi trồng nông & hải sản,True,True,PARTIAL_PROVISIONAL_DATA,OK,Eligible for provisional evidence prioritization only.
THS,True,True,True,HNX,Dịch vụ Tiêu dùng / Bán lẻ / Bán lẻ / Bán lẻ phức hợp,False,True,PARTIAL_PROVISIONAL_DATA,MISSING_MARKET_DATA,Do not promote to stage_2+ until market data is present.
THT,True,True,True,HNX,Nguyên vật liệu / Tài nguyên Cơ bản / Khai khoáng / Khai thác Than,True,True,PARTIAL_PROVISIONAL_DATA,OK,Eligible for provisional evidence prioritization only.
THU,True,True,True,UPCoM,Công nghiệp / Hàng & Dịch vụ Công nghiệp / Tư vấn & Hỗ trợ Kinh doanh / Chất thải & Môi trường,False,True,PARTIAL_PROVISIONAL_DATA,MISSING_MARKET_DATA,Do not promote to stage_2+ until market data is present.
THW,True,True,True,UPCoM,"Tiện ích Cộng đồng / Điện, nước & xăng dầu khí đốt / Nước & Khí đốt / Nước",True,True,PARTIAL_PROVISIONAL_DATA,OK,Eligible for provisional evidence prioritization only.
TID,True,True,True,UPCoM,Tài chính / Bất động sản / Bất động sản / Bất động sản,True,True,PARTIAL_PROVISIONAL_DATA,OK,Eligible for provisional evidence prioritization only.
TIE,True,True,True,UPCoM,Công nghiệp / Hàng & Dịch vụ Công nghiệp / Điện tử & Thiết bị điện / Hàng điện & điện tử,True,True,PARTIAL_PROVISIONAL_DATA,OK,Eligible for provisional evidence prioritization only.
TIG,True,True,True,HNX,Tài chính / Bất động sản / Bất động sản / Bất động sản,True,True,PARTIAL_PROVISIONAL_DATA,OK,Eligible for provisional evidence prioritization only.
TIN,True,True,True,,Tài chính / Dịch vụ tài chính / Dịch vụ tài chính / Quản lý tài sản,False,True,PARTIAL_PROVISIONAL_DATA,UNKNOWN_EXCHANGE,Verify exchange/listing identity before stage_2+.
TIP,True,True,True,HOSE,Tài chính / Bất động sản / Bất động sản / Bất động sản,True,True,PARTIAL_PROVISIONAL_DATA,OK,Eligible for provisional evidence prioritization only.
TIS,True,True,True,UPCoM,Nguyên vật liệu / Tài nguyên Cơ bản / Kim loại / Thép và sản phẩm thép,True,True,PARTIAL_PROVISIONAL_DATA,OK,Eligible for provisional evidence prioritization only.
TIX,True,True,True,HOSE,Tài chính / Bất động sản / Bất động sản / Bất động sản,True,True,PARTIAL_PROVISIONAL_DATA,OK,Eligible for provisional evidence prioritization only.
TJC,True,True,True,HNX,Công nghiệp / Hàng & Dịch vụ Công nghiệp / Vận tải / Dịch vụ vận tải,True,True,PARTIAL_PROVISIONAL_DATA,OK,Eligible for provisional evidence prioritization only.
TKA,True,True,True,UPCoM,Công nghiệp / Hàng & Dịch vụ Công nghiệp / Hàng công nghiệp / Containers & Đóng gói,False,True,PARTIAL_PROVISIONAL_DATA,MISSING_MARKET_DATA,Do not promote to stage_2+ until market data is present.
TKC,True,True,True,UPCoM,Công nghiệp / Xây dựng và Vật liệu / Xây dựng và Vật liệu / Xây dựng,False,True,PARTIAL_PROVISIONAL_DATA,MISSING_MARKET_DATA,Do not promote to stage_2+ until market data is present.
TKG,True,True,True,UPCoM,Nguyên vật liệu / Tài nguyên Cơ bản / Kim loại / Thép và sản phẩm thép,False,True,PARTIAL_PROVISIONAL_DATA,MISSING_MARKET_DATA,Do not promote to stage_2+ until market data is present.
TKU,True,True,True,HNX,Nguyên vật liệu / Tài nguyên Cơ bản / Kim loại / Nhôm,True,True,PARTIAL_PROVISIONAL_DATA,OK,Eligible for provisional evidence prioritization only.
TL4,True,True,True,UPCoM,Công nghiệp / Xây dựng và Vật liệu / Xây dựng và Vật liệu / Xây dựng,False,True,PARTIAL_PROVISIONAL_DATA,MISSING_MARKET_DATA,Do not promote to stage_2+ until market data is present.
TLD,True,True,True,HOSE,Công nghiệp / Xây dựng và Vật liệu / Xây dựng và Vật liệu / Vật liệu xây dựng & Nội thất,True,True,PARTIAL_PROVISIONAL_DATA,OK,Eligible for provisional evidence prioritization only.
TLG,True,True,True,HOSE,Hàng Tiêu dùng / Hàng cá nhân & Gia dụng / Hàng gia dụng / Đồ gia dụng một lần,True,True,PARTIAL_PROVISIONAL_DATA,OK,Eligible for provisional evidence prioritization only.
TLH,True,True,True,HOSE,Nguyên vật liệu / Tài nguyên Cơ bản / Kim loại / Thép và sản phẩm thép,True,True,OK_FOR_PROVISIONAL_SCREEN,OK,Eligible for provisional evidence prioritization only.
TLI,True,True,True,UPCoM,Hàng Tiêu dùng / Hàng cá nhân & Gia dụng / Hàng cá nhân / Hàng May mặc,True,True,PARTIAL_PROVISIONAL_DATA,OK,Eligible for provisional evidence prioritization only.
TLP,True,True,True,UPCoM,"Tiện ích Cộng đồng / Điện, nước & xăng dầu khí đốt / Nước & Khí đốt / Phân phối xăng dầu & khí đốt",True,True,PARTIAL_PROVISIONAL_DATA,OK,Eligible for provisional evidence prioritization only.
TLT,True,True,True,UPCoM,Công nghiệp / Xây dựng và Vật liệu / Xây dựng và Vật liệu / Vật liệu xây dựng & Nội thất,False,True,PARTIAL_PROVISIONAL_DATA,MISSING_MARKET_DATA,Do not promote to stage_2+ until market data is present.
TMB,True,True,True,HNX,Nguyên vật liệu / Tài nguyên Cơ bản / Khai khoáng / Khai thác Than,True,True,PARTIAL_PROVISIONAL_DATA,OK,Eligible for provisional evidence prioritization only.
TMC,True,True,True,HNX,"Tiện ích Cộng đồng / Điện, nước & xăng dầu khí đốt / Nước & Khí đốt / Phân phối xăng dầu & khí đốt",True,True,PARTIAL_PROVISIONAL_DATA,OK,Eligible for provisional evidence prioritization only.
TMG,True,True,True,UPCoM,Nguyên vật liệu / Tài nguyên Cơ bản / Kim loại / Thép và sản phẩm thép,True,True,PARTIAL_PROVISIONAL_DATA,OK,Eligible for provisional evidence prioritization only.
TMP,True,True,True,HOSE,"Tiện ích Cộng đồng / Điện, nước & xăng dầu khí đốt / Sản xuất & Phân phối Điện / Sản xuất & Phân phối Điện",True,True,PARTIAL_PROVISIONAL_DATA,OK,Eligible for provisional evidence prioritization only.
TMS,True,True,True,HOSE,"Công nghiệp / Hàng & Dịch vụ Công nghiệp / Vận tải / Kho bãi, hậu cần và bảo dưỡng",True,True,PARTIAL_PROVISIONAL_DATA,OK,Eligible for provisional evidence prioritization only.
TMT,True,True,True,HOSE,Hàng Tiêu dùng / Ô tô và phụ tùng / Ô tô và phụ tùng / Sản xuất ô tô,True,True,PARTIAL_PROVISIONAL_DATA,OK,Eligible for provisional evidence prioritization only.
TMW,True,True,True,UPCoM,Nguyên vật liệu / Tài nguyên Cơ bản / Lâm nghiệp và Giấy / Lâm sản và Chế biến gỗ,False,True,PARTIAL_PROVISIONAL_DATA,MISSING_MARKET_DATA,Do not promote to stage_2+ until market data is present.
TMX,True,True,True,HNX,Công nghiệp / Xây dựng và Vật liệu / Xây dựng và Vật liệu / Vật liệu xây dựng & Nội thất,True,True,PARTIAL_PROVISIONAL_DATA,OK,Eligible for provisional evidence prioritization only.
TN1,True,True,True,HOSE,Tài chính / Bất động sản / Bất động sản / Bất động sản,True,True,PARTIAL_PROVISIONAL_DATA,OK,Eligible for provisional evidence prioritization only.
TNA,True,True,True,UPCoM,Nguyên vật liệu / Tài nguyên Cơ bản / Kim loại / Thép và sản phẩm thép,False,True,PARTIAL_PROVISIONAL_DATA,MISSING_MARKET_DATA,Do not promote to stage_2+ until market data is present.
TNB,True,True,True,UPCoM,Nguyên vật liệu / Tài nguyên Cơ bản / Kim loại / Thép và sản phẩm thép,True,True,PARTIAL_PROVISIONAL_DATA,OK,Eligible for provisional evidence prioritization only.
TNC,True,True,True,HOSE,"Nguyên vật liệu / Hóa chất / Hóa chất / Nhựa, cao su & sợi",True,True,PARTIAL_PROVISIONAL_DATA,OK,Eligible for provisional evidence prioritization only.
TNG,True,True,True,HNX,Hàng Tiêu dùng / Hàng cá nhân & Gia dụng / Hàng cá nhân / Hàng May mặc,True,True,PARTIAL_PROVISIONAL_DATA,OK,Eligible for provisional evidence prioritization only.
TNH,True,True,True,HOSE,Dược phẩm và Y tế / Y tế / Thiết bị và Dịch vụ Y tế / Chăm sóc y tế,True,True,PARTIAL_PROVISIONAL_DATA,OK,Eligible for provisional evidence prioritization only.
TNI,True,True,True,HOSE,Nguyên vật liệu / Tài nguyên Cơ bản / Kim loại / Thép và sản phẩm thép,True,True,PARTIAL_PROVISIONAL_DATA,OK,Eligible for provisional evidence prioritization only.
TNM,True,True,True,UPCoM,Công nghiệp / Xây dựng và Vật liệu / Xây dựng và Vật liệu / Xây dựng,False,True,PARTIAL_PROVISIONAL_DATA,MISSING_MARKET_DATA,Do not promote to stage_2+ until market data is present.
TNP,True,True,True,UPCoM,"Công nghiệp / Hàng & Dịch vụ Công nghiệp / Vận tải / Kho bãi, hậu cần và bảo dưỡng",True,True,PARTIAL_PROVISIONAL_DATA,OK,Eligible for provisional evidence prioritization only.
TNS,True,True,True,UPCoM,Nguyên vật liệu / Tài nguyên Cơ bản / Kim loại / Thép và sản phẩm thép,True,True,PARTIAL_PROVISIONAL_DATA,OK,Eligible for provisional evidence prioritization only.
TNT,True,True,True,HOSE,Công nghiệp / Xây dựng và Vật liệu / Xây dựng và Vật liệu / Vật liệu xây dựng & Nội thất,True,True,PARTIAL_PROVISIONAL_DATA,OK,Eligible for provisional evidence prioritization only.
TNV,True,True,True,UPCoM,Hàng Tiêu dùng / Hàng cá nhân & Gia dụng / Hàng cá nhân / Hàng cá nhân,False,True,PARTIAL_PROVISIONAL_DATA,MISSING_MARKET_DATA,Do not promote to stage_2+ until market data is present.
TNW,True,True,True,UPCoM,"Tiện ích Cộng đồng / Điện, nước & xăng dầu khí đốt / Nước & Khí đốt / Nước",True,True,PARTIAL_PROVISIONAL_DATA,OK,Eligible for provisional evidence prioritization only.
TOP,True,True,True,UPCoM,Dịch vụ Tiêu dùng / Bán lẻ / Bán lẻ / Bán lẻ phức hợp,False,True,PARTIAL_PROVISIONAL_DATA,MISSING_MARKET_DATA,Do not promote to stage_2+ until market data is present.
TOS,True,True,True,UPCoM,"Dầu khí / Dầu khí / Thiết bị, Dịch vụ và Phân phối Dầu khí / Thiết bị và Dịch vụ Dầu khí",True,True,PARTIAL_PROVISIONAL_DATA,OK,Eligible for provisional evidence prioritization only.
TOT,True,True,True,HNX,Công nghiệp / Hàng & Dịch vụ Công nghiệp / Vận tải / Dịch vụ vận tải,True,True,PARTIAL_PROVISIONAL_DATA,OK,Eligible for provisional evidence prioritization only.
TOW,True,True,True,UPCoM,"Tiện ích Cộng đồng / Điện, nước & xăng dầu khí đốt / Nước & Khí đốt / Nước",True,True,PARTIAL_PROVISIONAL_DATA,OK,Eligible for provisional evidence prioritization only.
TPB,True,True,True,HOSE,Ngân hàng / Ngân hàng / Ngân hàng / Ngân hàng,True,True,PARTIAL_PROVISIONAL_DATA,OK,Eligible for provisional evidence prioritization only.
TPC,True,True,True,HOSE,"Nguyên vật liệu / Hóa chất / Hóa chất / Nhựa, cao su & sợi",True,True,PARTIAL_PROVISIONAL_DATA,OK,Eligible for provisional evidence prioritization only.
TPH,True,True,True,HNX,"Dịch vụ Tiêu dùng / Truyền thông / Truyền thông / Sách, ấn bản & sản phẩm văn hóa",True,True,PARTIAL_PROVISIONAL_DATA,OK,Eligible for provisional evidence prioritization only.
TPP,True,True,True,HNX,Công nghiệp / Hàng & Dịch vụ Công nghiệp / Hàng công nghiệp / Containers & Đóng gói,False,True,PARTIAL_PROVISIONAL_DATA,MISSING_MARKET_DATA,Do not promote to stage_2+ until market data is present.
TPS,True,True,True,UPCoM,Dịch vụ Tiêu dùng / Du lịch và Giải trí / Du lịch & Giải trí / Vận tải hành khách & Du lịch,False,True,PARTIAL_PROVISIONAL_DATA,MISSING_MARKET_DATA,Do not promote to stage_2+ until market data is present.
TQN,True,True,True,UPCoM,Nguyên vật liệu / Tài nguyên Cơ bản / Lâm nghiệp và Giấy / Lâm sản và Chế biến gỗ,False,True,PARTIAL_PROVISIONAL_DATA,MISSING_MARKET_DATA,Do not promote to stage_2+ until market data is present.
TQW,True,True,True,UPCoM,"Tiện ích Cộng đồng / Điện, nước & xăng dầu khí đốt / Nước & Khí đốt / Nước",False,True,PARTIAL_PROVISIONAL_DATA,MISSING_MARKET_DATA,Do not promote to stage_2+ until market data is present.
TR1,True,True,True,UPCoM,"Công nghiệp / Hàng & Dịch vụ Công nghiệp / Vận tải / Kho bãi, hậu cần và bảo dưỡng",False,True,PARTIAL_PROVISIONAL_DATA,MISSING_MARKET_DATA,Do not promote to stage_2+ until market data is present.
TRA,True,True,True,HOSE,Dược phẩm và Y tế / Y tế / Dược phẩm / Dược phẩm,True,True,PARTIAL_PROVISIONAL_DATA,OK,Eligible for provisional evidence prioritization only.
TRC,True,True,True,HOSE,"Nguyên vật liệu / Hóa chất / Hóa chất / Nhựa, cao su & sợi",True,True,PARTIAL_PROVISIONAL_DATA,OK,Eligible for provisional evidence prioritization only.
TRS,True,True,True,UPCoM,Công nghiệp / Hàng & Dịch vụ Công nghiệp / Vận tải / Vận tải Thủy,True,True,PARTIAL_PROVISIONAL_DATA,OK,Eligible for provisional evidence prioritization only.
TRT,True,True,True,UPCoM,Công nghiệp / Xây dựng và Vật liệu / Xây dựng và Vật liệu / Vật liệu xây dựng & Nội thất,False,True,PARTIAL_PROVISIONAL_DATA,MISSING_MARKET_DATA,Do not promote to stage_2+ until market data is present.
TRV,True,True,True,UPCoM,Công nghiệp / Hàng & Dịch vụ Công nghiệp / Vận tải / Đường sắt,False,True,PARTIAL_PROVISIONAL_DATA,MISSING_MARKET_DATA,Do not promote to stage_2+ until market data is present.
TS3,True,True,True,UPCoM,Công nghiệp / Xây dựng và Vật liệu / Xây dựng và Vật liệu / Xây dựng,True,True,PARTIAL_PROVISIONAL_DATA,OK,Eligible for provisional evidence prioritization only.
TS4,True,True,True,HOSE,Hàng Tiêu dùng / Thực phẩm và đồ uống / Sản xuất thực phẩm / Nuôi trồng nông & hải sản,False,True,PARTIAL_PROVISIONAL_DATA,MISSING_MARKET_DATA,Do not promote to stage_2+ until market data is present.
TS5,True,True,True,UPCoM,Công nghiệp / Hàng hóa công nghiệp / Kỹ thuật xây dựng,False,False,INSUFFICIENT_DATA,MISSING_MARKET_DATA,Do not promote to stage_2+ until market data is present.
TSA,True,True,True,HOSE,Công nghiệp / Xây dựng và Vật liệu / Xây dựng và Vật liệu / Xây dựng,False,True,PARTIAL_PROVISIONAL_DATA,MISSING_MARKET_DATA,Do not promote to stage_2+ until market data is present.
TSB,True,True,True,HNX,Công nghiệp / Hàng & Dịch vụ Công nghiệp / Điện tử & Thiết bị điện / Hàng điện & điện tử,True,True,PARTIAL_PROVISIONAL_DATA,OK,Eligible for provisional evidence prioritization only.
TSC,True,True,True,HOSE,"Nguyên vật liệu / Hóa chất / Hóa chất / Sản phẩm hóa dầu, Nông dược & Hóa chất khác",True,True,PARTIAL_PROVISIONAL_DATA,OK,Eligible for provisional evidence prioritization only.
TSD,True,True,True,UPCoM,Dịch vụ Tiêu dùng / Du lịch và Giải trí / Du lịch & Giải trí / Vận tải hành khách & Du lịch,True,True,PARTIAL_PROVISIONAL_DATA,OK,Eligible for provisional evidence prioritization only.
TSG,True,True,True,UPCoM,Công nghiệp / Hàng & Dịch vụ Công nghiệp / Vận tải / Đường sắt,False,True,PARTIAL_PROVISIONAL_DATA,MISSING_MARKET_DATA,Do not promote to stage_2+ until market data is present.
TSJ,True,True,True,UPCoM,Dịch vụ Tiêu dùng / Du lịch và Giải trí / Du lịch & Giải trí / Vận tải hành khách & Du lịch,True,True,PARTIAL_PROVISIONAL_DATA,OK,Eligible for provisional evidence prioritization only.
TST,True,True,True,UPCoM,Công nghệ Thông tin / Công nghệ Thông tin / Phần mềm & Dịch vụ Máy tính / Dịch vụ Máy tính,True,True,PARTIAL_PROVISIONAL_DATA,OK,Eligible for provisional evidence prioritization only.
TT6,True,True,True,UPCoM,Hàng Tiêu dùng / Thực phẩm và đồ uống / Sản xuất thực phẩm / Thực phẩm,False,True,PARTIAL_PROVISIONAL_DATA,MISSING_MARKET_DATA,Do not promote to stage_2+ until market data is present.
TTA,True,True,True,HOSE,"Tiện ích Cộng đồng / Điện, nước & xăng dầu khí đốt / Sản xuất & Phân phối Điện / Sản xuất & Phân phối Điện",True,True,PARTIAL_PROVISIONAL_DATA,OK,Eligible for provisional evidence prioritization only.
TTB,True,True,True,UPCoM,Công nghiệp / Xây dựng và Vật liệu / Xây dựng và Vật liệu / Vật liệu xây dựng & Nội thất,False,True,PARTIAL_PROVISIONAL_DATA,MISSING_MARKET_DATA,Do not promote to stage_2+ until market data is present.
TTC,True,True,True,HNX,Công nghiệp / Xây dựng và Vật liệu / Xây dựng và Vật liệu / Vật liệu xây dựng & Nội thất,True,True,PARTIAL_PROVISIONAL_DATA,OK,Eligible for provisional evidence prioritization only.
TTD,True,True,True,UPCoM,Dược phẩm và Y tế / Y tế / Thiết bị và Dịch vụ Y tế / Chăm sóc y tế,False,True,PARTIAL_PROVISIONAL_DATA,MISSING_MARKET_DATA,Do not promote to stage_2+ until market data is present.
TTE,True,True,True,HOSE,"Tiện ích Cộng đồng / Điện, nước & xăng dầu khí đốt / Sản xuất & Phân phối Điện / Sản xuất & Phân phối Điện",False,True,PARTIAL_PROVISIONAL_DATA,MISSING_MARKET_DATA,Do not promote to stage_2+ until market data is present.
TTF,True,True,True,HOSE,Nguyên vật liệu / Tài nguyên Cơ bản / Lâm nghiệp và Giấy / Lâm sản và Chế biến gỗ,True,True,PARTIAL_PROVISIONAL_DATA,OK,Eligible for provisional evidence prioritization only.
TTG,True,True,True,UPCoM,Hàng Tiêu dùng / Hàng cá nhân & Gia dụng / Hàng cá nhân / Hàng May mặc,True,True,PARTIAL_PROVISIONAL_DATA,OK,Eligible for provisional evidence prioritization only.
TTH,True,True,True,HNX,Nguyên vật liệu / Tài nguyên Cơ bản / Kim loại / Thép và sản phẩm thép,True,True,PARTIAL_PROVISIONAL_DATA,OK,Eligible for provisional evidence prioritization only.
TTL,True,True,True,HNX,Công nghiệp / Xây dựng và Vật liệu / Xây dựng và Vật liệu / Xây dựng,True,True,PARTIAL_PROVISIONAL_DATA,OK,Eligible for provisional evidence prioritization only.
TTN,True,True,True,UPCoM,Viễn thông / Viễn thông / Viễn thông cố định / Viễn thông cố định,True,True,PARTIAL_PROVISIONAL_DATA,OK,Eligible for provisional evidence prioritization only.
TTP,True,True,True,UPCoM,Công nghiệp / Hàng & Dịch vụ Công nghiệp / Hàng công nghiệp / Containers & Đóng gói,True,True,PARTIAL_PROVISIONAL_DATA,OK,Eligible for provisional evidence prioritization only.
TTS,True,True,True,UPCoM,Nguyên vật liệu / Tài nguyên Cơ bản / Kim loại / Thép và sản phẩm thép,True,True,PARTIAL_PROVISIONAL_DATA,OK,Eligible for provisional evidence prioritization only.
TTT,True,True,True,HNX,Dịch vụ Tiêu dùng / Du lịch và Giải trí / Du lịch & Giải trí / Vận tải hành khách & Du lịch,True,True,PARTIAL_PROVISIONAL_DATA,OK,Eligible for provisional evidence prioritization only.
TTZ,True,True,True,UPCoM,Công nghiệp / Xây dựng và Vật liệu / Xây dựng và Vật liệu / Vật liệu xây dựng & Nội thất,False,True,PARTIAL_PROVISIONAL_DATA,MISSING_MARKET_DATA,Do not promote to stage_2+ until market data is present.
TUG,True,True,True,UPCoM,"Công nghiệp / Hàng & Dịch vụ Công nghiệp / Vận tải / Kho bãi, hậu cần và bảo dưỡng",False,True,PARTIAL_PROVISIONAL_DATA,MISSING_MARKET_DATA,Do not promote to stage_2+ until market data is present.
TV1,True,True,True,UPCoM,Công nghiệp / Hàng & Dịch vụ Công nghiệp / Tư vấn & Hỗ trợ Kinh doanh / Tư vấn & Hỗ trợ KD,True,True,PARTIAL_PROVISIONAL_DATA,OK,Eligible for provisional evidence prioritization only.
TV2,True,True,True,HOSE,Công nghiệp / Hàng & Dịch vụ Công nghiệp / Tư vấn & Hỗ trợ Kinh doanh / Tư vấn & Hỗ trợ KD,True,True,PARTIAL_PROVISIONAL_DATA,OK,Eligible for provisional evidence prioritization only.
TV3,True,True,True,HNX,Công nghiệp / Hàng & Dịch vụ Công nghiệp / Tư vấn & Hỗ trợ Kinh doanh / Tư vấn & Hỗ trợ KD,True,True,PARTIAL_PROVISIONAL_DATA,OK,Eligible for provisional evidence prioritization only.
TV4,True,True,True,HNX,Công nghiệp / Hàng & Dịch vụ Công nghiệp / Tư vấn & Hỗ trợ Kinh doanh / Tư vấn & Hỗ trợ KD,True,True,PARTIAL_PROVISIONAL_DATA,OK,Eligible for provisional evidence prioritization only.
TV6,True,True,True,UPCoM,"Tài chính / Bất động sản / Bất động sản / Tư Vấn, Định giá, Môi giới Bất động sản",True,True,PARTIAL_PROVISIONAL_DATA,OK,Eligible for provisional evidence prioritization only.
TVA,True,True,True,UPCoM,Công nghiệp / Xây dựng và Vật liệu / Xây dựng và Vật liệu / Vật liệu xây dựng & Nội thất,False,True,PARTIAL_PROVISIONAL_DATA,MISSING_MARKET_DATA,Do not promote to stage_2+ until market data is present.
TVB,True,True,True,HOSE,Tài chính / Dịch vụ tài chính / Dịch vụ tài chính / Môi giới chứng khoán,True,True,PARTIAL_PROVISIONAL_DATA,OK,Eligible for provisional evidence prioritization only.
TVC,True,True,True,HNX,Tài chính / Dịch vụ tài chính / Dịch vụ tài chính / Tài chính đặc biệt,True,True,PARTIAL_PROVISIONAL_DATA,OK,Eligible for provisional evidence prioritization only.
TVD,True,True,True,HNX,Nguyên vật liệu / Tài nguyên Cơ bản / Khai khoáng / Khai thác Than,True,True,PARTIAL_PROVISIONAL_DATA,OK,Eligible for provisional evidence prioritization only.
TVG,True,True,True,UPCoM,Công nghiệp / Xây dựng và Vật liệu / Xây dựng và Vật liệu / Xây dựng,False,True,PARTIAL_PROVISIONAL_DATA,MISSING_MARKET_DATA,Do not promote to stage_2+ until market data is present.
TVH,True,True,True,UPCoM,Công nghiệp / Xây dựng và Vật liệu / Xây dựng và Vật liệu / Xây dựng,True,True,PARTIAL_PROVISIONAL_DATA,OK,Eligible for provisional evidence prioritization only.
TVM,True,True,True,UPCoM,Công nghiệp / Hàng & Dịch vụ Công nghiệp / Tư vấn & Hỗ trợ Kinh doanh / Tư vấn & Hỗ trợ KD,False,True,PARTIAL_PROVISIONAL_DATA,MISSING_MARKET_DATA,Do not promote to stage_2+ until market data is present.
TVN,True,True,True,UPCoM,Nguyên vật liệu / Tài nguyên Cơ bản / Kim loại / Thép và sản phẩm thép,True,True,PARTIAL_PROVISIONAL_DATA,OK,Eligible for provisional evidence prioritization only.
TVP,True,True,True,UPCoM,Dược phẩm và Y tế / Y tế / Dược phẩm / Dược phẩm,True,True,PARTIAL_PROVISIONAL_DATA,OK,Eligible for provisional evidence prioritization only.
TVS,True,True,True,HOSE,Tài chính / Dịch vụ tài chính / Dịch vụ tài chính / Môi giới chứng khoán,True,True,PARTIAL_PROVISIONAL_DATA,OK,Eligible for provisional evidence prioritization only.
TVT,True,True,True,HOSE,Hàng Tiêu dùng / Hàng cá nhân & Gia dụng / Hàng cá nhân / Hàng May mặc,True,True,PARTIAL_PROVISIONAL_DATA,OK,Eligible for provisional evidence prioritization only.
TVW,True,True,True,UPCoM,"Tiện ích Cộng đồng / Điện, nước & xăng dầu khí đốt / Nước & Khí đốt / Nước",True,True,PARTIAL_PROVISIONAL_DATA,OK,Eligible for provisional evidence prioritization only.
TW3,True,True,True,UPCoM,Dược phẩm và Y tế / Y tế / Dược phẩm / Dược phẩm,False,True,PARTIAL_PROVISIONAL_DATA,MISSING_MARKET_DATA,Do not promote to stage_2+ until market data is present.
TXM,True,True,True,HNX,Công nghiệp / Xây dựng và Vật liệu / Xây dựng và Vật liệu / Vật liệu xây dựng & Nội thất,True,True,PARTIAL_PROVISIONAL_DATA,OK,Eligible for provisional evidence prioritization only.
TYA,True,True,True,HOSE,Công nghiệp / Hàng & Dịch vụ Công nghiệp / Điện tử & Thiết bị điện / Hàng điện & điện tử,True,True,PARTIAL_PROVISIONAL_DATA,OK,Eligible for provisional evidence prioritization only.
UCT,True,True,True,UPCoM,Công nghiệp / Hàng & Dịch vụ Công nghiệp / Tư vấn & Hỗ trợ Kinh doanh / Chất thải & Môi trường,False,True,PARTIAL_PROVISIONAL_DATA,MISSING_MARKET_DATA,Do not promote to stage_2+ until market data is present.
UDC,True,True,True,UPCoM,Công nghiệp / Xây dựng và Vật liệu / Xây dựng và Vật liệu / Xây dựng,True,True,PARTIAL_PROVISIONAL_DATA,OK,Eligible for provisional evidence prioritization only.
UDJ,True,True,True,UPCoM,Công nghiệp / Xây dựng và Vật liệu / Xây dựng và Vật liệu / Xây dựng,True,True,PARTIAL_PROVISIONAL_DATA,OK,Eligible for provisional evidence prioritization only.
UDL,True,True,True,UPCoM,Công nghiệp / Hàng & Dịch vụ Công nghiệp / Tư vấn & Hỗ trợ Kinh doanh / Chất thải & Môi trường,True,True,PARTIAL_PROVISIONAL_DATA,OK,Eligible for provisional evidence prioritization only.
UEM,True,True,True,UPCoM,Công nghiệp / Hàng & Dịch vụ Công nghiệp / Công nghiệp nặng / Máy công nghiệp,False,True,PARTIAL_PROVISIONAL_DATA,MISSING_MARKET_DATA,Do not promote to stage_2+ until market data is present.
UIC,True,True,True,HOSE,"Tiện ích Cộng đồng / Điện, nước & xăng dầu khí đốt / Sản xuất & Phân phối Điện / Sản xuất & Phân phối Điện",True,True,PARTIAL_PROVISIONAL_DATA,OK,Eligible for provisional evidence prioritization only.
UMC,True,True,True,UPCoM,Công nghiệp / Xây dựng và Vật liệu / Xây dựng và Vật liệu / Xây dựng,False,True,PARTIAL_PROVISIONAL_DATA,MISSING_MARKET_DATA,Do not promote to stage_2+ until market data is present.
UNI,True,True,True,HNX,Công nghệ Thông tin / Công nghệ Thông tin / Phần mềm & Dịch vụ Máy tính / Dịch vụ Máy tính,True,True,PARTIAL_PROVISIONAL_DATA,OK,Eligible for provisional evidence prioritization only.
UPC,True,True,True,UPCoM,"Tiện ích Cộng đồng / Điện, nước & xăng dầu khí đốt / Nước & Khí đốt / Tiện ích khác",True,True,PARTIAL_PROVISIONAL_DATA,OK,Eligible for provisional evidence prioritization only.
UPH,True,True,True,UPCoM,Dược phẩm và Y tế / Y tế / Dược phẩm / Dược phẩm,True,True,PARTIAL_PROVISIONAL_DATA,OK,Eligible for provisional evidence prioritization only.
UPS,True,True,True,UPCoM,Tài chính / Dịch vụ tài chính / Dịch vụ tài chính / Môi giới chứng khoán,False,True,PARTIAL_PROVISIONAL_DATA,MISSING_MARKET_DATA,Do not promote to stage_2+ until market data is present.
USC,True,True,True,UPCoM,Công nghiệp / Xây dựng và Vật liệu / Xây dựng và Vật liệu / Xây dựng,True,True,PARTIAL_PROVISIONAL_DATA,OK,Eligible for provisional evidence prioritization only.
USD,True,True,True,UPCoM,Công nghiệp / Hàng & Dịch vụ Công nghiệp / Tư vấn & Hỗ trợ Kinh doanh / Chất thải & Môi trường,True,True,PARTIAL_PROVISIONAL_DATA,OK,Eligible for provisional evidence prioritization only.
UTT,True,True,True,UPCoM,Công nghiệp / Hàng & Dịch vụ Công nghiệp / Tư vấn & Hỗ trợ Kinh doanh / Chất thải & Môi trường,False,True,PARTIAL_PROVISIONAL_DATA,MISSING_MARKET_DATA,Do not promote to stage_2+ until market data is present.
UXC,True,True,True,UPCoM,Hàng Tiêu dùng / Thực phẩm và đồ uống / Sản xuất thực phẩm / Nuôi trồng nông & hải sản,False,True,PARTIAL_PROVISIONAL_DATA,MISSING_MARKET_DATA,Do not promote to stage_2+ until market data is present.
V11,True,True,True,UPCoM,Tài chính / Bất động sản / Bất động sản / Bất động sản,True,True,PARTIAL_PROVISIONAL_DATA,OK,Eligible for provisional evidence prioritization only.
V12,True,True,True,HNX,Công nghiệp / Xây dựng và Vật liệu / Xây dựng và Vật liệu / Xây dựng,True,True,PARTIAL_PROVISIONAL_DATA,OK,Eligible for provisional evidence prioritization only.
V15,True,True,True,UPCoM,Công nghiệp / Xây dựng và Vật liệu / Xây dựng và Vật liệu / Xây dựng,False,True,PARTIAL_PROVISIONAL_DATA,MISSING_MARKET_DATA,Do not promote to stage_2+ until market data is present.
V21,True,True,True,HNX,Tài chính / Bất động sản / Bất động sản / Bất động sản,True,True,PARTIAL_PROVISIONAL_DATA,OK,Eligible for provisional evidence prioritization only.
VAB,True,True,True,HOSE,Ngân hàng / Ngân hàng / Ngân hàng / Ngân hàng,True,True,PARTIAL_PROVISIONAL_DATA,OK,Eligible for provisional evidence prioritization only.
VAF,True,True,True,HOSE,"Nguyên vật liệu / Hóa chất / Hóa chất / Sản phẩm hóa dầu, Nông dược & Hóa chất khác",True,True,PARTIAL_PROVISIONAL_DATA,OK,Eligible for provisional evidence prioritization only.
VAT,True,True,True,HOSE,Công nghệ Thông tin / Công nghệ Thông tin / Thiết bị và Phần cứng / Thiết bị viễn thông,False,True,PARTIAL_PROVISIONAL_DATA,MISSING_MARKET_DATA,Do not promote to stage_2+ until market data is present.
VAV,True,True,True,UPCoM,"Tiện ích Cộng đồng / Điện, nước & xăng dầu khí đốt / Nước & Khí đốt / Nước",True,True,PARTIAL_PROVISIONAL_DATA,OK,Eligible for provisional evidence prioritization only.
VBB,True,True,True,UPCoM,Ngân hàng / Ngân hàng / Ngân hàng / Ngân hàng,True,True,PARTIAL_PROVISIONAL_DATA,OK,Eligible for provisional evidence prioritization only.
VBC,True,True,True,HNX,Công nghiệp / Hàng & Dịch vụ Công nghiệp / Hàng công nghiệp / Containers & Đóng gói,True,True,PARTIAL_PROVISIONAL_DATA,OK,Eligible for provisional evidence prioritization only.
VBG,True,True,True,UPCoM,Nguyên vật liệu / Tài nguyên Cơ bản / Khai khoáng / Khai khoáng,False,True,PARTIAL_PROVISIONAL_DATA,MISSING_MARKET_DATA,Do not promote to stage_2+ until market data is present.
VBH,True,True,True,UPCoM,Công nghiệp / Hàng & Dịch vụ Công nghiệp / Điện tử & Thiết bị điện / Hàng điện & điện tử,False,True,PARTIAL_PROVISIONAL_DATA,MISSING_MARKET_DATA,Do not promote to stage_2+ until market data is present.
VBT,True,True,True,UPCoM,Công nghiệp / Hàng & Dịch vụ Công nghiệp / Vận tải / Dịch vụ vận tải,False,True,PARTIAL_PROVISIONAL_DATA,MISSING_MARKET_DATA,Do not promote to stage_2+ until market data is present.
VC1,True,True,True,HNX,Công nghiệp / Xây dựng và Vật liệu / Xây dựng và Vật liệu / Xây dựng,True,True,PARTIAL_PROVISIONAL_DATA,OK,Eligible for provisional evidence prioritization only.
VC2,True,True,True,HNX,Công nghiệp / Xây dựng và Vật liệu / Xây dựng và Vật liệu / Xây dựng,True,True,PARTIAL_PROVISIONAL_DATA,OK,Eligible for provisional evidence prioritization only.
VC3,True,True,True,HNX,"Tài chính / Bất động sản / Bất động sản / Tư Vấn, Định giá, Môi giới Bất động sản",True,True,PARTIAL_PROVISIONAL_DATA,OK,Eligible for provisional evidence prioritization only.
VC5,True,True,True,UPCoM,Công nghiệp / Xây dựng và Vật liệu / Xây dựng và Vật liệu / Xây dựng,False,True,PARTIAL_PROVISIONAL_DATA,MISSING_MARKET_DATA,Do not promote to stage_2+ until market data is present.
VC6,True,True,True,HNX,Công nghiệp / Xây dựng và Vật liệu / Xây dựng và Vật liệu / Xây dựng,True,True,PARTIAL_PROVISIONAL_DATA,OK,Eligible for provisional evidence prioritization only.
VC7,True,True,True,HNX,Công nghiệp / Xây dựng và Vật liệu / Xây dựng và Vật liệu / Xây dựng,True,True,PARTIAL_PROVISIONAL_DATA,OK,Eligible for provisional evidence prioritization only.
VC9,True,True,True,HNX,Công nghiệp / Xây dựng và Vật liệu / Xây dựng và Vật liệu / Xây dựng,True,True,PARTIAL_PROVISIONAL_DATA,OK,Eligible for provisional evidence prioritization only.
VCA,True,True,True,HOSE,Nguyên vật liệu / Tài nguyên Cơ bản / Kim loại / Thép và sản phẩm thép,True,True,PARTIAL_PROVISIONAL_DATA,OK,Eligible for provisional evidence prioritization only.
VCB,True,True,True,HOSE,Ngân hàng / Ngân hàng / Ngân hàng / Ngân hàng,True,True,PARTIAL_PROVISIONAL_DATA,OK,Eligible for provisional evidence prioritization only.
VCC,True,True,True,HNX,Công nghiệp / Xây dựng và Vật liệu / Xây dựng và Vật liệu / Xây dựng,True,True,PARTIAL_PROVISIONAL_DATA,OK,Eligible for provisional evidence prioritization only.
VCE,True,True,True,UPCoM,Công nghiệp / Xây dựng và Vật liệu / Xây dựng và Vật liệu / Xây dựng,False,True,PARTIAL_PROVISIONAL_DATA,MISSING_MARKET_DATA,Do not promote to stage_2+ until market data is present.
VCF,True,True,True,HOSE,Hàng Tiêu dùng / Thực phẩm và đồ uống / Bia và đồ uống / Đồ uống & giải khát,True,True,PARTIAL_PROVISIONAL_DATA,OK,Eligible for provisional evidence prioritization only.
VCG,True,True,True,HOSE,Công nghiệp / Xây dựng và Vật liệu / Xây dựng và Vật liệu / Xây dựng,True,True,PARTIAL_PROVISIONAL_DATA,OK,Eligible for provisional evidence prioritization only.
VCI,True,True,True,HOSE,Tài chính / Dịch vụ tài chính / Dịch vụ tài chính / Môi giới chứng khoán,True,True,PARTIAL_PROVISIONAL_DATA,OK,Eligible for provisional evidence prioritization only.
VCK,True,True,True,HOSE,Tài chính / Dịch vụ tài chính / Dịch vụ tài chính / Môi giới chứng khoán,False,True,PARTIAL_PROVISIONAL_DATA,MISSING_MARKET_DATA,Do not promote to stage_2+ until market data is present.
VCM,True,True,True,HNX,Công nghiệp / Hàng & Dịch vụ Công nghiệp / Công nghiệp nặng / Máy công nghiệp,True,True,PARTIAL_PROVISIONAL_DATA,OK,Eligible for provisional evidence prioritization only.
VCP,True,True,True,UPCoM,"Tiện ích Cộng đồng / Điện, nước & xăng dầu khí đốt / Sản xuất & Phân phối Điện / Sản xuất & Phân phối Điện",True,True,PARTIAL_PROVISIONAL_DATA,OK,Eligible for provisional evidence prioritization only.
VCR,True,True,True,UPCoM,Tài chính / Bất động sản / Bất động sản / Bất động sản,True,True,PARTIAL_PROVISIONAL_DATA,OK,Eligible for provisional evidence prioritization only.
VCS,True,True,True,HNX,Công nghiệp / Xây dựng và Vật liệu / Xây dựng và Vật liệu / Vật liệu xây dựng & Nội thất,True,True,PARTIAL_PROVISIONAL_DATA,OK,Eligible for provisional evidence prioritization only.
VCT,True,True,True,UPCoM,Công nghiệp / Hàng & Dịch vụ Công nghiệp / Tư vấn & Hỗ trợ Kinh doanh / Tư vấn & Hỗ trợ KD,False,True,PARTIAL_PROVISIONAL_DATA,MISSING_MARKET_DATA,Do not promote to stage_2+ until market data is present.
VCW,True,True,True,UPCoM,"Tiện ích Cộng đồng / Điện, nước & xăng dầu khí đốt / Nước & Khí đốt / Nước",True,True,PARTIAL_PROVISIONAL_DATA,OK,Eligible for provisional evidence prioritization only.
VCX,True,True,True,UPCoM,Công nghiệp / Xây dựng và Vật liệu / Xây dựng và Vật liệu / Vật liệu xây dựng & Nội thất,True,True,PARTIAL_PROVISIONAL_DATA,OK,Eligible for provisional evidence prioritization only.
VDB,True,True,True,UPCoM,Nguyên vật liệu / Tài nguyên Cơ bản / Khai khoáng / Khai thác Than,False,True,PARTIAL_PROVISIONAL_DATA,MISSING_MARKET_DATA,Do not promote to stage_2+ until market data is present.
VDG,True,True,True,UPCoM,Hàng Tiêu dùng / Hàng cá nhân & Gia dụng / Hàng cá nhân / Hàng May mặc,False,True,PARTIAL_PROVISIONAL_DATA,MISSING_MARKET_DATA,Do not promote to stage_2+ until market data is present.
VDL,True,True,True,HNX,Hàng Tiêu dùng / Thực phẩm và đồ uống / Bia và đồ uống / Vang & Rượu mạnh,True,True,PARTIAL_PROVISIONAL_DATA,OK,Eligible for provisional evidence prioritization only.
VDM,True,True,True,UPCoM,Hàng Tiêu dùng / Hàng cá nhân & Gia dụng / Hàng cá nhân / Hàng May mặc,True,True,PARTIAL_PROVISIONAL_DATA,OK,Eligible for provisional evidence prioritization only.
VDN,True,True,True,UPCoM,Hàng Tiêu dùng / Hàng cá nhân & Gia dụng / Hàng cá nhân / Hàng May mặc,True,True,PARTIAL_PROVISIONAL_DATA,OK,Eligible for provisional evidence prioritization only.
VDP,True,True,True,HOSE,Dược phẩm và Y tế / Y tế / Dược phẩm / Dược phẩm,True,True,PARTIAL_PROVISIONAL_DATA,OK,Eligible for provisional evidence prioritization only.
VDS,True,True,True,HOSE,Tài chính / Dịch vụ tài chính / Dịch vụ tài chính / Môi giới chứng khoán,True,True,PARTIAL_PROVISIONAL_DATA,OK,Eligible for provisional evidence prioritization only.
VDT,True,True,True,UPCoM,Nguyên vật liệu / Tài nguyên Cơ bản / Kim loại / Thép và sản phẩm thép,False,True,PARTIAL_PROVISIONAL_DATA,MISSING_MARKET_DATA,Do not promote to stage_2+ until market data is present.
VE1,True,True,True,HNX,Công nghiệp / Xây dựng và Vật liệu / Xây dựng và Vật liệu / Xây dựng,True,True,PARTIAL_PROVISIONAL_DATA,OK,Eligible for provisional evidence prioritization only.
VE2,True,True,True,UPCoM,Công nghiệp / Xây dựng và Vật liệu / Xây dựng và Vật liệu / Xây dựng,False,True,PARTIAL_PROVISIONAL_DATA,MISSING_MARKET_DATA,Do not promote to stage_2+ until market data is present.
VE3,True,True,True,HNX,Công nghiệp / Xây dựng và Vật liệu / Xây dựng và Vật liệu / Xây dựng,False,True,PARTIAL_PROVISIONAL_DATA,MISSING_MARKET_DATA,Do not promote to stage_2+ until market data is present.
VE4,True,True,True,HNX,Công nghiệp / Xây dựng và Vật liệu / Xây dựng và Vật liệu / Xây dựng,False,True,PARTIAL_PROVISIONAL_DATA,MISSING_MARKET_DATA,Do not promote to stage_2+ until market data is present.
VE8,True,True,True,UPCoM,Công nghiệp / Xây dựng và Vật liệu / Xây dựng và Vật liệu / Xây dựng,False,True,PARTIAL_PROVISIONAL_DATA,MISSING_MARKET_DATA,Do not promote to stage_2+ until market data is present.
VE9,True,True,True,UPCoM,Công nghiệp / Xây dựng và Vật liệu / Xây dựng và Vật liệu / Xây dựng,True,True,PARTIAL_PROVISIONAL_DATA,OK,Eligible for provisional evidence prioritization only.
VEA,True,True,True,UPCoM,Công nghiệp / Hàng & Dịch vụ Công nghiệp / Công nghiệp nặng / Máy công nghiệp,True,True,PARTIAL_PROVISIONAL_DATA,OK,Eligible for provisional evidence prioritization only.
VEC,True,True,True,UPCoM,Công nghệ Thông tin / Công nghệ Thông tin / Thiết bị và Phần cứng / Phần cứng,True,True,PARTIAL_PROVISIONAL_DATA,OK,Eligible for provisional evidence prioritization only.
VEF,True,True,True,UPCoM,Tài chính / Bất động sản / Bất động sản / Bất động sản,True,True,PARTIAL_PROVISIONAL_DATA,OK,Eligible for provisional evidence prioritization only.
VES,True,True,True,UPCoM,Tài chính / Bất động sản / Bất động sản / Bất động sản,False,True,PARTIAL_PROVISIONAL_DATA,MISSING_MARKET_DATA,Do not promote to stage_2+ until market data is present.
VET,True,True,True,UPCoM,"Nguyên vật liệu / Hóa chất / Hóa chất / Sản phẩm hóa dầu, Nông dược & Hóa chất khác",True,True,PARTIAL_PROVISIONAL_DATA,OK,Eligible for provisional evidence prioritization only.
VFC,True,True,True,UPCoM,Công nghiệp / Hàng & Dịch vụ Công nghiệp / Vận tải / Vận tải Thủy,False,True,PARTIAL_PROVISIONAL_DATA,MISSING_MARKET_DATA,Do not promote to stage_2+ until market data is present.
VFG,True,True,True,HOSE,"Nguyên vật liệu / Hóa chất / Hóa chất / Sản phẩm hóa dầu, Nông dược & Hóa chất khác",True,True,PARTIAL_PROVISIONAL_DATA,OK,Eligible for provisional evidence prioritization only.
VFR,True,True,True,UPCoM,Công nghiệp / Hàng & Dịch vụ Công nghiệp / Vận tải / Vận tải Thủy,True,True,PARTIAL_PROVISIONAL_DATA,OK,Eligible for provisional evidence prioritization only.
VFS,True,True,True,HNX,Tài chính / Dịch vụ tài chính / Dịch vụ tài chính / Môi giới chứng khoán,True,True,PARTIAL_PROVISIONAL_DATA,OK,Eligible for provisional evidence prioritization only.
VGC,True,True,True,HOSE,Công nghiệp / Xây dựng và Vật liệu / Xây dựng và Vật liệu / Vật liệu xây dựng & Nội thất,True,True,PARTIAL_PROVISIONAL_DATA,OK,Eligible for provisional evidence prioritization only.
VGG,True,True,True,UPCoM,Hàng Tiêu dùng / Hàng cá nhân & Gia dụng / Hàng cá nhân / Hàng May mặc,True,True,PARTIAL_PROVISIONAL_DATA,OK,Eligible for provisional evidence prioritization only.
VGI,True,True,True,UPCoM,Viễn thông / Viễn thông / Viễn thông di động / Viễn thông di động,True,True,OK_FOR_PROVISIONAL_SCREEN,OK,Eligible for provisional evidence prioritization only.
VGL,True,True,True,UPCoM,Nguyên vật liệu / Tài nguyên Cơ bản / Kim loại / Thép và sản phẩm thép,True,True,PARTIAL_PROVISIONAL_DATA,OK,Eligible for provisional evidence prioritization only.
VGP,True,True,True,HNX,"Công nghiệp / Hàng & Dịch vụ Công nghiệp / Vận tải / Kho bãi, hậu cần và bảo dưỡng",True,True,PARTIAL_PROVISIONAL_DATA,OK,Eligible for provisional evidence prioritization only.
VGR,True,True,True,UPCoM,"Công nghiệp / Hàng & Dịch vụ Công nghiệp / Vận tải / Kho bãi, hậu cần và bảo dưỡng",True,True,OK_FOR_PROVISIONAL_SCREEN,OK,Eligible for provisional evidence prioritization only.
VGS,True,True,True,HNX,Nguyên vật liệu / Tài nguyên Cơ bản / Kim loại / Thép và sản phẩm thép,True,True,PARTIAL_PROVISIONAL_DATA,OK,Eligible for provisional evidence prioritization only.
VGT,True,True,True,UPCoM,Hàng Tiêu dùng / Hàng cá nhân & Gia dụng / Hàng cá nhân / Hàng May mặc,True,True,PARTIAL_PROVISIONAL_DATA,OK,Eligible for provisional evidence prioritization only.
VGV,True,True,True,UPCoM,Tài chính / Bất động sản / Bất động sản / Bất động sản,True,True,PARTIAL_PROVISIONAL_DATA,OK,Eligible for provisional evidence prioritization only.
VHC,True,True,True,HOSE,Hàng Tiêu dùng / Thực phẩm và đồ uống / Sản xuất thực phẩm / Nuôi trồng nông & hải sản,True,True,PARTIAL_PROVISIONAL_DATA,OK,Eligible for provisional evidence prioritization only.
VHD,True,True,True,UPCoM,Tài chính / Bất động sản / Bất động sản / Bất động sản,True,True,PARTIAL_PROVISIONAL_DATA,OK,Eligible for provisional evidence prioritization only.
VHE,True,True,True,HNX,Dược phẩm và Y tế / Y tế / Dược phẩm / Dược phẩm,True,True,PARTIAL_PROVISIONAL_DATA,OK,Eligible for provisional evidence prioritization only.
VHF,True,True,True,UPCoM,Hàng Tiêu dùng / Thực phẩm và đồ uống / Sản xuất thực phẩm / Thực phẩm,False,True,PARTIAL_PROVISIONAL_DATA,MISSING_MARKET_DATA,Do not promote to stage_2+ until market data is present.
VHG,True,True,True,UPCoM,Công nghiệp / Hàng & Dịch vụ Công nghiệp / Hàng công nghiệp / Công nghiệp phức hợp,True,True,PARTIAL_PROVISIONAL_DATA,OK,Eligible for provisional evidence prioritization only.
VHH,True,True,True,UPCoM,Công nghiệp / Xây dựng và Vật liệu / Xây dựng và Vật liệu / Vật liệu xây dựng & Nội thất,False,True,PARTIAL_PROVISIONAL_DATA,MISSING_MARKET_DATA,Do not promote to stage_2+ until market data is present.
VHI,True,True,True,UPCoM,Hàng Tiêu dùng / Thực phẩm và đồ uống / Bia và đồ uống / Sản xuất bia,True,True,PARTIAL_PROVISIONAL_DATA,OK,Eligible for provisional evidence prioritization only.
VHL,True,True,True,HNX,Công nghiệp / Xây dựng và Vật liệu / Xây dựng và Vật liệu / Vật liệu xây dựng & Nội thất,True,True,PARTIAL_PROVISIONAL_DATA,OK,Eligible for provisional evidence prioritization only.
VHM,True,True,True,HOSE,Tài chính / Bất động sản / Bất động sản / Bất động sản,True,True,PARTIAL_PROVISIONAL_DATA,OK,Eligible for provisional evidence prioritization only.
VIB,True,True,True,HOSE,Ngân hàng / Ngân hàng / Ngân hàng / Ngân hàng,True,True,PARTIAL_PROVISIONAL_DATA,OK,Eligible for provisional evidence prioritization only.
VIC,True,True,True,HOSE,Tài chính / Bất động sản / Bất động sản / Bất động sản,True,True,PARTIAL_PROVISIONAL_DATA,OK,Eligible for provisional evidence prioritization only.
VID,True,True,True,HOSE,Nguyên vật liệu / Tài nguyên Cơ bản / Lâm nghiệp và Giấy / Sản xuất giấy,True,True,PARTIAL_PROVISIONAL_DATA,OK,Eligible for provisional evidence prioritization only.
VIE,True,True,True,UPCoM,Công nghệ Thông tin / Công nghệ Thông tin / Thiết bị và Phần cứng / Thiết bị viễn thông,True,True,PARTIAL_PROVISIONAL_DATA,OK,Eligible for provisional evidence prioritization only.
VIF,True,True,True,HNX,Nguyên vật liệu / Tài nguyên Cơ bản / Lâm nghiệp và Giấy / Lâm sản và Chế biến gỗ,True,True,PARTIAL_PROVISIONAL_DATA,OK,Eligible for provisional evidence prioritization only.
VIG,True,True,True,HNX,Tài chính / Dịch vụ tài chính / Dịch vụ tài chính / Môi giới chứng khoán,True,True,PARTIAL_PROVISIONAL_DATA,OK,Eligible for provisional evidence prioritization only.
VIH,True,True,True,UPCoM,Công nghiệp / Xây dựng và Vật liệu / Xây dựng và Vật liệu / Vật liệu xây dựng & Nội thất,False,True,PARTIAL_PROVISIONAL_DATA,MISSING_MARKET_DATA,Do not promote to stage_2+ until market data is present.
VIM,True,True,True,UPCoM,Nguyên vật liệu / Tài nguyên Cơ bản / Khai khoáng / Khai khoáng,True,True,PARTIAL_PROVISIONAL_DATA,OK,Eligible for provisional evidence prioritization only.
VIN,True,True,True,UPCoM,"Công nghiệp / Hàng & Dịch vụ Công nghiệp / Vận tải / Kho bãi, hậu cần và bảo dưỡng",True,True,PARTIAL_PROVISIONAL_DATA,OK,Eligible for provisional evidence prioritization only.
VIP,True,True,True,HOSE,Công nghiệp / Hàng & Dịch vụ Công nghiệp / Vận tải / Vận tải Thủy,True,True,PARTIAL_PROVISIONAL_DATA,OK,Eligible for provisional evidence prioritization only.
VIR,True,True,True,UPCoM,Dịch vụ Tiêu dùng / Du lịch và Giải trí / Du lịch & Giải trí / Khách sạn,False,True,PARTIAL_PROVISIONAL_DATA,MISSING_MARKET_DATA,Do not promote to stage_2+ until market data is present.
VIS,True,True,True,HOSE,Nguyên vật liệu / Tài nguyên Cơ bản / Kim loại / Thép và sản phẩm thép,True,True,PARTIAL_PROVISIONAL_DATA,OK,Eligible for provisional evidence prioritization only.
VIT,True,True,True,HNX,Công nghiệp / Xây dựng và Vật liệu / Xây dựng và Vật liệu / Vật liệu xây dựng & Nội thất,True,True,PARTIAL_PROVISIONAL_DATA,OK,Eligible for provisional evidence prioritization only.
VIW,True,True,True,UPCoM,Công nghiệp / Xây dựng và Vật liệu / Xây dựng và Vật liệu / Xây dựng,False,True,PARTIAL_PROVISIONAL_DATA,MISSING_MARKET_DATA,Do not promote to stage_2+ until market data is present.
VIX,True,True,True,HOSE,Tài chính / Dịch vụ tài chính / Dịch vụ tài chính / Môi giới chứng khoán,True,True,PARTIAL_PROVISIONAL_DATA,OK,Eligible for provisional evidence prioritization only.
VJC,True,True,True,HOSE,Dịch vụ Tiêu dùng / Du lịch và Giải trí / Du lịch & Giải trí / Hàng không,True,True,PARTIAL_PROVISIONAL_DATA,OK,Eligible for provisional evidence prioritization only.
VKC,True,True,True,UPCoM,Hàng Tiêu dùng / Ô tô và phụ tùng / Ô tô và phụ tùng / Lốp xe,True,True,PARTIAL_PROVISIONAL_DATA,OK,Eligible for provisional evidence prioritization only.
VKD,True,True,True,UPCoM,Hàng Tiêu dùng / Thực phẩm và đồ uống / Bia và đồ uống / Đồ uống & giải khát,False,True,PARTIAL_PROVISIONAL_DATA,MISSING_MARKET_DATA,Do not promote to stage_2+ until market data is present.
VKP,True,True,True,UPCoM,"Nguyên vật liệu / Hóa chất / Hóa chất / Nhựa, cao su & sợi",False,True,PARTIAL_PROVISIONAL_DATA,MISSING_MARKET_DATA,Do not promote to stage_2+ until market data is present.
VLA,True,True,True,HNX,Công nghệ Thông tin / Công nghệ Thông tin / Phần mềm & Dịch vụ Máy tính / Phần mềm,True,True,PARTIAL_PROVISIONAL_DATA,OK,Eligible for provisional evidence prioritization only.
VLB,True,True,True,UPCoM,Công nghiệp / Xây dựng và Vật liệu / Xây dựng và Vật liệu / Vật liệu xây dựng & Nội thất,True,True,PARTIAL_PROVISIONAL_DATA,OK,Eligible for provisional evidence prioritization only.
VLC,True,True,True,UPCoM,Hàng Tiêu dùng / Thực phẩm và đồ uống / Sản xuất thực phẩm / Nuôi trồng nông & hải sản,True,True,PARTIAL_PROVISIONAL_DATA,OK,Eligible for provisional evidence prioritization only.
VLF,True,True,True,UPCoM,Hàng Tiêu dùng / Thực phẩm và đồ uống / Sản xuất thực phẩm / Thực phẩm,True,True,PARTIAL_PROVISIONAL_DATA,OK,Eligible for provisional evidence prioritization only.
VLG,True,True,True,UPCoM,Công nghiệp / Hàng & Dịch vụ Công nghiệp / Vận tải / Dịch vụ vận tải,True,True,PARTIAL_PROVISIONAL_DATA,OK,Eligible for provisional evidence prioritization only.
VLP,True,True,True,UPCoM,Công nghiệp / Hàng & Dịch vụ Công nghiệp / Tư vấn & Hỗ trợ Kinh doanh / Chất thải & Môi trường,False,True,PARTIAL_PROVISIONAL_DATA,MISSING_MARKET_DATA,Do not promote to stage_2+ until market data is present.
VLS,True,True,True,UPCoM,Nguyên vật liệu / Tài nguyên Cơ bản / Kim loại / Thép và sản phẩm thép,False,True,PARTIAL_PROVISIONAL_DATA,MISSING_MARKET_DATA,Do not promote to stage_2+ until market data is present.
VLW,True,True,True,UPCoM,"Tiện ích Cộng đồng / Điện, nước & xăng dầu khí đốt / Nước & Khí đốt / Nước",False,True,PARTIAL_PROVISIONAL_DATA,MISSING_MARKET_DATA,Do not promote to stage_2+ until market data is present.
VMA,True,True,True,UPCoM,Hàng Tiêu dùng / Ô tô và phụ tùng / Ô tô và phụ tùng / Sản xuất ô tô,False,True,PARTIAL_PROVISIONAL_DATA,MISSING_MARKET_DATA,Do not promote to stage_2+ until market data is present.
VMC,True,True,True,HNX,Công nghiệp / Xây dựng và Vật liệu / Xây dựng và Vật liệu / Xây dựng,True,True,PARTIAL_PROVISIONAL_DATA,OK,Eligible for provisional evidence prioritization only.
VMD,True,True,True,HOSE,Dược phẩm và Y tế / Y tế / Dược phẩm / Dược phẩm,True,True,PARTIAL_PROVISIONAL_DATA,OK,Eligible for provisional evidence prioritization only.
VMG,True,True,True,UPCoM,"Tiện ích Cộng đồng / Điện, nước & xăng dầu khí đốt / Nước & Khí đốt / Phân phối xăng dầu & khí đốt",True,True,PARTIAL_PROVISIONAL_DATA,OK,Eligible for provisional evidence prioritization only.
VMI,True,True,True,UPCoM,Công nghiệp / Xây dựng và Vật liệu / Xây dựng và Vật liệu / Xây dựng,False,False,INSUFFICIENT_DATA,MISSING_MARKET_DATA,Do not promote to stage_2+ until market data is present.
VMK,True,True,True,UPCoM,Công nghiệp / Xây dựng và Vật liệu / Xây dựng và Vật liệu / Vật liệu xây dựng & Nội thất,False,True,PARTIAL_PROVISIONAL_DATA,MISSING_MARKET_DATA,Do not promote to stage_2+ until market data is present.
VMS,True,True,True,HNX,"Công nghiệp / Hàng & Dịch vụ Công nghiệp / Vận tải / Kho bãi, hậu cần và bảo dưỡng",True,True,PARTIAL_PROVISIONAL_DATA,OK,Eligible for provisional evidence prioritization only.
VMT,True,True,True,UPCoM,Công nghiệp / Hàng & Dịch vụ Công nghiệp / Vận tải / Dịch vụ vận tải,False,True,PARTIAL_PROVISIONAL_DATA,MISSING_MARKET_DATA,Do not promote to stage_2+ until market data is present.
VNA,True,True,True,UPCoM,Công nghiệp / Hàng & Dịch vụ Công nghiệp / Vận tải / Vận tải Thủy,True,True,PARTIAL_PROVISIONAL_DATA,OK,Eligible for provisional evidence prioritization only.
VNB,True,True,True,UPCoM,"Dịch vụ Tiêu dùng / Truyền thông / Truyền thông / Sách, ấn bản & sản phẩm văn hóa",True,True,PARTIAL_PROVISIONAL_DATA,OK,Eligible for provisional evidence prioritization only.
VNC,True,True,True,HNX,Công nghiệp / Hàng & Dịch vụ Công nghiệp / Tư vấn & Hỗ trợ Kinh doanh / Tư vấn & Hỗ trợ KD,True,True,PARTIAL_PROVISIONAL_DATA,OK,Eligible for provisional evidence prioritization only.
VND,True,True,True,HOSE,Tài chính / Dịch vụ tài chính / Dịch vụ tài chính / Môi giới chứng khoán,True,True,PARTIAL_PROVISIONAL_DATA,OK,Eligible for provisional evidence prioritization only.
VNE,True,True,True,HOSE,Công nghiệp / Xây dựng và Vật liệu / Xây dựng và Vật liệu / Xây dựng,True,True,PARTIAL_PROVISIONAL_DATA,OK,Eligible for provisional evidence prioritization only.
VNF,True,True,True,HNX,Công nghiệp / Hàng & Dịch vụ Công nghiệp / Vận tải / Dịch vụ vận tải,True,True,PARTIAL_PROVISIONAL_DATA,OK,Eligible for provisional evidence prioritization only.
VNG,True,True,True,HOSE,Dịch vụ Tiêu dùng / Du lịch và Giải trí / Du lịch & Giải trí / Khách sạn,True,True,PARTIAL_PROVISIONAL_DATA,OK,Eligible for provisional evidence prioritization only.
VNH,True,True,True,UPCoM,Tài chính / Dịch vụ tài chính / Quỹ đầu tư / Quỹ đầu tư,True,True,PARTIAL_PROVISIONAL_DATA,OK,Eligible for provisional evidence prioritization only.
VNI,True,True,True,UPCoM,Tài chính / Bất động sản / Bất động sản / Bất động sản,True,True,PARTIAL_PROVISIONAL_DATA,OK,Eligible for provisional evidence prioritization only.
VNL,True,True,True,HOSE,Công nghiệp / Hàng & Dịch vụ Công nghiệp / Vận tải / Dịch vụ vận tải,True,True,PARTIAL_PROVISIONAL_DATA,OK,Eligible for provisional evidence prioritization only.
VNM,True,True,True,HOSE,Hàng Tiêu dùng / Thực phẩm và đồ uống / Sản xuất thực phẩm / Thực phẩm,True,True,PARTIAL_PROVISIONAL_DATA,OK,Eligible for provisional evidence prioritization only.
VNP,True,True,True,UPCoM,"Nguyên vật liệu / Hóa chất / Hóa chất / Nhựa, cao su & sợi",True,True,PARTIAL_PROVISIONAL_DATA,OK,Eligible for provisional evidence prioritization only.
VNR,True,True,True,HNX,Tài chính / Bảo hiểm / Bảo hiểm phi nhân thọ / Tái bảo hiểm,True,True,PARTIAL_PROVISIONAL_DATA,OK,Eligible for provisional evidence prioritization only.
VNS,True,True,True,HOSE,Dịch vụ Tiêu dùng / Du lịch và Giải trí / Du lịch & Giải trí / Vận tải hành khách & Du lịch,True,True,PARTIAL_PROVISIONAL_DATA,OK,Eligible for provisional evidence prioritization only.
VNT,True,True,True,HNX,Công nghiệp / Hàng & Dịch vụ Công nghiệp / Vận tải / Dịch vụ vận tải,False,True,PARTIAL_PROVISIONAL_DATA,MISSING_MARKET_DATA,Do not promote to stage_2+ until market data is present.
VNX,True,True,True,UPCoM,Dịch vụ Tiêu dùng / Truyền thông / Truyền thông / Dịch vụ truyền thông,False,True,PARTIAL_PROVISIONAL_DATA,MISSING_MARKET_DATA,Do not promote to stage_2+ until market data is present.
VNY,True,True,True,UPCoM,"Nguyên vật liệu / Hóa chất / Hóa chất / Sản phẩm hóa dầu, Nông dược & Hóa chất khác",True,True,PARTIAL_PROVISIONAL_DATA,OK,Eligible for provisional evidence prioritization only.
VNZ,True,True,True,UPCoM,Dịch vụ Tiêu dùng / Truyền thông / Truyền thông / Giải trí & Truyền thông,True,True,PARTIAL_PROVISIONAL_DATA,OK,Eligible for provisional evidence prioritization only.
VOC,True,True,True,UPCoM,Hàng Tiêu dùng / Thực phẩm và đồ uống / Sản xuất thực phẩm / Thực phẩm,True,True,PARTIAL_PROVISIONAL_DATA,OK,Eligible for provisional evidence prioritization only.
VOS,True,True,True,HOSE,Công nghiệp / Hàng & Dịch vụ Công nghiệp / Vận tải / Vận tải Thủy,True,True,PARTIAL_PROVISIONAL_DATA,OK,Eligible for provisional evidence prioritization only.
VPA,True,True,True,UPCoM,Công nghiệp / Hàng & Dịch vụ Công nghiệp / Vận tải / Vận tải Thủy,True,True,PARTIAL_PROVISIONAL_DATA,OK,Eligible for provisional evidence prioritization only.
VPB,True,True,True,HOSE,Ngân hàng / Ngân hàng / Ngân hàng / Ngân hàng,True,True,PARTIAL_PROVISIONAL_DATA,OK,Eligible for provisional evidence prioritization only.
VPC,True,True,True,UPCoM,Công nghiệp / Xây dựng và Vật liệu / Xây dựng và Vật liệu / Xây dựng,True,True,PARTIAL_PROVISIONAL_DATA,OK,Eligible for provisional evidence prioritization only.
VPD,True,True,True,HOSE,"Tiện ích Cộng đồng / Điện, nước & xăng dầu khí đốt / Sản xuất & Phân phối Điện / Sản xuất & Phân phối Điện",True,True,PARTIAL_PROVISIONAL_DATA,OK,Eligible for provisional evidence prioritization only.
VPG,True,True,True,HOSE,Nguyên vật liệu / Tài nguyên Cơ bản / Khai khoáng / Khai khoáng,True,True,PARTIAL_PROVISIONAL_DATA,OK,Eligible for provisional evidence prioritization only.
VPH,True,True,True,HOSE,Tài chính / Bất động sản / Bất động sản / Bất động sản,True,True,PARTIAL_PROVISIONAL_DATA,OK,Eligible for provisional evidence prioritization only.
VPI,True,True,True,HOSE,Tài chính / Bất động sản / Bất động sản / Bất động sản,True,True,PARTIAL_PROVISIONAL_DATA,OK,Eligible for provisional evidence prioritization only.
VPL,True,True,True,HOSE,Dịch vụ Tiêu dùng / Du lịch và Giải trí / Du lịch & Giải trí / Dịch vụ giải trí,True,True,PARTIAL_PROVISIONAL_DATA,OK,Eligible for provisional evidence prioritization only.
VPR,True,True,True,UPCoM,"Dịch vụ Tiêu dùng / Truyền thông / Truyền thông / Sách, ấn bản & sản phẩm văn hóa",True,True,PARTIAL_PROVISIONAL_DATA,OK,Eligible for provisional evidence prioritization only.
VPS,True,True,True,HOSE,"Nguyên vật liệu / Hóa chất / Hóa chất / Sản phẩm hóa dầu, Nông dược & Hóa chất khác",True,True,PARTIAL_PROVISIONAL_DATA,OK,Eligible for provisional evidence prioritization only.
VPW,True,True,True,UPCoM,"Tiện ích Cộng đồng / Điện, nước & xăng dầu khí đốt / Nước & Khí đốt / Nước",False,True,PARTIAL_PROVISIONAL_DATA,MISSING_MARKET_DATA,Do not promote to stage_2+ until market data is present.
VPX,True,True,True,HOSE,Tài chính / Dịch vụ tài chính / Dịch vụ tài chính / Môi giới chứng khoán,False,True,PARTIAL_PROVISIONAL_DATA,MISSING_MARKET_DATA,Do not promote to stage_2+ until market data is present.
VQC,True,True,True,UPCoM,Công nghiệp / Hàng & Dịch vụ Công nghiệp / Tư vấn & Hỗ trợ Kinh doanh / Tư vấn & Hỗ trợ KD,True,True,PARTIAL_PROVISIONAL_DATA,OK,Eligible for provisional evidence prioritization only.
VRC,True,True,True,HOSE,Tài chính / Bất động sản / Bất động sản / Bất động sản,True,True,PARTIAL_PROVISIONAL_DATA,OK,Eligible for provisional evidence prioritization only.
VRE,True,True,True,HOSE,Tài chính / Bất động sản / Bất động sản / Bất động sản,True,True,PARTIAL_PROVISIONAL_DATA,OK,Eligible for provisional evidence prioritization only.
VRG,True,True,True,UPCoM,Tài chính / Bất động sản / Bất động sản / Bất động sản,True,True,PARTIAL_PROVISIONAL_DATA,OK,Eligible for provisional evidence prioritization only.
VSA,True,True,True,HNX,Công nghiệp / Hàng & Dịch vụ Công nghiệp / Vận tải / Dịch vụ vận tải,True,True,PARTIAL_PROVISIONAL_DATA,OK,Eligible for provisional evidence prioritization only.
VSC,True,True,True,HOSE,"Công nghiệp / Hàng & Dịch vụ Công nghiệp / Vận tải / Kho bãi, hậu cần và bảo dưỡng",True,True,OK_FOR_PROVISIONAL_SCREEN,OK,Eligible for provisional evidence prioritization only.
VSE,True,True,True,UPCoM,"Công nghiệp / Hàng & Dịch vụ Công nghiệp / Vận tải / Kho bãi, hậu cần và bảo dưỡng",True,True,PARTIAL_PROVISIONAL_DATA,OK,Eligible for provisional evidence prioritization only.
VSF,True,True,True,UPCoM,Hàng Tiêu dùng / Thực phẩm và đồ uống / Sản xuất thực phẩm / Thực phẩm,True,True,PARTIAL_PROVISIONAL_DATA,OK,Eligible for provisional evidence prioritization only.
VSG,True,True,True,UPCoM,"Công nghiệp / Hàng & Dịch vụ Công nghiệp / Vận tải / Kho bãi, hậu cần và bảo dưỡng",True,True,PARTIAL_PROVISIONAL_DATA,OK,Eligible for provisional evidence prioritization only.
VSH,True,True,True,HOSE,"Tiện ích Cộng đồng / Điện, nước & xăng dầu khí đốt / Sản xuất & Phân phối Điện / Sản xuất & Phân phối Điện",True,True,PARTIAL_PROVISIONAL_DATA,OK,Eligible for provisional evidence prioritization only.
VSI,True,True,True,HOSE,Công nghiệp / Xây dựng và Vật liệu / Xây dựng và Vật liệu / Xây dựng,True,True,PARTIAL_PROVISIONAL_DATA,OK,Eligible for provisional evidence prioritization only.
VSM,True,True,True,HNX,"Công nghiệp / Hàng & Dịch vụ Công nghiệp / Vận tải / Kho bãi, hậu cần và bảo dưỡng",True,True,PARTIAL_PROVISIONAL_DATA,OK,Eligible for provisional evidence prioritization only.
VSN,True,True,True,UPCoM,Hàng Tiêu dùng / Thực phẩm và đồ uống / Sản xuất thực phẩm / Thực phẩm,True,True,PARTIAL_PROVISIONAL_DATA,OK,Eligible for provisional evidence prioritization only.
VSP,True,True,True,UPCoM,Công nghiệp / Hàng & Dịch vụ Công nghiệp / Vận tải / Vận tải Thủy,False,False,INSUFFICIENT_DATA,MISSING_MARKET_DATA,Do not promote to stage_2+ until market data is present.
VST,True,True,True,UPCoM,Công nghiệp / Hàng & Dịch vụ Công nghiệp / Vận tải / Vận tải Thủy,True,True,PARTIAL_PROVISIONAL_DATA,OK,Eligible for provisional evidence prioritization only.
VTA,True,True,True,UPCoM,Công nghiệp / Xây dựng và Vật liệu / Xây dựng và Vật liệu / Vật liệu xây dựng & Nội thất,True,True,PARTIAL_PROVISIONAL_DATA,OK,Eligible for provisional evidence prioritization only.
VTB,True,True,True,HOSE,Công nghiệp / Hàng & Dịch vụ Công nghiệp / Điện tử & Thiết bị điện / Hàng điện & điện tử,True,True,PARTIAL_PROVISIONAL_DATA,OK,Eligible for provisional evidence prioritization only.
VTC,True,True,True,HNX,Công nghệ Thông tin / Công nghệ Thông tin / Thiết bị và Phần cứng / Thiết bị viễn thông,True,True,PARTIAL_PROVISIONAL_DATA,OK,Eligible for provisional evidence prioritization only.
VTD,True,True,True,UPCoM,Dịch vụ Tiêu dùng / Du lịch và Giải trí / Du lịch & Giải trí / Vận tải hành khách & Du lịch,True,True,PARTIAL_PROVISIONAL_DATA,OK,Eligible for provisional evidence prioritization only.
VTE,True,True,True,UPCoM,Công nghệ Thông tin / Công nghệ Thông tin / Thiết bị và Phần cứng / Thiết bị viễn thông,True,True,PARTIAL_PROVISIONAL_DATA,OK,Eligible for provisional evidence prioritization only.
VTG,True,True,True,UPCoM,Dịch vụ Tiêu dùng / Du lịch và Giải trí / Du lịch & Giải trí / Vận tải hành khách & Du lịch,True,True,PARTIAL_PROVISIONAL_DATA,OK,Eligible for provisional evidence prioritization only.
VTH,True,True,True,HNX,Công nghiệp / Hàng & Dịch vụ Công nghiệp / Điện tử & Thiết bị điện / Hàng điện & điện tử,True,True,PARTIAL_PROVISIONAL_DATA,OK,Eligible for provisional evidence prioritization only.
VTI,True,True,True,UPCoM,Hàng Tiêu dùng / Hàng cá nhân & Gia dụng / Hàng cá nhân / Hàng May mặc,False,True,PARTIAL_PROVISIONAL_DATA,MISSING_MARKET_DATA,Do not promote to stage_2+ until market data is present.
VTJ,True,True,True,HNX,Hàng Tiêu dùng / Hàng cá nhân & Gia dụng / Thuốc lá / Thuốc lá,True,True,PARTIAL_PROVISIONAL_DATA,OK,Eligible for provisional evidence prioritization only.
VTK,True,True,True,UPCoM,Công nghiệp / Hàng & Dịch vụ Công nghiệp / Tư vấn & Hỗ trợ Kinh doanh / Tư vấn & Hỗ trợ KD,True,True,PARTIAL_PROVISIONAL_DATA,OK,Eligible for provisional evidence prioritization only.
VTL,True,True,True,UPCoM,Hàng Tiêu dùng / Thực phẩm và đồ uống / Bia và đồ uống / Vang & Rượu mạnh,True,True,PARTIAL_PROVISIONAL_DATA,OK,Eligible for provisional evidence prioritization only.
VTM,True,True,True,UPCoM,Dịch vụ Tiêu dùng / Du lịch và Giải trí / Du lịch & Giải trí / Vận tải hành khách & Du lịch,False,True,PARTIAL_PROVISIONAL_DATA,MISSING_MARKET_DATA,Do not promote to stage_2+ until market data is present.
VTO,True,True,True,HOSE,Công nghiệp / Hàng & Dịch vụ Công nghiệp / Vận tải / Vận tải Thủy,True,True,PARTIAL_PROVISIONAL_DATA,OK,Eligible for provisional evidence prioritization only.
VTP,True,True,True,HOSE,Công nghiệp / Hàng & Dịch vụ Công nghiệp / Vận tải / Chuyển phát nhanh,True,True,PARTIAL_PROVISIONAL_DATA,OK,Eligible for provisional evidence prioritization only.
VTQ,True,True,True,UPCoM,"Nguyên vật liệu / Hóa chất / Hóa chất / Nhựa, cao su & sợi",True,True,PARTIAL_PROVISIONAL_DATA,OK,Eligible for provisional evidence prioritization only.
VTR,True,True,True,UPCoM,Dịch vụ Tiêu dùng / Du lịch và Giải trí / Du lịch & Giải trí / Vận tải hành khách & Du lịch,True,True,PARTIAL_PROVISIONAL_DATA,OK,Eligible for provisional evidence prioritization only.
VTS,True,True,True,UPCoM,Công nghiệp / Xây dựng và Vật liệu / Xây dựng và Vật liệu / Vật liệu xây dựng & Nội thất,False,True,PARTIAL_PROVISIONAL_DATA,MISSING_MARKET_DATA,Do not promote to stage_2+ until market data is present.
VTV,True,True,True,HNX,Công nghiệp / Xây dựng và Vật liệu / Xây dựng và Vật liệu / Vật liệu xây dựng & Nội thất,True,True,PARTIAL_PROVISIONAL_DATA,OK,Eligible for provisional evidence prioritization only.
VTX,True,True,True,UPCoM,Công nghiệp / Hàng & Dịch vụ Công nghiệp / Vận tải / Dịch vụ vận tải,True,True,PARTIAL_PROVISIONAL_DATA,OK,Eligible for provisional evidence prioritization only.
VTZ,True,True,True,HNX,"Nguyên vật liệu / Hóa chất / Hóa chất / Nhựa, cao su & sợi",True,True,PARTIAL_PROVISIONAL_DATA,OK,Eligible for provisional evidence prioritization only.
VUA,True,True,True,UPCoM,Tài chính / Dịch vụ tài chính / Dịch vụ tài chính / Môi giới chứng khoán,True,True,PARTIAL_PROVISIONAL_DATA,OK,Eligible for provisional evidence prioritization only.
VVN,True,True,True,UPCoM,Công nghiệp / Xây dựng và Vật liệu / Xây dựng và Vật liệu / Xây dựng,True,True,PARTIAL_PROVISIONAL_DATA,OK,Eligible for provisional evidence prioritization only.
VVS,True,True,True,HOSE,Hàng Tiêu dùng / Ô tô và phụ tùng / Ô tô và phụ tùng / Sản xuất ô tô,True,True,PARTIAL_PROVISIONAL_DATA,OK,Eligible for provisional evidence prioritization only.
VW3,True,True,True,UPCoM,Công nghiệp / Xây dựng và Vật liệu / Xây dựng và Vật liệu / Xây dựng,True,True,PARTIAL_PROVISIONAL_DATA,OK,Eligible for provisional evidence prioritization only.
VWS,True,True,True,UPCoM,"Tiện ích Cộng đồng / Điện, nước & xăng dầu khí đốt / Nước & Khí đốt / Nước",True,True,PARTIAL_PROVISIONAL_DATA,OK,Eligible for provisional evidence prioritization only.
VXB,True,True,True,UPCoM,Công nghiệp / Xây dựng và Vật liệu / Xây dựng và Vật liệu / Vật liệu xây dựng & Nội thất,False,True,PARTIAL_PROVISIONAL_DATA,MISSING_MARKET_DATA,Do not promote to stage_2+ until market data is present.
VXP,True,True,True,UPCoM,"Nguyên vật liệu / Hóa chất / Hóa chất / Sản phẩm hóa dầu, Nông dược & Hóa chất khác",False,True,PARTIAL_PROVISIONAL_DATA,MISSING_MARKET_DATA,Do not promote to stage_2+ until market data is present.
VXT,True,True,True,UPCoM,Công nghiệp / Hàng & Dịch vụ Công nghiệp / Tư vấn & Hỗ trợ Kinh doanh / Nhà cung cấp thiết bị,False,True,PARTIAL_PROVISIONAL_DATA,MISSING_MARKET_DATA,Do not promote to stage_2+ until market data is present.
WCS,True,True,True,HNX,"Công nghiệp / Hàng & Dịch vụ Công nghiệp / Vận tải / Kho bãi, hậu cần và bảo dưỡng",True,True,PARTIAL_PROVISIONAL_DATA,OK,Eligible for provisional evidence prioritization only.
WSB,True,True,True,UPCoM,Hàng Tiêu dùng / Thực phẩm và đồ uống / Bia và đồ uống / Sản xuất bia,True,True,PARTIAL_PROVISIONAL_DATA,OK,Eligible for provisional evidence prioritization only.
WSS,True,True,True,HNX,Tài chính / Dịch vụ tài chính / Dịch vụ tài chính / Môi giới chứng khoán,True,True,PARTIAL_PROVISIONAL_DATA,OK,Eligible for provisional evidence prioritization only.
WTC,True,True,True,UPCoM,Công nghiệp / Hàng & Dịch vụ Công nghiệp / Vận tải / Vận tải Thủy,True,True,PARTIAL_PROVISIONAL_DATA,OK,Eligible for provisional evidence prioritization only.
X20,True,True,True,HNX,Hàng Tiêu dùng / Hàng cá nhân & Gia dụng / Hàng cá nhân / Hàng May mặc,True,True,PARTIAL_PROVISIONAL_DATA,OK,Eligible for provisional evidence prioritization only.
X26,True,True,True,UPCoM,Hàng Tiêu dùng / Hàng cá nhân & Gia dụng / Hàng cá nhân / Hàng May mặc,False,True,PARTIAL_PROVISIONAL_DATA,MISSING_MARKET_DATA,Do not promote to stage_2+ until market data is present.
X77,True,True,True,UPCoM,Công nghiệp / Xây dựng và Vật liệu / Xây dựng và Vật liệu / Vật liệu xây dựng & Nội thất,False,True,PARTIAL_PROVISIONAL_DATA,MISSING_MARKET_DATA,Do not promote to stage_2+ until market data is present.
XDC,True,True,True,UPCoM,Công nghiệp / Xây dựng và Vật liệu / Xây dựng và Vật liệu / Xây dựng,False,True,PARTIAL_PROVISIONAL_DATA,MISSING_MARKET_DATA,Do not promote to stage_2+ until market data is present.
XDH,True,True,True,UPCoM,Tài chính / Bất động sản / Bất động sản / Bất động sản,True,True,PARTIAL_PROVISIONAL_DATA,OK,Eligible for provisional evidence prioritization only.
XHC,True,True,True,UPCoM,Hàng Tiêu dùng / Hàng cá nhân & Gia dụng / Hàng gia dụng / Thiết bị gia dụng,True,True,PARTIAL_PROVISIONAL_DATA,OK,Eligible for provisional evidence prioritization only.
XLV,True,True,True,UPCoM,Công nghiệp / Xây dựng và Vật liệu / Xây dựng và Vật liệu / Xây dựng,True,True,PARTIAL_PROVISIONAL_DATA,OK,Eligible for provisional evidence prioritization only.
XMC,True,True,True,UPCoM,Công nghiệp / Xây dựng và Vật liệu / Xây dựng và Vật liệu / Vật liệu xây dựng & Nội thất,True,True,PARTIAL_PROVISIONAL_DATA,OK,Eligible for provisional evidence prioritization only.
XMD,True,True,True,UPCoM,Công nghiệp / Xây dựng và Vật liệu / Xây dựng và Vật liệu / Vật liệu xây dựng & Nội thất,True,True,PARTIAL_PROVISIONAL_DATA,OK,Eligible for provisional evidence prioritization only.
XMP,True,True,True,UPCoM,"Tiện ích Cộng đồng / Điện, nước & xăng dầu khí đốt / Sản xuất & Phân phối Điện / Sản xuất & Phân phối Điện",True,True,PARTIAL_PROVISIONAL_DATA,OK,Eligible for provisional evidence prioritization only.
XPH,True,True,True,UPCoM,Hàng Tiêu dùng / Hàng cá nhân & Gia dụng / Hàng cá nhân / Hàng cá nhân,False,True,PARTIAL_PROVISIONAL_DATA,MISSING_MARKET_DATA,Do not promote to stage_2+ until market data is present.
YBC,True,True,True,UPCoM,Công nghiệp / Xây dựng và Vật liệu / Xây dựng và Vật liệu / Vật liệu xây dựng & Nội thất,True,True,PARTIAL_PROVISIONAL_DATA,OK,Eligible for provisional evidence prioritization only.
YBM,True,True,True,HOSE,Nguyên vật liệu / Tài nguyên Cơ bản / Khai khoáng / Khai khoáng,True,True,PARTIAL_PROVISIONAL_DATA,OK,Eligible for provisional evidence prioritization only.
YEG,True,True,True,HOSE,Dịch vụ Tiêu dùng / Truyền thông / Truyền thông / Giải trí & Truyền thông,True,True,PARTIAL_PROVISIONAL_DATA,OK,Eligible for provisional evidence prioritization only.
YTC,True,True,True,UPCoM,Dược phẩm và Y tế / Y tế / Thiết bị và Dịch vụ Y tế / Dụng cụ y tế,False,True,PARTIAL_PROVISIONAL_DATA,MISSING_MARKET_DATA,Do not promote to stage_2+ until market data is present.
