ticker,period,period_type,source_document_type,source_url,final_url,local_path,file_hash,page_number,text_length,normalized_text_length,digit_count,numeric_token_count,numeric_density,money_unit_hits,finance_keyword_hits,negative_keyword_hits,candidate_score,candidate_status,reject_reason,text_preview
FPT,2026-Q1,quarter,annual_report,https://fpt.com/-/media/project/fpt-corporation/fpt/ir/information-disclosures/year-report/2026/april/20260424---fpt---bctc-hop-nhat-quy-1-nam-2026.pdf,https://fpt.com/-/media/project/fpt-corporation/fpt/ir/information-disclosures/year-report/2026/april/20260424---fpt---bctc-hop-nhat-quy-1-nam-2026.pdf,data\raw\official_finance_documents\01ie\fpt_2026_q1_financial_statement_5adaee07d5aa1c5a.pdf,5adaee07d5aa1c5a16b2992ac20db480dc03dd9c02e61d0f361e6df479ec7012,1,100,90,18,1,0.0455,0,0,0,1.35,REJECTED_PAGE,LOW_NUMERIC_TOKEN_COUNT,CÔNG TY CỔ PHẦN FPT Digitally signed by CÔNG TY CỔ PHẦN FPT Date: 2026.04.24 18:26:49 +07'00'
FPT,2026-Q1,quarter,annual_report,https://fpt.com/-/media/project/fpt-corporation/fpt/ir/information-disclosures/year-report/2026/april/20260424---fpt---bctc-hop-nhat-quy-1-nam-2026.pdf,https://fpt.com/-/media/project/fpt-corporation/fpt/ir/information-disclosures/year-report/2026/april/20260424---fpt---bctc-hop-nhat-quy-1-nam-2026.pdf,data\raw\official_finance_documents\01ie\fpt_2026_q1_financial_statement_5adaee07d5aa1c5a.pdf,5adaee07d5aa1c5a16b2992ac20db480dc03dd9c02e61d0f361e6df479ec7012,2,0,0,0,0,0.0,0,0,0,1.0,REJECTED_PAGE,TEXT_TOO_SPARSE_FOR_NUMERIC_TABLE_DUMP,
FPT,2026-Q1,quarter,annual_report,https://fpt.com/-/media/project/fpt-corporation/fpt/ir/information-disclosures/year-report/2026/april/20260424---fpt---bctc-hop-nhat-quy-1-nam-2026.pdf,https://fpt.com/-/media/project/fpt-corporation/fpt/ir/information-disclosures/year-report/2026/april/20260424---fpt---bctc-hop-nhat-quy-1-nam-2026.pdf,data\raw\official_finance_documents\01ie\fpt_2026_q1_financial_statement_5adaee07d5aa1c5a.pdf,5adaee07d5aa1c5a16b2992ac20db480dc03dd9c02e61d0f361e6df479ec7012,3,0,0,0,0,0.0,0,0,0,1.0,REJECTED_PAGE,TEXT_TOO_SPARSE_FOR_NUMERIC_TABLE_DUMP,
FPT,2026-Q1,quarter,annual_report,https://fpt.com/-/media/project/fpt-corporation/fpt/ir/information-disclosures/year-report/2026/april/20260424---fpt---bctc-hop-nhat-quy-1-nam-2026.pdf,https://fpt.com/-/media/project/fpt-corporation/fpt/ir/information-disclosures/year-report/2026/april/20260424---fpt---bctc-hop-nhat-quy-1-nam-2026.pdf,data\raw\official_finance_documents\01ie\fpt_2026_q1_financial_statement_5adaee07d5aa1c5a.pdf,5adaee07d5aa1c5a16b2992ac20db480dc03dd9c02e61d0f361e6df479ec7012,4,0,0,0,0,0.0,0,0,0,1.0,REJECTED_PAGE,TEXT_TOO_SPARSE_FOR_NUMERIC_TABLE_DUMP,
FPT,2026-Q1,quarter,annual_report,https://fpt.com/-/media/project/fpt-corporation/fpt/ir/information-disclosures/year-report/2026/april/20260424---fpt---bctc-hop-nhat-quy-1-nam-2026.pdf,https://fpt.com/-/media/project/fpt-corporation/fpt/ir/information-disclosures/year-report/2026/april/20260424---fpt---bctc-hop-nhat-quy-1-nam-2026.pdf,data\raw\official_finance_documents\01ie\fpt_2026_q1_financial_statement_5adaee07d5aa1c5a.pdf,5adaee07d5aa1c5a16b2992ac20db480dc03dd9c02e61d0f361e6df479ec7012,5,0,0,0,0,0.0,0,0,0,1.0,REJECTED_PAGE,TEXT_TOO_SPARSE_FOR_NUMERIC_TABLE_DUMP,
FPT,2026-Q1,quarter,annual_report,https://fpt.com/-/media/project/fpt-corporation/fpt/ir/information-disclosures/year-report/2026/april/20260424---fpt---bctc-hop-nhat-quy-1-nam-2026.pdf,https://fpt.com/-/media/project/fpt-corporation/fpt/ir/information-disclosures/year-report/2026/april/20260424---fpt---bctc-hop-nhat-quy-1-nam-2026.pdf,data\raw\official_finance_documents\01ie\fpt_2026_q1_financial_statement_5adaee07d5aa1c5a.pdf,5adaee07d5aa1c5a16b2992ac20db480dc03dd9c02e61d0f361e6df479ec7012,6,0,0,0,0,0.0,0,0,0,1.0,REJECTED_PAGE,TEXT_TOO_SPARSE_FOR_NUMERIC_TABLE_DUMP,
FPT,2026-Q1,quarter,annual_report,https://fpt.com/-/media/project/fpt-corporation/fpt/ir/information-disclosures/year-report/2026/april/20260424---fpt---bctc-hop-nhat-quy-1-nam-2026.pdf,https://fpt.com/-/media/project/fpt-corporation/fpt/ir/information-disclosures/year-report/2026/april/20260424---fpt---bctc-hop-nhat-quy-1-nam-2026.pdf,data\raw\official_finance_documents\01ie\fpt_2026_q1_financial_statement_5adaee07d5aa1c5a.pdf,5adaee07d5aa1c5a16b2992ac20db480dc03dd9c02e61d0f361e6df479ec7012,7,0,0,0,0,0.0,0,0,0,1.0,REJECTED_PAGE,TEXT_TOO_SPARSE_FOR_NUMERIC_TABLE_DUMP,
FPT,2026-Q1,quarter,annual_report,https://fpt.com/-/media/project/fpt-corporation/fpt/ir/information-disclosures/year-report/2026/april/20260424---fpt---bctc-hop-nhat-quy-1-nam-2026.pdf,https://fpt.com/-/media/project/fpt-corporation/fpt/ir/information-disclosures/year-report/2026/april/20260424---fpt---bctc-hop-nhat-quy-1-nam-2026.pdf,data\raw\official_finance_documents\01ie\fpt_2026_q1_financial_statement_5adaee07d5aa1c5a.pdf,5adaee07d5aa1c5a16b2992ac20db480dc03dd9c02e61d0f361e6df479ec7012,8,0,0,0,0,0.0,0,0,0,1.0,REJECTED_PAGE,TEXT_TOO_SPARSE_FOR_NUMERIC_TABLE_DUMP,
FPT,2026-Q1,quarter,annual_report,https://fpt.com/-/media/project/fpt-corporation/fpt/ir/information-disclosures/year-report/2026/april/20260424---fpt---bctc-hop-nhat-quy-1-nam-2026.pdf,https://fpt.com/-/media/project/fpt-corporation/fpt/ir/information-disclosures/year-report/2026/april/20260424---fpt---bctc-hop-nhat-quy-1-nam-2026.pdf,data\raw\official_finance_documents\01ie\fpt_2026_q1_financial_statement_5adaee07d5aa1c5a.pdf,5adaee07d5aa1c5a16b2992ac20db480dc03dd9c02e61d0f361e6df479ec7012,9,0,0,0,0,0.0,0,0,0,1.0,REJECTED_PAGE,TEXT_TOO_SPARSE_FOR_NUMERIC_TABLE_DUMP,
FPT,2026-Q1,quarter,annual_report,https://fpt.com/-/media/project/fpt-corporation/fpt/ir/information-disclosures/year-report/2026/april/20260424---fpt---bctc-hop-nhat-quy-1-nam-2026.pdf,https://fpt.com/-/media/project/fpt-corporation/fpt/ir/information-disclosures/year-report/2026/april/20260424---fpt---bctc-hop-nhat-quy-1-nam-2026.pdf,data\raw\official_finance_documents\01ie\fpt_2026_q1_financial_statement_5adaee07d5aa1c5a.pdf,5adaee07d5aa1c5a16b2992ac20db480dc03dd9c02e61d0f361e6df479ec7012,10,0,0,0,0,0.0,0,0,0,1.0,REJECTED_PAGE,TEXT_TOO_SPARSE_FOR_NUMERIC_TABLE_DUMP,
FPT,2026-Q1,quarter,annual_report,https://fpt.com/-/media/project/fpt-corporation/fpt/ir/information-disclosures/year-report/2026/april/20260424---fpt---bctc-hop-nhat-quy-1-nam-2026.pdf,https://fpt.com/-/media/project/fpt-corporation/fpt/ir/information-disclosures/year-report/2026/april/20260424---fpt---bctc-hop-nhat-quy-1-nam-2026.pdf,data\raw\official_finance_documents\01ie\fpt_2026_q1_financial_statement_5adaee07d5aa1c5a.pdf,5adaee07d5aa1c5a16b2992ac20db480dc03dd9c02e61d0f361e6df479ec7012,11,0,0,0,0,0.0,0,0,0,1.0,REJECTED_PAGE,TEXT_TOO_SPARSE_FOR_NUMERIC_TABLE_DUMP,
FPT,2026-Q1,quarter,annual_report,https://fpt.com/-/media/project/fpt-corporation/fpt/ir/information-disclosures/year-report/2026/april/20260424---fpt---bctc-hop-nhat-quy-1-nam-2026.pdf,https://fpt.com/-/media/project/fpt-corporation/fpt/ir/information-disclosures/year-report/2026/april/20260424---fpt---bctc-hop-nhat-quy-1-nam-2026.pdf,data\raw\official_finance_documents\01ie\fpt_2026_q1_financial_statement_5adaee07d5aa1c5a.pdf,5adaee07d5aa1c5a16b2992ac20db480dc03dd9c02e61d0f361e6df479ec7012,12,0,0,0,0,0.0,0,0,0,1.0,REJECTED_PAGE,TEXT_TOO_SPARSE_FOR_NUMERIC_TABLE_DUMP,
FPT,2026-Q1,quarter,annual_report,https://fpt.com/-/media/project/fpt-corporation/fpt/ir/information-disclosures/year-report/2026/april/20260424---fpt---bctc-hop-nhat-quy-1-nam-2026.pdf,https://fpt.com/-/media/project/fpt-corporation/fpt/ir/information-disclosures/year-report/2026/april/20260424---fpt---bctc-hop-nhat-quy-1-nam-2026.pdf,data\raw\official_finance_documents\01ie\fpt_2026_q1_financial_statement_5adaee07d5aa1c5a.pdf,5adaee07d5aa1c5a16b2992ac20db480dc03dd9c02e61d0f361e6df479ec7012,13,0,0,0,0,0.0,0,0,0,1.0,REJECTED_PAGE,TEXT_TOO_SPARSE_FOR_NUMERIC_TABLE_DUMP,
FPT,2026-Q1,quarter,annual_report,https://fpt.com/-/media/project/fpt-corporation/fpt/ir/information-disclosures/year-report/2026/april/20260424---fpt---bctc-hop-nhat-quy-1-nam-2026.pdf,https://fpt.com/-/media/project/fpt-corporation/fpt/ir/information-disclosures/year-report/2026/april/20260424---fpt---bctc-hop-nhat-quy-1-nam-2026.pdf,data\raw\official_finance_documents\01ie\fpt_2026_q1_financial_statement_5adaee07d5aa1c5a.pdf,5adaee07d5aa1c5a16b2992ac20db480dc03dd9c02e61d0f361e6df479ec7012,14,0,0,0,0,0.0,0,0,0,1.0,REJECTED_PAGE,TEXT_TOO_SPARSE_FOR_NUMERIC_TABLE_DUMP,
FPT,2026-Q1,quarter,annual_report,https://fpt.com/-/media/project/fpt-corporation/fpt/ir/information-disclosures/year-report/2026/april/20260424---fpt---bctc-hop-nhat-quy-1-nam-2026.pdf,https://fpt.com/-/media/project/fpt-corporation/fpt/ir/information-disclosures/year-report/2026/april/20260424---fpt---bctc-hop-nhat-quy-1-nam-2026.pdf,data\raw\official_finance_documents\01ie\fpt_2026_q1_financial_statement_5adaee07d5aa1c5a.pdf,5adaee07d5aa1c5a16b2992ac20db480dc03dd9c02e61d0f361e6df479ec7012,15,0,0,0,0,0.0,0,0,0,1.0,REJECTED_PAGE,TEXT_TOO_SPARSE_FOR_NUMERIC_TABLE_DUMP,
FPT,2026-Q1,quarter,annual_report,https://fpt.com/-/media/project/fpt-corporation/fpt/ir/information-disclosures/year-report/2026/april/20260424---fpt---bctc-hop-nhat-quy-1-nam-2026.pdf,https://fpt.com/-/media/project/fpt-corporation/fpt/ir/information-disclosures/year-report/2026/april/20260424---fpt---bctc-hop-nhat-quy-1-nam-2026.pdf,data\raw\official_finance_documents\01ie\fpt_2026_q1_financial_statement_5adaee07d5aa1c5a.pdf,5adaee07d5aa1c5a16b2992ac20db480dc03dd9c02e61d0f361e6df479ec7012,16,0,0,0,0,0.0,0,0,0,1.0,REJECTED_PAGE,TEXT_TOO_SPARSE_FOR_NUMERIC_TABLE_DUMP,
FPT,2026-Q1,quarter,annual_report,https://fpt.com/-/media/project/fpt-corporation/fpt/ir/information-disclosures/year-report/2026/april/20260424---fpt---bctc-hop-nhat-quy-1-nam-2026.pdf,https://fpt.com/-/media/project/fpt-corporation/fpt/ir/information-disclosures/year-report/2026/april/20260424---fpt---bctc-hop-nhat-quy-1-nam-2026.pdf,data\raw\official_finance_documents\01ie\fpt_2026_q1_financial_statement_5adaee07d5aa1c5a.pdf,5adaee07d5aa1c5a16b2992ac20db480dc03dd9c02e61d0f361e6df479ec7012,17,0,0,0,0,0.0,0,0,0,1.0,REJECTED_PAGE,TEXT_TOO_SPARSE_FOR_NUMERIC_TABLE_DUMP,
FPT,2026-Q1,quarter,annual_report,https://fpt.com/-/media/project/fpt-corporation/fpt/ir/information-disclosures/year-report/2026/april/20260424---fpt---bctc-hop-nhat-quy-1-nam-2026.pdf,https://fpt.com/-/media/project/fpt-corporation/fpt/ir/information-disclosures/year-report/2026/april/20260424---fpt---bctc-hop-nhat-quy-1-nam-2026.pdf,data\raw\official_finance_documents\01ie\fpt_2026_q1_financial_statement_5adaee07d5aa1c5a.pdf,5adaee07d5aa1c5a16b2992ac20db480dc03dd9c02e61d0f361e6df479ec7012,18,0,0,0,0,0.0,0,0,0,1.0,REJECTED_PAGE,TEXT_TOO_SPARSE_FOR_NUMERIC_TABLE_DUMP,
FPT,2026-Q1,quarter,annual_report,https://fpt.com/-/media/project/fpt-corporation/fpt/ir/information-disclosures/year-report/2026/april/20260424---fpt---bctc-hop-nhat-quy-1-nam-2026.pdf,https://fpt.com/-/media/project/fpt-corporation/fpt/ir/information-disclosures/year-report/2026/april/20260424---fpt---bctc-hop-nhat-quy-1-nam-2026.pdf,data\raw\official_finance_documents\01ie\fpt_2026_q1_financial_statement_5adaee07d5aa1c5a.pdf,5adaee07d5aa1c5a16b2992ac20db480dc03dd9c02e61d0f361e6df479ec7012,19,0,0,0,0,0.0,0,0,0,1.0,REJECTED_PAGE,TEXT_TOO_SPARSE_FOR_NUMERIC_TABLE_DUMP,
FPT,2026-Q1,quarter,annual_report,https://fpt.com/-/media/project/fpt-corporation/fpt/ir/information-disclosures/year-report/2026/april/20260424---fpt---bctc-hop-nhat-quy-1-nam-2026.pdf,https://fpt.com/-/media/project/fpt-corporation/fpt/ir/information-disclosures/year-report/2026/april/20260424---fpt---bctc-hop-nhat-quy-1-nam-2026.pdf,data\raw\official_finance_documents\01ie\fpt_2026_q1_financial_statement_5adaee07d5aa1c5a.pdf,5adaee07d5aa1c5a16b2992ac20db480dc03dd9c02e61d0f361e6df479ec7012,20,0,0,0,0,0.0,0,0,0,1.0,REJECTED_PAGE,TEXT_TOO_SPARSE_FOR_NUMERIC_TABLE_DUMP,
FPT,2026-Q1,quarter,annual_report,https://fpt.com/-/media/project/fpt-corporation/fpt/ir/information-disclosures/year-report/2026/april/20260424---fpt---bctc-hop-nhat-quy-1-nam-2026.pdf,https://fpt.com/-/media/project/fpt-corporation/fpt/ir/information-disclosures/year-report/2026/april/20260424---fpt---bctc-hop-nhat-quy-1-nam-2026.pdf,data\raw\official_finance_documents\01ie\fpt_2026_q1_financial_statement_5adaee07d5aa1c5a.pdf,5adaee07d5aa1c5a16b2992ac20db480dc03dd9c02e61d0f361e6df479ec7012,21,0,0,0,0,0.0,0,0,0,1.0,REJECTED_PAGE,TEXT_TOO_SPARSE_FOR_NUMERIC_TABLE_DUMP,
FPT,2026-Q1,quarter,annual_report,https://fpt.com/-/media/project/fpt-corporation/fpt/ir/information-disclosures/year-report/2026/april/20260424---fpt---bctc-hop-nhat-quy-1-nam-2026.pdf,https://fpt.com/-/media/project/fpt-corporation/fpt/ir/information-disclosures/year-report/2026/april/20260424---fpt---bctc-hop-nhat-quy-1-nam-2026.pdf,data\raw\official_finance_documents\01ie\fpt_2026_q1_financial_statement_5adaee07d5aa1c5a.pdf,5adaee07d5aa1c5a16b2992ac20db480dc03dd9c02e61d0f361e6df479ec7012,22,0,0,0,0,0.0,0,0,0,1.0,REJECTED_PAGE,TEXT_TOO_SPARSE_FOR_NUMERIC_TABLE_DUMP,
FPT,2026-Q1,quarter,annual_report,https://fpt.com/-/media/project/fpt-corporation/fpt/ir/information-disclosures/year-report/2026/april/20260424---fpt---bctc-hop-nhat-quy-1-nam-2026.pdf,https://fpt.com/-/media/project/fpt-corporation/fpt/ir/information-disclosures/year-report/2026/april/20260424---fpt---bctc-hop-nhat-quy-1-nam-2026.pdf,data\raw\official_finance_documents\01ie\fpt_2026_q1_financial_statement_5adaee07d5aa1c5a.pdf,5adaee07d5aa1c5a16b2992ac20db480dc03dd9c02e61d0f361e6df479ec7012,23,0,0,0,0,0.0,0,0,0,1.0,REJECTED_PAGE,TEXT_TOO_SPARSE_FOR_NUMERIC_TABLE_DUMP,
FPT,2026-Q1,quarter,annual_report,https://fpt.com/-/media/project/fpt-corporation/fpt/ir/information-disclosures/year-report/2026/april/20260424---fpt---bctc-hop-nhat-quy-1-nam-2026.pdf,https://fpt.com/-/media/project/fpt-corporation/fpt/ir/information-disclosures/year-report/2026/april/20260424---fpt---bctc-hop-nhat-quy-1-nam-2026.pdf,data\raw\official_finance_documents\01ie\fpt_2026_q1_financial_statement_5adaee07d5aa1c5a.pdf,5adaee07d5aa1c5a16b2992ac20db480dc03dd9c02e61d0f361e6df479ec7012,24,0,0,0,0,0.0,0,0,0,1.0,REJECTED_PAGE,TEXT_TOO_SPARSE_FOR_NUMERIC_TABLE_DUMP,
FPT,2026-Q1,quarter,annual_report,https://fpt.com/-/media/project/fpt-corporation/fpt/ir/information-disclosures/year-report/2026/april/20260424---fpt---bctc-hop-nhat-quy-1-nam-2026.pdf,https://fpt.com/-/media/project/fpt-corporation/fpt/ir/information-disclosures/year-report/2026/april/20260424---fpt---bctc-hop-nhat-quy-1-nam-2026.pdf,data\raw\official_finance_documents\01ie\fpt_2026_q1_financial_statement_5adaee07d5aa1c5a.pdf,5adaee07d5aa1c5a16b2992ac20db480dc03dd9c02e61d0f361e6df479ec7012,25,0,0,0,0,0.0,0,0,0,1.0,REJECTED_PAGE,TEXT_TOO_SPARSE_FOR_NUMERIC_TABLE_DUMP,
FPT,2026-Q1,quarter,annual_report,https://fpt.com/-/media/project/fpt-corporation/fpt/ir/information-disclosures/year-report/2026/april/20260424---fpt---bctc-hop-nhat-quy-1-nam-2026.pdf,https://fpt.com/-/media/project/fpt-corporation/fpt/ir/information-disclosures/year-report/2026/april/20260424---fpt---bctc-hop-nhat-quy-1-nam-2026.pdf,data\raw\official_finance_documents\01ie\fpt_2026_q1_financial_statement_5adaee07d5aa1c5a.pdf,5adaee07d5aa1c5a16b2992ac20db480dc03dd9c02e61d0f361e6df479ec7012,26,0,0,0,0,0.0,0,0,0,1.0,REJECTED_PAGE,TEXT_TOO_SPARSE_FOR_NUMERIC_TABLE_DUMP,
FPT,2026-Q1,quarter,annual_report,https://fpt.com/-/media/project/fpt-corporation/fpt/ir/information-disclosures/year-report/2026/april/20260424---fpt---bctc-hop-nhat-quy-1-nam-2026.pdf,https://fpt.com/-/media/project/fpt-corporation/fpt/ir/information-disclosures/year-report/2026/april/20260424---fpt---bctc-hop-nhat-quy-1-nam-2026.pdf,data\raw\official_finance_documents\01ie\fpt_2026_q1_financial_statement_5adaee07d5aa1c5a.pdf,5adaee07d5aa1c5a16b2992ac20db480dc03dd9c02e61d0f361e6df479ec7012,27,0,0,0,0,0.0,0,0,0,1.0,REJECTED_PAGE,TEXT_TOO_SPARSE_FOR_NUMERIC_TABLE_DUMP,
FPT,2026-Q1,quarter,annual_report,https://fpt.com/-/media/project/fpt-corporation/fpt/ir/information-disclosures/year-report/2026/april/20260424---fpt---bctc-hop-nhat-quy-1-nam-2026.pdf,https://fpt.com/-/media/project/fpt-corporation/fpt/ir/information-disclosures/year-report/2026/april/20260424---fpt---bctc-hop-nhat-quy-1-nam-2026.pdf,data\raw\official_finance_documents\01ie\fpt_2026_q1_financial_statement_5adaee07d5aa1c5a.pdf,5adaee07d5aa1c5a16b2992ac20db480dc03dd9c02e61d0f361e6df479ec7012,28,0,0,0,0,0.0,0,0,0,1.0,REJECTED_PAGE,TEXT_TOO_SPARSE_FOR_NUMERIC_TABLE_DUMP,
FPT,2026-Q1,quarter,annual_report,https://fpt.com/-/media/project/fpt-corporation/fpt/ir/information-disclosures/year-report/2026/april/20260424---fpt---bctc-hop-nhat-quy-1-nam-2026.pdf,https://fpt.com/-/media/project/fpt-corporation/fpt/ir/information-disclosures/year-report/2026/april/20260424---fpt---bctc-hop-nhat-quy-1-nam-2026.pdf,data\raw\official_finance_documents\01ie\fpt_2026_q1_financial_statement_5adaee07d5aa1c5a.pdf,5adaee07d5aa1c5a16b2992ac20db480dc03dd9c02e61d0f361e6df479ec7012,29,0,0,0,0,0.0,0,0,0,1.0,REJECTED_PAGE,TEXT_TOO_SPARSE_FOR_NUMERIC_TABLE_DUMP,
FPT,2026-Q1,quarter,annual_report,https://fpt.com/-/media/project/fpt-corporation/fpt/ir/information-disclosures/year-report/2026/april/20260424---fpt---bctc-hop-nhat-quy-1-nam-2026.pdf,https://fpt.com/-/media/project/fpt-corporation/fpt/ir/information-disclosures/year-report/2026/april/20260424---fpt---bctc-hop-nhat-quy-1-nam-2026.pdf,data\raw\official_finance_documents\01ie\fpt_2026_q1_financial_statement_5adaee07d5aa1c5a.pdf,5adaee07d5aa1c5a16b2992ac20db480dc03dd9c02e61d0f361e6df479ec7012,30,0,0,0,0,0.0,0,0,0,1.0,REJECTED_PAGE,TEXT_TOO_SPARSE_FOR_NUMERIC_TABLE_DUMP,
FPT,2026-Q1,quarter,annual_report,https://fpt.com/-/media/project/fpt-corporation/fpt/ir/information-disclosures/year-report/2026/april/20260424---fpt---bctc-hop-nhat-quy-1-nam-2026.pdf,https://fpt.com/-/media/project/fpt-corporation/fpt/ir/information-disclosures/year-report/2026/april/20260424---fpt---bctc-hop-nhat-quy-1-nam-2026.pdf,data\raw\official_finance_documents\01ie\fpt_2026_q1_financial_statement_5adaee07d5aa1c5a.pdf,5adaee07d5aa1c5a16b2992ac20db480dc03dd9c02e61d0f361e6df479ec7012,31,0,0,0,0,0.0,0,0,0,1.0,REJECTED_PAGE,TEXT_TOO_SPARSE_FOR_NUMERIC_TABLE_DUMP,
FPT,2026-Q1,quarter,annual_report,https://fpt.com/-/media/project/fpt-corporation/fpt/ir/information-disclosures/year-report/2026/april/20260424---fpt---bctc-hop-nhat-quy-1-nam-2026.pdf,https://fpt.com/-/media/project/fpt-corporation/fpt/ir/information-disclosures/year-report/2026/april/20260424---fpt---bctc-hop-nhat-quy-1-nam-2026.pdf,data\raw\official_finance_documents\01ie\fpt_2026_q1_financial_statement_5adaee07d5aa1c5a.pdf,5adaee07d5aa1c5a16b2992ac20db480dc03dd9c02e61d0f361e6df479ec7012,32,0,0,0,0,0.0,0,0,0,1.0,REJECTED_PAGE,TEXT_TOO_SPARSE_FOR_NUMERIC_TABLE_DUMP,
FPT,2026-Q1,quarter,annual_report,https://fpt.com/-/media/project/fpt-corporation/fpt/ir/information-disclosures/year-report/2026/april/20260424---fpt---bctc-hop-nhat-quy-1-nam-2026.pdf,https://fpt.com/-/media/project/fpt-corporation/fpt/ir/information-disclosures/year-report/2026/april/20260424---fpt---bctc-hop-nhat-quy-1-nam-2026.pdf,data\raw\official_finance_documents\01ie\fpt_2026_q1_financial_statement_5adaee07d5aa1c5a.pdf,5adaee07d5aa1c5a16b2992ac20db480dc03dd9c02e61d0f361e6df479ec7012,33,0,0,0,0,0.0,0,0,0,1.0,REJECTED_PAGE,TEXT_TOO_SPARSE_FOR_NUMERIC_TABLE_DUMP,
FPT,2026-Q1,quarter,annual_report,https://fpt.com/-/media/project/fpt-corporation/fpt/ir/information-disclosures/year-report/2026/april/20260424---fpt---bctc-hop-nhat-quy-1-nam-2026.pdf,https://fpt.com/-/media/project/fpt-corporation/fpt/ir/information-disclosures/year-report/2026/april/20260424---fpt---bctc-hop-nhat-quy-1-nam-2026.pdf,data\raw\official_finance_documents\01ie\fpt_2026_q1_financial_statement_5adaee07d5aa1c5a.pdf,5adaee07d5aa1c5a16b2992ac20db480dc03dd9c02e61d0f361e6df479ec7012,34,0,0,0,0,0.0,0,0,0,1.0,REJECTED_PAGE,TEXT_TOO_SPARSE_FOR_NUMERIC_TABLE_DUMP,
FPT,2026-Q1,quarter,annual_report,https://fpt.com/-/media/project/fpt-corporation/fpt/ir/information-disclosures/year-report/2026/april/20260424---fpt---bctc-hop-nhat-quy-1-nam-2026.pdf,https://fpt.com/-/media/project/fpt-corporation/fpt/ir/information-disclosures/year-report/2026/april/20260424---fpt---bctc-hop-nhat-quy-1-nam-2026.pdf,data\raw\official_finance_documents\01ie\fpt_2026_q1_financial_statement_5adaee07d5aa1c5a.pdf,5adaee07d5aa1c5a16b2992ac20db480dc03dd9c02e61d0f361e6df479ec7012,35,0,0,0,0,0.0,0,0,0,1.0,REJECTED_PAGE,TEXT_TOO_SPARSE_FOR_NUMERIC_TABLE_DUMP,
FPT,2026-Q1,quarter,annual_report,https://fpt.com/-/media/project/fpt-corporation/fpt/ir/information-disclosures/year-report/2026/april/20260424---fpt---bctc-hop-nhat-quy-1-nam-2026.pdf,https://fpt.com/-/media/project/fpt-corporation/fpt/ir/information-disclosures/year-report/2026/april/20260424---fpt---bctc-hop-nhat-quy-1-nam-2026.pdf,data\raw\official_finance_documents\01ie\fpt_2026_q1_financial_statement_5adaee07d5aa1c5a.pdf,5adaee07d5aa1c5a16b2992ac20db480dc03dd9c02e61d0f361e6df479ec7012,36,0,0,0,0,0.0,0,0,0,1.0,REJECTED_PAGE,TEXT_TOO_SPARSE_FOR_NUMERIC_TABLE_DUMP,
FPT,2026-Q1,quarter,annual_report,https://fpt.com/-/media/project/fpt-corporation/fpt/ir/information-disclosures/year-report/2026/april/20260424---fpt---bctc-hop-nhat-quy-1-nam-2026.pdf,https://fpt.com/-/media/project/fpt-corporation/fpt/ir/information-disclosures/year-report/2026/april/20260424---fpt---bctc-hop-nhat-quy-1-nam-2026.pdf,data\raw\official_finance_documents\01ie\fpt_2026_q1_financial_statement_5adaee07d5aa1c5a.pdf,5adaee07d5aa1c5a16b2992ac20db480dc03dd9c02e61d0f361e6df479ec7012,37,0,0,0,0,0.0,0,0,0,1.0,REJECTED_PAGE,TEXT_TOO_SPARSE_FOR_NUMERIC_TABLE_DUMP,
FPT,2026-Q1,quarter,annual_report,https://fpt.com/-/media/project/fpt-corporation/fpt/ir/information-disclosures/year-report/2026/april/20260424---fpt---bctc-hop-nhat-quy-1-nam-2026.pdf,https://fpt.com/-/media/project/fpt-corporation/fpt/ir/information-disclosures/year-report/2026/april/20260424---fpt---bctc-hop-nhat-quy-1-nam-2026.pdf,data\raw\official_finance_documents\01ie\fpt_2026_q1_financial_statement_5adaee07d5aa1c5a.pdf,5adaee07d5aa1c5a16b2992ac20db480dc03dd9c02e61d0f361e6df479ec7012,38,0,0,0,0,0.0,0,0,0,1.0,REJECTED_PAGE,TEXT_TOO_SPARSE_FOR_NUMERIC_TABLE_DUMP,
FPT,2026-Q1,quarter,annual_report,https://fpt.com/-/media/project/fpt-corporation/fpt/ir/information-disclosures/year-report/2026/april/20260424---fpt---bctc-hop-nhat-quy-1-nam-2026.pdf,https://fpt.com/-/media/project/fpt-corporation/fpt/ir/information-disclosures/year-report/2026/april/20260424---fpt---bctc-hop-nhat-quy-1-nam-2026.pdf,data\raw\official_finance_documents\01ie\fpt_2026_q1_financial_statement_5adaee07d5aa1c5a.pdf,5adaee07d5aa1c5a16b2992ac20db480dc03dd9c02e61d0f361e6df479ec7012,39,0,0,0,0,0.0,0,0,0,1.0,REJECTED_PAGE,TEXT_TOO_SPARSE_FOR_NUMERIC_TABLE_DUMP,
FPT,2026-Q1,quarter,annual_report,https://fpt.com/-/media/project/fpt-corporation/fpt/ir/information-disclosures/year-report/2026/april/20260424---fpt---bctc-hop-nhat-quy-1-nam-2026.pdf,https://fpt.com/-/media/project/fpt-corporation/fpt/ir/information-disclosures/year-report/2026/april/20260424---fpt---bctc-hop-nhat-quy-1-nam-2026.pdf,data\raw\official_finance_documents\01ie\fpt_2026_q1_financial_statement_5adaee07d5aa1c5a.pdf,5adaee07d5aa1c5a16b2992ac20db480dc03dd9c02e61d0f361e6df479ec7012,40,0,0,0,0,0.0,0,0,0,1.0,REJECTED_PAGE,TEXT_TOO_SPARSE_FOR_NUMERIC_TABLE_DUMP,
FPT,2026-Q1,quarter,annual_report,https://fpt.com/-/media/project/fpt-corporation/fpt/ir/information-disclosures/year-report/2026/april/20260424---fpt---bctc-hop-nhat-quy-1-nam-2026.pdf,https://fpt.com/-/media/project/fpt-corporation/fpt/ir/information-disclosures/year-report/2026/april/20260424---fpt---bctc-hop-nhat-quy-1-nam-2026.pdf,data\raw\official_finance_documents\01ie\fpt_2026_q1_financial_statement_5adaee07d5aa1c5a.pdf,5adaee07d5aa1c5a16b2992ac20db480dc03dd9c02e61d0f361e6df479ec7012,41,0,0,0,0,0.0,0,0,0,1.0,REJECTED_PAGE,TEXT_TOO_SPARSE_FOR_NUMERIC_TABLE_DUMP,
FPT,2026-Q1,quarter,annual_report,https://fpt.com/-/media/project/fpt-corporation/fpt/ir/information-disclosures/year-report/2026/april/20260424---fpt---bctc-hop-nhat-quy-1-nam-2026.pdf,https://fpt.com/-/media/project/fpt-corporation/fpt/ir/information-disclosures/year-report/2026/april/20260424---fpt---bctc-hop-nhat-quy-1-nam-2026.pdf,data\raw\official_finance_documents\01ie\fpt_2026_q1_financial_statement_5adaee07d5aa1c5a.pdf,5adaee07d5aa1c5a16b2992ac20db480dc03dd9c02e61d0f361e6df479ec7012,42,0,0,0,0,0.0,0,0,0,1.0,REJECTED_PAGE,TEXT_TOO_SPARSE_FOR_NUMERIC_TABLE_DUMP,
FPT,2026-Q1,quarter,annual_report,https://fpt.com/-/media/project/fpt-corporation/fpt/ir/information-disclosures/year-report/2026/april/20260424---fpt---bctc-hop-nhat-quy-1-nam-2026.pdf,https://fpt.com/-/media/project/fpt-corporation/fpt/ir/information-disclosures/year-report/2026/april/20260424---fpt---bctc-hop-nhat-quy-1-nam-2026.pdf,data\raw\official_finance_documents\01ie\fpt_2026_q1_financial_statement_5adaee07d5aa1c5a.pdf,5adaee07d5aa1c5a16b2992ac20db480dc03dd9c02e61d0f361e6df479ec7012,43,0,0,0,0,0.0,0,0,0,1.0,REJECTED_PAGE,TEXT_TOO_SPARSE_FOR_NUMERIC_TABLE_DUMP,
FPT,2026-Q1,quarter,annual_report,https://fpt.com/-/media/project/fpt-corporation/fpt/ir/information-disclosures/year-report/2026/april/20260424---fpt---bctc-hop-nhat-quy-1-nam-2026.pdf,https://fpt.com/-/media/project/fpt-corporation/fpt/ir/information-disclosures/year-report/2026/april/20260424---fpt---bctc-hop-nhat-quy-1-nam-2026.pdf,data\raw\official_finance_documents\01ie\fpt_2026_q1_financial_statement_5adaee07d5aa1c5a.pdf,5adaee07d5aa1c5a16b2992ac20db480dc03dd9c02e61d0f361e6df479ec7012,44,0,0,0,0,0.0,0,0,0,1.0,REJECTED_PAGE,TEXT_TOO_SPARSE_FOR_NUMERIC_TABLE_DUMP,
FPT,2026-Q1,quarter,annual_report,https://fpt.com/-/media/project/fpt-corporation/fpt/ir/information-disclosures/year-report/2026/april/20260424---fpt---bctc-hop-nhat-quy-1-nam-2026.pdf,https://fpt.com/-/media/project/fpt-corporation/fpt/ir/information-disclosures/year-report/2026/april/20260424---fpt---bctc-hop-nhat-quy-1-nam-2026.pdf,data\raw\official_finance_documents\01ie\fpt_2026_q1_financial_statement_5adaee07d5aa1c5a.pdf,5adaee07d5aa1c5a16b2992ac20db480dc03dd9c02e61d0f361e6df479ec7012,45,0,0,0,0,0.0,0,0,0,1.0,REJECTED_PAGE,TEXT_TOO_SPARSE_FOR_NUMERIC_TABLE_DUMP,
FPT,2026-Q1,quarter,annual_report,https://fpt.com/-/media/project/fpt-corporation/fpt/ir/information-disclosures/year-report/2026/april/20260424---fpt---bctc-hop-nhat-quy-1-nam-2026.pdf,https://fpt.com/-/media/project/fpt-corporation/fpt/ir/information-disclosures/year-report/2026/april/20260424---fpt---bctc-hop-nhat-quy-1-nam-2026.pdf,data\raw\official_finance_documents\01ie\fpt_2026_q1_financial_statement_5adaee07d5aa1c5a.pdf,5adaee07d5aa1c5a16b2992ac20db480dc03dd9c02e61d0f361e6df479ec7012,46,0,0,0,0,0.0,0,0,0,1.0,REJECTED_PAGE,TEXT_TOO_SPARSE_FOR_NUMERIC_TABLE_DUMP,
KDH,2026-Q1,quarter,financial_statement,https://www.khangdien.com.vn/wp-content/uploads/2026/04/20260429-kdh-bctc-hop-nhat-q12026-giai-trinh-trong-tm-sign.pdf,https://www.khangdien.com.vn/wp-content/uploads/2026/04/20260429-kdh-bctc-hop-nhat-q12026-giai-trinh-trong-tm-sign.pdf,data\raw\official_finance_documents\01ie\kdh_2026_q1_financial_statement_d2fe8d8130ad6e4a.pdf,d2fe8d8130ad6e4acc6dfd1f23352aba2af0411dcdc245ee9c89c7a9088f93d2,1,165,154,18,1,0.0278,0,0,0,1.35,REJECTED_PAGE,LOW_NUMERIC_TOKEN_COUNT,CÔNG TY CỔ PHẦN ĐẦU TƯ VÀ KINH DOANH NHÀ KHANG ĐIỀN Digitally signed by CÔNG TY CỔ PHẦN ĐẦU TƯ VÀ KINH DOANH NHÀ KHANG ĐIỀN Date: 2026.04.29 11:02:10 +07'00'
KDH,2026-Q1,quarter,financial_statement,https://www.khangdien.com.vn/wp-content/uploads/2026/04/20260429-kdh-bctc-hop-nhat-q12026-giai-trinh-trong-tm-sign.pdf,https://www.khangdien.com.vn/wp-content/uploads/2026/04/20260429-kdh-bctc-hop-nhat-q12026-giai-trinh-trong-tm-sign.pdf,data\raw\official_finance_documents\01ie\kdh_2026_q1_financial_statement_d2fe8d8130ad6e4a.pdf,d2fe8d8130ad6e4acc6dfd1f23352aba2af0411dcdc245ee9c89c7a9088f93d2,2,0,0,0,0,0.0,0,0,0,1.0,REJECTED_PAGE,TEXT_TOO_SPARSE_FOR_NUMERIC_TABLE_DUMP,
KDH,2026-Q1,quarter,financial_statement,https://www.khangdien.com.vn/wp-content/uploads/2026/04/20260429-kdh-bctc-hop-nhat-q12026-giai-trinh-trong-tm-sign.pdf,https://www.khangdien.com.vn/wp-content/uploads/2026/04/20260429-kdh-bctc-hop-nhat-q12026-giai-trinh-trong-tm-sign.pdf,data\raw\official_finance_documents\01ie\kdh_2026_q1_financial_statement_d2fe8d8130ad6e4a.pdf,d2fe8d8130ad6e4acc6dfd1f23352aba2af0411dcdc245ee9c89c7a9088f93d2,3,0,0,0,0,0.0,0,0,0,1.0,REJECTED_PAGE,TEXT_TOO_SPARSE_FOR_NUMERIC_TABLE_DUMP,
KDH,2026-Q1,quarter,financial_statement,https://www.khangdien.com.vn/wp-content/uploads/2026/04/20260429-kdh-bctc-hop-nhat-q12026-giai-trinh-trong-tm-sign.pdf,https://www.khangdien.com.vn/wp-content/uploads/2026/04/20260429-kdh-bctc-hop-nhat-q12026-giai-trinh-trong-tm-sign.pdf,data\raw\official_finance_documents\01ie\kdh_2026_q1_financial_statement_d2fe8d8130ad6e4a.pdf,d2fe8d8130ad6e4acc6dfd1f23352aba2af0411dcdc245ee9c89c7a9088f93d2,4,0,0,0,0,0.0,0,0,0,1.0,REJECTED_PAGE,TEXT_TOO_SPARSE_FOR_NUMERIC_TABLE_DUMP,
KDH,2026-Q1,quarter,financial_statement,https://www.khangdien.com.vn/wp-content/uploads/2026/04/20260429-kdh-bctc-hop-nhat-q12026-giai-trinh-trong-tm-sign.pdf,https://www.khangdien.com.vn/wp-content/uploads/2026/04/20260429-kdh-bctc-hop-nhat-q12026-giai-trinh-trong-tm-sign.pdf,data\raw\official_finance_documents\01ie\kdh_2026_q1_financial_statement_d2fe8d8130ad6e4a.pdf,d2fe8d8130ad6e4acc6dfd1f23352aba2af0411dcdc245ee9c89c7a9088f93d2,5,0,0,0,0,0.0,0,0,0,1.0,REJECTED_PAGE,TEXT_TOO_SPARSE_FOR_NUMERIC_TABLE_DUMP,
KDH,2026-Q1,quarter,financial_statement,https://www.khangdien.com.vn/wp-content/uploads/2026/04/20260429-kdh-bctc-hop-nhat-q12026-giai-trinh-trong-tm-sign.pdf,https://www.khangdien.com.vn/wp-content/uploads/2026/04/20260429-kdh-bctc-hop-nhat-q12026-giai-trinh-trong-tm-sign.pdf,data\raw\official_finance_documents\01ie\kdh_2026_q1_financial_statement_d2fe8d8130ad6e4a.pdf,d2fe8d8130ad6e4acc6dfd1f23352aba2af0411dcdc245ee9c89c7a9088f93d2,6,0,0,0,0,0.0,0,0,0,1.0,REJECTED_PAGE,TEXT_TOO_SPARSE_FOR_NUMERIC_TABLE_DUMP,
KDH,2026-Q1,quarter,financial_statement,https://www.khangdien.com.vn/wp-content/uploads/2026/04/20260429-kdh-bctc-hop-nhat-q12026-giai-trinh-trong-tm-sign.pdf,https://www.khangdien.com.vn/wp-content/uploads/2026/04/20260429-kdh-bctc-hop-nhat-q12026-giai-trinh-trong-tm-sign.pdf,data\raw\official_finance_documents\01ie\kdh_2026_q1_financial_statement_d2fe8d8130ad6e4a.pdf,d2fe8d8130ad6e4acc6dfd1f23352aba2af0411dcdc245ee9c89c7a9088f93d2,7,0,0,0,0,0.0,0,0,0,1.0,REJECTED_PAGE,TEXT_TOO_SPARSE_FOR_NUMERIC_TABLE_DUMP,
KDH,2026-Q1,quarter,financial_statement,https://www.khangdien.com.vn/wp-content/uploads/2026/04/20260429-kdh-bctc-hop-nhat-q12026-giai-trinh-trong-tm-sign.pdf,https://www.khangdien.com.vn/wp-content/uploads/2026/04/20260429-kdh-bctc-hop-nhat-q12026-giai-trinh-trong-tm-sign.pdf,data\raw\official_finance_documents\01ie\kdh_2026_q1_financial_statement_d2fe8d8130ad6e4a.pdf,d2fe8d8130ad6e4acc6dfd1f23352aba2af0411dcdc245ee9c89c7a9088f93d2,8,0,0,0,0,0.0,0,0,0,1.0,REJECTED_PAGE,TEXT_TOO_SPARSE_FOR_NUMERIC_TABLE_DUMP,
KDH,2026-Q1,quarter,financial_statement,https://www.khangdien.com.vn/wp-content/uploads/2026/04/20260429-kdh-bctc-hop-nhat-q12026-giai-trinh-trong-tm-sign.pdf,https://www.khangdien.com.vn/wp-content/uploads/2026/04/20260429-kdh-bctc-hop-nhat-q12026-giai-trinh-trong-tm-sign.pdf,data\raw\official_finance_documents\01ie\kdh_2026_q1_financial_statement_d2fe8d8130ad6e4a.pdf,d2fe8d8130ad6e4acc6dfd1f23352aba2af0411dcdc245ee9c89c7a9088f93d2,9,0,0,0,0,0.0,0,0,0,1.0,REJECTED_PAGE,TEXT_TOO_SPARSE_FOR_NUMERIC_TABLE_DUMP,
KDH,2026-Q1,quarter,financial_statement,https://www.khangdien.com.vn/wp-content/uploads/2026/04/20260429-kdh-bctc-hop-nhat-q12026-giai-trinh-trong-tm-sign.pdf,https://www.khangdien.com.vn/wp-content/uploads/2026/04/20260429-kdh-bctc-hop-nhat-q12026-giai-trinh-trong-tm-sign.pdf,data\raw\official_finance_documents\01ie\kdh_2026_q1_financial_statement_d2fe8d8130ad6e4a.pdf,d2fe8d8130ad6e4acc6dfd1f23352aba2af0411dcdc245ee9c89c7a9088f93d2,10,0,0,0,0,0.0,0,0,0,1.0,REJECTED_PAGE,TEXT_TOO_SPARSE_FOR_NUMERIC_TABLE_DUMP,
KDH,2026-Q1,quarter,financial_statement,https://www.khangdien.com.vn/wp-content/uploads/2026/04/20260429-kdh-bctc-hop-nhat-q12026-giai-trinh-trong-tm-sign.pdf,https://www.khangdien.com.vn/wp-content/uploads/2026/04/20260429-kdh-bctc-hop-nhat-q12026-giai-trinh-trong-tm-sign.pdf,data\raw\official_finance_documents\01ie\kdh_2026_q1_financial_statement_d2fe8d8130ad6e4a.pdf,d2fe8d8130ad6e4acc6dfd1f23352aba2af0411dcdc245ee9c89c7a9088f93d2,11,0,0,0,0,0.0,0,0,0,1.0,REJECTED_PAGE,TEXT_TOO_SPARSE_FOR_NUMERIC_TABLE_DUMP,
KDH,2026-Q1,quarter,financial_statement,https://www.khangdien.com.vn/wp-content/uploads/2026/04/20260429-kdh-bctc-hop-nhat-q12026-giai-trinh-trong-tm-sign.pdf,https://www.khangdien.com.vn/wp-content/uploads/2026/04/20260429-kdh-bctc-hop-nhat-q12026-giai-trinh-trong-tm-sign.pdf,data\raw\official_finance_documents\01ie\kdh_2026_q1_financial_statement_d2fe8d8130ad6e4a.pdf,d2fe8d8130ad6e4acc6dfd1f23352aba2af0411dcdc245ee9c89c7a9088f93d2,12,0,0,0,0,0.0,0,0,0,1.0,REJECTED_PAGE,TEXT_TOO_SPARSE_FOR_NUMERIC_TABLE_DUMP,
KDH,2026-Q1,quarter,financial_statement,https://www.khangdien.com.vn/wp-content/uploads/2026/04/20260429-kdh-bctc-hop-nhat-q12026-giai-trinh-trong-tm-sign.pdf,https://www.khangdien.com.vn/wp-content/uploads/2026/04/20260429-kdh-bctc-hop-nhat-q12026-giai-trinh-trong-tm-sign.pdf,data\raw\official_finance_documents\01ie\kdh_2026_q1_financial_statement_d2fe8d8130ad6e4a.pdf,d2fe8d8130ad6e4acc6dfd1f23352aba2af0411dcdc245ee9c89c7a9088f93d2,13,0,0,0,0,0.0,0,0,0,1.0,REJECTED_PAGE,TEXT_TOO_SPARSE_FOR_NUMERIC_TABLE_DUMP,
KDH,2026-Q1,quarter,financial_statement,https://www.khangdien.com.vn/wp-content/uploads/2026/04/20260429-kdh-bctc-hop-nhat-q12026-giai-trinh-trong-tm-sign.pdf,https://www.khangdien.com.vn/wp-content/uploads/2026/04/20260429-kdh-bctc-hop-nhat-q12026-giai-trinh-trong-tm-sign.pdf,data\raw\official_finance_documents\01ie\kdh_2026_q1_financial_statement_d2fe8d8130ad6e4a.pdf,d2fe8d8130ad6e4acc6dfd1f23352aba2af0411dcdc245ee9c89c7a9088f93d2,14,0,0,0,0,0.0,0,0,0,1.0,REJECTED_PAGE,TEXT_TOO_SPARSE_FOR_NUMERIC_TABLE_DUMP,
KDH,2026-Q1,quarter,financial_statement,https://www.khangdien.com.vn/wp-content/uploads/2026/04/20260429-kdh-bctc-hop-nhat-q12026-giai-trinh-trong-tm-sign.pdf,https://www.khangdien.com.vn/wp-content/uploads/2026/04/20260429-kdh-bctc-hop-nhat-q12026-giai-trinh-trong-tm-sign.pdf,data\raw\official_finance_documents\01ie\kdh_2026_q1_financial_statement_d2fe8d8130ad6e4a.pdf,d2fe8d8130ad6e4acc6dfd1f23352aba2af0411dcdc245ee9c89c7a9088f93d2,15,0,0,0,0,0.0,0,0,0,1.0,REJECTED_PAGE,TEXT_TOO_SPARSE_FOR_NUMERIC_TABLE_DUMP,
KDH,2026-Q1,quarter,financial_statement,https://www.khangdien.com.vn/wp-content/uploads/2026/04/20260429-kdh-bctc-hop-nhat-q12026-giai-trinh-trong-tm-sign.pdf,https://www.khangdien.com.vn/wp-content/uploads/2026/04/20260429-kdh-bctc-hop-nhat-q12026-giai-trinh-trong-tm-sign.pdf,data\raw\official_finance_documents\01ie\kdh_2026_q1_financial_statement_d2fe8d8130ad6e4a.pdf,d2fe8d8130ad6e4acc6dfd1f23352aba2af0411dcdc245ee9c89c7a9088f93d2,16,0,0,0,0,0.0,0,0,0,1.0,REJECTED_PAGE,TEXT_TOO_SPARSE_FOR_NUMERIC_TABLE_DUMP,
KDH,2026-Q1,quarter,financial_statement,https://www.khangdien.com.vn/wp-content/uploads/2026/04/20260429-kdh-bctc-hop-nhat-q12026-giai-trinh-trong-tm-sign.pdf,https://www.khangdien.com.vn/wp-content/uploads/2026/04/20260429-kdh-bctc-hop-nhat-q12026-giai-trinh-trong-tm-sign.pdf,data\raw\official_finance_documents\01ie\kdh_2026_q1_financial_statement_d2fe8d8130ad6e4a.pdf,d2fe8d8130ad6e4acc6dfd1f23352aba2af0411dcdc245ee9c89c7a9088f93d2,17,0,0,0,0,0.0,0,0,0,1.0,REJECTED_PAGE,TEXT_TOO_SPARSE_FOR_NUMERIC_TABLE_DUMP,
KDH,2026-Q1,quarter,financial_statement,https://www.khangdien.com.vn/wp-content/uploads/2026/04/20260429-kdh-bctc-hop-nhat-q12026-giai-trinh-trong-tm-sign.pdf,https://www.khangdien.com.vn/wp-content/uploads/2026/04/20260429-kdh-bctc-hop-nhat-q12026-giai-trinh-trong-tm-sign.pdf,data\raw\official_finance_documents\01ie\kdh_2026_q1_financial_statement_d2fe8d8130ad6e4a.pdf,d2fe8d8130ad6e4acc6dfd1f23352aba2af0411dcdc245ee9c89c7a9088f93d2,18,0,0,0,0,0.0,0,0,0,1.0,REJECTED_PAGE,TEXT_TOO_SPARSE_FOR_NUMERIC_TABLE_DUMP,
KDH,2026-Q1,quarter,financial_statement,https://www.khangdien.com.vn/wp-content/uploads/2026/04/20260429-kdh-bctc-hop-nhat-q12026-giai-trinh-trong-tm-sign.pdf,https://www.khangdien.com.vn/wp-content/uploads/2026/04/20260429-kdh-bctc-hop-nhat-q12026-giai-trinh-trong-tm-sign.pdf,data\raw\official_finance_documents\01ie\kdh_2026_q1_financial_statement_d2fe8d8130ad6e4a.pdf,d2fe8d8130ad6e4acc6dfd1f23352aba2af0411dcdc245ee9c89c7a9088f93d2,19,0,0,0,0,0.0,0,0,0,1.0,REJECTED_PAGE,TEXT_TOO_SPARSE_FOR_NUMERIC_TABLE_DUMP,
KDH,2026-Q1,quarter,financial_statement,https://www.khangdien.com.vn/wp-content/uploads/2026/04/20260429-kdh-bctc-hop-nhat-q12026-giai-trinh-trong-tm-sign.pdf,https://www.khangdien.com.vn/wp-content/uploads/2026/04/20260429-kdh-bctc-hop-nhat-q12026-giai-trinh-trong-tm-sign.pdf,data\raw\official_finance_documents\01ie\kdh_2026_q1_financial_statement_d2fe8d8130ad6e4a.pdf,d2fe8d8130ad6e4acc6dfd1f23352aba2af0411dcdc245ee9c89c7a9088f93d2,20,0,0,0,0,0.0,0,0,0,1.0,REJECTED_PAGE,TEXT_TOO_SPARSE_FOR_NUMERIC_TABLE_DUMP,
KDH,2026-Q1,quarter,financial_statement,https://www.khangdien.com.vn/wp-content/uploads/2026/04/20260429-kdh-bctc-hop-nhat-q12026-giai-trinh-trong-tm-sign.pdf,https://www.khangdien.com.vn/wp-content/uploads/2026/04/20260429-kdh-bctc-hop-nhat-q12026-giai-trinh-trong-tm-sign.pdf,data\raw\official_finance_documents\01ie\kdh_2026_q1_financial_statement_d2fe8d8130ad6e4a.pdf,d2fe8d8130ad6e4acc6dfd1f23352aba2af0411dcdc245ee9c89c7a9088f93d2,21,0,0,0,0,0.0,0,0,0,1.0,REJECTED_PAGE,TEXT_TOO_SPARSE_FOR_NUMERIC_TABLE_DUMP,
KDH,2026-Q1,quarter,financial_statement,https://www.khangdien.com.vn/wp-content/uploads/2026/04/20260429-kdh-bctc-hop-nhat-q12026-giai-trinh-trong-tm-sign.pdf,https://www.khangdien.com.vn/wp-content/uploads/2026/04/20260429-kdh-bctc-hop-nhat-q12026-giai-trinh-trong-tm-sign.pdf,data\raw\official_finance_documents\01ie\kdh_2026_q1_financial_statement_d2fe8d8130ad6e4a.pdf,d2fe8d8130ad6e4acc6dfd1f23352aba2af0411dcdc245ee9c89c7a9088f93d2,22,0,0,0,0,0.0,0,0,0,1.0,REJECTED_PAGE,TEXT_TOO_SPARSE_FOR_NUMERIC_TABLE_DUMP,
KDH,2026-Q1,quarter,financial_statement,https://www.khangdien.com.vn/wp-content/uploads/2026/04/20260429-kdh-bctc-hop-nhat-q12026-giai-trinh-trong-tm-sign.pdf,https://www.khangdien.com.vn/wp-content/uploads/2026/04/20260429-kdh-bctc-hop-nhat-q12026-giai-trinh-trong-tm-sign.pdf,data\raw\official_finance_documents\01ie\kdh_2026_q1_financial_statement_d2fe8d8130ad6e4a.pdf,d2fe8d8130ad6e4acc6dfd1f23352aba2af0411dcdc245ee9c89c7a9088f93d2,23,0,0,0,0,0.0,0,0,0,1.0,REJECTED_PAGE,TEXT_TOO_SPARSE_FOR_NUMERIC_TABLE_DUMP,
KDH,2026-Q1,quarter,financial_statement,https://www.khangdien.com.vn/wp-content/uploads/2026/04/20260429-kdh-bctc-hop-nhat-q12026-giai-trinh-trong-tm-sign.pdf,https://www.khangdien.com.vn/wp-content/uploads/2026/04/20260429-kdh-bctc-hop-nhat-q12026-giai-trinh-trong-tm-sign.pdf,data\raw\official_finance_documents\01ie\kdh_2026_q1_financial_statement_d2fe8d8130ad6e4a.pdf,d2fe8d8130ad6e4acc6dfd1f23352aba2af0411dcdc245ee9c89c7a9088f93d2,24,0,0,0,0,0.0,0,0,0,1.0,REJECTED_PAGE,TEXT_TOO_SPARSE_FOR_NUMERIC_TABLE_DUMP,
KDH,2026-Q1,quarter,financial_statement,https://www.khangdien.com.vn/wp-content/uploads/2026/04/20260429-kdh-bctc-hop-nhat-q12026-giai-trinh-trong-tm-sign.pdf,https://www.khangdien.com.vn/wp-content/uploads/2026/04/20260429-kdh-bctc-hop-nhat-q12026-giai-trinh-trong-tm-sign.pdf,data\raw\official_finance_documents\01ie\kdh_2026_q1_financial_statement_d2fe8d8130ad6e4a.pdf,d2fe8d8130ad6e4acc6dfd1f23352aba2af0411dcdc245ee9c89c7a9088f93d2,25,0,0,0,0,0.0,0,0,0,1.0,REJECTED_PAGE,TEXT_TOO_SPARSE_FOR_NUMERIC_TABLE_DUMP,
KDH,2026-Q1,quarter,financial_statement,https://www.khangdien.com.vn/wp-content/uploads/2026/04/20260429-kdh-bctc-hop-nhat-q12026-giai-trinh-trong-tm-sign.pdf,https://www.khangdien.com.vn/wp-content/uploads/2026/04/20260429-kdh-bctc-hop-nhat-q12026-giai-trinh-trong-tm-sign.pdf,data\raw\official_finance_documents\01ie\kdh_2026_q1_financial_statement_d2fe8d8130ad6e4a.pdf,d2fe8d8130ad6e4acc6dfd1f23352aba2af0411dcdc245ee9c89c7a9088f93d2,26,0,0,0,0,0.0,0,0,0,1.0,REJECTED_PAGE,TEXT_TOO_SPARSE_FOR_NUMERIC_TABLE_DUMP,
KDH,2026-Q1,quarter,financial_statement,https://www.khangdien.com.vn/wp-content/uploads/2026/04/20260429-kdh-bctc-hop-nhat-q12026-giai-trinh-trong-tm-sign.pdf,https://www.khangdien.com.vn/wp-content/uploads/2026/04/20260429-kdh-bctc-hop-nhat-q12026-giai-trinh-trong-tm-sign.pdf,data\raw\official_finance_documents\01ie\kdh_2026_q1_financial_statement_d2fe8d8130ad6e4a.pdf,d2fe8d8130ad6e4acc6dfd1f23352aba2af0411dcdc245ee9c89c7a9088f93d2,27,0,0,0,0,0.0,0,0,0,1.0,REJECTED_PAGE,TEXT_TOO_SPARSE_FOR_NUMERIC_TABLE_DUMP,
KDH,2026-Q1,quarter,financial_statement,https://www.khangdien.com.vn/wp-content/uploads/2026/04/20260429-kdh-bctc-hop-nhat-q12026-giai-trinh-trong-tm-sign.pdf,https://www.khangdien.com.vn/wp-content/uploads/2026/04/20260429-kdh-bctc-hop-nhat-q12026-giai-trinh-trong-tm-sign.pdf,data\raw\official_finance_documents\01ie\kdh_2026_q1_financial_statement_d2fe8d8130ad6e4a.pdf,d2fe8d8130ad6e4acc6dfd1f23352aba2af0411dcdc245ee9c89c7a9088f93d2,28,0,0,0,0,0.0,0,0,0,1.0,REJECTED_PAGE,TEXT_TOO_SPARSE_FOR_NUMERIC_TABLE_DUMP,
KDH,2026-Q1,quarter,financial_statement,https://www.khangdien.com.vn/wp-content/uploads/2026/04/20260429-kdh-bctc-hop-nhat-q12026-giai-trinh-trong-tm-sign.pdf,https://www.khangdien.com.vn/wp-content/uploads/2026/04/20260429-kdh-bctc-hop-nhat-q12026-giai-trinh-trong-tm-sign.pdf,data\raw\official_finance_documents\01ie\kdh_2026_q1_financial_statement_d2fe8d8130ad6e4a.pdf,d2fe8d8130ad6e4acc6dfd1f23352aba2af0411dcdc245ee9c89c7a9088f93d2,29,0,0,0,0,0.0,0,0,0,1.0,REJECTED_PAGE,TEXT_TOO_SPARSE_FOR_NUMERIC_TABLE_DUMP,
KDH,2026-Q1,quarter,financial_statement,https://www.khangdien.com.vn/wp-content/uploads/2026/04/20260429-kdh-bctc-hop-nhat-q12026-giai-trinh-trong-tm-sign.pdf,https://www.khangdien.com.vn/wp-content/uploads/2026/04/20260429-kdh-bctc-hop-nhat-q12026-giai-trinh-trong-tm-sign.pdf,data\raw\official_finance_documents\01ie\kdh_2026_q1_financial_statement_d2fe8d8130ad6e4a.pdf,d2fe8d8130ad6e4acc6dfd1f23352aba2af0411dcdc245ee9c89c7a9088f93d2,30,0,0,0,0,0.0,0,0,0,1.0,REJECTED_PAGE,TEXT_TOO_SPARSE_FOR_NUMERIC_TABLE_DUMP,
KDH,2026-Q1,quarter,financial_statement,https://www.khangdien.com.vn/wp-content/uploads/2026/04/20260429-kdh-bctc-hop-nhat-q12026-giai-trinh-trong-tm-sign.pdf,https://www.khangdien.com.vn/wp-content/uploads/2026/04/20260429-kdh-bctc-hop-nhat-q12026-giai-trinh-trong-tm-sign.pdf,data\raw\official_finance_documents\01ie\kdh_2026_q1_financial_statement_d2fe8d8130ad6e4a.pdf,d2fe8d8130ad6e4acc6dfd1f23352aba2af0411dcdc245ee9c89c7a9088f93d2,31,0,0,0,0,0.0,0,0,0,1.0,REJECTED_PAGE,TEXT_TOO_SPARSE_FOR_NUMERIC_TABLE_DUMP,
KDH,2026-Q1,quarter,financial_statement,https://www.khangdien.com.vn/wp-content/uploads/2026/04/20260429-kdh-bctc-hop-nhat-q12026-giai-trinh-trong-tm-sign.pdf,https://www.khangdien.com.vn/wp-content/uploads/2026/04/20260429-kdh-bctc-hop-nhat-q12026-giai-trinh-trong-tm-sign.pdf,data\raw\official_finance_documents\01ie\kdh_2026_q1_financial_statement_d2fe8d8130ad6e4a.pdf,d2fe8d8130ad6e4acc6dfd1f23352aba2af0411dcdc245ee9c89c7a9088f93d2,32,0,0,0,0,0.0,0,0,0,1.0,REJECTED_PAGE,TEXT_TOO_SPARSE_FOR_NUMERIC_TABLE_DUMP,
KDH,2026-Q1,quarter,financial_statement,https://www.khangdien.com.vn/wp-content/uploads/2026/04/20260429-kdh-bctc-hop-nhat-q12026-giai-trinh-trong-tm-sign.pdf,https://www.khangdien.com.vn/wp-content/uploads/2026/04/20260429-kdh-bctc-hop-nhat-q12026-giai-trinh-trong-tm-sign.pdf,data\raw\official_finance_documents\01ie\kdh_2026_q1_financial_statement_d2fe8d8130ad6e4a.pdf,d2fe8d8130ad6e4acc6dfd1f23352aba2af0411dcdc245ee9c89c7a9088f93d2,33,0,0,0,0,0.0,0,0,0,1.0,REJECTED_PAGE,TEXT_TOO_SPARSE_FOR_NUMERIC_TABLE_DUMP,
KDH,2026-Q1,quarter,financial_statement,https://www.khangdien.com.vn/wp-content/uploads/2026/04/20260429-kdh-bctc-hop-nhat-q12026-giai-trinh-trong-tm-sign.pdf,https://www.khangdien.com.vn/wp-content/uploads/2026/04/20260429-kdh-bctc-hop-nhat-q12026-giai-trinh-trong-tm-sign.pdf,data\raw\official_finance_documents\01ie\kdh_2026_q1_financial_statement_d2fe8d8130ad6e4a.pdf,d2fe8d8130ad6e4acc6dfd1f23352aba2af0411dcdc245ee9c89c7a9088f93d2,34,0,0,0,0,0.0,0,0,0,1.0,REJECTED_PAGE,TEXT_TOO_SPARSE_FOR_NUMERIC_TABLE_DUMP,
KDH,2026-Q1,quarter,financial_statement,https://www.khangdien.com.vn/wp-content/uploads/2026/04/20260429-kdh-bctc-hop-nhat-q12026-giai-trinh-trong-tm-sign.pdf,https://www.khangdien.com.vn/wp-content/uploads/2026/04/20260429-kdh-bctc-hop-nhat-q12026-giai-trinh-trong-tm-sign.pdf,data\raw\official_finance_documents\01ie\kdh_2026_q1_financial_statement_d2fe8d8130ad6e4a.pdf,d2fe8d8130ad6e4acc6dfd1f23352aba2af0411dcdc245ee9c89c7a9088f93d2,35,0,0,0,0,0.0,0,0,0,1.0,REJECTED_PAGE,TEXT_TOO_SPARSE_FOR_NUMERIC_TABLE_DUMP,
KDH,2026-Q1,quarter,financial_statement,https://www.khangdien.com.vn/wp-content/uploads/2026/04/20260429-kdh-bctc-hop-nhat-q12026-giai-trinh-trong-tm-sign.pdf,https://www.khangdien.com.vn/wp-content/uploads/2026/04/20260429-kdh-bctc-hop-nhat-q12026-giai-trinh-trong-tm-sign.pdf,data\raw\official_finance_documents\01ie\kdh_2026_q1_financial_statement_d2fe8d8130ad6e4a.pdf,d2fe8d8130ad6e4acc6dfd1f23352aba2af0411dcdc245ee9c89c7a9088f93d2,36,0,0,0,0,0.0,0,0,0,1.0,REJECTED_PAGE,TEXT_TOO_SPARSE_FOR_NUMERIC_TABLE_DUMP,
KDH,2026-Q1,quarter,financial_statement,https://www.khangdien.com.vn/wp-content/uploads/2026/04/20260429-kdh-bctc-hop-nhat-q12026-giai-trinh-trong-tm-sign.pdf,https://www.khangdien.com.vn/wp-content/uploads/2026/04/20260429-kdh-bctc-hop-nhat-q12026-giai-trinh-trong-tm-sign.pdf,data\raw\official_finance_documents\01ie\kdh_2026_q1_financial_statement_d2fe8d8130ad6e4a.pdf,d2fe8d8130ad6e4acc6dfd1f23352aba2af0411dcdc245ee9c89c7a9088f93d2,37,0,0,0,0,0.0,0,0,0,1.0,REJECTED_PAGE,TEXT_TOO_SPARSE_FOR_NUMERIC_TABLE_DUMP,
KDH,2026-Q1,quarter,financial_statement,https://www.khangdien.com.vn/wp-content/uploads/2026/04/20260429-kdh-bctc-hop-nhat-q12026-giai-trinh-trong-tm-sign.pdf,https://www.khangdien.com.vn/wp-content/uploads/2026/04/20260429-kdh-bctc-hop-nhat-q12026-giai-trinh-trong-tm-sign.pdf,data\raw\official_finance_documents\01ie\kdh_2026_q1_financial_statement_d2fe8d8130ad6e4a.pdf,d2fe8d8130ad6e4acc6dfd1f23352aba2af0411dcdc245ee9c89c7a9088f93d2,38,0,0,0,0,0.0,0,0,0,1.0,REJECTED_PAGE,TEXT_TOO_SPARSE_FOR_NUMERIC_TABLE_DUMP,
KDH,2026-Q1,quarter,financial_statement,https://www.khangdien.com.vn/wp-content/uploads/2026/04/20260429-kdh-bctc-hop-nhat-q12026-giai-trinh-trong-tm-sign.pdf,https://www.khangdien.com.vn/wp-content/uploads/2026/04/20260429-kdh-bctc-hop-nhat-q12026-giai-trinh-trong-tm-sign.pdf,data\raw\official_finance_documents\01ie\kdh_2026_q1_financial_statement_d2fe8d8130ad6e4a.pdf,d2fe8d8130ad6e4acc6dfd1f23352aba2af0411dcdc245ee9c89c7a9088f93d2,39,0,0,0,0,0.0,0,0,0,1.0,REJECTED_PAGE,TEXT_TOO_SPARSE_FOR_NUMERIC_TABLE_DUMP,
KDH,2026-Q1,quarter,financial_statement,https://www.khangdien.com.vn/wp-content/uploads/2026/04/20260429-kdh-bctc-hop-nhat-q12026-giai-trinh-trong-tm-sign.pdf,https://www.khangdien.com.vn/wp-content/uploads/2026/04/20260429-kdh-bctc-hop-nhat-q12026-giai-trinh-trong-tm-sign.pdf,data\raw\official_finance_documents\01ie\kdh_2026_q1_financial_statement_d2fe8d8130ad6e4a.pdf,d2fe8d8130ad6e4acc6dfd1f23352aba2af0411dcdc245ee9c89c7a9088f93d2,40,0,0,0,0,0.0,0,0,0,1.0,REJECTED_PAGE,TEXT_TOO_SPARSE_FOR_NUMERIC_TABLE_DUMP,
KDH,2026-Q1,quarter,financial_statement,https://www.khangdien.com.vn/wp-content/uploads/2026/04/20260429-kdh-bctc-hop-nhat-q12026-giai-trinh-trong-tm-sign.pdf,https://www.khangdien.com.vn/wp-content/uploads/2026/04/20260429-kdh-bctc-hop-nhat-q12026-giai-trinh-trong-tm-sign.pdf,data\raw\official_finance_documents\01ie\kdh_2026_q1_financial_statement_d2fe8d8130ad6e4a.pdf,d2fe8d8130ad6e4acc6dfd1f23352aba2af0411dcdc245ee9c89c7a9088f93d2,41,0,0,0,0,0.0,0,0,0,1.0,REJECTED_PAGE,TEXT_TOO_SPARSE_FOR_NUMERIC_TABLE_DUMP,
KDH,2026-Q1,quarter,financial_statement,https://www.khangdien.com.vn/wp-content/uploads/2026/04/20260429-kdh-bctc-hop-nhat-q12026-giai-trinh-trong-tm-sign.pdf,https://www.khangdien.com.vn/wp-content/uploads/2026/04/20260429-kdh-bctc-hop-nhat-q12026-giai-trinh-trong-tm-sign.pdf,data\raw\official_finance_documents\01ie\kdh_2026_q1_financial_statement_d2fe8d8130ad6e4a.pdf,d2fe8d8130ad6e4acc6dfd1f23352aba2af0411dcdc245ee9c89c7a9088f93d2,42,0,0,0,0,0.0,0,0,0,1.0,REJECTED_PAGE,TEXT_TOO_SPARSE_FOR_NUMERIC_TABLE_DUMP,
KDH,2026-Q1,quarter,financial_statement,https://www.khangdien.com.vn/wp-content/uploads/2026/04/20260429-kdh-bctc-hop-nhat-q12026-giai-trinh-trong-tm-sign.pdf,https://www.khangdien.com.vn/wp-content/uploads/2026/04/20260429-kdh-bctc-hop-nhat-q12026-giai-trinh-trong-tm-sign.pdf,data\raw\official_finance_documents\01ie\kdh_2026_q1_financial_statement_d2fe8d8130ad6e4a.pdf,d2fe8d8130ad6e4acc6dfd1f23352aba2af0411dcdc245ee9c89c7a9088f93d2,43,0,0,0,0,0.0,0,0,0,1.0,REJECTED_PAGE,TEXT_TOO_SPARSE_FOR_NUMERIC_TABLE_DUMP,
NLG,2026-Q1,quarter,financial_statement,https://www.namlongvn.com/uploads/2026/04/20260424-NLG-Bao-cao-tai-chinh-Q1.2026-Hop-nhat-EN.pdf,https://www.namlongvn.com/uploads/2026/04/20260424-NLG-Bao-cao-tai-chinh-Q1.2026-Hop-nhat-EN.pdf/,data\raw\official_finance_documents\01ie\nlg_2026_q1_financial_statement_7502785c759011a5.pdf,7502785c759011a50ed9e34288d2ff4555d15f3cde60c2695fedb35221a08233,1,0,0,0,0,0.0,0,0,0,1.0,REJECTED_PAGE,TEXT_TOO_SPARSE_FOR_NUMERIC_TABLE_DUMP,
NLG,2026-Q1,quarter,financial_statement,https://www.namlongvn.com/uploads/2026/04/20260424-NLG-Bao-cao-tai-chinh-Q1.2026-Hop-nhat-EN.pdf,https://www.namlongvn.com/uploads/2026/04/20260424-NLG-Bao-cao-tai-chinh-Q1.2026-Hop-nhat-EN.pdf/,data\raw\official_finance_documents\01ie\nlg_2026_q1_financial_statement_7502785c759011a5.pdf,7502785c759011a50ed9e34288d2ff4555d15f3cde60c2695fedb35221a08233,2,0,0,0,0,0.0,0,0,0,1.0,REJECTED_PAGE,TEXT_TOO_SPARSE_FOR_NUMERIC_TABLE_DUMP,
NLG,2026-Q1,quarter,financial_statement,https://www.namlongvn.com/uploads/2026/04/20260424-NLG-Bao-cao-tai-chinh-Q1.2026-Hop-nhat-EN.pdf,https://www.namlongvn.com/uploads/2026/04/20260424-NLG-Bao-cao-tai-chinh-Q1.2026-Hop-nhat-EN.pdf/,data\raw\official_finance_documents\01ie\nlg_2026_q1_financial_statement_7502785c759011a5.pdf,7502785c759011a50ed9e34288d2ff4555d15f3cde60c2695fedb35221a08233,3,0,0,0,0,0.0,0,0,0,1.0,REJECTED_PAGE,TEXT_TOO_SPARSE_FOR_NUMERIC_TABLE_DUMP,
NLG,2026-Q1,quarter,financial_statement,https://www.namlongvn.com/uploads/2026/04/20260424-NLG-Bao-cao-tai-chinh-Q1.2026-Hop-nhat-EN.pdf,https://www.namlongvn.com/uploads/2026/04/20260424-NLG-Bao-cao-tai-chinh-Q1.2026-Hop-nhat-EN.pdf/,data\raw\official_finance_documents\01ie\nlg_2026_q1_financial_statement_7502785c759011a5.pdf,7502785c759011a50ed9e34288d2ff4555d15f3cde60c2695fedb35221a08233,4,0,0,0,0,0.0,0,0,0,1.0,REJECTED_PAGE,TEXT_TOO_SPARSE_FOR_NUMERIC_TABLE_DUMP,
NLG,2026-Q1,quarter,financial_statement,https://www.namlongvn.com/uploads/2026/04/20260424-NLG-Bao-cao-tai-chinh-Q1.2026-Hop-nhat-EN.pdf,https://www.namlongvn.com/uploads/2026/04/20260424-NLG-Bao-cao-tai-chinh-Q1.2026-Hop-nhat-EN.pdf/,data\raw\official_finance_documents\01ie\nlg_2026_q1_financial_statement_7502785c759011a5.pdf,7502785c759011a50ed9e34288d2ff4555d15f3cde60c2695fedb35221a08233,5,0,0,0,0,0.0,0,0,0,1.0,REJECTED_PAGE,TEXT_TOO_SPARSE_FOR_NUMERIC_TABLE_DUMP,
NLG,2026-Q1,quarter,financial_statement,https://www.namlongvn.com/uploads/2026/04/20260424-NLG-Bao-cao-tai-chinh-Q1.2026-Hop-nhat-EN.pdf,https://www.namlongvn.com/uploads/2026/04/20260424-NLG-Bao-cao-tai-chinh-Q1.2026-Hop-nhat-EN.pdf/,data\raw\official_finance_documents\01ie\nlg_2026_q1_financial_statement_7502785c759011a5.pdf,7502785c759011a50ed9e34288d2ff4555d15f3cde60c2695fedb35221a08233,6,0,0,0,0,0.0,0,0,0,1.0,REJECTED_PAGE,TEXT_TOO_SPARSE_FOR_NUMERIC_TABLE_DUMP,
NLG,2026-Q1,quarter,financial_statement,https://www.namlongvn.com/uploads/2026/04/20260424-NLG-Bao-cao-tai-chinh-Q1.2026-Hop-nhat-EN.pdf,https://www.namlongvn.com/uploads/2026/04/20260424-NLG-Bao-cao-tai-chinh-Q1.2026-Hop-nhat-EN.pdf/,data\raw\official_finance_documents\01ie\nlg_2026_q1_financial_statement_7502785c759011a5.pdf,7502785c759011a50ed9e34288d2ff4555d15f3cde60c2695fedb35221a08233,7,0,0,0,0,0.0,0,0,0,1.0,REJECTED_PAGE,TEXT_TOO_SPARSE_FOR_NUMERIC_TABLE_DUMP,
NLG,2026-Q1,quarter,financial_statement,https://www.namlongvn.com/uploads/2026/04/20260424-NLG-Bao-cao-tai-chinh-Q1.2026-Hop-nhat-EN.pdf,https://www.namlongvn.com/uploads/2026/04/20260424-NLG-Bao-cao-tai-chinh-Q1.2026-Hop-nhat-EN.pdf/,data\raw\official_finance_documents\01ie\nlg_2026_q1_financial_statement_7502785c759011a5.pdf,7502785c759011a50ed9e34288d2ff4555d15f3cde60c2695fedb35221a08233,8,0,0,0,0,0.0,0,0,0,1.0,REJECTED_PAGE,TEXT_TOO_SPARSE_FOR_NUMERIC_TABLE_DUMP,
NLG,2026-Q1,quarter,financial_statement,https://www.namlongvn.com/uploads/2026/04/20260424-NLG-Bao-cao-tai-chinh-Q1.2026-Hop-nhat-EN.pdf,https://www.namlongvn.com/uploads/2026/04/20260424-NLG-Bao-cao-tai-chinh-Q1.2026-Hop-nhat-EN.pdf/,data\raw\official_finance_documents\01ie\nlg_2026_q1_financial_statement_7502785c759011a5.pdf,7502785c759011a50ed9e34288d2ff4555d15f3cde60c2695fedb35221a08233,9,0,0,0,0,0.0,0,0,0,1.0,REJECTED_PAGE,TEXT_TOO_SPARSE_FOR_NUMERIC_TABLE_DUMP,
NLG,2026-Q1,quarter,financial_statement,https://www.namlongvn.com/uploads/2026/04/20260424-NLG-Bao-cao-tai-chinh-Q1.2026-Hop-nhat-EN.pdf,https://www.namlongvn.com/uploads/2026/04/20260424-NLG-Bao-cao-tai-chinh-Q1.2026-Hop-nhat-EN.pdf/,data\raw\official_finance_documents\01ie\nlg_2026_q1_financial_statement_7502785c759011a5.pdf,7502785c759011a50ed9e34288d2ff4555d15f3cde60c2695fedb35221a08233,10,0,0,0,0,0.0,0,0,0,1.0,REJECTED_PAGE,TEXT_TOO_SPARSE_FOR_NUMERIC_TABLE_DUMP,
NLG,2026-Q1,quarter,financial_statement,https://www.namlongvn.com/uploads/2026/04/20260424-NLG-Bao-cao-tai-chinh-Q1.2026-Hop-nhat-EN.pdf,https://www.namlongvn.com/uploads/2026/04/20260424-NLG-Bao-cao-tai-chinh-Q1.2026-Hop-nhat-EN.pdf/,data\raw\official_finance_documents\01ie\nlg_2026_q1_financial_statement_7502785c759011a5.pdf,7502785c759011a50ed9e34288d2ff4555d15f3cde60c2695fedb35221a08233,11,0,0,0,0,0.0,0,0,0,1.0,REJECTED_PAGE,TEXT_TOO_SPARSE_FOR_NUMERIC_TABLE_DUMP,
NLG,2026-Q1,quarter,financial_statement,https://www.namlongvn.com/uploads/2026/04/20260424-NLG-Bao-cao-tai-chinh-Q1.2026-Hop-nhat-EN.pdf,https://www.namlongvn.com/uploads/2026/04/20260424-NLG-Bao-cao-tai-chinh-Q1.2026-Hop-nhat-EN.pdf/,data\raw\official_finance_documents\01ie\nlg_2026_q1_financial_statement_7502785c759011a5.pdf,7502785c759011a50ed9e34288d2ff4555d15f3cde60c2695fedb35221a08233,12,0,0,0,0,0.0,0,0,0,1.0,REJECTED_PAGE,TEXT_TOO_SPARSE_FOR_NUMERIC_TABLE_DUMP,
NLG,2026-Q1,quarter,financial_statement,https://www.namlongvn.com/uploads/2026/04/20260424-NLG-Bao-cao-tai-chinh-Q1.2026-Hop-nhat-EN.pdf,https://www.namlongvn.com/uploads/2026/04/20260424-NLG-Bao-cao-tai-chinh-Q1.2026-Hop-nhat-EN.pdf/,data\raw\official_finance_documents\01ie\nlg_2026_q1_financial_statement_7502785c759011a5.pdf,7502785c759011a50ed9e34288d2ff4555d15f3cde60c2695fedb35221a08233,13,0,0,0,0,0.0,0,0,0,1.0,REJECTED_PAGE,TEXT_TOO_SPARSE_FOR_NUMERIC_TABLE_DUMP,
NLG,2026-Q1,quarter,financial_statement,https://www.namlongvn.com/uploads/2026/04/20260424-NLG-Bao-cao-tai-chinh-Q1.2026-Hop-nhat-EN.pdf,https://www.namlongvn.com/uploads/2026/04/20260424-NLG-Bao-cao-tai-chinh-Q1.2026-Hop-nhat-EN.pdf/,data\raw\official_finance_documents\01ie\nlg_2026_q1_financial_statement_7502785c759011a5.pdf,7502785c759011a50ed9e34288d2ff4555d15f3cde60c2695fedb35221a08233,14,0,0,0,0,0.0,0,0,0,1.0,REJECTED_PAGE,TEXT_TOO_SPARSE_FOR_NUMERIC_TABLE_DUMP,
NLG,2026-Q1,quarter,financial_statement,https://www.namlongvn.com/uploads/2026/04/20260424-NLG-Bao-cao-tai-chinh-Q1.2026-Hop-nhat-EN.pdf,https://www.namlongvn.com/uploads/2026/04/20260424-NLG-Bao-cao-tai-chinh-Q1.2026-Hop-nhat-EN.pdf/,data\raw\official_finance_documents\01ie\nlg_2026_q1_financial_statement_7502785c759011a5.pdf,7502785c759011a50ed9e34288d2ff4555d15f3cde60c2695fedb35221a08233,15,0,0,0,0,0.0,0,0,0,1.0,REJECTED_PAGE,TEXT_TOO_SPARSE_FOR_NUMERIC_TABLE_DUMP,
NLG,2026-Q1,quarter,financial_statement,https://www.namlongvn.com/uploads/2026/04/20260424-NLG-Bao-cao-tai-chinh-Q1.2026-Hop-nhat-EN.pdf,https://www.namlongvn.com/uploads/2026/04/20260424-NLG-Bao-cao-tai-chinh-Q1.2026-Hop-nhat-EN.pdf/,data\raw\official_finance_documents\01ie\nlg_2026_q1_financial_statement_7502785c759011a5.pdf,7502785c759011a50ed9e34288d2ff4555d15f3cde60c2695fedb35221a08233,16,0,0,0,0,0.0,0,0,0,1.0,REJECTED_PAGE,TEXT_TOO_SPARSE_FOR_NUMERIC_TABLE_DUMP,
NLG,2026-Q1,quarter,financial_statement,https://www.namlongvn.com/uploads/2026/04/20260424-NLG-Bao-cao-tai-chinh-Q1.2026-Hop-nhat-EN.pdf,https://www.namlongvn.com/uploads/2026/04/20260424-NLG-Bao-cao-tai-chinh-Q1.2026-Hop-nhat-EN.pdf/,data\raw\official_finance_documents\01ie\nlg_2026_q1_financial_statement_7502785c759011a5.pdf,7502785c759011a50ed9e34288d2ff4555d15f3cde60c2695fedb35221a08233,17,0,0,0,0,0.0,0,0,0,1.0,REJECTED_PAGE,TEXT_TOO_SPARSE_FOR_NUMERIC_TABLE_DUMP,
NLG,2026-Q1,quarter,financial_statement,https://www.namlongvn.com/uploads/2026/04/20260424-NLG-Bao-cao-tai-chinh-Q1.2026-Hop-nhat-EN.pdf,https://www.namlongvn.com/uploads/2026/04/20260424-NLG-Bao-cao-tai-chinh-Q1.2026-Hop-nhat-EN.pdf/,data\raw\official_finance_documents\01ie\nlg_2026_q1_financial_statement_7502785c759011a5.pdf,7502785c759011a50ed9e34288d2ff4555d15f3cde60c2695fedb35221a08233,18,0,0,0,0,0.0,0,0,0,1.0,REJECTED_PAGE,TEXT_TOO_SPARSE_FOR_NUMERIC_TABLE_DUMP,
NLG,2026-Q1,quarter,financial_statement,https://www.namlongvn.com/uploads/2026/04/20260424-NLG-Bao-cao-tai-chinh-Q1.2026-Hop-nhat-EN.pdf,https://www.namlongvn.com/uploads/2026/04/20260424-NLG-Bao-cao-tai-chinh-Q1.2026-Hop-nhat-EN.pdf/,data\raw\official_finance_documents\01ie\nlg_2026_q1_financial_statement_7502785c759011a5.pdf,7502785c759011a50ed9e34288d2ff4555d15f3cde60c2695fedb35221a08233,19,0,0,0,0,0.0,0,0,0,1.0,REJECTED_PAGE,TEXT_TOO_SPARSE_FOR_NUMERIC_TABLE_DUMP,
NLG,2026-Q1,quarter,financial_statement,https://www.namlongvn.com/uploads/2026/04/20260424-NLG-Bao-cao-tai-chinh-Q1.2026-Hop-nhat-EN.pdf,https://www.namlongvn.com/uploads/2026/04/20260424-NLG-Bao-cao-tai-chinh-Q1.2026-Hop-nhat-EN.pdf/,data\raw\official_finance_documents\01ie\nlg_2026_q1_financial_statement_7502785c759011a5.pdf,7502785c759011a50ed9e34288d2ff4555d15f3cde60c2695fedb35221a08233,20,0,0,0,0,0.0,0,0,0,1.0,REJECTED_PAGE,TEXT_TOO_SPARSE_FOR_NUMERIC_TABLE_DUMP,
NLG,2026-Q1,quarter,financial_statement,https://www.namlongvn.com/uploads/2026/04/20260424-NLG-Bao-cao-tai-chinh-Q1.2026-Hop-nhat-EN.pdf,https://www.namlongvn.com/uploads/2026/04/20260424-NLG-Bao-cao-tai-chinh-Q1.2026-Hop-nhat-EN.pdf/,data\raw\official_finance_documents\01ie\nlg_2026_q1_financial_statement_7502785c759011a5.pdf,7502785c759011a50ed9e34288d2ff4555d15f3cde60c2695fedb35221a08233,21,0,0,0,0,0.0,0,0,0,1.0,REJECTED_PAGE,TEXT_TOO_SPARSE_FOR_NUMERIC_TABLE_DUMP,
NLG,2026-Q1,quarter,financial_statement,https://www.namlongvn.com/uploads/2026/04/20260424-NLG-Bao-cao-tai-chinh-Q1.2026-Hop-nhat-EN.pdf,https://www.namlongvn.com/uploads/2026/04/20260424-NLG-Bao-cao-tai-chinh-Q1.2026-Hop-nhat-EN.pdf/,data\raw\official_finance_documents\01ie\nlg_2026_q1_financial_statement_7502785c759011a5.pdf,7502785c759011a50ed9e34288d2ff4555d15f3cde60c2695fedb35221a08233,22,0,0,0,0,0.0,0,0,0,1.0,REJECTED_PAGE,TEXT_TOO_SPARSE_FOR_NUMERIC_TABLE_DUMP,
NLG,2026-Q1,quarter,financial_statement,https://www.namlongvn.com/uploads/2026/04/20260424-NLG-Bao-cao-tai-chinh-Q1.2026-Hop-nhat-EN.pdf,https://www.namlongvn.com/uploads/2026/04/20260424-NLG-Bao-cao-tai-chinh-Q1.2026-Hop-nhat-EN.pdf/,data\raw\official_finance_documents\01ie\nlg_2026_q1_financial_statement_7502785c759011a5.pdf,7502785c759011a50ed9e34288d2ff4555d15f3cde60c2695fedb35221a08233,23,0,0,0,0,0.0,0,0,0,1.0,REJECTED_PAGE,TEXT_TOO_SPARSE_FOR_NUMERIC_TABLE_DUMP,
NLG,2026-Q1,quarter,financial_statement,https://www.namlongvn.com/uploads/2026/04/20260424-NLG-Bao-cao-tai-chinh-Q1.2026-Hop-nhat-EN.pdf,https://www.namlongvn.com/uploads/2026/04/20260424-NLG-Bao-cao-tai-chinh-Q1.2026-Hop-nhat-EN.pdf/,data\raw\official_finance_documents\01ie\nlg_2026_q1_financial_statement_7502785c759011a5.pdf,7502785c759011a50ed9e34288d2ff4555d15f3cde60c2695fedb35221a08233,24,0,0,0,0,0.0,0,0,0,1.0,REJECTED_PAGE,TEXT_TOO_SPARSE_FOR_NUMERIC_TABLE_DUMP,
NLG,2026-Q1,quarter,financial_statement,https://www.namlongvn.com/uploads/2026/04/20260424-NLG-Bao-cao-tai-chinh-Q1.2026-Hop-nhat-EN.pdf,https://www.namlongvn.com/uploads/2026/04/20260424-NLG-Bao-cao-tai-chinh-Q1.2026-Hop-nhat-EN.pdf/,data\raw\official_finance_documents\01ie\nlg_2026_q1_financial_statement_7502785c759011a5.pdf,7502785c759011a50ed9e34288d2ff4555d15f3cde60c2695fedb35221a08233,25,0,0,0,0,0.0,0,0,0,1.0,REJECTED_PAGE,TEXT_TOO_SPARSE_FOR_NUMERIC_TABLE_DUMP,
NLG,2026-Q1,quarter,financial_statement,https://www.namlongvn.com/uploads/2026/04/20260424-NLG-Bao-cao-tai-chinh-Q1.2026-Hop-nhat-EN.pdf,https://www.namlongvn.com/uploads/2026/04/20260424-NLG-Bao-cao-tai-chinh-Q1.2026-Hop-nhat-EN.pdf/,data\raw\official_finance_documents\01ie\nlg_2026_q1_financial_statement_7502785c759011a5.pdf,7502785c759011a50ed9e34288d2ff4555d15f3cde60c2695fedb35221a08233,26,0,0,0,0,0.0,0,0,0,1.0,REJECTED_PAGE,TEXT_TOO_SPARSE_FOR_NUMERIC_TABLE_DUMP,
NLG,2026-Q1,quarter,financial_statement,https://www.namlongvn.com/uploads/2026/04/20260424-NLG-Bao-cao-tai-chinh-Q1.2026-Hop-nhat-EN.pdf,https://www.namlongvn.com/uploads/2026/04/20260424-NLG-Bao-cao-tai-chinh-Q1.2026-Hop-nhat-EN.pdf/,data\raw\official_finance_documents\01ie\nlg_2026_q1_financial_statement_7502785c759011a5.pdf,7502785c759011a50ed9e34288d2ff4555d15f3cde60c2695fedb35221a08233,27,0,0,0,0,0.0,0,0,0,1.0,REJECTED_PAGE,TEXT_TOO_SPARSE_FOR_NUMERIC_TABLE_DUMP,
NLG,2026-Q1,quarter,financial_statement,https://www.namlongvn.com/uploads/2026/04/20260424-NLG-Bao-cao-tai-chinh-Q1.2026-Hop-nhat-EN.pdf,https://www.namlongvn.com/uploads/2026/04/20260424-NLG-Bao-cao-tai-chinh-Q1.2026-Hop-nhat-EN.pdf/,data\raw\official_finance_documents\01ie\nlg_2026_q1_financial_statement_7502785c759011a5.pdf,7502785c759011a50ed9e34288d2ff4555d15f3cde60c2695fedb35221a08233,28,0,0,0,0,0.0,0,0,0,1.0,REJECTED_PAGE,TEXT_TOO_SPARSE_FOR_NUMERIC_TABLE_DUMP,
NLG,2026-Q1,quarter,financial_statement,https://www.namlongvn.com/uploads/2026/04/20260424-NLG-Bao-cao-tai-chinh-Q1.2026-Hop-nhat-EN.pdf,https://www.namlongvn.com/uploads/2026/04/20260424-NLG-Bao-cao-tai-chinh-Q1.2026-Hop-nhat-EN.pdf/,data\raw\official_finance_documents\01ie\nlg_2026_q1_financial_statement_7502785c759011a5.pdf,7502785c759011a50ed9e34288d2ff4555d15f3cde60c2695fedb35221a08233,29,0,0,0,0,0.0,0,0,0,1.0,REJECTED_PAGE,TEXT_TOO_SPARSE_FOR_NUMERIC_TABLE_DUMP,
NLG,2026-Q1,quarter,financial_statement,https://www.namlongvn.com/uploads/2026/04/20260424-NLG-Bao-cao-tai-chinh-Q1.2026-Hop-nhat-EN.pdf,https://www.namlongvn.com/uploads/2026/04/20260424-NLG-Bao-cao-tai-chinh-Q1.2026-Hop-nhat-EN.pdf/,data\raw\official_finance_documents\01ie\nlg_2026_q1_financial_statement_7502785c759011a5.pdf,7502785c759011a50ed9e34288d2ff4555d15f3cde60c2695fedb35221a08233,30,0,0,0,0,0.0,0,0,0,1.0,REJECTED_PAGE,TEXT_TOO_SPARSE_FOR_NUMERIC_TABLE_DUMP,
NLG,2026-Q1,quarter,financial_statement,https://www.namlongvn.com/uploads/2026/04/20260424-NLG-Bao-cao-tai-chinh-Q1.2026-Hop-nhat-EN.pdf,https://www.namlongvn.com/uploads/2026/04/20260424-NLG-Bao-cao-tai-chinh-Q1.2026-Hop-nhat-EN.pdf/,data\raw\official_finance_documents\01ie\nlg_2026_q1_financial_statement_7502785c759011a5.pdf,7502785c759011a50ed9e34288d2ff4555d15f3cde60c2695fedb35221a08233,31,0,0,0,0,0.0,0,0,0,1.0,REJECTED_PAGE,TEXT_TOO_SPARSE_FOR_NUMERIC_TABLE_DUMP,
NLG,2026-Q1,quarter,financial_statement,https://www.namlongvn.com/uploads/2026/04/20260424-NLG-Bao-cao-tai-chinh-Q1.2026-Hop-nhat-EN.pdf,https://www.namlongvn.com/uploads/2026/04/20260424-NLG-Bao-cao-tai-chinh-Q1.2026-Hop-nhat-EN.pdf/,data\raw\official_finance_documents\01ie\nlg_2026_q1_financial_statement_7502785c759011a5.pdf,7502785c759011a50ed9e34288d2ff4555d15f3cde60c2695fedb35221a08233,32,0,0,0,0,0.0,0,0,0,1.0,REJECTED_PAGE,TEXT_TOO_SPARSE_FOR_NUMERIC_TABLE_DUMP,
NLG,2026-Q1,quarter,financial_statement,https://www.namlongvn.com/uploads/2026/04/20260424-NLG-Bao-cao-tai-chinh-Q1.2026-Hop-nhat-EN.pdf,https://www.namlongvn.com/uploads/2026/04/20260424-NLG-Bao-cao-tai-chinh-Q1.2026-Hop-nhat-EN.pdf/,data\raw\official_finance_documents\01ie\nlg_2026_q1_financial_statement_7502785c759011a5.pdf,7502785c759011a50ed9e34288d2ff4555d15f3cde60c2695fedb35221a08233,33,0,0,0,0,0.0,0,0,0,1.0,REJECTED_PAGE,TEXT_TOO_SPARSE_FOR_NUMERIC_TABLE_DUMP,
NLG,2026-Q1,quarter,financial_statement,https://www.namlongvn.com/uploads/2026/04/20260424-NLG-Bao-cao-tai-chinh-Q1.2026-Hop-nhat-EN.pdf,https://www.namlongvn.com/uploads/2026/04/20260424-NLG-Bao-cao-tai-chinh-Q1.2026-Hop-nhat-EN.pdf/,data\raw\official_finance_documents\01ie\nlg_2026_q1_financial_statement_7502785c759011a5.pdf,7502785c759011a50ed9e34288d2ff4555d15f3cde60c2695fedb35221a08233,34,0,0,0,0,0.0,0,0,0,1.0,REJECTED_PAGE,TEXT_TOO_SPARSE_FOR_NUMERIC_TABLE_DUMP,
NLG,2026-Q1,quarter,financial_statement,https://www.namlongvn.com/uploads/2026/04/20260424-NLG-Bao-cao-tai-chinh-Q1.2026-Hop-nhat-EN.pdf,https://www.namlongvn.com/uploads/2026/04/20260424-NLG-Bao-cao-tai-chinh-Q1.2026-Hop-nhat-EN.pdf/,data\raw\official_finance_documents\01ie\nlg_2026_q1_financial_statement_7502785c759011a5.pdf,7502785c759011a50ed9e34288d2ff4555d15f3cde60c2695fedb35221a08233,35,0,0,0,0,0.0,0,0,0,1.0,REJECTED_PAGE,TEXT_TOO_SPARSE_FOR_NUMERIC_TABLE_DUMP,
NLG,2026-Q1,quarter,financial_statement,https://www.namlongvn.com/uploads/2026/04/20260424-NLG-Bao-cao-tai-chinh-Q1.2026-Hop-nhat-EN.pdf,https://www.namlongvn.com/uploads/2026/04/20260424-NLG-Bao-cao-tai-chinh-Q1.2026-Hop-nhat-EN.pdf/,data\raw\official_finance_documents\01ie\nlg_2026_q1_financial_statement_7502785c759011a5.pdf,7502785c759011a50ed9e34288d2ff4555d15f3cde60c2695fedb35221a08233,36,0,0,0,0,0.0,0,0,0,1.0,REJECTED_PAGE,TEXT_TOO_SPARSE_FOR_NUMERIC_TABLE_DUMP,
NLG,2026-Q1,quarter,financial_statement,https://www.namlongvn.com/uploads/2026/04/20260424-NLG-Bao-cao-tai-chinh-Q1.2026-Hop-nhat-EN.pdf,https://www.namlongvn.com/uploads/2026/04/20260424-NLG-Bao-cao-tai-chinh-Q1.2026-Hop-nhat-EN.pdf/,data\raw\official_finance_documents\01ie\nlg_2026_q1_financial_statement_7502785c759011a5.pdf,7502785c759011a50ed9e34288d2ff4555d15f3cde60c2695fedb35221a08233,37,0,0,0,0,0.0,0,0,0,1.0,REJECTED_PAGE,TEXT_TOO_SPARSE_FOR_NUMERIC_TABLE_DUMP,
NLG,2026-Q1,quarter,financial_statement,https://www.namlongvn.com/uploads/2026/04/20260424-NLG-Bao-cao-tai-chinh-Q1.2026-Hop-nhat-EN.pdf,https://www.namlongvn.com/uploads/2026/04/20260424-NLG-Bao-cao-tai-chinh-Q1.2026-Hop-nhat-EN.pdf/,data\raw\official_finance_documents\01ie\nlg_2026_q1_financial_statement_7502785c759011a5.pdf,7502785c759011a50ed9e34288d2ff4555d15f3cde60c2695fedb35221a08233,38,0,0,0,0,0.0,0,0,0,1.0,REJECTED_PAGE,TEXT_TOO_SPARSE_FOR_NUMERIC_TABLE_DUMP,
NLG,2026-Q1,quarter,financial_statement,https://www.namlongvn.com/uploads/2026/04/20260424-NLG-Bao-cao-tai-chinh-Q1.2026-Hop-nhat-EN.pdf,https://www.namlongvn.com/uploads/2026/04/20260424-NLG-Bao-cao-tai-chinh-Q1.2026-Hop-nhat-EN.pdf/,data\raw\official_finance_documents\01ie\nlg_2026_q1_financial_statement_7502785c759011a5.pdf,7502785c759011a50ed9e34288d2ff4555d15f3cde60c2695fedb35221a08233,39,0,0,0,0,0.0,0,0,0,1.0,REJECTED_PAGE,TEXT_TOO_SPARSE_FOR_NUMERIC_TABLE_DUMP,
NLG,2026-Q1,quarter,financial_statement,https://www.namlongvn.com/uploads/2026/04/20260424-NLG-Bao-cao-tai-chinh-Q1.2026-Hop-nhat-EN.pdf,https://www.namlongvn.com/uploads/2026/04/20260424-NLG-Bao-cao-tai-chinh-Q1.2026-Hop-nhat-EN.pdf/,data\raw\official_finance_documents\01ie\nlg_2026_q1_financial_statement_7502785c759011a5.pdf,7502785c759011a50ed9e34288d2ff4555d15f3cde60c2695fedb35221a08233,40,0,0,0,0,0.0,0,0,0,1.0,REJECTED_PAGE,TEXT_TOO_SPARSE_FOR_NUMERIC_TABLE_DUMP,
NLG,2026-Q1,quarter,financial_statement,https://www.namlongvn.com/uploads/2026/04/20260424-NLG-Bao-cao-tai-chinh-Q1.2026-Hop-nhat-EN.pdf,https://www.namlongvn.com/uploads/2026/04/20260424-NLG-Bao-cao-tai-chinh-Q1.2026-Hop-nhat-EN.pdf/,data\raw\official_finance_documents\01ie\nlg_2026_q1_financial_statement_7502785c759011a5.pdf,7502785c759011a50ed9e34288d2ff4555d15f3cde60c2695fedb35221a08233,41,0,0,0,0,0.0,0,0,0,1.0,REJECTED_PAGE,TEXT_TOO_SPARSE_FOR_NUMERIC_TABLE_DUMP,
NLG,2026-Q1,quarter,financial_statement,https://www.namlongvn.com/uploads/2026/04/20260424-NLG-Bao-cao-tai-chinh-Q1.2026-Hop-nhat-EN.pdf,https://www.namlongvn.com/uploads/2026/04/20260424-NLG-Bao-cao-tai-chinh-Q1.2026-Hop-nhat-EN.pdf/,data\raw\official_finance_documents\01ie\nlg_2026_q1_financial_statement_7502785c759011a5.pdf,7502785c759011a50ed9e34288d2ff4555d15f3cde60c2695fedb35221a08233,42,0,0,0,0,0.0,0,0,0,1.0,REJECTED_PAGE,TEXT_TOO_SPARSE_FOR_NUMERIC_TABLE_DUMP,
NLG,2026-Q1,quarter,financial_statement,https://www.namlongvn.com/uploads/2026/04/20260424-NLG-Bao-cao-tai-chinh-Q1.2026-Hop-nhat-EN.pdf,https://www.namlongvn.com/uploads/2026/04/20260424-NLG-Bao-cao-tai-chinh-Q1.2026-Hop-nhat-EN.pdf/,data\raw\official_finance_documents\01ie\nlg_2026_q1_financial_statement_7502785c759011a5.pdf,7502785c759011a50ed9e34288d2ff4555d15f3cde60c2695fedb35221a08233,43,0,0,0,0,0.0,0,0,0,1.0,REJECTED_PAGE,TEXT_TOO_SPARSE_FOR_NUMERIC_TABLE_DUMP,
NLG,2026-Q1,quarter,financial_statement,https://www.namlongvn.com/uploads/2026/04/20260424-NLG-Bao-cao-tai-chinh-Q1.2026-Hop-nhat-EN.pdf,https://www.namlongvn.com/uploads/2026/04/20260424-NLG-Bao-cao-tai-chinh-Q1.2026-Hop-nhat-EN.pdf/,data\raw\official_finance_documents\01ie\nlg_2026_q1_financial_statement_7502785c759011a5.pdf,7502785c759011a50ed9e34288d2ff4555d15f3cde60c2695fedb35221a08233,44,0,0,0,0,0.0,0,0,0,1.0,REJECTED_PAGE,TEXT_TOO_SPARSE_FOR_NUMERIC_TABLE_DUMP,
NLG,2026-Q1,quarter,financial_statement,https://www.namlongvn.com/uploads/2026/04/20260424-NLG-Bao-cao-tai-chinh-Q1.2026-Hop-nhat-EN.pdf,https://www.namlongvn.com/uploads/2026/04/20260424-NLG-Bao-cao-tai-chinh-Q1.2026-Hop-nhat-EN.pdf/,data\raw\official_finance_documents\01ie\nlg_2026_q1_financial_statement_7502785c759011a5.pdf,7502785c759011a50ed9e34288d2ff4555d15f3cde60c2695fedb35221a08233,45,0,0,0,0,0.0,0,0,0,1.0,REJECTED_PAGE,TEXT_TOO_SPARSE_FOR_NUMERIC_TABLE_DUMP,
NLG,2026-Q1,quarter,financial_statement,https://www.namlongvn.com/uploads/2026/04/20260424-NLG-Bao-cao-tai-chinh-Q1.2026-Hop-nhat-EN.pdf,https://www.namlongvn.com/uploads/2026/04/20260424-NLG-Bao-cao-tai-chinh-Q1.2026-Hop-nhat-EN.pdf/,data\raw\official_finance_documents\01ie\nlg_2026_q1_financial_statement_7502785c759011a5.pdf,7502785c759011a50ed9e34288d2ff4555d15f3cde60c2695fedb35221a08233,46,0,0,0,0,0.0,0,0,0,1.0,REJECTED_PAGE,TEXT_TOO_SPARSE_FOR_NUMERIC_TABLE_DUMP,
NLG,2026-Q1,quarter,financial_statement,https://www.namlongvn.com/uploads/2026/04/20260424-NLG-Bao-cao-tai-chinh-Q1.2026-Hop-nhat-EN.pdf,https://www.namlongvn.com/uploads/2026/04/20260424-NLG-Bao-cao-tai-chinh-Q1.2026-Hop-nhat-EN.pdf/,data\raw\official_finance_documents\01ie\nlg_2026_q1_financial_statement_7502785c759011a5.pdf,7502785c759011a50ed9e34288d2ff4555d15f3cde60c2695fedb35221a08233,47,0,0,0,0,0.0,0,0,0,1.0,REJECTED_PAGE,TEXT_TOO_SPARSE_FOR_NUMERIC_TABLE_DUMP,
NLG,2026-Q1,quarter,financial_statement,https://www.namlongvn.com/uploads/2026/04/20260424-NLG-Bao-cao-tai-chinh-Q1.2026-Hop-nhat-EN.pdf,https://www.namlongvn.com/uploads/2026/04/20260424-NLG-Bao-cao-tai-chinh-Q1.2026-Hop-nhat-EN.pdf/,data\raw\official_finance_documents\01ie\nlg_2026_q1_financial_statement_7502785c759011a5.pdf,7502785c759011a50ed9e34288d2ff4555d15f3cde60c2695fedb35221a08233,48,0,0,0,0,0.0,0,0,0,1.0,REJECTED_PAGE,TEXT_TOO_SPARSE_FOR_NUMERIC_TABLE_DUMP,
SSI,2026-Q1,quarter,financial_statement,https://www.ssi.com.vn/upload/files/IR/20260423_SSI_Bao_cao_tai_chinh_hop_nhat_Quy_1_nam_2026.pdf,https://www.ssi.com.vn/upload/files/IR/20260423_SSI_Bao_cao_tai_chinh_hop_nhat_Quy_1_nam_2026.pdf,data\raw\official_finance_documents\01ie\ssi_2026_q1_financial_statement_be5e66907904207a.pdf,be5e66907904207a2eabf7189b6bd3b94f31712019b20a1d377b12762cb7e462,1,0,0,0,0,0.0,0,0,0,1.0,REJECTED_PAGE,TEXT_TOO_SPARSE_FOR_NUMERIC_TABLE_DUMP,
SSI,2026-Q1,quarter,financial_statement,https://www.ssi.com.vn/upload/files/IR/20260423_SSI_Bao_cao_tai_chinh_hop_nhat_Quy_1_nam_2026.pdf,https://www.ssi.com.vn/upload/files/IR/20260423_SSI_Bao_cao_tai_chinh_hop_nhat_Quy_1_nam_2026.pdf,data\raw\official_finance_documents\01ie\ssi_2026_q1_financial_statement_be5e66907904207a.pdf,be5e66907904207a2eabf7189b6bd3b94f31712019b20a1d377b12762cb7e462,2,0,0,0,0,0.0,0,0,0,1.0,REJECTED_PAGE,TEXT_TOO_SPARSE_FOR_NUMERIC_TABLE_DUMP,
SSI,2026-Q1,quarter,financial_statement,https://www.ssi.com.vn/upload/files/IR/20260423_SSI_Bao_cao_tai_chinh_hop_nhat_Quy_1_nam_2026.pdf,https://www.ssi.com.vn/upload/files/IR/20260423_SSI_Bao_cao_tai_chinh_hop_nhat_Quy_1_nam_2026.pdf,data\raw\official_finance_documents\01ie\ssi_2026_q1_financial_statement_be5e66907904207a.pdf,be5e66907904207a2eabf7189b6bd3b94f31712019b20a1d377b12762cb7e462,3,0,0,0,0,0.0,0,0,0,1.0,REJECTED_PAGE,TEXT_TOO_SPARSE_FOR_NUMERIC_TABLE_DUMP,
SSI,2026-Q1,quarter,financial_statement,https://www.ssi.com.vn/upload/files/IR/20260423_SSI_Bao_cao_tai_chinh_hop_nhat_Quy_1_nam_2026.pdf,https://www.ssi.com.vn/upload/files/IR/20260423_SSI_Bao_cao_tai_chinh_hop_nhat_Quy_1_nam_2026.pdf,data\raw\official_finance_documents\01ie\ssi_2026_q1_financial_statement_be5e66907904207a.pdf,be5e66907904207a2eabf7189b6bd3b94f31712019b20a1d377b12762cb7e462,4,0,0,0,0,0.0,0,0,0,1.0,REJECTED_PAGE,TEXT_TOO_SPARSE_FOR_NUMERIC_TABLE_DUMP,
SSI,2026-Q1,quarter,financial_statement,https://www.ssi.com.vn/upload/files/IR/20260423_SSI_Bao_cao_tai_chinh_hop_nhat_Quy_1_nam_2026.pdf,https://www.ssi.com.vn/upload/files/IR/20260423_SSI_Bao_cao_tai_chinh_hop_nhat_Quy_1_nam_2026.pdf,data\raw\official_finance_documents\01ie\ssi_2026_q1_financial_statement_be5e66907904207a.pdf,be5e66907904207a2eabf7189b6bd3b94f31712019b20a1d377b12762cb7e462,5,0,0,0,0,0.0,0,0,0,1.0,REJECTED_PAGE,TEXT_TOO_SPARSE_FOR_NUMERIC_TABLE_DUMP,
SSI,2026-Q1,quarter,financial_statement,https://www.ssi.com.vn/upload/files/IR/20260423_SSI_Bao_cao_tai_chinh_hop_nhat_Quy_1_nam_2026.pdf,https://www.ssi.com.vn/upload/files/IR/20260423_SSI_Bao_cao_tai_chinh_hop_nhat_Quy_1_nam_2026.pdf,data\raw\official_finance_documents\01ie\ssi_2026_q1_financial_statement_be5e66907904207a.pdf,be5e66907904207a2eabf7189b6bd3b94f31712019b20a1d377b12762cb7e462,6,0,0,0,0,0.0,0,0,0,1.0,REJECTED_PAGE,TEXT_TOO_SPARSE_FOR_NUMERIC_TABLE_DUMP,
SSI,2026-Q1,quarter,financial_statement,https://www.ssi.com.vn/upload/files/IR/20260423_SSI_Bao_cao_tai_chinh_hop_nhat_Quy_1_nam_2026.pdf,https://www.ssi.com.vn/upload/files/IR/20260423_SSI_Bao_cao_tai_chinh_hop_nhat_Quy_1_nam_2026.pdf,data\raw\official_finance_documents\01ie\ssi_2026_q1_financial_statement_be5e66907904207a.pdf,be5e66907904207a2eabf7189b6bd3b94f31712019b20a1d377b12762cb7e462,7,0,0,0,0,0.0,0,0,0,1.0,REJECTED_PAGE,TEXT_TOO_SPARSE_FOR_NUMERIC_TABLE_DUMP,
SSI,2026-Q1,quarter,financial_statement,https://www.ssi.com.vn/upload/files/IR/20260423_SSI_Bao_cao_tai_chinh_hop_nhat_Quy_1_nam_2026.pdf,https://www.ssi.com.vn/upload/files/IR/20260423_SSI_Bao_cao_tai_chinh_hop_nhat_Quy_1_nam_2026.pdf,data\raw\official_finance_documents\01ie\ssi_2026_q1_financial_statement_be5e66907904207a.pdf,be5e66907904207a2eabf7189b6bd3b94f31712019b20a1d377b12762cb7e462,8,0,0,0,0,0.0,0,0,0,1.0,REJECTED_PAGE,TEXT_TOO_SPARSE_FOR_NUMERIC_TABLE_DUMP,
SSI,2026-Q1,quarter,financial_statement,https://www.ssi.com.vn/upload/files/IR/20260423_SSI_Bao_cao_tai_chinh_hop_nhat_Quy_1_nam_2026.pdf,https://www.ssi.com.vn/upload/files/IR/20260423_SSI_Bao_cao_tai_chinh_hop_nhat_Quy_1_nam_2026.pdf,data\raw\official_finance_documents\01ie\ssi_2026_q1_financial_statement_be5e66907904207a.pdf,be5e66907904207a2eabf7189b6bd3b94f31712019b20a1d377b12762cb7e462,9,0,0,0,0,0.0,0,0,0,1.0,REJECTED_PAGE,TEXT_TOO_SPARSE_FOR_NUMERIC_TABLE_DUMP,
SSI,2026-Q1,quarter,financial_statement,https://www.ssi.com.vn/upload/files/IR/20260423_SSI_Bao_cao_tai_chinh_hop_nhat_Quy_1_nam_2026.pdf,https://www.ssi.com.vn/upload/files/IR/20260423_SSI_Bao_cao_tai_chinh_hop_nhat_Quy_1_nam_2026.pdf,data\raw\official_finance_documents\01ie\ssi_2026_q1_financial_statement_be5e66907904207a.pdf,be5e66907904207a2eabf7189b6bd3b94f31712019b20a1d377b12762cb7e462,10,0,0,0,0,0.0,0,0,0,1.0,REJECTED_PAGE,TEXT_TOO_SPARSE_FOR_NUMERIC_TABLE_DUMP,
SSI,2026-Q1,quarter,financial_statement,https://www.ssi.com.vn/upload/files/IR/20260423_SSI_Bao_cao_tai_chinh_hop_nhat_Quy_1_nam_2026.pdf,https://www.ssi.com.vn/upload/files/IR/20260423_SSI_Bao_cao_tai_chinh_hop_nhat_Quy_1_nam_2026.pdf,data\raw\official_finance_documents\01ie\ssi_2026_q1_financial_statement_be5e66907904207a.pdf,be5e66907904207a2eabf7189b6bd3b94f31712019b20a1d377b12762cb7e462,11,0,0,0,0,0.0,0,0,0,1.0,REJECTED_PAGE,TEXT_TOO_SPARSE_FOR_NUMERIC_TABLE_DUMP,
SSI,2026-Q1,quarter,financial_statement,https://www.ssi.com.vn/upload/files/IR/20260423_SSI_Bao_cao_tai_chinh_hop_nhat_Quy_1_nam_2026.pdf,https://www.ssi.com.vn/upload/files/IR/20260423_SSI_Bao_cao_tai_chinh_hop_nhat_Quy_1_nam_2026.pdf,data\raw\official_finance_documents\01ie\ssi_2026_q1_financial_statement_be5e66907904207a.pdf,be5e66907904207a2eabf7189b6bd3b94f31712019b20a1d377b12762cb7e462,12,0,0,0,0,0.0,0,0,0,1.0,REJECTED_PAGE,TEXT_TOO_SPARSE_FOR_NUMERIC_TABLE_DUMP,
SSI,2026-Q1,quarter,financial_statement,https://www.ssi.com.vn/upload/files/IR/20260423_SSI_Bao_cao_tai_chinh_hop_nhat_Quy_1_nam_2026.pdf,https://www.ssi.com.vn/upload/files/IR/20260423_SSI_Bao_cao_tai_chinh_hop_nhat_Quy_1_nam_2026.pdf,data\raw\official_finance_documents\01ie\ssi_2026_q1_financial_statement_be5e66907904207a.pdf,be5e66907904207a2eabf7189b6bd3b94f31712019b20a1d377b12762cb7e462,13,0,0,0,0,0.0,0,0,0,1.0,REJECTED_PAGE,TEXT_TOO_SPARSE_FOR_NUMERIC_TABLE_DUMP,
SSI,2026-Q1,quarter,financial_statement,https://www.ssi.com.vn/upload/files/IR/20260423_SSI_Bao_cao_tai_chinh_hop_nhat_Quy_1_nam_2026.pdf,https://www.ssi.com.vn/upload/files/IR/20260423_SSI_Bao_cao_tai_chinh_hop_nhat_Quy_1_nam_2026.pdf,data\raw\official_finance_documents\01ie\ssi_2026_q1_financial_statement_be5e66907904207a.pdf,be5e66907904207a2eabf7189b6bd3b94f31712019b20a1d377b12762cb7e462,14,0,0,0,0,0.0,0,0,0,1.0,REJECTED_PAGE,TEXT_TOO_SPARSE_FOR_NUMERIC_TABLE_DUMP,
SSI,2026-Q1,quarter,financial_statement,https://www.ssi.com.vn/upload/files/IR/20260423_SSI_Bao_cao_tai_chinh_hop_nhat_Quy_1_nam_2026.pdf,https://www.ssi.com.vn/upload/files/IR/20260423_SSI_Bao_cao_tai_chinh_hop_nhat_Quy_1_nam_2026.pdf,data\raw\official_finance_documents\01ie\ssi_2026_q1_financial_statement_be5e66907904207a.pdf,be5e66907904207a2eabf7189b6bd3b94f31712019b20a1d377b12762cb7e462,15,0,0,0,0,0.0,0,0,0,1.0,REJECTED_PAGE,TEXT_TOO_SPARSE_FOR_NUMERIC_TABLE_DUMP,
SSI,2026-Q1,quarter,financial_statement,https://www.ssi.com.vn/upload/files/IR/20260423_SSI_Bao_cao_tai_chinh_hop_nhat_Quy_1_nam_2026.pdf,https://www.ssi.com.vn/upload/files/IR/20260423_SSI_Bao_cao_tai_chinh_hop_nhat_Quy_1_nam_2026.pdf,data\raw\official_finance_documents\01ie\ssi_2026_q1_financial_statement_be5e66907904207a.pdf,be5e66907904207a2eabf7189b6bd3b94f31712019b20a1d377b12762cb7e462,16,0,0,0,0,0.0,0,0,0,1.0,REJECTED_PAGE,TEXT_TOO_SPARSE_FOR_NUMERIC_TABLE_DUMP,
SSI,2026-Q1,quarter,financial_statement,https://www.ssi.com.vn/upload/files/IR/20260423_SSI_Bao_cao_tai_chinh_hop_nhat_Quy_1_nam_2026.pdf,https://www.ssi.com.vn/upload/files/IR/20260423_SSI_Bao_cao_tai_chinh_hop_nhat_Quy_1_nam_2026.pdf,data\raw\official_finance_documents\01ie\ssi_2026_q1_financial_statement_be5e66907904207a.pdf,be5e66907904207a2eabf7189b6bd3b94f31712019b20a1d377b12762cb7e462,17,0,0,0,0,0.0,0,0,0,1.0,REJECTED_PAGE,TEXT_TOO_SPARSE_FOR_NUMERIC_TABLE_DUMP,
SSI,2026-Q1,quarter,financial_statement,https://www.ssi.com.vn/upload/files/IR/20260423_SSI_Bao_cao_tai_chinh_hop_nhat_Quy_1_nam_2026.pdf,https://www.ssi.com.vn/upload/files/IR/20260423_SSI_Bao_cao_tai_chinh_hop_nhat_Quy_1_nam_2026.pdf,data\raw\official_finance_documents\01ie\ssi_2026_q1_financial_statement_be5e66907904207a.pdf,be5e66907904207a2eabf7189b6bd3b94f31712019b20a1d377b12762cb7e462,18,0,0,0,0,0.0,0,0,0,1.0,REJECTED_PAGE,TEXT_TOO_SPARSE_FOR_NUMERIC_TABLE_DUMP,
SSI,2026-Q1,quarter,financial_statement,https://www.ssi.com.vn/upload/files/IR/20260423_SSI_Bao_cao_tai_chinh_hop_nhat_Quy_1_nam_2026.pdf,https://www.ssi.com.vn/upload/files/IR/20260423_SSI_Bao_cao_tai_chinh_hop_nhat_Quy_1_nam_2026.pdf,data\raw\official_finance_documents\01ie\ssi_2026_q1_financial_statement_be5e66907904207a.pdf,be5e66907904207a2eabf7189b6bd3b94f31712019b20a1d377b12762cb7e462,19,0,0,0,0,0.0,0,0,0,1.0,REJECTED_PAGE,TEXT_TOO_SPARSE_FOR_NUMERIC_TABLE_DUMP,
SSI,2026-Q1,quarter,financial_statement,https://www.ssi.com.vn/upload/files/IR/20260423_SSI_Bao_cao_tai_chinh_hop_nhat_Quy_1_nam_2026.pdf,https://www.ssi.com.vn/upload/files/IR/20260423_SSI_Bao_cao_tai_chinh_hop_nhat_Quy_1_nam_2026.pdf,data\raw\official_finance_documents\01ie\ssi_2026_q1_financial_statement_be5e66907904207a.pdf,be5e66907904207a2eabf7189b6bd3b94f31712019b20a1d377b12762cb7e462,20,0,0,0,0,0.0,0,0,0,1.0,REJECTED_PAGE,TEXT_TOO_SPARSE_FOR_NUMERIC_TABLE_DUMP,
SSI,2026-Q1,quarter,financial_statement,https://www.ssi.com.vn/upload/files/IR/20260423_SSI_Bao_cao_tai_chinh_hop_nhat_Quy_1_nam_2026.pdf,https://www.ssi.com.vn/upload/files/IR/20260423_SSI_Bao_cao_tai_chinh_hop_nhat_Quy_1_nam_2026.pdf,data\raw\official_finance_documents\01ie\ssi_2026_q1_financial_statement_be5e66907904207a.pdf,be5e66907904207a2eabf7189b6bd3b94f31712019b20a1d377b12762cb7e462,21,0,0,0,0,0.0,0,0,0,1.0,REJECTED_PAGE,TEXT_TOO_SPARSE_FOR_NUMERIC_TABLE_DUMP,
SSI,2026-Q1,quarter,financial_statement,https://www.ssi.com.vn/upload/files/IR/20260423_SSI_Bao_cao_tai_chinh_hop_nhat_Quy_1_nam_2026.pdf,https://www.ssi.com.vn/upload/files/IR/20260423_SSI_Bao_cao_tai_chinh_hop_nhat_Quy_1_nam_2026.pdf,data\raw\official_finance_documents\01ie\ssi_2026_q1_financial_statement_be5e66907904207a.pdf,be5e66907904207a2eabf7189b6bd3b94f31712019b20a1d377b12762cb7e462,22,0,0,0,0,0.0,0,0,0,1.0,REJECTED_PAGE,TEXT_TOO_SPARSE_FOR_NUMERIC_TABLE_DUMP,
SSI,2026-Q1,quarter,financial_statement,https://www.ssi.com.vn/upload/files/IR/20260423_SSI_Bao_cao_tai_chinh_hop_nhat_Quy_1_nam_2026.pdf,https://www.ssi.com.vn/upload/files/IR/20260423_SSI_Bao_cao_tai_chinh_hop_nhat_Quy_1_nam_2026.pdf,data\raw\official_finance_documents\01ie\ssi_2026_q1_financial_statement_be5e66907904207a.pdf,be5e66907904207a2eabf7189b6bd3b94f31712019b20a1d377b12762cb7e462,23,0,0,0,0,0.0,0,0,0,1.0,REJECTED_PAGE,TEXT_TOO_SPARSE_FOR_NUMERIC_TABLE_DUMP,
SSI,2026-Q1,quarter,financial_statement,https://www.ssi.com.vn/upload/files/IR/20260423_SSI_Bao_cao_tai_chinh_hop_nhat_Quy_1_nam_2026.pdf,https://www.ssi.com.vn/upload/files/IR/20260423_SSI_Bao_cao_tai_chinh_hop_nhat_Quy_1_nam_2026.pdf,data\raw\official_finance_documents\01ie\ssi_2026_q1_financial_statement_be5e66907904207a.pdf,be5e66907904207a2eabf7189b6bd3b94f31712019b20a1d377b12762cb7e462,24,0,0,0,0,0.0,0,0,0,1.0,REJECTED_PAGE,TEXT_TOO_SPARSE_FOR_NUMERIC_TABLE_DUMP,
SSI,2026-Q1,quarter,financial_statement,https://www.ssi.com.vn/upload/files/IR/20260423_SSI_Bao_cao_tai_chinh_hop_nhat_Quy_1_nam_2026.pdf,https://www.ssi.com.vn/upload/files/IR/20260423_SSI_Bao_cao_tai_chinh_hop_nhat_Quy_1_nam_2026.pdf,data\raw\official_finance_documents\01ie\ssi_2026_q1_financial_statement_be5e66907904207a.pdf,be5e66907904207a2eabf7189b6bd3b94f31712019b20a1d377b12762cb7e462,25,0,0,0,0,0.0,0,0,0,1.0,REJECTED_PAGE,TEXT_TOO_SPARSE_FOR_NUMERIC_TABLE_DUMP,
SSI,2026-Q1,quarter,financial_statement,https://www.ssi.com.vn/upload/files/IR/20260423_SSI_Bao_cao_tai_chinh_hop_nhat_Quy_1_nam_2026.pdf,https://www.ssi.com.vn/upload/files/IR/20260423_SSI_Bao_cao_tai_chinh_hop_nhat_Quy_1_nam_2026.pdf,data\raw\official_finance_documents\01ie\ssi_2026_q1_financial_statement_be5e66907904207a.pdf,be5e66907904207a2eabf7189b6bd3b94f31712019b20a1d377b12762cb7e462,26,0,0,0,0,0.0,0,0,0,1.0,REJECTED_PAGE,TEXT_TOO_SPARSE_FOR_NUMERIC_TABLE_DUMP,
SSI,2026-Q1,quarter,financial_statement,https://www.ssi.com.vn/upload/files/IR/20260423_SSI_Bao_cao_tai_chinh_hop_nhat_Quy_1_nam_2026.pdf,https://www.ssi.com.vn/upload/files/IR/20260423_SSI_Bao_cao_tai_chinh_hop_nhat_Quy_1_nam_2026.pdf,data\raw\official_finance_documents\01ie\ssi_2026_q1_financial_statement_be5e66907904207a.pdf,be5e66907904207a2eabf7189b6bd3b94f31712019b20a1d377b12762cb7e462,27,0,0,0,0,0.0,0,0,0,1.0,REJECTED_PAGE,TEXT_TOO_SPARSE_FOR_NUMERIC_TABLE_DUMP,
SSI,2026-Q1,quarter,financial_statement,https://www.ssi.com.vn/upload/files/IR/20260423_SSI_Bao_cao_tai_chinh_hop_nhat_Quy_1_nam_2026.pdf,https://www.ssi.com.vn/upload/files/IR/20260423_SSI_Bao_cao_tai_chinh_hop_nhat_Quy_1_nam_2026.pdf,data\raw\official_finance_documents\01ie\ssi_2026_q1_financial_statement_be5e66907904207a.pdf,be5e66907904207a2eabf7189b6bd3b94f31712019b20a1d377b12762cb7e462,28,0,0,0,0,0.0,0,0,0,1.0,REJECTED_PAGE,TEXT_TOO_SPARSE_FOR_NUMERIC_TABLE_DUMP,
SSI,2026-Q1,quarter,financial_statement,https://www.ssi.com.vn/upload/files/IR/20260423_SSI_Bao_cao_tai_chinh_hop_nhat_Quy_1_nam_2026.pdf,https://www.ssi.com.vn/upload/files/IR/20260423_SSI_Bao_cao_tai_chinh_hop_nhat_Quy_1_nam_2026.pdf,data\raw\official_finance_documents\01ie\ssi_2026_q1_financial_statement_be5e66907904207a.pdf,be5e66907904207a2eabf7189b6bd3b94f31712019b20a1d377b12762cb7e462,29,0,0,0,0,0.0,0,0,0,1.0,REJECTED_PAGE,TEXT_TOO_SPARSE_FOR_NUMERIC_TABLE_DUMP,
SSI,2026-Q1,quarter,financial_statement,https://www.ssi.com.vn/upload/files/IR/20260423_SSI_Bao_cao_tai_chinh_hop_nhat_Quy_1_nam_2026.pdf,https://www.ssi.com.vn/upload/files/IR/20260423_SSI_Bao_cao_tai_chinh_hop_nhat_Quy_1_nam_2026.pdf,data\raw\official_finance_documents\01ie\ssi_2026_q1_financial_statement_be5e66907904207a.pdf,be5e66907904207a2eabf7189b6bd3b94f31712019b20a1d377b12762cb7e462,30,0,0,0,0,0.0,0,0,0,1.0,REJECTED_PAGE,TEXT_TOO_SPARSE_FOR_NUMERIC_TABLE_DUMP,
SSI,2026-Q1,quarter,financial_statement,https://www.ssi.com.vn/upload/files/IR/20260423_SSI_Bao_cao_tai_chinh_hop_nhat_Quy_1_nam_2026.pdf,https://www.ssi.com.vn/upload/files/IR/20260423_SSI_Bao_cao_tai_chinh_hop_nhat_Quy_1_nam_2026.pdf,data\raw\official_finance_documents\01ie\ssi_2026_q1_financial_statement_be5e66907904207a.pdf,be5e66907904207a2eabf7189b6bd3b94f31712019b20a1d377b12762cb7e462,31,0,0,0,0,0.0,0,0,0,1.0,REJECTED_PAGE,TEXT_TOO_SPARSE_FOR_NUMERIC_TABLE_DUMP,
SSI,2026-Q1,quarter,financial_statement,https://www.ssi.com.vn/upload/files/IR/20260423_SSI_Bao_cao_tai_chinh_hop_nhat_Quy_1_nam_2026.pdf,https://www.ssi.com.vn/upload/files/IR/20260423_SSI_Bao_cao_tai_chinh_hop_nhat_Quy_1_nam_2026.pdf,data\raw\official_finance_documents\01ie\ssi_2026_q1_financial_statement_be5e66907904207a.pdf,be5e66907904207a2eabf7189b6bd3b94f31712019b20a1d377b12762cb7e462,32,0,0,0,0,0.0,0,0,0,1.0,REJECTED_PAGE,TEXT_TOO_SPARSE_FOR_NUMERIC_TABLE_DUMP,
SSI,2026-Q1,quarter,financial_statement,https://www.ssi.com.vn/upload/files/IR/20260423_SSI_Bao_cao_tai_chinh_hop_nhat_Quy_1_nam_2026.pdf,https://www.ssi.com.vn/upload/files/IR/20260423_SSI_Bao_cao_tai_chinh_hop_nhat_Quy_1_nam_2026.pdf,data\raw\official_finance_documents\01ie\ssi_2026_q1_financial_statement_be5e66907904207a.pdf,be5e66907904207a2eabf7189b6bd3b94f31712019b20a1d377b12762cb7e462,33,0,0,0,0,0.0,0,0,0,1.0,REJECTED_PAGE,TEXT_TOO_SPARSE_FOR_NUMERIC_TABLE_DUMP,
SSI,2026-Q1,quarter,financial_statement,https://www.ssi.com.vn/upload/files/IR/20260423_SSI_Bao_cao_tai_chinh_hop_nhat_Quy_1_nam_2026.pdf,https://www.ssi.com.vn/upload/files/IR/20260423_SSI_Bao_cao_tai_chinh_hop_nhat_Quy_1_nam_2026.pdf,data\raw\official_finance_documents\01ie\ssi_2026_q1_financial_statement_be5e66907904207a.pdf,be5e66907904207a2eabf7189b6bd3b94f31712019b20a1d377b12762cb7e462,34,0,0,0,0,0.0,0,0,0,1.0,REJECTED_PAGE,TEXT_TOO_SPARSE_FOR_NUMERIC_TABLE_DUMP,
SSI,2026-Q1,quarter,financial_statement,https://www.ssi.com.vn/upload/files/IR/20260423_SSI_Bao_cao_tai_chinh_hop_nhat_Quy_1_nam_2026.pdf,https://www.ssi.com.vn/upload/files/IR/20260423_SSI_Bao_cao_tai_chinh_hop_nhat_Quy_1_nam_2026.pdf,data\raw\official_finance_documents\01ie\ssi_2026_q1_financial_statement_be5e66907904207a.pdf,be5e66907904207a2eabf7189b6bd3b94f31712019b20a1d377b12762cb7e462,35,0,0,0,0,0.0,0,0,0,1.0,REJECTED_PAGE,TEXT_TOO_SPARSE_FOR_NUMERIC_TABLE_DUMP,
SSI,2026-Q1,quarter,financial_statement,https://www.ssi.com.vn/upload/files/IR/20260423_SSI_Bao_cao_tai_chinh_hop_nhat_Quy_1_nam_2026.pdf,https://www.ssi.com.vn/upload/files/IR/20260423_SSI_Bao_cao_tai_chinh_hop_nhat_Quy_1_nam_2026.pdf,data\raw\official_finance_documents\01ie\ssi_2026_q1_financial_statement_be5e66907904207a.pdf,be5e66907904207a2eabf7189b6bd3b94f31712019b20a1d377b12762cb7e462,36,0,0,0,0,0.0,0,0,0,1.0,REJECTED_PAGE,TEXT_TOO_SPARSE_FOR_NUMERIC_TABLE_DUMP,
SSI,2026-Q1,quarter,financial_statement,https://www.ssi.com.vn/upload/files/IR/20260423_SSI_Bao_cao_tai_chinh_hop_nhat_Quy_1_nam_2026.pdf,https://www.ssi.com.vn/upload/files/IR/20260423_SSI_Bao_cao_tai_chinh_hop_nhat_Quy_1_nam_2026.pdf,data\raw\official_finance_documents\01ie\ssi_2026_q1_financial_statement_be5e66907904207a.pdf,be5e66907904207a2eabf7189b6bd3b94f31712019b20a1d377b12762cb7e462,37,0,0,0,0,0.0,0,0,0,1.0,REJECTED_PAGE,TEXT_TOO_SPARSE_FOR_NUMERIC_TABLE_DUMP,
SSI,2026-Q1,quarter,financial_statement,https://www.ssi.com.vn/upload/files/IR/20260423_SSI_Bao_cao_tai_chinh_hop_nhat_Quy_1_nam_2026.pdf,https://www.ssi.com.vn/upload/files/IR/20260423_SSI_Bao_cao_tai_chinh_hop_nhat_Quy_1_nam_2026.pdf,data\raw\official_finance_documents\01ie\ssi_2026_q1_financial_statement_be5e66907904207a.pdf,be5e66907904207a2eabf7189b6bd3b94f31712019b20a1d377b12762cb7e462,38,0,0,0,0,0.0,0,0,0,1.0,REJECTED_PAGE,TEXT_TOO_SPARSE_FOR_NUMERIC_TABLE_DUMP,
SSI,2026-Q1,quarter,financial_statement,https://www.ssi.com.vn/upload/files/IR/20260423_SSI_Bao_cao_tai_chinh_hop_nhat_Quy_1_nam_2026.pdf,https://www.ssi.com.vn/upload/files/IR/20260423_SSI_Bao_cao_tai_chinh_hop_nhat_Quy_1_nam_2026.pdf,data\raw\official_finance_documents\01ie\ssi_2026_q1_financial_statement_be5e66907904207a.pdf,be5e66907904207a2eabf7189b6bd3b94f31712019b20a1d377b12762cb7e462,39,0,0,0,0,0.0,0,0,0,1.0,REJECTED_PAGE,TEXT_TOO_SPARSE_FOR_NUMERIC_TABLE_DUMP,
SSI,2026-Q1,quarter,financial_statement,https://www.ssi.com.vn/upload/files/IR/20260423_SSI_Bao_cao_tai_chinh_hop_nhat_Quy_1_nam_2026.pdf,https://www.ssi.com.vn/upload/files/IR/20260423_SSI_Bao_cao_tai_chinh_hop_nhat_Quy_1_nam_2026.pdf,data\raw\official_finance_documents\01ie\ssi_2026_q1_financial_statement_be5e66907904207a.pdf,be5e66907904207a2eabf7189b6bd3b94f31712019b20a1d377b12762cb7e462,40,0,0,0,0,0.0,0,0,0,1.0,REJECTED_PAGE,TEXT_TOO_SPARSE_FOR_NUMERIC_TABLE_DUMP,
SSI,2026-Q1,quarter,financial_statement,https://www.ssi.com.vn/upload/files/IR/20260423_SSI_Bao_cao_tai_chinh_hop_nhat_Quy_1_nam_2026.pdf,https://www.ssi.com.vn/upload/files/IR/20260423_SSI_Bao_cao_tai_chinh_hop_nhat_Quy_1_nam_2026.pdf,data\raw\official_finance_documents\01ie\ssi_2026_q1_financial_statement_be5e66907904207a.pdf,be5e66907904207a2eabf7189b6bd3b94f31712019b20a1d377b12762cb7e462,41,0,0,0,0,0.0,0,0,0,1.0,REJECTED_PAGE,TEXT_TOO_SPARSE_FOR_NUMERIC_TABLE_DUMP,
SSI,2026-Q1,quarter,financial_statement,https://www.ssi.com.vn/upload/files/IR/20260423_SSI_Bao_cao_tai_chinh_hop_nhat_Quy_1_nam_2026.pdf,https://www.ssi.com.vn/upload/files/IR/20260423_SSI_Bao_cao_tai_chinh_hop_nhat_Quy_1_nam_2026.pdf,data\raw\official_finance_documents\01ie\ssi_2026_q1_financial_statement_be5e66907904207a.pdf,be5e66907904207a2eabf7189b6bd3b94f31712019b20a1d377b12762cb7e462,42,0,0,0,0,0.0,0,0,0,1.0,REJECTED_PAGE,TEXT_TOO_SPARSE_FOR_NUMERIC_TABLE_DUMP,
SSI,2026-Q1,quarter,financial_statement,https://www.ssi.com.vn/upload/files/IR/20260423_SSI_Bao_cao_tai_chinh_hop_nhat_Quy_1_nam_2026.pdf,https://www.ssi.com.vn/upload/files/IR/20260423_SSI_Bao_cao_tai_chinh_hop_nhat_Quy_1_nam_2026.pdf,data\raw\official_finance_documents\01ie\ssi_2026_q1_financial_statement_be5e66907904207a.pdf,be5e66907904207a2eabf7189b6bd3b94f31712019b20a1d377b12762cb7e462,43,0,0,0,0,0.0,0,0,0,1.0,REJECTED_PAGE,TEXT_TOO_SPARSE_FOR_NUMERIC_TABLE_DUMP,
SSI,2026-Q1,quarter,financial_statement,https://www.ssi.com.vn/upload/files/IR/20260423_SSI_Bao_cao_tai_chinh_hop_nhat_Quy_1_nam_2026.pdf,https://www.ssi.com.vn/upload/files/IR/20260423_SSI_Bao_cao_tai_chinh_hop_nhat_Quy_1_nam_2026.pdf,data\raw\official_finance_documents\01ie\ssi_2026_q1_financial_statement_be5e66907904207a.pdf,be5e66907904207a2eabf7189b6bd3b94f31712019b20a1d377b12762cb7e462,44,0,0,0,0,0.0,0,0,0,1.0,REJECTED_PAGE,TEXT_TOO_SPARSE_FOR_NUMERIC_TABLE_DUMP,
SSI,2026-Q1,quarter,financial_statement,https://www.ssi.com.vn/upload/files/IR/20260423_SSI_Bao_cao_tai_chinh_hop_nhat_Quy_1_nam_2026.pdf,https://www.ssi.com.vn/upload/files/IR/20260423_SSI_Bao_cao_tai_chinh_hop_nhat_Quy_1_nam_2026.pdf,data\raw\official_finance_documents\01ie\ssi_2026_q1_financial_statement_be5e66907904207a.pdf,be5e66907904207a2eabf7189b6bd3b94f31712019b20a1d377b12762cb7e462,45,0,0,0,0,0.0,0,0,0,1.0,REJECTED_PAGE,TEXT_TOO_SPARSE_FOR_NUMERIC_TABLE_DUMP,
SSI,2026-Q1,quarter,financial_statement,https://www.ssi.com.vn/upload/files/IR/20260423_SSI_Bao_cao_tai_chinh_hop_nhat_Quy_1_nam_2026.pdf,https://www.ssi.com.vn/upload/files/IR/20260423_SSI_Bao_cao_tai_chinh_hop_nhat_Quy_1_nam_2026.pdf,data\raw\official_finance_documents\01ie\ssi_2026_q1_financial_statement_be5e66907904207a.pdf,be5e66907904207a2eabf7189b6bd3b94f31712019b20a1d377b12762cb7e462,46,0,0,0,0,0.0,0,0,0,1.0,REJECTED_PAGE,TEXT_TOO_SPARSE_FOR_NUMERIC_TABLE_DUMP,
SSI,2026-Q1,quarter,financial_statement,https://www.ssi.com.vn/upload/files/IR/20260423_SSI_Bao_cao_tai_chinh_hop_nhat_Quy_1_nam_2026.pdf,https://www.ssi.com.vn/upload/files/IR/20260423_SSI_Bao_cao_tai_chinh_hop_nhat_Quy_1_nam_2026.pdf,data\raw\official_finance_documents\01ie\ssi_2026_q1_financial_statement_be5e66907904207a.pdf,be5e66907904207a2eabf7189b6bd3b94f31712019b20a1d377b12762cb7e462,47,0,0,0,0,0.0,0,0,0,1.0,REJECTED_PAGE,TEXT_TOO_SPARSE_FOR_NUMERIC_TABLE_DUMP,
SSI,2026-Q1,quarter,financial_statement,https://www.ssi.com.vn/upload/files/IR/20260423_SSI_Bao_cao_tai_chinh_hop_nhat_Quy_1_nam_2026.pdf,https://www.ssi.com.vn/upload/files/IR/20260423_SSI_Bao_cao_tai_chinh_hop_nhat_Quy_1_nam_2026.pdf,data\raw\official_finance_documents\01ie\ssi_2026_q1_financial_statement_be5e66907904207a.pdf,be5e66907904207a2eabf7189b6bd3b94f31712019b20a1d377b12762cb7e462,48,0,0,0,0,0.0,0,0,0,1.0,REJECTED_PAGE,TEXT_TOO_SPARSE_FOR_NUMERIC_TABLE_DUMP,
SSI,2026-Q1,quarter,financial_statement,https://www.ssi.com.vn/upload/files/IR/20260423_SSI_Bao_cao_tai_chinh_hop_nhat_Quy_1_nam_2026.pdf,https://www.ssi.com.vn/upload/files/IR/20260423_SSI_Bao_cao_tai_chinh_hop_nhat_Quy_1_nam_2026.pdf,data\raw\official_finance_documents\01ie\ssi_2026_q1_financial_statement_be5e66907904207a.pdf,be5e66907904207a2eabf7189b6bd3b94f31712019b20a1d377b12762cb7e462,49,0,0,0,0,0.0,0,0,0,1.0,REJECTED_PAGE,TEXT_TOO_SPARSE_FOR_NUMERIC_TABLE_DUMP,
SSI,2026-Q1,quarter,financial_statement,https://www.ssi.com.vn/upload/files/IR/20260423_SSI_Bao_cao_tai_chinh_hop_nhat_Quy_1_nam_2026.pdf,https://www.ssi.com.vn/upload/files/IR/20260423_SSI_Bao_cao_tai_chinh_hop_nhat_Quy_1_nam_2026.pdf,data\raw\official_finance_documents\01ie\ssi_2026_q1_financial_statement_be5e66907904207a.pdf,be5e66907904207a2eabf7189b6bd3b94f31712019b20a1d377b12762cb7e462,50,0,0,0,0,0.0,0,0,0,1.0,REJECTED_PAGE,TEXT_TOO_SPARSE_FOR_NUMERIC_TABLE_DUMP,
SSI,2026-Q1,quarter,financial_statement,https://www.ssi.com.vn/upload/files/IR/20260423_SSI_Bao_cao_tai_chinh_hop_nhat_Quy_1_nam_2026.pdf,https://www.ssi.com.vn/upload/files/IR/20260423_SSI_Bao_cao_tai_chinh_hop_nhat_Quy_1_nam_2026.pdf,data\raw\official_finance_documents\01ie\ssi_2026_q1_financial_statement_be5e66907904207a.pdf,be5e66907904207a2eabf7189b6bd3b94f31712019b20a1d377b12762cb7e462,51,0,0,0,0,0.0,0,0,0,1.0,REJECTED_PAGE,TEXT_TOO_SPARSE_FOR_NUMERIC_TABLE_DUMP,
SSI,2026-Q1,quarter,financial_statement,https://www.ssi.com.vn/upload/files/IR/20260423_SSI_Bao_cao_tai_chinh_hop_nhat_Quy_1_nam_2026.pdf,https://www.ssi.com.vn/upload/files/IR/20260423_SSI_Bao_cao_tai_chinh_hop_nhat_Quy_1_nam_2026.pdf,data\raw\official_finance_documents\01ie\ssi_2026_q1_financial_statement_be5e66907904207a.pdf,be5e66907904207a2eabf7189b6bd3b94f31712019b20a1d377b12762cb7e462,52,0,0,0,0,0.0,0,0,0,1.0,REJECTED_PAGE,TEXT_TOO_SPARSE_FOR_NUMERIC_TABLE_DUMP,
SSI,2026-Q1,quarter,financial_statement,https://www.ssi.com.vn/upload/files/IR/20260423_SSI_Bao_cao_tai_chinh_hop_nhat_Quy_1_nam_2026.pdf,https://www.ssi.com.vn/upload/files/IR/20260423_SSI_Bao_cao_tai_chinh_hop_nhat_Quy_1_nam_2026.pdf,data\raw\official_finance_documents\01ie\ssi_2026_q1_financial_statement_be5e66907904207a.pdf,be5e66907904207a2eabf7189b6bd3b94f31712019b20a1d377b12762cb7e462,53,0,0,0,0,0.0,0,0,0,1.0,REJECTED_PAGE,TEXT_TOO_SPARSE_FOR_NUMERIC_TABLE_DUMP,
SSI,2026-Q1,quarter,financial_statement,https://www.ssi.com.vn/upload/files/IR/20260423_SSI_Bao_cao_tai_chinh_hop_nhat_Quy_1_nam_2026.pdf,https://www.ssi.com.vn/upload/files/IR/20260423_SSI_Bao_cao_tai_chinh_hop_nhat_Quy_1_nam_2026.pdf,data\raw\official_finance_documents\01ie\ssi_2026_q1_financial_statement_be5e66907904207a.pdf,be5e66907904207a2eabf7189b6bd3b94f31712019b20a1d377b12762cb7e462,54,0,0,0,0,0.0,0,0,0,1.0,REJECTED_PAGE,TEXT_TOO_SPARSE_FOR_NUMERIC_TABLE_DUMP,
SSI,2026-Q1,quarter,financial_statement,https://www.ssi.com.vn/upload/files/IR/20260423_SSI_Bao_cao_tai_chinh_hop_nhat_Quy_1_nam_2026.pdf,https://www.ssi.com.vn/upload/files/IR/20260423_SSI_Bao_cao_tai_chinh_hop_nhat_Quy_1_nam_2026.pdf,data\raw\official_finance_documents\01ie\ssi_2026_q1_financial_statement_be5e66907904207a.pdf,be5e66907904207a2eabf7189b6bd3b94f31712019b20a1d377b12762cb7e462,55,0,0,0,0,0.0,0,0,0,1.0,REJECTED_PAGE,TEXT_TOO_SPARSE_FOR_NUMERIC_TABLE_DUMP,
SSI,2026-Q1,quarter,financial_statement,https://www.ssi.com.vn/upload/files/IR/20260423_SSI_Bao_cao_tai_chinh_hop_nhat_Quy_1_nam_2026.pdf,https://www.ssi.com.vn/upload/files/IR/20260423_SSI_Bao_cao_tai_chinh_hop_nhat_Quy_1_nam_2026.pdf,data\raw\official_finance_documents\01ie\ssi_2026_q1_financial_statement_be5e66907904207a.pdf,be5e66907904207a2eabf7189b6bd3b94f31712019b20a1d377b12762cb7e462,56,0,0,0,0,0.0,0,0,0,1.0,REJECTED_PAGE,TEXT_TOO_SPARSE_FOR_NUMERIC_TABLE_DUMP,
SSI,2026-Q1,quarter,financial_statement,https://www.ssi.com.vn/upload/files/IR/20260423_SSI_Bao_cao_tai_chinh_hop_nhat_Quy_1_nam_2026.pdf,https://www.ssi.com.vn/upload/files/IR/20260423_SSI_Bao_cao_tai_chinh_hop_nhat_Quy_1_nam_2026.pdf,data\raw\official_finance_documents\01ie\ssi_2026_q1_financial_statement_be5e66907904207a.pdf,be5e66907904207a2eabf7189b6bd3b94f31712019b20a1d377b12762cb7e462,57,0,0,0,0,0.0,0,0,0,1.0,REJECTED_PAGE,TEXT_TOO_SPARSE_FOR_NUMERIC_TABLE_DUMP,
SSI,2026-Q1,quarter,financial_statement,https://www.ssi.com.vn/upload/files/IR/20260423_SSI_Bao_cao_tai_chinh_hop_nhat_Quy_1_nam_2026.pdf,https://www.ssi.com.vn/upload/files/IR/20260423_SSI_Bao_cao_tai_chinh_hop_nhat_Quy_1_nam_2026.pdf,data\raw\official_finance_documents\01ie\ssi_2026_q1_financial_statement_be5e66907904207a.pdf,be5e66907904207a2eabf7189b6bd3b94f31712019b20a1d377b12762cb7e462,58,0,0,0,0,0.0,0,0,0,1.0,REJECTED_PAGE,TEXT_TOO_SPARSE_FOR_NUMERIC_TABLE_DUMP,
SSI,2026-Q1,quarter,financial_statement,https://www.ssi.com.vn/upload/files/IR/20260423_SSI_Bao_cao_tai_chinh_hop_nhat_Quy_1_nam_2026.pdf,https://www.ssi.com.vn/upload/files/IR/20260423_SSI_Bao_cao_tai_chinh_hop_nhat_Quy_1_nam_2026.pdf,data\raw\official_finance_documents\01ie\ssi_2026_q1_financial_statement_be5e66907904207a.pdf,be5e66907904207a2eabf7189b6bd3b94f31712019b20a1d377b12762cb7e462,59,0,0,0,0,0.0,0,0,0,1.0,REJECTED_PAGE,TEXT_TOO_SPARSE_FOR_NUMERIC_TABLE_DUMP,
SSI,2026-Q1,quarter,financial_statement,https://www.ssi.com.vn/upload/files/IR/20260423_SSI_Bao_cao_tai_chinh_hop_nhat_Quy_1_nam_2026.pdf,https://www.ssi.com.vn/upload/files/IR/20260423_SSI_Bao_cao_tai_chinh_hop_nhat_Quy_1_nam_2026.pdf,data\raw\official_finance_documents\01ie\ssi_2026_q1_financial_statement_be5e66907904207a.pdf,be5e66907904207a2eabf7189b6bd3b94f31712019b20a1d377b12762cb7e462,60,0,0,0,0,0.0,0,0,0,1.0,REJECTED_PAGE,TEXT_TOO_SPARSE_FOR_NUMERIC_TABLE_DUMP,
SSI,2026-Q1,quarter,financial_statement,https://www.ssi.com.vn/upload/files/IR/20260423_SSI_Bao_cao_tai_chinh_hop_nhat_Quy_1_nam_2026.pdf,https://www.ssi.com.vn/upload/files/IR/20260423_SSI_Bao_cao_tai_chinh_hop_nhat_Quy_1_nam_2026.pdf,data\raw\official_finance_documents\01ie\ssi_2026_q1_financial_statement_be5e66907904207a.pdf,be5e66907904207a2eabf7189b6bd3b94f31712019b20a1d377b12762cb7e462,61,0,0,0,0,0.0,0,0,0,1.0,REJECTED_PAGE,TEXT_TOO_SPARSE_FOR_NUMERIC_TABLE_DUMP,
SSI,2026-Q1,quarter,financial_statement,https://www.ssi.com.vn/upload/files/IR/20260423_SSI_Bao_cao_tai_chinh_hop_nhat_Quy_1_nam_2026.pdf,https://www.ssi.com.vn/upload/files/IR/20260423_SSI_Bao_cao_tai_chinh_hop_nhat_Quy_1_nam_2026.pdf,data\raw\official_finance_documents\01ie\ssi_2026_q1_financial_statement_be5e66907904207a.pdf,be5e66907904207a2eabf7189b6bd3b94f31712019b20a1d377b12762cb7e462,62,0,0,0,0,0.0,0,0,0,1.0,REJECTED_PAGE,TEXT_TOO_SPARSE_FOR_NUMERIC_TABLE_DUMP,
SSI,2026-Q1,quarter,financial_statement,https://www.ssi.com.vn/upload/files/IR/20260423_SSI_Bao_cao_tai_chinh_hop_nhat_Quy_1_nam_2026.pdf,https://www.ssi.com.vn/upload/files/IR/20260423_SSI_Bao_cao_tai_chinh_hop_nhat_Quy_1_nam_2026.pdf,data\raw\official_finance_documents\01ie\ssi_2026_q1_financial_statement_be5e66907904207a.pdf,be5e66907904207a2eabf7189b6bd3b94f31712019b20a1d377b12762cb7e462,63,0,0,0,0,0.0,0,0,0,1.0,REJECTED_PAGE,TEXT_TOO_SPARSE_FOR_NUMERIC_TABLE_DUMP,
SSI,2026-Q1,quarter,financial_statement,https://www.ssi.com.vn/upload/files/IR/20260423_SSI_Bao_cao_tai_chinh_hop_nhat_Quy_1_nam_2026.pdf,https://www.ssi.com.vn/upload/files/IR/20260423_SSI_Bao_cao_tai_chinh_hop_nhat_Quy_1_nam_2026.pdf,data\raw\official_finance_documents\01ie\ssi_2026_q1_financial_statement_be5e66907904207a.pdf,be5e66907904207a2eabf7189b6bd3b94f31712019b20a1d377b12762cb7e462,64,0,0,0,0,0.0,0,0,0,1.0,REJECTED_PAGE,TEXT_TOO_SPARSE_FOR_NUMERIC_TABLE_DUMP,
SSI,2026-Q1,quarter,financial_statement,https://www.ssi.com.vn/upload/files/IR/20260423_SSI_Bao_cao_tai_chinh_hop_nhat_Quy_1_nam_2026.pdf,https://www.ssi.com.vn/upload/files/IR/20260423_SSI_Bao_cao_tai_chinh_hop_nhat_Quy_1_nam_2026.pdf,data\raw\official_finance_documents\01ie\ssi_2026_q1_financial_statement_be5e66907904207a.pdf,be5e66907904207a2eabf7189b6bd3b94f31712019b20a1d377b12762cb7e462,65,0,0,0,0,0.0,0,0,0,1.0,REJECTED_PAGE,TEXT_TOO_SPARSE_FOR_NUMERIC_TABLE_DUMP,
SSI,2026-Q1,quarter,financial_statement,https://www.ssi.com.vn/upload/files/IR/20260423_SSI_Bao_cao_tai_chinh_hop_nhat_Quy_1_nam_2026.pdf,https://www.ssi.com.vn/upload/files/IR/20260423_SSI_Bao_cao_tai_chinh_hop_nhat_Quy_1_nam_2026.pdf,data\raw\official_finance_documents\01ie\ssi_2026_q1_financial_statement_be5e66907904207a.pdf,be5e66907904207a2eabf7189b6bd3b94f31712019b20a1d377b12762cb7e462,66,0,0,0,0,0.0,0,0,0,1.0,REJECTED_PAGE,TEXT_TOO_SPARSE_FOR_NUMERIC_TABLE_DUMP,
SSI,2026-Q1,quarter,financial_statement,https://www.ssi.com.vn/upload/files/IR/20260423_SSI_Bao_cao_tai_chinh_hop_nhat_Quy_1_nam_2026.pdf,https://www.ssi.com.vn/upload/files/IR/20260423_SSI_Bao_cao_tai_chinh_hop_nhat_Quy_1_nam_2026.pdf,data\raw\official_finance_documents\01ie\ssi_2026_q1_financial_statement_be5e66907904207a.pdf,be5e66907904207a2eabf7189b6bd3b94f31712019b20a1d377b12762cb7e462,67,0,0,0,0,0.0,0,0,0,1.0,REJECTED_PAGE,TEXT_TOO_SPARSE_FOR_NUMERIC_TABLE_DUMP,
SSI,2026-Q1,quarter,financial_statement,https://www.ssi.com.vn/upload/files/IR/20260423_SSI_Bao_cao_tai_chinh_hop_nhat_Quy_1_nam_2026.pdf,https://www.ssi.com.vn/upload/files/IR/20260423_SSI_Bao_cao_tai_chinh_hop_nhat_Quy_1_nam_2026.pdf,data\raw\official_finance_documents\01ie\ssi_2026_q1_financial_statement_be5e66907904207a.pdf,be5e66907904207a2eabf7189b6bd3b94f31712019b20a1d377b12762cb7e462,68,0,0,0,0,0.0,0,0,0,1.0,REJECTED_PAGE,TEXT_TOO_SPARSE_FOR_NUMERIC_TABLE_DUMP,
SSI,2026-Q1,quarter,financial_statement,https://www.ssi.com.vn/upload/files/IR/20260423_SSI_Bao_cao_tai_chinh_hop_nhat_Quy_1_nam_2026.pdf,https://www.ssi.com.vn/upload/files/IR/20260423_SSI_Bao_cao_tai_chinh_hop_nhat_Quy_1_nam_2026.pdf,data\raw\official_finance_documents\01ie\ssi_2026_q1_financial_statement_be5e66907904207a.pdf,be5e66907904207a2eabf7189b6bd3b94f31712019b20a1d377b12762cb7e462,69,0,0,0,0,0.0,0,0,0,1.0,REJECTED_PAGE,TEXT_TOO_SPARSE_FOR_NUMERIC_TABLE_DUMP,
SSI,2026-Q1,quarter,financial_statement,https://www.ssi.com.vn/upload/files/IR/20260423_SSI_Bao_cao_tai_chinh_hop_nhat_Quy_1_nam_2026.pdf,https://www.ssi.com.vn/upload/files/IR/20260423_SSI_Bao_cao_tai_chinh_hop_nhat_Quy_1_nam_2026.pdf,data\raw\official_finance_documents\01ie\ssi_2026_q1_financial_statement_be5e66907904207a.pdf,be5e66907904207a2eabf7189b6bd3b94f31712019b20a1d377b12762cb7e462,70,0,0,0,0,0.0,0,0,0,1.0,REJECTED_PAGE,TEXT_TOO_SPARSE_FOR_NUMERIC_TABLE_DUMP,
SSI,2026-Q1,quarter,financial_statement,https://www.ssi.com.vn/upload/files/IR/20260423_SSI_Bao_cao_tai_chinh_hop_nhat_Quy_1_nam_2026.pdf,https://www.ssi.com.vn/upload/files/IR/20260423_SSI_Bao_cao_tai_chinh_hop_nhat_Quy_1_nam_2026.pdf,data\raw\official_finance_documents\01ie\ssi_2026_q1_financial_statement_be5e66907904207a.pdf,be5e66907904207a2eabf7189b6bd3b94f31712019b20a1d377b12762cb7e462,71,0,0,0,0,0.0,0,0,0,1.0,REJECTED_PAGE,TEXT_TOO_SPARSE_FOR_NUMERIC_TABLE_DUMP,
SSI,2026-Q1,quarter,financial_statement,https://www.ssi.com.vn/upload/files/IR/20260423_SSI_Bao_cao_tai_chinh_hop_nhat_Quy_1_nam_2026.pdf,https://www.ssi.com.vn/upload/files/IR/20260423_SSI_Bao_cao_tai_chinh_hop_nhat_Quy_1_nam_2026.pdf,data\raw\official_finance_documents\01ie\ssi_2026_q1_financial_statement_be5e66907904207a.pdf,be5e66907904207a2eabf7189b6bd3b94f31712019b20a1d377b12762cb7e462,72,0,0,0,0,0.0,0,0,0,1.0,REJECTED_PAGE,TEXT_TOO_SPARSE_FOR_NUMERIC_TABLE_DUMP,
SSI,2026-Q1,quarter,financial_statement,https://www.ssi.com.vn/upload/files/IR/20260423_SSI_Bao_cao_tai_chinh_hop_nhat_Quy_1_nam_2026.pdf,https://www.ssi.com.vn/upload/files/IR/20260423_SSI_Bao_cao_tai_chinh_hop_nhat_Quy_1_nam_2026.pdf,data\raw\official_finance_documents\01ie\ssi_2026_q1_financial_statement_be5e66907904207a.pdf,be5e66907904207a2eabf7189b6bd3b94f31712019b20a1d377b12762cb7e462,73,0,0,0,0,0.0,0,0,0,1.0,REJECTED_PAGE,TEXT_TOO_SPARSE_FOR_NUMERIC_TABLE_DUMP,
SSI,2026-Q1,quarter,financial_statement,https://www.ssi.com.vn/upload/files/IR/20260423_SSI_Bao_cao_tai_chinh_hop_nhat_Quy_1_nam_2026.pdf,https://www.ssi.com.vn/upload/files/IR/20260423_SSI_Bao_cao_tai_chinh_hop_nhat_Quy_1_nam_2026.pdf,data\raw\official_finance_documents\01ie\ssi_2026_q1_financial_statement_be5e66907904207a.pdf,be5e66907904207a2eabf7189b6bd3b94f31712019b20a1d377b12762cb7e462,74,0,0,0,0,0.0,0,0,0,1.0,REJECTED_PAGE,TEXT_TOO_SPARSE_FOR_NUMERIC_TABLE_DUMP,
SSI,2026-Q1,quarter,financial_statement,https://www.ssi.com.vn/upload/files/IR/20260423_SSI_Bao_cao_tai_chinh_hop_nhat_Quy_1_nam_2026.pdf,https://www.ssi.com.vn/upload/files/IR/20260423_SSI_Bao_cao_tai_chinh_hop_nhat_Quy_1_nam_2026.pdf,data\raw\official_finance_documents\01ie\ssi_2026_q1_financial_statement_be5e66907904207a.pdf,be5e66907904207a2eabf7189b6bd3b94f31712019b20a1d377b12762cb7e462,75,0,0,0,0,0.0,0,0,0,1.0,REJECTED_PAGE,TEXT_TOO_SPARSE_FOR_NUMERIC_TABLE_DUMP,
NLG,2025-Q4,quarter,financial_statement,https://www.namlongvn.com/uploads/2026/01/20260129-NLG-CBTT-Bao-cao-tai-chinh-Quy-4.2025-Hop-nhat-EN.pdf,https://www.namlongvn.com/uploads/2026/01/20260129-NLG-CBTT-Bao-cao-tai-chinh-Quy-4.2025-Hop-nhat-EN.pdf/,data\raw\official_finance_documents\01ie\nlg_2025_q4_financial_statement_dc2f591d86825eb6.pdf,dc2f591d86825eb6a725b08147bf4e26c047f858f599d57108da4c73738c2268,1,0,0,0,0,0.0,0,0,0,1.0,REJECTED_PAGE,TEXT_TOO_SPARSE_FOR_NUMERIC_TABLE_DUMP,
NLG,2025-Q4,quarter,financial_statement,https://www.namlongvn.com/uploads/2026/01/20260129-NLG-CBTT-Bao-cao-tai-chinh-Quy-4.2025-Hop-nhat-EN.pdf,https://www.namlongvn.com/uploads/2026/01/20260129-NLG-CBTT-Bao-cao-tai-chinh-Quy-4.2025-Hop-nhat-EN.pdf/,data\raw\official_finance_documents\01ie\nlg_2025_q4_financial_statement_dc2f591d86825eb6.pdf,dc2f591d86825eb6a725b08147bf4e26c047f858f599d57108da4c73738c2268,2,0,0,0,0,0.0,0,0,0,1.0,REJECTED_PAGE,TEXT_TOO_SPARSE_FOR_NUMERIC_TABLE_DUMP,
NLG,2025-Q4,quarter,financial_statement,https://www.namlongvn.com/uploads/2026/01/20260129-NLG-CBTT-Bao-cao-tai-chinh-Quy-4.2025-Hop-nhat-EN.pdf,https://www.namlongvn.com/uploads/2026/01/20260129-NLG-CBTT-Bao-cao-tai-chinh-Quy-4.2025-Hop-nhat-EN.pdf/,data\raw\official_finance_documents\01ie\nlg_2025_q4_financial_statement_dc2f591d86825eb6.pdf,dc2f591d86825eb6a725b08147bf4e26c047f858f599d57108da4c73738c2268,3,0,0,0,0,0.0,0,0,0,1.0,REJECTED_PAGE,TEXT_TOO_SPARSE_FOR_NUMERIC_TABLE_DUMP,
NLG,2025-Q4,quarter,financial_statement,https://www.namlongvn.com/uploads/2026/01/20260129-NLG-CBTT-Bao-cao-tai-chinh-Quy-4.2025-Hop-nhat-EN.pdf,https://www.namlongvn.com/uploads/2026/01/20260129-NLG-CBTT-Bao-cao-tai-chinh-Quy-4.2025-Hop-nhat-EN.pdf/,data\raw\official_finance_documents\01ie\nlg_2025_q4_financial_statement_dc2f591d86825eb6.pdf,dc2f591d86825eb6a725b08147bf4e26c047f858f599d57108da4c73738c2268,4,0,0,0,0,0.0,0,0,0,1.0,REJECTED_PAGE,TEXT_TOO_SPARSE_FOR_NUMERIC_TABLE_DUMP,
NLG,2025-Q4,quarter,financial_statement,https://www.namlongvn.com/uploads/2026/01/20260129-NLG-CBTT-Bao-cao-tai-chinh-Quy-4.2025-Hop-nhat-EN.pdf,https://www.namlongvn.com/uploads/2026/01/20260129-NLG-CBTT-Bao-cao-tai-chinh-Quy-4.2025-Hop-nhat-EN.pdf/,data\raw\official_finance_documents\01ie\nlg_2025_q4_financial_statement_dc2f591d86825eb6.pdf,dc2f591d86825eb6a725b08147bf4e26c047f858f599d57108da4c73738c2268,5,0,0,0,0,0.0,0,0,0,1.0,REJECTED_PAGE,TEXT_TOO_SPARSE_FOR_NUMERIC_TABLE_DUMP,
NLG,2025-Q4,quarter,financial_statement,https://www.namlongvn.com/uploads/2026/01/20260129-NLG-CBTT-Bao-cao-tai-chinh-Quy-4.2025-Hop-nhat-EN.pdf,https://www.namlongvn.com/uploads/2026/01/20260129-NLG-CBTT-Bao-cao-tai-chinh-Quy-4.2025-Hop-nhat-EN.pdf/,data\raw\official_finance_documents\01ie\nlg_2025_q4_financial_statement_dc2f591d86825eb6.pdf,dc2f591d86825eb6a725b08147bf4e26c047f858f599d57108da4c73738c2268,6,0,0,0,0,0.0,0,0,0,1.0,REJECTED_PAGE,TEXT_TOO_SPARSE_FOR_NUMERIC_TABLE_DUMP,
NLG,2025-Q4,quarter,financial_statement,https://www.namlongvn.com/uploads/2026/01/20260129-NLG-CBTT-Bao-cao-tai-chinh-Quy-4.2025-Hop-nhat-EN.pdf,https://www.namlongvn.com/uploads/2026/01/20260129-NLG-CBTT-Bao-cao-tai-chinh-Quy-4.2025-Hop-nhat-EN.pdf/,data\raw\official_finance_documents\01ie\nlg_2025_q4_financial_statement_dc2f591d86825eb6.pdf,dc2f591d86825eb6a725b08147bf4e26c047f858f599d57108da4c73738c2268,7,0,0,0,0,0.0,0,0,0,1.0,REJECTED_PAGE,TEXT_TOO_SPARSE_FOR_NUMERIC_TABLE_DUMP,
NLG,2025-Q4,quarter,financial_statement,https://www.namlongvn.com/uploads/2026/01/20260129-NLG-CBTT-Bao-cao-tai-chinh-Quy-4.2025-Hop-nhat-EN.pdf,https://www.namlongvn.com/uploads/2026/01/20260129-NLG-CBTT-Bao-cao-tai-chinh-Quy-4.2025-Hop-nhat-EN.pdf/,data\raw\official_finance_documents\01ie\nlg_2025_q4_financial_statement_dc2f591d86825eb6.pdf,dc2f591d86825eb6a725b08147bf4e26c047f858f599d57108da4c73738c2268,8,0,0,0,0,0.0,0,0,0,1.0,REJECTED_PAGE,TEXT_TOO_SPARSE_FOR_NUMERIC_TABLE_DUMP,
NLG,2025-Q4,quarter,financial_statement,https://www.namlongvn.com/uploads/2026/01/20260129-NLG-CBTT-Bao-cao-tai-chinh-Quy-4.2025-Hop-nhat-EN.pdf,https://www.namlongvn.com/uploads/2026/01/20260129-NLG-CBTT-Bao-cao-tai-chinh-Quy-4.2025-Hop-nhat-EN.pdf/,data\raw\official_finance_documents\01ie\nlg_2025_q4_financial_statement_dc2f591d86825eb6.pdf,dc2f591d86825eb6a725b08147bf4e26c047f858f599d57108da4c73738c2268,9,0,0,0,0,0.0,0,0,0,1.0,REJECTED_PAGE,TEXT_TOO_SPARSE_FOR_NUMERIC_TABLE_DUMP,
NLG,2025-Q4,quarter,financial_statement,https://www.namlongvn.com/uploads/2026/01/20260129-NLG-CBTT-Bao-cao-tai-chinh-Quy-4.2025-Hop-nhat-EN.pdf,https://www.namlongvn.com/uploads/2026/01/20260129-NLG-CBTT-Bao-cao-tai-chinh-Quy-4.2025-Hop-nhat-EN.pdf/,data\raw\official_finance_documents\01ie\nlg_2025_q4_financial_statement_dc2f591d86825eb6.pdf,dc2f591d86825eb6a725b08147bf4e26c047f858f599d57108da4c73738c2268,10,0,0,0,0,0.0,0,0,0,1.0,REJECTED_PAGE,TEXT_TOO_SPARSE_FOR_NUMERIC_TABLE_DUMP,
NLG,2025-Q4,quarter,financial_statement,https://www.namlongvn.com/uploads/2026/01/20260129-NLG-CBTT-Bao-cao-tai-chinh-Quy-4.2025-Hop-nhat-EN.pdf,https://www.namlongvn.com/uploads/2026/01/20260129-NLG-CBTT-Bao-cao-tai-chinh-Quy-4.2025-Hop-nhat-EN.pdf/,data\raw\official_finance_documents\01ie\nlg_2025_q4_financial_statement_dc2f591d86825eb6.pdf,dc2f591d86825eb6a725b08147bf4e26c047f858f599d57108da4c73738c2268,11,0,0,0,0,0.0,0,0,0,1.0,REJECTED_PAGE,TEXT_TOO_SPARSE_FOR_NUMERIC_TABLE_DUMP,
NLG,2025-Q4,quarter,financial_statement,https://www.namlongvn.com/uploads/2026/01/20260129-NLG-CBTT-Bao-cao-tai-chinh-Quy-4.2025-Hop-nhat-EN.pdf,https://www.namlongvn.com/uploads/2026/01/20260129-NLG-CBTT-Bao-cao-tai-chinh-Quy-4.2025-Hop-nhat-EN.pdf/,data\raw\official_finance_documents\01ie\nlg_2025_q4_financial_statement_dc2f591d86825eb6.pdf,dc2f591d86825eb6a725b08147bf4e26c047f858f599d57108da4c73738c2268,12,0,0,0,0,0.0,0,0,0,1.0,REJECTED_PAGE,TEXT_TOO_SPARSE_FOR_NUMERIC_TABLE_DUMP,
NLG,2025-Q4,quarter,financial_statement,https://www.namlongvn.com/uploads/2026/01/20260129-NLG-CBTT-Bao-cao-tai-chinh-Quy-4.2025-Hop-nhat-EN.pdf,https://www.namlongvn.com/uploads/2026/01/20260129-NLG-CBTT-Bao-cao-tai-chinh-Quy-4.2025-Hop-nhat-EN.pdf/,data\raw\official_finance_documents\01ie\nlg_2025_q4_financial_statement_dc2f591d86825eb6.pdf,dc2f591d86825eb6a725b08147bf4e26c047f858f599d57108da4c73738c2268,13,0,0,0,0,0.0,0,0,0,1.0,REJECTED_PAGE,TEXT_TOO_SPARSE_FOR_NUMERIC_TABLE_DUMP,
NLG,2025-Q4,quarter,financial_statement,https://www.namlongvn.com/uploads/2026/01/20260129-NLG-CBTT-Bao-cao-tai-chinh-Quy-4.2025-Hop-nhat-EN.pdf,https://www.namlongvn.com/uploads/2026/01/20260129-NLG-CBTT-Bao-cao-tai-chinh-Quy-4.2025-Hop-nhat-EN.pdf/,data\raw\official_finance_documents\01ie\nlg_2025_q4_financial_statement_dc2f591d86825eb6.pdf,dc2f591d86825eb6a725b08147bf4e26c047f858f599d57108da4c73738c2268,14,0,0,0,0,0.0,0,0,0,1.0,REJECTED_PAGE,TEXT_TOO_SPARSE_FOR_NUMERIC_TABLE_DUMP,
NLG,2025-Q4,quarter,financial_statement,https://www.namlongvn.com/uploads/2026/01/20260129-NLG-CBTT-Bao-cao-tai-chinh-Quy-4.2025-Hop-nhat-EN.pdf,https://www.namlongvn.com/uploads/2026/01/20260129-NLG-CBTT-Bao-cao-tai-chinh-Quy-4.2025-Hop-nhat-EN.pdf/,data\raw\official_finance_documents\01ie\nlg_2025_q4_financial_statement_dc2f591d86825eb6.pdf,dc2f591d86825eb6a725b08147bf4e26c047f858f599d57108da4c73738c2268,15,0,0,0,0,0.0,0,0,0,1.0,REJECTED_PAGE,TEXT_TOO_SPARSE_FOR_NUMERIC_TABLE_DUMP,
NLG,2025-Q4,quarter,financial_statement,https://www.namlongvn.com/uploads/2026/01/20260129-NLG-CBTT-Bao-cao-tai-chinh-Quy-4.2025-Hop-nhat-EN.pdf,https://www.namlongvn.com/uploads/2026/01/20260129-NLG-CBTT-Bao-cao-tai-chinh-Quy-4.2025-Hop-nhat-EN.pdf/,data\raw\official_finance_documents\01ie\nlg_2025_q4_financial_statement_dc2f591d86825eb6.pdf,dc2f591d86825eb6a725b08147bf4e26c047f858f599d57108da4c73738c2268,16,0,0,0,0,0.0,0,0,0,1.0,REJECTED_PAGE,TEXT_TOO_SPARSE_FOR_NUMERIC_TABLE_DUMP,
NLG,2025-Q4,quarter,financial_statement,https://www.namlongvn.com/uploads/2026/01/20260129-NLG-CBTT-Bao-cao-tai-chinh-Quy-4.2025-Hop-nhat-EN.pdf,https://www.namlongvn.com/uploads/2026/01/20260129-NLG-CBTT-Bao-cao-tai-chinh-Quy-4.2025-Hop-nhat-EN.pdf/,data\raw\official_finance_documents\01ie\nlg_2025_q4_financial_statement_dc2f591d86825eb6.pdf,dc2f591d86825eb6a725b08147bf4e26c047f858f599d57108da4c73738c2268,17,0,0,0,0,0.0,0,0,0,1.0,REJECTED_PAGE,TEXT_TOO_SPARSE_FOR_NUMERIC_TABLE_DUMP,
NLG,2025-Q4,quarter,financial_statement,https://www.namlongvn.com/uploads/2026/01/20260129-NLG-CBTT-Bao-cao-tai-chinh-Quy-4.2025-Hop-nhat-EN.pdf,https://www.namlongvn.com/uploads/2026/01/20260129-NLG-CBTT-Bao-cao-tai-chinh-Quy-4.2025-Hop-nhat-EN.pdf/,data\raw\official_finance_documents\01ie\nlg_2025_q4_financial_statement_dc2f591d86825eb6.pdf,dc2f591d86825eb6a725b08147bf4e26c047f858f599d57108da4c73738c2268,18,0,0,0,0,0.0,0,0,0,1.0,REJECTED_PAGE,TEXT_TOO_SPARSE_FOR_NUMERIC_TABLE_DUMP,
NLG,2025-Q4,quarter,financial_statement,https://www.namlongvn.com/uploads/2026/01/20260129-NLG-CBTT-Bao-cao-tai-chinh-Quy-4.2025-Hop-nhat-EN.pdf,https://www.namlongvn.com/uploads/2026/01/20260129-NLG-CBTT-Bao-cao-tai-chinh-Quy-4.2025-Hop-nhat-EN.pdf/,data\raw\official_finance_documents\01ie\nlg_2025_q4_financial_statement_dc2f591d86825eb6.pdf,dc2f591d86825eb6a725b08147bf4e26c047f858f599d57108da4c73738c2268,19,0,0,0,0,0.0,0,0,0,1.0,REJECTED_PAGE,TEXT_TOO_SPARSE_FOR_NUMERIC_TABLE_DUMP,
NLG,2025-Q4,quarter,financial_statement,https://www.namlongvn.com/uploads/2026/01/20260129-NLG-CBTT-Bao-cao-tai-chinh-Quy-4.2025-Hop-nhat-EN.pdf,https://www.namlongvn.com/uploads/2026/01/20260129-NLG-CBTT-Bao-cao-tai-chinh-Quy-4.2025-Hop-nhat-EN.pdf/,data\raw\official_finance_documents\01ie\nlg_2025_q4_financial_statement_dc2f591d86825eb6.pdf,dc2f591d86825eb6a725b08147bf4e26c047f858f599d57108da4c73738c2268,20,0,0,0,0,0.0,0,0,0,1.0,REJECTED_PAGE,TEXT_TOO_SPARSE_FOR_NUMERIC_TABLE_DUMP,
NLG,2025-Q4,quarter,financial_statement,https://www.namlongvn.com/uploads/2026/01/20260129-NLG-CBTT-Bao-cao-tai-chinh-Quy-4.2025-Hop-nhat-EN.pdf,https://www.namlongvn.com/uploads/2026/01/20260129-NLG-CBTT-Bao-cao-tai-chinh-Quy-4.2025-Hop-nhat-EN.pdf/,data\raw\official_finance_documents\01ie\nlg_2025_q4_financial_statement_dc2f591d86825eb6.pdf,dc2f591d86825eb6a725b08147bf4e26c047f858f599d57108da4c73738c2268,21,0,0,0,0,0.0,0,0,0,1.0,REJECTED_PAGE,TEXT_TOO_SPARSE_FOR_NUMERIC_TABLE_DUMP,
NLG,2025-Q4,quarter,financial_statement,https://www.namlongvn.com/uploads/2026/01/20260129-NLG-CBTT-Bao-cao-tai-chinh-Quy-4.2025-Hop-nhat-EN.pdf,https://www.namlongvn.com/uploads/2026/01/20260129-NLG-CBTT-Bao-cao-tai-chinh-Quy-4.2025-Hop-nhat-EN.pdf/,data\raw\official_finance_documents\01ie\nlg_2025_q4_financial_statement_dc2f591d86825eb6.pdf,dc2f591d86825eb6a725b08147bf4e26c047f858f599d57108da4c73738c2268,22,0,0,0,0,0.0,0,0,0,1.0,REJECTED_PAGE,TEXT_TOO_SPARSE_FOR_NUMERIC_TABLE_DUMP,
NLG,2025-Q4,quarter,financial_statement,https://www.namlongvn.com/uploads/2026/01/20260129-NLG-CBTT-Bao-cao-tai-chinh-Quy-4.2025-Hop-nhat-EN.pdf,https://www.namlongvn.com/uploads/2026/01/20260129-NLG-CBTT-Bao-cao-tai-chinh-Quy-4.2025-Hop-nhat-EN.pdf/,data\raw\official_finance_documents\01ie\nlg_2025_q4_financial_statement_dc2f591d86825eb6.pdf,dc2f591d86825eb6a725b08147bf4e26c047f858f599d57108da4c73738c2268,23,0,0,0,0,0.0,0,0,0,1.0,REJECTED_PAGE,TEXT_TOO_SPARSE_FOR_NUMERIC_TABLE_DUMP,
NLG,2025-Q4,quarter,financial_statement,https://www.namlongvn.com/uploads/2026/01/20260129-NLG-CBTT-Bao-cao-tai-chinh-Quy-4.2025-Hop-nhat-EN.pdf,https://www.namlongvn.com/uploads/2026/01/20260129-NLG-CBTT-Bao-cao-tai-chinh-Quy-4.2025-Hop-nhat-EN.pdf/,data\raw\official_finance_documents\01ie\nlg_2025_q4_financial_statement_dc2f591d86825eb6.pdf,dc2f591d86825eb6a725b08147bf4e26c047f858f599d57108da4c73738c2268,24,0,0,0,0,0.0,0,0,0,1.0,REJECTED_PAGE,TEXT_TOO_SPARSE_FOR_NUMERIC_TABLE_DUMP,
NLG,2025-Q4,quarter,financial_statement,https://www.namlongvn.com/uploads/2026/01/20260129-NLG-CBTT-Bao-cao-tai-chinh-Quy-4.2025-Hop-nhat-EN.pdf,https://www.namlongvn.com/uploads/2026/01/20260129-NLG-CBTT-Bao-cao-tai-chinh-Quy-4.2025-Hop-nhat-EN.pdf/,data\raw\official_finance_documents\01ie\nlg_2025_q4_financial_statement_dc2f591d86825eb6.pdf,dc2f591d86825eb6a725b08147bf4e26c047f858f599d57108da4c73738c2268,25,0,0,0,0,0.0,0,0,0,1.0,REJECTED_PAGE,TEXT_TOO_SPARSE_FOR_NUMERIC_TABLE_DUMP,
NLG,2025-Q4,quarter,financial_statement,https://www.namlongvn.com/uploads/2026/01/20260129-NLG-CBTT-Bao-cao-tai-chinh-Quy-4.2025-Hop-nhat-EN.pdf,https://www.namlongvn.com/uploads/2026/01/20260129-NLG-CBTT-Bao-cao-tai-chinh-Quy-4.2025-Hop-nhat-EN.pdf/,data\raw\official_finance_documents\01ie\nlg_2025_q4_financial_statement_dc2f591d86825eb6.pdf,dc2f591d86825eb6a725b08147bf4e26c047f858f599d57108da4c73738c2268,26,0,0,0,0,0.0,0,0,0,1.0,REJECTED_PAGE,TEXT_TOO_SPARSE_FOR_NUMERIC_TABLE_DUMP,
NLG,2025-Q4,quarter,financial_statement,https://www.namlongvn.com/uploads/2026/01/20260129-NLG-CBTT-Bao-cao-tai-chinh-Quy-4.2025-Hop-nhat-EN.pdf,https://www.namlongvn.com/uploads/2026/01/20260129-NLG-CBTT-Bao-cao-tai-chinh-Quy-4.2025-Hop-nhat-EN.pdf/,data\raw\official_finance_documents\01ie\nlg_2025_q4_financial_statement_dc2f591d86825eb6.pdf,dc2f591d86825eb6a725b08147bf4e26c047f858f599d57108da4c73738c2268,27,0,0,0,0,0.0,0,0,0,1.0,REJECTED_PAGE,TEXT_TOO_SPARSE_FOR_NUMERIC_TABLE_DUMP,
NLG,2025-Q4,quarter,financial_statement,https://www.namlongvn.com/uploads/2026/01/20260129-NLG-CBTT-Bao-cao-tai-chinh-Quy-4.2025-Hop-nhat-EN.pdf,https://www.namlongvn.com/uploads/2026/01/20260129-NLG-CBTT-Bao-cao-tai-chinh-Quy-4.2025-Hop-nhat-EN.pdf/,data\raw\official_finance_documents\01ie\nlg_2025_q4_financial_statement_dc2f591d86825eb6.pdf,dc2f591d86825eb6a725b08147bf4e26c047f858f599d57108da4c73738c2268,28,0,0,0,0,0.0,0,0,0,1.0,REJECTED_PAGE,TEXT_TOO_SPARSE_FOR_NUMERIC_TABLE_DUMP,
NLG,2025-Q4,quarter,financial_statement,https://www.namlongvn.com/uploads/2026/01/20260129-NLG-CBTT-Bao-cao-tai-chinh-Quy-4.2025-Hop-nhat-EN.pdf,https://www.namlongvn.com/uploads/2026/01/20260129-NLG-CBTT-Bao-cao-tai-chinh-Quy-4.2025-Hop-nhat-EN.pdf/,data\raw\official_finance_documents\01ie\nlg_2025_q4_financial_statement_dc2f591d86825eb6.pdf,dc2f591d86825eb6a725b08147bf4e26c047f858f599d57108da4c73738c2268,29,0,0,0,0,0.0,0,0,0,1.0,REJECTED_PAGE,TEXT_TOO_SPARSE_FOR_NUMERIC_TABLE_DUMP,
NLG,2025-Q4,quarter,financial_statement,https://www.namlongvn.com/uploads/2026/01/20260129-NLG-CBTT-Bao-cao-tai-chinh-Quy-4.2025-Hop-nhat-EN.pdf,https://www.namlongvn.com/uploads/2026/01/20260129-NLG-CBTT-Bao-cao-tai-chinh-Quy-4.2025-Hop-nhat-EN.pdf/,data\raw\official_finance_documents\01ie\nlg_2025_q4_financial_statement_dc2f591d86825eb6.pdf,dc2f591d86825eb6a725b08147bf4e26c047f858f599d57108da4c73738c2268,30,0,0,0,0,0.0,0,0,0,1.0,REJECTED_PAGE,TEXT_TOO_SPARSE_FOR_NUMERIC_TABLE_DUMP,
NLG,2025-Q4,quarter,financial_statement,https://www.namlongvn.com/uploads/2026/01/20260129-NLG-CBTT-Bao-cao-tai-chinh-Quy-4.2025-Hop-nhat-EN.pdf,https://www.namlongvn.com/uploads/2026/01/20260129-NLG-CBTT-Bao-cao-tai-chinh-Quy-4.2025-Hop-nhat-EN.pdf/,data\raw\official_finance_documents\01ie\nlg_2025_q4_financial_statement_dc2f591d86825eb6.pdf,dc2f591d86825eb6a725b08147bf4e26c047f858f599d57108da4c73738c2268,31,0,0,0,0,0.0,0,0,0,1.0,REJECTED_PAGE,TEXT_TOO_SPARSE_FOR_NUMERIC_TABLE_DUMP,
NLG,2025-Q4,quarter,financial_statement,https://www.namlongvn.com/uploads/2026/01/20260129-NLG-CBTT-Bao-cao-tai-chinh-Quy-4.2025-Hop-nhat-EN.pdf,https://www.namlongvn.com/uploads/2026/01/20260129-NLG-CBTT-Bao-cao-tai-chinh-Quy-4.2025-Hop-nhat-EN.pdf/,data\raw\official_finance_documents\01ie\nlg_2025_q4_financial_statement_dc2f591d86825eb6.pdf,dc2f591d86825eb6a725b08147bf4e26c047f858f599d57108da4c73738c2268,32,0,0,0,0,0.0,0,0,0,1.0,REJECTED_PAGE,TEXT_TOO_SPARSE_FOR_NUMERIC_TABLE_DUMP,
NLG,2025-Q4,quarter,financial_statement,https://www.namlongvn.com/uploads/2026/01/20260129-NLG-CBTT-Bao-cao-tai-chinh-Quy-4.2025-Hop-nhat-EN.pdf,https://www.namlongvn.com/uploads/2026/01/20260129-NLG-CBTT-Bao-cao-tai-chinh-Quy-4.2025-Hop-nhat-EN.pdf/,data\raw\official_finance_documents\01ie\nlg_2025_q4_financial_statement_dc2f591d86825eb6.pdf,dc2f591d86825eb6a725b08147bf4e26c047f858f599d57108da4c73738c2268,33,0,0,0,0,0.0,0,0,0,1.0,REJECTED_PAGE,TEXT_TOO_SPARSE_FOR_NUMERIC_TABLE_DUMP,
NLG,2025-Q4,quarter,financial_statement,https://www.namlongvn.com/uploads/2026/01/20260129-NLG-CBTT-Bao-cao-tai-chinh-Quy-4.2025-Hop-nhat-EN.pdf,https://www.namlongvn.com/uploads/2026/01/20260129-NLG-CBTT-Bao-cao-tai-chinh-Quy-4.2025-Hop-nhat-EN.pdf/,data\raw\official_finance_documents\01ie\nlg_2025_q4_financial_statement_dc2f591d86825eb6.pdf,dc2f591d86825eb6a725b08147bf4e26c047f858f599d57108da4c73738c2268,34,0,0,0,0,0.0,0,0,0,1.0,REJECTED_PAGE,TEXT_TOO_SPARSE_FOR_NUMERIC_TABLE_DUMP,
NLG,2025-Q4,quarter,financial_statement,https://www.namlongvn.com/uploads/2026/01/20260129-NLG-CBTT-Bao-cao-tai-chinh-Quy-4.2025-Hop-nhat-EN.pdf,https://www.namlongvn.com/uploads/2026/01/20260129-NLG-CBTT-Bao-cao-tai-chinh-Quy-4.2025-Hop-nhat-EN.pdf/,data\raw\official_finance_documents\01ie\nlg_2025_q4_financial_statement_dc2f591d86825eb6.pdf,dc2f591d86825eb6a725b08147bf4e26c047f858f599d57108da4c73738c2268,35,0,0,0,0,0.0,0,0,0,1.0,REJECTED_PAGE,TEXT_TOO_SPARSE_FOR_NUMERIC_TABLE_DUMP,
NLG,2025-Q4,quarter,financial_statement,https://www.namlongvn.com/uploads/2026/01/20260129-NLG-CBTT-Bao-cao-tai-chinh-Quy-4.2025-Hop-nhat-EN.pdf,https://www.namlongvn.com/uploads/2026/01/20260129-NLG-CBTT-Bao-cao-tai-chinh-Quy-4.2025-Hop-nhat-EN.pdf/,data\raw\official_finance_documents\01ie\nlg_2025_q4_financial_statement_dc2f591d86825eb6.pdf,dc2f591d86825eb6a725b08147bf4e26c047f858f599d57108da4c73738c2268,36,0,0,0,0,0.0,0,0,0,1.0,REJECTED_PAGE,TEXT_TOO_SPARSE_FOR_NUMERIC_TABLE_DUMP,
NLG,2025-Q4,quarter,financial_statement,https://www.namlongvn.com/uploads/2026/01/20260129-NLG-CBTT-Bao-cao-tai-chinh-Quy-4.2025-Hop-nhat-EN.pdf,https://www.namlongvn.com/uploads/2026/01/20260129-NLG-CBTT-Bao-cao-tai-chinh-Quy-4.2025-Hop-nhat-EN.pdf/,data\raw\official_finance_documents\01ie\nlg_2025_q4_financial_statement_dc2f591d86825eb6.pdf,dc2f591d86825eb6a725b08147bf4e26c047f858f599d57108da4c73738c2268,37,0,0,0,0,0.0,0,0,0,1.0,REJECTED_PAGE,TEXT_TOO_SPARSE_FOR_NUMERIC_TABLE_DUMP,
NLG,2025-Q4,quarter,financial_statement,https://www.namlongvn.com/uploads/2026/01/20260129-NLG-CBTT-Bao-cao-tai-chinh-Quy-4.2025-Hop-nhat-EN.pdf,https://www.namlongvn.com/uploads/2026/01/20260129-NLG-CBTT-Bao-cao-tai-chinh-Quy-4.2025-Hop-nhat-EN.pdf/,data\raw\official_finance_documents\01ie\nlg_2025_q4_financial_statement_dc2f591d86825eb6.pdf,dc2f591d86825eb6a725b08147bf4e26c047f858f599d57108da4c73738c2268,38,0,0,0,0,0.0,0,0,0,1.0,REJECTED_PAGE,TEXT_TOO_SPARSE_FOR_NUMERIC_TABLE_DUMP,
NLG,2025-Q4,quarter,financial_statement,https://www.namlongvn.com/uploads/2026/01/20260129-NLG-CBTT-Bao-cao-tai-chinh-Quy-4.2025-Hop-nhat-EN.pdf,https://www.namlongvn.com/uploads/2026/01/20260129-NLG-CBTT-Bao-cao-tai-chinh-Quy-4.2025-Hop-nhat-EN.pdf/,data\raw\official_finance_documents\01ie\nlg_2025_q4_financial_statement_dc2f591d86825eb6.pdf,dc2f591d86825eb6a725b08147bf4e26c047f858f599d57108da4c73738c2268,39,0,0,0,0,0.0,0,0,0,1.0,REJECTED_PAGE,TEXT_TOO_SPARSE_FOR_NUMERIC_TABLE_DUMP,
NLG,2025-Q4,quarter,financial_statement,https://www.namlongvn.com/uploads/2026/01/20260129-NLG-CBTT-Bao-cao-tai-chinh-Quy-4.2025-Hop-nhat-EN.pdf,https://www.namlongvn.com/uploads/2026/01/20260129-NLG-CBTT-Bao-cao-tai-chinh-Quy-4.2025-Hop-nhat-EN.pdf/,data\raw\official_finance_documents\01ie\nlg_2025_q4_financial_statement_dc2f591d86825eb6.pdf,dc2f591d86825eb6a725b08147bf4e26c047f858f599d57108da4c73738c2268,40,0,0,0,0,0.0,0,0,0,1.0,REJECTED_PAGE,TEXT_TOO_SPARSE_FOR_NUMERIC_TABLE_DUMP,
NLG,2025-Q4,quarter,financial_statement,https://www.namlongvn.com/uploads/2026/01/20260129-NLG-CBTT-Bao-cao-tai-chinh-Quy-4.2025-Hop-nhat-EN.pdf,https://www.namlongvn.com/uploads/2026/01/20260129-NLG-CBTT-Bao-cao-tai-chinh-Quy-4.2025-Hop-nhat-EN.pdf/,data\raw\official_finance_documents\01ie\nlg_2025_q4_financial_statement_dc2f591d86825eb6.pdf,dc2f591d86825eb6a725b08147bf4e26c047f858f599d57108da4c73738c2268,41,0,0,0,0,0.0,0,0,0,1.0,REJECTED_PAGE,TEXT_TOO_SPARSE_FOR_NUMERIC_TABLE_DUMP,
NLG,2025-Q4,quarter,financial_statement,https://www.namlongvn.com/uploads/2026/01/20260129-NLG-CBTT-Bao-cao-tai-chinh-Quy-4.2025-Hop-nhat-EN.pdf,https://www.namlongvn.com/uploads/2026/01/20260129-NLG-CBTT-Bao-cao-tai-chinh-Quy-4.2025-Hop-nhat-EN.pdf/,data\raw\official_finance_documents\01ie\nlg_2025_q4_financial_statement_dc2f591d86825eb6.pdf,dc2f591d86825eb6a725b08147bf4e26c047f858f599d57108da4c73738c2268,42,0,0,0,0,0.0,0,0,0,1.0,REJECTED_PAGE,TEXT_TOO_SPARSE_FOR_NUMERIC_TABLE_DUMP,
NLG,2025-Q4,quarter,financial_statement,https://www.namlongvn.com/uploads/2026/01/20260129-NLG-CBTT-Bao-cao-tai-chinh-Quy-4.2025-Hop-nhat-EN.pdf,https://www.namlongvn.com/uploads/2026/01/20260129-NLG-CBTT-Bao-cao-tai-chinh-Quy-4.2025-Hop-nhat-EN.pdf/,data\raw\official_finance_documents\01ie\nlg_2025_q4_financial_statement_dc2f591d86825eb6.pdf,dc2f591d86825eb6a725b08147bf4e26c047f858f599d57108da4c73738c2268,43,0,0,0,0,0.0,0,0,0,1.0,REJECTED_PAGE,TEXT_TOO_SPARSE_FOR_NUMERIC_TABLE_DUMP,
NLG,2025-Q4,quarter,financial_statement,https://www.namlongvn.com/uploads/2026/01/20260129-NLG-CBTT-Bao-cao-tai-chinh-Quy-4.2025-Hop-nhat-EN.pdf,https://www.namlongvn.com/uploads/2026/01/20260129-NLG-CBTT-Bao-cao-tai-chinh-Quy-4.2025-Hop-nhat-EN.pdf/,data\raw\official_finance_documents\01ie\nlg_2025_q4_financial_statement_dc2f591d86825eb6.pdf,dc2f591d86825eb6a725b08147bf4e26c047f858f599d57108da4c73738c2268,44,0,0,0,0,0.0,0,0,0,1.0,REJECTED_PAGE,TEXT_TOO_SPARSE_FOR_NUMERIC_TABLE_DUMP,
NLG,2025-Q4,quarter,financial_statement,https://www.namlongvn.com/uploads/2026/01/20260129-NLG-CBTT-Bao-cao-tai-chinh-Quy-4.2025-Hop-nhat-EN.pdf,https://www.namlongvn.com/uploads/2026/01/20260129-NLG-CBTT-Bao-cao-tai-chinh-Quy-4.2025-Hop-nhat-EN.pdf/,data\raw\official_finance_documents\01ie\nlg_2025_q4_financial_statement_dc2f591d86825eb6.pdf,dc2f591d86825eb6a725b08147bf4e26c047f858f599d57108da4c73738c2268,45,0,0,0,0,0.0,0,0,0,1.0,REJECTED_PAGE,TEXT_TOO_SPARSE_FOR_NUMERIC_TABLE_DUMP,
NLG,2025-Q4,quarter,financial_statement,https://www.namlongvn.com/uploads/2026/01/20260129-NLG-CBTT-Bao-cao-tai-chinh-Quy-4.2025-Hop-nhat-EN.pdf,https://www.namlongvn.com/uploads/2026/01/20260129-NLG-CBTT-Bao-cao-tai-chinh-Quy-4.2025-Hop-nhat-EN.pdf/,data\raw\official_finance_documents\01ie\nlg_2025_q4_financial_statement_dc2f591d86825eb6.pdf,dc2f591d86825eb6a725b08147bf4e26c047f858f599d57108da4c73738c2268,46,0,0,0,0,0.0,0,0,0,1.0,REJECTED_PAGE,TEXT_TOO_SPARSE_FOR_NUMERIC_TABLE_DUMP,
NLG,2025-Q4,quarter,financial_statement,https://www.namlongvn.com/uploads/2026/01/20260129-NLG-CBTT-Bao-cao-tai-chinh-Quy-4.2025-Hop-nhat-EN.pdf,https://www.namlongvn.com/uploads/2026/01/20260129-NLG-CBTT-Bao-cao-tai-chinh-Quy-4.2025-Hop-nhat-EN.pdf/,data\raw\official_finance_documents\01ie\nlg_2025_q4_financial_statement_dc2f591d86825eb6.pdf,dc2f591d86825eb6a725b08147bf4e26c047f858f599d57108da4c73738c2268,47,0,0,0,0,0.0,0,0,0,1.0,REJECTED_PAGE,TEXT_TOO_SPARSE_FOR_NUMERIC_TABLE_DUMP,
NLG,2025-Q4,quarter,financial_statement,https://www.namlongvn.com/uploads/2026/01/20260129-NLG-CBTT-Bao-cao-tai-chinh-Quy-4.2025-Hop-nhat-EN.pdf,https://www.namlongvn.com/uploads/2026/01/20260129-NLG-CBTT-Bao-cao-tai-chinh-Quy-4.2025-Hop-nhat-EN.pdf/,data\raw\official_finance_documents\01ie\nlg_2025_q4_financial_statement_dc2f591d86825eb6.pdf,dc2f591d86825eb6a725b08147bf4e26c047f858f599d57108da4c73738c2268,48,0,0,0,0,0.0,0,0,0,1.0,REJECTED_PAGE,TEXT_TOO_SPARSE_FOR_NUMERIC_TABLE_DUMP,
PVS,2025-Q4,quarter,financial_statement,https://www.ptsc.com.vn/Data/Sites/1/media/codong/2026/BCTC Hop nhat Q4 2025_web.pdf,https://www.ptsc.com.vn/Data/Sites/1/media/codong/2026/BCTC%20Hop%20nhat%20Q4%202025_web.pdf,data\raw\official_finance_documents\01ie\pvs_2025_q4_financial_statement_37e86358f3dcdfe4.pdf,37e86358f3dcdfe45fc887f401edd21e4f0f9b27f531451e04c6c3592f108fa4,1,0,0,0,0,0.0,0,0,0,1.0,REJECTED_PAGE,TEXT_TOO_SPARSE_FOR_NUMERIC_TABLE_DUMP,
PVS,2025-Q4,quarter,financial_statement,https://www.ptsc.com.vn/Data/Sites/1/media/codong/2026/BCTC Hop nhat Q4 2025_web.pdf,https://www.ptsc.com.vn/Data/Sites/1/media/codong/2026/BCTC%20Hop%20nhat%20Q4%202025_web.pdf,data\raw\official_finance_documents\01ie\pvs_2025_q4_financial_statement_37e86358f3dcdfe4.pdf,37e86358f3dcdfe45fc887f401edd21e4f0f9b27f531451e04c6c3592f108fa4,2,0,0,0,0,0.0,0,0,0,1.0,REJECTED_PAGE,TEXT_TOO_SPARSE_FOR_NUMERIC_TABLE_DUMP,
PVS,2025-Q4,quarter,financial_statement,https://www.ptsc.com.vn/Data/Sites/1/media/codong/2026/BCTC Hop nhat Q4 2025_web.pdf,https://www.ptsc.com.vn/Data/Sites/1/media/codong/2026/BCTC%20Hop%20nhat%20Q4%202025_web.pdf,data\raw\official_finance_documents\01ie\pvs_2025_q4_financial_statement_37e86358f3dcdfe4.pdf,37e86358f3dcdfe45fc887f401edd21e4f0f9b27f531451e04c6c3592f108fa4,3,0,0,0,0,0.0,0,0,0,1.0,REJECTED_PAGE,TEXT_TOO_SPARSE_FOR_NUMERIC_TABLE_DUMP,
PVS,2025-Q4,quarter,financial_statement,https://www.ptsc.com.vn/Data/Sites/1/media/codong/2026/BCTC Hop nhat Q4 2025_web.pdf,https://www.ptsc.com.vn/Data/Sites/1/media/codong/2026/BCTC%20Hop%20nhat%20Q4%202025_web.pdf,data\raw\official_finance_documents\01ie\pvs_2025_q4_financial_statement_37e86358f3dcdfe4.pdf,37e86358f3dcdfe45fc887f401edd21e4f0f9b27f531451e04c6c3592f108fa4,4,0,0,0,0,0.0,0,0,0,1.0,REJECTED_PAGE,TEXT_TOO_SPARSE_FOR_NUMERIC_TABLE_DUMP,
PVS,2025-Q4,quarter,financial_statement,https://www.ptsc.com.vn/Data/Sites/1/media/codong/2026/BCTC Hop nhat Q4 2025_web.pdf,https://www.ptsc.com.vn/Data/Sites/1/media/codong/2026/BCTC%20Hop%20nhat%20Q4%202025_web.pdf,data\raw\official_finance_documents\01ie\pvs_2025_q4_financial_statement_37e86358f3dcdfe4.pdf,37e86358f3dcdfe45fc887f401edd21e4f0f9b27f531451e04c6c3592f108fa4,5,0,0,0,0,0.0,0,0,0,1.0,REJECTED_PAGE,TEXT_TOO_SPARSE_FOR_NUMERIC_TABLE_DUMP,
PVS,2025-Q4,quarter,financial_statement,https://www.ptsc.com.vn/Data/Sites/1/media/codong/2026/BCTC Hop nhat Q4 2025_web.pdf,https://www.ptsc.com.vn/Data/Sites/1/media/codong/2026/BCTC%20Hop%20nhat%20Q4%202025_web.pdf,data\raw\official_finance_documents\01ie\pvs_2025_q4_financial_statement_37e86358f3dcdfe4.pdf,37e86358f3dcdfe45fc887f401edd21e4f0f9b27f531451e04c6c3592f108fa4,6,0,0,0,0,0.0,0,0,0,1.0,REJECTED_PAGE,TEXT_TOO_SPARSE_FOR_NUMERIC_TABLE_DUMP,
PVS,2025-Q4,quarter,financial_statement,https://www.ptsc.com.vn/Data/Sites/1/media/codong/2026/BCTC Hop nhat Q4 2025_web.pdf,https://www.ptsc.com.vn/Data/Sites/1/media/codong/2026/BCTC%20Hop%20nhat%20Q4%202025_web.pdf,data\raw\official_finance_documents\01ie\pvs_2025_q4_financial_statement_37e86358f3dcdfe4.pdf,37e86358f3dcdfe45fc887f401edd21e4f0f9b27f531451e04c6c3592f108fa4,7,0,0,0,0,0.0,0,0,0,1.0,REJECTED_PAGE,TEXT_TOO_SPARSE_FOR_NUMERIC_TABLE_DUMP,
PVS,2025-Q4,quarter,financial_statement,https://www.ptsc.com.vn/Data/Sites/1/media/codong/2026/BCTC Hop nhat Q4 2025_web.pdf,https://www.ptsc.com.vn/Data/Sites/1/media/codong/2026/BCTC%20Hop%20nhat%20Q4%202025_web.pdf,data\raw\official_finance_documents\01ie\pvs_2025_q4_financial_statement_37e86358f3dcdfe4.pdf,37e86358f3dcdfe45fc887f401edd21e4f0f9b27f531451e04c6c3592f108fa4,8,0,0,0,0,0.0,0,0,0,1.0,REJECTED_PAGE,TEXT_TOO_SPARSE_FOR_NUMERIC_TABLE_DUMP,
PVS,2025-Q4,quarter,financial_statement,https://www.ptsc.com.vn/Data/Sites/1/media/codong/2026/BCTC Hop nhat Q4 2025_web.pdf,https://www.ptsc.com.vn/Data/Sites/1/media/codong/2026/BCTC%20Hop%20nhat%20Q4%202025_web.pdf,data\raw\official_finance_documents\01ie\pvs_2025_q4_financial_statement_37e86358f3dcdfe4.pdf,37e86358f3dcdfe45fc887f401edd21e4f0f9b27f531451e04c6c3592f108fa4,9,0,0,0,0,0.0,0,0,0,1.0,REJECTED_PAGE,TEXT_TOO_SPARSE_FOR_NUMERIC_TABLE_DUMP,
PVS,2025-Q4,quarter,financial_statement,https://www.ptsc.com.vn/Data/Sites/1/media/codong/2026/BCTC Hop nhat Q4 2025_web.pdf,https://www.ptsc.com.vn/Data/Sites/1/media/codong/2026/BCTC%20Hop%20nhat%20Q4%202025_web.pdf,data\raw\official_finance_documents\01ie\pvs_2025_q4_financial_statement_37e86358f3dcdfe4.pdf,37e86358f3dcdfe45fc887f401edd21e4f0f9b27f531451e04c6c3592f108fa4,10,0,0,0,0,0.0,0,0,0,1.0,REJECTED_PAGE,TEXT_TOO_SPARSE_FOR_NUMERIC_TABLE_DUMP,
PVS,2025-Q4,quarter,financial_statement,https://www.ptsc.com.vn/Data/Sites/1/media/codong/2026/BCTC Hop nhat Q4 2025_web.pdf,https://www.ptsc.com.vn/Data/Sites/1/media/codong/2026/BCTC%20Hop%20nhat%20Q4%202025_web.pdf,data\raw\official_finance_documents\01ie\pvs_2025_q4_financial_statement_37e86358f3dcdfe4.pdf,37e86358f3dcdfe45fc887f401edd21e4f0f9b27f531451e04c6c3592f108fa4,11,0,0,0,0,0.0,0,0,0,1.0,REJECTED_PAGE,TEXT_TOO_SPARSE_FOR_NUMERIC_TABLE_DUMP,
PVS,2025-Q4,quarter,financial_statement,https://www.ptsc.com.vn/Data/Sites/1/media/codong/2026/BCTC Hop nhat Q4 2025_web.pdf,https://www.ptsc.com.vn/Data/Sites/1/media/codong/2026/BCTC%20Hop%20nhat%20Q4%202025_web.pdf,data\raw\official_finance_documents\01ie\pvs_2025_q4_financial_statement_37e86358f3dcdfe4.pdf,37e86358f3dcdfe45fc887f401edd21e4f0f9b27f531451e04c6c3592f108fa4,12,0,0,0,0,0.0,0,0,0,1.0,REJECTED_PAGE,TEXT_TOO_SPARSE_FOR_NUMERIC_TABLE_DUMP,
PVS,2025-Q4,quarter,financial_statement,https://www.ptsc.com.vn/Data/Sites/1/media/codong/2026/BCTC Hop nhat Q4 2025_web.pdf,https://www.ptsc.com.vn/Data/Sites/1/media/codong/2026/BCTC%20Hop%20nhat%20Q4%202025_web.pdf,data\raw\official_finance_documents\01ie\pvs_2025_q4_financial_statement_37e86358f3dcdfe4.pdf,37e86358f3dcdfe45fc887f401edd21e4f0f9b27f531451e04c6c3592f108fa4,13,0,0,0,0,0.0,0,0,0,1.0,REJECTED_PAGE,TEXT_TOO_SPARSE_FOR_NUMERIC_TABLE_DUMP,
PVS,2025-Q4,quarter,financial_statement,https://www.ptsc.com.vn/Data/Sites/1/media/codong/2026/BCTC Hop nhat Q4 2025_web.pdf,https://www.ptsc.com.vn/Data/Sites/1/media/codong/2026/BCTC%20Hop%20nhat%20Q4%202025_web.pdf,data\raw\official_finance_documents\01ie\pvs_2025_q4_financial_statement_37e86358f3dcdfe4.pdf,37e86358f3dcdfe45fc887f401edd21e4f0f9b27f531451e04c6c3592f108fa4,14,0,0,0,0,0.0,0,0,0,1.0,REJECTED_PAGE,TEXT_TOO_SPARSE_FOR_NUMERIC_TABLE_DUMP,
PVS,2025-Q4,quarter,financial_statement,https://www.ptsc.com.vn/Data/Sites/1/media/codong/2026/BCTC Hop nhat Q4 2025_web.pdf,https://www.ptsc.com.vn/Data/Sites/1/media/codong/2026/BCTC%20Hop%20nhat%20Q4%202025_web.pdf,data\raw\official_finance_documents\01ie\pvs_2025_q4_financial_statement_37e86358f3dcdfe4.pdf,37e86358f3dcdfe45fc887f401edd21e4f0f9b27f531451e04c6c3592f108fa4,15,0,0,0,0,0.0,0,0,0,1.0,REJECTED_PAGE,TEXT_TOO_SPARSE_FOR_NUMERIC_TABLE_DUMP,
PVS,2025-Q4,quarter,financial_statement,https://www.ptsc.com.vn/Data/Sites/1/media/codong/2026/BCTC Hop nhat Q4 2025_web.pdf,https://www.ptsc.com.vn/Data/Sites/1/media/codong/2026/BCTC%20Hop%20nhat%20Q4%202025_web.pdf,data\raw\official_finance_documents\01ie\pvs_2025_q4_financial_statement_37e86358f3dcdfe4.pdf,37e86358f3dcdfe45fc887f401edd21e4f0f9b27f531451e04c6c3592f108fa4,16,0,0,0,0,0.0,0,0,0,1.0,REJECTED_PAGE,TEXT_TOO_SPARSE_FOR_NUMERIC_TABLE_DUMP,
PVS,2025-Q4,quarter,financial_statement,https://www.ptsc.com.vn/Data/Sites/1/media/codong/2026/BCTC Hop nhat Q4 2025_web.pdf,https://www.ptsc.com.vn/Data/Sites/1/media/codong/2026/BCTC%20Hop%20nhat%20Q4%202025_web.pdf,data\raw\official_finance_documents\01ie\pvs_2025_q4_financial_statement_37e86358f3dcdfe4.pdf,37e86358f3dcdfe45fc887f401edd21e4f0f9b27f531451e04c6c3592f108fa4,17,0,0,0,0,0.0,0,0,0,1.0,REJECTED_PAGE,TEXT_TOO_SPARSE_FOR_NUMERIC_TABLE_DUMP,
PVS,2025-Q4,quarter,financial_statement,https://www.ptsc.com.vn/Data/Sites/1/media/codong/2026/BCTC Hop nhat Q4 2025_web.pdf,https://www.ptsc.com.vn/Data/Sites/1/media/codong/2026/BCTC%20Hop%20nhat%20Q4%202025_web.pdf,data\raw\official_finance_documents\01ie\pvs_2025_q4_financial_statement_37e86358f3dcdfe4.pdf,37e86358f3dcdfe45fc887f401edd21e4f0f9b27f531451e04c6c3592f108fa4,18,0,0,0,0,0.0,0,0,0,1.0,REJECTED_PAGE,TEXT_TOO_SPARSE_FOR_NUMERIC_TABLE_DUMP,
PVS,2025-Q4,quarter,financial_statement,https://www.ptsc.com.vn/Data/Sites/1/media/codong/2026/BCTC Hop nhat Q4 2025_web.pdf,https://www.ptsc.com.vn/Data/Sites/1/media/codong/2026/BCTC%20Hop%20nhat%20Q4%202025_web.pdf,data\raw\official_finance_documents\01ie\pvs_2025_q4_financial_statement_37e86358f3dcdfe4.pdf,37e86358f3dcdfe45fc887f401edd21e4f0f9b27f531451e04c6c3592f108fa4,19,0,0,0,0,0.0,0,0,0,1.0,REJECTED_PAGE,TEXT_TOO_SPARSE_FOR_NUMERIC_TABLE_DUMP,
PVS,2025-Q4,quarter,financial_statement,https://www.ptsc.com.vn/Data/Sites/1/media/codong/2026/BCTC Hop nhat Q4 2025_web.pdf,https://www.ptsc.com.vn/Data/Sites/1/media/codong/2026/BCTC%20Hop%20nhat%20Q4%202025_web.pdf,data\raw\official_finance_documents\01ie\pvs_2025_q4_financial_statement_37e86358f3dcdfe4.pdf,37e86358f3dcdfe45fc887f401edd21e4f0f9b27f531451e04c6c3592f108fa4,20,0,0,0,0,0.0,0,0,0,1.0,REJECTED_PAGE,TEXT_TOO_SPARSE_FOR_NUMERIC_TABLE_DUMP,
PVS,2025-Q4,quarter,financial_statement,https://www.ptsc.com.vn/Data/Sites/1/media/codong/2026/BCTC Hop nhat Q4 2025_web.pdf,https://www.ptsc.com.vn/Data/Sites/1/media/codong/2026/BCTC%20Hop%20nhat%20Q4%202025_web.pdf,data\raw\official_finance_documents\01ie\pvs_2025_q4_financial_statement_37e86358f3dcdfe4.pdf,37e86358f3dcdfe45fc887f401edd21e4f0f9b27f531451e04c6c3592f108fa4,21,0,0,0,0,0.0,0,0,0,1.0,REJECTED_PAGE,TEXT_TOO_SPARSE_FOR_NUMERIC_TABLE_DUMP,
PVS,2025-Q4,quarter,financial_statement,https://www.ptsc.com.vn/Data/Sites/1/media/codong/2026/BCTC Hop nhat Q4 2025_web.pdf,https://www.ptsc.com.vn/Data/Sites/1/media/codong/2026/BCTC%20Hop%20nhat%20Q4%202025_web.pdf,data\raw\official_finance_documents\01ie\pvs_2025_q4_financial_statement_37e86358f3dcdfe4.pdf,37e86358f3dcdfe45fc887f401edd21e4f0f9b27f531451e04c6c3592f108fa4,22,0,0,0,0,0.0,0,0,0,1.0,REJECTED_PAGE,TEXT_TOO_SPARSE_FOR_NUMERIC_TABLE_DUMP,
PVS,2025-Q4,quarter,financial_statement,https://www.ptsc.com.vn/Data/Sites/1/media/codong/2026/BCTC Hop nhat Q4 2025_web.pdf,https://www.ptsc.com.vn/Data/Sites/1/media/codong/2026/BCTC%20Hop%20nhat%20Q4%202025_web.pdf,data\raw\official_finance_documents\01ie\pvs_2025_q4_financial_statement_37e86358f3dcdfe4.pdf,37e86358f3dcdfe45fc887f401edd21e4f0f9b27f531451e04c6c3592f108fa4,23,0,0,0,0,0.0,0,0,0,1.0,REJECTED_PAGE,TEXT_TOO_SPARSE_FOR_NUMERIC_TABLE_DUMP,
PVS,2025-Q4,quarter,financial_statement,https://www.ptsc.com.vn/Data/Sites/1/media/codong/2026/BCTC Hop nhat Q4 2025_web.pdf,https://www.ptsc.com.vn/Data/Sites/1/media/codong/2026/BCTC%20Hop%20nhat%20Q4%202025_web.pdf,data\raw\official_finance_documents\01ie\pvs_2025_q4_financial_statement_37e86358f3dcdfe4.pdf,37e86358f3dcdfe45fc887f401edd21e4f0f9b27f531451e04c6c3592f108fa4,24,0,0,0,0,0.0,0,0,0,1.0,REJECTED_PAGE,TEXT_TOO_SPARSE_FOR_NUMERIC_TABLE_DUMP,
PVS,2025-Q4,quarter,financial_statement,https://www.ptsc.com.vn/Data/Sites/1/media/codong/2026/BCTC Hop nhat Q4 2025_web.pdf,https://www.ptsc.com.vn/Data/Sites/1/media/codong/2026/BCTC%20Hop%20nhat%20Q4%202025_web.pdf,data\raw\official_finance_documents\01ie\pvs_2025_q4_financial_statement_37e86358f3dcdfe4.pdf,37e86358f3dcdfe45fc887f401edd21e4f0f9b27f531451e04c6c3592f108fa4,25,0,0,0,0,0.0,0,0,0,1.0,REJECTED_PAGE,TEXT_TOO_SPARSE_FOR_NUMERIC_TABLE_DUMP,
PVS,2025-Q4,quarter,financial_statement,https://www.ptsc.com.vn/Data/Sites/1/media/codong/2026/BCTC Hop nhat Q4 2025_web.pdf,https://www.ptsc.com.vn/Data/Sites/1/media/codong/2026/BCTC%20Hop%20nhat%20Q4%202025_web.pdf,data\raw\official_finance_documents\01ie\pvs_2025_q4_financial_statement_37e86358f3dcdfe4.pdf,37e86358f3dcdfe45fc887f401edd21e4f0f9b27f531451e04c6c3592f108fa4,26,0,0,0,0,0.0,0,0,0,1.0,REJECTED_PAGE,TEXT_TOO_SPARSE_FOR_NUMERIC_TABLE_DUMP,
PVS,2025-Q4,quarter,financial_statement,https://www.ptsc.com.vn/Data/Sites/1/media/codong/2026/BCTC Hop nhat Q4 2025_web.pdf,https://www.ptsc.com.vn/Data/Sites/1/media/codong/2026/BCTC%20Hop%20nhat%20Q4%202025_web.pdf,data\raw\official_finance_documents\01ie\pvs_2025_q4_financial_statement_37e86358f3dcdfe4.pdf,37e86358f3dcdfe45fc887f401edd21e4f0f9b27f531451e04c6c3592f108fa4,27,0,0,0,0,0.0,0,0,0,1.0,REJECTED_PAGE,TEXT_TOO_SPARSE_FOR_NUMERIC_TABLE_DUMP,
PVS,2025-Q4,quarter,financial_statement,https://www.ptsc.com.vn/Data/Sites/1/media/codong/2026/BCTC Hop nhat Q4 2025_web.pdf,https://www.ptsc.com.vn/Data/Sites/1/media/codong/2026/BCTC%20Hop%20nhat%20Q4%202025_web.pdf,data\raw\official_finance_documents\01ie\pvs_2025_q4_financial_statement_37e86358f3dcdfe4.pdf,37e86358f3dcdfe45fc887f401edd21e4f0f9b27f531451e04c6c3592f108fa4,28,0,0,0,0,0.0,0,0,0,1.0,REJECTED_PAGE,TEXT_TOO_SPARSE_FOR_NUMERIC_TABLE_DUMP,
PVS,2025-Q4,quarter,financial_statement,https://www.ptsc.com.vn/Data/Sites/1/media/codong/2026/BCTC Hop nhat Q4 2025_web.pdf,https://www.ptsc.com.vn/Data/Sites/1/media/codong/2026/BCTC%20Hop%20nhat%20Q4%202025_web.pdf,data\raw\official_finance_documents\01ie\pvs_2025_q4_financial_statement_37e86358f3dcdfe4.pdf,37e86358f3dcdfe45fc887f401edd21e4f0f9b27f531451e04c6c3592f108fa4,29,0,0,0,0,0.0,0,0,0,1.0,REJECTED_PAGE,TEXT_TOO_SPARSE_FOR_NUMERIC_TABLE_DUMP,
PVS,2025-Q4,quarter,financial_statement,https://www.ptsc.com.vn/Data/Sites/1/media/codong/2026/BCTC Hop nhat Q4 2025_web.pdf,https://www.ptsc.com.vn/Data/Sites/1/media/codong/2026/BCTC%20Hop%20nhat%20Q4%202025_web.pdf,data\raw\official_finance_documents\01ie\pvs_2025_q4_financial_statement_37e86358f3dcdfe4.pdf,37e86358f3dcdfe45fc887f401edd21e4f0f9b27f531451e04c6c3592f108fa4,30,0,0,0,0,0.0,0,0,0,1.0,REJECTED_PAGE,TEXT_TOO_SPARSE_FOR_NUMERIC_TABLE_DUMP,
PVS,2025-Q4,quarter,financial_statement,https://www.ptsc.com.vn/Data/Sites/1/media/codong/2026/BCTC Hop nhat Q4 2025_web.pdf,https://www.ptsc.com.vn/Data/Sites/1/media/codong/2026/BCTC%20Hop%20nhat%20Q4%202025_web.pdf,data\raw\official_finance_documents\01ie\pvs_2025_q4_financial_statement_37e86358f3dcdfe4.pdf,37e86358f3dcdfe45fc887f401edd21e4f0f9b27f531451e04c6c3592f108fa4,31,0,0,0,0,0.0,0,0,0,1.0,REJECTED_PAGE,TEXT_TOO_SPARSE_FOR_NUMERIC_TABLE_DUMP,
PVS,2025-Q4,quarter,financial_statement,https://www.ptsc.com.vn/Data/Sites/1/media/codong/2026/BCTC Hop nhat Q4 2025_web.pdf,https://www.ptsc.com.vn/Data/Sites/1/media/codong/2026/BCTC%20Hop%20nhat%20Q4%202025_web.pdf,data\raw\official_finance_documents\01ie\pvs_2025_q4_financial_statement_37e86358f3dcdfe4.pdf,37e86358f3dcdfe45fc887f401edd21e4f0f9b27f531451e04c6c3592f108fa4,32,0,0,0,0,0.0,0,0,0,1.0,REJECTED_PAGE,TEXT_TOO_SPARSE_FOR_NUMERIC_TABLE_DUMP,
PVS,2025-Q4,quarter,financial_statement,https://www.ptsc.com.vn/Data/Sites/1/media/codong/2026/BCTC Hop nhat Q4 2025_web.pdf,https://www.ptsc.com.vn/Data/Sites/1/media/codong/2026/BCTC%20Hop%20nhat%20Q4%202025_web.pdf,data\raw\official_finance_documents\01ie\pvs_2025_q4_financial_statement_37e86358f3dcdfe4.pdf,37e86358f3dcdfe45fc887f401edd21e4f0f9b27f531451e04c6c3592f108fa4,33,0,0,0,0,0.0,0,0,0,1.0,REJECTED_PAGE,TEXT_TOO_SPARSE_FOR_NUMERIC_TABLE_DUMP,
PVS,2025-Q4,quarter,financial_statement,https://www.ptsc.com.vn/Data/Sites/1/media/codong/2026/BCTC Hop nhat Q4 2025_web.pdf,https://www.ptsc.com.vn/Data/Sites/1/media/codong/2026/BCTC%20Hop%20nhat%20Q4%202025_web.pdf,data\raw\official_finance_documents\01ie\pvs_2025_q4_financial_statement_37e86358f3dcdfe4.pdf,37e86358f3dcdfe45fc887f401edd21e4f0f9b27f531451e04c6c3592f108fa4,34,0,0,0,0,0.0,0,0,0,1.0,REJECTED_PAGE,TEXT_TOO_SPARSE_FOR_NUMERIC_TABLE_DUMP,
PVS,2025-Q4,quarter,financial_statement,https://www.ptsc.com.vn/Data/Sites/1/media/codong/2026/BCTC Hop nhat Q4 2025_web.pdf,https://www.ptsc.com.vn/Data/Sites/1/media/codong/2026/BCTC%20Hop%20nhat%20Q4%202025_web.pdf,data\raw\official_finance_documents\01ie\pvs_2025_q4_financial_statement_37e86358f3dcdfe4.pdf,37e86358f3dcdfe45fc887f401edd21e4f0f9b27f531451e04c6c3592f108fa4,35,0,0,0,0,0.0,0,0,0,1.0,REJECTED_PAGE,TEXT_TOO_SPARSE_FOR_NUMERIC_TABLE_DUMP,
PVS,2025-Q4,quarter,financial_statement,https://www.ptsc.com.vn/Data/Sites/1/media/codong/2026/BCTC Hop nhat Q4 2025_web.pdf,https://www.ptsc.com.vn/Data/Sites/1/media/codong/2026/BCTC%20Hop%20nhat%20Q4%202025_web.pdf,data\raw\official_finance_documents\01ie\pvs_2025_q4_financial_statement_37e86358f3dcdfe4.pdf,37e86358f3dcdfe45fc887f401edd21e4f0f9b27f531451e04c6c3592f108fa4,36,0,0,0,0,0.0,0,0,0,1.0,REJECTED_PAGE,TEXT_TOO_SPARSE_FOR_NUMERIC_TABLE_DUMP,
PVS,2025-Q4,quarter,financial_statement,https://www.ptsc.com.vn/Data/Sites/1/media/codong/2026/BCTC Hop nhat Q4 2025_web.pdf,https://www.ptsc.com.vn/Data/Sites/1/media/codong/2026/BCTC%20Hop%20nhat%20Q4%202025_web.pdf,data\raw\official_finance_documents\01ie\pvs_2025_q4_financial_statement_37e86358f3dcdfe4.pdf,37e86358f3dcdfe45fc887f401edd21e4f0f9b27f531451e04c6c3592f108fa4,37,0,0,0,0,0.0,0,0,0,1.0,REJECTED_PAGE,TEXT_TOO_SPARSE_FOR_NUMERIC_TABLE_DUMP,
PVS,2025-Q4,quarter,financial_statement,https://www.ptsc.com.vn/Data/Sites/1/media/codong/2026/BCTC Hop nhat Q4 2025_web.pdf,https://www.ptsc.com.vn/Data/Sites/1/media/codong/2026/BCTC%20Hop%20nhat%20Q4%202025_web.pdf,data\raw\official_finance_documents\01ie\pvs_2025_q4_financial_statement_37e86358f3dcdfe4.pdf,37e86358f3dcdfe45fc887f401edd21e4f0f9b27f531451e04c6c3592f108fa4,38,0,0,0,0,0.0,0,0,0,1.0,REJECTED_PAGE,TEXT_TOO_SPARSE_FOR_NUMERIC_TABLE_DUMP,
PVS,2025-Q4,quarter,financial_statement,https://www.ptsc.com.vn/Data/Sites/1/media/codong/2026/BCTC Hop nhat Q4 2025_web.pdf,https://www.ptsc.com.vn/Data/Sites/1/media/codong/2026/BCTC%20Hop%20nhat%20Q4%202025_web.pdf,data\raw\official_finance_documents\01ie\pvs_2025_q4_financial_statement_37e86358f3dcdfe4.pdf,37e86358f3dcdfe45fc887f401edd21e4f0f9b27f531451e04c6c3592f108fa4,39,0,0,0,0,0.0,0,0,0,1.0,REJECTED_PAGE,TEXT_TOO_SPARSE_FOR_NUMERIC_TABLE_DUMP,
PVS,2025-Q4,quarter,financial_statement,https://www.ptsc.com.vn/Data/Sites/1/media/codong/2026/BCTC Hop nhat Q4 2025_web.pdf,https://www.ptsc.com.vn/Data/Sites/1/media/codong/2026/BCTC%20Hop%20nhat%20Q4%202025_web.pdf,data\raw\official_finance_documents\01ie\pvs_2025_q4_financial_statement_37e86358f3dcdfe4.pdf,37e86358f3dcdfe45fc887f401edd21e4f0f9b27f531451e04c6c3592f108fa4,40,0,0,0,0,0.0,0,0,0,1.0,REJECTED_PAGE,TEXT_TOO_SPARSE_FOR_NUMERIC_TABLE_DUMP,
PVS,2025-Q4,quarter,financial_statement,https://www.ptsc.com.vn/Data/Sites/1/media/codong/2026/BCTC Hop nhat Q4 2025_web.pdf,https://www.ptsc.com.vn/Data/Sites/1/media/codong/2026/BCTC%20Hop%20nhat%20Q4%202025_web.pdf,data\raw\official_finance_documents\01ie\pvs_2025_q4_financial_statement_37e86358f3dcdfe4.pdf,37e86358f3dcdfe45fc887f401edd21e4f0f9b27f531451e04c6c3592f108fa4,41,0,0,0,0,0.0,0,0,0,1.0,REJECTED_PAGE,TEXT_TOO_SPARSE_FOR_NUMERIC_TABLE_DUMP,
PVS,2025-Q4,quarter,financial_statement,https://www.ptsc.com.vn/Data/Sites/1/media/codong/2026/BCTC Hop nhat Q4 2025_web.pdf,https://www.ptsc.com.vn/Data/Sites/1/media/codong/2026/BCTC%20Hop%20nhat%20Q4%202025_web.pdf,data\raw\official_finance_documents\01ie\pvs_2025_q4_financial_statement_37e86358f3dcdfe4.pdf,37e86358f3dcdfe45fc887f401edd21e4f0f9b27f531451e04c6c3592f108fa4,42,0,0,0,0,0.0,0,0,0,1.0,REJECTED_PAGE,TEXT_TOO_SPARSE_FOR_NUMERIC_TABLE_DUMP,
PVS,2025-Q4,quarter,financial_statement,https://www.ptsc.com.vn/Data/Sites/1/media/codong/2026/BCTC Hop nhat Q4 2025_web.pdf,https://www.ptsc.com.vn/Data/Sites/1/media/codong/2026/BCTC%20Hop%20nhat%20Q4%202025_web.pdf,data\raw\official_finance_documents\01ie\pvs_2025_q4_financial_statement_37e86358f3dcdfe4.pdf,37e86358f3dcdfe45fc887f401edd21e4f0f9b27f531451e04c6c3592f108fa4,43,0,0,0,0,0.0,0,0,0,1.0,REJECTED_PAGE,TEXT_TOO_SPARSE_FOR_NUMERIC_TABLE_DUMP,
PVS,2025-Q4,quarter,financial_statement,https://www.ptsc.com.vn/Data/Sites/1/media/codong/2026/BCTC Hop nhat Q4 2025_web.pdf,https://www.ptsc.com.vn/Data/Sites/1/media/codong/2026/BCTC%20Hop%20nhat%20Q4%202025_web.pdf,data\raw\official_finance_documents\01ie\pvs_2025_q4_financial_statement_37e86358f3dcdfe4.pdf,37e86358f3dcdfe45fc887f401edd21e4f0f9b27f531451e04c6c3592f108fa4,44,0,0,0,0,0.0,0,0,0,1.0,REJECTED_PAGE,TEXT_TOO_SPARSE_FOR_NUMERIC_TABLE_DUMP,
PVS,2025-Q4,quarter,financial_statement,https://www.ptsc.com.vn/Data/Sites/1/media/codong/2026/BCTC Hop nhat Q4 2025_web.pdf,https://www.ptsc.com.vn/Data/Sites/1/media/codong/2026/BCTC%20Hop%20nhat%20Q4%202025_web.pdf,data\raw\official_finance_documents\01ie\pvs_2025_q4_financial_statement_37e86358f3dcdfe4.pdf,37e86358f3dcdfe45fc887f401edd21e4f0f9b27f531451e04c6c3592f108fa4,45,0,0,0,0,0.0,0,0,0,1.0,REJECTED_PAGE,TEXT_TOO_SPARSE_FOR_NUMERIC_TABLE_DUMP,
PVS,2025-Q4,quarter,financial_statement,https://www.ptsc.com.vn/Data/Sites/1/media/codong/2026/BCTC Hop nhat Q4 2025_web.pdf,https://www.ptsc.com.vn/Data/Sites/1/media/codong/2026/BCTC%20Hop%20nhat%20Q4%202025_web.pdf,data\raw\official_finance_documents\01ie\pvs_2025_q4_financial_statement_37e86358f3dcdfe4.pdf,37e86358f3dcdfe45fc887f401edd21e4f0f9b27f531451e04c6c3592f108fa4,46,0,0,0,0,0.0,0,0,0,1.0,REJECTED_PAGE,TEXT_TOO_SPARSE_FOR_NUMERIC_TABLE_DUMP,
PVS,2025-Q4,quarter,financial_statement,https://www.ptsc.com.vn/Data/Sites/1/media/codong/2026/BCTC Hop nhat Q4 2025_web.pdf,https://www.ptsc.com.vn/Data/Sites/1/media/codong/2026/BCTC%20Hop%20nhat%20Q4%202025_web.pdf,data\raw\official_finance_documents\01ie\pvs_2025_q4_financial_statement_37e86358f3dcdfe4.pdf,37e86358f3dcdfe45fc887f401edd21e4f0f9b27f531451e04c6c3592f108fa4,47,0,0,0,0,0.0,0,0,0,1.0,REJECTED_PAGE,TEXT_TOO_SPARSE_FOR_NUMERIC_TABLE_DUMP,
PVS,2025-Q4,quarter,financial_statement,https://www.ptsc.com.vn/Data/Sites/1/media/codong/2026/BCTC Hop nhat Q4 2025_web.pdf,https://www.ptsc.com.vn/Data/Sites/1/media/codong/2026/BCTC%20Hop%20nhat%20Q4%202025_web.pdf,data\raw\official_finance_documents\01ie\pvs_2025_q4_financial_statement_37e86358f3dcdfe4.pdf,37e86358f3dcdfe45fc887f401edd21e4f0f9b27f531451e04c6c3592f108fa4,48,0,0,0,0,0.0,0,0,0,1.0,REJECTED_PAGE,TEXT_TOO_SPARSE_FOR_NUMERIC_TABLE_DUMP,
PVS,2025-Q4,quarter,financial_statement,https://www.ptsc.com.vn/Data/Sites/1/media/codong/2026/BCTC Hop nhat Q4 2025_web.pdf,https://www.ptsc.com.vn/Data/Sites/1/media/codong/2026/BCTC%20Hop%20nhat%20Q4%202025_web.pdf,data\raw\official_finance_documents\01ie\pvs_2025_q4_financial_statement_37e86358f3dcdfe4.pdf,37e86358f3dcdfe45fc887f401edd21e4f0f9b27f531451e04c6c3592f108fa4,49,0,0,0,0,0.0,0,0,0,1.0,REJECTED_PAGE,TEXT_TOO_SPARSE_FOR_NUMERIC_TABLE_DUMP,
PVS,2025-Q4,quarter,financial_statement,https://www.ptsc.com.vn/Data/Sites/1/media/codong/2026/BCTC Hop nhat Q4 2025_web.pdf,https://www.ptsc.com.vn/Data/Sites/1/media/codong/2026/BCTC%20Hop%20nhat%20Q4%202025_web.pdf,data\raw\official_finance_documents\01ie\pvs_2025_q4_financial_statement_37e86358f3dcdfe4.pdf,37e86358f3dcdfe45fc887f401edd21e4f0f9b27f531451e04c6c3592f108fa4,50,0,0,0,0,0.0,0,0,0,1.0,REJECTED_PAGE,TEXT_TOO_SPARSE_FOR_NUMERIC_TABLE_DUMP,
PVS,2025-Q4,quarter,financial_statement,https://www.ptsc.com.vn/Data/Sites/1/media/codong/2026/BCTC Hop nhat Q4 2025_web.pdf,https://www.ptsc.com.vn/Data/Sites/1/media/codong/2026/BCTC%20Hop%20nhat%20Q4%202025_web.pdf,data\raw\official_finance_documents\01ie\pvs_2025_q4_financial_statement_37e86358f3dcdfe4.pdf,37e86358f3dcdfe45fc887f401edd21e4f0f9b27f531451e04c6c3592f108fa4,51,0,0,0,0,0.0,0,0,0,1.0,REJECTED_PAGE,TEXT_TOO_SPARSE_FOR_NUMERIC_TABLE_DUMP,
PVS,2025-Q4,quarter,financial_statement,https://www.ptsc.com.vn/Data/Sites/1/media/codong/2026/BCTC Hop nhat Q4 2025_web.pdf,https://www.ptsc.com.vn/Data/Sites/1/media/codong/2026/BCTC%20Hop%20nhat%20Q4%202025_web.pdf,data\raw\official_finance_documents\01ie\pvs_2025_q4_financial_statement_37e86358f3dcdfe4.pdf,37e86358f3dcdfe45fc887f401edd21e4f0f9b27f531451e04c6c3592f108fa4,52,0,0,0,0,0.0,0,0,0,1.0,REJECTED_PAGE,TEXT_TOO_SPARSE_FOR_NUMERIC_TABLE_DUMP,
PVS,2025-Q4,quarter,financial_statement,https://www.ptsc.com.vn/Data/Sites/1/media/codong/2026/BCTC Hop nhat Q4 2025_web.pdf,https://www.ptsc.com.vn/Data/Sites/1/media/codong/2026/BCTC%20Hop%20nhat%20Q4%202025_web.pdf,data\raw\official_finance_documents\01ie\pvs_2025_q4_financial_statement_37e86358f3dcdfe4.pdf,37e86358f3dcdfe45fc887f401edd21e4f0f9b27f531451e04c6c3592f108fa4,53,0,0,0,0,0.0,0,0,0,1.0,REJECTED_PAGE,TEXT_TOO_SPARSE_FOR_NUMERIC_TABLE_DUMP,
PVS,2025-Q4,quarter,financial_statement,https://www.ptsc.com.vn/Data/Sites/1/media/codong/2026/BCTC Hop nhat Q4 2025_web.pdf,https://www.ptsc.com.vn/Data/Sites/1/media/codong/2026/BCTC%20Hop%20nhat%20Q4%202025_web.pdf,data\raw\official_finance_documents\01ie\pvs_2025_q4_financial_statement_37e86358f3dcdfe4.pdf,37e86358f3dcdfe45fc887f401edd21e4f0f9b27f531451e04c6c3592f108fa4,54,0,0,0,0,0.0,0,0,0,1.0,REJECTED_PAGE,TEXT_TOO_SPARSE_FOR_NUMERIC_TABLE_DUMP,
PVS,2025-Q4,quarter,financial_statement,https://www.ptsc.com.vn/Data/Sites/1/media/codong/2026/BCTC Hop nhat Q4 2025_web.pdf,https://www.ptsc.com.vn/Data/Sites/1/media/codong/2026/BCTC%20Hop%20nhat%20Q4%202025_web.pdf,data\raw\official_finance_documents\01ie\pvs_2025_q4_financial_statement_37e86358f3dcdfe4.pdf,37e86358f3dcdfe45fc887f401edd21e4f0f9b27f531451e04c6c3592f108fa4,55,0,0,0,0,0.0,0,0,0,1.0,REJECTED_PAGE,TEXT_TOO_SPARSE_FOR_NUMERIC_TABLE_DUMP,
PVS,2025-Q4,quarter,financial_statement,https://www.ptsc.com.vn/Data/Sites/1/media/codong/2026/BCTC Hop nhat Q4 2025_web.pdf,https://www.ptsc.com.vn/Data/Sites/1/media/codong/2026/BCTC%20Hop%20nhat%20Q4%202025_web.pdf,data\raw\official_finance_documents\01ie\pvs_2025_q4_financial_statement_37e86358f3dcdfe4.pdf,37e86358f3dcdfe45fc887f401edd21e4f0f9b27f531451e04c6c3592f108fa4,56,0,0,0,0,0.0,0,0,0,1.0,REJECTED_PAGE,TEXT_TOO_SPARSE_FOR_NUMERIC_TABLE_DUMP,
PVS,2025-Q4,quarter,financial_statement,https://www.ptsc.com.vn/Data/Sites/1/media/codong/2026/BCTC Hop nhat Q4 2025_web.pdf,https://www.ptsc.com.vn/Data/Sites/1/media/codong/2026/BCTC%20Hop%20nhat%20Q4%202025_web.pdf,data\raw\official_finance_documents\01ie\pvs_2025_q4_financial_statement_37e86358f3dcdfe4.pdf,37e86358f3dcdfe45fc887f401edd21e4f0f9b27f531451e04c6c3592f108fa4,57,0,0,0,0,0.0,0,0,0,1.0,REJECTED_PAGE,TEXT_TOO_SPARSE_FOR_NUMERIC_TABLE_DUMP,
PVS,2025-Q4,quarter,financial_statement,https://www.ptsc.com.vn/Data/Sites/1/media/codong/2026/BCTC Hop nhat Q4 2025_web.pdf,https://www.ptsc.com.vn/Data/Sites/1/media/codong/2026/BCTC%20Hop%20nhat%20Q4%202025_web.pdf,data\raw\official_finance_documents\01ie\pvs_2025_q4_financial_statement_37e86358f3dcdfe4.pdf,37e86358f3dcdfe45fc887f401edd21e4f0f9b27f531451e04c6c3592f108fa4,58,0,0,0,0,0.0,0,0,0,1.0,REJECTED_PAGE,TEXT_TOO_SPARSE_FOR_NUMERIC_TABLE_DUMP,
PVS,2025-Q4,quarter,financial_statement,https://www.ptsc.com.vn/Data/Sites/1/media/codong/2026/BCTC Hop nhat Q4 2025_web.pdf,https://www.ptsc.com.vn/Data/Sites/1/media/codong/2026/BCTC%20Hop%20nhat%20Q4%202025_web.pdf,data\raw\official_finance_documents\01ie\pvs_2025_q4_financial_statement_37e86358f3dcdfe4.pdf,37e86358f3dcdfe45fc887f401edd21e4f0f9b27f531451e04c6c3592f108fa4,59,0,0,0,0,0.0,0,0,0,1.0,REJECTED_PAGE,TEXT_TOO_SPARSE_FOR_NUMERIC_TABLE_DUMP,
PVS,2025-Q4,quarter,financial_statement,https://www.ptsc.com.vn/Data/Sites/1/media/codong/2026/BCTC Hop nhat Q4 2025_web.pdf,https://www.ptsc.com.vn/Data/Sites/1/media/codong/2026/BCTC%20Hop%20nhat%20Q4%202025_web.pdf,data\raw\official_finance_documents\01ie\pvs_2025_q4_financial_statement_37e86358f3dcdfe4.pdf,37e86358f3dcdfe45fc887f401edd21e4f0f9b27f531451e04c6c3592f108fa4,60,0,0,0,0,0.0,0,0,0,1.0,REJECTED_PAGE,TEXT_TOO_SPARSE_FOR_NUMERIC_TABLE_DUMP,
PVS,2025-Q4,quarter,financial_statement,https://www.ptsc.com.vn/Data/Sites/1/media/codong/2026/BCTC Hop nhat Q4 2025_web.pdf,https://www.ptsc.com.vn/Data/Sites/1/media/codong/2026/BCTC%20Hop%20nhat%20Q4%202025_web.pdf,data\raw\official_finance_documents\01ie\pvs_2025_q4_financial_statement_37e86358f3dcdfe4.pdf,37e86358f3dcdfe45fc887f401edd21e4f0f9b27f531451e04c6c3592f108fa4,61,0,0,0,0,0.0,0,0,0,1.0,REJECTED_PAGE,TEXT_TOO_SPARSE_FOR_NUMERIC_TABLE_DUMP,
PVS,2025-Q4,quarter,financial_statement,https://www.ptsc.com.vn/Data/Sites/1/media/codong/2026/BCTC Hop nhat Q4 2025_web.pdf,https://www.ptsc.com.vn/Data/Sites/1/media/codong/2026/BCTC%20Hop%20nhat%20Q4%202025_web.pdf,data\raw\official_finance_documents\01ie\pvs_2025_q4_financial_statement_37e86358f3dcdfe4.pdf,37e86358f3dcdfe45fc887f401edd21e4f0f9b27f531451e04c6c3592f108fa4,62,0,0,0,0,0.0,0,0,0,1.0,REJECTED_PAGE,TEXT_TOO_SPARSE_FOR_NUMERIC_TABLE_DUMP,
PVS,2025-Q4,quarter,financial_statement,https://www.ptsc.com.vn/Data/Sites/1/media/codong/2026/BCTC Hop nhat Q4 2025_web.pdf,https://www.ptsc.com.vn/Data/Sites/1/media/codong/2026/BCTC%20Hop%20nhat%20Q4%202025_web.pdf,data\raw\official_finance_documents\01ie\pvs_2025_q4_financial_statement_37e86358f3dcdfe4.pdf,37e86358f3dcdfe45fc887f401edd21e4f0f9b27f531451e04c6c3592f108fa4,63,0,0,0,0,0.0,0,0,0,1.0,REJECTED_PAGE,TEXT_TOO_SPARSE_FOR_NUMERIC_TABLE_DUMP,
PVS,2025-Q4,quarter,financial_statement,https://www.ptsc.com.vn/Data/Sites/1/media/codong/2026/BCTC Hop nhat Q4 2025_web.pdf,https://www.ptsc.com.vn/Data/Sites/1/media/codong/2026/BCTC%20Hop%20nhat%20Q4%202025_web.pdf,data\raw\official_finance_documents\01ie\pvs_2025_q4_financial_statement_37e86358f3dcdfe4.pdf,37e86358f3dcdfe45fc887f401edd21e4f0f9b27f531451e04c6c3592f108fa4,64,0,0,0,0,0.0,0,0,0,1.0,REJECTED_PAGE,TEXT_TOO_SPARSE_FOR_NUMERIC_TABLE_DUMP,
PVS,2025-Q4,quarter,financial_statement,https://www.ptsc.com.vn/Data/Sites/1/media/codong/2026/BCTC Hop nhat Q4 2025_web.pdf,https://www.ptsc.com.vn/Data/Sites/1/media/codong/2026/BCTC%20Hop%20nhat%20Q4%202025_web.pdf,data\raw\official_finance_documents\01ie\pvs_2025_q4_financial_statement_37e86358f3dcdfe4.pdf,37e86358f3dcdfe45fc887f401edd21e4f0f9b27f531451e04c6c3592f108fa4,65,0,0,0,0,0.0,0,0,0,1.0,REJECTED_PAGE,TEXT_TOO_SPARSE_FOR_NUMERIC_TABLE_DUMP,
PVS,2025-Q4,quarter,financial_statement,https://www.ptsc.com.vn/Data/Sites/1/media/codong/2026/BCTC Hop nhat Q4 2025_web.pdf,https://www.ptsc.com.vn/Data/Sites/1/media/codong/2026/BCTC%20Hop%20nhat%20Q4%202025_web.pdf,data\raw\official_finance_documents\01ie\pvs_2025_q4_financial_statement_37e86358f3dcdfe4.pdf,37e86358f3dcdfe45fc887f401edd21e4f0f9b27f531451e04c6c3592f108fa4,66,0,0,0,0,0.0,0,0,0,1.0,REJECTED_PAGE,TEXT_TOO_SPARSE_FOR_NUMERIC_TABLE_DUMP,
PVS,2025-Q4,quarter,financial_statement,https://www.ptsc.com.vn/Data/Sites/1/media/codong/2026/BCTC Hop nhat Q4 2025_web.pdf,https://www.ptsc.com.vn/Data/Sites/1/media/codong/2026/BCTC%20Hop%20nhat%20Q4%202025_web.pdf,data\raw\official_finance_documents\01ie\pvs_2025_q4_financial_statement_37e86358f3dcdfe4.pdf,37e86358f3dcdfe45fc887f401edd21e4f0f9b27f531451e04c6c3592f108fa4,67,0,0,0,0,0.0,0,0,0,1.0,REJECTED_PAGE,TEXT_TOO_SPARSE_FOR_NUMERIC_TABLE_DUMP,
PVS,2025-Q4,quarter,financial_statement,https://www.ptsc.com.vn/Data/Sites/1/media/codong/2026/BCTC Hop nhat Q4 2025_web.pdf,https://www.ptsc.com.vn/Data/Sites/1/media/codong/2026/BCTC%20Hop%20nhat%20Q4%202025_web.pdf,data\raw\official_finance_documents\01ie\pvs_2025_q4_financial_statement_37e86358f3dcdfe4.pdf,37e86358f3dcdfe45fc887f401edd21e4f0f9b27f531451e04c6c3592f108fa4,68,0,0,0,0,0.0,0,0,0,1.0,REJECTED_PAGE,TEXT_TOO_SPARSE_FOR_NUMERIC_TABLE_DUMP,
PVS,2025-Q4,quarter,financial_statement,https://www.ptsc.com.vn/Data/Sites/1/media/codong/2026/BCTC Hop nhat Q4 2025_web.pdf,https://www.ptsc.com.vn/Data/Sites/1/media/codong/2026/BCTC%20Hop%20nhat%20Q4%202025_web.pdf,data\raw\official_finance_documents\01ie\pvs_2025_q4_financial_statement_37e86358f3dcdfe4.pdf,37e86358f3dcdfe45fc887f401edd21e4f0f9b27f531451e04c6c3592f108fa4,69,0,0,0,0,0.0,0,0,0,1.0,REJECTED_PAGE,TEXT_TOO_SPARSE_FOR_NUMERIC_TABLE_DUMP,
PVS,2025-Q4,quarter,financial_statement,https://www.ptsc.com.vn/Data/Sites/1/media/codong/2026/BCTC Hop nhat Q4 2025_web.pdf,https://www.ptsc.com.vn/Data/Sites/1/media/codong/2026/BCTC%20Hop%20nhat%20Q4%202025_web.pdf,data\raw\official_finance_documents\01ie\pvs_2025_q4_financial_statement_37e86358f3dcdfe4.pdf,37e86358f3dcdfe45fc887f401edd21e4f0f9b27f531451e04c6c3592f108fa4,70,0,0,0,0,0.0,0,0,0,1.0,REJECTED_PAGE,TEXT_TOO_SPARSE_FOR_NUMERIC_TABLE_DUMP,
PVS,2025-Q4,quarter,financial_statement,https://www.ptsc.com.vn/Data/Sites/1/media/codong/2026/BCTC Hop nhat Q4 2025_web.pdf,https://www.ptsc.com.vn/Data/Sites/1/media/codong/2026/BCTC%20Hop%20nhat%20Q4%202025_web.pdf,data\raw\official_finance_documents\01ie\pvs_2025_q4_financial_statement_37e86358f3dcdfe4.pdf,37e86358f3dcdfe45fc887f401edd21e4f0f9b27f531451e04c6c3592f108fa4,71,0,0,0,0,0.0,0,0,0,1.0,REJECTED_PAGE,TEXT_TOO_SPARSE_FOR_NUMERIC_TABLE_DUMP,
PVS,2025-Q4,quarter,financial_statement,https://www.ptsc.com.vn/Data/Sites/1/media/codong/2026/BCTC Hop nhat Q4 2025_web.pdf,https://www.ptsc.com.vn/Data/Sites/1/media/codong/2026/BCTC%20Hop%20nhat%20Q4%202025_web.pdf,data\raw\official_finance_documents\01ie\pvs_2025_q4_financial_statement_37e86358f3dcdfe4.pdf,37e86358f3dcdfe45fc887f401edd21e4f0f9b27f531451e04c6c3592f108fa4,72,0,0,0,0,0.0,0,0,0,1.0,REJECTED_PAGE,TEXT_TOO_SPARSE_FOR_NUMERIC_TABLE_DUMP,
PVS,2025-Q4,quarter,financial_statement,https://www.ptsc.com.vn/Data/Sites/1/media/codong/2026/BCTC Hop nhat Q4 2025_web.pdf,https://www.ptsc.com.vn/Data/Sites/1/media/codong/2026/BCTC%20Hop%20nhat%20Q4%202025_web.pdf,data\raw\official_finance_documents\01ie\pvs_2025_q4_financial_statement_37e86358f3dcdfe4.pdf,37e86358f3dcdfe45fc887f401edd21e4f0f9b27f531451e04c6c3592f108fa4,73,0,0,0,0,0.0,0,0,0,1.0,REJECTED_PAGE,TEXT_TOO_SPARSE_FOR_NUMERIC_TABLE_DUMP,
PVS,2025-Q4,quarter,financial_statement,https://www.ptsc.com.vn/Data/Sites/1/media/codong/2026/BCTC Hop nhat Q4 2025_web.pdf,https://www.ptsc.com.vn/Data/Sites/1/media/codong/2026/BCTC%20Hop%20nhat%20Q4%202025_web.pdf,data\raw\official_finance_documents\01ie\pvs_2025_q4_financial_statement_37e86358f3dcdfe4.pdf,37e86358f3dcdfe45fc887f401edd21e4f0f9b27f531451e04c6c3592f108fa4,74,0,0,0,0,0.0,0,0,0,1.0,REJECTED_PAGE,TEXT_TOO_SPARSE_FOR_NUMERIC_TABLE_DUMP,
PVS,2025-Q4,quarter,financial_statement,https://www.ptsc.com.vn/Data/Sites/1/media/codong/2026/BCTC Hop nhat Q4 2025_web.pdf,https://www.ptsc.com.vn/Data/Sites/1/media/codong/2026/BCTC%20Hop%20nhat%20Q4%202025_web.pdf,data\raw\official_finance_documents\01ie\pvs_2025_q4_financial_statement_37e86358f3dcdfe4.pdf,37e86358f3dcdfe45fc887f401edd21e4f0f9b27f531451e04c6c3592f108fa4,75,0,0,0,0,0.0,0,0,0,1.0,REJECTED_PAGE,TEXT_TOO_SPARSE_FOR_NUMERIC_TABLE_DUMP,
PVS,2025-Q4,quarter,financial_statement,https://www.ptsc.com.vn/Data/Sites/1/media/codong/2026/BCTC Hop nhat Q4 2025_web.pdf,https://www.ptsc.com.vn/Data/Sites/1/media/codong/2026/BCTC%20Hop%20nhat%20Q4%202025_web.pdf,data\raw\official_finance_documents\01ie\pvs_2025_q4_financial_statement_37e86358f3dcdfe4.pdf,37e86358f3dcdfe45fc887f401edd21e4f0f9b27f531451e04c6c3592f108fa4,76,0,0,0,0,0.0,0,0,0,1.0,REJECTED_PAGE,TEXT_TOO_SPARSE_FOR_NUMERIC_TABLE_DUMP,
PVS,2025-Q4,quarter,financial_statement,https://www.ptsc.com.vn/Data/Sites/1/media/codong/2026/BCTC Hop nhat Q4 2025_web.pdf,https://www.ptsc.com.vn/Data/Sites/1/media/codong/2026/BCTC%20Hop%20nhat%20Q4%202025_web.pdf,data\raw\official_finance_documents\01ie\pvs_2025_q4_financial_statement_37e86358f3dcdfe4.pdf,37e86358f3dcdfe45fc887f401edd21e4f0f9b27f531451e04c6c3592f108fa4,77,0,0,0,0,0.0,0,0,0,1.0,REJECTED_PAGE,TEXT_TOO_SPARSE_FOR_NUMERIC_TABLE_DUMP,
PVS,2025-Q4,quarter,financial_statement,https://www.ptsc.com.vn/Data/Sites/1/media/codong/2026/BCTC Hop nhat Q4 2025_web.pdf,https://www.ptsc.com.vn/Data/Sites/1/media/codong/2026/BCTC%20Hop%20nhat%20Q4%202025_web.pdf,data\raw\official_finance_documents\01ie\pvs_2025_q4_financial_statement_37e86358f3dcdfe4.pdf,37e86358f3dcdfe45fc887f401edd21e4f0f9b27f531451e04c6c3592f108fa4,78,0,0,0,0,0.0,0,0,0,1.0,REJECTED_PAGE,TEXT_TOO_SPARSE_FOR_NUMERIC_TABLE_DUMP,
PVS,2025-Q4,quarter,financial_statement,https://www.ptsc.com.vn/Data/Sites/1/media/codong/2026/BCTC Hop nhat Q4 2025_web.pdf,https://www.ptsc.com.vn/Data/Sites/1/media/codong/2026/BCTC%20Hop%20nhat%20Q4%202025_web.pdf,data\raw\official_finance_documents\01ie\pvs_2025_q4_financial_statement_37e86358f3dcdfe4.pdf,37e86358f3dcdfe45fc887f401edd21e4f0f9b27f531451e04c6c3592f108fa4,79,0,0,0,0,0.0,0,0,0,1.0,REJECTED_PAGE,TEXT_TOO_SPARSE_FOR_NUMERIC_TABLE_DUMP,
PVS,2025-Q4,quarter,financial_statement,https://www.ptsc.com.vn/Data/Sites/1/media/codong/2026/BCTC Hop nhat Q4 2025_web.pdf,https://www.ptsc.com.vn/Data/Sites/1/media/codong/2026/BCTC%20Hop%20nhat%20Q4%202025_web.pdf,data\raw\official_finance_documents\01ie\pvs_2025_q4_financial_statement_37e86358f3dcdfe4.pdf,37e86358f3dcdfe45fc887f401edd21e4f0f9b27f531451e04c6c3592f108fa4,80,0,0,0,0,0.0,0,0,0,1.0,REJECTED_PAGE,TEXT_TOO_SPARSE_FOR_NUMERIC_TABLE_DUMP,
PVS,2025-Q4,quarter,financial_statement,https://www.ptsc.com.vn/Data/Sites/1/media/codong/2026/BCTC Hop nhat Q4 2025_web.pdf,https://www.ptsc.com.vn/Data/Sites/1/media/codong/2026/BCTC%20Hop%20nhat%20Q4%202025_web.pdf,data\raw\official_finance_documents\01ie\pvs_2025_q4_financial_statement_37e86358f3dcdfe4.pdf,37e86358f3dcdfe45fc887f401edd21e4f0f9b27f531451e04c6c3592f108fa4,81,0,0,0,0,0.0,0,0,0,1.0,REJECTED_PAGE,TEXT_TOO_SPARSE_FOR_NUMERIC_TABLE_DUMP,
PVS,2025-Q4,quarter,financial_statement,https://www.ptsc.com.vn/Data/Sites/1/media/codong/2026/BCTC Hop nhat Q4 2025_web.pdf,https://www.ptsc.com.vn/Data/Sites/1/media/codong/2026/BCTC%20Hop%20nhat%20Q4%202025_web.pdf,data\raw\official_finance_documents\01ie\pvs_2025_q4_financial_statement_37e86358f3dcdfe4.pdf,37e86358f3dcdfe45fc887f401edd21e4f0f9b27f531451e04c6c3592f108fa4,82,0,0,0,0,0.0,0,0,0,1.0,REJECTED_PAGE,TEXT_TOO_SPARSE_FOR_NUMERIC_TABLE_DUMP,
PVS,2025-Q4,quarter,financial_statement,https://www.ptsc.com.vn/Data/Sites/1/media/codong/2026/BCTC Hop nhat Q4 2025_web.pdf,https://www.ptsc.com.vn/Data/Sites/1/media/codong/2026/BCTC%20Hop%20nhat%20Q4%202025_web.pdf,data\raw\official_finance_documents\01ie\pvs_2025_q4_financial_statement_37e86358f3dcdfe4.pdf,37e86358f3dcdfe45fc887f401edd21e4f0f9b27f531451e04c6c3592f108fa4,83,0,0,0,0,0.0,0,0,0,1.0,REJECTED_PAGE,TEXT_TOO_SPARSE_FOR_NUMERIC_TABLE_DUMP,
PVS,2025-Q4,quarter,financial_statement,https://www.ptsc.com.vn/Data/Sites/1/media/codong/2026/BCTC Hop nhat Q4 2025_web.pdf,https://www.ptsc.com.vn/Data/Sites/1/media/codong/2026/BCTC%20Hop%20nhat%20Q4%202025_web.pdf,data\raw\official_finance_documents\01ie\pvs_2025_q4_financial_statement_37e86358f3dcdfe4.pdf,37e86358f3dcdfe45fc887f401edd21e4f0f9b27f531451e04c6c3592f108fa4,84,0,0,0,0,0.0,0,0,0,1.0,REJECTED_PAGE,TEXT_TOO_SPARSE_FOR_NUMERIC_TABLE_DUMP,
PVS,2025-Q4,quarter,financial_statement,https://www.ptsc.com.vn/Data/Sites/1/media/codong/2026/BCTC Hop nhat Q4 2025_web.pdf,https://www.ptsc.com.vn/Data/Sites/1/media/codong/2026/BCTC%20Hop%20nhat%20Q4%202025_web.pdf,data\raw\official_finance_documents\01ie\pvs_2025_q4_financial_statement_37e86358f3dcdfe4.pdf,37e86358f3dcdfe45fc887f401edd21e4f0f9b27f531451e04c6c3592f108fa4,85,0,0,0,0,0.0,0,0,0,1.0,REJECTED_PAGE,TEXT_TOO_SPARSE_FOR_NUMERIC_TABLE_DUMP,
PVS,2025-Q4,quarter,financial_statement,https://www.ptsc.com.vn/Data/Sites/1/media/codong/2026/BCTC Hop nhat Q4 2025_web.pdf,https://www.ptsc.com.vn/Data/Sites/1/media/codong/2026/BCTC%20Hop%20nhat%20Q4%202025_web.pdf,data\raw\official_finance_documents\01ie\pvs_2025_q4_financial_statement_37e86358f3dcdfe4.pdf,37e86358f3dcdfe45fc887f401edd21e4f0f9b27f531451e04c6c3592f108fa4,86,0,0,0,0,0.0,0,0,0,1.0,REJECTED_PAGE,TEXT_TOO_SPARSE_FOR_NUMERIC_TABLE_DUMP,
PVS,2025-Q4,quarter,financial_statement,https://www.ptsc.com.vn/Data/Sites/1/media/codong/2026/BCTC Hop nhat Q4 2025_web.pdf,https://www.ptsc.com.vn/Data/Sites/1/media/codong/2026/BCTC%20Hop%20nhat%20Q4%202025_web.pdf,data\raw\official_finance_documents\01ie\pvs_2025_q4_financial_statement_37e86358f3dcdfe4.pdf,37e86358f3dcdfe45fc887f401edd21e4f0f9b27f531451e04c6c3592f108fa4,87,0,0,0,0,0.0,0,0,0,1.0,REJECTED_PAGE,TEXT_TOO_SPARSE_FOR_NUMERIC_TABLE_DUMP,
PVS,2025-Q4,quarter,financial_statement,https://www.ptsc.com.vn/Data/Sites/1/media/codong/2026/BCTC Hop nhat Q4 2025_web.pdf,https://www.ptsc.com.vn/Data/Sites/1/media/codong/2026/BCTC%20Hop%20nhat%20Q4%202025_web.pdf,data\raw\official_finance_documents\01ie\pvs_2025_q4_financial_statement_37e86358f3dcdfe4.pdf,37e86358f3dcdfe45fc887f401edd21e4f0f9b27f531451e04c6c3592f108fa4,88,0,0,0,0,0.0,0,0,0,1.0,REJECTED_PAGE,TEXT_TOO_SPARSE_FOR_NUMERIC_TABLE_DUMP,
PVS,2025-Q4,quarter,financial_statement,https://www.ptsc.com.vn/Data/Sites/1/media/codong/2026/BCTC Hop nhat Q4 2025_web.pdf,https://www.ptsc.com.vn/Data/Sites/1/media/codong/2026/BCTC%20Hop%20nhat%20Q4%202025_web.pdf,data\raw\official_finance_documents\01ie\pvs_2025_q4_financial_statement_37e86358f3dcdfe4.pdf,37e86358f3dcdfe45fc887f401edd21e4f0f9b27f531451e04c6c3592f108fa4,89,0,0,0,0,0.0,0,0,0,1.0,REJECTED_PAGE,TEXT_TOO_SPARSE_FOR_NUMERIC_TABLE_DUMP,
PVS,2025-Q4,quarter,financial_statement,https://www.ptsc.com.vn/Data/Sites/1/media/codong/2026/BCTC Hop nhat Q4 2025_web.pdf,https://www.ptsc.com.vn/Data/Sites/1/media/codong/2026/BCTC%20Hop%20nhat%20Q4%202025_web.pdf,data\raw\official_finance_documents\01ie\pvs_2025_q4_financial_statement_37e86358f3dcdfe4.pdf,37e86358f3dcdfe45fc887f401edd21e4f0f9b27f531451e04c6c3592f108fa4,90,0,0,0,0,0.0,0,0,0,1.0,REJECTED_PAGE,TEXT_TOO_SPARSE_FOR_NUMERIC_TABLE_DUMP,
PVS,2025-Q4,quarter,financial_statement,https://www.ptsc.com.vn/Data/Sites/1/media/codong/2026/BCTC Hop nhat Q4 2025_web.pdf,https://www.ptsc.com.vn/Data/Sites/1/media/codong/2026/BCTC%20Hop%20nhat%20Q4%202025_web.pdf,data\raw\official_finance_documents\01ie\pvs_2025_q4_financial_statement_37e86358f3dcdfe4.pdf,37e86358f3dcdfe45fc887f401edd21e4f0f9b27f531451e04c6c3592f108fa4,91,0,0,0,0,0.0,0,0,0,1.0,REJECTED_PAGE,TEXT_TOO_SPARSE_FOR_NUMERIC_TABLE_DUMP,
PVS,2025-Q4,quarter,financial_statement,https://www.ptsc.com.vn/Data/Sites/1/media/codong/2026/BCTC Hop nhat Q4 2025_web.pdf,https://www.ptsc.com.vn/Data/Sites/1/media/codong/2026/BCTC%20Hop%20nhat%20Q4%202025_web.pdf,data\raw\official_finance_documents\01ie\pvs_2025_q4_financial_statement_37e86358f3dcdfe4.pdf,37e86358f3dcdfe45fc887f401edd21e4f0f9b27f531451e04c6c3592f108fa4,92,0,0,0,0,0.0,0,0,0,1.0,REJECTED_PAGE,TEXT_TOO_SPARSE_FOR_NUMERIC_TABLE_DUMP,
PVS,2025-Q4,quarter,financial_statement,https://www.ptsc.com.vn/Data/Sites/1/media/codong/2026/BCTC Hop nhat Q4 2025_web.pdf,https://www.ptsc.com.vn/Data/Sites/1/media/codong/2026/BCTC%20Hop%20nhat%20Q4%202025_web.pdf,data\raw\official_finance_documents\01ie\pvs_2025_q4_financial_statement_37e86358f3dcdfe4.pdf,37e86358f3dcdfe45fc887f401edd21e4f0f9b27f531451e04c6c3592f108fa4,93,0,0,0,0,0.0,0,0,0,1.0,REJECTED_PAGE,TEXT_TOO_SPARSE_FOR_NUMERIC_TABLE_DUMP,
PVS,2025-Q4,quarter,financial_statement,https://www.ptsc.com.vn/Data/Sites/1/media/codong/2026/BCTC Hop nhat Q4 2025_web.pdf,https://www.ptsc.com.vn/Data/Sites/1/media/codong/2026/BCTC%20Hop%20nhat%20Q4%202025_web.pdf,data\raw\official_finance_documents\01ie\pvs_2025_q4_financial_statement_37e86358f3dcdfe4.pdf,37e86358f3dcdfe45fc887f401edd21e4f0f9b27f531451e04c6c3592f108fa4,94,0,0,0,0,0.0,0,0,0,1.0,REJECTED_PAGE,TEXT_TOO_SPARSE_FOR_NUMERIC_TABLE_DUMP,
PVS,2025-Q4,quarter,financial_statement,https://www.ptsc.com.vn/Data/Sites/1/media/codong/2026/BCTC Hop nhat Q4 2025_web.pdf,https://www.ptsc.com.vn/Data/Sites/1/media/codong/2026/BCTC%20Hop%20nhat%20Q4%202025_web.pdf,data\raw\official_finance_documents\01ie\pvs_2025_q4_financial_statement_37e86358f3dcdfe4.pdf,37e86358f3dcdfe45fc887f401edd21e4f0f9b27f531451e04c6c3592f108fa4,95,0,0,0,0,0.0,0,0,0,1.0,REJECTED_PAGE,TEXT_TOO_SPARSE_FOR_NUMERIC_TABLE_DUMP,
PVS,2025-Q4,quarter,financial_statement,https://www.ptsc.com.vn/Data/Sites/1/media/codong/2026/BCTC Hop nhat Q4 2025_web.pdf,https://www.ptsc.com.vn/Data/Sites/1/media/codong/2026/BCTC%20Hop%20nhat%20Q4%202025_web.pdf,data\raw\official_finance_documents\01ie\pvs_2025_q4_financial_statement_37e86358f3dcdfe4.pdf,37e86358f3dcdfe45fc887f401edd21e4f0f9b27f531451e04c6c3592f108fa4,96,0,0,0,0,0.0,0,0,0,1.0,REJECTED_PAGE,TEXT_TOO_SPARSE_FOR_NUMERIC_TABLE_DUMP,
PVS,2025-Q4,quarter,financial_statement,https://www.ptsc.com.vn/Data/Sites/1/media/codong/2026/BCTC Hop nhat Q4 2025_web.pdf,https://www.ptsc.com.vn/Data/Sites/1/media/codong/2026/BCTC%20Hop%20nhat%20Q4%202025_web.pdf,data\raw\official_finance_documents\01ie\pvs_2025_q4_financial_statement_37e86358f3dcdfe4.pdf,37e86358f3dcdfe45fc887f401edd21e4f0f9b27f531451e04c6c3592f108fa4,97,0,0,0,0,0.0,0,0,0,1.0,REJECTED_PAGE,TEXT_TOO_SPARSE_FOR_NUMERIC_TABLE_DUMP,
PVS,2025-Q4,quarter,financial_statement,https://www.ptsc.com.vn/Data/Sites/1/media/codong/2026/BCTC Hop nhat Q4 2025_web.pdf,https://www.ptsc.com.vn/Data/Sites/1/media/codong/2026/BCTC%20Hop%20nhat%20Q4%202025_web.pdf,data\raw\official_finance_documents\01ie\pvs_2025_q4_financial_statement_37e86358f3dcdfe4.pdf,37e86358f3dcdfe45fc887f401edd21e4f0f9b27f531451e04c6c3592f108fa4,98,0,0,0,0,0.0,0,0,0,1.0,REJECTED_PAGE,TEXT_TOO_SPARSE_FOR_NUMERIC_TABLE_DUMP,
PVS,2025-Q4,quarter,financial_statement,https://www.ptsc.com.vn/Data/Sites/1/media/codong/2026/BCTC Hop nhat Q4 2025_web.pdf,https://www.ptsc.com.vn/Data/Sites/1/media/codong/2026/BCTC%20Hop%20nhat%20Q4%202025_web.pdf,data\raw\official_finance_documents\01ie\pvs_2025_q4_financial_statement_37e86358f3dcdfe4.pdf,37e86358f3dcdfe45fc887f401edd21e4f0f9b27f531451e04c6c3592f108fa4,99,0,0,0,0,0.0,0,0,0,1.0,REJECTED_PAGE,TEXT_TOO_SPARSE_FOR_NUMERIC_TABLE_DUMP,
PVS,2025-Q4,quarter,financial_statement,https://www.ptsc.com.vn/Data/Sites/1/media/codong/2026/BCTC Hop nhat Q4 2025_web.pdf,https://www.ptsc.com.vn/Data/Sites/1/media/codong/2026/BCTC%20Hop%20nhat%20Q4%202025_web.pdf,data\raw\official_finance_documents\01ie\pvs_2025_q4_financial_statement_37e86358f3dcdfe4.pdf,37e86358f3dcdfe45fc887f401edd21e4f0f9b27f531451e04c6c3592f108fa4,100,0,0,0,0,0.0,0,0,0,1.0,REJECTED_PAGE,TEXT_TOO_SPARSE_FOR_NUMERIC_TABLE_DUMP,
PVS,2025-Q4,quarter,financial_statement,https://www.ptsc.com.vn/Data/Sites/1/media/codong/2026/BCTC Hop nhat Q4 2025_web.pdf,https://www.ptsc.com.vn/Data/Sites/1/media/codong/2026/BCTC%20Hop%20nhat%20Q4%202025_web.pdf,data\raw\official_finance_documents\01ie\pvs_2025_q4_financial_statement_37e86358f3dcdfe4.pdf,37e86358f3dcdfe45fc887f401edd21e4f0f9b27f531451e04c6c3592f108fa4,101,0,0,0,0,0.0,0,0,0,1.0,REJECTED_PAGE,TEXT_TOO_SPARSE_FOR_NUMERIC_TABLE_DUMP,
PVS,2025-Q4,quarter,financial_statement,https://www.ptsc.com.vn/Data/Sites/1/media/codong/2026/BCTC Hop nhat Q4 2025_web.pdf,https://www.ptsc.com.vn/Data/Sites/1/media/codong/2026/BCTC%20Hop%20nhat%20Q4%202025_web.pdf,data\raw\official_finance_documents\01ie\pvs_2025_q4_financial_statement_37e86358f3dcdfe4.pdf,37e86358f3dcdfe45fc887f401edd21e4f0f9b27f531451e04c6c3592f108fa4,102,0,0,0,0,0.0,0,0,0,1.0,REJECTED_PAGE,TEXT_TOO_SPARSE_FOR_NUMERIC_TABLE_DUMP,
PVS,2025-Q4,quarter,financial_statement,https://www.ptsc.com.vn/Data/Sites/1/media/codong/2026/BCTC Hop nhat Q4 2025_web.pdf,https://www.ptsc.com.vn/Data/Sites/1/media/codong/2026/BCTC%20Hop%20nhat%20Q4%202025_web.pdf,data\raw\official_finance_documents\01ie\pvs_2025_q4_financial_statement_37e86358f3dcdfe4.pdf,37e86358f3dcdfe45fc887f401edd21e4f0f9b27f531451e04c6c3592f108fa4,103,0,0,0,0,0.0,0,0,0,1.0,REJECTED_PAGE,TEXT_TOO_SPARSE_FOR_NUMERIC_TABLE_DUMP,
PVS,2025-Q4,quarter,financial_statement,https://www.ptsc.com.vn/Data/Sites/1/media/codong/2026/BCTC Hop nhat Q4 2025_web.pdf,https://www.ptsc.com.vn/Data/Sites/1/media/codong/2026/BCTC%20Hop%20nhat%20Q4%202025_web.pdf,data\raw\official_finance_documents\01ie\pvs_2025_q4_financial_statement_37e86358f3dcdfe4.pdf,37e86358f3dcdfe45fc887f401edd21e4f0f9b27f531451e04c6c3592f108fa4,104,2711,2414,207,9,0.0148,2,1,0,9.4,SELECTED_NUMERIC_PAGE,,"BCTC hӧp nhҩt Quý 4/2025 so vӟi Quý 4/2024. Explanation of fluctuations in net profit after tax of the Consolidated financial statements for the 4th Quarter of 2025 compared to the 4th Quarter of 2024. TP. H͛ Chí Minh, ngày tháng 01 năm 2026 Kính gӱi: - Ӫy ban Chӭng khoán Nhà Nѭӟc The State Securities Commission - Sӣ Giao dӏch Chӭng khoán Hà Nӝi Hanoi Stock"
PVS,2025-Q4,quarter,financial_statement,https://www.ptsc.com.vn/Data/Sites/1/media/codong/2026/BCTC Hop nhat Q4 2025_web.pdf,https://www.ptsc.com.vn/Data/Sites/1/media/codong/2026/BCTC%20Hop%20nhat%20Q4%202025_web.pdf,data\raw\official_finance_documents\01ie\pvs_2025_q4_financial_statement_37e86358f3dcdfe4.pdf,37e86358f3dcdfe45fc887f401edd21e4f0f9b27f531451e04c6c3592f108fa4,105,1130,959,64,4,0.0197,0,0,0,2.4,REJECTED_PAGE,LOW_NUMERIC_TOKEN_COUNT,"1 Lê Duҭn, Phѭӡng Sài Gòn, Thành phӕ Hӗ Chí Minh, ViӋt Nam PTSC-ADM-RG08-FM04 T (+84) 28 3910 2828 F (+84) 28 3910 2929 www.ptsc.com.vn 2 Business performance across core service segments, including Mechanical and construction; Supply base services; Transportation, installation, operation and maintenance for offshore facilities... recorded growth in the 4th"
SSI,2025-Q4,quarter,financial_statement,https://www.ssi.com.vn/upload/files/IR/20260130_SSI_Bao_cao_tai_chinh_hop_nhat_Quy_4_nam_2025.pdf,https://www.ssi.com.vn/upload/files/IR/20260130_SSI_Bao_cao_tai_chinh_hop_nhat_Quy_4_nam_2025.pdf,data\raw\official_finance_documents\01ie\ssi_2025_q4_financial_statement_8e274d934023ff51.pdf,8e274d934023ff5129a99729f181b75df47dafda50ee26d831979466ae432d22,1,0,0,0,0,0.0,0,0,0,1.0,REJECTED_PAGE,TEXT_TOO_SPARSE_FOR_NUMERIC_TABLE_DUMP,
SSI,2025-Q4,quarter,financial_statement,https://www.ssi.com.vn/upload/files/IR/20260130_SSI_Bao_cao_tai_chinh_hop_nhat_Quy_4_nam_2025.pdf,https://www.ssi.com.vn/upload/files/IR/20260130_SSI_Bao_cao_tai_chinh_hop_nhat_Quy_4_nam_2025.pdf,data\raw\official_finance_documents\01ie\ssi_2025_q4_financial_statement_8e274d934023ff51.pdf,8e274d934023ff5129a99729f181b75df47dafda50ee26d831979466ae432d22,2,0,0,0,0,0.0,0,0,0,1.0,REJECTED_PAGE,TEXT_TOO_SPARSE_FOR_NUMERIC_TABLE_DUMP,
SSI,2025-Q4,quarter,financial_statement,https://www.ssi.com.vn/upload/files/IR/20260130_SSI_Bao_cao_tai_chinh_hop_nhat_Quy_4_nam_2025.pdf,https://www.ssi.com.vn/upload/files/IR/20260130_SSI_Bao_cao_tai_chinh_hop_nhat_Quy_4_nam_2025.pdf,data\raw\official_finance_documents\01ie\ssi_2025_q4_financial_statement_8e274d934023ff51.pdf,8e274d934023ff5129a99729f181b75df47dafda50ee26d831979466ae432d22,3,0,0,0,0,0.0,0,0,0,1.0,REJECTED_PAGE,TEXT_TOO_SPARSE_FOR_NUMERIC_TABLE_DUMP,
SSI,2025-Q4,quarter,financial_statement,https://www.ssi.com.vn/upload/files/IR/20260130_SSI_Bao_cao_tai_chinh_hop_nhat_Quy_4_nam_2025.pdf,https://www.ssi.com.vn/upload/files/IR/20260130_SSI_Bao_cao_tai_chinh_hop_nhat_Quy_4_nam_2025.pdf,data\raw\official_finance_documents\01ie\ssi_2025_q4_financial_statement_8e274d934023ff51.pdf,8e274d934023ff5129a99729f181b75df47dafda50ee26d831979466ae432d22,4,0,0,0,0,0.0,0,0,0,1.0,REJECTED_PAGE,TEXT_TOO_SPARSE_FOR_NUMERIC_TABLE_DUMP,
SSI,2025-Q4,quarter,financial_statement,https://www.ssi.com.vn/upload/files/IR/20260130_SSI_Bao_cao_tai_chinh_hop_nhat_Quy_4_nam_2025.pdf,https://www.ssi.com.vn/upload/files/IR/20260130_SSI_Bao_cao_tai_chinh_hop_nhat_Quy_4_nam_2025.pdf,data\raw\official_finance_documents\01ie\ssi_2025_q4_financial_statement_8e274d934023ff51.pdf,8e274d934023ff5129a99729f181b75df47dafda50ee26d831979466ae432d22,5,0,0,0,0,0.0,0,0,0,1.0,REJECTED_PAGE,TEXT_TOO_SPARSE_FOR_NUMERIC_TABLE_DUMP,
SSI,2025-Q4,quarter,financial_statement,https://www.ssi.com.vn/upload/files/IR/20260130_SSI_Bao_cao_tai_chinh_hop_nhat_Quy_4_nam_2025.pdf,https://www.ssi.com.vn/upload/files/IR/20260130_SSI_Bao_cao_tai_chinh_hop_nhat_Quy_4_nam_2025.pdf,data\raw\official_finance_documents\01ie\ssi_2025_q4_financial_statement_8e274d934023ff51.pdf,8e274d934023ff5129a99729f181b75df47dafda50ee26d831979466ae432d22,6,0,0,0,0,0.0,0,0,0,1.0,REJECTED_PAGE,TEXT_TOO_SPARSE_FOR_NUMERIC_TABLE_DUMP,
SSI,2025-Q4,quarter,financial_statement,https://www.ssi.com.vn/upload/files/IR/20260130_SSI_Bao_cao_tai_chinh_hop_nhat_Quy_4_nam_2025.pdf,https://www.ssi.com.vn/upload/files/IR/20260130_SSI_Bao_cao_tai_chinh_hop_nhat_Quy_4_nam_2025.pdf,data\raw\official_finance_documents\01ie\ssi_2025_q4_financial_statement_8e274d934023ff51.pdf,8e274d934023ff5129a99729f181b75df47dafda50ee26d831979466ae432d22,7,0,0,0,0,0.0,0,0,0,1.0,REJECTED_PAGE,TEXT_TOO_SPARSE_FOR_NUMERIC_TABLE_DUMP,
SSI,2025-Q4,quarter,financial_statement,https://www.ssi.com.vn/upload/files/IR/20260130_SSI_Bao_cao_tai_chinh_hop_nhat_Quy_4_nam_2025.pdf,https://www.ssi.com.vn/upload/files/IR/20260130_SSI_Bao_cao_tai_chinh_hop_nhat_Quy_4_nam_2025.pdf,data\raw\official_finance_documents\01ie\ssi_2025_q4_financial_statement_8e274d934023ff51.pdf,8e274d934023ff5129a99729f181b75df47dafda50ee26d831979466ae432d22,8,0,0,0,0,0.0,0,0,0,1.0,REJECTED_PAGE,TEXT_TOO_SPARSE_FOR_NUMERIC_TABLE_DUMP,
SSI,2025-Q4,quarter,financial_statement,https://www.ssi.com.vn/upload/files/IR/20260130_SSI_Bao_cao_tai_chinh_hop_nhat_Quy_4_nam_2025.pdf,https://www.ssi.com.vn/upload/files/IR/20260130_SSI_Bao_cao_tai_chinh_hop_nhat_Quy_4_nam_2025.pdf,data\raw\official_finance_documents\01ie\ssi_2025_q4_financial_statement_8e274d934023ff51.pdf,8e274d934023ff5129a99729f181b75df47dafda50ee26d831979466ae432d22,9,0,0,0,0,0.0,0,0,0,1.0,REJECTED_PAGE,TEXT_TOO_SPARSE_FOR_NUMERIC_TABLE_DUMP,
SSI,2025-Q4,quarter,financial_statement,https://www.ssi.com.vn/upload/files/IR/20260130_SSI_Bao_cao_tai_chinh_hop_nhat_Quy_4_nam_2025.pdf,https://www.ssi.com.vn/upload/files/IR/20260130_SSI_Bao_cao_tai_chinh_hop_nhat_Quy_4_nam_2025.pdf,data\raw\official_finance_documents\01ie\ssi_2025_q4_financial_statement_8e274d934023ff51.pdf,8e274d934023ff5129a99729f181b75df47dafda50ee26d831979466ae432d22,10,0,0,0,0,0.0,0,0,0,1.0,REJECTED_PAGE,TEXT_TOO_SPARSE_FOR_NUMERIC_TABLE_DUMP,
SSI,2025-Q4,quarter,financial_statement,https://www.ssi.com.vn/upload/files/IR/20260130_SSI_Bao_cao_tai_chinh_hop_nhat_Quy_4_nam_2025.pdf,https://www.ssi.com.vn/upload/files/IR/20260130_SSI_Bao_cao_tai_chinh_hop_nhat_Quy_4_nam_2025.pdf,data\raw\official_finance_documents\01ie\ssi_2025_q4_financial_statement_8e274d934023ff51.pdf,8e274d934023ff5129a99729f181b75df47dafda50ee26d831979466ae432d22,11,0,0,0,0,0.0,0,0,0,1.0,REJECTED_PAGE,TEXT_TOO_SPARSE_FOR_NUMERIC_TABLE_DUMP,
SSI,2025-Q4,quarter,financial_statement,https://www.ssi.com.vn/upload/files/IR/20260130_SSI_Bao_cao_tai_chinh_hop_nhat_Quy_4_nam_2025.pdf,https://www.ssi.com.vn/upload/files/IR/20260130_SSI_Bao_cao_tai_chinh_hop_nhat_Quy_4_nam_2025.pdf,data\raw\official_finance_documents\01ie\ssi_2025_q4_financial_statement_8e274d934023ff51.pdf,8e274d934023ff5129a99729f181b75df47dafda50ee26d831979466ae432d22,12,0,0,0,0,0.0,0,0,0,1.0,REJECTED_PAGE,TEXT_TOO_SPARSE_FOR_NUMERIC_TABLE_DUMP,
SSI,2025-Q4,quarter,financial_statement,https://www.ssi.com.vn/upload/files/IR/20260130_SSI_Bao_cao_tai_chinh_hop_nhat_Quy_4_nam_2025.pdf,https://www.ssi.com.vn/upload/files/IR/20260130_SSI_Bao_cao_tai_chinh_hop_nhat_Quy_4_nam_2025.pdf,data\raw\official_finance_documents\01ie\ssi_2025_q4_financial_statement_8e274d934023ff51.pdf,8e274d934023ff5129a99729f181b75df47dafda50ee26d831979466ae432d22,13,0,0,0,0,0.0,0,0,0,1.0,REJECTED_PAGE,TEXT_TOO_SPARSE_FOR_NUMERIC_TABLE_DUMP,
SSI,2025-Q4,quarter,financial_statement,https://www.ssi.com.vn/upload/files/IR/20260130_SSI_Bao_cao_tai_chinh_hop_nhat_Quy_4_nam_2025.pdf,https://www.ssi.com.vn/upload/files/IR/20260130_SSI_Bao_cao_tai_chinh_hop_nhat_Quy_4_nam_2025.pdf,data\raw\official_finance_documents\01ie\ssi_2025_q4_financial_statement_8e274d934023ff51.pdf,8e274d934023ff5129a99729f181b75df47dafda50ee26d831979466ae432d22,14,0,0,0,0,0.0,0,0,0,1.0,REJECTED_PAGE,TEXT_TOO_SPARSE_FOR_NUMERIC_TABLE_DUMP,
SSI,2025-Q4,quarter,financial_statement,https://www.ssi.com.vn/upload/files/IR/20260130_SSI_Bao_cao_tai_chinh_hop_nhat_Quy_4_nam_2025.pdf,https://www.ssi.com.vn/upload/files/IR/20260130_SSI_Bao_cao_tai_chinh_hop_nhat_Quy_4_nam_2025.pdf,data\raw\official_finance_documents\01ie\ssi_2025_q4_financial_statement_8e274d934023ff51.pdf,8e274d934023ff5129a99729f181b75df47dafda50ee26d831979466ae432d22,15,0,0,0,0,0.0,0,0,0,1.0,REJECTED_PAGE,TEXT_TOO_SPARSE_FOR_NUMERIC_TABLE_DUMP,
SSI,2025-Q4,quarter,financial_statement,https://www.ssi.com.vn/upload/files/IR/20260130_SSI_Bao_cao_tai_chinh_hop_nhat_Quy_4_nam_2025.pdf,https://www.ssi.com.vn/upload/files/IR/20260130_SSI_Bao_cao_tai_chinh_hop_nhat_Quy_4_nam_2025.pdf,data\raw\official_finance_documents\01ie\ssi_2025_q4_financial_statement_8e274d934023ff51.pdf,8e274d934023ff5129a99729f181b75df47dafda50ee26d831979466ae432d22,16,0,0,0,0,0.0,0,0,0,1.0,REJECTED_PAGE,TEXT_TOO_SPARSE_FOR_NUMERIC_TABLE_DUMP,
SSI,2025-Q4,quarter,financial_statement,https://www.ssi.com.vn/upload/files/IR/20260130_SSI_Bao_cao_tai_chinh_hop_nhat_Quy_4_nam_2025.pdf,https://www.ssi.com.vn/upload/files/IR/20260130_SSI_Bao_cao_tai_chinh_hop_nhat_Quy_4_nam_2025.pdf,data\raw\official_finance_documents\01ie\ssi_2025_q4_financial_statement_8e274d934023ff51.pdf,8e274d934023ff5129a99729f181b75df47dafda50ee26d831979466ae432d22,17,0,0,0,0,0.0,0,0,0,1.0,REJECTED_PAGE,TEXT_TOO_SPARSE_FOR_NUMERIC_TABLE_DUMP,
SSI,2025-Q4,quarter,financial_statement,https://www.ssi.com.vn/upload/files/IR/20260130_SSI_Bao_cao_tai_chinh_hop_nhat_Quy_4_nam_2025.pdf,https://www.ssi.com.vn/upload/files/IR/20260130_SSI_Bao_cao_tai_chinh_hop_nhat_Quy_4_nam_2025.pdf,data\raw\official_finance_documents\01ie\ssi_2025_q4_financial_statement_8e274d934023ff51.pdf,8e274d934023ff5129a99729f181b75df47dafda50ee26d831979466ae432d22,18,0,0,0,0,0.0,0,0,0,1.0,REJECTED_PAGE,TEXT_TOO_SPARSE_FOR_NUMERIC_TABLE_DUMP,
SSI,2025-Q4,quarter,financial_statement,https://www.ssi.com.vn/upload/files/IR/20260130_SSI_Bao_cao_tai_chinh_hop_nhat_Quy_4_nam_2025.pdf,https://www.ssi.com.vn/upload/files/IR/20260130_SSI_Bao_cao_tai_chinh_hop_nhat_Quy_4_nam_2025.pdf,data\raw\official_finance_documents\01ie\ssi_2025_q4_financial_statement_8e274d934023ff51.pdf,8e274d934023ff5129a99729f181b75df47dafda50ee26d831979466ae432d22,19,0,0,0,0,0.0,0,0,0,1.0,REJECTED_PAGE,TEXT_TOO_SPARSE_FOR_NUMERIC_TABLE_DUMP,
SSI,2025-Q4,quarter,financial_statement,https://www.ssi.com.vn/upload/files/IR/20260130_SSI_Bao_cao_tai_chinh_hop_nhat_Quy_4_nam_2025.pdf,https://www.ssi.com.vn/upload/files/IR/20260130_SSI_Bao_cao_tai_chinh_hop_nhat_Quy_4_nam_2025.pdf,data\raw\official_finance_documents\01ie\ssi_2025_q4_financial_statement_8e274d934023ff51.pdf,8e274d934023ff5129a99729f181b75df47dafda50ee26d831979466ae432d22,20,0,0,0,0,0.0,0,0,0,1.0,REJECTED_PAGE,TEXT_TOO_SPARSE_FOR_NUMERIC_TABLE_DUMP,
SSI,2025-Q4,quarter,financial_statement,https://www.ssi.com.vn/upload/files/IR/20260130_SSI_Bao_cao_tai_chinh_hop_nhat_Quy_4_nam_2025.pdf,https://www.ssi.com.vn/upload/files/IR/20260130_SSI_Bao_cao_tai_chinh_hop_nhat_Quy_4_nam_2025.pdf,data\raw\official_finance_documents\01ie\ssi_2025_q4_financial_statement_8e274d934023ff51.pdf,8e274d934023ff5129a99729f181b75df47dafda50ee26d831979466ae432d22,21,0,0,0,0,0.0,0,0,0,1.0,REJECTED_PAGE,TEXT_TOO_SPARSE_FOR_NUMERIC_TABLE_DUMP,
SSI,2025-Q4,quarter,financial_statement,https://www.ssi.com.vn/upload/files/IR/20260130_SSI_Bao_cao_tai_chinh_hop_nhat_Quy_4_nam_2025.pdf,https://www.ssi.com.vn/upload/files/IR/20260130_SSI_Bao_cao_tai_chinh_hop_nhat_Quy_4_nam_2025.pdf,data\raw\official_finance_documents\01ie\ssi_2025_q4_financial_statement_8e274d934023ff51.pdf,8e274d934023ff5129a99729f181b75df47dafda50ee26d831979466ae432d22,22,0,0,0,0,0.0,0,0,0,1.0,REJECTED_PAGE,TEXT_TOO_SPARSE_FOR_NUMERIC_TABLE_DUMP,
SSI,2025-Q4,quarter,financial_statement,https://www.ssi.com.vn/upload/files/IR/20260130_SSI_Bao_cao_tai_chinh_hop_nhat_Quy_4_nam_2025.pdf,https://www.ssi.com.vn/upload/files/IR/20260130_SSI_Bao_cao_tai_chinh_hop_nhat_Quy_4_nam_2025.pdf,data\raw\official_finance_documents\01ie\ssi_2025_q4_financial_statement_8e274d934023ff51.pdf,8e274d934023ff5129a99729f181b75df47dafda50ee26d831979466ae432d22,23,0,0,0,0,0.0,0,0,0,1.0,REJECTED_PAGE,TEXT_TOO_SPARSE_FOR_NUMERIC_TABLE_DUMP,
SSI,2025-Q4,quarter,financial_statement,https://www.ssi.com.vn/upload/files/IR/20260130_SSI_Bao_cao_tai_chinh_hop_nhat_Quy_4_nam_2025.pdf,https://www.ssi.com.vn/upload/files/IR/20260130_SSI_Bao_cao_tai_chinh_hop_nhat_Quy_4_nam_2025.pdf,data\raw\official_finance_documents\01ie\ssi_2025_q4_financial_statement_8e274d934023ff51.pdf,8e274d934023ff5129a99729f181b75df47dafda50ee26d831979466ae432d22,24,0,0,0,0,0.0,0,0,0,1.0,REJECTED_PAGE,TEXT_TOO_SPARSE_FOR_NUMERIC_TABLE_DUMP,
SSI,2025-Q4,quarter,financial_statement,https://www.ssi.com.vn/upload/files/IR/20260130_SSI_Bao_cao_tai_chinh_hop_nhat_Quy_4_nam_2025.pdf,https://www.ssi.com.vn/upload/files/IR/20260130_SSI_Bao_cao_tai_chinh_hop_nhat_Quy_4_nam_2025.pdf,data\raw\official_finance_documents\01ie\ssi_2025_q4_financial_statement_8e274d934023ff51.pdf,8e274d934023ff5129a99729f181b75df47dafda50ee26d831979466ae432d22,25,0,0,0,0,0.0,0,0,0,1.0,REJECTED_PAGE,TEXT_TOO_SPARSE_FOR_NUMERIC_TABLE_DUMP,
SSI,2025-Q4,quarter,financial_statement,https://www.ssi.com.vn/upload/files/IR/20260130_SSI_Bao_cao_tai_chinh_hop_nhat_Quy_4_nam_2025.pdf,https://www.ssi.com.vn/upload/files/IR/20260130_SSI_Bao_cao_tai_chinh_hop_nhat_Quy_4_nam_2025.pdf,data\raw\official_finance_documents\01ie\ssi_2025_q4_financial_statement_8e274d934023ff51.pdf,8e274d934023ff5129a99729f181b75df47dafda50ee26d831979466ae432d22,26,0,0,0,0,0.0,0,0,0,1.0,REJECTED_PAGE,TEXT_TOO_SPARSE_FOR_NUMERIC_TABLE_DUMP,
SSI,2025-Q4,quarter,financial_statement,https://www.ssi.com.vn/upload/files/IR/20260130_SSI_Bao_cao_tai_chinh_hop_nhat_Quy_4_nam_2025.pdf,https://www.ssi.com.vn/upload/files/IR/20260130_SSI_Bao_cao_tai_chinh_hop_nhat_Quy_4_nam_2025.pdf,data\raw\official_finance_documents\01ie\ssi_2025_q4_financial_statement_8e274d934023ff51.pdf,8e274d934023ff5129a99729f181b75df47dafda50ee26d831979466ae432d22,27,0,0,0,0,0.0,0,0,0,1.0,REJECTED_PAGE,TEXT_TOO_SPARSE_FOR_NUMERIC_TABLE_DUMP,
SSI,2025-Q4,quarter,financial_statement,https://www.ssi.com.vn/upload/files/IR/20260130_SSI_Bao_cao_tai_chinh_hop_nhat_Quy_4_nam_2025.pdf,https://www.ssi.com.vn/upload/files/IR/20260130_SSI_Bao_cao_tai_chinh_hop_nhat_Quy_4_nam_2025.pdf,data\raw\official_finance_documents\01ie\ssi_2025_q4_financial_statement_8e274d934023ff51.pdf,8e274d934023ff5129a99729f181b75df47dafda50ee26d831979466ae432d22,28,0,0,0,0,0.0,0,0,0,1.0,REJECTED_PAGE,TEXT_TOO_SPARSE_FOR_NUMERIC_TABLE_DUMP,
SSI,2025-Q4,quarter,financial_statement,https://www.ssi.com.vn/upload/files/IR/20260130_SSI_Bao_cao_tai_chinh_hop_nhat_Quy_4_nam_2025.pdf,https://www.ssi.com.vn/upload/files/IR/20260130_SSI_Bao_cao_tai_chinh_hop_nhat_Quy_4_nam_2025.pdf,data\raw\official_finance_documents\01ie\ssi_2025_q4_financial_statement_8e274d934023ff51.pdf,8e274d934023ff5129a99729f181b75df47dafda50ee26d831979466ae432d22,29,0,0,0,0,0.0,0,0,0,1.0,REJECTED_PAGE,TEXT_TOO_SPARSE_FOR_NUMERIC_TABLE_DUMP,
SSI,2025-Q4,quarter,financial_statement,https://www.ssi.com.vn/upload/files/IR/20260130_SSI_Bao_cao_tai_chinh_hop_nhat_Quy_4_nam_2025.pdf,https://www.ssi.com.vn/upload/files/IR/20260130_SSI_Bao_cao_tai_chinh_hop_nhat_Quy_4_nam_2025.pdf,data\raw\official_finance_documents\01ie\ssi_2025_q4_financial_statement_8e274d934023ff51.pdf,8e274d934023ff5129a99729f181b75df47dafda50ee26d831979466ae432d22,30,0,0,0,0,0.0,0,0,0,1.0,REJECTED_PAGE,TEXT_TOO_SPARSE_FOR_NUMERIC_TABLE_DUMP,
SSI,2025-Q4,quarter,financial_statement,https://www.ssi.com.vn/upload/files/IR/20260130_SSI_Bao_cao_tai_chinh_hop_nhat_Quy_4_nam_2025.pdf,https://www.ssi.com.vn/upload/files/IR/20260130_SSI_Bao_cao_tai_chinh_hop_nhat_Quy_4_nam_2025.pdf,data\raw\official_finance_documents\01ie\ssi_2025_q4_financial_statement_8e274d934023ff51.pdf,8e274d934023ff5129a99729f181b75df47dafda50ee26d831979466ae432d22,31,0,0,0,0,0.0,0,0,0,1.0,REJECTED_PAGE,TEXT_TOO_SPARSE_FOR_NUMERIC_TABLE_DUMP,
SSI,2025-Q4,quarter,financial_statement,https://www.ssi.com.vn/upload/files/IR/20260130_SSI_Bao_cao_tai_chinh_hop_nhat_Quy_4_nam_2025.pdf,https://www.ssi.com.vn/upload/files/IR/20260130_SSI_Bao_cao_tai_chinh_hop_nhat_Quy_4_nam_2025.pdf,data\raw\official_finance_documents\01ie\ssi_2025_q4_financial_statement_8e274d934023ff51.pdf,8e274d934023ff5129a99729f181b75df47dafda50ee26d831979466ae432d22,32,0,0,0,0,0.0,0,0,0,1.0,REJECTED_PAGE,TEXT_TOO_SPARSE_FOR_NUMERIC_TABLE_DUMP,
SSI,2025-Q4,quarter,financial_statement,https://www.ssi.com.vn/upload/files/IR/20260130_SSI_Bao_cao_tai_chinh_hop_nhat_Quy_4_nam_2025.pdf,https://www.ssi.com.vn/upload/files/IR/20260130_SSI_Bao_cao_tai_chinh_hop_nhat_Quy_4_nam_2025.pdf,data\raw\official_finance_documents\01ie\ssi_2025_q4_financial_statement_8e274d934023ff51.pdf,8e274d934023ff5129a99729f181b75df47dafda50ee26d831979466ae432d22,33,0,0,0,0,0.0,0,0,0,1.0,REJECTED_PAGE,TEXT_TOO_SPARSE_FOR_NUMERIC_TABLE_DUMP,
SSI,2025-Q4,quarter,financial_statement,https://www.ssi.com.vn/upload/files/IR/20260130_SSI_Bao_cao_tai_chinh_hop_nhat_Quy_4_nam_2025.pdf,https://www.ssi.com.vn/upload/files/IR/20260130_SSI_Bao_cao_tai_chinh_hop_nhat_Quy_4_nam_2025.pdf,data\raw\official_finance_documents\01ie\ssi_2025_q4_financial_statement_8e274d934023ff51.pdf,8e274d934023ff5129a99729f181b75df47dafda50ee26d831979466ae432d22,34,0,0,0,0,0.0,0,0,0,1.0,REJECTED_PAGE,TEXT_TOO_SPARSE_FOR_NUMERIC_TABLE_DUMP,
SSI,2025-Q4,quarter,financial_statement,https://www.ssi.com.vn/upload/files/IR/20260130_SSI_Bao_cao_tai_chinh_hop_nhat_Quy_4_nam_2025.pdf,https://www.ssi.com.vn/upload/files/IR/20260130_SSI_Bao_cao_tai_chinh_hop_nhat_Quy_4_nam_2025.pdf,data\raw\official_finance_documents\01ie\ssi_2025_q4_financial_statement_8e274d934023ff51.pdf,8e274d934023ff5129a99729f181b75df47dafda50ee26d831979466ae432d22,35,0,0,0,0,0.0,0,0,0,1.0,REJECTED_PAGE,TEXT_TOO_SPARSE_FOR_NUMERIC_TABLE_DUMP,
SSI,2025-Q4,quarter,financial_statement,https://www.ssi.com.vn/upload/files/IR/20260130_SSI_Bao_cao_tai_chinh_hop_nhat_Quy_4_nam_2025.pdf,https://www.ssi.com.vn/upload/files/IR/20260130_SSI_Bao_cao_tai_chinh_hop_nhat_Quy_4_nam_2025.pdf,data\raw\official_finance_documents\01ie\ssi_2025_q4_financial_statement_8e274d934023ff51.pdf,8e274d934023ff5129a99729f181b75df47dafda50ee26d831979466ae432d22,36,0,0,0,0,0.0,0,0,0,1.0,REJECTED_PAGE,TEXT_TOO_SPARSE_FOR_NUMERIC_TABLE_DUMP,
SSI,2025-Q4,quarter,financial_statement,https://www.ssi.com.vn/upload/files/IR/20260130_SSI_Bao_cao_tai_chinh_hop_nhat_Quy_4_nam_2025.pdf,https://www.ssi.com.vn/upload/files/IR/20260130_SSI_Bao_cao_tai_chinh_hop_nhat_Quy_4_nam_2025.pdf,data\raw\official_finance_documents\01ie\ssi_2025_q4_financial_statement_8e274d934023ff51.pdf,8e274d934023ff5129a99729f181b75df47dafda50ee26d831979466ae432d22,37,0,0,0,0,0.0,0,0,0,1.0,REJECTED_PAGE,TEXT_TOO_SPARSE_FOR_NUMERIC_TABLE_DUMP,
SSI,2025-Q4,quarter,financial_statement,https://www.ssi.com.vn/upload/files/IR/20260130_SSI_Bao_cao_tai_chinh_hop_nhat_Quy_4_nam_2025.pdf,https://www.ssi.com.vn/upload/files/IR/20260130_SSI_Bao_cao_tai_chinh_hop_nhat_Quy_4_nam_2025.pdf,data\raw\official_finance_documents\01ie\ssi_2025_q4_financial_statement_8e274d934023ff51.pdf,8e274d934023ff5129a99729f181b75df47dafda50ee26d831979466ae432d22,38,0,0,0,0,0.0,0,0,0,1.0,REJECTED_PAGE,TEXT_TOO_SPARSE_FOR_NUMERIC_TABLE_DUMP,
SSI,2025-Q4,quarter,financial_statement,https://www.ssi.com.vn/upload/files/IR/20260130_SSI_Bao_cao_tai_chinh_hop_nhat_Quy_4_nam_2025.pdf,https://www.ssi.com.vn/upload/files/IR/20260130_SSI_Bao_cao_tai_chinh_hop_nhat_Quy_4_nam_2025.pdf,data\raw\official_finance_documents\01ie\ssi_2025_q4_financial_statement_8e274d934023ff51.pdf,8e274d934023ff5129a99729f181b75df47dafda50ee26d831979466ae432d22,39,0,0,0,0,0.0,0,0,0,1.0,REJECTED_PAGE,TEXT_TOO_SPARSE_FOR_NUMERIC_TABLE_DUMP,
SSI,2025-Q4,quarter,financial_statement,https://www.ssi.com.vn/upload/files/IR/20260130_SSI_Bao_cao_tai_chinh_hop_nhat_Quy_4_nam_2025.pdf,https://www.ssi.com.vn/upload/files/IR/20260130_SSI_Bao_cao_tai_chinh_hop_nhat_Quy_4_nam_2025.pdf,data\raw\official_finance_documents\01ie\ssi_2025_q4_financial_statement_8e274d934023ff51.pdf,8e274d934023ff5129a99729f181b75df47dafda50ee26d831979466ae432d22,40,0,0,0,0,0.0,0,0,0,1.0,REJECTED_PAGE,TEXT_TOO_SPARSE_FOR_NUMERIC_TABLE_DUMP,
SSI,2025-Q4,quarter,financial_statement,https://www.ssi.com.vn/upload/files/IR/20260130_SSI_Bao_cao_tai_chinh_hop_nhat_Quy_4_nam_2025.pdf,https://www.ssi.com.vn/upload/files/IR/20260130_SSI_Bao_cao_tai_chinh_hop_nhat_Quy_4_nam_2025.pdf,data\raw\official_finance_documents\01ie\ssi_2025_q4_financial_statement_8e274d934023ff51.pdf,8e274d934023ff5129a99729f181b75df47dafda50ee26d831979466ae432d22,41,0,0,0,0,0.0,0,0,0,1.0,REJECTED_PAGE,TEXT_TOO_SPARSE_FOR_NUMERIC_TABLE_DUMP,
SSI,2025-Q4,quarter,financial_statement,https://www.ssi.com.vn/upload/files/IR/20260130_SSI_Bao_cao_tai_chinh_hop_nhat_Quy_4_nam_2025.pdf,https://www.ssi.com.vn/upload/files/IR/20260130_SSI_Bao_cao_tai_chinh_hop_nhat_Quy_4_nam_2025.pdf,data\raw\official_finance_documents\01ie\ssi_2025_q4_financial_statement_8e274d934023ff51.pdf,8e274d934023ff5129a99729f181b75df47dafda50ee26d831979466ae432d22,42,0,0,0,0,0.0,0,0,0,1.0,REJECTED_PAGE,TEXT_TOO_SPARSE_FOR_NUMERIC_TABLE_DUMP,
SSI,2025-Q4,quarter,financial_statement,https://www.ssi.com.vn/upload/files/IR/20260130_SSI_Bao_cao_tai_chinh_hop_nhat_Quy_4_nam_2025.pdf,https://www.ssi.com.vn/upload/files/IR/20260130_SSI_Bao_cao_tai_chinh_hop_nhat_Quy_4_nam_2025.pdf,data\raw\official_finance_documents\01ie\ssi_2025_q4_financial_statement_8e274d934023ff51.pdf,8e274d934023ff5129a99729f181b75df47dafda50ee26d831979466ae432d22,43,0,0,0,0,0.0,0,0,0,1.0,REJECTED_PAGE,TEXT_TOO_SPARSE_FOR_NUMERIC_TABLE_DUMP,
SSI,2025-Q4,quarter,financial_statement,https://www.ssi.com.vn/upload/files/IR/20260130_SSI_Bao_cao_tai_chinh_hop_nhat_Quy_4_nam_2025.pdf,https://www.ssi.com.vn/upload/files/IR/20260130_SSI_Bao_cao_tai_chinh_hop_nhat_Quy_4_nam_2025.pdf,data\raw\official_finance_documents\01ie\ssi_2025_q4_financial_statement_8e274d934023ff51.pdf,8e274d934023ff5129a99729f181b75df47dafda50ee26d831979466ae432d22,44,0,0,0,0,0.0,0,0,0,1.0,REJECTED_PAGE,TEXT_TOO_SPARSE_FOR_NUMERIC_TABLE_DUMP,
SSI,2025-Q4,quarter,financial_statement,https://www.ssi.com.vn/upload/files/IR/20260130_SSI_Bao_cao_tai_chinh_hop_nhat_Quy_4_nam_2025.pdf,https://www.ssi.com.vn/upload/files/IR/20260130_SSI_Bao_cao_tai_chinh_hop_nhat_Quy_4_nam_2025.pdf,data\raw\official_finance_documents\01ie\ssi_2025_q4_financial_statement_8e274d934023ff51.pdf,8e274d934023ff5129a99729f181b75df47dafda50ee26d831979466ae432d22,45,0,0,0,0,0.0,0,0,0,1.0,REJECTED_PAGE,TEXT_TOO_SPARSE_FOR_NUMERIC_TABLE_DUMP,
SSI,2025-Q4,quarter,financial_statement,https://www.ssi.com.vn/upload/files/IR/20260130_SSI_Bao_cao_tai_chinh_hop_nhat_Quy_4_nam_2025.pdf,https://www.ssi.com.vn/upload/files/IR/20260130_SSI_Bao_cao_tai_chinh_hop_nhat_Quy_4_nam_2025.pdf,data\raw\official_finance_documents\01ie\ssi_2025_q4_financial_statement_8e274d934023ff51.pdf,8e274d934023ff5129a99729f181b75df47dafda50ee26d831979466ae432d22,46,0,0,0,0,0.0,0,0,0,1.0,REJECTED_PAGE,TEXT_TOO_SPARSE_FOR_NUMERIC_TABLE_DUMP,
SSI,2025-Q4,quarter,financial_statement,https://www.ssi.com.vn/upload/files/IR/20260130_SSI_Bao_cao_tai_chinh_hop_nhat_Quy_4_nam_2025.pdf,https://www.ssi.com.vn/upload/files/IR/20260130_SSI_Bao_cao_tai_chinh_hop_nhat_Quy_4_nam_2025.pdf,data\raw\official_finance_documents\01ie\ssi_2025_q4_financial_statement_8e274d934023ff51.pdf,8e274d934023ff5129a99729f181b75df47dafda50ee26d831979466ae432d22,47,0,0,0,0,0.0,0,0,0,1.0,REJECTED_PAGE,TEXT_TOO_SPARSE_FOR_NUMERIC_TABLE_DUMP,
SSI,2025-Q4,quarter,financial_statement,https://www.ssi.com.vn/upload/files/IR/20260130_SSI_Bao_cao_tai_chinh_hop_nhat_Quy_4_nam_2025.pdf,https://www.ssi.com.vn/upload/files/IR/20260130_SSI_Bao_cao_tai_chinh_hop_nhat_Quy_4_nam_2025.pdf,data\raw\official_finance_documents\01ie\ssi_2025_q4_financial_statement_8e274d934023ff51.pdf,8e274d934023ff5129a99729f181b75df47dafda50ee26d831979466ae432d22,48,0,0,0,0,0.0,0,0,0,1.0,REJECTED_PAGE,TEXT_TOO_SPARSE_FOR_NUMERIC_TABLE_DUMP,
SSI,2025-Q4,quarter,financial_statement,https://www.ssi.com.vn/upload/files/IR/20260130_SSI_Bao_cao_tai_chinh_hop_nhat_Quy_4_nam_2025.pdf,https://www.ssi.com.vn/upload/files/IR/20260130_SSI_Bao_cao_tai_chinh_hop_nhat_Quy_4_nam_2025.pdf,data\raw\official_finance_documents\01ie\ssi_2025_q4_financial_statement_8e274d934023ff51.pdf,8e274d934023ff5129a99729f181b75df47dafda50ee26d831979466ae432d22,49,0,0,0,0,0.0,0,0,0,1.0,REJECTED_PAGE,TEXT_TOO_SPARSE_FOR_NUMERIC_TABLE_DUMP,
SSI,2025-Q4,quarter,financial_statement,https://www.ssi.com.vn/upload/files/IR/20260130_SSI_Bao_cao_tai_chinh_hop_nhat_Quy_4_nam_2025.pdf,https://www.ssi.com.vn/upload/files/IR/20260130_SSI_Bao_cao_tai_chinh_hop_nhat_Quy_4_nam_2025.pdf,data\raw\official_finance_documents\01ie\ssi_2025_q4_financial_statement_8e274d934023ff51.pdf,8e274d934023ff5129a99729f181b75df47dafda50ee26d831979466ae432d22,50,0,0,0,0,0.0,0,0,0,1.0,REJECTED_PAGE,TEXT_TOO_SPARSE_FOR_NUMERIC_TABLE_DUMP,
SSI,2025-Q4,quarter,financial_statement,https://www.ssi.com.vn/upload/files/IR/20260130_SSI_Bao_cao_tai_chinh_hop_nhat_Quy_4_nam_2025.pdf,https://www.ssi.com.vn/upload/files/IR/20260130_SSI_Bao_cao_tai_chinh_hop_nhat_Quy_4_nam_2025.pdf,data\raw\official_finance_documents\01ie\ssi_2025_q4_financial_statement_8e274d934023ff51.pdf,8e274d934023ff5129a99729f181b75df47dafda50ee26d831979466ae432d22,51,0,0,0,0,0.0,0,0,0,1.0,REJECTED_PAGE,TEXT_TOO_SPARSE_FOR_NUMERIC_TABLE_DUMP,
SSI,2025-Q4,quarter,financial_statement,https://www.ssi.com.vn/upload/files/IR/20260130_SSI_Bao_cao_tai_chinh_hop_nhat_Quy_4_nam_2025.pdf,https://www.ssi.com.vn/upload/files/IR/20260130_SSI_Bao_cao_tai_chinh_hop_nhat_Quy_4_nam_2025.pdf,data\raw\official_finance_documents\01ie\ssi_2025_q4_financial_statement_8e274d934023ff51.pdf,8e274d934023ff5129a99729f181b75df47dafda50ee26d831979466ae432d22,52,0,0,0,0,0.0,0,0,0,1.0,REJECTED_PAGE,TEXT_TOO_SPARSE_FOR_NUMERIC_TABLE_DUMP,
SSI,2025-Q4,quarter,financial_statement,https://www.ssi.com.vn/upload/files/IR/20260130_SSI_Bao_cao_tai_chinh_hop_nhat_Quy_4_nam_2025.pdf,https://www.ssi.com.vn/upload/files/IR/20260130_SSI_Bao_cao_tai_chinh_hop_nhat_Quy_4_nam_2025.pdf,data\raw\official_finance_documents\01ie\ssi_2025_q4_financial_statement_8e274d934023ff51.pdf,8e274d934023ff5129a99729f181b75df47dafda50ee26d831979466ae432d22,53,0,0,0,0,0.0,0,0,0,1.0,REJECTED_PAGE,TEXT_TOO_SPARSE_FOR_NUMERIC_TABLE_DUMP,
SSI,2025-Q4,quarter,financial_statement,https://www.ssi.com.vn/upload/files/IR/20260130_SSI_Bao_cao_tai_chinh_hop_nhat_Quy_4_nam_2025.pdf,https://www.ssi.com.vn/upload/files/IR/20260130_SSI_Bao_cao_tai_chinh_hop_nhat_Quy_4_nam_2025.pdf,data\raw\official_finance_documents\01ie\ssi_2025_q4_financial_statement_8e274d934023ff51.pdf,8e274d934023ff5129a99729f181b75df47dafda50ee26d831979466ae432d22,54,0,0,0,0,0.0,0,0,0,1.0,REJECTED_PAGE,TEXT_TOO_SPARSE_FOR_NUMERIC_TABLE_DUMP,
SSI,2025-Q4,quarter,financial_statement,https://www.ssi.com.vn/upload/files/IR/20260130_SSI_Bao_cao_tai_chinh_hop_nhat_Quy_4_nam_2025.pdf,https://www.ssi.com.vn/upload/files/IR/20260130_SSI_Bao_cao_tai_chinh_hop_nhat_Quy_4_nam_2025.pdf,data\raw\official_finance_documents\01ie\ssi_2025_q4_financial_statement_8e274d934023ff51.pdf,8e274d934023ff5129a99729f181b75df47dafda50ee26d831979466ae432d22,55,0,0,0,0,0.0,0,0,0,1.0,REJECTED_PAGE,TEXT_TOO_SPARSE_FOR_NUMERIC_TABLE_DUMP,
SSI,2025-Q4,quarter,financial_statement,https://www.ssi.com.vn/upload/files/IR/20260130_SSI_Bao_cao_tai_chinh_hop_nhat_Quy_4_nam_2025.pdf,https://www.ssi.com.vn/upload/files/IR/20260130_SSI_Bao_cao_tai_chinh_hop_nhat_Quy_4_nam_2025.pdf,data\raw\official_finance_documents\01ie\ssi_2025_q4_financial_statement_8e274d934023ff51.pdf,8e274d934023ff5129a99729f181b75df47dafda50ee26d831979466ae432d22,56,0,0,0,0,0.0,0,0,0,1.0,REJECTED_PAGE,TEXT_TOO_SPARSE_FOR_NUMERIC_TABLE_DUMP,
SSI,2025-Q4,quarter,financial_statement,https://www.ssi.com.vn/upload/files/IR/20260130_SSI_Bao_cao_tai_chinh_hop_nhat_Quy_4_nam_2025.pdf,https://www.ssi.com.vn/upload/files/IR/20260130_SSI_Bao_cao_tai_chinh_hop_nhat_Quy_4_nam_2025.pdf,data\raw\official_finance_documents\01ie\ssi_2025_q4_financial_statement_8e274d934023ff51.pdf,8e274d934023ff5129a99729f181b75df47dafda50ee26d831979466ae432d22,57,0,0,0,0,0.0,0,0,0,1.0,REJECTED_PAGE,TEXT_TOO_SPARSE_FOR_NUMERIC_TABLE_DUMP,
SSI,2025-Q4,quarter,financial_statement,https://www.ssi.com.vn/upload/files/IR/20260130_SSI_Bao_cao_tai_chinh_hop_nhat_Quy_4_nam_2025.pdf,https://www.ssi.com.vn/upload/files/IR/20260130_SSI_Bao_cao_tai_chinh_hop_nhat_Quy_4_nam_2025.pdf,data\raw\official_finance_documents\01ie\ssi_2025_q4_financial_statement_8e274d934023ff51.pdf,8e274d934023ff5129a99729f181b75df47dafda50ee26d831979466ae432d22,58,0,0,0,0,0.0,0,0,0,1.0,REJECTED_PAGE,TEXT_TOO_SPARSE_FOR_NUMERIC_TABLE_DUMP,
SSI,2025-Q4,quarter,financial_statement,https://www.ssi.com.vn/upload/files/IR/20260130_SSI_Bao_cao_tai_chinh_hop_nhat_Quy_4_nam_2025.pdf,https://www.ssi.com.vn/upload/files/IR/20260130_SSI_Bao_cao_tai_chinh_hop_nhat_Quy_4_nam_2025.pdf,data\raw\official_finance_documents\01ie\ssi_2025_q4_financial_statement_8e274d934023ff51.pdf,8e274d934023ff5129a99729f181b75df47dafda50ee26d831979466ae432d22,59,0,0,0,0,0.0,0,0,0,1.0,REJECTED_PAGE,TEXT_TOO_SPARSE_FOR_NUMERIC_TABLE_DUMP,
SSI,2025-Q4,quarter,financial_statement,https://www.ssi.com.vn/upload/files/IR/20260130_SSI_Bao_cao_tai_chinh_hop_nhat_Quy_4_nam_2025.pdf,https://www.ssi.com.vn/upload/files/IR/20260130_SSI_Bao_cao_tai_chinh_hop_nhat_Quy_4_nam_2025.pdf,data\raw\official_finance_documents\01ie\ssi_2025_q4_financial_statement_8e274d934023ff51.pdf,8e274d934023ff5129a99729f181b75df47dafda50ee26d831979466ae432d22,60,0,0,0,0,0.0,0,0,0,1.0,REJECTED_PAGE,TEXT_TOO_SPARSE_FOR_NUMERIC_TABLE_DUMP,
SSI,2025-Q4,quarter,financial_statement,https://www.ssi.com.vn/upload/files/IR/20260130_SSI_Bao_cao_tai_chinh_hop_nhat_Quy_4_nam_2025.pdf,https://www.ssi.com.vn/upload/files/IR/20260130_SSI_Bao_cao_tai_chinh_hop_nhat_Quy_4_nam_2025.pdf,data\raw\official_finance_documents\01ie\ssi_2025_q4_financial_statement_8e274d934023ff51.pdf,8e274d934023ff5129a99729f181b75df47dafda50ee26d831979466ae432d22,61,0,0,0,0,0.0,0,0,0,1.0,REJECTED_PAGE,TEXT_TOO_SPARSE_FOR_NUMERIC_TABLE_DUMP,
SSI,2025-Q4,quarter,financial_statement,https://www.ssi.com.vn/upload/files/IR/20260130_SSI_Bao_cao_tai_chinh_hop_nhat_Quy_4_nam_2025.pdf,https://www.ssi.com.vn/upload/files/IR/20260130_SSI_Bao_cao_tai_chinh_hop_nhat_Quy_4_nam_2025.pdf,data\raw\official_finance_documents\01ie\ssi_2025_q4_financial_statement_8e274d934023ff51.pdf,8e274d934023ff5129a99729f181b75df47dafda50ee26d831979466ae432d22,62,0,0,0,0,0.0,0,0,0,1.0,REJECTED_PAGE,TEXT_TOO_SPARSE_FOR_NUMERIC_TABLE_DUMP,
SSI,2025-Q4,quarter,financial_statement,https://www.ssi.com.vn/upload/files/IR/20260130_SSI_Bao_cao_tai_chinh_hop_nhat_Quy_4_nam_2025.pdf,https://www.ssi.com.vn/upload/files/IR/20260130_SSI_Bao_cao_tai_chinh_hop_nhat_Quy_4_nam_2025.pdf,data\raw\official_finance_documents\01ie\ssi_2025_q4_financial_statement_8e274d934023ff51.pdf,8e274d934023ff5129a99729f181b75df47dafda50ee26d831979466ae432d22,63,0,0,0,0,0.0,0,0,0,1.0,REJECTED_PAGE,TEXT_TOO_SPARSE_FOR_NUMERIC_TABLE_DUMP,
SSI,2025-Q4,quarter,financial_statement,https://www.ssi.com.vn/upload/files/IR/20260130_SSI_Bao_cao_tai_chinh_hop_nhat_Quy_4_nam_2025.pdf,https://www.ssi.com.vn/upload/files/IR/20260130_SSI_Bao_cao_tai_chinh_hop_nhat_Quy_4_nam_2025.pdf,data\raw\official_finance_documents\01ie\ssi_2025_q4_financial_statement_8e274d934023ff51.pdf,8e274d934023ff5129a99729f181b75df47dafda50ee26d831979466ae432d22,64,0,0,0,0,0.0,0,0,0,1.0,REJECTED_PAGE,TEXT_TOO_SPARSE_FOR_NUMERIC_TABLE_DUMP,
SSI,2025-Q4,quarter,financial_statement,https://www.ssi.com.vn/upload/files/IR/20260130_SSI_Bao_cao_tai_chinh_hop_nhat_Quy_4_nam_2025.pdf,https://www.ssi.com.vn/upload/files/IR/20260130_SSI_Bao_cao_tai_chinh_hop_nhat_Quy_4_nam_2025.pdf,data\raw\official_finance_documents\01ie\ssi_2025_q4_financial_statement_8e274d934023ff51.pdf,8e274d934023ff5129a99729f181b75df47dafda50ee26d831979466ae432d22,65,0,0,0,0,0.0,0,0,0,1.0,REJECTED_PAGE,TEXT_TOO_SPARSE_FOR_NUMERIC_TABLE_DUMP,
SSI,2025-Q4,quarter,financial_statement,https://www.ssi.com.vn/upload/files/IR/20260130_SSI_Bao_cao_tai_chinh_hop_nhat_Quy_4_nam_2025.pdf,https://www.ssi.com.vn/upload/files/IR/20260130_SSI_Bao_cao_tai_chinh_hop_nhat_Quy_4_nam_2025.pdf,data\raw\official_finance_documents\01ie\ssi_2025_q4_financial_statement_8e274d934023ff51.pdf,8e274d934023ff5129a99729f181b75df47dafda50ee26d831979466ae432d22,66,0,0,0,0,0.0,0,0,0,1.0,REJECTED_PAGE,TEXT_TOO_SPARSE_FOR_NUMERIC_TABLE_DUMP,
SSI,2025-Q4,quarter,financial_statement,https://www.ssi.com.vn/upload/files/IR/20260130_SSI_Bao_cao_tai_chinh_hop_nhat_Quy_4_nam_2025.pdf,https://www.ssi.com.vn/upload/files/IR/20260130_SSI_Bao_cao_tai_chinh_hop_nhat_Quy_4_nam_2025.pdf,data\raw\official_finance_documents\01ie\ssi_2025_q4_financial_statement_8e274d934023ff51.pdf,8e274d934023ff5129a99729f181b75df47dafda50ee26d831979466ae432d22,67,0,0,0,0,0.0,0,0,0,1.0,REJECTED_PAGE,TEXT_TOO_SPARSE_FOR_NUMERIC_TABLE_DUMP,
SSI,2025-Q4,quarter,financial_statement,https://www.ssi.com.vn/upload/files/IR/20260130_SSI_Bao_cao_tai_chinh_hop_nhat_Quy_4_nam_2025.pdf,https://www.ssi.com.vn/upload/files/IR/20260130_SSI_Bao_cao_tai_chinh_hop_nhat_Quy_4_nam_2025.pdf,data\raw\official_finance_documents\01ie\ssi_2025_q4_financial_statement_8e274d934023ff51.pdf,8e274d934023ff5129a99729f181b75df47dafda50ee26d831979466ae432d22,68,0,0,0,0,0.0,0,0,0,1.0,REJECTED_PAGE,TEXT_TOO_SPARSE_FOR_NUMERIC_TABLE_DUMP,
SSI,2025-Q4,quarter,financial_statement,https://www.ssi.com.vn/upload/files/IR/20260130_SSI_Bao_cao_tai_chinh_hop_nhat_Quy_4_nam_2025.pdf,https://www.ssi.com.vn/upload/files/IR/20260130_SSI_Bao_cao_tai_chinh_hop_nhat_Quy_4_nam_2025.pdf,data\raw\official_finance_documents\01ie\ssi_2025_q4_financial_statement_8e274d934023ff51.pdf,8e274d934023ff5129a99729f181b75df47dafda50ee26d831979466ae432d22,69,0,0,0,0,0.0,0,0,0,1.0,REJECTED_PAGE,TEXT_TOO_SPARSE_FOR_NUMERIC_TABLE_DUMP,
SSI,2025-Q4,quarter,financial_statement,https://www.ssi.com.vn/upload/files/IR/20260130_SSI_Bao_cao_tai_chinh_hop_nhat_Quy_4_nam_2025.pdf,https://www.ssi.com.vn/upload/files/IR/20260130_SSI_Bao_cao_tai_chinh_hop_nhat_Quy_4_nam_2025.pdf,data\raw\official_finance_documents\01ie\ssi_2025_q4_financial_statement_8e274d934023ff51.pdf,8e274d934023ff5129a99729f181b75df47dafda50ee26d831979466ae432d22,70,0,0,0,0,0.0,0,0,0,1.0,REJECTED_PAGE,TEXT_TOO_SPARSE_FOR_NUMERIC_TABLE_DUMP,
SSI,2025-Q4,quarter,financial_statement,https://www.ssi.com.vn/upload/files/IR/20260130_SSI_Bao_cao_tai_chinh_hop_nhat_Quy_4_nam_2025.pdf,https://www.ssi.com.vn/upload/files/IR/20260130_SSI_Bao_cao_tai_chinh_hop_nhat_Quy_4_nam_2025.pdf,data\raw\official_finance_documents\01ie\ssi_2025_q4_financial_statement_8e274d934023ff51.pdf,8e274d934023ff5129a99729f181b75df47dafda50ee26d831979466ae432d22,71,0,0,0,0,0.0,0,0,0,1.0,REJECTED_PAGE,TEXT_TOO_SPARSE_FOR_NUMERIC_TABLE_DUMP,
SSI,2025-Q4,quarter,financial_statement,https://www.ssi.com.vn/upload/files/IR/20260130_SSI_Bao_cao_tai_chinh_hop_nhat_Quy_4_nam_2025.pdf,https://www.ssi.com.vn/upload/files/IR/20260130_SSI_Bao_cao_tai_chinh_hop_nhat_Quy_4_nam_2025.pdf,data\raw\official_finance_documents\01ie\ssi_2025_q4_financial_statement_8e274d934023ff51.pdf,8e274d934023ff5129a99729f181b75df47dafda50ee26d831979466ae432d22,72,0,0,0,0,0.0,0,0,0,1.0,REJECTED_PAGE,TEXT_TOO_SPARSE_FOR_NUMERIC_TABLE_DUMP,
SSI,2025-Q4,quarter,financial_statement,https://www.ssi.com.vn/upload/files/IR/20260130_SSI_Bao_cao_tai_chinh_hop_nhat_Quy_4_nam_2025.pdf,https://www.ssi.com.vn/upload/files/IR/20260130_SSI_Bao_cao_tai_chinh_hop_nhat_Quy_4_nam_2025.pdf,data\raw\official_finance_documents\01ie\ssi_2025_q4_financial_statement_8e274d934023ff51.pdf,8e274d934023ff5129a99729f181b75df47dafda50ee26d831979466ae432d22,73,0,0,0,0,0.0,0,0,0,1.0,REJECTED_PAGE,TEXT_TOO_SPARSE_FOR_NUMERIC_TABLE_DUMP,
SSI,2025-Q4,quarter,financial_statement,https://www.ssi.com.vn/upload/files/IR/20260130_SSI_Bao_cao_tai_chinh_hop_nhat_Quy_4_nam_2025.pdf,https://www.ssi.com.vn/upload/files/IR/20260130_SSI_Bao_cao_tai_chinh_hop_nhat_Quy_4_nam_2025.pdf,data\raw\official_finance_documents\01ie\ssi_2025_q4_financial_statement_8e274d934023ff51.pdf,8e274d934023ff5129a99729f181b75df47dafda50ee26d831979466ae432d22,74,0,0,0,0,0.0,0,0,0,1.0,REJECTED_PAGE,TEXT_TOO_SPARSE_FOR_NUMERIC_TABLE_DUMP,
SSI,2025-Q4,quarter,financial_statement,https://www.ssi.com.vn/upload/files/IR/20260130_SSI_Bao_cao_tai_chinh_hop_nhat_Quy_4_nam_2025.pdf,https://www.ssi.com.vn/upload/files/IR/20260130_SSI_Bao_cao_tai_chinh_hop_nhat_Quy_4_nam_2025.pdf,data\raw\official_finance_documents\01ie\ssi_2025_q4_financial_statement_8e274d934023ff51.pdf,8e274d934023ff5129a99729f181b75df47dafda50ee26d831979466ae432d22,75,0,0,0,0,0.0,0,0,0,1.0,REJECTED_PAGE,TEXT_TOO_SPARSE_FOR_NUMERIC_TABLE_DUMP,
PVS,2025,annual,financial_statement,https://www.ptsc.com.vn/Data/Sites/1/media/codong/2025/PTSC_BCTC Hop nhat 6T %C4%90N2025 SKT.pdf,https://www.ptsc.com.vn/Data/Sites/1/media/codong/2025/PTSC_BCTC%20Hop%20nhat%206T%20%C4%90N2025%20SKT.pdf,data\raw\official_finance_documents\01ie\pvs_2025_financial_statement_81c6aae9cf6573bc.pdf,81c6aae9cf6573bc8bc726488e9abd5303ef51d242670241663ec29589d38670,1,0,0,0,0,0.0,0,0,0,1.0,REJECTED_PAGE,TEXT_TOO_SPARSE_FOR_NUMERIC_TABLE_DUMP,
PVS,2025,annual,financial_statement,https://www.ptsc.com.vn/Data/Sites/1/media/codong/2025/PTSC_BCTC Hop nhat 6T %C4%90N2025 SKT.pdf,https://www.ptsc.com.vn/Data/Sites/1/media/codong/2025/PTSC_BCTC%20Hop%20nhat%206T%20%C4%90N2025%20SKT.pdf,data\raw\official_finance_documents\01ie\pvs_2025_financial_statement_81c6aae9cf6573bc.pdf,81c6aae9cf6573bc8bc726488e9abd5303ef51d242670241663ec29589d38670,2,0,0,0,0,0.0,0,0,0,1.0,REJECTED_PAGE,TEXT_TOO_SPARSE_FOR_NUMERIC_TABLE_DUMP,
PVS,2025,annual,financial_statement,https://www.ptsc.com.vn/Data/Sites/1/media/codong/2025/PTSC_BCTC Hop nhat 6T %C4%90N2025 SKT.pdf,https://www.ptsc.com.vn/Data/Sites/1/media/codong/2025/PTSC_BCTC%20Hop%20nhat%206T%20%C4%90N2025%20SKT.pdf,data\raw\official_finance_documents\01ie\pvs_2025_financial_statement_81c6aae9cf6573bc.pdf,81c6aae9cf6573bc8bc726488e9abd5303ef51d242670241663ec29589d38670,3,0,0,0,0,0.0,0,0,0,1.0,REJECTED_PAGE,TEXT_TOO_SPARSE_FOR_NUMERIC_TABLE_DUMP,
PVS,2025,annual,financial_statement,https://www.ptsc.com.vn/Data/Sites/1/media/codong/2025/PTSC_BCTC Hop nhat 6T %C4%90N2025 SKT.pdf,https://www.ptsc.com.vn/Data/Sites/1/media/codong/2025/PTSC_BCTC%20Hop%20nhat%206T%20%C4%90N2025%20SKT.pdf,data\raw\official_finance_documents\01ie\pvs_2025_financial_statement_81c6aae9cf6573bc.pdf,81c6aae9cf6573bc8bc726488e9abd5303ef51d242670241663ec29589d38670,4,0,0,0,0,0.0,0,0,0,1.0,REJECTED_PAGE,TEXT_TOO_SPARSE_FOR_NUMERIC_TABLE_DUMP,
PVS,2025,annual,financial_statement,https://www.ptsc.com.vn/Data/Sites/1/media/codong/2025/PTSC_BCTC Hop nhat 6T %C4%90N2025 SKT.pdf,https://www.ptsc.com.vn/Data/Sites/1/media/codong/2025/PTSC_BCTC%20Hop%20nhat%206T%20%C4%90N2025%20SKT.pdf,data\raw\official_finance_documents\01ie\pvs_2025_financial_statement_81c6aae9cf6573bc.pdf,81c6aae9cf6573bc8bc726488e9abd5303ef51d242670241663ec29589d38670,5,0,0,0,0,0.0,0,0,0,1.0,REJECTED_PAGE,TEXT_TOO_SPARSE_FOR_NUMERIC_TABLE_DUMP,
PVS,2025,annual,financial_statement,https://www.ptsc.com.vn/Data/Sites/1/media/codong/2025/PTSC_BCTC Hop nhat 6T %C4%90N2025 SKT.pdf,https://www.ptsc.com.vn/Data/Sites/1/media/codong/2025/PTSC_BCTC%20Hop%20nhat%206T%20%C4%90N2025%20SKT.pdf,data\raw\official_finance_documents\01ie\pvs_2025_financial_statement_81c6aae9cf6573bc.pdf,81c6aae9cf6573bc8bc726488e9abd5303ef51d242670241663ec29589d38670,6,0,0,0,0,0.0,0,0,0,1.0,REJECTED_PAGE,TEXT_TOO_SPARSE_FOR_NUMERIC_TABLE_DUMP,
PVS,2025,annual,financial_statement,https://www.ptsc.com.vn/Data/Sites/1/media/codong/2025/PTSC_BCTC Hop nhat 6T %C4%90N2025 SKT.pdf,https://www.ptsc.com.vn/Data/Sites/1/media/codong/2025/PTSC_BCTC%20Hop%20nhat%206T%20%C4%90N2025%20SKT.pdf,data\raw\official_finance_documents\01ie\pvs_2025_financial_statement_81c6aae9cf6573bc.pdf,81c6aae9cf6573bc8bc726488e9abd5303ef51d242670241663ec29589d38670,7,0,0,0,0,0.0,0,0,0,1.0,REJECTED_PAGE,TEXT_TOO_SPARSE_FOR_NUMERIC_TABLE_DUMP,
PVS,2025,annual,financial_statement,https://www.ptsc.com.vn/Data/Sites/1/media/codong/2025/PTSC_BCTC Hop nhat 6T %C4%90N2025 SKT.pdf,https://www.ptsc.com.vn/Data/Sites/1/media/codong/2025/PTSC_BCTC%20Hop%20nhat%206T%20%C4%90N2025%20SKT.pdf,data\raw\official_finance_documents\01ie\pvs_2025_financial_statement_81c6aae9cf6573bc.pdf,81c6aae9cf6573bc8bc726488e9abd5303ef51d242670241663ec29589d38670,8,0,0,0,0,0.0,0,0,0,1.0,REJECTED_PAGE,TEXT_TOO_SPARSE_FOR_NUMERIC_TABLE_DUMP,
PVS,2025,annual,financial_statement,https://www.ptsc.com.vn/Data/Sites/1/media/codong/2025/PTSC_BCTC Hop nhat 6T %C4%90N2025 SKT.pdf,https://www.ptsc.com.vn/Data/Sites/1/media/codong/2025/PTSC_BCTC%20Hop%20nhat%206T%20%C4%90N2025%20SKT.pdf,data\raw\official_finance_documents\01ie\pvs_2025_financial_statement_81c6aae9cf6573bc.pdf,81c6aae9cf6573bc8bc726488e9abd5303ef51d242670241663ec29589d38670,9,0,0,0,0,0.0,0,0,0,1.0,REJECTED_PAGE,TEXT_TOO_SPARSE_FOR_NUMERIC_TABLE_DUMP,
PVS,2025,annual,financial_statement,https://www.ptsc.com.vn/Data/Sites/1/media/codong/2025/PTSC_BCTC Hop nhat 6T %C4%90N2025 SKT.pdf,https://www.ptsc.com.vn/Data/Sites/1/media/codong/2025/PTSC_BCTC%20Hop%20nhat%206T%20%C4%90N2025%20SKT.pdf,data\raw\official_finance_documents\01ie\pvs_2025_financial_statement_81c6aae9cf6573bc.pdf,81c6aae9cf6573bc8bc726488e9abd5303ef51d242670241663ec29589d38670,10,0,0,0,0,0.0,0,0,0,1.0,REJECTED_PAGE,TEXT_TOO_SPARSE_FOR_NUMERIC_TABLE_DUMP,
PVS,2025,annual,financial_statement,https://www.ptsc.com.vn/Data/Sites/1/media/codong/2025/PTSC_BCTC Hop nhat 6T %C4%90N2025 SKT.pdf,https://www.ptsc.com.vn/Data/Sites/1/media/codong/2025/PTSC_BCTC%20Hop%20nhat%206T%20%C4%90N2025%20SKT.pdf,data\raw\official_finance_documents\01ie\pvs_2025_financial_statement_81c6aae9cf6573bc.pdf,81c6aae9cf6573bc8bc726488e9abd5303ef51d242670241663ec29589d38670,11,0,0,0,0,0.0,0,0,0,1.0,REJECTED_PAGE,TEXT_TOO_SPARSE_FOR_NUMERIC_TABLE_DUMP,
PVS,2025,annual,financial_statement,https://www.ptsc.com.vn/Data/Sites/1/media/codong/2025/PTSC_BCTC Hop nhat 6T %C4%90N2025 SKT.pdf,https://www.ptsc.com.vn/Data/Sites/1/media/codong/2025/PTSC_BCTC%20Hop%20nhat%206T%20%C4%90N2025%20SKT.pdf,data\raw\official_finance_documents\01ie\pvs_2025_financial_statement_81c6aae9cf6573bc.pdf,81c6aae9cf6573bc8bc726488e9abd5303ef51d242670241663ec29589d38670,12,0,0,0,0,0.0,0,0,0,1.0,REJECTED_PAGE,TEXT_TOO_SPARSE_FOR_NUMERIC_TABLE_DUMP,
PVS,2025,annual,financial_statement,https://www.ptsc.com.vn/Data/Sites/1/media/codong/2025/PTSC_BCTC Hop nhat 6T %C4%90N2025 SKT.pdf,https://www.ptsc.com.vn/Data/Sites/1/media/codong/2025/PTSC_BCTC%20Hop%20nhat%206T%20%C4%90N2025%20SKT.pdf,data\raw\official_finance_documents\01ie\pvs_2025_financial_statement_81c6aae9cf6573bc.pdf,81c6aae9cf6573bc8bc726488e9abd5303ef51d242670241663ec29589d38670,13,0,0,0,0,0.0,0,0,0,1.0,REJECTED_PAGE,TEXT_TOO_SPARSE_FOR_NUMERIC_TABLE_DUMP,
PVS,2025,annual,financial_statement,https://www.ptsc.com.vn/Data/Sites/1/media/codong/2025/PTSC_BCTC Hop nhat 6T %C4%90N2025 SKT.pdf,https://www.ptsc.com.vn/Data/Sites/1/media/codong/2025/PTSC_BCTC%20Hop%20nhat%206T%20%C4%90N2025%20SKT.pdf,data\raw\official_finance_documents\01ie\pvs_2025_financial_statement_81c6aae9cf6573bc.pdf,81c6aae9cf6573bc8bc726488e9abd5303ef51d242670241663ec29589d38670,14,0,0,0,0,0.0,0,0,0,1.0,REJECTED_PAGE,TEXT_TOO_SPARSE_FOR_NUMERIC_TABLE_DUMP,
PVS,2025,annual,financial_statement,https://www.ptsc.com.vn/Data/Sites/1/media/codong/2025/PTSC_BCTC Hop nhat 6T %C4%90N2025 SKT.pdf,https://www.ptsc.com.vn/Data/Sites/1/media/codong/2025/PTSC_BCTC%20Hop%20nhat%206T%20%C4%90N2025%20SKT.pdf,data\raw\official_finance_documents\01ie\pvs_2025_financial_statement_81c6aae9cf6573bc.pdf,81c6aae9cf6573bc8bc726488e9abd5303ef51d242670241663ec29589d38670,15,0,0,0,0,0.0,0,0,0,1.0,REJECTED_PAGE,TEXT_TOO_SPARSE_FOR_NUMERIC_TABLE_DUMP,
PVS,2025,annual,financial_statement,https://www.ptsc.com.vn/Data/Sites/1/media/codong/2025/PTSC_BCTC Hop nhat 6T %C4%90N2025 SKT.pdf,https://www.ptsc.com.vn/Data/Sites/1/media/codong/2025/PTSC_BCTC%20Hop%20nhat%206T%20%C4%90N2025%20SKT.pdf,data\raw\official_finance_documents\01ie\pvs_2025_financial_statement_81c6aae9cf6573bc.pdf,81c6aae9cf6573bc8bc726488e9abd5303ef51d242670241663ec29589d38670,16,0,0,0,0,0.0,0,0,0,1.0,REJECTED_PAGE,TEXT_TOO_SPARSE_FOR_NUMERIC_TABLE_DUMP,
PVS,2025,annual,financial_statement,https://www.ptsc.com.vn/Data/Sites/1/media/codong/2025/PTSC_BCTC Hop nhat 6T %C4%90N2025 SKT.pdf,https://www.ptsc.com.vn/Data/Sites/1/media/codong/2025/PTSC_BCTC%20Hop%20nhat%206T%20%C4%90N2025%20SKT.pdf,data\raw\official_finance_documents\01ie\pvs_2025_financial_statement_81c6aae9cf6573bc.pdf,81c6aae9cf6573bc8bc726488e9abd5303ef51d242670241663ec29589d38670,17,0,0,0,0,0.0,0,0,0,1.0,REJECTED_PAGE,TEXT_TOO_SPARSE_FOR_NUMERIC_TABLE_DUMP,
PVS,2025,annual,financial_statement,https://www.ptsc.com.vn/Data/Sites/1/media/codong/2025/PTSC_BCTC Hop nhat 6T %C4%90N2025 SKT.pdf,https://www.ptsc.com.vn/Data/Sites/1/media/codong/2025/PTSC_BCTC%20Hop%20nhat%206T%20%C4%90N2025%20SKT.pdf,data\raw\official_finance_documents\01ie\pvs_2025_financial_statement_81c6aae9cf6573bc.pdf,81c6aae9cf6573bc8bc726488e9abd5303ef51d242670241663ec29589d38670,18,0,0,0,0,0.0,0,0,0,1.0,REJECTED_PAGE,TEXT_TOO_SPARSE_FOR_NUMERIC_TABLE_DUMP,
PVS,2025,annual,financial_statement,https://www.ptsc.com.vn/Data/Sites/1/media/codong/2025/PTSC_BCTC Hop nhat 6T %C4%90N2025 SKT.pdf,https://www.ptsc.com.vn/Data/Sites/1/media/codong/2025/PTSC_BCTC%20Hop%20nhat%206T%20%C4%90N2025%20SKT.pdf,data\raw\official_finance_documents\01ie\pvs_2025_financial_statement_81c6aae9cf6573bc.pdf,81c6aae9cf6573bc8bc726488e9abd5303ef51d242670241663ec29589d38670,19,0,0,0,0,0.0,0,0,0,1.0,REJECTED_PAGE,TEXT_TOO_SPARSE_FOR_NUMERIC_TABLE_DUMP,
PVS,2025,annual,financial_statement,https://www.ptsc.com.vn/Data/Sites/1/media/codong/2025/PTSC_BCTC Hop nhat 6T %C4%90N2025 SKT.pdf,https://www.ptsc.com.vn/Data/Sites/1/media/codong/2025/PTSC_BCTC%20Hop%20nhat%206T%20%C4%90N2025%20SKT.pdf,data\raw\official_finance_documents\01ie\pvs_2025_financial_statement_81c6aae9cf6573bc.pdf,81c6aae9cf6573bc8bc726488e9abd5303ef51d242670241663ec29589d38670,20,0,0,0,0,0.0,0,0,0,1.0,REJECTED_PAGE,TEXT_TOO_SPARSE_FOR_NUMERIC_TABLE_DUMP,
PVS,2025,annual,financial_statement,https://www.ptsc.com.vn/Data/Sites/1/media/codong/2025/PTSC_BCTC Hop nhat 6T %C4%90N2025 SKT.pdf,https://www.ptsc.com.vn/Data/Sites/1/media/codong/2025/PTSC_BCTC%20Hop%20nhat%206T%20%C4%90N2025%20SKT.pdf,data\raw\official_finance_documents\01ie\pvs_2025_financial_statement_81c6aae9cf6573bc.pdf,81c6aae9cf6573bc8bc726488e9abd5303ef51d242670241663ec29589d38670,21,0,0,0,0,0.0,0,0,0,1.0,REJECTED_PAGE,TEXT_TOO_SPARSE_FOR_NUMERIC_TABLE_DUMP,
PVS,2025,annual,financial_statement,https://www.ptsc.com.vn/Data/Sites/1/media/codong/2025/PTSC_BCTC Hop nhat 6T %C4%90N2025 SKT.pdf,https://www.ptsc.com.vn/Data/Sites/1/media/codong/2025/PTSC_BCTC%20Hop%20nhat%206T%20%C4%90N2025%20SKT.pdf,data\raw\official_finance_documents\01ie\pvs_2025_financial_statement_81c6aae9cf6573bc.pdf,81c6aae9cf6573bc8bc726488e9abd5303ef51d242670241663ec29589d38670,22,0,0,0,0,0.0,0,0,0,1.0,REJECTED_PAGE,TEXT_TOO_SPARSE_FOR_NUMERIC_TABLE_DUMP,
PVS,2025,annual,financial_statement,https://www.ptsc.com.vn/Data/Sites/1/media/codong/2025/PTSC_BCTC Hop nhat 6T %C4%90N2025 SKT.pdf,https://www.ptsc.com.vn/Data/Sites/1/media/codong/2025/PTSC_BCTC%20Hop%20nhat%206T%20%C4%90N2025%20SKT.pdf,data\raw\official_finance_documents\01ie\pvs_2025_financial_statement_81c6aae9cf6573bc.pdf,81c6aae9cf6573bc8bc726488e9abd5303ef51d242670241663ec29589d38670,23,0,0,0,0,0.0,0,0,0,1.0,REJECTED_PAGE,TEXT_TOO_SPARSE_FOR_NUMERIC_TABLE_DUMP,
PVS,2025,annual,financial_statement,https://www.ptsc.com.vn/Data/Sites/1/media/codong/2025/PTSC_BCTC Hop nhat 6T %C4%90N2025 SKT.pdf,https://www.ptsc.com.vn/Data/Sites/1/media/codong/2025/PTSC_BCTC%20Hop%20nhat%206T%20%C4%90N2025%20SKT.pdf,data\raw\official_finance_documents\01ie\pvs_2025_financial_statement_81c6aae9cf6573bc.pdf,81c6aae9cf6573bc8bc726488e9abd5303ef51d242670241663ec29589d38670,24,0,0,0,0,0.0,0,0,0,1.0,REJECTED_PAGE,TEXT_TOO_SPARSE_FOR_NUMERIC_TABLE_DUMP,
PVS,2025,annual,financial_statement,https://www.ptsc.com.vn/Data/Sites/1/media/codong/2025/PTSC_BCTC Hop nhat 6T %C4%90N2025 SKT.pdf,https://www.ptsc.com.vn/Data/Sites/1/media/codong/2025/PTSC_BCTC%20Hop%20nhat%206T%20%C4%90N2025%20SKT.pdf,data\raw\official_finance_documents\01ie\pvs_2025_financial_statement_81c6aae9cf6573bc.pdf,81c6aae9cf6573bc8bc726488e9abd5303ef51d242670241663ec29589d38670,25,0,0,0,0,0.0,0,0,0,1.0,REJECTED_PAGE,TEXT_TOO_SPARSE_FOR_NUMERIC_TABLE_DUMP,
PVS,2025,annual,financial_statement,https://www.ptsc.com.vn/Data/Sites/1/media/codong/2025/PTSC_BCTC Hop nhat 6T %C4%90N2025 SKT.pdf,https://www.ptsc.com.vn/Data/Sites/1/media/codong/2025/PTSC_BCTC%20Hop%20nhat%206T%20%C4%90N2025%20SKT.pdf,data\raw\official_finance_documents\01ie\pvs_2025_financial_statement_81c6aae9cf6573bc.pdf,81c6aae9cf6573bc8bc726488e9abd5303ef51d242670241663ec29589d38670,26,0,0,0,0,0.0,0,0,0,1.0,REJECTED_PAGE,TEXT_TOO_SPARSE_FOR_NUMERIC_TABLE_DUMP,
PVS,2025,annual,financial_statement,https://www.ptsc.com.vn/Data/Sites/1/media/codong/2025/PTSC_BCTC Hop nhat 6T %C4%90N2025 SKT.pdf,https://www.ptsc.com.vn/Data/Sites/1/media/codong/2025/PTSC_BCTC%20Hop%20nhat%206T%20%C4%90N2025%20SKT.pdf,data\raw\official_finance_documents\01ie\pvs_2025_financial_statement_81c6aae9cf6573bc.pdf,81c6aae9cf6573bc8bc726488e9abd5303ef51d242670241663ec29589d38670,27,0,0,0,0,0.0,0,0,0,1.0,REJECTED_PAGE,TEXT_TOO_SPARSE_FOR_NUMERIC_TABLE_DUMP,
PVS,2025,annual,financial_statement,https://www.ptsc.com.vn/Data/Sites/1/media/codong/2025/PTSC_BCTC Hop nhat 6T %C4%90N2025 SKT.pdf,https://www.ptsc.com.vn/Data/Sites/1/media/codong/2025/PTSC_BCTC%20Hop%20nhat%206T%20%C4%90N2025%20SKT.pdf,data\raw\official_finance_documents\01ie\pvs_2025_financial_statement_81c6aae9cf6573bc.pdf,81c6aae9cf6573bc8bc726488e9abd5303ef51d242670241663ec29589d38670,28,0,0,0,0,0.0,0,0,0,1.0,REJECTED_PAGE,TEXT_TOO_SPARSE_FOR_NUMERIC_TABLE_DUMP,
PVS,2025,annual,financial_statement,https://www.ptsc.com.vn/Data/Sites/1/media/codong/2025/PTSC_BCTC Hop nhat 6T %C4%90N2025 SKT.pdf,https://www.ptsc.com.vn/Data/Sites/1/media/codong/2025/PTSC_BCTC%20Hop%20nhat%206T%20%C4%90N2025%20SKT.pdf,data\raw\official_finance_documents\01ie\pvs_2025_financial_statement_81c6aae9cf6573bc.pdf,81c6aae9cf6573bc8bc726488e9abd5303ef51d242670241663ec29589d38670,29,0,0,0,0,0.0,0,0,0,1.0,REJECTED_PAGE,TEXT_TOO_SPARSE_FOR_NUMERIC_TABLE_DUMP,
PVS,2025,annual,financial_statement,https://www.ptsc.com.vn/Data/Sites/1/media/codong/2025/PTSC_BCTC Hop nhat 6T %C4%90N2025 SKT.pdf,https://www.ptsc.com.vn/Data/Sites/1/media/codong/2025/PTSC_BCTC%20Hop%20nhat%206T%20%C4%90N2025%20SKT.pdf,data\raw\official_finance_documents\01ie\pvs_2025_financial_statement_81c6aae9cf6573bc.pdf,81c6aae9cf6573bc8bc726488e9abd5303ef51d242670241663ec29589d38670,30,0,0,0,0,0.0,0,0,0,1.0,REJECTED_PAGE,TEXT_TOO_SPARSE_FOR_NUMERIC_TABLE_DUMP,
PVS,2025,annual,financial_statement,https://www.ptsc.com.vn/Data/Sites/1/media/codong/2025/PTSC_BCTC Hop nhat 6T %C4%90N2025 SKT.pdf,https://www.ptsc.com.vn/Data/Sites/1/media/codong/2025/PTSC_BCTC%20Hop%20nhat%206T%20%C4%90N2025%20SKT.pdf,data\raw\official_finance_documents\01ie\pvs_2025_financial_statement_81c6aae9cf6573bc.pdf,81c6aae9cf6573bc8bc726488e9abd5303ef51d242670241663ec29589d38670,31,0,0,0,0,0.0,0,0,0,1.0,REJECTED_PAGE,TEXT_TOO_SPARSE_FOR_NUMERIC_TABLE_DUMP,
PVS,2025,annual,financial_statement,https://www.ptsc.com.vn/Data/Sites/1/media/codong/2025/PTSC_BCTC Hop nhat 6T %C4%90N2025 SKT.pdf,https://www.ptsc.com.vn/Data/Sites/1/media/codong/2025/PTSC_BCTC%20Hop%20nhat%206T%20%C4%90N2025%20SKT.pdf,data\raw\official_finance_documents\01ie\pvs_2025_financial_statement_81c6aae9cf6573bc.pdf,81c6aae9cf6573bc8bc726488e9abd5303ef51d242670241663ec29589d38670,32,0,0,0,0,0.0,0,0,0,1.0,REJECTED_PAGE,TEXT_TOO_SPARSE_FOR_NUMERIC_TABLE_DUMP,
PVS,2025,annual,financial_statement,https://www.ptsc.com.vn/Data/Sites/1/media/codong/2025/PTSC_BCTC Hop nhat 6T %C4%90N2025 SKT.pdf,https://www.ptsc.com.vn/Data/Sites/1/media/codong/2025/PTSC_BCTC%20Hop%20nhat%206T%20%C4%90N2025%20SKT.pdf,data\raw\official_finance_documents\01ie\pvs_2025_financial_statement_81c6aae9cf6573bc.pdf,81c6aae9cf6573bc8bc726488e9abd5303ef51d242670241663ec29589d38670,33,0,0,0,0,0.0,0,0,0,1.0,REJECTED_PAGE,TEXT_TOO_SPARSE_FOR_NUMERIC_TABLE_DUMP,
PVS,2025,annual,financial_statement,https://www.ptsc.com.vn/Data/Sites/1/media/codong/2025/PTSC_BCTC Hop nhat 6T %C4%90N2025 SKT.pdf,https://www.ptsc.com.vn/Data/Sites/1/media/codong/2025/PTSC_BCTC%20Hop%20nhat%206T%20%C4%90N2025%20SKT.pdf,data\raw\official_finance_documents\01ie\pvs_2025_financial_statement_81c6aae9cf6573bc.pdf,81c6aae9cf6573bc8bc726488e9abd5303ef51d242670241663ec29589d38670,34,0,0,0,0,0.0,0,0,0,1.0,REJECTED_PAGE,TEXT_TOO_SPARSE_FOR_NUMERIC_TABLE_DUMP,
PVS,2025,annual,financial_statement,https://www.ptsc.com.vn/Data/Sites/1/media/codong/2025/PTSC_BCTC Hop nhat 6T %C4%90N2025 SKT.pdf,https://www.ptsc.com.vn/Data/Sites/1/media/codong/2025/PTSC_BCTC%20Hop%20nhat%206T%20%C4%90N2025%20SKT.pdf,data\raw\official_finance_documents\01ie\pvs_2025_financial_statement_81c6aae9cf6573bc.pdf,81c6aae9cf6573bc8bc726488e9abd5303ef51d242670241663ec29589d38670,35,0,0,0,0,0.0,0,0,0,1.0,REJECTED_PAGE,TEXT_TOO_SPARSE_FOR_NUMERIC_TABLE_DUMP,
PVS,2025,annual,financial_statement,https://www.ptsc.com.vn/Data/Sites/1/media/codong/2025/PTSC_BCTC Hop nhat 6T %C4%90N2025 SKT.pdf,https://www.ptsc.com.vn/Data/Sites/1/media/codong/2025/PTSC_BCTC%20Hop%20nhat%206T%20%C4%90N2025%20SKT.pdf,data\raw\official_finance_documents\01ie\pvs_2025_financial_statement_81c6aae9cf6573bc.pdf,81c6aae9cf6573bc8bc726488e9abd5303ef51d242670241663ec29589d38670,36,0,0,0,0,0.0,0,0,0,1.0,REJECTED_PAGE,TEXT_TOO_SPARSE_FOR_NUMERIC_TABLE_DUMP,
PVS,2025,annual,financial_statement,https://www.ptsc.com.vn/Data/Sites/1/media/codong/2025/PTSC_BCTC Hop nhat 6T %C4%90N2025 SKT.pdf,https://www.ptsc.com.vn/Data/Sites/1/media/codong/2025/PTSC_BCTC%20Hop%20nhat%206T%20%C4%90N2025%20SKT.pdf,data\raw\official_finance_documents\01ie\pvs_2025_financial_statement_81c6aae9cf6573bc.pdf,81c6aae9cf6573bc8bc726488e9abd5303ef51d242670241663ec29589d38670,37,0,0,0,0,0.0,0,0,0,1.0,REJECTED_PAGE,TEXT_TOO_SPARSE_FOR_NUMERIC_TABLE_DUMP,
PVS,2025,annual,financial_statement,https://www.ptsc.com.vn/Data/Sites/1/media/codong/2025/PTSC_BCTC Hop nhat 6T %C4%90N2025 SKT.pdf,https://www.ptsc.com.vn/Data/Sites/1/media/codong/2025/PTSC_BCTC%20Hop%20nhat%206T%20%C4%90N2025%20SKT.pdf,data\raw\official_finance_documents\01ie\pvs_2025_financial_statement_81c6aae9cf6573bc.pdf,81c6aae9cf6573bc8bc726488e9abd5303ef51d242670241663ec29589d38670,38,0,0,0,0,0.0,0,0,0,1.0,REJECTED_PAGE,TEXT_TOO_SPARSE_FOR_NUMERIC_TABLE_DUMP,
PVS,2025,annual,financial_statement,https://www.ptsc.com.vn/Data/Sites/1/media/codong/2025/PTSC_BCTC Hop nhat 6T %C4%90N2025 SKT.pdf,https://www.ptsc.com.vn/Data/Sites/1/media/codong/2025/PTSC_BCTC%20Hop%20nhat%206T%20%C4%90N2025%20SKT.pdf,data\raw\official_finance_documents\01ie\pvs_2025_financial_statement_81c6aae9cf6573bc.pdf,81c6aae9cf6573bc8bc726488e9abd5303ef51d242670241663ec29589d38670,39,0,0,0,0,0.0,0,0,0,1.0,REJECTED_PAGE,TEXT_TOO_SPARSE_FOR_NUMERIC_TABLE_DUMP,
PVS,2025,annual,financial_statement,https://www.ptsc.com.vn/Data/Sites/1/media/codong/2025/PTSC_BCTC Hop nhat 6T %C4%90N2025 SKT.pdf,https://www.ptsc.com.vn/Data/Sites/1/media/codong/2025/PTSC_BCTC%20Hop%20nhat%206T%20%C4%90N2025%20SKT.pdf,data\raw\official_finance_documents\01ie\pvs_2025_financial_statement_81c6aae9cf6573bc.pdf,81c6aae9cf6573bc8bc726488e9abd5303ef51d242670241663ec29589d38670,40,0,0,0,0,0.0,0,0,0,1.0,REJECTED_PAGE,TEXT_TOO_SPARSE_FOR_NUMERIC_TABLE_DUMP,
PVS,2025,annual,financial_statement,https://www.ptsc.com.vn/Data/Sites/1/media/codong/2025/PTSC_BCTC Hop nhat 6T %C4%90N2025 SKT.pdf,https://www.ptsc.com.vn/Data/Sites/1/media/codong/2025/PTSC_BCTC%20Hop%20nhat%206T%20%C4%90N2025%20SKT.pdf,data\raw\official_finance_documents\01ie\pvs_2025_financial_statement_81c6aae9cf6573bc.pdf,81c6aae9cf6573bc8bc726488e9abd5303ef51d242670241663ec29589d38670,41,0,0,0,0,0.0,0,0,0,1.0,REJECTED_PAGE,TEXT_TOO_SPARSE_FOR_NUMERIC_TABLE_DUMP,
PVS,2025,annual,financial_statement,https://www.ptsc.com.vn/Data/Sites/1/media/codong/2025/PTSC_BCTC Hop nhat 6T %C4%90N2025 SKT.pdf,https://www.ptsc.com.vn/Data/Sites/1/media/codong/2025/PTSC_BCTC%20Hop%20nhat%206T%20%C4%90N2025%20SKT.pdf,data\raw\official_finance_documents\01ie\pvs_2025_financial_statement_81c6aae9cf6573bc.pdf,81c6aae9cf6573bc8bc726488e9abd5303ef51d242670241663ec29589d38670,42,0,0,0,0,0.0,0,0,0,1.0,REJECTED_PAGE,TEXT_TOO_SPARSE_FOR_NUMERIC_TABLE_DUMP,
PVS,2025,annual,financial_statement,https://www.ptsc.com.vn/Data/Sites/1/media/codong/2025/PTSC_BCTC Hop nhat 6T %C4%90N2025 SKT.pdf,https://www.ptsc.com.vn/Data/Sites/1/media/codong/2025/PTSC_BCTC%20Hop%20nhat%206T%20%C4%90N2025%20SKT.pdf,data\raw\official_finance_documents\01ie\pvs_2025_financial_statement_81c6aae9cf6573bc.pdf,81c6aae9cf6573bc8bc726488e9abd5303ef51d242670241663ec29589d38670,43,0,0,0,0,0.0,0,0,0,1.0,REJECTED_PAGE,TEXT_TOO_SPARSE_FOR_NUMERIC_TABLE_DUMP,
PVS,2025,annual,financial_statement,https://www.ptsc.com.vn/Data/Sites/1/media/codong/2025/PTSC_BCTC Hop nhat 6T %C4%90N2025 SKT.pdf,https://www.ptsc.com.vn/Data/Sites/1/media/codong/2025/PTSC_BCTC%20Hop%20nhat%206T%20%C4%90N2025%20SKT.pdf,data\raw\official_finance_documents\01ie\pvs_2025_financial_statement_81c6aae9cf6573bc.pdf,81c6aae9cf6573bc8bc726488e9abd5303ef51d242670241663ec29589d38670,44,0,0,0,0,0.0,0,0,0,1.0,REJECTED_PAGE,TEXT_TOO_SPARSE_FOR_NUMERIC_TABLE_DUMP,
PVS,2025,annual,financial_statement,https://www.ptsc.com.vn/Data/Sites/1/media/codong/2025/PTSC_BCTC Hop nhat 6T %C4%90N2025 SKT.pdf,https://www.ptsc.com.vn/Data/Sites/1/media/codong/2025/PTSC_BCTC%20Hop%20nhat%206T%20%C4%90N2025%20SKT.pdf,data\raw\official_finance_documents\01ie\pvs_2025_financial_statement_81c6aae9cf6573bc.pdf,81c6aae9cf6573bc8bc726488e9abd5303ef51d242670241663ec29589d38670,45,0,0,0,0,0.0,0,0,0,1.0,REJECTED_PAGE,TEXT_TOO_SPARSE_FOR_NUMERIC_TABLE_DUMP,
PVS,2025,annual,financial_statement,https://www.ptsc.com.vn/Data/Sites/1/media/codong/2025/PTSC_BCTC Hop nhat 6T %C4%90N2025 SKT.pdf,https://www.ptsc.com.vn/Data/Sites/1/media/codong/2025/PTSC_BCTC%20Hop%20nhat%206T%20%C4%90N2025%20SKT.pdf,data\raw\official_finance_documents\01ie\pvs_2025_financial_statement_81c6aae9cf6573bc.pdf,81c6aae9cf6573bc8bc726488e9abd5303ef51d242670241663ec29589d38670,46,0,0,0,0,0.0,0,0,0,1.0,REJECTED_PAGE,TEXT_TOO_SPARSE_FOR_NUMERIC_TABLE_DUMP,
PVS,2025,annual,financial_statement,https://www.ptsc.com.vn/Data/Sites/1/media/codong/2025/PTSC_BCTC Hop nhat 6T %C4%90N2025 SKT.pdf,https://www.ptsc.com.vn/Data/Sites/1/media/codong/2025/PTSC_BCTC%20Hop%20nhat%206T%20%C4%90N2025%20SKT.pdf,data\raw\official_finance_documents\01ie\pvs_2025_financial_statement_81c6aae9cf6573bc.pdf,81c6aae9cf6573bc8bc726488e9abd5303ef51d242670241663ec29589d38670,47,0,0,0,0,0.0,0,0,0,1.0,REJECTED_PAGE,TEXT_TOO_SPARSE_FOR_NUMERIC_TABLE_DUMP,
PVS,2025,annual,financial_statement,https://www.ptsc.com.vn/Data/Sites/1/media/codong/2025/PTSC_BCTC Hop nhat 6T %C4%90N2025 SKT.pdf,https://www.ptsc.com.vn/Data/Sites/1/media/codong/2025/PTSC_BCTC%20Hop%20nhat%206T%20%C4%90N2025%20SKT.pdf,data\raw\official_finance_documents\01ie\pvs_2025_financial_statement_81c6aae9cf6573bc.pdf,81c6aae9cf6573bc8bc726488e9abd5303ef51d242670241663ec29589d38670,48,0,0,0,0,0.0,0,0,0,1.0,REJECTED_PAGE,TEXT_TOO_SPARSE_FOR_NUMERIC_TABLE_DUMP,
PVS,2025,annual,financial_statement,https://www.ptsc.com.vn/Data/Sites/1/media/codong/2025/PTSC_BCTC Hop nhat 6T %C4%90N2025 SKT.pdf,https://www.ptsc.com.vn/Data/Sites/1/media/codong/2025/PTSC_BCTC%20Hop%20nhat%206T%20%C4%90N2025%20SKT.pdf,data\raw\official_finance_documents\01ie\pvs_2025_financial_statement_81c6aae9cf6573bc.pdf,81c6aae9cf6573bc8bc726488e9abd5303ef51d242670241663ec29589d38670,49,0,0,0,0,0.0,0,0,0,1.0,REJECTED_PAGE,TEXT_TOO_SPARSE_FOR_NUMERIC_TABLE_DUMP,
PVS,2025,annual,financial_statement,https://www.ptsc.com.vn/Data/Sites/1/media/codong/2025/PTSC_BCTC Hop nhat 6T %C4%90N2025 SKT.pdf,https://www.ptsc.com.vn/Data/Sites/1/media/codong/2025/PTSC_BCTC%20Hop%20nhat%206T%20%C4%90N2025%20SKT.pdf,data\raw\official_finance_documents\01ie\pvs_2025_financial_statement_81c6aae9cf6573bc.pdf,81c6aae9cf6573bc8bc726488e9abd5303ef51d242670241663ec29589d38670,50,0,0,0,0,0.0,0,0,0,1.0,REJECTED_PAGE,TEXT_TOO_SPARSE_FOR_NUMERIC_TABLE_DUMP,
PVS,2025,annual,financial_statement,https://www.ptsc.com.vn/Data/Sites/1/media/codong/2025/PTSC_BCTC Hop nhat 6T %C4%90N2025 SKT.pdf,https://www.ptsc.com.vn/Data/Sites/1/media/codong/2025/PTSC_BCTC%20Hop%20nhat%206T%20%C4%90N2025%20SKT.pdf,data\raw\official_finance_documents\01ie\pvs_2025_financial_statement_81c6aae9cf6573bc.pdf,81c6aae9cf6573bc8bc726488e9abd5303ef51d242670241663ec29589d38670,51,0,0,0,0,0.0,0,0,0,1.0,REJECTED_PAGE,TEXT_TOO_SPARSE_FOR_NUMERIC_TABLE_DUMP,
PVS,2025,annual,financial_statement,https://www.ptsc.com.vn/Data/Sites/1/media/codong/2025/PTSC_BCTC Hop nhat 6T %C4%90N2025 SKT.pdf,https://www.ptsc.com.vn/Data/Sites/1/media/codong/2025/PTSC_BCTC%20Hop%20nhat%206T%20%C4%90N2025%20SKT.pdf,data\raw\official_finance_documents\01ie\pvs_2025_financial_statement_81c6aae9cf6573bc.pdf,81c6aae9cf6573bc8bc726488e9abd5303ef51d242670241663ec29589d38670,52,0,0,0,0,0.0,0,0,0,1.0,REJECTED_PAGE,TEXT_TOO_SPARSE_FOR_NUMERIC_TABLE_DUMP,
PVS,2025,annual,financial_statement,https://www.ptsc.com.vn/Data/Sites/1/media/codong/2025/PTSC_BCTC Hop nhat 6T %C4%90N2025 SKT.pdf,https://www.ptsc.com.vn/Data/Sites/1/media/codong/2025/PTSC_BCTC%20Hop%20nhat%206T%20%C4%90N2025%20SKT.pdf,data\raw\official_finance_documents\01ie\pvs_2025_financial_statement_81c6aae9cf6573bc.pdf,81c6aae9cf6573bc8bc726488e9abd5303ef51d242670241663ec29589d38670,53,0,0,0,0,0.0,0,0,0,1.0,REJECTED_PAGE,TEXT_TOO_SPARSE_FOR_NUMERIC_TABLE_DUMP,
PVS,2025,annual,financial_statement,https://www.ptsc.com.vn/Data/Sites/1/media/codong/2025/PTSC_BCTC Hop nhat 6T %C4%90N2025 SKT.pdf,https://www.ptsc.com.vn/Data/Sites/1/media/codong/2025/PTSC_BCTC%20Hop%20nhat%206T%20%C4%90N2025%20SKT.pdf,data\raw\official_finance_documents\01ie\pvs_2025_financial_statement_81c6aae9cf6573bc.pdf,81c6aae9cf6573bc8bc726488e9abd5303ef51d242670241663ec29589d38670,54,0,0,0,0,0.0,0,0,0,1.0,REJECTED_PAGE,TEXT_TOO_SPARSE_FOR_NUMERIC_TABLE_DUMP,
PVS,2025,annual,financial_statement,https://www.ptsc.com.vn/Data/Sites/1/media/codong/2025/PTSC_BCTC Hop nhat 6T %C4%90N2025 SKT.pdf,https://www.ptsc.com.vn/Data/Sites/1/media/codong/2025/PTSC_BCTC%20Hop%20nhat%206T%20%C4%90N2025%20SKT.pdf,data\raw\official_finance_documents\01ie\pvs_2025_financial_statement_81c6aae9cf6573bc.pdf,81c6aae9cf6573bc8bc726488e9abd5303ef51d242670241663ec29589d38670,55,0,0,0,0,0.0,0,0,0,1.0,REJECTED_PAGE,TEXT_TOO_SPARSE_FOR_NUMERIC_TABLE_DUMP,
PVS,2025,annual,financial_statement,https://www.ptsc.com.vn/Data/Sites/1/media/codong/2025/PTSC_BCTC Hop nhat 6T %C4%90N2025 SKT.pdf,https://www.ptsc.com.vn/Data/Sites/1/media/codong/2025/PTSC_BCTC%20Hop%20nhat%206T%20%C4%90N2025%20SKT.pdf,data\raw\official_finance_documents\01ie\pvs_2025_financial_statement_81c6aae9cf6573bc.pdf,81c6aae9cf6573bc8bc726488e9abd5303ef51d242670241663ec29589d38670,56,0,0,0,0,0.0,0,0,0,1.0,REJECTED_PAGE,TEXT_TOO_SPARSE_FOR_NUMERIC_TABLE_DUMP,
PVS,2025,annual,financial_statement,https://www.ptsc.com.vn/Data/Sites/1/media/codong/2025/PTSC_BCTC Hop nhat 6T %C4%90N2025 SKT.pdf,https://www.ptsc.com.vn/Data/Sites/1/media/codong/2025/PTSC_BCTC%20Hop%20nhat%206T%20%C4%90N2025%20SKT.pdf,data\raw\official_finance_documents\01ie\pvs_2025_financial_statement_81c6aae9cf6573bc.pdf,81c6aae9cf6573bc8bc726488e9abd5303ef51d242670241663ec29589d38670,57,0,0,0,0,0.0,0,0,0,1.0,REJECTED_PAGE,TEXT_TOO_SPARSE_FOR_NUMERIC_TABLE_DUMP,
PVS,2025,annual,financial_statement,https://www.ptsc.com.vn/Data/Sites/1/media/codong/2025/PTSC_BCTC Hop nhat 6T %C4%90N2025 SKT.pdf,https://www.ptsc.com.vn/Data/Sites/1/media/codong/2025/PTSC_BCTC%20Hop%20nhat%206T%20%C4%90N2025%20SKT.pdf,data\raw\official_finance_documents\01ie\pvs_2025_financial_statement_81c6aae9cf6573bc.pdf,81c6aae9cf6573bc8bc726488e9abd5303ef51d242670241663ec29589d38670,58,0,0,0,0,0.0,0,0,0,1.0,REJECTED_PAGE,TEXT_TOO_SPARSE_FOR_NUMERIC_TABLE_DUMP,
PVS,2025,annual,financial_statement,https://www.ptsc.com.vn/Data/Sites/1/media/codong/2025/PTSC_BCTC Hop nhat 6T %C4%90N2025 SKT.pdf,https://www.ptsc.com.vn/Data/Sites/1/media/codong/2025/PTSC_BCTC%20Hop%20nhat%206T%20%C4%90N2025%20SKT.pdf,data\raw\official_finance_documents\01ie\pvs_2025_financial_statement_81c6aae9cf6573bc.pdf,81c6aae9cf6573bc8bc726488e9abd5303ef51d242670241663ec29589d38670,59,0,0,0,0,0.0,0,0,0,1.0,REJECTED_PAGE,TEXT_TOO_SPARSE_FOR_NUMERIC_TABLE_DUMP,
PVS,2025,annual,financial_statement,https://www.ptsc.com.vn/Data/Sites/1/media/codong/2025/PTSC_BCTC Hop nhat 6T %C4%90N2025 SKT.pdf,https://www.ptsc.com.vn/Data/Sites/1/media/codong/2025/PTSC_BCTC%20Hop%20nhat%206T%20%C4%90N2025%20SKT.pdf,data\raw\official_finance_documents\01ie\pvs_2025_financial_statement_81c6aae9cf6573bc.pdf,81c6aae9cf6573bc8bc726488e9abd5303ef51d242670241663ec29589d38670,60,0,0,0,0,0.0,0,0,0,1.0,REJECTED_PAGE,TEXT_TOO_SPARSE_FOR_NUMERIC_TABLE_DUMP,
PVS,2025,annual,financial_statement,https://www.ptsc.com.vn/Data/Sites/1/media/codong/2025/PTSC_BCTC Hop nhat 6T %C4%90N2025 SKT.pdf,https://www.ptsc.com.vn/Data/Sites/1/media/codong/2025/PTSC_BCTC%20Hop%20nhat%206T%20%C4%90N2025%20SKT.pdf,data\raw\official_finance_documents\01ie\pvs_2025_financial_statement_81c6aae9cf6573bc.pdf,81c6aae9cf6573bc8bc726488e9abd5303ef51d242670241663ec29589d38670,61,0,0,0,0,0.0,0,0,0,1.0,REJECTED_PAGE,TEXT_TOO_SPARSE_FOR_NUMERIC_TABLE_DUMP,
PVS,2025,annual,financial_statement,https://www.ptsc.com.vn/Data/Sites/1/media/codong/2025/PTSC_BCTC Hop nhat 6T %C4%90N2025 SKT.pdf,https://www.ptsc.com.vn/Data/Sites/1/media/codong/2025/PTSC_BCTC%20Hop%20nhat%206T%20%C4%90N2025%20SKT.pdf,data\raw\official_finance_documents\01ie\pvs_2025_financial_statement_81c6aae9cf6573bc.pdf,81c6aae9cf6573bc8bc726488e9abd5303ef51d242670241663ec29589d38670,62,0,0,0,0,0.0,0,0,0,1.0,REJECTED_PAGE,TEXT_TOO_SPARSE_FOR_NUMERIC_TABLE_DUMP,
PVS,2025,annual,financial_statement,https://www.ptsc.com.vn/Data/Sites/1/media/codong/2025/PTSC_BCTC Hop nhat 6T %C4%90N2025 SKT.pdf,https://www.ptsc.com.vn/Data/Sites/1/media/codong/2025/PTSC_BCTC%20Hop%20nhat%206T%20%C4%90N2025%20SKT.pdf,data\raw\official_finance_documents\01ie\pvs_2025_financial_statement_81c6aae9cf6573bc.pdf,81c6aae9cf6573bc8bc726488e9abd5303ef51d242670241663ec29589d38670,63,0,0,0,0,0.0,0,0,0,1.0,REJECTED_PAGE,TEXT_TOO_SPARSE_FOR_NUMERIC_TABLE_DUMP,
PVS,2025,annual,financial_statement,https://www.ptsc.com.vn/Data/Sites/1/media/codong/2025/PTSC_BCTC Hop nhat 6T %C4%90N2025 SKT.pdf,https://www.ptsc.com.vn/Data/Sites/1/media/codong/2025/PTSC_BCTC%20Hop%20nhat%206T%20%C4%90N2025%20SKT.pdf,data\raw\official_finance_documents\01ie\pvs_2025_financial_statement_81c6aae9cf6573bc.pdf,81c6aae9cf6573bc8bc726488e9abd5303ef51d242670241663ec29589d38670,64,0,0,0,0,0.0,0,0,0,1.0,REJECTED_PAGE,TEXT_TOO_SPARSE_FOR_NUMERIC_TABLE_DUMP,
PVS,2025,annual,financial_statement,https://www.ptsc.com.vn/Data/Sites/1/media/codong/2025/PTSC_BCTC Hop nhat 6T %C4%90N2025 SKT.pdf,https://www.ptsc.com.vn/Data/Sites/1/media/codong/2025/PTSC_BCTC%20Hop%20nhat%206T%20%C4%90N2025%20SKT.pdf,data\raw\official_finance_documents\01ie\pvs_2025_financial_statement_81c6aae9cf6573bc.pdf,81c6aae9cf6573bc8bc726488e9abd5303ef51d242670241663ec29589d38670,65,0,0,0,0,0.0,0,0,0,1.0,REJECTED_PAGE,TEXT_TOO_SPARSE_FOR_NUMERIC_TABLE_DUMP,
PVS,2025,annual,financial_statement,https://www.ptsc.com.vn/Data/Sites/1/media/codong/2025/PTSC_BCTC Hop nhat 6T %C4%90N2025 SKT.pdf,https://www.ptsc.com.vn/Data/Sites/1/media/codong/2025/PTSC_BCTC%20Hop%20nhat%206T%20%C4%90N2025%20SKT.pdf,data\raw\official_finance_documents\01ie\pvs_2025_financial_statement_81c6aae9cf6573bc.pdf,81c6aae9cf6573bc8bc726488e9abd5303ef51d242670241663ec29589d38670,66,0,0,0,0,0.0,0,0,0,1.0,REJECTED_PAGE,TEXT_TOO_SPARSE_FOR_NUMERIC_TABLE_DUMP,
PVS,2025,annual,financial_statement,https://www.ptsc.com.vn/Data/Sites/1/media/codong/2025/PTSC_BCTC Hop nhat 6T %C4%90N2025 SKT.pdf,https://www.ptsc.com.vn/Data/Sites/1/media/codong/2025/PTSC_BCTC%20Hop%20nhat%206T%20%C4%90N2025%20SKT.pdf,data\raw\official_finance_documents\01ie\pvs_2025_financial_statement_81c6aae9cf6573bc.pdf,81c6aae9cf6573bc8bc726488e9abd5303ef51d242670241663ec29589d38670,67,0,0,0,0,0.0,0,0,0,1.0,REJECTED_PAGE,TEXT_TOO_SPARSE_FOR_NUMERIC_TABLE_DUMP,
PVS,2025,annual,financial_statement,https://www.ptsc.com.vn/Data/Sites/1/media/codong/2025/PTSC_BCTC Hop nhat 6T %C4%90N2025 SKT.pdf,https://www.ptsc.com.vn/Data/Sites/1/media/codong/2025/PTSC_BCTC%20Hop%20nhat%206T%20%C4%90N2025%20SKT.pdf,data\raw\official_finance_documents\01ie\pvs_2025_financial_statement_81c6aae9cf6573bc.pdf,81c6aae9cf6573bc8bc726488e9abd5303ef51d242670241663ec29589d38670,68,0,0,0,0,0.0,0,0,0,1.0,REJECTED_PAGE,TEXT_TOO_SPARSE_FOR_NUMERIC_TABLE_DUMP,
PVS,2025,annual,financial_statement,https://www.ptsc.com.vn/Data/Sites/1/media/codong/2025/PTSC_BCTC Hop nhat 6T %C4%90N2025 SKT.pdf,https://www.ptsc.com.vn/Data/Sites/1/media/codong/2025/PTSC_BCTC%20Hop%20nhat%206T%20%C4%90N2025%20SKT.pdf,data\raw\official_finance_documents\01ie\pvs_2025_financial_statement_81c6aae9cf6573bc.pdf,81c6aae9cf6573bc8bc726488e9abd5303ef51d242670241663ec29589d38670,69,0,0,0,0,0.0,0,0,0,1.0,REJECTED_PAGE,TEXT_TOO_SPARSE_FOR_NUMERIC_TABLE_DUMP,
PVS,2025,annual,financial_statement,https://www.ptsc.com.vn/Data/Sites/1/media/codong/2025/PTSC_BCTC Hop nhat 6T %C4%90N2025 SKT.pdf,https://www.ptsc.com.vn/Data/Sites/1/media/codong/2025/PTSC_BCTC%20Hop%20nhat%206T%20%C4%90N2025%20SKT.pdf,data\raw\official_finance_documents\01ie\pvs_2025_financial_statement_81c6aae9cf6573bc.pdf,81c6aae9cf6573bc8bc726488e9abd5303ef51d242670241663ec29589d38670,70,0,0,0,0,0.0,0,0,0,1.0,REJECTED_PAGE,TEXT_TOO_SPARSE_FOR_NUMERIC_TABLE_DUMP,
PVS,2025,annual,financial_statement,https://www.ptsc.com.vn/Data/Sites/1/media/codong/2025/PTSC_BCTC Hop nhat nam 2024_SKT.pdf,https://www.ptsc.com.vn/Data/Sites/1/media/codong/2025/PTSC_BCTC%20Hop%20nhat%20nam%202024_SKT.pdf,data\raw\official_finance_documents\01ie\pvs_2025_financial_statement_7f82e3a18a6d115b.pdf,7f82e3a18a6d115b2a412a78ec3d38a0e27528317e327a4ddc4eea61203d3b7a,1,0,0,0,0,0.0,0,0,0,1.0,REJECTED_PAGE,TEXT_TOO_SPARSE_FOR_NUMERIC_TABLE_DUMP,
PVS,2025,annual,financial_statement,https://www.ptsc.com.vn/Data/Sites/1/media/codong/2025/PTSC_BCTC Hop nhat nam 2024_SKT.pdf,https://www.ptsc.com.vn/Data/Sites/1/media/codong/2025/PTSC_BCTC%20Hop%20nhat%20nam%202024_SKT.pdf,data\raw\official_finance_documents\01ie\pvs_2025_financial_statement_7f82e3a18a6d115b.pdf,7f82e3a18a6d115b2a412a78ec3d38a0e27528317e327a4ddc4eea61203d3b7a,2,0,0,0,0,0.0,0,0,0,1.0,REJECTED_PAGE,TEXT_TOO_SPARSE_FOR_NUMERIC_TABLE_DUMP,
PVS,2025,annual,financial_statement,https://www.ptsc.com.vn/Data/Sites/1/media/codong/2025/PTSC_BCTC Hop nhat nam 2024_SKT.pdf,https://www.ptsc.com.vn/Data/Sites/1/media/codong/2025/PTSC_BCTC%20Hop%20nhat%20nam%202024_SKT.pdf,data\raw\official_finance_documents\01ie\pvs_2025_financial_statement_7f82e3a18a6d115b.pdf,7f82e3a18a6d115b2a412a78ec3d38a0e27528317e327a4ddc4eea61203d3b7a,3,0,0,0,0,0.0,0,0,0,1.0,REJECTED_PAGE,TEXT_TOO_SPARSE_FOR_NUMERIC_TABLE_DUMP,
PVS,2025,annual,financial_statement,https://www.ptsc.com.vn/Data/Sites/1/media/codong/2025/PTSC_BCTC Hop nhat nam 2024_SKT.pdf,https://www.ptsc.com.vn/Data/Sites/1/media/codong/2025/PTSC_BCTC%20Hop%20nhat%20nam%202024_SKT.pdf,data\raw\official_finance_documents\01ie\pvs_2025_financial_statement_7f82e3a18a6d115b.pdf,7f82e3a18a6d115b2a412a78ec3d38a0e27528317e327a4ddc4eea61203d3b7a,4,0,0,0,0,0.0,0,0,0,1.0,REJECTED_PAGE,TEXT_TOO_SPARSE_FOR_NUMERIC_TABLE_DUMP,
PVS,2025,annual,financial_statement,https://www.ptsc.com.vn/Data/Sites/1/media/codong/2025/PTSC_BCTC Hop nhat nam 2024_SKT.pdf,https://www.ptsc.com.vn/Data/Sites/1/media/codong/2025/PTSC_BCTC%20Hop%20nhat%20nam%202024_SKT.pdf,data\raw\official_finance_documents\01ie\pvs_2025_financial_statement_7f82e3a18a6d115b.pdf,7f82e3a18a6d115b2a412a78ec3d38a0e27528317e327a4ddc4eea61203d3b7a,5,0,0,0,0,0.0,0,0,0,1.0,REJECTED_PAGE,TEXT_TOO_SPARSE_FOR_NUMERIC_TABLE_DUMP,
PVS,2025,annual,financial_statement,https://www.ptsc.com.vn/Data/Sites/1/media/codong/2025/PTSC_BCTC Hop nhat nam 2024_SKT.pdf,https://www.ptsc.com.vn/Data/Sites/1/media/codong/2025/PTSC_BCTC%20Hop%20nhat%20nam%202024_SKT.pdf,data\raw\official_finance_documents\01ie\pvs_2025_financial_statement_7f82e3a18a6d115b.pdf,7f82e3a18a6d115b2a412a78ec3d38a0e27528317e327a4ddc4eea61203d3b7a,6,0,0,0,0,0.0,0,0,0,1.0,REJECTED_PAGE,TEXT_TOO_SPARSE_FOR_NUMERIC_TABLE_DUMP,
PVS,2025,annual,financial_statement,https://www.ptsc.com.vn/Data/Sites/1/media/codong/2025/PTSC_BCTC Hop nhat nam 2024_SKT.pdf,https://www.ptsc.com.vn/Data/Sites/1/media/codong/2025/PTSC_BCTC%20Hop%20nhat%20nam%202024_SKT.pdf,data\raw\official_finance_documents\01ie\pvs_2025_financial_statement_7f82e3a18a6d115b.pdf,7f82e3a18a6d115b2a412a78ec3d38a0e27528317e327a4ddc4eea61203d3b7a,7,0,0,0,0,0.0,0,0,0,1.0,REJECTED_PAGE,TEXT_TOO_SPARSE_FOR_NUMERIC_TABLE_DUMP,
PVS,2025,annual,financial_statement,https://www.ptsc.com.vn/Data/Sites/1/media/codong/2025/PTSC_BCTC Hop nhat nam 2024_SKT.pdf,https://www.ptsc.com.vn/Data/Sites/1/media/codong/2025/PTSC_BCTC%20Hop%20nhat%20nam%202024_SKT.pdf,data\raw\official_finance_documents\01ie\pvs_2025_financial_statement_7f82e3a18a6d115b.pdf,7f82e3a18a6d115b2a412a78ec3d38a0e27528317e327a4ddc4eea61203d3b7a,8,0,0,0,0,0.0,0,0,0,1.0,REJECTED_PAGE,TEXT_TOO_SPARSE_FOR_NUMERIC_TABLE_DUMP,
PVS,2025,annual,financial_statement,https://www.ptsc.com.vn/Data/Sites/1/media/codong/2025/PTSC_BCTC Hop nhat nam 2024_SKT.pdf,https://www.ptsc.com.vn/Data/Sites/1/media/codong/2025/PTSC_BCTC%20Hop%20nhat%20nam%202024_SKT.pdf,data\raw\official_finance_documents\01ie\pvs_2025_financial_statement_7f82e3a18a6d115b.pdf,7f82e3a18a6d115b2a412a78ec3d38a0e27528317e327a4ddc4eea61203d3b7a,9,0,0,0,0,0.0,0,0,0,1.0,REJECTED_PAGE,TEXT_TOO_SPARSE_FOR_NUMERIC_TABLE_DUMP,
PVS,2025,annual,financial_statement,https://www.ptsc.com.vn/Data/Sites/1/media/codong/2025/PTSC_BCTC Hop nhat nam 2024_SKT.pdf,https://www.ptsc.com.vn/Data/Sites/1/media/codong/2025/PTSC_BCTC%20Hop%20nhat%20nam%202024_SKT.pdf,data\raw\official_finance_documents\01ie\pvs_2025_financial_statement_7f82e3a18a6d115b.pdf,7f82e3a18a6d115b2a412a78ec3d38a0e27528317e327a4ddc4eea61203d3b7a,10,0,0,0,0,0.0,0,0,0,1.0,REJECTED_PAGE,TEXT_TOO_SPARSE_FOR_NUMERIC_TABLE_DUMP,
PVS,2025,annual,financial_statement,https://www.ptsc.com.vn/Data/Sites/1/media/codong/2025/PTSC_BCTC Hop nhat nam 2024_SKT.pdf,https://www.ptsc.com.vn/Data/Sites/1/media/codong/2025/PTSC_BCTC%20Hop%20nhat%20nam%202024_SKT.pdf,data\raw\official_finance_documents\01ie\pvs_2025_financial_statement_7f82e3a18a6d115b.pdf,7f82e3a18a6d115b2a412a78ec3d38a0e27528317e327a4ddc4eea61203d3b7a,11,0,0,0,0,0.0,0,0,0,1.0,REJECTED_PAGE,TEXT_TOO_SPARSE_FOR_NUMERIC_TABLE_DUMP,
PVS,2025,annual,financial_statement,https://www.ptsc.com.vn/Data/Sites/1/media/codong/2025/PTSC_BCTC Hop nhat nam 2024_SKT.pdf,https://www.ptsc.com.vn/Data/Sites/1/media/codong/2025/PTSC_BCTC%20Hop%20nhat%20nam%202024_SKT.pdf,data\raw\official_finance_documents\01ie\pvs_2025_financial_statement_7f82e3a18a6d115b.pdf,7f82e3a18a6d115b2a412a78ec3d38a0e27528317e327a4ddc4eea61203d3b7a,12,0,0,0,0,0.0,0,0,0,1.0,REJECTED_PAGE,TEXT_TOO_SPARSE_FOR_NUMERIC_TABLE_DUMP,
PVS,2025,annual,financial_statement,https://www.ptsc.com.vn/Data/Sites/1/media/codong/2025/PTSC_BCTC Hop nhat nam 2024_SKT.pdf,https://www.ptsc.com.vn/Data/Sites/1/media/codong/2025/PTSC_BCTC%20Hop%20nhat%20nam%202024_SKT.pdf,data\raw\official_finance_documents\01ie\pvs_2025_financial_statement_7f82e3a18a6d115b.pdf,7f82e3a18a6d115b2a412a78ec3d38a0e27528317e327a4ddc4eea61203d3b7a,13,0,0,0,0,0.0,0,0,0,1.0,REJECTED_PAGE,TEXT_TOO_SPARSE_FOR_NUMERIC_TABLE_DUMP,
PVS,2025,annual,financial_statement,https://www.ptsc.com.vn/Data/Sites/1/media/codong/2025/PTSC_BCTC Hop nhat nam 2024_SKT.pdf,https://www.ptsc.com.vn/Data/Sites/1/media/codong/2025/PTSC_BCTC%20Hop%20nhat%20nam%202024_SKT.pdf,data\raw\official_finance_documents\01ie\pvs_2025_financial_statement_7f82e3a18a6d115b.pdf,7f82e3a18a6d115b2a412a78ec3d38a0e27528317e327a4ddc4eea61203d3b7a,14,0,0,0,0,0.0,0,0,0,1.0,REJECTED_PAGE,TEXT_TOO_SPARSE_FOR_NUMERIC_TABLE_DUMP,
PVS,2025,annual,financial_statement,https://www.ptsc.com.vn/Data/Sites/1/media/codong/2025/PTSC_BCTC Hop nhat nam 2024_SKT.pdf,https://www.ptsc.com.vn/Data/Sites/1/media/codong/2025/PTSC_BCTC%20Hop%20nhat%20nam%202024_SKT.pdf,data\raw\official_finance_documents\01ie\pvs_2025_financial_statement_7f82e3a18a6d115b.pdf,7f82e3a18a6d115b2a412a78ec3d38a0e27528317e327a4ddc4eea61203d3b7a,15,0,0,0,0,0.0,0,0,0,1.0,REJECTED_PAGE,TEXT_TOO_SPARSE_FOR_NUMERIC_TABLE_DUMP,
PVS,2025,annual,financial_statement,https://www.ptsc.com.vn/Data/Sites/1/media/codong/2025/PTSC_BCTC Hop nhat nam 2024_SKT.pdf,https://www.ptsc.com.vn/Data/Sites/1/media/codong/2025/PTSC_BCTC%20Hop%20nhat%20nam%202024_SKT.pdf,data\raw\official_finance_documents\01ie\pvs_2025_financial_statement_7f82e3a18a6d115b.pdf,7f82e3a18a6d115b2a412a78ec3d38a0e27528317e327a4ddc4eea61203d3b7a,16,0,0,0,0,0.0,0,0,0,1.0,REJECTED_PAGE,TEXT_TOO_SPARSE_FOR_NUMERIC_TABLE_DUMP,
PVS,2025,annual,financial_statement,https://www.ptsc.com.vn/Data/Sites/1/media/codong/2025/PTSC_BCTC Hop nhat nam 2024_SKT.pdf,https://www.ptsc.com.vn/Data/Sites/1/media/codong/2025/PTSC_BCTC%20Hop%20nhat%20nam%202024_SKT.pdf,data\raw\official_finance_documents\01ie\pvs_2025_financial_statement_7f82e3a18a6d115b.pdf,7f82e3a18a6d115b2a412a78ec3d38a0e27528317e327a4ddc4eea61203d3b7a,17,0,0,0,0,0.0,0,0,0,1.0,REJECTED_PAGE,TEXT_TOO_SPARSE_FOR_NUMERIC_TABLE_DUMP,
PVS,2025,annual,financial_statement,https://www.ptsc.com.vn/Data/Sites/1/media/codong/2025/PTSC_BCTC Hop nhat nam 2024_SKT.pdf,https://www.ptsc.com.vn/Data/Sites/1/media/codong/2025/PTSC_BCTC%20Hop%20nhat%20nam%202024_SKT.pdf,data\raw\official_finance_documents\01ie\pvs_2025_financial_statement_7f82e3a18a6d115b.pdf,7f82e3a18a6d115b2a412a78ec3d38a0e27528317e327a4ddc4eea61203d3b7a,18,0,0,0,0,0.0,0,0,0,1.0,REJECTED_PAGE,TEXT_TOO_SPARSE_FOR_NUMERIC_TABLE_DUMP,
PVS,2025,annual,financial_statement,https://www.ptsc.com.vn/Data/Sites/1/media/codong/2025/PTSC_BCTC Hop nhat nam 2024_SKT.pdf,https://www.ptsc.com.vn/Data/Sites/1/media/codong/2025/PTSC_BCTC%20Hop%20nhat%20nam%202024_SKT.pdf,data\raw\official_finance_documents\01ie\pvs_2025_financial_statement_7f82e3a18a6d115b.pdf,7f82e3a18a6d115b2a412a78ec3d38a0e27528317e327a4ddc4eea61203d3b7a,19,0,0,0,0,0.0,0,0,0,1.0,REJECTED_PAGE,TEXT_TOO_SPARSE_FOR_NUMERIC_TABLE_DUMP,
PVS,2025,annual,financial_statement,https://www.ptsc.com.vn/Data/Sites/1/media/codong/2025/PTSC_BCTC Hop nhat nam 2024_SKT.pdf,https://www.ptsc.com.vn/Data/Sites/1/media/codong/2025/PTSC_BCTC%20Hop%20nhat%20nam%202024_SKT.pdf,data\raw\official_finance_documents\01ie\pvs_2025_financial_statement_7f82e3a18a6d115b.pdf,7f82e3a18a6d115b2a412a78ec3d38a0e27528317e327a4ddc4eea61203d3b7a,20,0,0,0,0,0.0,0,0,0,1.0,REJECTED_PAGE,TEXT_TOO_SPARSE_FOR_NUMERIC_TABLE_DUMP,
PVS,2025,annual,financial_statement,https://www.ptsc.com.vn/Data/Sites/1/media/codong/2025/PTSC_BCTC Hop nhat nam 2024_SKT.pdf,https://www.ptsc.com.vn/Data/Sites/1/media/codong/2025/PTSC_BCTC%20Hop%20nhat%20nam%202024_SKT.pdf,data\raw\official_finance_documents\01ie\pvs_2025_financial_statement_7f82e3a18a6d115b.pdf,7f82e3a18a6d115b2a412a78ec3d38a0e27528317e327a4ddc4eea61203d3b7a,21,0,0,0,0,0.0,0,0,0,1.0,REJECTED_PAGE,TEXT_TOO_SPARSE_FOR_NUMERIC_TABLE_DUMP,
PVS,2025,annual,financial_statement,https://www.ptsc.com.vn/Data/Sites/1/media/codong/2025/PTSC_BCTC Hop nhat nam 2024_SKT.pdf,https://www.ptsc.com.vn/Data/Sites/1/media/codong/2025/PTSC_BCTC%20Hop%20nhat%20nam%202024_SKT.pdf,data\raw\official_finance_documents\01ie\pvs_2025_financial_statement_7f82e3a18a6d115b.pdf,7f82e3a18a6d115b2a412a78ec3d38a0e27528317e327a4ddc4eea61203d3b7a,22,0,0,0,0,0.0,0,0,0,1.0,REJECTED_PAGE,TEXT_TOO_SPARSE_FOR_NUMERIC_TABLE_DUMP,
PVS,2025,annual,financial_statement,https://www.ptsc.com.vn/Data/Sites/1/media/codong/2025/PTSC_BCTC Hop nhat nam 2024_SKT.pdf,https://www.ptsc.com.vn/Data/Sites/1/media/codong/2025/PTSC_BCTC%20Hop%20nhat%20nam%202024_SKT.pdf,data\raw\official_finance_documents\01ie\pvs_2025_financial_statement_7f82e3a18a6d115b.pdf,7f82e3a18a6d115b2a412a78ec3d38a0e27528317e327a4ddc4eea61203d3b7a,23,0,0,0,0,0.0,0,0,0,1.0,REJECTED_PAGE,TEXT_TOO_SPARSE_FOR_NUMERIC_TABLE_DUMP,
PVS,2025,annual,financial_statement,https://www.ptsc.com.vn/Data/Sites/1/media/codong/2025/PTSC_BCTC Hop nhat nam 2024_SKT.pdf,https://www.ptsc.com.vn/Data/Sites/1/media/codong/2025/PTSC_BCTC%20Hop%20nhat%20nam%202024_SKT.pdf,data\raw\official_finance_documents\01ie\pvs_2025_financial_statement_7f82e3a18a6d115b.pdf,7f82e3a18a6d115b2a412a78ec3d38a0e27528317e327a4ddc4eea61203d3b7a,24,0,0,0,0,0.0,0,0,0,1.0,REJECTED_PAGE,TEXT_TOO_SPARSE_FOR_NUMERIC_TABLE_DUMP,
PVS,2025,annual,financial_statement,https://www.ptsc.com.vn/Data/Sites/1/media/codong/2025/PTSC_BCTC Hop nhat nam 2024_SKT.pdf,https://www.ptsc.com.vn/Data/Sites/1/media/codong/2025/PTSC_BCTC%20Hop%20nhat%20nam%202024_SKT.pdf,data\raw\official_finance_documents\01ie\pvs_2025_financial_statement_7f82e3a18a6d115b.pdf,7f82e3a18a6d115b2a412a78ec3d38a0e27528317e327a4ddc4eea61203d3b7a,25,0,0,0,0,0.0,0,0,0,1.0,REJECTED_PAGE,TEXT_TOO_SPARSE_FOR_NUMERIC_TABLE_DUMP,
PVS,2025,annual,financial_statement,https://www.ptsc.com.vn/Data/Sites/1/media/codong/2025/PTSC_BCTC Hop nhat nam 2024_SKT.pdf,https://www.ptsc.com.vn/Data/Sites/1/media/codong/2025/PTSC_BCTC%20Hop%20nhat%20nam%202024_SKT.pdf,data\raw\official_finance_documents\01ie\pvs_2025_financial_statement_7f82e3a18a6d115b.pdf,7f82e3a18a6d115b2a412a78ec3d38a0e27528317e327a4ddc4eea61203d3b7a,26,0,0,0,0,0.0,0,0,0,1.0,REJECTED_PAGE,TEXT_TOO_SPARSE_FOR_NUMERIC_TABLE_DUMP,
PVS,2025,annual,financial_statement,https://www.ptsc.com.vn/Data/Sites/1/media/codong/2025/PTSC_BCTC Hop nhat nam 2024_SKT.pdf,https://www.ptsc.com.vn/Data/Sites/1/media/codong/2025/PTSC_BCTC%20Hop%20nhat%20nam%202024_SKT.pdf,data\raw\official_finance_documents\01ie\pvs_2025_financial_statement_7f82e3a18a6d115b.pdf,7f82e3a18a6d115b2a412a78ec3d38a0e27528317e327a4ddc4eea61203d3b7a,27,0,0,0,0,0.0,0,0,0,1.0,REJECTED_PAGE,TEXT_TOO_SPARSE_FOR_NUMERIC_TABLE_DUMP,
PVS,2025,annual,financial_statement,https://www.ptsc.com.vn/Data/Sites/1/media/codong/2025/PTSC_BCTC Hop nhat nam 2024_SKT.pdf,https://www.ptsc.com.vn/Data/Sites/1/media/codong/2025/PTSC_BCTC%20Hop%20nhat%20nam%202024_SKT.pdf,data\raw\official_finance_documents\01ie\pvs_2025_financial_statement_7f82e3a18a6d115b.pdf,7f82e3a18a6d115b2a412a78ec3d38a0e27528317e327a4ddc4eea61203d3b7a,28,0,0,0,0,0.0,0,0,0,1.0,REJECTED_PAGE,TEXT_TOO_SPARSE_FOR_NUMERIC_TABLE_DUMP,
PVS,2025,annual,financial_statement,https://www.ptsc.com.vn/Data/Sites/1/media/codong/2025/PTSC_BCTC Hop nhat nam 2024_SKT.pdf,https://www.ptsc.com.vn/Data/Sites/1/media/codong/2025/PTSC_BCTC%20Hop%20nhat%20nam%202024_SKT.pdf,data\raw\official_finance_documents\01ie\pvs_2025_financial_statement_7f82e3a18a6d115b.pdf,7f82e3a18a6d115b2a412a78ec3d38a0e27528317e327a4ddc4eea61203d3b7a,29,0,0,0,0,0.0,0,0,0,1.0,REJECTED_PAGE,TEXT_TOO_SPARSE_FOR_NUMERIC_TABLE_DUMP,
PVS,2025,annual,financial_statement,https://www.ptsc.com.vn/Data/Sites/1/media/codong/2025/PTSC_BCTC Hop nhat nam 2024_SKT.pdf,https://www.ptsc.com.vn/Data/Sites/1/media/codong/2025/PTSC_BCTC%20Hop%20nhat%20nam%202024_SKT.pdf,data\raw\official_finance_documents\01ie\pvs_2025_financial_statement_7f82e3a18a6d115b.pdf,7f82e3a18a6d115b2a412a78ec3d38a0e27528317e327a4ddc4eea61203d3b7a,30,0,0,0,0,0.0,0,0,0,1.0,REJECTED_PAGE,TEXT_TOO_SPARSE_FOR_NUMERIC_TABLE_DUMP,
PVS,2025,annual,financial_statement,https://www.ptsc.com.vn/Data/Sites/1/media/codong/2025/PTSC_BCTC Hop nhat nam 2024_SKT.pdf,https://www.ptsc.com.vn/Data/Sites/1/media/codong/2025/PTSC_BCTC%20Hop%20nhat%20nam%202024_SKT.pdf,data\raw\official_finance_documents\01ie\pvs_2025_financial_statement_7f82e3a18a6d115b.pdf,7f82e3a18a6d115b2a412a78ec3d38a0e27528317e327a4ddc4eea61203d3b7a,31,0,0,0,0,0.0,0,0,0,1.0,REJECTED_PAGE,TEXT_TOO_SPARSE_FOR_NUMERIC_TABLE_DUMP,
PVS,2025,annual,financial_statement,https://www.ptsc.com.vn/Data/Sites/1/media/codong/2025/PTSC_BCTC Hop nhat nam 2024_SKT.pdf,https://www.ptsc.com.vn/Data/Sites/1/media/codong/2025/PTSC_BCTC%20Hop%20nhat%20nam%202024_SKT.pdf,data\raw\official_finance_documents\01ie\pvs_2025_financial_statement_7f82e3a18a6d115b.pdf,7f82e3a18a6d115b2a412a78ec3d38a0e27528317e327a4ddc4eea61203d3b7a,32,0,0,0,0,0.0,0,0,0,1.0,REJECTED_PAGE,TEXT_TOO_SPARSE_FOR_NUMERIC_TABLE_DUMP,
PVS,2025,annual,financial_statement,https://www.ptsc.com.vn/Data/Sites/1/media/codong/2025/PTSC_BCTC Hop nhat nam 2024_SKT.pdf,https://www.ptsc.com.vn/Data/Sites/1/media/codong/2025/PTSC_BCTC%20Hop%20nhat%20nam%202024_SKT.pdf,data\raw\official_finance_documents\01ie\pvs_2025_financial_statement_7f82e3a18a6d115b.pdf,7f82e3a18a6d115b2a412a78ec3d38a0e27528317e327a4ddc4eea61203d3b7a,33,0,0,0,0,0.0,0,0,0,1.0,REJECTED_PAGE,TEXT_TOO_SPARSE_FOR_NUMERIC_TABLE_DUMP,
PVS,2025,annual,financial_statement,https://www.ptsc.com.vn/Data/Sites/1/media/codong/2025/PTSC_BCTC Hop nhat nam 2024_SKT.pdf,https://www.ptsc.com.vn/Data/Sites/1/media/codong/2025/PTSC_BCTC%20Hop%20nhat%20nam%202024_SKT.pdf,data\raw\official_finance_documents\01ie\pvs_2025_financial_statement_7f82e3a18a6d115b.pdf,7f82e3a18a6d115b2a412a78ec3d38a0e27528317e327a4ddc4eea61203d3b7a,34,0,0,0,0,0.0,0,0,0,1.0,REJECTED_PAGE,TEXT_TOO_SPARSE_FOR_NUMERIC_TABLE_DUMP,
PVS,2025,annual,financial_statement,https://www.ptsc.com.vn/Data/Sites/1/media/codong/2025/PTSC_BCTC Hop nhat nam 2024_SKT.pdf,https://www.ptsc.com.vn/Data/Sites/1/media/codong/2025/PTSC_BCTC%20Hop%20nhat%20nam%202024_SKT.pdf,data\raw\official_finance_documents\01ie\pvs_2025_financial_statement_7f82e3a18a6d115b.pdf,7f82e3a18a6d115b2a412a78ec3d38a0e27528317e327a4ddc4eea61203d3b7a,35,0,0,0,0,0.0,0,0,0,1.0,REJECTED_PAGE,TEXT_TOO_SPARSE_FOR_NUMERIC_TABLE_DUMP,
PVS,2025,annual,financial_statement,https://www.ptsc.com.vn/Data/Sites/1/media/codong/2025/PTSC_BCTC Hop nhat nam 2024_SKT.pdf,https://www.ptsc.com.vn/Data/Sites/1/media/codong/2025/PTSC_BCTC%20Hop%20nhat%20nam%202024_SKT.pdf,data\raw\official_finance_documents\01ie\pvs_2025_financial_statement_7f82e3a18a6d115b.pdf,7f82e3a18a6d115b2a412a78ec3d38a0e27528317e327a4ddc4eea61203d3b7a,36,0,0,0,0,0.0,0,0,0,1.0,REJECTED_PAGE,TEXT_TOO_SPARSE_FOR_NUMERIC_TABLE_DUMP,
PVS,2025,annual,financial_statement,https://www.ptsc.com.vn/Data/Sites/1/media/codong/2025/PTSC_BCTC Hop nhat nam 2024_SKT.pdf,https://www.ptsc.com.vn/Data/Sites/1/media/codong/2025/PTSC_BCTC%20Hop%20nhat%20nam%202024_SKT.pdf,data\raw\official_finance_documents\01ie\pvs_2025_financial_statement_7f82e3a18a6d115b.pdf,7f82e3a18a6d115b2a412a78ec3d38a0e27528317e327a4ddc4eea61203d3b7a,37,0,0,0,0,0.0,0,0,0,1.0,REJECTED_PAGE,TEXT_TOO_SPARSE_FOR_NUMERIC_TABLE_DUMP,
PVS,2025,annual,financial_statement,https://www.ptsc.com.vn/Data/Sites/1/media/codong/2025/PTSC_BCTC Hop nhat nam 2024_SKT.pdf,https://www.ptsc.com.vn/Data/Sites/1/media/codong/2025/PTSC_BCTC%20Hop%20nhat%20nam%202024_SKT.pdf,data\raw\official_finance_documents\01ie\pvs_2025_financial_statement_7f82e3a18a6d115b.pdf,7f82e3a18a6d115b2a412a78ec3d38a0e27528317e327a4ddc4eea61203d3b7a,38,0,0,0,0,0.0,0,0,0,1.0,REJECTED_PAGE,TEXT_TOO_SPARSE_FOR_NUMERIC_TABLE_DUMP,
PVS,2025,annual,financial_statement,https://www.ptsc.com.vn/Data/Sites/1/media/codong/2025/PTSC_BCTC Hop nhat nam 2024_SKT.pdf,https://www.ptsc.com.vn/Data/Sites/1/media/codong/2025/PTSC_BCTC%20Hop%20nhat%20nam%202024_SKT.pdf,data\raw\official_finance_documents\01ie\pvs_2025_financial_statement_7f82e3a18a6d115b.pdf,7f82e3a18a6d115b2a412a78ec3d38a0e27528317e327a4ddc4eea61203d3b7a,39,0,0,0,0,0.0,0,0,0,1.0,REJECTED_PAGE,TEXT_TOO_SPARSE_FOR_NUMERIC_TABLE_DUMP,
PVS,2025,annual,financial_statement,https://www.ptsc.com.vn/Data/Sites/1/media/codong/2025/PTSC_BCTC Hop nhat nam 2024_SKT.pdf,https://www.ptsc.com.vn/Data/Sites/1/media/codong/2025/PTSC_BCTC%20Hop%20nhat%20nam%202024_SKT.pdf,data\raw\official_finance_documents\01ie\pvs_2025_financial_statement_7f82e3a18a6d115b.pdf,7f82e3a18a6d115b2a412a78ec3d38a0e27528317e327a4ddc4eea61203d3b7a,40,0,0,0,0,0.0,0,0,0,1.0,REJECTED_PAGE,TEXT_TOO_SPARSE_FOR_NUMERIC_TABLE_DUMP,
PVS,2025,annual,financial_statement,https://www.ptsc.com.vn/Data/Sites/1/media/codong/2025/PTSC_BCTC Hop nhat nam 2024_SKT.pdf,https://www.ptsc.com.vn/Data/Sites/1/media/codong/2025/PTSC_BCTC%20Hop%20nhat%20nam%202024_SKT.pdf,data\raw\official_finance_documents\01ie\pvs_2025_financial_statement_7f82e3a18a6d115b.pdf,7f82e3a18a6d115b2a412a78ec3d38a0e27528317e327a4ddc4eea61203d3b7a,41,0,0,0,0,0.0,0,0,0,1.0,REJECTED_PAGE,TEXT_TOO_SPARSE_FOR_NUMERIC_TABLE_DUMP,
PVS,2025,annual,financial_statement,https://www.ptsc.com.vn/Data/Sites/1/media/codong/2025/PTSC_BCTC Hop nhat nam 2024_SKT.pdf,https://www.ptsc.com.vn/Data/Sites/1/media/codong/2025/PTSC_BCTC%20Hop%20nhat%20nam%202024_SKT.pdf,data\raw\official_finance_documents\01ie\pvs_2025_financial_statement_7f82e3a18a6d115b.pdf,7f82e3a18a6d115b2a412a78ec3d38a0e27528317e327a4ddc4eea61203d3b7a,42,0,0,0,0,0.0,0,0,0,1.0,REJECTED_PAGE,TEXT_TOO_SPARSE_FOR_NUMERIC_TABLE_DUMP,
PVS,2025,annual,financial_statement,https://www.ptsc.com.vn/Data/Sites/1/media/codong/2025/PTSC_BCTC Hop nhat nam 2024_SKT.pdf,https://www.ptsc.com.vn/Data/Sites/1/media/codong/2025/PTSC_BCTC%20Hop%20nhat%20nam%202024_SKT.pdf,data\raw\official_finance_documents\01ie\pvs_2025_financial_statement_7f82e3a18a6d115b.pdf,7f82e3a18a6d115b2a412a78ec3d38a0e27528317e327a4ddc4eea61203d3b7a,43,0,0,0,0,0.0,0,0,0,1.0,REJECTED_PAGE,TEXT_TOO_SPARSE_FOR_NUMERIC_TABLE_DUMP,
PVS,2025,annual,financial_statement,https://www.ptsc.com.vn/Data/Sites/1/media/codong/2025/PTSC_BCTC Hop nhat nam 2024_SKT.pdf,https://www.ptsc.com.vn/Data/Sites/1/media/codong/2025/PTSC_BCTC%20Hop%20nhat%20nam%202024_SKT.pdf,data\raw\official_finance_documents\01ie\pvs_2025_financial_statement_7f82e3a18a6d115b.pdf,7f82e3a18a6d115b2a412a78ec3d38a0e27528317e327a4ddc4eea61203d3b7a,44,0,0,0,0,0.0,0,0,0,1.0,REJECTED_PAGE,TEXT_TOO_SPARSE_FOR_NUMERIC_TABLE_DUMP,
PVS,2025,annual,financial_statement,https://www.ptsc.com.vn/Data/Sites/1/media/codong/2025/PTSC_BCTC Hop nhat nam 2024_SKT.pdf,https://www.ptsc.com.vn/Data/Sites/1/media/codong/2025/PTSC_BCTC%20Hop%20nhat%20nam%202024_SKT.pdf,data\raw\official_finance_documents\01ie\pvs_2025_financial_statement_7f82e3a18a6d115b.pdf,7f82e3a18a6d115b2a412a78ec3d38a0e27528317e327a4ddc4eea61203d3b7a,45,0,0,0,0,0.0,0,0,0,1.0,REJECTED_PAGE,TEXT_TOO_SPARSE_FOR_NUMERIC_TABLE_DUMP,
PVS,2025,annual,financial_statement,https://www.ptsc.com.vn/Data/Sites/1/media/codong/2025/PTSC_BCTC Hop nhat nam 2024_SKT.pdf,https://www.ptsc.com.vn/Data/Sites/1/media/codong/2025/PTSC_BCTC%20Hop%20nhat%20nam%202024_SKT.pdf,data\raw\official_finance_documents\01ie\pvs_2025_financial_statement_7f82e3a18a6d115b.pdf,7f82e3a18a6d115b2a412a78ec3d38a0e27528317e327a4ddc4eea61203d3b7a,46,0,0,0,0,0.0,0,0,0,1.0,REJECTED_PAGE,TEXT_TOO_SPARSE_FOR_NUMERIC_TABLE_DUMP,
PVS,2025,annual,financial_statement,https://www.ptsc.com.vn/Data/Sites/1/media/codong/2025/PTSC_BCTC Hop nhat nam 2024_SKT.pdf,https://www.ptsc.com.vn/Data/Sites/1/media/codong/2025/PTSC_BCTC%20Hop%20nhat%20nam%202024_SKT.pdf,data\raw\official_finance_documents\01ie\pvs_2025_financial_statement_7f82e3a18a6d115b.pdf,7f82e3a18a6d115b2a412a78ec3d38a0e27528317e327a4ddc4eea61203d3b7a,47,0,0,0,0,0.0,0,0,0,1.0,REJECTED_PAGE,TEXT_TOO_SPARSE_FOR_NUMERIC_TABLE_DUMP,
PVS,2025,annual,financial_statement,https://www.ptsc.com.vn/Data/Sites/1/media/codong/2025/PTSC_BCTC Hop nhat nam 2024_SKT.pdf,https://www.ptsc.com.vn/Data/Sites/1/media/codong/2025/PTSC_BCTC%20Hop%20nhat%20nam%202024_SKT.pdf,data\raw\official_finance_documents\01ie\pvs_2025_financial_statement_7f82e3a18a6d115b.pdf,7f82e3a18a6d115b2a412a78ec3d38a0e27528317e327a4ddc4eea61203d3b7a,48,0,0,0,0,0.0,0,0,0,1.0,REJECTED_PAGE,TEXT_TOO_SPARSE_FOR_NUMERIC_TABLE_DUMP,
PVS,2025,annual,financial_statement,https://www.ptsc.com.vn/Data/Sites/1/media/codong/2025/PTSC_BCTC Hop nhat nam 2024_SKT.pdf,https://www.ptsc.com.vn/Data/Sites/1/media/codong/2025/PTSC_BCTC%20Hop%20nhat%20nam%202024_SKT.pdf,data\raw\official_finance_documents\01ie\pvs_2025_financial_statement_7f82e3a18a6d115b.pdf,7f82e3a18a6d115b2a412a78ec3d38a0e27528317e327a4ddc4eea61203d3b7a,49,0,0,0,0,0.0,0,0,0,1.0,REJECTED_PAGE,TEXT_TOO_SPARSE_FOR_NUMERIC_TABLE_DUMP,
PVS,2025,annual,financial_statement,https://www.ptsc.com.vn/Data/Sites/1/media/codong/2025/PTSC_BCTC Hop nhat nam 2024_SKT.pdf,https://www.ptsc.com.vn/Data/Sites/1/media/codong/2025/PTSC_BCTC%20Hop%20nhat%20nam%202024_SKT.pdf,data\raw\official_finance_documents\01ie\pvs_2025_financial_statement_7f82e3a18a6d115b.pdf,7f82e3a18a6d115b2a412a78ec3d38a0e27528317e327a4ddc4eea61203d3b7a,50,0,0,0,0,0.0,0,0,0,1.0,REJECTED_PAGE,TEXT_TOO_SPARSE_FOR_NUMERIC_TABLE_DUMP,
PVS,2025,annual,financial_statement,https://www.ptsc.com.vn/Data/Sites/1/media/codong/2025/PTSC_BCTC Hop nhat nam 2024_SKT.pdf,https://www.ptsc.com.vn/Data/Sites/1/media/codong/2025/PTSC_BCTC%20Hop%20nhat%20nam%202024_SKT.pdf,data\raw\official_finance_documents\01ie\pvs_2025_financial_statement_7f82e3a18a6d115b.pdf,7f82e3a18a6d115b2a412a78ec3d38a0e27528317e327a4ddc4eea61203d3b7a,51,0,0,0,0,0.0,0,0,0,1.0,REJECTED_PAGE,TEXT_TOO_SPARSE_FOR_NUMERIC_TABLE_DUMP,
PVS,2025,annual,financial_statement,https://www.ptsc.com.vn/Data/Sites/1/media/codong/2025/PTSC_BCTC Hop nhat nam 2024_SKT.pdf,https://www.ptsc.com.vn/Data/Sites/1/media/codong/2025/PTSC_BCTC%20Hop%20nhat%20nam%202024_SKT.pdf,data\raw\official_finance_documents\01ie\pvs_2025_financial_statement_7f82e3a18a6d115b.pdf,7f82e3a18a6d115b2a412a78ec3d38a0e27528317e327a4ddc4eea61203d3b7a,52,0,0,0,0,0.0,0,0,0,1.0,REJECTED_PAGE,TEXT_TOO_SPARSE_FOR_NUMERIC_TABLE_DUMP,
PVS,2025,annual,financial_statement,https://www.ptsc.com.vn/Data/Sites/1/media/codong/2025/PTSC_BCTC Hop nhat nam 2024_SKT.pdf,https://www.ptsc.com.vn/Data/Sites/1/media/codong/2025/PTSC_BCTC%20Hop%20nhat%20nam%202024_SKT.pdf,data\raw\official_finance_documents\01ie\pvs_2025_financial_statement_7f82e3a18a6d115b.pdf,7f82e3a18a6d115b2a412a78ec3d38a0e27528317e327a4ddc4eea61203d3b7a,53,0,0,0,0,0.0,0,0,0,1.0,REJECTED_PAGE,TEXT_TOO_SPARSE_FOR_NUMERIC_TABLE_DUMP,
PVS,2025,annual,financial_statement,https://www.ptsc.com.vn/Data/Sites/1/media/codong/2025/PTSC_BCTC Hop nhat nam 2024_SKT.pdf,https://www.ptsc.com.vn/Data/Sites/1/media/codong/2025/PTSC_BCTC%20Hop%20nhat%20nam%202024_SKT.pdf,data\raw\official_finance_documents\01ie\pvs_2025_financial_statement_7f82e3a18a6d115b.pdf,7f82e3a18a6d115b2a412a78ec3d38a0e27528317e327a4ddc4eea61203d3b7a,54,0,0,0,0,0.0,0,0,0,1.0,REJECTED_PAGE,TEXT_TOO_SPARSE_FOR_NUMERIC_TABLE_DUMP,
PVS,2025,annual,financial_statement,https://www.ptsc.com.vn/Data/Sites/1/media/codong/2025/PTSC_BCTC Hop nhat nam 2024_SKT.pdf,https://www.ptsc.com.vn/Data/Sites/1/media/codong/2025/PTSC_BCTC%20Hop%20nhat%20nam%202024_SKT.pdf,data\raw\official_finance_documents\01ie\pvs_2025_financial_statement_7f82e3a18a6d115b.pdf,7f82e3a18a6d115b2a412a78ec3d38a0e27528317e327a4ddc4eea61203d3b7a,55,0,0,0,0,0.0,0,0,0,1.0,REJECTED_PAGE,TEXT_TOO_SPARSE_FOR_NUMERIC_TABLE_DUMP,
PVS,2025,annual,financial_statement,https://www.ptsc.com.vn/Data/Sites/1/media/codong/2025/PTSC_BCTC Hop nhat nam 2024_SKT.pdf,https://www.ptsc.com.vn/Data/Sites/1/media/codong/2025/PTSC_BCTC%20Hop%20nhat%20nam%202024_SKT.pdf,data\raw\official_finance_documents\01ie\pvs_2025_financial_statement_7f82e3a18a6d115b.pdf,7f82e3a18a6d115b2a412a78ec3d38a0e27528317e327a4ddc4eea61203d3b7a,56,0,0,0,0,0.0,0,0,0,1.0,REJECTED_PAGE,TEXT_TOO_SPARSE_FOR_NUMERIC_TABLE_DUMP,
PVS,2025,annual,financial_statement,https://www.ptsc.com.vn/Data/Sites/1/media/codong/2025/PTSC_BCTC Hop nhat nam 2024_SKT.pdf,https://www.ptsc.com.vn/Data/Sites/1/media/codong/2025/PTSC_BCTC%20Hop%20nhat%20nam%202024_SKT.pdf,data\raw\official_finance_documents\01ie\pvs_2025_financial_statement_7f82e3a18a6d115b.pdf,7f82e3a18a6d115b2a412a78ec3d38a0e27528317e327a4ddc4eea61203d3b7a,57,0,0,0,0,0.0,0,0,0,1.0,REJECTED_PAGE,TEXT_TOO_SPARSE_FOR_NUMERIC_TABLE_DUMP,
PVS,2025,annual,financial_statement,https://www.ptsc.com.vn/Data/Sites/1/media/codong/2025/PTSC_BCTC Hop nhat nam 2024_SKT.pdf,https://www.ptsc.com.vn/Data/Sites/1/media/codong/2025/PTSC_BCTC%20Hop%20nhat%20nam%202024_SKT.pdf,data\raw\official_finance_documents\01ie\pvs_2025_financial_statement_7f82e3a18a6d115b.pdf,7f82e3a18a6d115b2a412a78ec3d38a0e27528317e327a4ddc4eea61203d3b7a,58,0,0,0,0,0.0,0,0,0,1.0,REJECTED_PAGE,TEXT_TOO_SPARSE_FOR_NUMERIC_TABLE_DUMP,
PVS,2025,annual,financial_statement,https://www.ptsc.com.vn/Data/Sites/1/media/codong/2025/PTSC_BCTC Hop nhat nam 2024_SKT.pdf,https://www.ptsc.com.vn/Data/Sites/1/media/codong/2025/PTSC_BCTC%20Hop%20nhat%20nam%202024_SKT.pdf,data\raw\official_finance_documents\01ie\pvs_2025_financial_statement_7f82e3a18a6d115b.pdf,7f82e3a18a6d115b2a412a78ec3d38a0e27528317e327a4ddc4eea61203d3b7a,59,0,0,0,0,0.0,0,0,0,1.0,REJECTED_PAGE,TEXT_TOO_SPARSE_FOR_NUMERIC_TABLE_DUMP,
PVS,2025,annual,financial_statement,https://www.ptsc.com.vn/Data/Sites/1/media/codong/2025/PTSC_BCTC Hop nhat nam 2024_SKT.pdf,https://www.ptsc.com.vn/Data/Sites/1/media/codong/2025/PTSC_BCTC%20Hop%20nhat%20nam%202024_SKT.pdf,data\raw\official_finance_documents\01ie\pvs_2025_financial_statement_7f82e3a18a6d115b.pdf,7f82e3a18a6d115b2a412a78ec3d38a0e27528317e327a4ddc4eea61203d3b7a,60,0,0,0,0,0.0,0,0,0,1.0,REJECTED_PAGE,TEXT_TOO_SPARSE_FOR_NUMERIC_TABLE_DUMP,
PVS,2025,annual,financial_statement,https://www.ptsc.com.vn/Data/Sites/1/media/codong/2025/PTSC_BCTC Hop nhat nam 2024_SKT.pdf,https://www.ptsc.com.vn/Data/Sites/1/media/codong/2025/PTSC_BCTC%20Hop%20nhat%20nam%202024_SKT.pdf,data\raw\official_finance_documents\01ie\pvs_2025_financial_statement_7f82e3a18a6d115b.pdf,7f82e3a18a6d115b2a412a78ec3d38a0e27528317e327a4ddc4eea61203d3b7a,61,0,0,0,0,0.0,0,0,0,1.0,REJECTED_PAGE,TEXT_TOO_SPARSE_FOR_NUMERIC_TABLE_DUMP,
PVS,2025,annual,financial_statement,https://www.ptsc.com.vn/Data/Sites/1/media/codong/2025/PTSC_BCTC Hop nhat nam 2024_SKT.pdf,https://www.ptsc.com.vn/Data/Sites/1/media/codong/2025/PTSC_BCTC%20Hop%20nhat%20nam%202024_SKT.pdf,data\raw\official_finance_documents\01ie\pvs_2025_financial_statement_7f82e3a18a6d115b.pdf,7f82e3a18a6d115b2a412a78ec3d38a0e27528317e327a4ddc4eea61203d3b7a,62,0,0,0,0,0.0,0,0,0,1.0,REJECTED_PAGE,TEXT_TOO_SPARSE_FOR_NUMERIC_TABLE_DUMP,
PVS,2025,annual,financial_statement,https://www.ptsc.com.vn/Data/Sites/1/media/codong/2025/PTSC_BCTC Hop nhat nam 2024_SKT.pdf,https://www.ptsc.com.vn/Data/Sites/1/media/codong/2025/PTSC_BCTC%20Hop%20nhat%20nam%202024_SKT.pdf,data\raw\official_finance_documents\01ie\pvs_2025_financial_statement_7f82e3a18a6d115b.pdf,7f82e3a18a6d115b2a412a78ec3d38a0e27528317e327a4ddc4eea61203d3b7a,63,0,0,0,0,0.0,0,0,0,1.0,REJECTED_PAGE,TEXT_TOO_SPARSE_FOR_NUMERIC_TABLE_DUMP,
PVS,2025,annual,financial_statement,https://www.ptsc.com.vn/Data/Sites/1/media/codong/2025/PTSC_BCTC Hop nhat nam 2024_SKT.pdf,https://www.ptsc.com.vn/Data/Sites/1/media/codong/2025/PTSC_BCTC%20Hop%20nhat%20nam%202024_SKT.pdf,data\raw\official_finance_documents\01ie\pvs_2025_financial_statement_7f82e3a18a6d115b.pdf,7f82e3a18a6d115b2a412a78ec3d38a0e27528317e327a4ddc4eea61203d3b7a,64,0,0,0,0,0.0,0,0,0,1.0,REJECTED_PAGE,TEXT_TOO_SPARSE_FOR_NUMERIC_TABLE_DUMP,
PVS,2025,annual,financial_statement,https://www.ptsc.com.vn/Data/Sites/1/media/codong/2025/PTSC_BCTC Hop nhat nam 2024_SKT.pdf,https://www.ptsc.com.vn/Data/Sites/1/media/codong/2025/PTSC_BCTC%20Hop%20nhat%20nam%202024_SKT.pdf,data\raw\official_finance_documents\01ie\pvs_2025_financial_statement_7f82e3a18a6d115b.pdf,7f82e3a18a6d115b2a412a78ec3d38a0e27528317e327a4ddc4eea61203d3b7a,65,0,0,0,0,0.0,0,0,0,1.0,REJECTED_PAGE,TEXT_TOO_SPARSE_FOR_NUMERIC_TABLE_DUMP,
PVS,2025,annual,financial_statement,https://www.ptsc.com.vn/Data/Sites/1/media/codong/2025/PTSC_BCTC Hop nhat nam 2024_SKT.pdf,https://www.ptsc.com.vn/Data/Sites/1/media/codong/2025/PTSC_BCTC%20Hop%20nhat%20nam%202024_SKT.pdf,data\raw\official_finance_documents\01ie\pvs_2025_financial_statement_7f82e3a18a6d115b.pdf,7f82e3a18a6d115b2a412a78ec3d38a0e27528317e327a4ddc4eea61203d3b7a,66,0,0,0,0,0.0,0,0,0,1.0,REJECTED_PAGE,TEXT_TOO_SPARSE_FOR_NUMERIC_TABLE_DUMP,
PVS,2025,annual,financial_statement,https://www.ptsc.com.vn/Data/Sites/1/media/codong/2025/PTSC_BCTC Hop nhat nam 2024_SKT.pdf,https://www.ptsc.com.vn/Data/Sites/1/media/codong/2025/PTSC_BCTC%20Hop%20nhat%20nam%202024_SKT.pdf,data\raw\official_finance_documents\01ie\pvs_2025_financial_statement_7f82e3a18a6d115b.pdf,7f82e3a18a6d115b2a412a78ec3d38a0e27528317e327a4ddc4eea61203d3b7a,67,0,0,0,0,0.0,0,0,0,1.0,REJECTED_PAGE,TEXT_TOO_SPARSE_FOR_NUMERIC_TABLE_DUMP,
PVS,2025,annual,financial_statement,https://www.ptsc.com.vn/Data/Sites/1/media/codong/2025/PTSC_BCTC Hop nhat nam 2024_SKT.pdf,https://www.ptsc.com.vn/Data/Sites/1/media/codong/2025/PTSC_BCTC%20Hop%20nhat%20nam%202024_SKT.pdf,data\raw\official_finance_documents\01ie\pvs_2025_financial_statement_7f82e3a18a6d115b.pdf,7f82e3a18a6d115b2a412a78ec3d38a0e27528317e327a4ddc4eea61203d3b7a,68,0,0,0,0,0.0,0,0,0,1.0,REJECTED_PAGE,TEXT_TOO_SPARSE_FOR_NUMERIC_TABLE_DUMP,
PVS,2025,annual,financial_statement,https://www.ptsc.com.vn/Data/Sites/1/media/codong/2025/PTSC_BCTC Hop nhat nam 2024_SKT.pdf,https://www.ptsc.com.vn/Data/Sites/1/media/codong/2025/PTSC_BCTC%20Hop%20nhat%20nam%202024_SKT.pdf,data\raw\official_finance_documents\01ie\pvs_2025_financial_statement_7f82e3a18a6d115b.pdf,7f82e3a18a6d115b2a412a78ec3d38a0e27528317e327a4ddc4eea61203d3b7a,69,0,0,0,0,0.0,0,0,0,1.0,REJECTED_PAGE,TEXT_TOO_SPARSE_FOR_NUMERIC_TABLE_DUMP,
PVS,2025,annual,financial_statement,https://www.ptsc.com.vn/Data/Sites/1/media/codong/2025/PTSC_BCTC Hop nhat nam 2024_SKT.pdf,https://www.ptsc.com.vn/Data/Sites/1/media/codong/2025/PTSC_BCTC%20Hop%20nhat%20nam%202024_SKT.pdf,data\raw\official_finance_documents\01ie\pvs_2025_financial_statement_7f82e3a18a6d115b.pdf,7f82e3a18a6d115b2a412a78ec3d38a0e27528317e327a4ddc4eea61203d3b7a,70,0,0,0,0,0.0,0,0,0,1.0,REJECTED_PAGE,TEXT_TOO_SPARSE_FOR_NUMERIC_TABLE_DUMP,
PVS,2025,annual,financial_statement,https://www.ptsc.com.vn/Data/Sites/1/media/codong/2025/PTSC_BCTC Hop nhat nam 2024_SKT.pdf,https://www.ptsc.com.vn/Data/Sites/1/media/codong/2025/PTSC_BCTC%20Hop%20nhat%20nam%202024_SKT.pdf,data\raw\official_finance_documents\01ie\pvs_2025_financial_statement_7f82e3a18a6d115b.pdf,7f82e3a18a6d115b2a412a78ec3d38a0e27528317e327a4ddc4eea61203d3b7a,71,0,0,0,0,0.0,0,0,0,1.0,REJECTED_PAGE,TEXT_TOO_SPARSE_FOR_NUMERIC_TABLE_DUMP,
PVS,2025,annual,financial_statement,https://www.ptsc.com.vn/Data/Sites/1/media/codong/2025/PTSC_BCTC Hop nhat nam 2024_SKT.pdf,https://www.ptsc.com.vn/Data/Sites/1/media/codong/2025/PTSC_BCTC%20Hop%20nhat%20nam%202024_SKT.pdf,data\raw\official_finance_documents\01ie\pvs_2025_financial_statement_7f82e3a18a6d115b.pdf,7f82e3a18a6d115b2a412a78ec3d38a0e27528317e327a4ddc4eea61203d3b7a,72,0,0,0,0,0.0,0,0,0,1.0,REJECTED_PAGE,TEXT_TOO_SPARSE_FOR_NUMERIC_TABLE_DUMP,
PVS,2025,annual,financial_statement,https://www.ptsc.com.vn/Data/Sites/1/media/codong/2025/PTSC_BCTC Hop nhat nam 2024_SKT.pdf,https://www.ptsc.com.vn/Data/Sites/1/media/codong/2025/PTSC_BCTC%20Hop%20nhat%20nam%202024_SKT.pdf,data\raw\official_finance_documents\01ie\pvs_2025_financial_statement_7f82e3a18a6d115b.pdf,7f82e3a18a6d115b2a412a78ec3d38a0e27528317e327a4ddc4eea61203d3b7a,73,0,0,0,0,0.0,0,0,0,1.0,REJECTED_PAGE,TEXT_TOO_SPARSE_FOR_NUMERIC_TABLE_DUMP,
PVS,2025,annual,financial_statement,https://www.ptsc.com.vn/Data/Sites/1/media/codong/2025/PTSC_BCTC Hop nhat nam 2024_SKT.pdf,https://www.ptsc.com.vn/Data/Sites/1/media/codong/2025/PTSC_BCTC%20Hop%20nhat%20nam%202024_SKT.pdf,data\raw\official_finance_documents\01ie\pvs_2025_financial_statement_7f82e3a18a6d115b.pdf,7f82e3a18a6d115b2a412a78ec3d38a0e27528317e327a4ddc4eea61203d3b7a,74,0,0,0,0,0.0,0,0,0,1.0,REJECTED_PAGE,TEXT_TOO_SPARSE_FOR_NUMERIC_TABLE_DUMP,
PVS,2025,annual,financial_statement,https://www.ptsc.com.vn/Data/Sites/1/media/codong/2025/PTSC_BCTC Hop nhat nam 2024_SKT.pdf,https://www.ptsc.com.vn/Data/Sites/1/media/codong/2025/PTSC_BCTC%20Hop%20nhat%20nam%202024_SKT.pdf,data\raw\official_finance_documents\01ie\pvs_2025_financial_statement_7f82e3a18a6d115b.pdf,7f82e3a18a6d115b2a412a78ec3d38a0e27528317e327a4ddc4eea61203d3b7a,75,0,0,0,0,0.0,0,0,0,1.0,REJECTED_PAGE,TEXT_TOO_SPARSE_FOR_NUMERIC_TABLE_DUMP,
PVS,2025,annual,financial_statement,https://www.ptsc.com.vn/Data/Sites/1/media/codong/2025/PTSC_BCTC Hop nhat nam 2024_SKT.pdf,https://www.ptsc.com.vn/Data/Sites/1/media/codong/2025/PTSC_BCTC%20Hop%20nhat%20nam%202024_SKT.pdf,data\raw\official_finance_documents\01ie\pvs_2025_financial_statement_7f82e3a18a6d115b.pdf,7f82e3a18a6d115b2a412a78ec3d38a0e27528317e327a4ddc4eea61203d3b7a,76,0,0,0,0,0.0,0,0,0,1.0,REJECTED_PAGE,TEXT_TOO_SPARSE_FOR_NUMERIC_TABLE_DUMP,
PVS,2025,annual,financial_statement,https://www.ptsc.com.vn/Data/Sites/1/media/codong/2025/PTSC_BCTC Hop nhat nam 2024_SKT.pdf,https://www.ptsc.com.vn/Data/Sites/1/media/codong/2025/PTSC_BCTC%20Hop%20nhat%20nam%202024_SKT.pdf,data\raw\official_finance_documents\01ie\pvs_2025_financial_statement_7f82e3a18a6d115b.pdf,7f82e3a18a6d115b2a412a78ec3d38a0e27528317e327a4ddc4eea61203d3b7a,77,0,0,0,0,0.0,0,0,0,1.0,REJECTED_PAGE,TEXT_TOO_SPARSE_FOR_NUMERIC_TABLE_DUMP,
PVS,2025,annual,financial_statement,https://www.ptsc.com.vn/Data/Sites/1/media/codong/2025/PTSC_BCTC Hop nhat nam 2024_SKT.pdf,https://www.ptsc.com.vn/Data/Sites/1/media/codong/2025/PTSC_BCTC%20Hop%20nhat%20nam%202024_SKT.pdf,data\raw\official_finance_documents\01ie\pvs_2025_financial_statement_7f82e3a18a6d115b.pdf,7f82e3a18a6d115b2a412a78ec3d38a0e27528317e327a4ddc4eea61203d3b7a,78,0,0,0,0,0.0,0,0,0,1.0,REJECTED_PAGE,TEXT_TOO_SPARSE_FOR_NUMERIC_TABLE_DUMP,
PVS,2025,annual,financial_statement,https://www.ptsc.com.vn/Data/Sites/1/media/codong/2025/PTSC_BCTC Hop nhat nam 2024_SKT.pdf,https://www.ptsc.com.vn/Data/Sites/1/media/codong/2025/PTSC_BCTC%20Hop%20nhat%20nam%202024_SKT.pdf,data\raw\official_finance_documents\01ie\pvs_2025_financial_statement_7f82e3a18a6d115b.pdf,7f82e3a18a6d115b2a412a78ec3d38a0e27528317e327a4ddc4eea61203d3b7a,79,0,0,0,0,0.0,0,0,0,1.0,REJECTED_PAGE,TEXT_TOO_SPARSE_FOR_NUMERIC_TABLE_DUMP,
PVS,2025,annual,financial_statement,https://www.ptsc.com.vn/Data/Sites/1/media/codong/2025/PTSC_BCTC Hop nhat nam 2024_SKT.pdf,https://www.ptsc.com.vn/Data/Sites/1/media/codong/2025/PTSC_BCTC%20Hop%20nhat%20nam%202024_SKT.pdf,data\raw\official_finance_documents\01ie\pvs_2025_financial_statement_7f82e3a18a6d115b.pdf,7f82e3a18a6d115b2a412a78ec3d38a0e27528317e327a4ddc4eea61203d3b7a,80,0,0,0,0,0.0,0,0,0,1.0,REJECTED_PAGE,TEXT_TOO_SPARSE_FOR_NUMERIC_TABLE_DUMP,
PVS,2025,annual,financial_statement,https://www.ptsc.com.vn/Data/Sites/1/media/codong/2025/PTSC_BCTC Hop nhat nam 2024_SKT.pdf,https://www.ptsc.com.vn/Data/Sites/1/media/codong/2025/PTSC_BCTC%20Hop%20nhat%20nam%202024_SKT.pdf,data\raw\official_finance_documents\01ie\pvs_2025_financial_statement_7f82e3a18a6d115b.pdf,7f82e3a18a6d115b2a412a78ec3d38a0e27528317e327a4ddc4eea61203d3b7a,81,0,0,0,0,0.0,0,0,0,1.0,REJECTED_PAGE,TEXT_TOO_SPARSE_FOR_NUMERIC_TABLE_DUMP,
PVS,2025,annual,financial_statement,https://www.ptsc.com.vn/Data/Sites/1/media/codong/2025/PTSC_BCTC Hop nhat nam 2024_SKT.pdf,https://www.ptsc.com.vn/Data/Sites/1/media/codong/2025/PTSC_BCTC%20Hop%20nhat%20nam%202024_SKT.pdf,data\raw\official_finance_documents\01ie\pvs_2025_financial_statement_7f82e3a18a6d115b.pdf,7f82e3a18a6d115b2a412a78ec3d38a0e27528317e327a4ddc4eea61203d3b7a,82,0,0,0,0,0.0,0,0,0,1.0,REJECTED_PAGE,TEXT_TOO_SPARSE_FOR_NUMERIC_TABLE_DUMP,
PVS,2025,annual,financial_statement,https://www.ptsc.com.vn/Data/Sites/1/media/codong/2025/PTSC_BCTC Hop nhat nam 2024_SKT.pdf,https://www.ptsc.com.vn/Data/Sites/1/media/codong/2025/PTSC_BCTC%20Hop%20nhat%20nam%202024_SKT.pdf,data\raw\official_finance_documents\01ie\pvs_2025_financial_statement_7f82e3a18a6d115b.pdf,7f82e3a18a6d115b2a412a78ec3d38a0e27528317e327a4ddc4eea61203d3b7a,83,0,0,0,0,0.0,0,0,0,1.0,REJECTED_PAGE,TEXT_TOO_SPARSE_FOR_NUMERIC_TABLE_DUMP,
PVS,2025,annual,financial_statement,https://www.ptsc.com.vn/Data/Sites/1/media/codong/2025/PTSC_BCTC Hop nhat nam 2024_SKT.pdf,https://www.ptsc.com.vn/Data/Sites/1/media/codong/2025/PTSC_BCTC%20Hop%20nhat%20nam%202024_SKT.pdf,data\raw\official_finance_documents\01ie\pvs_2025_financial_statement_7f82e3a18a6d115b.pdf,7f82e3a18a6d115b2a412a78ec3d38a0e27528317e327a4ddc4eea61203d3b7a,84,0,0,0,0,0.0,0,0,0,1.0,REJECTED_PAGE,TEXT_TOO_SPARSE_FOR_NUMERIC_TABLE_DUMP,
PVS,2025,annual,financial_statement,https://www.ptsc.com.vn/Data/Sites/1/media/codong/2025/PTSC_BCTC Hop nhat nam 2024_SKT.pdf,https://www.ptsc.com.vn/Data/Sites/1/media/codong/2025/PTSC_BCTC%20Hop%20nhat%20nam%202024_SKT.pdf,data\raw\official_finance_documents\01ie\pvs_2025_financial_statement_7f82e3a18a6d115b.pdf,7f82e3a18a6d115b2a412a78ec3d38a0e27528317e327a4ddc4eea61203d3b7a,85,0,0,0,0,0.0,0,0,0,1.0,REJECTED_PAGE,TEXT_TOO_SPARSE_FOR_NUMERIC_TABLE_DUMP,
PVS,2025,annual,financial_statement,https://www.ptsc.com.vn/Data/Sites/1/media/codong/2025/PTSC_BCTC Hop nhat nam 2024_SKT.pdf,https://www.ptsc.com.vn/Data/Sites/1/media/codong/2025/PTSC_BCTC%20Hop%20nhat%20nam%202024_SKT.pdf,data\raw\official_finance_documents\01ie\pvs_2025_financial_statement_7f82e3a18a6d115b.pdf,7f82e3a18a6d115b2a412a78ec3d38a0e27528317e327a4ddc4eea61203d3b7a,86,0,0,0,0,0.0,0,0,0,1.0,REJECTED_PAGE,TEXT_TOO_SPARSE_FOR_NUMERIC_TABLE_DUMP,
PVS,2025,annual,financial_statement,https://www.ptsc.com.vn/Data/Sites/1/media/codong/2025/PTSC_BCTC Hop nhat nam 2024_SKT.pdf,https://www.ptsc.com.vn/Data/Sites/1/media/codong/2025/PTSC_BCTC%20Hop%20nhat%20nam%202024_SKT.pdf,data\raw\official_finance_documents\01ie\pvs_2025_financial_statement_7f82e3a18a6d115b.pdf,7f82e3a18a6d115b2a412a78ec3d38a0e27528317e327a4ddc4eea61203d3b7a,87,0,0,0,0,0.0,0,0,0,1.0,REJECTED_PAGE,TEXT_TOO_SPARSE_FOR_NUMERIC_TABLE_DUMP,
PVS,2025,annual,financial_statement,https://www.ptsc.com.vn/Data/Sites/1/media/codong/2025/PTSC_BCTC Hop nhat nam 2024_SKT.pdf,https://www.ptsc.com.vn/Data/Sites/1/media/codong/2025/PTSC_BCTC%20Hop%20nhat%20nam%202024_SKT.pdf,data\raw\official_finance_documents\01ie\pvs_2025_financial_statement_7f82e3a18a6d115b.pdf,7f82e3a18a6d115b2a412a78ec3d38a0e27528317e327a4ddc4eea61203d3b7a,88,0,0,0,0,0.0,0,0,0,1.0,REJECTED_PAGE,TEXT_TOO_SPARSE_FOR_NUMERIC_TABLE_DUMP,
PVS,2025,annual,financial_statement,https://www.ptsc.com.vn/Data/Sites/1/media/codong/2025/PTSC_BCTC Hop nhat nam 2024_SKT.pdf,https://www.ptsc.com.vn/Data/Sites/1/media/codong/2025/PTSC_BCTC%20Hop%20nhat%20nam%202024_SKT.pdf,data\raw\official_finance_documents\01ie\pvs_2025_financial_statement_7f82e3a18a6d115b.pdf,7f82e3a18a6d115b2a412a78ec3d38a0e27528317e327a4ddc4eea61203d3b7a,89,0,0,0,0,0.0,0,0,0,1.0,REJECTED_PAGE,TEXT_TOO_SPARSE_FOR_NUMERIC_TABLE_DUMP,
PVS,2025,annual,financial_statement,https://www.ptsc.com.vn/Data/Sites/1/media/codong/2025/PTSC_BCTC Hop nhat nam 2024_SKT.pdf,https://www.ptsc.com.vn/Data/Sites/1/media/codong/2025/PTSC_BCTC%20Hop%20nhat%20nam%202024_SKT.pdf,data\raw\official_finance_documents\01ie\pvs_2025_financial_statement_7f82e3a18a6d115b.pdf,7f82e3a18a6d115b2a412a78ec3d38a0e27528317e327a4ddc4eea61203d3b7a,90,0,0,0,0,0.0,0,0,0,1.0,REJECTED_PAGE,TEXT_TOO_SPARSE_FOR_NUMERIC_TABLE_DUMP,
PVS,2025,annual,financial_statement,https://www.ptsc.com.vn/Data/Sites/1/media/codong/2025/PTSC_BCTC Hop nhat nam 2024_SKT.pdf,https://www.ptsc.com.vn/Data/Sites/1/media/codong/2025/PTSC_BCTC%20Hop%20nhat%20nam%202024_SKT.pdf,data\raw\official_finance_documents\01ie\pvs_2025_financial_statement_7f82e3a18a6d115b.pdf,7f82e3a18a6d115b2a412a78ec3d38a0e27528317e327a4ddc4eea61203d3b7a,91,0,0,0,0,0.0,0,0,0,1.0,REJECTED_PAGE,TEXT_TOO_SPARSE_FOR_NUMERIC_TABLE_DUMP,
PVS,2025,annual,financial_statement,https://www.ptsc.com.vn/Data/Sites/1/media/codong/2025/PTSC_BCTC Hop nhat nam 2024_SKT.pdf,https://www.ptsc.com.vn/Data/Sites/1/media/codong/2025/PTSC_BCTC%20Hop%20nhat%20nam%202024_SKT.pdf,data\raw\official_finance_documents\01ie\pvs_2025_financial_statement_7f82e3a18a6d115b.pdf,7f82e3a18a6d115b2a412a78ec3d38a0e27528317e327a4ddc4eea61203d3b7a,92,0,0,0,0,0.0,0,0,0,1.0,REJECTED_PAGE,TEXT_TOO_SPARSE_FOR_NUMERIC_TABLE_DUMP,
PVS,2025,annual,financial_statement,https://www.ptsc.com.vn/Data/Sites/1/media/codong/2025/PTSC_BCTC Hop nhat nam 2024_SKT.pdf,https://www.ptsc.com.vn/Data/Sites/1/media/codong/2025/PTSC_BCTC%20Hop%20nhat%20nam%202024_SKT.pdf,data\raw\official_finance_documents\01ie\pvs_2025_financial_statement_7f82e3a18a6d115b.pdf,7f82e3a18a6d115b2a412a78ec3d38a0e27528317e327a4ddc4eea61203d3b7a,93,0,0,0,0,0.0,0,0,0,1.0,REJECTED_PAGE,TEXT_TOO_SPARSE_FOR_NUMERIC_TABLE_DUMP,
PVS,2025,annual,financial_statement,https://www.ptsc.com.vn/Data/Sites/1/media/codong/2025/PTSC_BCTC Hop nhat nam 2024_SKT.pdf,https://www.ptsc.com.vn/Data/Sites/1/media/codong/2025/PTSC_BCTC%20Hop%20nhat%20nam%202024_SKT.pdf,data\raw\official_finance_documents\01ie\pvs_2025_financial_statement_7f82e3a18a6d115b.pdf,7f82e3a18a6d115b2a412a78ec3d38a0e27528317e327a4ddc4eea61203d3b7a,94,2764,2482,179,9,0.0142,2,2,0,10.65,SELECTED_NUMERIC_PAGE,,"n mӝt sӕ dӵ án ÿã thӵc hiӋn trong năm 2024 dүn ÿӃn viӋc ÿiӅu chӍnh mӝt sӕ khoҧn doanh thu, chi phí theo giá trӏ quyӃt toán và ÿiӅu chӍnh theo kӃt quҧ kiӇm toán Báo cáo tài chính cӫa các công ty con. Văn bản được tải lên hệ thống eoffice.ptsc.com.vn. Với số định danh: 210/CV-TCKT/2025 439 21"
PVS,2025,annual,financial_statement,https://www.ptsc.com.vn/Data/Sites/1/media/codong/2025/PTSC_BCTC Hop nhat nam 2024_SKT.pdf,https://www.ptsc.com.vn/Data/Sites/1/media/codong/2025/PTSC_BCTC%20Hop%20nhat%20nam%202024_SKT.pdf,data\raw\official_finance_documents\01ie\pvs_2025_financial_statement_7f82e3a18a6d115b.pdf,7f82e3a18a6d115b2a412a78ec3d38a0e27528317e327a4ddc4eea61203d3b7a,95,2314,2097,132,8,0.0171,2,2,0,10.3,SELECTED_NUMERIC_PAGE,,"illion VND, equivalent to a reduction of 11.12% compared to the accumulated net profit after tax in 2024, as reported in the consolidated financial statement for the 4th Quarter of 2024. These changes are primarily due to PTSC finalizing the projects completed in 2024 at the time of the audit, resulting in adjustments to certain revenue and expense items bas"
PVS,2025,annual,financial_statement,https://www.ptsc.com.vn/Data/Sites/1/media/codong/2025/PTSC_BCTC Hop nhat nam 2024_SKT_EN.pdf,https://www.ptsc.com.vn/Data/Sites/1/media/codong/2025/PTSC_BCTC%20Hop%20nhat%20nam%202024_SKT_EN.pdf,data\raw\official_finance_documents\01ie\pvs_2025_financial_statement_fb734e773d9f5ba4.pdf,fb734e773d9f5ba43472bd2a2ec42bb7c95344dbf365546136fc4cd0f774c5b7,1,0,0,0,0,0.0,0,0,0,1.0,REJECTED_PAGE,TEXT_TOO_SPARSE_FOR_NUMERIC_TABLE_DUMP,
PVS,2025,annual,financial_statement,https://www.ptsc.com.vn/Data/Sites/1/media/codong/2025/PTSC_BCTC Hop nhat nam 2024_SKT_EN.pdf,https://www.ptsc.com.vn/Data/Sites/1/media/codong/2025/PTSC_BCTC%20Hop%20nhat%20nam%202024_SKT_EN.pdf,data\raw\official_finance_documents\01ie\pvs_2025_financial_statement_fb734e773d9f5ba4.pdf,fb734e773d9f5ba43472bd2a2ec42bb7c95344dbf365546136fc4cd0f774c5b7,2,0,0,0,0,0.0,0,0,0,1.0,REJECTED_PAGE,TEXT_TOO_SPARSE_FOR_NUMERIC_TABLE_DUMP,
PVS,2025,annual,financial_statement,https://www.ptsc.com.vn/Data/Sites/1/media/codong/2025/PTSC_BCTC Hop nhat nam 2024_SKT_EN.pdf,https://www.ptsc.com.vn/Data/Sites/1/media/codong/2025/PTSC_BCTC%20Hop%20nhat%20nam%202024_SKT_EN.pdf,data\raw\official_finance_documents\01ie\pvs_2025_financial_statement_fb734e773d9f5ba4.pdf,fb734e773d9f5ba43472bd2a2ec42bb7c95344dbf365546136fc4cd0f774c5b7,3,0,0,0,0,0.0,0,0,0,1.0,REJECTED_PAGE,TEXT_TOO_SPARSE_FOR_NUMERIC_TABLE_DUMP,
PVS,2025,annual,financial_statement,https://www.ptsc.com.vn/Data/Sites/1/media/codong/2025/PTSC_BCTC Hop nhat nam 2024_SKT_EN.pdf,https://www.ptsc.com.vn/Data/Sites/1/media/codong/2025/PTSC_BCTC%20Hop%20nhat%20nam%202024_SKT_EN.pdf,data\raw\official_finance_documents\01ie\pvs_2025_financial_statement_fb734e773d9f5ba4.pdf,fb734e773d9f5ba43472bd2a2ec42bb7c95344dbf365546136fc4cd0f774c5b7,4,0,0,0,0,0.0,0,0,0,1.0,REJECTED_PAGE,TEXT_TOO_SPARSE_FOR_NUMERIC_TABLE_DUMP,
PVS,2025,annual,financial_statement,https://www.ptsc.com.vn/Data/Sites/1/media/codong/2025/PTSC_BCTC Hop nhat nam 2024_SKT_EN.pdf,https://www.ptsc.com.vn/Data/Sites/1/media/codong/2025/PTSC_BCTC%20Hop%20nhat%20nam%202024_SKT_EN.pdf,data\raw\official_finance_documents\01ie\pvs_2025_financial_statement_fb734e773d9f5ba4.pdf,fb734e773d9f5ba43472bd2a2ec42bb7c95344dbf365546136fc4cd0f774c5b7,5,0,0,0,0,0.0,0,0,0,1.0,REJECTED_PAGE,TEXT_TOO_SPARSE_FOR_NUMERIC_TABLE_DUMP,
PVS,2025,annual,financial_statement,https://www.ptsc.com.vn/Data/Sites/1/media/codong/2025/PTSC_BCTC Hop nhat nam 2024_SKT_EN.pdf,https://www.ptsc.com.vn/Data/Sites/1/media/codong/2025/PTSC_BCTC%20Hop%20nhat%20nam%202024_SKT_EN.pdf,data\raw\official_finance_documents\01ie\pvs_2025_financial_statement_fb734e773d9f5ba4.pdf,fb734e773d9f5ba43472bd2a2ec42bb7c95344dbf365546136fc4cd0f774c5b7,6,0,0,0,0,0.0,0,0,0,1.0,REJECTED_PAGE,TEXT_TOO_SPARSE_FOR_NUMERIC_TABLE_DUMP,
PVS,2025,annual,financial_statement,https://www.ptsc.com.vn/Data/Sites/1/media/codong/2025/PTSC_BCTC Hop nhat nam 2024_SKT_EN.pdf,https://www.ptsc.com.vn/Data/Sites/1/media/codong/2025/PTSC_BCTC%20Hop%20nhat%20nam%202024_SKT_EN.pdf,data\raw\official_finance_documents\01ie\pvs_2025_financial_statement_fb734e773d9f5ba4.pdf,fb734e773d9f5ba43472bd2a2ec42bb7c95344dbf365546136fc4cd0f774c5b7,7,0,0,0,0,0.0,0,0,0,1.0,REJECTED_PAGE,TEXT_TOO_SPARSE_FOR_NUMERIC_TABLE_DUMP,
PVS,2025,annual,financial_statement,https://www.ptsc.com.vn/Data/Sites/1/media/codong/2025/PTSC_BCTC Hop nhat nam 2024_SKT_EN.pdf,https://www.ptsc.com.vn/Data/Sites/1/media/codong/2025/PTSC_BCTC%20Hop%20nhat%20nam%202024_SKT_EN.pdf,data\raw\official_finance_documents\01ie\pvs_2025_financial_statement_fb734e773d9f5ba4.pdf,fb734e773d9f5ba43472bd2a2ec42bb7c95344dbf365546136fc4cd0f774c5b7,8,0,0,0,0,0.0,0,0,0,1.0,REJECTED_PAGE,TEXT_TOO_SPARSE_FOR_NUMERIC_TABLE_DUMP,
PVS,2025,annual,financial_statement,https://www.ptsc.com.vn/Data/Sites/1/media/codong/2025/PTSC_BCTC Hop nhat nam 2024_SKT_EN.pdf,https://www.ptsc.com.vn/Data/Sites/1/media/codong/2025/PTSC_BCTC%20Hop%20nhat%20nam%202024_SKT_EN.pdf,data\raw\official_finance_documents\01ie\pvs_2025_financial_statement_fb734e773d9f5ba4.pdf,fb734e773d9f5ba43472bd2a2ec42bb7c95344dbf365546136fc4cd0f774c5b7,9,0,0,0,0,0.0,0,0,0,1.0,REJECTED_PAGE,TEXT_TOO_SPARSE_FOR_NUMERIC_TABLE_DUMP,
PVS,2025,annual,financial_statement,https://www.ptsc.com.vn/Data/Sites/1/media/codong/2025/PTSC_BCTC Hop nhat nam 2024_SKT_EN.pdf,https://www.ptsc.com.vn/Data/Sites/1/media/codong/2025/PTSC_BCTC%20Hop%20nhat%20nam%202024_SKT_EN.pdf,data\raw\official_finance_documents\01ie\pvs_2025_financial_statement_fb734e773d9f5ba4.pdf,fb734e773d9f5ba43472bd2a2ec42bb7c95344dbf365546136fc4cd0f774c5b7,10,0,0,0,0,0.0,0,0,0,1.0,REJECTED_PAGE,TEXT_TOO_SPARSE_FOR_NUMERIC_TABLE_DUMP,
PVS,2025,annual,financial_statement,https://www.ptsc.com.vn/Data/Sites/1/media/codong/2025/PTSC_BCTC Hop nhat nam 2024_SKT_EN.pdf,https://www.ptsc.com.vn/Data/Sites/1/media/codong/2025/PTSC_BCTC%20Hop%20nhat%20nam%202024_SKT_EN.pdf,data\raw\official_finance_documents\01ie\pvs_2025_financial_statement_fb734e773d9f5ba4.pdf,fb734e773d9f5ba43472bd2a2ec42bb7c95344dbf365546136fc4cd0f774c5b7,11,0,0,0,0,0.0,0,0,0,1.0,REJECTED_PAGE,TEXT_TOO_SPARSE_FOR_NUMERIC_TABLE_DUMP,
PVS,2025,annual,financial_statement,https://www.ptsc.com.vn/Data/Sites/1/media/codong/2025/PTSC_BCTC Hop nhat nam 2024_SKT_EN.pdf,https://www.ptsc.com.vn/Data/Sites/1/media/codong/2025/PTSC_BCTC%20Hop%20nhat%20nam%202024_SKT_EN.pdf,data\raw\official_finance_documents\01ie\pvs_2025_financial_statement_fb734e773d9f5ba4.pdf,fb734e773d9f5ba43472bd2a2ec42bb7c95344dbf365546136fc4cd0f774c5b7,12,0,0,0,0,0.0,0,0,0,1.0,REJECTED_PAGE,TEXT_TOO_SPARSE_FOR_NUMERIC_TABLE_DUMP,
PVS,2025,annual,financial_statement,https://www.ptsc.com.vn/Data/Sites/1/media/codong/2025/PTSC_BCTC Hop nhat nam 2024_SKT_EN.pdf,https://www.ptsc.com.vn/Data/Sites/1/media/codong/2025/PTSC_BCTC%20Hop%20nhat%20nam%202024_SKT_EN.pdf,data\raw\official_finance_documents\01ie\pvs_2025_financial_statement_fb734e773d9f5ba4.pdf,fb734e773d9f5ba43472bd2a2ec42bb7c95344dbf365546136fc4cd0f774c5b7,13,0,0,0,0,0.0,0,0,0,1.0,REJECTED_PAGE,TEXT_TOO_SPARSE_FOR_NUMERIC_TABLE_DUMP,
PVS,2025,annual,financial_statement,https://www.ptsc.com.vn/Data/Sites/1/media/codong/2025/PTSC_BCTC Hop nhat nam 2024_SKT_EN.pdf,https://www.ptsc.com.vn/Data/Sites/1/media/codong/2025/PTSC_BCTC%20Hop%20nhat%20nam%202024_SKT_EN.pdf,data\raw\official_finance_documents\01ie\pvs_2025_financial_statement_fb734e773d9f5ba4.pdf,fb734e773d9f5ba43472bd2a2ec42bb7c95344dbf365546136fc4cd0f774c5b7,14,0,0,0,0,0.0,0,0,0,1.0,REJECTED_PAGE,TEXT_TOO_SPARSE_FOR_NUMERIC_TABLE_DUMP,
PVS,2025,annual,financial_statement,https://www.ptsc.com.vn/Data/Sites/1/media/codong/2025/PTSC_BCTC Hop nhat nam 2024_SKT_EN.pdf,https://www.ptsc.com.vn/Data/Sites/1/media/codong/2025/PTSC_BCTC%20Hop%20nhat%20nam%202024_SKT_EN.pdf,data\raw\official_finance_documents\01ie\pvs_2025_financial_statement_fb734e773d9f5ba4.pdf,fb734e773d9f5ba43472bd2a2ec42bb7c95344dbf365546136fc4cd0f774c5b7,15,0,0,0,0,0.0,0,0,0,1.0,REJECTED_PAGE,TEXT_TOO_SPARSE_FOR_NUMERIC_TABLE_DUMP,
PVS,2025,annual,financial_statement,https://www.ptsc.com.vn/Data/Sites/1/media/codong/2025/PTSC_BCTC Hop nhat nam 2024_SKT_EN.pdf,https://www.ptsc.com.vn/Data/Sites/1/media/codong/2025/PTSC_BCTC%20Hop%20nhat%20nam%202024_SKT_EN.pdf,data\raw\official_finance_documents\01ie\pvs_2025_financial_statement_fb734e773d9f5ba4.pdf,fb734e773d9f5ba43472bd2a2ec42bb7c95344dbf365546136fc4cd0f774c5b7,16,0,0,0,0,0.0,0,0,0,1.0,REJECTED_PAGE,TEXT_TOO_SPARSE_FOR_NUMERIC_TABLE_DUMP,
PVS,2025,annual,financial_statement,https://www.ptsc.com.vn/Data/Sites/1/media/codong/2025/PTSC_BCTC Hop nhat nam 2024_SKT_EN.pdf,https://www.ptsc.com.vn/Data/Sites/1/media/codong/2025/PTSC_BCTC%20Hop%20nhat%20nam%202024_SKT_EN.pdf,data\raw\official_finance_documents\01ie\pvs_2025_financial_statement_fb734e773d9f5ba4.pdf,fb734e773d9f5ba43472bd2a2ec42bb7c95344dbf365546136fc4cd0f774c5b7,17,0,0,0,0,0.0,0,0,0,1.0,REJECTED_PAGE,TEXT_TOO_SPARSE_FOR_NUMERIC_TABLE_DUMP,
PVS,2025,annual,financial_statement,https://www.ptsc.com.vn/Data/Sites/1/media/codong/2025/PTSC_BCTC Hop nhat nam 2024_SKT_EN.pdf,https://www.ptsc.com.vn/Data/Sites/1/media/codong/2025/PTSC_BCTC%20Hop%20nhat%20nam%202024_SKT_EN.pdf,data\raw\official_finance_documents\01ie\pvs_2025_financial_statement_fb734e773d9f5ba4.pdf,fb734e773d9f5ba43472bd2a2ec42bb7c95344dbf365546136fc4cd0f774c5b7,18,0,0,0,0,0.0,0,0,0,1.0,REJECTED_PAGE,TEXT_TOO_SPARSE_FOR_NUMERIC_TABLE_DUMP,
PVS,2025,annual,financial_statement,https://www.ptsc.com.vn/Data/Sites/1/media/codong/2025/PTSC_BCTC Hop nhat nam 2024_SKT_EN.pdf,https://www.ptsc.com.vn/Data/Sites/1/media/codong/2025/PTSC_BCTC%20Hop%20nhat%20nam%202024_SKT_EN.pdf,data\raw\official_finance_documents\01ie\pvs_2025_financial_statement_fb734e773d9f5ba4.pdf,fb734e773d9f5ba43472bd2a2ec42bb7c95344dbf365546136fc4cd0f774c5b7,19,0,0,0,0,0.0,0,0,0,1.0,REJECTED_PAGE,TEXT_TOO_SPARSE_FOR_NUMERIC_TABLE_DUMP,
PVS,2025,annual,financial_statement,https://www.ptsc.com.vn/Data/Sites/1/media/codong/2025/PTSC_BCTC Hop nhat nam 2024_SKT_EN.pdf,https://www.ptsc.com.vn/Data/Sites/1/media/codong/2025/PTSC_BCTC%20Hop%20nhat%20nam%202024_SKT_EN.pdf,data\raw\official_finance_documents\01ie\pvs_2025_financial_statement_fb734e773d9f5ba4.pdf,fb734e773d9f5ba43472bd2a2ec42bb7c95344dbf365546136fc4cd0f774c5b7,20,0,0,0,0,0.0,0,0,0,1.0,REJECTED_PAGE,TEXT_TOO_SPARSE_FOR_NUMERIC_TABLE_DUMP,
PVS,2025,annual,financial_statement,https://www.ptsc.com.vn/Data/Sites/1/media/codong/2025/PTSC_BCTC Hop nhat nam 2024_SKT_EN.pdf,https://www.ptsc.com.vn/Data/Sites/1/media/codong/2025/PTSC_BCTC%20Hop%20nhat%20nam%202024_SKT_EN.pdf,data\raw\official_finance_documents\01ie\pvs_2025_financial_statement_fb734e773d9f5ba4.pdf,fb734e773d9f5ba43472bd2a2ec42bb7c95344dbf365546136fc4cd0f774c5b7,21,0,0,0,0,0.0,0,0,0,1.0,REJECTED_PAGE,TEXT_TOO_SPARSE_FOR_NUMERIC_TABLE_DUMP,
PVS,2025,annual,financial_statement,https://www.ptsc.com.vn/Data/Sites/1/media/codong/2025/PTSC_BCTC Hop nhat nam 2024_SKT_EN.pdf,https://www.ptsc.com.vn/Data/Sites/1/media/codong/2025/PTSC_BCTC%20Hop%20nhat%20nam%202024_SKT_EN.pdf,data\raw\official_finance_documents\01ie\pvs_2025_financial_statement_fb734e773d9f5ba4.pdf,fb734e773d9f5ba43472bd2a2ec42bb7c95344dbf365546136fc4cd0f774c5b7,22,0,0,0,0,0.0,0,0,0,1.0,REJECTED_PAGE,TEXT_TOO_SPARSE_FOR_NUMERIC_TABLE_DUMP,
PVS,2025,annual,financial_statement,https://www.ptsc.com.vn/Data/Sites/1/media/codong/2025/PTSC_BCTC Hop nhat nam 2024_SKT_EN.pdf,https://www.ptsc.com.vn/Data/Sites/1/media/codong/2025/PTSC_BCTC%20Hop%20nhat%20nam%202024_SKT_EN.pdf,data\raw\official_finance_documents\01ie\pvs_2025_financial_statement_fb734e773d9f5ba4.pdf,fb734e773d9f5ba43472bd2a2ec42bb7c95344dbf365546136fc4cd0f774c5b7,23,0,0,0,0,0.0,0,0,0,1.0,REJECTED_PAGE,TEXT_TOO_SPARSE_FOR_NUMERIC_TABLE_DUMP,
PVS,2025,annual,financial_statement,https://www.ptsc.com.vn/Data/Sites/1/media/codong/2025/PTSC_BCTC Hop nhat nam 2024_SKT_EN.pdf,https://www.ptsc.com.vn/Data/Sites/1/media/codong/2025/PTSC_BCTC%20Hop%20nhat%20nam%202024_SKT_EN.pdf,data\raw\official_finance_documents\01ie\pvs_2025_financial_statement_fb734e773d9f5ba4.pdf,fb734e773d9f5ba43472bd2a2ec42bb7c95344dbf365546136fc4cd0f774c5b7,24,0,0,0,0,0.0,0,0,0,1.0,REJECTED_PAGE,TEXT_TOO_SPARSE_FOR_NUMERIC_TABLE_DUMP,
PVS,2025,annual,financial_statement,https://www.ptsc.com.vn/Data/Sites/1/media/codong/2025/PTSC_BCTC Hop nhat nam 2024_SKT_EN.pdf,https://www.ptsc.com.vn/Data/Sites/1/media/codong/2025/PTSC_BCTC%20Hop%20nhat%20nam%202024_SKT_EN.pdf,data\raw\official_finance_documents\01ie\pvs_2025_financial_statement_fb734e773d9f5ba4.pdf,fb734e773d9f5ba43472bd2a2ec42bb7c95344dbf365546136fc4cd0f774c5b7,25,0,0,0,0,0.0,0,0,0,1.0,REJECTED_PAGE,TEXT_TOO_SPARSE_FOR_NUMERIC_TABLE_DUMP,
PVS,2025,annual,financial_statement,https://www.ptsc.com.vn/Data/Sites/1/media/codong/2025/PTSC_BCTC Hop nhat nam 2024_SKT_EN.pdf,https://www.ptsc.com.vn/Data/Sites/1/media/codong/2025/PTSC_BCTC%20Hop%20nhat%20nam%202024_SKT_EN.pdf,data\raw\official_finance_documents\01ie\pvs_2025_financial_statement_fb734e773d9f5ba4.pdf,fb734e773d9f5ba43472bd2a2ec42bb7c95344dbf365546136fc4cd0f774c5b7,26,0,0,0,0,0.0,0,0,0,1.0,REJECTED_PAGE,TEXT_TOO_SPARSE_FOR_NUMERIC_TABLE_DUMP,
PVS,2025,annual,financial_statement,https://www.ptsc.com.vn/Data/Sites/1/media/codong/2025/PTSC_BCTC Hop nhat nam 2024_SKT_EN.pdf,https://www.ptsc.com.vn/Data/Sites/1/media/codong/2025/PTSC_BCTC%20Hop%20nhat%20nam%202024_SKT_EN.pdf,data\raw\official_finance_documents\01ie\pvs_2025_financial_statement_fb734e773d9f5ba4.pdf,fb734e773d9f5ba43472bd2a2ec42bb7c95344dbf365546136fc4cd0f774c5b7,27,0,0,0,0,0.0,0,0,0,1.0,REJECTED_PAGE,TEXT_TOO_SPARSE_FOR_NUMERIC_TABLE_DUMP,
PVS,2025,annual,financial_statement,https://www.ptsc.com.vn/Data/Sites/1/media/codong/2025/PTSC_BCTC Hop nhat nam 2024_SKT_EN.pdf,https://www.ptsc.com.vn/Data/Sites/1/media/codong/2025/PTSC_BCTC%20Hop%20nhat%20nam%202024_SKT_EN.pdf,data\raw\official_finance_documents\01ie\pvs_2025_financial_statement_fb734e773d9f5ba4.pdf,fb734e773d9f5ba43472bd2a2ec42bb7c95344dbf365546136fc4cd0f774c5b7,28,0,0,0,0,0.0,0,0,0,1.0,REJECTED_PAGE,TEXT_TOO_SPARSE_FOR_NUMERIC_TABLE_DUMP,
PVS,2025,annual,financial_statement,https://www.ptsc.com.vn/Data/Sites/1/media/codong/2025/PTSC_BCTC Hop nhat nam 2024_SKT_EN.pdf,https://www.ptsc.com.vn/Data/Sites/1/media/codong/2025/PTSC_BCTC%20Hop%20nhat%20nam%202024_SKT_EN.pdf,data\raw\official_finance_documents\01ie\pvs_2025_financial_statement_fb734e773d9f5ba4.pdf,fb734e773d9f5ba43472bd2a2ec42bb7c95344dbf365546136fc4cd0f774c5b7,29,0,0,0,0,0.0,0,0,0,1.0,REJECTED_PAGE,TEXT_TOO_SPARSE_FOR_NUMERIC_TABLE_DUMP,
PVS,2025,annual,financial_statement,https://www.ptsc.com.vn/Data/Sites/1/media/codong/2025/PTSC_BCTC Hop nhat nam 2024_SKT_EN.pdf,https://www.ptsc.com.vn/Data/Sites/1/media/codong/2025/PTSC_BCTC%20Hop%20nhat%20nam%202024_SKT_EN.pdf,data\raw\official_finance_documents\01ie\pvs_2025_financial_statement_fb734e773d9f5ba4.pdf,fb734e773d9f5ba43472bd2a2ec42bb7c95344dbf365546136fc4cd0f774c5b7,30,0,0,0,0,0.0,0,0,0,1.0,REJECTED_PAGE,TEXT_TOO_SPARSE_FOR_NUMERIC_TABLE_DUMP,
PVS,2025,annual,financial_statement,https://www.ptsc.com.vn/Data/Sites/1/media/codong/2025/PTSC_BCTC Hop nhat nam 2024_SKT_EN.pdf,https://www.ptsc.com.vn/Data/Sites/1/media/codong/2025/PTSC_BCTC%20Hop%20nhat%20nam%202024_SKT_EN.pdf,data\raw\official_finance_documents\01ie\pvs_2025_financial_statement_fb734e773d9f5ba4.pdf,fb734e773d9f5ba43472bd2a2ec42bb7c95344dbf365546136fc4cd0f774c5b7,31,0,0,0,0,0.0,0,0,0,1.0,REJECTED_PAGE,TEXT_TOO_SPARSE_FOR_NUMERIC_TABLE_DUMP,
PVS,2025,annual,financial_statement,https://www.ptsc.com.vn/Data/Sites/1/media/codong/2025/PTSC_BCTC Hop nhat nam 2024_SKT_EN.pdf,https://www.ptsc.com.vn/Data/Sites/1/media/codong/2025/PTSC_BCTC%20Hop%20nhat%20nam%202024_SKT_EN.pdf,data\raw\official_finance_documents\01ie\pvs_2025_financial_statement_fb734e773d9f5ba4.pdf,fb734e773d9f5ba43472bd2a2ec42bb7c95344dbf365546136fc4cd0f774c5b7,32,0,0,0,0,0.0,0,0,0,1.0,REJECTED_PAGE,TEXT_TOO_SPARSE_FOR_NUMERIC_TABLE_DUMP,
PVS,2025,annual,financial_statement,https://www.ptsc.com.vn/Data/Sites/1/media/codong/2025/PTSC_BCTC Hop nhat nam 2024_SKT_EN.pdf,https://www.ptsc.com.vn/Data/Sites/1/media/codong/2025/PTSC_BCTC%20Hop%20nhat%20nam%202024_SKT_EN.pdf,data\raw\official_finance_documents\01ie\pvs_2025_financial_statement_fb734e773d9f5ba4.pdf,fb734e773d9f5ba43472bd2a2ec42bb7c95344dbf365546136fc4cd0f774c5b7,33,0,0,0,0,0.0,0,0,0,1.0,REJECTED_PAGE,TEXT_TOO_SPARSE_FOR_NUMERIC_TABLE_DUMP,
PVS,2025,annual,financial_statement,https://www.ptsc.com.vn/Data/Sites/1/media/codong/2025/PTSC_BCTC Hop nhat nam 2024_SKT_EN.pdf,https://www.ptsc.com.vn/Data/Sites/1/media/codong/2025/PTSC_BCTC%20Hop%20nhat%20nam%202024_SKT_EN.pdf,data\raw\official_finance_documents\01ie\pvs_2025_financial_statement_fb734e773d9f5ba4.pdf,fb734e773d9f5ba43472bd2a2ec42bb7c95344dbf365546136fc4cd0f774c5b7,34,0,0,0,0,0.0,0,0,0,1.0,REJECTED_PAGE,TEXT_TOO_SPARSE_FOR_NUMERIC_TABLE_DUMP,
PVS,2025,annual,financial_statement,https://www.ptsc.com.vn/Data/Sites/1/media/codong/2025/PTSC_BCTC Hop nhat nam 2024_SKT_EN.pdf,https://www.ptsc.com.vn/Data/Sites/1/media/codong/2025/PTSC_BCTC%20Hop%20nhat%20nam%202024_SKT_EN.pdf,data\raw\official_finance_documents\01ie\pvs_2025_financial_statement_fb734e773d9f5ba4.pdf,fb734e773d9f5ba43472bd2a2ec42bb7c95344dbf365546136fc4cd0f774c5b7,35,0,0,0,0,0.0,0,0,0,1.0,REJECTED_PAGE,TEXT_TOO_SPARSE_FOR_NUMERIC_TABLE_DUMP,
PVS,2025,annual,financial_statement,https://www.ptsc.com.vn/Data/Sites/1/media/codong/2025/PTSC_BCTC Hop nhat nam 2024_SKT_EN.pdf,https://www.ptsc.com.vn/Data/Sites/1/media/codong/2025/PTSC_BCTC%20Hop%20nhat%20nam%202024_SKT_EN.pdf,data\raw\official_finance_documents\01ie\pvs_2025_financial_statement_fb734e773d9f5ba4.pdf,fb734e773d9f5ba43472bd2a2ec42bb7c95344dbf365546136fc4cd0f774c5b7,36,0,0,0,0,0.0,0,0,0,1.0,REJECTED_PAGE,TEXT_TOO_SPARSE_FOR_NUMERIC_TABLE_DUMP,
PVS,2025,annual,financial_statement,https://www.ptsc.com.vn/Data/Sites/1/media/codong/2025/PTSC_BCTC Hop nhat nam 2024_SKT_EN.pdf,https://www.ptsc.com.vn/Data/Sites/1/media/codong/2025/PTSC_BCTC%20Hop%20nhat%20nam%202024_SKT_EN.pdf,data\raw\official_finance_documents\01ie\pvs_2025_financial_statement_fb734e773d9f5ba4.pdf,fb734e773d9f5ba43472bd2a2ec42bb7c95344dbf365546136fc4cd0f774c5b7,37,0,0,0,0,0.0,0,0,0,1.0,REJECTED_PAGE,TEXT_TOO_SPARSE_FOR_NUMERIC_TABLE_DUMP,
PVS,2025,annual,financial_statement,https://www.ptsc.com.vn/Data/Sites/1/media/codong/2025/PTSC_BCTC Hop nhat nam 2024_SKT_EN.pdf,https://www.ptsc.com.vn/Data/Sites/1/media/codong/2025/PTSC_BCTC%20Hop%20nhat%20nam%202024_SKT_EN.pdf,data\raw\official_finance_documents\01ie\pvs_2025_financial_statement_fb734e773d9f5ba4.pdf,fb734e773d9f5ba43472bd2a2ec42bb7c95344dbf365546136fc4cd0f774c5b7,38,0,0,0,0,0.0,0,0,0,1.0,REJECTED_PAGE,TEXT_TOO_SPARSE_FOR_NUMERIC_TABLE_DUMP,
PVS,2025,annual,financial_statement,https://www.ptsc.com.vn/Data/Sites/1/media/codong/2025/PTSC_BCTC Hop nhat nam 2024_SKT_EN.pdf,https://www.ptsc.com.vn/Data/Sites/1/media/codong/2025/PTSC_BCTC%20Hop%20nhat%20nam%202024_SKT_EN.pdf,data\raw\official_finance_documents\01ie\pvs_2025_financial_statement_fb734e773d9f5ba4.pdf,fb734e773d9f5ba43472bd2a2ec42bb7c95344dbf365546136fc4cd0f774c5b7,39,0,0,0,0,0.0,0,0,0,1.0,REJECTED_PAGE,TEXT_TOO_SPARSE_FOR_NUMERIC_TABLE_DUMP,
PVS,2025,annual,financial_statement,https://www.ptsc.com.vn/Data/Sites/1/media/codong/2025/PTSC_BCTC Hop nhat nam 2024_SKT_EN.pdf,https://www.ptsc.com.vn/Data/Sites/1/media/codong/2025/PTSC_BCTC%20Hop%20nhat%20nam%202024_SKT_EN.pdf,data\raw\official_finance_documents\01ie\pvs_2025_financial_statement_fb734e773d9f5ba4.pdf,fb734e773d9f5ba43472bd2a2ec42bb7c95344dbf365546136fc4cd0f774c5b7,40,0,0,0,0,0.0,0,0,0,1.0,REJECTED_PAGE,TEXT_TOO_SPARSE_FOR_NUMERIC_TABLE_DUMP,
PVS,2025,annual,financial_statement,https://www.ptsc.com.vn/Data/Sites/1/media/codong/2025/PTSC_BCTC Hop nhat nam 2024_SKT_EN.pdf,https://www.ptsc.com.vn/Data/Sites/1/media/codong/2025/PTSC_BCTC%20Hop%20nhat%20nam%202024_SKT_EN.pdf,data\raw\official_finance_documents\01ie\pvs_2025_financial_statement_fb734e773d9f5ba4.pdf,fb734e773d9f5ba43472bd2a2ec42bb7c95344dbf365546136fc4cd0f774c5b7,41,0,0,0,0,0.0,0,0,0,1.0,REJECTED_PAGE,TEXT_TOO_SPARSE_FOR_NUMERIC_TABLE_DUMP,
PVS,2025,annual,financial_statement,https://www.ptsc.com.vn/Data/Sites/1/media/codong/2025/PTSC_BCTC Hop nhat nam 2024_SKT_EN.pdf,https://www.ptsc.com.vn/Data/Sites/1/media/codong/2025/PTSC_BCTC%20Hop%20nhat%20nam%202024_SKT_EN.pdf,data\raw\official_finance_documents\01ie\pvs_2025_financial_statement_fb734e773d9f5ba4.pdf,fb734e773d9f5ba43472bd2a2ec42bb7c95344dbf365546136fc4cd0f774c5b7,42,0,0,0,0,0.0,0,0,0,1.0,REJECTED_PAGE,TEXT_TOO_SPARSE_FOR_NUMERIC_TABLE_DUMP,
PVS,2025,annual,financial_statement,https://www.ptsc.com.vn/Data/Sites/1/media/codong/2025/PTSC_BCTC Hop nhat nam 2024_SKT_EN.pdf,https://www.ptsc.com.vn/Data/Sites/1/media/codong/2025/PTSC_BCTC%20Hop%20nhat%20nam%202024_SKT_EN.pdf,data\raw\official_finance_documents\01ie\pvs_2025_financial_statement_fb734e773d9f5ba4.pdf,fb734e773d9f5ba43472bd2a2ec42bb7c95344dbf365546136fc4cd0f774c5b7,43,0,0,0,0,0.0,0,0,0,1.0,REJECTED_PAGE,TEXT_TOO_SPARSE_FOR_NUMERIC_TABLE_DUMP,
PVS,2025,annual,financial_statement,https://www.ptsc.com.vn/Data/Sites/1/media/codong/2025/PTSC_BCTC Hop nhat nam 2024_SKT_EN.pdf,https://www.ptsc.com.vn/Data/Sites/1/media/codong/2025/PTSC_BCTC%20Hop%20nhat%20nam%202024_SKT_EN.pdf,data\raw\official_finance_documents\01ie\pvs_2025_financial_statement_fb734e773d9f5ba4.pdf,fb734e773d9f5ba43472bd2a2ec42bb7c95344dbf365546136fc4cd0f774c5b7,44,0,0,0,0,0.0,0,0,0,1.0,REJECTED_PAGE,TEXT_TOO_SPARSE_FOR_NUMERIC_TABLE_DUMP,
PVS,2025,annual,financial_statement,https://www.ptsc.com.vn/Data/Sites/1/media/codong/2025/PTSC_BCTC Hop nhat nam 2024_SKT_EN.pdf,https://www.ptsc.com.vn/Data/Sites/1/media/codong/2025/PTSC_BCTC%20Hop%20nhat%20nam%202024_SKT_EN.pdf,data\raw\official_finance_documents\01ie\pvs_2025_financial_statement_fb734e773d9f5ba4.pdf,fb734e773d9f5ba43472bd2a2ec42bb7c95344dbf365546136fc4cd0f774c5b7,45,0,0,0,0,0.0,0,0,0,1.0,REJECTED_PAGE,TEXT_TOO_SPARSE_FOR_NUMERIC_TABLE_DUMP,
PVS,2025,annual,financial_statement,https://www.ptsc.com.vn/Data/Sites/1/media/codong/2025/PTSC_BCTC Hop nhat nam 2024_SKT_EN.pdf,https://www.ptsc.com.vn/Data/Sites/1/media/codong/2025/PTSC_BCTC%20Hop%20nhat%20nam%202024_SKT_EN.pdf,data\raw\official_finance_documents\01ie\pvs_2025_financial_statement_fb734e773d9f5ba4.pdf,fb734e773d9f5ba43472bd2a2ec42bb7c95344dbf365546136fc4cd0f774c5b7,46,0,0,0,0,0.0,0,0,0,1.0,REJECTED_PAGE,TEXT_TOO_SPARSE_FOR_NUMERIC_TABLE_DUMP,
PVS,2025,annual,financial_statement,https://www.ptsc.com.vn/Data/Sites/1/media/codong/2025/PTSC_BCTC Hop nhat nam 2024_SKT_EN.pdf,https://www.ptsc.com.vn/Data/Sites/1/media/codong/2025/PTSC_BCTC%20Hop%20nhat%20nam%202024_SKT_EN.pdf,data\raw\official_finance_documents\01ie\pvs_2025_financial_statement_fb734e773d9f5ba4.pdf,fb734e773d9f5ba43472bd2a2ec42bb7c95344dbf365546136fc4cd0f774c5b7,47,0,0,0,0,0.0,0,0,0,1.0,REJECTED_PAGE,TEXT_TOO_SPARSE_FOR_NUMERIC_TABLE_DUMP,
PVS,2025,annual,financial_statement,https://www.ptsc.com.vn/Data/Sites/1/media/codong/2025/PTSC_BCTC Hop nhat nam 2024_SKT_EN.pdf,https://www.ptsc.com.vn/Data/Sites/1/media/codong/2025/PTSC_BCTC%20Hop%20nhat%20nam%202024_SKT_EN.pdf,data\raw\official_finance_documents\01ie\pvs_2025_financial_statement_fb734e773d9f5ba4.pdf,fb734e773d9f5ba43472bd2a2ec42bb7c95344dbf365546136fc4cd0f774c5b7,48,0,0,0,0,0.0,0,0,0,1.0,REJECTED_PAGE,TEXT_TOO_SPARSE_FOR_NUMERIC_TABLE_DUMP,
PVS,2025,annual,financial_statement,https://www.ptsc.com.vn/Data/Sites/1/media/codong/2025/PTSC_BCTC Hop nhat nam 2024_SKT_EN.pdf,https://www.ptsc.com.vn/Data/Sites/1/media/codong/2025/PTSC_BCTC%20Hop%20nhat%20nam%202024_SKT_EN.pdf,data\raw\official_finance_documents\01ie\pvs_2025_financial_statement_fb734e773d9f5ba4.pdf,fb734e773d9f5ba43472bd2a2ec42bb7c95344dbf365546136fc4cd0f774c5b7,49,0,0,0,0,0.0,0,0,0,1.0,REJECTED_PAGE,TEXT_TOO_SPARSE_FOR_NUMERIC_TABLE_DUMP,
PVS,2025,annual,financial_statement,https://www.ptsc.com.vn/Data/Sites/1/media/codong/2025/PTSC_BCTC Hop nhat nam 2024_SKT_EN.pdf,https://www.ptsc.com.vn/Data/Sites/1/media/codong/2025/PTSC_BCTC%20Hop%20nhat%20nam%202024_SKT_EN.pdf,data\raw\official_finance_documents\01ie\pvs_2025_financial_statement_fb734e773d9f5ba4.pdf,fb734e773d9f5ba43472bd2a2ec42bb7c95344dbf365546136fc4cd0f774c5b7,50,0,0,0,0,0.0,0,0,0,1.0,REJECTED_PAGE,TEXT_TOO_SPARSE_FOR_NUMERIC_TABLE_DUMP,
PVS,2025,annual,financial_statement,https://www.ptsc.com.vn/Data/Sites/1/media/codong/2025/PTSC_BCTC Hop nhat nam 2024_SKT_EN.pdf,https://www.ptsc.com.vn/Data/Sites/1/media/codong/2025/PTSC_BCTC%20Hop%20nhat%20nam%202024_SKT_EN.pdf,data\raw\official_finance_documents\01ie\pvs_2025_financial_statement_fb734e773d9f5ba4.pdf,fb734e773d9f5ba43472bd2a2ec42bb7c95344dbf365546136fc4cd0f774c5b7,51,0,0,0,0,0.0,0,0,0,1.0,REJECTED_PAGE,TEXT_TOO_SPARSE_FOR_NUMERIC_TABLE_DUMP,
PVS,2025,annual,financial_statement,https://www.ptsc.com.vn/Data/Sites/1/media/codong/2025/PTSC_BCTC Hop nhat nam 2024_SKT_EN.pdf,https://www.ptsc.com.vn/Data/Sites/1/media/codong/2025/PTSC_BCTC%20Hop%20nhat%20nam%202024_SKT_EN.pdf,data\raw\official_finance_documents\01ie\pvs_2025_financial_statement_fb734e773d9f5ba4.pdf,fb734e773d9f5ba43472bd2a2ec42bb7c95344dbf365546136fc4cd0f774c5b7,52,0,0,0,0,0.0,0,0,0,1.0,REJECTED_PAGE,TEXT_TOO_SPARSE_FOR_NUMERIC_TABLE_DUMP,
PVS,2025,annual,financial_statement,https://www.ptsc.com.vn/Data/Sites/1/media/codong/2025/PTSC_BCTC Hop nhat nam 2024_SKT_EN.pdf,https://www.ptsc.com.vn/Data/Sites/1/media/codong/2025/PTSC_BCTC%20Hop%20nhat%20nam%202024_SKT_EN.pdf,data\raw\official_finance_documents\01ie\pvs_2025_financial_statement_fb734e773d9f5ba4.pdf,fb734e773d9f5ba43472bd2a2ec42bb7c95344dbf365546136fc4cd0f774c5b7,53,0,0,0,0,0.0,0,0,0,1.0,REJECTED_PAGE,TEXT_TOO_SPARSE_FOR_NUMERIC_TABLE_DUMP,
PVS,2025,annual,financial_statement,https://www.ptsc.com.vn/Data/Sites/1/media/codong/2025/PTSC_BCTC Hop nhat nam 2024_SKT_EN.pdf,https://www.ptsc.com.vn/Data/Sites/1/media/codong/2025/PTSC_BCTC%20Hop%20nhat%20nam%202024_SKT_EN.pdf,data\raw\official_finance_documents\01ie\pvs_2025_financial_statement_fb734e773d9f5ba4.pdf,fb734e773d9f5ba43472bd2a2ec42bb7c95344dbf365546136fc4cd0f774c5b7,54,0,0,0,0,0.0,0,0,0,1.0,REJECTED_PAGE,TEXT_TOO_SPARSE_FOR_NUMERIC_TABLE_DUMP,
PVS,2025,annual,financial_statement,https://www.ptsc.com.vn/Data/Sites/1/media/codong/2025/PTSC_BCTC Hop nhat nam 2024_SKT_EN.pdf,https://www.ptsc.com.vn/Data/Sites/1/media/codong/2025/PTSC_BCTC%20Hop%20nhat%20nam%202024_SKT_EN.pdf,data\raw\official_finance_documents\01ie\pvs_2025_financial_statement_fb734e773d9f5ba4.pdf,fb734e773d9f5ba43472bd2a2ec42bb7c95344dbf365546136fc4cd0f774c5b7,55,0,0,0,0,0.0,0,0,0,1.0,REJECTED_PAGE,TEXT_TOO_SPARSE_FOR_NUMERIC_TABLE_DUMP,
PVS,2025,annual,financial_statement,https://www.ptsc.com.vn/Data/Sites/1/media/codong/2025/PTSC_BCTC Hop nhat nam 2024_SKT_EN.pdf,https://www.ptsc.com.vn/Data/Sites/1/media/codong/2025/PTSC_BCTC%20Hop%20nhat%20nam%202024_SKT_EN.pdf,data\raw\official_finance_documents\01ie\pvs_2025_financial_statement_fb734e773d9f5ba4.pdf,fb734e773d9f5ba43472bd2a2ec42bb7c95344dbf365546136fc4cd0f774c5b7,56,0,0,0,0,0.0,0,0,0,1.0,REJECTED_PAGE,TEXT_TOO_SPARSE_FOR_NUMERIC_TABLE_DUMP,
PVS,2025,annual,financial_statement,https://www.ptsc.com.vn/Data/Sites/1/media/codong/2025/PTSC_BCTC Hop nhat nam 2024_SKT_EN.pdf,https://www.ptsc.com.vn/Data/Sites/1/media/codong/2025/PTSC_BCTC%20Hop%20nhat%20nam%202024_SKT_EN.pdf,data\raw\official_finance_documents\01ie\pvs_2025_financial_statement_fb734e773d9f5ba4.pdf,fb734e773d9f5ba43472bd2a2ec42bb7c95344dbf365546136fc4cd0f774c5b7,57,0,0,0,0,0.0,0,0,0,1.0,REJECTED_PAGE,TEXT_TOO_SPARSE_FOR_NUMERIC_TABLE_DUMP,
PVS,2025,annual,financial_statement,https://www.ptsc.com.vn/Data/Sites/1/media/codong/2025/PTSC_BCTC Hop nhat nam 2024_SKT_EN.pdf,https://www.ptsc.com.vn/Data/Sites/1/media/codong/2025/PTSC_BCTC%20Hop%20nhat%20nam%202024_SKT_EN.pdf,data\raw\official_finance_documents\01ie\pvs_2025_financial_statement_fb734e773d9f5ba4.pdf,fb734e773d9f5ba43472bd2a2ec42bb7c95344dbf365546136fc4cd0f774c5b7,58,0,0,0,0,0.0,0,0,0,1.0,REJECTED_PAGE,TEXT_TOO_SPARSE_FOR_NUMERIC_TABLE_DUMP,
PVS,2025,annual,financial_statement,https://www.ptsc.com.vn/Data/Sites/1/media/codong/2025/PTSC_BCTC Hop nhat nam 2024_SKT_EN.pdf,https://www.ptsc.com.vn/Data/Sites/1/media/codong/2025/PTSC_BCTC%20Hop%20nhat%20nam%202024_SKT_EN.pdf,data\raw\official_finance_documents\01ie\pvs_2025_financial_statement_fb734e773d9f5ba4.pdf,fb734e773d9f5ba43472bd2a2ec42bb7c95344dbf365546136fc4cd0f774c5b7,59,0,0,0,0,0.0,0,0,0,1.0,REJECTED_PAGE,TEXT_TOO_SPARSE_FOR_NUMERIC_TABLE_DUMP,
PVS,2025,annual,financial_statement,https://www.ptsc.com.vn/Data/Sites/1/media/codong/2025/PTSC_BCTC Hop nhat nam 2024_SKT_EN.pdf,https://www.ptsc.com.vn/Data/Sites/1/media/codong/2025/PTSC_BCTC%20Hop%20nhat%20nam%202024_SKT_EN.pdf,data\raw\official_finance_documents\01ie\pvs_2025_financial_statement_fb734e773d9f5ba4.pdf,fb734e773d9f5ba43472bd2a2ec42bb7c95344dbf365546136fc4cd0f774c5b7,60,0,0,0,0,0.0,0,0,0,1.0,REJECTED_PAGE,TEXT_TOO_SPARSE_FOR_NUMERIC_TABLE_DUMP,
PVS,2025,annual,financial_statement,https://www.ptsc.com.vn/Data/Sites/1/media/codong/2025/PTSC_BCTC Hop nhat nam 2024_SKT_EN.pdf,https://www.ptsc.com.vn/Data/Sites/1/media/codong/2025/PTSC_BCTC%20Hop%20nhat%20nam%202024_SKT_EN.pdf,data\raw\official_finance_documents\01ie\pvs_2025_financial_statement_fb734e773d9f5ba4.pdf,fb734e773d9f5ba43472bd2a2ec42bb7c95344dbf365546136fc4cd0f774c5b7,61,0,0,0,0,0.0,0,0,0,1.0,REJECTED_PAGE,TEXT_TOO_SPARSE_FOR_NUMERIC_TABLE_DUMP,
PVS,2025,annual,financial_statement,https://www.ptsc.com.vn/Data/Sites/1/media/codong/2025/PTSC_BCTC Hop nhat nam 2024_SKT_EN.pdf,https://www.ptsc.com.vn/Data/Sites/1/media/codong/2025/PTSC_BCTC%20Hop%20nhat%20nam%202024_SKT_EN.pdf,data\raw\official_finance_documents\01ie\pvs_2025_financial_statement_fb734e773d9f5ba4.pdf,fb734e773d9f5ba43472bd2a2ec42bb7c95344dbf365546136fc4cd0f774c5b7,62,0,0,0,0,0.0,0,0,0,1.0,REJECTED_PAGE,TEXT_TOO_SPARSE_FOR_NUMERIC_TABLE_DUMP,
PVS,2025,annual,financial_statement,https://www.ptsc.com.vn/Data/Sites/1/media/codong/2025/PTSC_BCTC Hop nhat nam 2024_SKT_EN.pdf,https://www.ptsc.com.vn/Data/Sites/1/media/codong/2025/PTSC_BCTC%20Hop%20nhat%20nam%202024_SKT_EN.pdf,data\raw\official_finance_documents\01ie\pvs_2025_financial_statement_fb734e773d9f5ba4.pdf,fb734e773d9f5ba43472bd2a2ec42bb7c95344dbf365546136fc4cd0f774c5b7,63,0,0,0,0,0.0,0,0,0,1.0,REJECTED_PAGE,TEXT_TOO_SPARSE_FOR_NUMERIC_TABLE_DUMP,
PVS,2025,annual,financial_statement,https://www.ptsc.com.vn/Data/Sites/1/media/codong/2025/PTSC_BCTC Hop nhat nam 2024_SKT_EN.pdf,https://www.ptsc.com.vn/Data/Sites/1/media/codong/2025/PTSC_BCTC%20Hop%20nhat%20nam%202024_SKT_EN.pdf,data\raw\official_finance_documents\01ie\pvs_2025_financial_statement_fb734e773d9f5ba4.pdf,fb734e773d9f5ba43472bd2a2ec42bb7c95344dbf365546136fc4cd0f774c5b7,64,0,0,0,0,0.0,0,0,0,1.0,REJECTED_PAGE,TEXT_TOO_SPARSE_FOR_NUMERIC_TABLE_DUMP,
PVS,2025,annual,financial_statement,https://www.ptsc.com.vn/Data/Sites/1/media/codong/2025/PTSC_BCTC Hop nhat nam 2024_SKT_EN.pdf,https://www.ptsc.com.vn/Data/Sites/1/media/codong/2025/PTSC_BCTC%20Hop%20nhat%20nam%202024_SKT_EN.pdf,data\raw\official_finance_documents\01ie\pvs_2025_financial_statement_fb734e773d9f5ba4.pdf,fb734e773d9f5ba43472bd2a2ec42bb7c95344dbf365546136fc4cd0f774c5b7,65,0,0,0,0,0.0,0,0,0,1.0,REJECTED_PAGE,TEXT_TOO_SPARSE_FOR_NUMERIC_TABLE_DUMP,
PVS,2025,annual,financial_statement,https://www.ptsc.com.vn/Data/Sites/1/media/codong/2025/PTSC_BCTC Hop nhat nam 2024_SKT_EN.pdf,https://www.ptsc.com.vn/Data/Sites/1/media/codong/2025/PTSC_BCTC%20Hop%20nhat%20nam%202024_SKT_EN.pdf,data\raw\official_finance_documents\01ie\pvs_2025_financial_statement_fb734e773d9f5ba4.pdf,fb734e773d9f5ba43472bd2a2ec42bb7c95344dbf365546136fc4cd0f774c5b7,66,0,0,0,0,0.0,0,0,0,1.0,REJECTED_PAGE,TEXT_TOO_SPARSE_FOR_NUMERIC_TABLE_DUMP,
PVS,2025,annual,financial_statement,https://www.ptsc.com.vn/Data/Sites/1/media/codong/2025/PTSC_BCTC Hop nhat nam 2024_SKT_EN.pdf,https://www.ptsc.com.vn/Data/Sites/1/media/codong/2025/PTSC_BCTC%20Hop%20nhat%20nam%202024_SKT_EN.pdf,data\raw\official_finance_documents\01ie\pvs_2025_financial_statement_fb734e773d9f5ba4.pdf,fb734e773d9f5ba43472bd2a2ec42bb7c95344dbf365546136fc4cd0f774c5b7,67,0,0,0,0,0.0,0,0,0,1.0,REJECTED_PAGE,TEXT_TOO_SPARSE_FOR_NUMERIC_TABLE_DUMP,
PVS,2025,annual,financial_statement,https://www.ptsc.com.vn/Data/Sites/1/media/codong/2025/PTSC_BCTC Hop nhat nam 2024_SKT_EN.pdf,https://www.ptsc.com.vn/Data/Sites/1/media/codong/2025/PTSC_BCTC%20Hop%20nhat%20nam%202024_SKT_EN.pdf,data\raw\official_finance_documents\01ie\pvs_2025_financial_statement_fb734e773d9f5ba4.pdf,fb734e773d9f5ba43472bd2a2ec42bb7c95344dbf365546136fc4cd0f774c5b7,68,0,0,0,0,0.0,0,0,0,1.0,REJECTED_PAGE,TEXT_TOO_SPARSE_FOR_NUMERIC_TABLE_DUMP,
PVS,2025,annual,financial_statement,https://www.ptsc.com.vn/Data/Sites/1/media/codong/2025/PTSC_BCTC Hop nhat nam 2024_SKT_EN.pdf,https://www.ptsc.com.vn/Data/Sites/1/media/codong/2025/PTSC_BCTC%20Hop%20nhat%20nam%202024_SKT_EN.pdf,data\raw\official_finance_documents\01ie\pvs_2025_financial_statement_fb734e773d9f5ba4.pdf,fb734e773d9f5ba43472bd2a2ec42bb7c95344dbf365546136fc4cd0f774c5b7,69,0,0,0,0,0.0,0,0,0,1.0,REJECTED_PAGE,TEXT_TOO_SPARSE_FOR_NUMERIC_TABLE_DUMP,
PVS,2025,annual,financial_statement,https://www.ptsc.com.vn/Data/Sites/1/media/codong/2025/PTSC_BCTC Hop nhat nam 2024_SKT_EN.pdf,https://www.ptsc.com.vn/Data/Sites/1/media/codong/2025/PTSC_BCTC%20Hop%20nhat%20nam%202024_SKT_EN.pdf,data\raw\official_finance_documents\01ie\pvs_2025_financial_statement_fb734e773d9f5ba4.pdf,fb734e773d9f5ba43472bd2a2ec42bb7c95344dbf365546136fc4cd0f774c5b7,70,0,0,0,0,0.0,0,0,0,1.0,REJECTED_PAGE,TEXT_TOO_SPARSE_FOR_NUMERIC_TABLE_DUMP,
PVS,2025,annual,financial_statement,https://www.ptsc.com.vn/Data/Sites/1/media/codong/2025/PTSC_BCTC Hop nhat nam 2024_SKT_EN.pdf,https://www.ptsc.com.vn/Data/Sites/1/media/codong/2025/PTSC_BCTC%20Hop%20nhat%20nam%202024_SKT_EN.pdf,data\raw\official_finance_documents\01ie\pvs_2025_financial_statement_fb734e773d9f5ba4.pdf,fb734e773d9f5ba43472bd2a2ec42bb7c95344dbf365546136fc4cd0f774c5b7,71,0,0,0,0,0.0,0,0,0,1.0,REJECTED_PAGE,TEXT_TOO_SPARSE_FOR_NUMERIC_TABLE_DUMP,
PVS,2025,annual,financial_statement,https://www.ptsc.com.vn/Data/Sites/1/media/codong/2025/PTSC_BCTC Hop nhat nam 2024_SKT_EN.pdf,https://www.ptsc.com.vn/Data/Sites/1/media/codong/2025/PTSC_BCTC%20Hop%20nhat%20nam%202024_SKT_EN.pdf,data\raw\official_finance_documents\01ie\pvs_2025_financial_statement_fb734e773d9f5ba4.pdf,fb734e773d9f5ba43472bd2a2ec42bb7c95344dbf365546136fc4cd0f774c5b7,72,0,0,0,0,0.0,0,0,0,1.0,REJECTED_PAGE,TEXT_TOO_SPARSE_FOR_NUMERIC_TABLE_DUMP,
PVS,2025,annual,financial_statement,https://www.ptsc.com.vn/Data/Sites/1/media/codong/2025/PTSC_BCTC Hop nhat nam 2024_SKT_EN.pdf,https://www.ptsc.com.vn/Data/Sites/1/media/codong/2025/PTSC_BCTC%20Hop%20nhat%20nam%202024_SKT_EN.pdf,data\raw\official_finance_documents\01ie\pvs_2025_financial_statement_fb734e773d9f5ba4.pdf,fb734e773d9f5ba43472bd2a2ec42bb7c95344dbf365546136fc4cd0f774c5b7,73,0,0,0,0,0.0,0,0,0,1.0,REJECTED_PAGE,TEXT_TOO_SPARSE_FOR_NUMERIC_TABLE_DUMP,
PVS,2025,annual,financial_statement,https://www.ptsc.com.vn/Data/Sites/1/media/codong/2025/PTSC_BCTC Hop nhat nam 2024_SKT_EN.pdf,https://www.ptsc.com.vn/Data/Sites/1/media/codong/2025/PTSC_BCTC%20Hop%20nhat%20nam%202024_SKT_EN.pdf,data\raw\official_finance_documents\01ie\pvs_2025_financial_statement_fb734e773d9f5ba4.pdf,fb734e773d9f5ba43472bd2a2ec42bb7c95344dbf365546136fc4cd0f774c5b7,74,0,0,0,0,0.0,0,0,0,1.0,REJECTED_PAGE,TEXT_TOO_SPARSE_FOR_NUMERIC_TABLE_DUMP,
PVS,2025,annual,financial_statement,https://www.ptsc.com.vn/Data/Sites/1/media/codong/2025/PTSC_BCTC Hop nhat nam 2024_SKT_EN.pdf,https://www.ptsc.com.vn/Data/Sites/1/media/codong/2025/PTSC_BCTC%20Hop%20nhat%20nam%202024_SKT_EN.pdf,data\raw\official_finance_documents\01ie\pvs_2025_financial_statement_fb734e773d9f5ba4.pdf,fb734e773d9f5ba43472bd2a2ec42bb7c95344dbf365546136fc4cd0f774c5b7,75,0,0,0,0,0.0,0,0,0,1.0,REJECTED_PAGE,TEXT_TOO_SPARSE_FOR_NUMERIC_TABLE_DUMP,
PVS,2025,annual,financial_statement,https://www.ptsc.com.vn/Data/Sites/1/media/codong/2025/PTSC_BCTC Hop nhat nam 2024_SKT_EN.pdf,https://www.ptsc.com.vn/Data/Sites/1/media/codong/2025/PTSC_BCTC%20Hop%20nhat%20nam%202024_SKT_EN.pdf,data\raw\official_finance_documents\01ie\pvs_2025_financial_statement_fb734e773d9f5ba4.pdf,fb734e773d9f5ba43472bd2a2ec42bb7c95344dbf365546136fc4cd0f774c5b7,76,0,0,0,0,0.0,0,0,0,1.0,REJECTED_PAGE,TEXT_TOO_SPARSE_FOR_NUMERIC_TABLE_DUMP,
PVS,2025,annual,financial_statement,https://www.ptsc.com.vn/Data/Sites/1/media/codong/2025/PTSC_BCTC Hop nhat nam 2024_SKT_EN.pdf,https://www.ptsc.com.vn/Data/Sites/1/media/codong/2025/PTSC_BCTC%20Hop%20nhat%20nam%202024_SKT_EN.pdf,data\raw\official_finance_documents\01ie\pvs_2025_financial_statement_fb734e773d9f5ba4.pdf,fb734e773d9f5ba43472bd2a2ec42bb7c95344dbf365546136fc4cd0f774c5b7,77,0,0,0,0,0.0,0,0,0,1.0,REJECTED_PAGE,TEXT_TOO_SPARSE_FOR_NUMERIC_TABLE_DUMP,
PVS,2025,annual,financial_statement,https://www.ptsc.com.vn/Data/Sites/1/media/codong/2025/PTSC_BCTC Hop nhat nam 2024_SKT_EN.pdf,https://www.ptsc.com.vn/Data/Sites/1/media/codong/2025/PTSC_BCTC%20Hop%20nhat%20nam%202024_SKT_EN.pdf,data\raw\official_finance_documents\01ie\pvs_2025_financial_statement_fb734e773d9f5ba4.pdf,fb734e773d9f5ba43472bd2a2ec42bb7c95344dbf365546136fc4cd0f774c5b7,78,0,0,0,0,0.0,0,0,0,1.0,REJECTED_PAGE,TEXT_TOO_SPARSE_FOR_NUMERIC_TABLE_DUMP,
PVS,2025,annual,financial_statement,https://www.ptsc.com.vn/Data/Sites/1/media/codong/2025/PTSC_BCTC Hop nhat nam 2024_SKT_EN.pdf,https://www.ptsc.com.vn/Data/Sites/1/media/codong/2025/PTSC_BCTC%20Hop%20nhat%20nam%202024_SKT_EN.pdf,data\raw\official_finance_documents\01ie\pvs_2025_financial_statement_fb734e773d9f5ba4.pdf,fb734e773d9f5ba43472bd2a2ec42bb7c95344dbf365546136fc4cd0f774c5b7,79,0,0,0,0,0.0,0,0,0,1.0,REJECTED_PAGE,TEXT_TOO_SPARSE_FOR_NUMERIC_TABLE_DUMP,
PVS,2025,annual,financial_statement,https://www.ptsc.com.vn/Data/Sites/1/media/codong/2025/PTSC_BCTC Hop nhat nam 2024_SKT_EN.pdf,https://www.ptsc.com.vn/Data/Sites/1/media/codong/2025/PTSC_BCTC%20Hop%20nhat%20nam%202024_SKT_EN.pdf,data\raw\official_finance_documents\01ie\pvs_2025_financial_statement_fb734e773d9f5ba4.pdf,fb734e773d9f5ba43472bd2a2ec42bb7c95344dbf365546136fc4cd0f774c5b7,80,0,0,0,0,0.0,0,0,0,1.0,REJECTED_PAGE,TEXT_TOO_SPARSE_FOR_NUMERIC_TABLE_DUMP,
PVS,2025,annual,financial_statement,https://www.ptsc.com.vn/Data/Sites/1/media/codong/2025/PTSC_BCTC Hop nhat nam 2024_SKT_EN.pdf,https://www.ptsc.com.vn/Data/Sites/1/media/codong/2025/PTSC_BCTC%20Hop%20nhat%20nam%202024_SKT_EN.pdf,data\raw\official_finance_documents\01ie\pvs_2025_financial_statement_fb734e773d9f5ba4.pdf,fb734e773d9f5ba43472bd2a2ec42bb7c95344dbf365546136fc4cd0f774c5b7,81,0,0,0,0,0.0,0,0,0,1.0,REJECTED_PAGE,TEXT_TOO_SPARSE_FOR_NUMERIC_TABLE_DUMP,
PVS,2025,annual,financial_statement,https://www.ptsc.com.vn/Data/Sites/1/media/codong/2025/PTSC_BCTC Hop nhat nam 2024_SKT_EN.pdf,https://www.ptsc.com.vn/Data/Sites/1/media/codong/2025/PTSC_BCTC%20Hop%20nhat%20nam%202024_SKT_EN.pdf,data\raw\official_finance_documents\01ie\pvs_2025_financial_statement_fb734e773d9f5ba4.pdf,fb734e773d9f5ba43472bd2a2ec42bb7c95344dbf365546136fc4cd0f774c5b7,82,0,0,0,0,0.0,0,0,0,1.0,REJECTED_PAGE,TEXT_TOO_SPARSE_FOR_NUMERIC_TABLE_DUMP,
PVS,2025,annual,financial_statement,https://www.ptsc.com.vn/Data/Sites/1/media/codong/2025/PTSC_BCTC Hop nhat nam 2024_SKT_EN.pdf,https://www.ptsc.com.vn/Data/Sites/1/media/codong/2025/PTSC_BCTC%20Hop%20nhat%20nam%202024_SKT_EN.pdf,data\raw\official_finance_documents\01ie\pvs_2025_financial_statement_fb734e773d9f5ba4.pdf,fb734e773d9f5ba43472bd2a2ec42bb7c95344dbf365546136fc4cd0f774c5b7,83,0,0,0,0,0.0,0,0,0,1.0,REJECTED_PAGE,TEXT_TOO_SPARSE_FOR_NUMERIC_TABLE_DUMP,
PVS,2025,annual,financial_statement,https://www.ptsc.com.vn/Data/Sites/1/media/codong/2025/PTSC_BCTC Hop nhat nam 2024_SKT_EN.pdf,https://www.ptsc.com.vn/Data/Sites/1/media/codong/2025/PTSC_BCTC%20Hop%20nhat%20nam%202024_SKT_EN.pdf,data\raw\official_finance_documents\01ie\pvs_2025_financial_statement_fb734e773d9f5ba4.pdf,fb734e773d9f5ba43472bd2a2ec42bb7c95344dbf365546136fc4cd0f774c5b7,84,0,0,0,0,0.0,0,0,0,1.0,REJECTED_PAGE,TEXT_TOO_SPARSE_FOR_NUMERIC_TABLE_DUMP,
PVS,2025,annual,financial_statement,https://www.ptsc.com.vn/Data/Sites/1/media/codong/2025/PTSC_BCTC Hop nhat nam 2024_SKT_EN.pdf,https://www.ptsc.com.vn/Data/Sites/1/media/codong/2025/PTSC_BCTC%20Hop%20nhat%20nam%202024_SKT_EN.pdf,data\raw\official_finance_documents\01ie\pvs_2025_financial_statement_fb734e773d9f5ba4.pdf,fb734e773d9f5ba43472bd2a2ec42bb7c95344dbf365546136fc4cd0f774c5b7,85,0,0,0,0,0.0,0,0,0,1.0,REJECTED_PAGE,TEXT_TOO_SPARSE_FOR_NUMERIC_TABLE_DUMP,
PVS,2025,annual,financial_statement,https://www.ptsc.com.vn/Data/Sites/1/media/codong/2025/PTSC_BCTC Hop nhat nam 2024_SKT_EN.pdf,https://www.ptsc.com.vn/Data/Sites/1/media/codong/2025/PTSC_BCTC%20Hop%20nhat%20nam%202024_SKT_EN.pdf,data\raw\official_finance_documents\01ie\pvs_2025_financial_statement_fb734e773d9f5ba4.pdf,fb734e773d9f5ba43472bd2a2ec42bb7c95344dbf365546136fc4cd0f774c5b7,86,0,0,0,0,0.0,0,0,0,1.0,REJECTED_PAGE,TEXT_TOO_SPARSE_FOR_NUMERIC_TABLE_DUMP,
PVS,2025,annual,financial_statement,https://www.ptsc.com.vn/Data/Sites/1/media/codong/2025/PTSC_BCTC Hop nhat nam 2024_SKT_EN.pdf,https://www.ptsc.com.vn/Data/Sites/1/media/codong/2025/PTSC_BCTC%20Hop%20nhat%20nam%202024_SKT_EN.pdf,data\raw\official_finance_documents\01ie\pvs_2025_financial_statement_fb734e773d9f5ba4.pdf,fb734e773d9f5ba43472bd2a2ec42bb7c95344dbf365546136fc4cd0f774c5b7,87,0,0,0,0,0.0,0,0,0,1.0,REJECTED_PAGE,TEXT_TOO_SPARSE_FOR_NUMERIC_TABLE_DUMP,
PVS,2025,annual,financial_statement,https://www.ptsc.com.vn/Data/Sites/1/media/codong/2025/PTSC_BCTC Hop nhat nam 2024_SKT_EN.pdf,https://www.ptsc.com.vn/Data/Sites/1/media/codong/2025/PTSC_BCTC%20Hop%20nhat%20nam%202024_SKT_EN.pdf,data\raw\official_finance_documents\01ie\pvs_2025_financial_statement_fb734e773d9f5ba4.pdf,fb734e773d9f5ba43472bd2a2ec42bb7c95344dbf365546136fc4cd0f774c5b7,88,0,0,0,0,0.0,0,0,0,1.0,REJECTED_PAGE,TEXT_TOO_SPARSE_FOR_NUMERIC_TABLE_DUMP,
PVS,2025,annual,financial_statement,https://www.ptsc.com.vn/Data/Sites/1/media/codong/2025/PTSC_BCTC Hop nhat nam 2024_SKT_EN.pdf,https://www.ptsc.com.vn/Data/Sites/1/media/codong/2025/PTSC_BCTC%20Hop%20nhat%20nam%202024_SKT_EN.pdf,data\raw\official_finance_documents\01ie\pvs_2025_financial_statement_fb734e773d9f5ba4.pdf,fb734e773d9f5ba43472bd2a2ec42bb7c95344dbf365546136fc4cd0f774c5b7,89,0,0,0,0,0.0,0,0,0,1.0,REJECTED_PAGE,TEXT_TOO_SPARSE_FOR_NUMERIC_TABLE_DUMP,
PVS,2025,annual,financial_statement,https://www.ptsc.com.vn/Data/Sites/1/media/codong/2025/PTSC_BCTC Hop nhat nam 2024_SKT_EN.pdf,https://www.ptsc.com.vn/Data/Sites/1/media/codong/2025/PTSC_BCTC%20Hop%20nhat%20nam%202024_SKT_EN.pdf,data\raw\official_finance_documents\01ie\pvs_2025_financial_statement_fb734e773d9f5ba4.pdf,fb734e773d9f5ba43472bd2a2ec42bb7c95344dbf365546136fc4cd0f774c5b7,90,0,0,0,0,0.0,0,0,0,1.0,REJECTED_PAGE,TEXT_TOO_SPARSE_FOR_NUMERIC_TABLE_DUMP,
PVS,2025,annual,financial_statement,https://www.ptsc.com.vn/Data/Sites/1/media/codong/2025/PTSC_BCTC Hop nhat nam 2024_SKT_EN.pdf,https://www.ptsc.com.vn/Data/Sites/1/media/codong/2025/PTSC_BCTC%20Hop%20nhat%20nam%202024_SKT_EN.pdf,data\raw\official_finance_documents\01ie\pvs_2025_financial_statement_fb734e773d9f5ba4.pdf,fb734e773d9f5ba43472bd2a2ec42bb7c95344dbf365546136fc4cd0f774c5b7,91,0,0,0,0,0.0,0,0,0,1.0,REJECTED_PAGE,TEXT_TOO_SPARSE_FOR_NUMERIC_TABLE_DUMP,
PVS,2025,annual,financial_statement,https://www.ptsc.com.vn/Data/Sites/1/media/codong/2025/PTSC_BCTC Hop nhat nam 2024_SKT_EN.pdf,https://www.ptsc.com.vn/Data/Sites/1/media/codong/2025/PTSC_BCTC%20Hop%20nhat%20nam%202024_SKT_EN.pdf,data\raw\official_finance_documents\01ie\pvs_2025_financial_statement_fb734e773d9f5ba4.pdf,fb734e773d9f5ba43472bd2a2ec42bb7c95344dbf365546136fc4cd0f774c5b7,92,0,0,0,0,0.0,0,0,0,1.0,REJECTED_PAGE,TEXT_TOO_SPARSE_FOR_NUMERIC_TABLE_DUMP,
PVS,2025,annual,financial_statement,https://www.ptsc.com.vn/Data/Sites/1/media/codong/2025/PTSC_BCTC Hop nhat nam 2024_SKT_EN.pdf,https://www.ptsc.com.vn/Data/Sites/1/media/codong/2025/PTSC_BCTC%20Hop%20nhat%20nam%202024_SKT_EN.pdf,data\raw\official_finance_documents\01ie\pvs_2025_financial_statement_fb734e773d9f5ba4.pdf,fb734e773d9f5ba43472bd2a2ec42bb7c95344dbf365546136fc4cd0f774c5b7,93,0,0,0,0,0.0,0,0,0,1.0,REJECTED_PAGE,TEXT_TOO_SPARSE_FOR_NUMERIC_TABLE_DUMP,
PVS,2025,annual,financial_statement,https://www.ptsc.com.vn/Data/Sites/1/media/codong/2025/PTSC_BCTC Hop nhat nam 2024_SKT_EN.pdf,https://www.ptsc.com.vn/Data/Sites/1/media/codong/2025/PTSC_BCTC%20Hop%20nhat%20nam%202024_SKT_EN.pdf,data\raw\official_finance_documents\01ie\pvs_2025_financial_statement_fb734e773d9f5ba4.pdf,fb734e773d9f5ba43472bd2a2ec42bb7c95344dbf365546136fc4cd0f774c5b7,94,2764,2482,179,9,0.0142,2,2,0,10.65,SELECTED_NUMERIC_PAGE,,"n mӝt sӕ dӵ án ÿã thӵc hiӋn trong năm 2024 dүn ÿӃn viӋc ÿiӅu chӍnh mӝt sӕ khoҧn doanh thu, chi phí theo giá trӏ quyӃt toán và ÿiӅu chӍnh theo kӃt quҧ kiӇm toán Báo cáo tài chính cӫa các công ty con. Văn bản được tải lên hệ thống eoffice.ptsc.com.vn. Với số định danh: 210/CV-TCKT/2025 439 21"
PVS,2025,annual,financial_statement,https://www.ptsc.com.vn/Data/Sites/1/media/codong/2025/PTSC_BCTC Hop nhat nam 2024_SKT_EN.pdf,https://www.ptsc.com.vn/Data/Sites/1/media/codong/2025/PTSC_BCTC%20Hop%20nhat%20nam%202024_SKT_EN.pdf,data\raw\official_finance_documents\01ie\pvs_2025_financial_statement_fb734e773d9f5ba4.pdf,fb734e773d9f5ba43472bd2a2ec42bb7c95344dbf365546136fc4cd0f774c5b7,95,2314,2097,132,8,0.0171,2,2,0,10.3,SELECTED_NUMERIC_PAGE,,"illion VND, equivalent to a reduction of 11.12% compared to the accumulated net profit after tax in 2024, as reported in the consolidated financial statement for the 4th Quarter of 2024. These changes are primarily due to PTSC finalizing the projects completed in 2024 at the time of the audit, resulting in adjustments to certain revenue and expense items bas"
NLG,2025-Q3,quarter,financial_statement,https://www.namlongvn.com/uploads/2025/10/20251029_NLG_CBTT-Bao-cao-tai-chinh-Quy-3.2025_Hop-nhat_EN.pdf,https://www.namlongvn.com/uploads/2025/10/20251029_NLG_CBTT-Bao-cao-tai-chinh-Quy-3.2025_Hop-nhat_EN.pdf/,data\raw\official_finance_documents\01ie\nlg_2025_q3_financial_statement_b70e7c24682cabd9.pdf,b70e7c24682cabd95d229423896d74a4120ae537f88b948337022522798cfe83,1,0,0,0,0,0.0,0,0,0,1.0,REJECTED_PAGE,TEXT_TOO_SPARSE_FOR_NUMERIC_TABLE_DUMP,
NLG,2025-Q3,quarter,financial_statement,https://www.namlongvn.com/uploads/2025/10/20251029_NLG_CBTT-Bao-cao-tai-chinh-Quy-3.2025_Hop-nhat_EN.pdf,https://www.namlongvn.com/uploads/2025/10/20251029_NLG_CBTT-Bao-cao-tai-chinh-Quy-3.2025_Hop-nhat_EN.pdf/,data\raw\official_finance_documents\01ie\nlg_2025_q3_financial_statement_b70e7c24682cabd9.pdf,b70e7c24682cabd95d229423896d74a4120ae537f88b948337022522798cfe83,2,0,0,0,0,0.0,0,0,0,1.0,REJECTED_PAGE,TEXT_TOO_SPARSE_FOR_NUMERIC_TABLE_DUMP,
NLG,2025-Q3,quarter,financial_statement,https://www.namlongvn.com/uploads/2025/10/20251029_NLG_CBTT-Bao-cao-tai-chinh-Quy-3.2025_Hop-nhat_EN.pdf,https://www.namlongvn.com/uploads/2025/10/20251029_NLG_CBTT-Bao-cao-tai-chinh-Quy-3.2025_Hop-nhat_EN.pdf/,data\raw\official_finance_documents\01ie\nlg_2025_q3_financial_statement_b70e7c24682cabd9.pdf,b70e7c24682cabd95d229423896d74a4120ae537f88b948337022522798cfe83,3,0,0,0,0,0.0,0,0,0,1.0,REJECTED_PAGE,TEXT_TOO_SPARSE_FOR_NUMERIC_TABLE_DUMP,
NLG,2025-Q3,quarter,financial_statement,https://www.namlongvn.com/uploads/2025/10/20251029_NLG_CBTT-Bao-cao-tai-chinh-Quy-3.2025_Hop-nhat_EN.pdf,https://www.namlongvn.com/uploads/2025/10/20251029_NLG_CBTT-Bao-cao-tai-chinh-Quy-3.2025_Hop-nhat_EN.pdf/,data\raw\official_finance_documents\01ie\nlg_2025_q3_financial_statement_b70e7c24682cabd9.pdf,b70e7c24682cabd95d229423896d74a4120ae537f88b948337022522798cfe83,4,0,0,0,0,0.0,0,0,0,1.0,REJECTED_PAGE,TEXT_TOO_SPARSE_FOR_NUMERIC_TABLE_DUMP,
NLG,2025-Q3,quarter,financial_statement,https://www.namlongvn.com/uploads/2025/10/20251029_NLG_CBTT-Bao-cao-tai-chinh-Quy-3.2025_Hop-nhat_EN.pdf,https://www.namlongvn.com/uploads/2025/10/20251029_NLG_CBTT-Bao-cao-tai-chinh-Quy-3.2025_Hop-nhat_EN.pdf/,data\raw\official_finance_documents\01ie\nlg_2025_q3_financial_statement_b70e7c24682cabd9.pdf,b70e7c24682cabd95d229423896d74a4120ae537f88b948337022522798cfe83,5,0,0,0,0,0.0,0,0,0,1.0,REJECTED_PAGE,TEXT_TOO_SPARSE_FOR_NUMERIC_TABLE_DUMP,
NLG,2025-Q3,quarter,financial_statement,https://www.namlongvn.com/uploads/2025/10/20251029_NLG_CBTT-Bao-cao-tai-chinh-Quy-3.2025_Hop-nhat_EN.pdf,https://www.namlongvn.com/uploads/2025/10/20251029_NLG_CBTT-Bao-cao-tai-chinh-Quy-3.2025_Hop-nhat_EN.pdf/,data\raw\official_finance_documents\01ie\nlg_2025_q3_financial_statement_b70e7c24682cabd9.pdf,b70e7c24682cabd95d229423896d74a4120ae537f88b948337022522798cfe83,6,0,0,0,0,0.0,0,0,0,1.0,REJECTED_PAGE,TEXT_TOO_SPARSE_FOR_NUMERIC_TABLE_DUMP,
NLG,2025-Q3,quarter,financial_statement,https://www.namlongvn.com/uploads/2025/10/20251029_NLG_CBTT-Bao-cao-tai-chinh-Quy-3.2025_Hop-nhat_EN.pdf,https://www.namlongvn.com/uploads/2025/10/20251029_NLG_CBTT-Bao-cao-tai-chinh-Quy-3.2025_Hop-nhat_EN.pdf/,data\raw\official_finance_documents\01ie\nlg_2025_q3_financial_statement_b70e7c24682cabd9.pdf,b70e7c24682cabd95d229423896d74a4120ae537f88b948337022522798cfe83,7,0,0,0,0,0.0,0,0,0,1.0,REJECTED_PAGE,TEXT_TOO_SPARSE_FOR_NUMERIC_TABLE_DUMP,
NLG,2025-Q3,quarter,financial_statement,https://www.namlongvn.com/uploads/2025/10/20251029_NLG_CBTT-Bao-cao-tai-chinh-Quy-3.2025_Hop-nhat_EN.pdf,https://www.namlongvn.com/uploads/2025/10/20251029_NLG_CBTT-Bao-cao-tai-chinh-Quy-3.2025_Hop-nhat_EN.pdf/,data\raw\official_finance_documents\01ie\nlg_2025_q3_financial_statement_b70e7c24682cabd9.pdf,b70e7c24682cabd95d229423896d74a4120ae537f88b948337022522798cfe83,8,0,0,0,0,0.0,0,0,0,1.0,REJECTED_PAGE,TEXT_TOO_SPARSE_FOR_NUMERIC_TABLE_DUMP,
NLG,2025-Q3,quarter,financial_statement,https://www.namlongvn.com/uploads/2025/10/20251029_NLG_CBTT-Bao-cao-tai-chinh-Quy-3.2025_Hop-nhat_EN.pdf,https://www.namlongvn.com/uploads/2025/10/20251029_NLG_CBTT-Bao-cao-tai-chinh-Quy-3.2025_Hop-nhat_EN.pdf/,data\raw\official_finance_documents\01ie\nlg_2025_q3_financial_statement_b70e7c24682cabd9.pdf,b70e7c24682cabd95d229423896d74a4120ae537f88b948337022522798cfe83,9,0,0,0,0,0.0,0,0,0,1.0,REJECTED_PAGE,TEXT_TOO_SPARSE_FOR_NUMERIC_TABLE_DUMP,
NLG,2025-Q3,quarter,financial_statement,https://www.namlongvn.com/uploads/2025/10/20251029_NLG_CBTT-Bao-cao-tai-chinh-Quy-3.2025_Hop-nhat_EN.pdf,https://www.namlongvn.com/uploads/2025/10/20251029_NLG_CBTT-Bao-cao-tai-chinh-Quy-3.2025_Hop-nhat_EN.pdf/,data\raw\official_finance_documents\01ie\nlg_2025_q3_financial_statement_b70e7c24682cabd9.pdf,b70e7c24682cabd95d229423896d74a4120ae537f88b948337022522798cfe83,10,0,0,0,0,0.0,0,0,0,1.0,REJECTED_PAGE,TEXT_TOO_SPARSE_FOR_NUMERIC_TABLE_DUMP,
NLG,2025-Q3,quarter,financial_statement,https://www.namlongvn.com/uploads/2025/10/20251029_NLG_CBTT-Bao-cao-tai-chinh-Quy-3.2025_Hop-nhat_EN.pdf,https://www.namlongvn.com/uploads/2025/10/20251029_NLG_CBTT-Bao-cao-tai-chinh-Quy-3.2025_Hop-nhat_EN.pdf/,data\raw\official_finance_documents\01ie\nlg_2025_q3_financial_statement_b70e7c24682cabd9.pdf,b70e7c24682cabd95d229423896d74a4120ae537f88b948337022522798cfe83,11,0,0,0,0,0.0,0,0,0,1.0,REJECTED_PAGE,TEXT_TOO_SPARSE_FOR_NUMERIC_TABLE_DUMP,
NLG,2025-Q3,quarter,financial_statement,https://www.namlongvn.com/uploads/2025/10/20251029_NLG_CBTT-Bao-cao-tai-chinh-Quy-3.2025_Hop-nhat_EN.pdf,https://www.namlongvn.com/uploads/2025/10/20251029_NLG_CBTT-Bao-cao-tai-chinh-Quy-3.2025_Hop-nhat_EN.pdf/,data\raw\official_finance_documents\01ie\nlg_2025_q3_financial_statement_b70e7c24682cabd9.pdf,b70e7c24682cabd95d229423896d74a4120ae537f88b948337022522798cfe83,12,0,0,0,0,0.0,0,0,0,1.0,REJECTED_PAGE,TEXT_TOO_SPARSE_FOR_NUMERIC_TABLE_DUMP,
NLG,2025-Q3,quarter,financial_statement,https://www.namlongvn.com/uploads/2025/10/20251029_NLG_CBTT-Bao-cao-tai-chinh-Quy-3.2025_Hop-nhat_EN.pdf,https://www.namlongvn.com/uploads/2025/10/20251029_NLG_CBTT-Bao-cao-tai-chinh-Quy-3.2025_Hop-nhat_EN.pdf/,data\raw\official_finance_documents\01ie\nlg_2025_q3_financial_statement_b70e7c24682cabd9.pdf,b70e7c24682cabd95d229423896d74a4120ae537f88b948337022522798cfe83,13,0,0,0,0,0.0,0,0,0,1.0,REJECTED_PAGE,TEXT_TOO_SPARSE_FOR_NUMERIC_TABLE_DUMP,
NLG,2025-Q3,quarter,financial_statement,https://www.namlongvn.com/uploads/2025/10/20251029_NLG_CBTT-Bao-cao-tai-chinh-Quy-3.2025_Hop-nhat_EN.pdf,https://www.namlongvn.com/uploads/2025/10/20251029_NLG_CBTT-Bao-cao-tai-chinh-Quy-3.2025_Hop-nhat_EN.pdf/,data\raw\official_finance_documents\01ie\nlg_2025_q3_financial_statement_b70e7c24682cabd9.pdf,b70e7c24682cabd95d229423896d74a4120ae537f88b948337022522798cfe83,14,0,0,0,0,0.0,0,0,0,1.0,REJECTED_PAGE,TEXT_TOO_SPARSE_FOR_NUMERIC_TABLE_DUMP,
NLG,2025-Q3,quarter,financial_statement,https://www.namlongvn.com/uploads/2025/10/20251029_NLG_CBTT-Bao-cao-tai-chinh-Quy-3.2025_Hop-nhat_EN.pdf,https://www.namlongvn.com/uploads/2025/10/20251029_NLG_CBTT-Bao-cao-tai-chinh-Quy-3.2025_Hop-nhat_EN.pdf/,data\raw\official_finance_documents\01ie\nlg_2025_q3_financial_statement_b70e7c24682cabd9.pdf,b70e7c24682cabd95d229423896d74a4120ae537f88b948337022522798cfe83,15,0,0,0,0,0.0,0,0,0,1.0,REJECTED_PAGE,TEXT_TOO_SPARSE_FOR_NUMERIC_TABLE_DUMP,
NLG,2025-Q3,quarter,financial_statement,https://www.namlongvn.com/uploads/2025/10/20251029_NLG_CBTT-Bao-cao-tai-chinh-Quy-3.2025_Hop-nhat_EN.pdf,https://www.namlongvn.com/uploads/2025/10/20251029_NLG_CBTT-Bao-cao-tai-chinh-Quy-3.2025_Hop-nhat_EN.pdf/,data\raw\official_finance_documents\01ie\nlg_2025_q3_financial_statement_b70e7c24682cabd9.pdf,b70e7c24682cabd95d229423896d74a4120ae537f88b948337022522798cfe83,16,0,0,0,0,0.0,0,0,0,1.0,REJECTED_PAGE,TEXT_TOO_SPARSE_FOR_NUMERIC_TABLE_DUMP,
NLG,2025-Q3,quarter,financial_statement,https://www.namlongvn.com/uploads/2025/10/20251029_NLG_CBTT-Bao-cao-tai-chinh-Quy-3.2025_Hop-nhat_EN.pdf,https://www.namlongvn.com/uploads/2025/10/20251029_NLG_CBTT-Bao-cao-tai-chinh-Quy-3.2025_Hop-nhat_EN.pdf/,data\raw\official_finance_documents\01ie\nlg_2025_q3_financial_statement_b70e7c24682cabd9.pdf,b70e7c24682cabd95d229423896d74a4120ae537f88b948337022522798cfe83,17,0,0,0,0,0.0,0,0,0,1.0,REJECTED_PAGE,TEXT_TOO_SPARSE_FOR_NUMERIC_TABLE_DUMP,
NLG,2025-Q3,quarter,financial_statement,https://www.namlongvn.com/uploads/2025/10/20251029_NLG_CBTT-Bao-cao-tai-chinh-Quy-3.2025_Hop-nhat_EN.pdf,https://www.namlongvn.com/uploads/2025/10/20251029_NLG_CBTT-Bao-cao-tai-chinh-Quy-3.2025_Hop-nhat_EN.pdf/,data\raw\official_finance_documents\01ie\nlg_2025_q3_financial_statement_b70e7c24682cabd9.pdf,b70e7c24682cabd95d229423896d74a4120ae537f88b948337022522798cfe83,18,0,0,0,0,0.0,0,0,0,1.0,REJECTED_PAGE,TEXT_TOO_SPARSE_FOR_NUMERIC_TABLE_DUMP,
NLG,2025-Q3,quarter,financial_statement,https://www.namlongvn.com/uploads/2025/10/20251029_NLG_CBTT-Bao-cao-tai-chinh-Quy-3.2025_Hop-nhat_EN.pdf,https://www.namlongvn.com/uploads/2025/10/20251029_NLG_CBTT-Bao-cao-tai-chinh-Quy-3.2025_Hop-nhat_EN.pdf/,data\raw\official_finance_documents\01ie\nlg_2025_q3_financial_statement_b70e7c24682cabd9.pdf,b70e7c24682cabd95d229423896d74a4120ae537f88b948337022522798cfe83,19,0,0,0,0,0.0,0,0,0,1.0,REJECTED_PAGE,TEXT_TOO_SPARSE_FOR_NUMERIC_TABLE_DUMP,
NLG,2025-Q3,quarter,financial_statement,https://www.namlongvn.com/uploads/2025/10/20251029_NLG_CBTT-Bao-cao-tai-chinh-Quy-3.2025_Hop-nhat_EN.pdf,https://www.namlongvn.com/uploads/2025/10/20251029_NLG_CBTT-Bao-cao-tai-chinh-Quy-3.2025_Hop-nhat_EN.pdf/,data\raw\official_finance_documents\01ie\nlg_2025_q3_financial_statement_b70e7c24682cabd9.pdf,b70e7c24682cabd95d229423896d74a4120ae537f88b948337022522798cfe83,20,0,0,0,0,0.0,0,0,0,1.0,REJECTED_PAGE,TEXT_TOO_SPARSE_FOR_NUMERIC_TABLE_DUMP,
NLG,2025-Q3,quarter,financial_statement,https://www.namlongvn.com/uploads/2025/10/20251029_NLG_CBTT-Bao-cao-tai-chinh-Quy-3.2025_Hop-nhat_EN.pdf,https://www.namlongvn.com/uploads/2025/10/20251029_NLG_CBTT-Bao-cao-tai-chinh-Quy-3.2025_Hop-nhat_EN.pdf/,data\raw\official_finance_documents\01ie\nlg_2025_q3_financial_statement_b70e7c24682cabd9.pdf,b70e7c24682cabd95d229423896d74a4120ae537f88b948337022522798cfe83,21,0,0,0,0,0.0,0,0,0,1.0,REJECTED_PAGE,TEXT_TOO_SPARSE_FOR_NUMERIC_TABLE_DUMP,
NLG,2025-Q3,quarter,financial_statement,https://www.namlongvn.com/uploads/2025/10/20251029_NLG_CBTT-Bao-cao-tai-chinh-Quy-3.2025_Hop-nhat_EN.pdf,https://www.namlongvn.com/uploads/2025/10/20251029_NLG_CBTT-Bao-cao-tai-chinh-Quy-3.2025_Hop-nhat_EN.pdf/,data\raw\official_finance_documents\01ie\nlg_2025_q3_financial_statement_b70e7c24682cabd9.pdf,b70e7c24682cabd95d229423896d74a4120ae537f88b948337022522798cfe83,22,0,0,0,0,0.0,0,0,0,1.0,REJECTED_PAGE,TEXT_TOO_SPARSE_FOR_NUMERIC_TABLE_DUMP,
NLG,2025-Q3,quarter,financial_statement,https://www.namlongvn.com/uploads/2025/10/20251029_NLG_CBTT-Bao-cao-tai-chinh-Quy-3.2025_Hop-nhat_EN.pdf,https://www.namlongvn.com/uploads/2025/10/20251029_NLG_CBTT-Bao-cao-tai-chinh-Quy-3.2025_Hop-nhat_EN.pdf/,data\raw\official_finance_documents\01ie\nlg_2025_q3_financial_statement_b70e7c24682cabd9.pdf,b70e7c24682cabd95d229423896d74a4120ae537f88b948337022522798cfe83,23,0,0,0,0,0.0,0,0,0,1.0,REJECTED_PAGE,TEXT_TOO_SPARSE_FOR_NUMERIC_TABLE_DUMP,
NLG,2025-Q3,quarter,financial_statement,https://www.namlongvn.com/uploads/2025/10/20251029_NLG_CBTT-Bao-cao-tai-chinh-Quy-3.2025_Hop-nhat_EN.pdf,https://www.namlongvn.com/uploads/2025/10/20251029_NLG_CBTT-Bao-cao-tai-chinh-Quy-3.2025_Hop-nhat_EN.pdf/,data\raw\official_finance_documents\01ie\nlg_2025_q3_financial_statement_b70e7c24682cabd9.pdf,b70e7c24682cabd95d229423896d74a4120ae537f88b948337022522798cfe83,24,0,0,0,0,0.0,0,0,0,1.0,REJECTED_PAGE,TEXT_TOO_SPARSE_FOR_NUMERIC_TABLE_DUMP,
NLG,2025-Q3,quarter,financial_statement,https://www.namlongvn.com/uploads/2025/10/20251029_NLG_CBTT-Bao-cao-tai-chinh-Quy-3.2025_Hop-nhat_EN.pdf,https://www.namlongvn.com/uploads/2025/10/20251029_NLG_CBTT-Bao-cao-tai-chinh-Quy-3.2025_Hop-nhat_EN.pdf/,data\raw\official_finance_documents\01ie\nlg_2025_q3_financial_statement_b70e7c24682cabd9.pdf,b70e7c24682cabd95d229423896d74a4120ae537f88b948337022522798cfe83,25,0,0,0,0,0.0,0,0,0,1.0,REJECTED_PAGE,TEXT_TOO_SPARSE_FOR_NUMERIC_TABLE_DUMP,
NLG,2025-Q3,quarter,financial_statement,https://www.namlongvn.com/uploads/2025/10/20251029_NLG_CBTT-Bao-cao-tai-chinh-Quy-3.2025_Hop-nhat_EN.pdf,https://www.namlongvn.com/uploads/2025/10/20251029_NLG_CBTT-Bao-cao-tai-chinh-Quy-3.2025_Hop-nhat_EN.pdf/,data\raw\official_finance_documents\01ie\nlg_2025_q3_financial_statement_b70e7c24682cabd9.pdf,b70e7c24682cabd95d229423896d74a4120ae537f88b948337022522798cfe83,26,0,0,0,0,0.0,0,0,0,1.0,REJECTED_PAGE,TEXT_TOO_SPARSE_FOR_NUMERIC_TABLE_DUMP,
NLG,2025-Q3,quarter,financial_statement,https://www.namlongvn.com/uploads/2025/10/20251029_NLG_CBTT-Bao-cao-tai-chinh-Quy-3.2025_Hop-nhat_EN.pdf,https://www.namlongvn.com/uploads/2025/10/20251029_NLG_CBTT-Bao-cao-tai-chinh-Quy-3.2025_Hop-nhat_EN.pdf/,data\raw\official_finance_documents\01ie\nlg_2025_q3_financial_statement_b70e7c24682cabd9.pdf,b70e7c24682cabd95d229423896d74a4120ae537f88b948337022522798cfe83,27,0,0,0,0,0.0,0,0,0,1.0,REJECTED_PAGE,TEXT_TOO_SPARSE_FOR_NUMERIC_TABLE_DUMP,
NLG,2025-Q3,quarter,financial_statement,https://www.namlongvn.com/uploads/2025/10/20251029_NLG_CBTT-Bao-cao-tai-chinh-Quy-3.2025_Hop-nhat_EN.pdf,https://www.namlongvn.com/uploads/2025/10/20251029_NLG_CBTT-Bao-cao-tai-chinh-Quy-3.2025_Hop-nhat_EN.pdf/,data\raw\official_finance_documents\01ie\nlg_2025_q3_financial_statement_b70e7c24682cabd9.pdf,b70e7c24682cabd95d229423896d74a4120ae537f88b948337022522798cfe83,28,0,0,0,0,0.0,0,0,0,1.0,REJECTED_PAGE,TEXT_TOO_SPARSE_FOR_NUMERIC_TABLE_DUMP,
NLG,2025-Q3,quarter,financial_statement,https://www.namlongvn.com/uploads/2025/10/20251029_NLG_CBTT-Bao-cao-tai-chinh-Quy-3.2025_Hop-nhat_EN.pdf,https://www.namlongvn.com/uploads/2025/10/20251029_NLG_CBTT-Bao-cao-tai-chinh-Quy-3.2025_Hop-nhat_EN.pdf/,data\raw\official_finance_documents\01ie\nlg_2025_q3_financial_statement_b70e7c24682cabd9.pdf,b70e7c24682cabd95d229423896d74a4120ae537f88b948337022522798cfe83,29,0,0,0,0,0.0,0,0,0,1.0,REJECTED_PAGE,TEXT_TOO_SPARSE_FOR_NUMERIC_TABLE_DUMP,
NLG,2025-Q3,quarter,financial_statement,https://www.namlongvn.com/uploads/2025/10/20251029_NLG_CBTT-Bao-cao-tai-chinh-Quy-3.2025_Hop-nhat_EN.pdf,https://www.namlongvn.com/uploads/2025/10/20251029_NLG_CBTT-Bao-cao-tai-chinh-Quy-3.2025_Hop-nhat_EN.pdf/,data\raw\official_finance_documents\01ie\nlg_2025_q3_financial_statement_b70e7c24682cabd9.pdf,b70e7c24682cabd95d229423896d74a4120ae537f88b948337022522798cfe83,30,0,0,0,0,0.0,0,0,0,1.0,REJECTED_PAGE,TEXT_TOO_SPARSE_FOR_NUMERIC_TABLE_DUMP,
NLG,2025-Q3,quarter,financial_statement,https://www.namlongvn.com/uploads/2025/10/20251029_NLG_CBTT-Bao-cao-tai-chinh-Quy-3.2025_Hop-nhat_EN.pdf,https://www.namlongvn.com/uploads/2025/10/20251029_NLG_CBTT-Bao-cao-tai-chinh-Quy-3.2025_Hop-nhat_EN.pdf/,data\raw\official_finance_documents\01ie\nlg_2025_q3_financial_statement_b70e7c24682cabd9.pdf,b70e7c24682cabd95d229423896d74a4120ae537f88b948337022522798cfe83,31,0,0,0,0,0.0,0,0,0,1.0,REJECTED_PAGE,TEXT_TOO_SPARSE_FOR_NUMERIC_TABLE_DUMP,
NLG,2025-Q3,quarter,financial_statement,https://www.namlongvn.com/uploads/2025/10/20251029_NLG_CBTT-Bao-cao-tai-chinh-Quy-3.2025_Hop-nhat_EN.pdf,https://www.namlongvn.com/uploads/2025/10/20251029_NLG_CBTT-Bao-cao-tai-chinh-Quy-3.2025_Hop-nhat_EN.pdf/,data\raw\official_finance_documents\01ie\nlg_2025_q3_financial_statement_b70e7c24682cabd9.pdf,b70e7c24682cabd95d229423896d74a4120ae537f88b948337022522798cfe83,32,0,0,0,0,0.0,0,0,0,1.0,REJECTED_PAGE,TEXT_TOO_SPARSE_FOR_NUMERIC_TABLE_DUMP,
NLG,2025-Q3,quarter,financial_statement,https://www.namlongvn.com/uploads/2025/10/20251029_NLG_CBTT-Bao-cao-tai-chinh-Quy-3.2025_Hop-nhat_EN.pdf,https://www.namlongvn.com/uploads/2025/10/20251029_NLG_CBTT-Bao-cao-tai-chinh-Quy-3.2025_Hop-nhat_EN.pdf/,data\raw\official_finance_documents\01ie\nlg_2025_q3_financial_statement_b70e7c24682cabd9.pdf,b70e7c24682cabd95d229423896d74a4120ae537f88b948337022522798cfe83,33,0,0,0,0,0.0,0,0,0,1.0,REJECTED_PAGE,TEXT_TOO_SPARSE_FOR_NUMERIC_TABLE_DUMP,
NLG,2025-Q3,quarter,financial_statement,https://www.namlongvn.com/uploads/2025/10/20251029_NLG_CBTT-Bao-cao-tai-chinh-Quy-3.2025_Hop-nhat_EN.pdf,https://www.namlongvn.com/uploads/2025/10/20251029_NLG_CBTT-Bao-cao-tai-chinh-Quy-3.2025_Hop-nhat_EN.pdf/,data\raw\official_finance_documents\01ie\nlg_2025_q3_financial_statement_b70e7c24682cabd9.pdf,b70e7c24682cabd95d229423896d74a4120ae537f88b948337022522798cfe83,34,0,0,0,0,0.0,0,0,0,1.0,REJECTED_PAGE,TEXT_TOO_SPARSE_FOR_NUMERIC_TABLE_DUMP,
NLG,2025-Q3,quarter,financial_statement,https://www.namlongvn.com/uploads/2025/10/20251029_NLG_CBTT-Bao-cao-tai-chinh-Quy-3.2025_Hop-nhat_EN.pdf,https://www.namlongvn.com/uploads/2025/10/20251029_NLG_CBTT-Bao-cao-tai-chinh-Quy-3.2025_Hop-nhat_EN.pdf/,data\raw\official_finance_documents\01ie\nlg_2025_q3_financial_statement_b70e7c24682cabd9.pdf,b70e7c24682cabd95d229423896d74a4120ae537f88b948337022522798cfe83,35,0,0,0,0,0.0,0,0,0,1.0,REJECTED_PAGE,TEXT_TOO_SPARSE_FOR_NUMERIC_TABLE_DUMP,
NLG,2025-Q3,quarter,financial_statement,https://www.namlongvn.com/uploads/2025/10/20251029_NLG_CBTT-Bao-cao-tai-chinh-Quy-3.2025_Hop-nhat_EN.pdf,https://www.namlongvn.com/uploads/2025/10/20251029_NLG_CBTT-Bao-cao-tai-chinh-Quy-3.2025_Hop-nhat_EN.pdf/,data\raw\official_finance_documents\01ie\nlg_2025_q3_financial_statement_b70e7c24682cabd9.pdf,b70e7c24682cabd95d229423896d74a4120ae537f88b948337022522798cfe83,36,0,0,0,0,0.0,0,0,0,1.0,REJECTED_PAGE,TEXT_TOO_SPARSE_FOR_NUMERIC_TABLE_DUMP,
NLG,2025-Q3,quarter,financial_statement,https://www.namlongvn.com/uploads/2025/10/20251029_NLG_CBTT-Bao-cao-tai-chinh-Quy-3.2025_Hop-nhat_EN.pdf,https://www.namlongvn.com/uploads/2025/10/20251029_NLG_CBTT-Bao-cao-tai-chinh-Quy-3.2025_Hop-nhat_EN.pdf/,data\raw\official_finance_documents\01ie\nlg_2025_q3_financial_statement_b70e7c24682cabd9.pdf,b70e7c24682cabd95d229423896d74a4120ae537f88b948337022522798cfe83,37,0,0,0,0,0.0,0,0,0,1.0,REJECTED_PAGE,TEXT_TOO_SPARSE_FOR_NUMERIC_TABLE_DUMP,
NLG,2025-Q3,quarter,financial_statement,https://www.namlongvn.com/uploads/2025/10/20251029_NLG_CBTT-Bao-cao-tai-chinh-Quy-3.2025_Hop-nhat_EN.pdf,https://www.namlongvn.com/uploads/2025/10/20251029_NLG_CBTT-Bao-cao-tai-chinh-Quy-3.2025_Hop-nhat_EN.pdf/,data\raw\official_finance_documents\01ie\nlg_2025_q3_financial_statement_b70e7c24682cabd9.pdf,b70e7c24682cabd95d229423896d74a4120ae537f88b948337022522798cfe83,38,0,0,0,0,0.0,0,0,0,1.0,REJECTED_PAGE,TEXT_TOO_SPARSE_FOR_NUMERIC_TABLE_DUMP,
NLG,2025-Q3,quarter,financial_statement,https://www.namlongvn.com/uploads/2025/10/20251029_NLG_CBTT-Bao-cao-tai-chinh-Quy-3.2025_Hop-nhat_EN.pdf,https://www.namlongvn.com/uploads/2025/10/20251029_NLG_CBTT-Bao-cao-tai-chinh-Quy-3.2025_Hop-nhat_EN.pdf/,data\raw\official_finance_documents\01ie\nlg_2025_q3_financial_statement_b70e7c24682cabd9.pdf,b70e7c24682cabd95d229423896d74a4120ae537f88b948337022522798cfe83,39,0,0,0,0,0.0,0,0,0,1.0,REJECTED_PAGE,TEXT_TOO_SPARSE_FOR_NUMERIC_TABLE_DUMP,
NLG,2025-Q3,quarter,financial_statement,https://www.namlongvn.com/uploads/2025/10/20251029_NLG_CBTT-Bao-cao-tai-chinh-Quy-3.2025_Hop-nhat_EN.pdf,https://www.namlongvn.com/uploads/2025/10/20251029_NLG_CBTT-Bao-cao-tai-chinh-Quy-3.2025_Hop-nhat_EN.pdf/,data\raw\official_finance_documents\01ie\nlg_2025_q3_financial_statement_b70e7c24682cabd9.pdf,b70e7c24682cabd95d229423896d74a4120ae537f88b948337022522798cfe83,40,0,0,0,0,0.0,0,0,0,1.0,REJECTED_PAGE,TEXT_TOO_SPARSE_FOR_NUMERIC_TABLE_DUMP,
NLG,2025-Q3,quarter,financial_statement,https://www.namlongvn.com/uploads/2025/10/20251029_NLG_CBTT-Bao-cao-tai-chinh-Quy-3.2025_Hop-nhat_EN.pdf,https://www.namlongvn.com/uploads/2025/10/20251029_NLG_CBTT-Bao-cao-tai-chinh-Quy-3.2025_Hop-nhat_EN.pdf/,data\raw\official_finance_documents\01ie\nlg_2025_q3_financial_statement_b70e7c24682cabd9.pdf,b70e7c24682cabd95d229423896d74a4120ae537f88b948337022522798cfe83,41,0,0,0,0,0.0,0,0,0,1.0,REJECTED_PAGE,TEXT_TOO_SPARSE_FOR_NUMERIC_TABLE_DUMP,
NLG,2025-Q3,quarter,financial_statement,https://www.namlongvn.com/uploads/2025/10/20251029_NLG_CBTT-Bao-cao-tai-chinh-Quy-3.2025_Hop-nhat_EN.pdf,https://www.namlongvn.com/uploads/2025/10/20251029_NLG_CBTT-Bao-cao-tai-chinh-Quy-3.2025_Hop-nhat_EN.pdf/,data\raw\official_finance_documents\01ie\nlg_2025_q3_financial_statement_b70e7c24682cabd9.pdf,b70e7c24682cabd95d229423896d74a4120ae537f88b948337022522798cfe83,42,0,0,0,0,0.0,0,0,0,1.0,REJECTED_PAGE,TEXT_TOO_SPARSE_FOR_NUMERIC_TABLE_DUMP,
NLG,2025-Q3,quarter,financial_statement,https://www.namlongvn.com/uploads/2025/10/20251029_NLG_CBTT-Bao-cao-tai-chinh-Quy-3.2025_Hop-nhat_EN.pdf,https://www.namlongvn.com/uploads/2025/10/20251029_NLG_CBTT-Bao-cao-tai-chinh-Quy-3.2025_Hop-nhat_EN.pdf/,data\raw\official_finance_documents\01ie\nlg_2025_q3_financial_statement_b70e7c24682cabd9.pdf,b70e7c24682cabd95d229423896d74a4120ae537f88b948337022522798cfe83,43,0,0,0,0,0.0,0,0,0,1.0,REJECTED_PAGE,TEXT_TOO_SPARSE_FOR_NUMERIC_TABLE_DUMP,
NLG,2025-Q3,quarter,financial_statement,https://www.namlongvn.com/uploads/2025/10/20251029_NLG_CBTT-Bao-cao-tai-chinh-Quy-3.2025_Hop-nhat_EN.pdf,https://www.namlongvn.com/uploads/2025/10/20251029_NLG_CBTT-Bao-cao-tai-chinh-Quy-3.2025_Hop-nhat_EN.pdf/,data\raw\official_finance_documents\01ie\nlg_2025_q3_financial_statement_b70e7c24682cabd9.pdf,b70e7c24682cabd95d229423896d74a4120ae537f88b948337022522798cfe83,44,0,0,0,0,0.0,0,0,0,1.0,REJECTED_PAGE,TEXT_TOO_SPARSE_FOR_NUMERIC_TABLE_DUMP,
NLG,2025-Q3,quarter,financial_statement,https://www.namlongvn.com/uploads/2025/10/20251029_NLG_CBTT-Bao-cao-tai-chinh-Quy-3.2025_Hop-nhat_EN.pdf,https://www.namlongvn.com/uploads/2025/10/20251029_NLG_CBTT-Bao-cao-tai-chinh-Quy-3.2025_Hop-nhat_EN.pdf/,data\raw\official_finance_documents\01ie\nlg_2025_q3_financial_statement_b70e7c24682cabd9.pdf,b70e7c24682cabd95d229423896d74a4120ae537f88b948337022522798cfe83,45,0,0,0,0,0.0,0,0,0,1.0,REJECTED_PAGE,TEXT_TOO_SPARSE_FOR_NUMERIC_TABLE_DUMP,
NLG,2025-Q3,quarter,financial_statement,https://www.namlongvn.com/uploads/2025/10/20251029_NLG_CBTT-Bao-cao-tai-chinh-Quy-3.2025_Hop-nhat_EN.pdf,https://www.namlongvn.com/uploads/2025/10/20251029_NLG_CBTT-Bao-cao-tai-chinh-Quy-3.2025_Hop-nhat_EN.pdf/,data\raw\official_finance_documents\01ie\nlg_2025_q3_financial_statement_b70e7c24682cabd9.pdf,b70e7c24682cabd95d229423896d74a4120ae537f88b948337022522798cfe83,46,0,0,0,0,0.0,0,0,0,1.0,REJECTED_PAGE,TEXT_TOO_SPARSE_FOR_NUMERIC_TABLE_DUMP,
PVS,2025-Q3,quarter,financial_statement,https://www.ptsc.com.vn/Data/Sites/1/media/codong/VIE EN_BCTC Hop nhat_Quy 3.2025.pdf,https://www.ptsc.com.vn/Data/Sites/1/media/codong/VIE%20EN_BCTC%20Hop%20nhat_Quy%203.2025.pdf,data\raw\official_finance_documents\01ie\pvs_2025_q3_financial_statement_4725c9bda835de61.pdf,4725c9bda835de617ef59cb8c933eae12f8d365aca8c0afaadfadfae530d33e1,1,0,0,0,0,0.0,0,0,0,1.0,REJECTED_PAGE,TEXT_TOO_SPARSE_FOR_NUMERIC_TABLE_DUMP,
PVS,2025-Q3,quarter,financial_statement,https://www.ptsc.com.vn/Data/Sites/1/media/codong/VIE EN_BCTC Hop nhat_Quy 3.2025.pdf,https://www.ptsc.com.vn/Data/Sites/1/media/codong/VIE%20EN_BCTC%20Hop%20nhat_Quy%203.2025.pdf,data\raw\official_finance_documents\01ie\pvs_2025_q3_financial_statement_4725c9bda835de61.pdf,4725c9bda835de617ef59cb8c933eae12f8d365aca8c0afaadfadfae530d33e1,2,0,0,0,0,0.0,0,0,0,1.0,REJECTED_PAGE,TEXT_TOO_SPARSE_FOR_NUMERIC_TABLE_DUMP,
PVS,2025-Q3,quarter,financial_statement,https://www.ptsc.com.vn/Data/Sites/1/media/codong/VIE EN_BCTC Hop nhat_Quy 3.2025.pdf,https://www.ptsc.com.vn/Data/Sites/1/media/codong/VIE%20EN_BCTC%20Hop%20nhat_Quy%203.2025.pdf,data\raw\official_finance_documents\01ie\pvs_2025_q3_financial_statement_4725c9bda835de61.pdf,4725c9bda835de617ef59cb8c933eae12f8d365aca8c0afaadfadfae530d33e1,3,0,0,0,0,0.0,0,0,0,1.0,REJECTED_PAGE,TEXT_TOO_SPARSE_FOR_NUMERIC_TABLE_DUMP,
PVS,2025-Q3,quarter,financial_statement,https://www.ptsc.com.vn/Data/Sites/1/media/codong/VIE EN_BCTC Hop nhat_Quy 3.2025.pdf,https://www.ptsc.com.vn/Data/Sites/1/media/codong/VIE%20EN_BCTC%20Hop%20nhat_Quy%203.2025.pdf,data\raw\official_finance_documents\01ie\pvs_2025_q3_financial_statement_4725c9bda835de61.pdf,4725c9bda835de617ef59cb8c933eae12f8d365aca8c0afaadfadfae530d33e1,4,0,0,0,0,0.0,0,0,0,1.0,REJECTED_PAGE,TEXT_TOO_SPARSE_FOR_NUMERIC_TABLE_DUMP,
PVS,2025-Q3,quarter,financial_statement,https://www.ptsc.com.vn/Data/Sites/1/media/codong/VIE EN_BCTC Hop nhat_Quy 3.2025.pdf,https://www.ptsc.com.vn/Data/Sites/1/media/codong/VIE%20EN_BCTC%20Hop%20nhat_Quy%203.2025.pdf,data\raw\official_finance_documents\01ie\pvs_2025_q3_financial_statement_4725c9bda835de61.pdf,4725c9bda835de617ef59cb8c933eae12f8d365aca8c0afaadfadfae530d33e1,5,0,0,0,0,0.0,0,0,0,1.0,REJECTED_PAGE,TEXT_TOO_SPARSE_FOR_NUMERIC_TABLE_DUMP,
PVS,2025-Q3,quarter,financial_statement,https://www.ptsc.com.vn/Data/Sites/1/media/codong/VIE EN_BCTC Hop nhat_Quy 3.2025.pdf,https://www.ptsc.com.vn/Data/Sites/1/media/codong/VIE%20EN_BCTC%20Hop%20nhat_Quy%203.2025.pdf,data\raw\official_finance_documents\01ie\pvs_2025_q3_financial_statement_4725c9bda835de61.pdf,4725c9bda835de617ef59cb8c933eae12f8d365aca8c0afaadfadfae530d33e1,6,0,0,0,0,0.0,0,0,0,1.0,REJECTED_PAGE,TEXT_TOO_SPARSE_FOR_NUMERIC_TABLE_DUMP,
PVS,2025-Q3,quarter,financial_statement,https://www.ptsc.com.vn/Data/Sites/1/media/codong/VIE EN_BCTC Hop nhat_Quy 3.2025.pdf,https://www.ptsc.com.vn/Data/Sites/1/media/codong/VIE%20EN_BCTC%20Hop%20nhat_Quy%203.2025.pdf,data\raw\official_finance_documents\01ie\pvs_2025_q3_financial_statement_4725c9bda835de61.pdf,4725c9bda835de617ef59cb8c933eae12f8d365aca8c0afaadfadfae530d33e1,7,0,0,0,0,0.0,0,0,0,1.0,REJECTED_PAGE,TEXT_TOO_SPARSE_FOR_NUMERIC_TABLE_DUMP,
PVS,2025-Q3,quarter,financial_statement,https://www.ptsc.com.vn/Data/Sites/1/media/codong/VIE EN_BCTC Hop nhat_Quy 3.2025.pdf,https://www.ptsc.com.vn/Data/Sites/1/media/codong/VIE%20EN_BCTC%20Hop%20nhat_Quy%203.2025.pdf,data\raw\official_finance_documents\01ie\pvs_2025_q3_financial_statement_4725c9bda835de61.pdf,4725c9bda835de617ef59cb8c933eae12f8d365aca8c0afaadfadfae530d33e1,8,0,0,0,0,0.0,0,0,0,1.0,REJECTED_PAGE,TEXT_TOO_SPARSE_FOR_NUMERIC_TABLE_DUMP,
PVS,2025-Q3,quarter,financial_statement,https://www.ptsc.com.vn/Data/Sites/1/media/codong/VIE EN_BCTC Hop nhat_Quy 3.2025.pdf,https://www.ptsc.com.vn/Data/Sites/1/media/codong/VIE%20EN_BCTC%20Hop%20nhat_Quy%203.2025.pdf,data\raw\official_finance_documents\01ie\pvs_2025_q3_financial_statement_4725c9bda835de61.pdf,4725c9bda835de617ef59cb8c933eae12f8d365aca8c0afaadfadfae530d33e1,9,0,0,0,0,0.0,0,0,0,1.0,REJECTED_PAGE,TEXT_TOO_SPARSE_FOR_NUMERIC_TABLE_DUMP,
PVS,2025-Q3,quarter,financial_statement,https://www.ptsc.com.vn/Data/Sites/1/media/codong/VIE EN_BCTC Hop nhat_Quy 3.2025.pdf,https://www.ptsc.com.vn/Data/Sites/1/media/codong/VIE%20EN_BCTC%20Hop%20nhat_Quy%203.2025.pdf,data\raw\official_finance_documents\01ie\pvs_2025_q3_financial_statement_4725c9bda835de61.pdf,4725c9bda835de617ef59cb8c933eae12f8d365aca8c0afaadfadfae530d33e1,10,0,0,0,0,0.0,0,0,0,1.0,REJECTED_PAGE,TEXT_TOO_SPARSE_FOR_NUMERIC_TABLE_DUMP,
PVS,2025-Q3,quarter,financial_statement,https://www.ptsc.com.vn/Data/Sites/1/media/codong/VIE EN_BCTC Hop nhat_Quy 3.2025.pdf,https://www.ptsc.com.vn/Data/Sites/1/media/codong/VIE%20EN_BCTC%20Hop%20nhat_Quy%203.2025.pdf,data\raw\official_finance_documents\01ie\pvs_2025_q3_financial_statement_4725c9bda835de61.pdf,4725c9bda835de617ef59cb8c933eae12f8d365aca8c0afaadfadfae530d33e1,11,0,0,0,0,0.0,0,0,0,1.0,REJECTED_PAGE,TEXT_TOO_SPARSE_FOR_NUMERIC_TABLE_DUMP,
PVS,2025-Q3,quarter,financial_statement,https://www.ptsc.com.vn/Data/Sites/1/media/codong/VIE EN_BCTC Hop nhat_Quy 3.2025.pdf,https://www.ptsc.com.vn/Data/Sites/1/media/codong/VIE%20EN_BCTC%20Hop%20nhat_Quy%203.2025.pdf,data\raw\official_finance_documents\01ie\pvs_2025_q3_financial_statement_4725c9bda835de61.pdf,4725c9bda835de617ef59cb8c933eae12f8d365aca8c0afaadfadfae530d33e1,12,0,0,0,0,0.0,0,0,0,1.0,REJECTED_PAGE,TEXT_TOO_SPARSE_FOR_NUMERIC_TABLE_DUMP,
PVS,2025-Q3,quarter,financial_statement,https://www.ptsc.com.vn/Data/Sites/1/media/codong/VIE EN_BCTC Hop nhat_Quy 3.2025.pdf,https://www.ptsc.com.vn/Data/Sites/1/media/codong/VIE%20EN_BCTC%20Hop%20nhat_Quy%203.2025.pdf,data\raw\official_finance_documents\01ie\pvs_2025_q3_financial_statement_4725c9bda835de61.pdf,4725c9bda835de617ef59cb8c933eae12f8d365aca8c0afaadfadfae530d33e1,13,0,0,0,0,0.0,0,0,0,1.0,REJECTED_PAGE,TEXT_TOO_SPARSE_FOR_NUMERIC_TABLE_DUMP,
PVS,2025-Q3,quarter,financial_statement,https://www.ptsc.com.vn/Data/Sites/1/media/codong/VIE EN_BCTC Hop nhat_Quy 3.2025.pdf,https://www.ptsc.com.vn/Data/Sites/1/media/codong/VIE%20EN_BCTC%20Hop%20nhat_Quy%203.2025.pdf,data\raw\official_finance_documents\01ie\pvs_2025_q3_financial_statement_4725c9bda835de61.pdf,4725c9bda835de617ef59cb8c933eae12f8d365aca8c0afaadfadfae530d33e1,14,0,0,0,0,0.0,0,0,0,1.0,REJECTED_PAGE,TEXT_TOO_SPARSE_FOR_NUMERIC_TABLE_DUMP,
PVS,2025-Q3,quarter,financial_statement,https://www.ptsc.com.vn/Data/Sites/1/media/codong/VIE EN_BCTC Hop nhat_Quy 3.2025.pdf,https://www.ptsc.com.vn/Data/Sites/1/media/codong/VIE%20EN_BCTC%20Hop%20nhat_Quy%203.2025.pdf,data\raw\official_finance_documents\01ie\pvs_2025_q3_financial_statement_4725c9bda835de61.pdf,4725c9bda835de617ef59cb8c933eae12f8d365aca8c0afaadfadfae530d33e1,15,0,0,0,0,0.0,0,0,0,1.0,REJECTED_PAGE,TEXT_TOO_SPARSE_FOR_NUMERIC_TABLE_DUMP,
PVS,2025-Q3,quarter,financial_statement,https://www.ptsc.com.vn/Data/Sites/1/media/codong/VIE EN_BCTC Hop nhat_Quy 3.2025.pdf,https://www.ptsc.com.vn/Data/Sites/1/media/codong/VIE%20EN_BCTC%20Hop%20nhat_Quy%203.2025.pdf,data\raw\official_finance_documents\01ie\pvs_2025_q3_financial_statement_4725c9bda835de61.pdf,4725c9bda835de617ef59cb8c933eae12f8d365aca8c0afaadfadfae530d33e1,16,0,0,0,0,0.0,0,0,0,1.0,REJECTED_PAGE,TEXT_TOO_SPARSE_FOR_NUMERIC_TABLE_DUMP,
PVS,2025-Q3,quarter,financial_statement,https://www.ptsc.com.vn/Data/Sites/1/media/codong/VIE EN_BCTC Hop nhat_Quy 3.2025.pdf,https://www.ptsc.com.vn/Data/Sites/1/media/codong/VIE%20EN_BCTC%20Hop%20nhat_Quy%203.2025.pdf,data\raw\official_finance_documents\01ie\pvs_2025_q3_financial_statement_4725c9bda835de61.pdf,4725c9bda835de617ef59cb8c933eae12f8d365aca8c0afaadfadfae530d33e1,17,0,0,0,0,0.0,0,0,0,1.0,REJECTED_PAGE,TEXT_TOO_SPARSE_FOR_NUMERIC_TABLE_DUMP,
PVS,2025-Q3,quarter,financial_statement,https://www.ptsc.com.vn/Data/Sites/1/media/codong/VIE EN_BCTC Hop nhat_Quy 3.2025.pdf,https://www.ptsc.com.vn/Data/Sites/1/media/codong/VIE%20EN_BCTC%20Hop%20nhat_Quy%203.2025.pdf,data\raw\official_finance_documents\01ie\pvs_2025_q3_financial_statement_4725c9bda835de61.pdf,4725c9bda835de617ef59cb8c933eae12f8d365aca8c0afaadfadfae530d33e1,18,0,0,0,0,0.0,0,0,0,1.0,REJECTED_PAGE,TEXT_TOO_SPARSE_FOR_NUMERIC_TABLE_DUMP,
PVS,2025-Q3,quarter,financial_statement,https://www.ptsc.com.vn/Data/Sites/1/media/codong/VIE EN_BCTC Hop nhat_Quy 3.2025.pdf,https://www.ptsc.com.vn/Data/Sites/1/media/codong/VIE%20EN_BCTC%20Hop%20nhat_Quy%203.2025.pdf,data\raw\official_finance_documents\01ie\pvs_2025_q3_financial_statement_4725c9bda835de61.pdf,4725c9bda835de617ef59cb8c933eae12f8d365aca8c0afaadfadfae530d33e1,19,0,0,0,0,0.0,0,0,0,1.0,REJECTED_PAGE,TEXT_TOO_SPARSE_FOR_NUMERIC_TABLE_DUMP,
PVS,2025-Q3,quarter,financial_statement,https://www.ptsc.com.vn/Data/Sites/1/media/codong/VIE EN_BCTC Hop nhat_Quy 3.2025.pdf,https://www.ptsc.com.vn/Data/Sites/1/media/codong/VIE%20EN_BCTC%20Hop%20nhat_Quy%203.2025.pdf,data\raw\official_finance_documents\01ie\pvs_2025_q3_financial_statement_4725c9bda835de61.pdf,4725c9bda835de617ef59cb8c933eae12f8d365aca8c0afaadfadfae530d33e1,20,0,0,0,0,0.0,0,0,0,1.0,REJECTED_PAGE,TEXT_TOO_SPARSE_FOR_NUMERIC_TABLE_DUMP,
PVS,2025-Q3,quarter,financial_statement,https://www.ptsc.com.vn/Data/Sites/1/media/codong/VIE EN_BCTC Hop nhat_Quy 3.2025.pdf,https://www.ptsc.com.vn/Data/Sites/1/media/codong/VIE%20EN_BCTC%20Hop%20nhat_Quy%203.2025.pdf,data\raw\official_finance_documents\01ie\pvs_2025_q3_financial_statement_4725c9bda835de61.pdf,4725c9bda835de617ef59cb8c933eae12f8d365aca8c0afaadfadfae530d33e1,21,0,0,0,0,0.0,0,0,0,1.0,REJECTED_PAGE,TEXT_TOO_SPARSE_FOR_NUMERIC_TABLE_DUMP,
PVS,2025-Q3,quarter,financial_statement,https://www.ptsc.com.vn/Data/Sites/1/media/codong/VIE EN_BCTC Hop nhat_Quy 3.2025.pdf,https://www.ptsc.com.vn/Data/Sites/1/media/codong/VIE%20EN_BCTC%20Hop%20nhat_Quy%203.2025.pdf,data\raw\official_finance_documents\01ie\pvs_2025_q3_financial_statement_4725c9bda835de61.pdf,4725c9bda835de617ef59cb8c933eae12f8d365aca8c0afaadfadfae530d33e1,22,0,0,0,0,0.0,0,0,0,1.0,REJECTED_PAGE,TEXT_TOO_SPARSE_FOR_NUMERIC_TABLE_DUMP,
PVS,2025-Q3,quarter,financial_statement,https://www.ptsc.com.vn/Data/Sites/1/media/codong/VIE EN_BCTC Hop nhat_Quy 3.2025.pdf,https://www.ptsc.com.vn/Data/Sites/1/media/codong/VIE%20EN_BCTC%20Hop%20nhat_Quy%203.2025.pdf,data\raw\official_finance_documents\01ie\pvs_2025_q3_financial_statement_4725c9bda835de61.pdf,4725c9bda835de617ef59cb8c933eae12f8d365aca8c0afaadfadfae530d33e1,23,0,0,0,0,0.0,0,0,0,1.0,REJECTED_PAGE,TEXT_TOO_SPARSE_FOR_NUMERIC_TABLE_DUMP,
PVS,2025-Q3,quarter,financial_statement,https://www.ptsc.com.vn/Data/Sites/1/media/codong/VIE EN_BCTC Hop nhat_Quy 3.2025.pdf,https://www.ptsc.com.vn/Data/Sites/1/media/codong/VIE%20EN_BCTC%20Hop%20nhat_Quy%203.2025.pdf,data\raw\official_finance_documents\01ie\pvs_2025_q3_financial_statement_4725c9bda835de61.pdf,4725c9bda835de617ef59cb8c933eae12f8d365aca8c0afaadfadfae530d33e1,24,0,0,0,0,0.0,0,0,0,1.0,REJECTED_PAGE,TEXT_TOO_SPARSE_FOR_NUMERIC_TABLE_DUMP,
PVS,2025-Q3,quarter,financial_statement,https://www.ptsc.com.vn/Data/Sites/1/media/codong/VIE EN_BCTC Hop nhat_Quy 3.2025.pdf,https://www.ptsc.com.vn/Data/Sites/1/media/codong/VIE%20EN_BCTC%20Hop%20nhat_Quy%203.2025.pdf,data\raw\official_finance_documents\01ie\pvs_2025_q3_financial_statement_4725c9bda835de61.pdf,4725c9bda835de617ef59cb8c933eae12f8d365aca8c0afaadfadfae530d33e1,25,0,0,0,0,0.0,0,0,0,1.0,REJECTED_PAGE,TEXT_TOO_SPARSE_FOR_NUMERIC_TABLE_DUMP,
PVS,2025-Q3,quarter,financial_statement,https://www.ptsc.com.vn/Data/Sites/1/media/codong/VIE EN_BCTC Hop nhat_Quy 3.2025.pdf,https://www.ptsc.com.vn/Data/Sites/1/media/codong/VIE%20EN_BCTC%20Hop%20nhat_Quy%203.2025.pdf,data\raw\official_finance_documents\01ie\pvs_2025_q3_financial_statement_4725c9bda835de61.pdf,4725c9bda835de617ef59cb8c933eae12f8d365aca8c0afaadfadfae530d33e1,26,0,0,0,0,0.0,0,0,0,1.0,REJECTED_PAGE,TEXT_TOO_SPARSE_FOR_NUMERIC_TABLE_DUMP,
PVS,2025-Q3,quarter,financial_statement,https://www.ptsc.com.vn/Data/Sites/1/media/codong/VIE EN_BCTC Hop nhat_Quy 3.2025.pdf,https://www.ptsc.com.vn/Data/Sites/1/media/codong/VIE%20EN_BCTC%20Hop%20nhat_Quy%203.2025.pdf,data\raw\official_finance_documents\01ie\pvs_2025_q3_financial_statement_4725c9bda835de61.pdf,4725c9bda835de617ef59cb8c933eae12f8d365aca8c0afaadfadfae530d33e1,27,0,0,0,0,0.0,0,0,0,1.0,REJECTED_PAGE,TEXT_TOO_SPARSE_FOR_NUMERIC_TABLE_DUMP,
PVS,2025-Q3,quarter,financial_statement,https://www.ptsc.com.vn/Data/Sites/1/media/codong/VIE EN_BCTC Hop nhat_Quy 3.2025.pdf,https://www.ptsc.com.vn/Data/Sites/1/media/codong/VIE%20EN_BCTC%20Hop%20nhat_Quy%203.2025.pdf,data\raw\official_finance_documents\01ie\pvs_2025_q3_financial_statement_4725c9bda835de61.pdf,4725c9bda835de617ef59cb8c933eae12f8d365aca8c0afaadfadfae530d33e1,28,0,0,0,0,0.0,0,0,0,1.0,REJECTED_PAGE,TEXT_TOO_SPARSE_FOR_NUMERIC_TABLE_DUMP,
PVS,2025-Q3,quarter,financial_statement,https://www.ptsc.com.vn/Data/Sites/1/media/codong/VIE EN_BCTC Hop nhat_Quy 3.2025.pdf,https://www.ptsc.com.vn/Data/Sites/1/media/codong/VIE%20EN_BCTC%20Hop%20nhat_Quy%203.2025.pdf,data\raw\official_finance_documents\01ie\pvs_2025_q3_financial_statement_4725c9bda835de61.pdf,4725c9bda835de617ef59cb8c933eae12f8d365aca8c0afaadfadfae530d33e1,29,0,0,0,0,0.0,0,0,0,1.0,REJECTED_PAGE,TEXT_TOO_SPARSE_FOR_NUMERIC_TABLE_DUMP,
PVS,2025-Q3,quarter,financial_statement,https://www.ptsc.com.vn/Data/Sites/1/media/codong/VIE EN_BCTC Hop nhat_Quy 3.2025.pdf,https://www.ptsc.com.vn/Data/Sites/1/media/codong/VIE%20EN_BCTC%20Hop%20nhat_Quy%203.2025.pdf,data\raw\official_finance_documents\01ie\pvs_2025_q3_financial_statement_4725c9bda835de61.pdf,4725c9bda835de617ef59cb8c933eae12f8d365aca8c0afaadfadfae530d33e1,30,0,0,0,0,0.0,0,0,0,1.0,REJECTED_PAGE,TEXT_TOO_SPARSE_FOR_NUMERIC_TABLE_DUMP,
PVS,2025-Q3,quarter,financial_statement,https://www.ptsc.com.vn/Data/Sites/1/media/codong/VIE EN_BCTC Hop nhat_Quy 3.2025.pdf,https://www.ptsc.com.vn/Data/Sites/1/media/codong/VIE%20EN_BCTC%20Hop%20nhat_Quy%203.2025.pdf,data\raw\official_finance_documents\01ie\pvs_2025_q3_financial_statement_4725c9bda835de61.pdf,4725c9bda835de617ef59cb8c933eae12f8d365aca8c0afaadfadfae530d33e1,31,0,0,0,0,0.0,0,0,0,1.0,REJECTED_PAGE,TEXT_TOO_SPARSE_FOR_NUMERIC_TABLE_DUMP,
PVS,2025-Q3,quarter,financial_statement,https://www.ptsc.com.vn/Data/Sites/1/media/codong/VIE EN_BCTC Hop nhat_Quy 3.2025.pdf,https://www.ptsc.com.vn/Data/Sites/1/media/codong/VIE%20EN_BCTC%20Hop%20nhat_Quy%203.2025.pdf,data\raw\official_finance_documents\01ie\pvs_2025_q3_financial_statement_4725c9bda835de61.pdf,4725c9bda835de617ef59cb8c933eae12f8d365aca8c0afaadfadfae530d33e1,32,0,0,0,0,0.0,0,0,0,1.0,REJECTED_PAGE,TEXT_TOO_SPARSE_FOR_NUMERIC_TABLE_DUMP,
PVS,2025-Q3,quarter,financial_statement,https://www.ptsc.com.vn/Data/Sites/1/media/codong/VIE EN_BCTC Hop nhat_Quy 3.2025.pdf,https://www.ptsc.com.vn/Data/Sites/1/media/codong/VIE%20EN_BCTC%20Hop%20nhat_Quy%203.2025.pdf,data\raw\official_finance_documents\01ie\pvs_2025_q3_financial_statement_4725c9bda835de61.pdf,4725c9bda835de617ef59cb8c933eae12f8d365aca8c0afaadfadfae530d33e1,33,0,0,0,0,0.0,0,0,0,1.0,REJECTED_PAGE,TEXT_TOO_SPARSE_FOR_NUMERIC_TABLE_DUMP,
PVS,2025-Q3,quarter,financial_statement,https://www.ptsc.com.vn/Data/Sites/1/media/codong/VIE EN_BCTC Hop nhat_Quy 3.2025.pdf,https://www.ptsc.com.vn/Data/Sites/1/media/codong/VIE%20EN_BCTC%20Hop%20nhat_Quy%203.2025.pdf,data\raw\official_finance_documents\01ie\pvs_2025_q3_financial_statement_4725c9bda835de61.pdf,4725c9bda835de617ef59cb8c933eae12f8d365aca8c0afaadfadfae530d33e1,34,0,0,0,0,0.0,0,0,0,1.0,REJECTED_PAGE,TEXT_TOO_SPARSE_FOR_NUMERIC_TABLE_DUMP,
PVS,2025-Q3,quarter,financial_statement,https://www.ptsc.com.vn/Data/Sites/1/media/codong/VIE EN_BCTC Hop nhat_Quy 3.2025.pdf,https://www.ptsc.com.vn/Data/Sites/1/media/codong/VIE%20EN_BCTC%20Hop%20nhat_Quy%203.2025.pdf,data\raw\official_finance_documents\01ie\pvs_2025_q3_financial_statement_4725c9bda835de61.pdf,4725c9bda835de617ef59cb8c933eae12f8d365aca8c0afaadfadfae530d33e1,35,0,0,0,0,0.0,0,0,0,1.0,REJECTED_PAGE,TEXT_TOO_SPARSE_FOR_NUMERIC_TABLE_DUMP,
PVS,2025-Q3,quarter,financial_statement,https://www.ptsc.com.vn/Data/Sites/1/media/codong/VIE EN_BCTC Hop nhat_Quy 3.2025.pdf,https://www.ptsc.com.vn/Data/Sites/1/media/codong/VIE%20EN_BCTC%20Hop%20nhat_Quy%203.2025.pdf,data\raw\official_finance_documents\01ie\pvs_2025_q3_financial_statement_4725c9bda835de61.pdf,4725c9bda835de617ef59cb8c933eae12f8d365aca8c0afaadfadfae530d33e1,36,0,0,0,0,0.0,0,0,0,1.0,REJECTED_PAGE,TEXT_TOO_SPARSE_FOR_NUMERIC_TABLE_DUMP,
PVS,2025-Q3,quarter,financial_statement,https://www.ptsc.com.vn/Data/Sites/1/media/codong/VIE EN_BCTC Hop nhat_Quy 3.2025.pdf,https://www.ptsc.com.vn/Data/Sites/1/media/codong/VIE%20EN_BCTC%20Hop%20nhat_Quy%203.2025.pdf,data\raw\official_finance_documents\01ie\pvs_2025_q3_financial_statement_4725c9bda835de61.pdf,4725c9bda835de617ef59cb8c933eae12f8d365aca8c0afaadfadfae530d33e1,37,0,0,0,0,0.0,0,0,0,1.0,REJECTED_PAGE,TEXT_TOO_SPARSE_FOR_NUMERIC_TABLE_DUMP,
PVS,2025-Q3,quarter,financial_statement,https://www.ptsc.com.vn/Data/Sites/1/media/codong/VIE EN_BCTC Hop nhat_Quy 3.2025.pdf,https://www.ptsc.com.vn/Data/Sites/1/media/codong/VIE%20EN_BCTC%20Hop%20nhat_Quy%203.2025.pdf,data\raw\official_finance_documents\01ie\pvs_2025_q3_financial_statement_4725c9bda835de61.pdf,4725c9bda835de617ef59cb8c933eae12f8d365aca8c0afaadfadfae530d33e1,38,0,0,0,0,0.0,0,0,0,1.0,REJECTED_PAGE,TEXT_TOO_SPARSE_FOR_NUMERIC_TABLE_DUMP,
PVS,2025-Q3,quarter,financial_statement,https://www.ptsc.com.vn/Data/Sites/1/media/codong/VIE EN_BCTC Hop nhat_Quy 3.2025.pdf,https://www.ptsc.com.vn/Data/Sites/1/media/codong/VIE%20EN_BCTC%20Hop%20nhat_Quy%203.2025.pdf,data\raw\official_finance_documents\01ie\pvs_2025_q3_financial_statement_4725c9bda835de61.pdf,4725c9bda835de617ef59cb8c933eae12f8d365aca8c0afaadfadfae530d33e1,39,0,0,0,0,0.0,0,0,0,1.0,REJECTED_PAGE,TEXT_TOO_SPARSE_FOR_NUMERIC_TABLE_DUMP,
PVS,2025-Q3,quarter,financial_statement,https://www.ptsc.com.vn/Data/Sites/1/media/codong/VIE EN_BCTC Hop nhat_Quy 3.2025.pdf,https://www.ptsc.com.vn/Data/Sites/1/media/codong/VIE%20EN_BCTC%20Hop%20nhat_Quy%203.2025.pdf,data\raw\official_finance_documents\01ie\pvs_2025_q3_financial_statement_4725c9bda835de61.pdf,4725c9bda835de617ef59cb8c933eae12f8d365aca8c0afaadfadfae530d33e1,40,0,0,0,0,0.0,0,0,0,1.0,REJECTED_PAGE,TEXT_TOO_SPARSE_FOR_NUMERIC_TABLE_DUMP,
PVS,2025-Q3,quarter,financial_statement,https://www.ptsc.com.vn/Data/Sites/1/media/codong/VIE EN_BCTC Hop nhat_Quy 3.2025.pdf,https://www.ptsc.com.vn/Data/Sites/1/media/codong/VIE%20EN_BCTC%20Hop%20nhat_Quy%203.2025.pdf,data\raw\official_finance_documents\01ie\pvs_2025_q3_financial_statement_4725c9bda835de61.pdf,4725c9bda835de617ef59cb8c933eae12f8d365aca8c0afaadfadfae530d33e1,41,0,0,0,0,0.0,0,0,0,1.0,REJECTED_PAGE,TEXT_TOO_SPARSE_FOR_NUMERIC_TABLE_DUMP,
PVS,2025-Q3,quarter,financial_statement,https://www.ptsc.com.vn/Data/Sites/1/media/codong/VIE EN_BCTC Hop nhat_Quy 3.2025.pdf,https://www.ptsc.com.vn/Data/Sites/1/media/codong/VIE%20EN_BCTC%20Hop%20nhat_Quy%203.2025.pdf,data\raw\official_finance_documents\01ie\pvs_2025_q3_financial_statement_4725c9bda835de61.pdf,4725c9bda835de617ef59cb8c933eae12f8d365aca8c0afaadfadfae530d33e1,42,0,0,0,0,0.0,0,0,0,1.0,REJECTED_PAGE,TEXT_TOO_SPARSE_FOR_NUMERIC_TABLE_DUMP,
PVS,2025-Q3,quarter,financial_statement,https://www.ptsc.com.vn/Data/Sites/1/media/codong/VIE EN_BCTC Hop nhat_Quy 3.2025.pdf,https://www.ptsc.com.vn/Data/Sites/1/media/codong/VIE%20EN_BCTC%20Hop%20nhat_Quy%203.2025.pdf,data\raw\official_finance_documents\01ie\pvs_2025_q3_financial_statement_4725c9bda835de61.pdf,4725c9bda835de617ef59cb8c933eae12f8d365aca8c0afaadfadfae530d33e1,43,0,0,0,0,0.0,0,0,0,1.0,REJECTED_PAGE,TEXT_TOO_SPARSE_FOR_NUMERIC_TABLE_DUMP,
PVS,2025-Q3,quarter,financial_statement,https://www.ptsc.com.vn/Data/Sites/1/media/codong/VIE EN_BCTC Hop nhat_Quy 3.2025.pdf,https://www.ptsc.com.vn/Data/Sites/1/media/codong/VIE%20EN_BCTC%20Hop%20nhat_Quy%203.2025.pdf,data\raw\official_finance_documents\01ie\pvs_2025_q3_financial_statement_4725c9bda835de61.pdf,4725c9bda835de617ef59cb8c933eae12f8d365aca8c0afaadfadfae530d33e1,44,0,0,0,0,0.0,0,0,0,1.0,REJECTED_PAGE,TEXT_TOO_SPARSE_FOR_NUMERIC_TABLE_DUMP,
PVS,2025-Q3,quarter,financial_statement,https://www.ptsc.com.vn/Data/Sites/1/media/codong/VIE EN_BCTC Hop nhat_Quy 3.2025.pdf,https://www.ptsc.com.vn/Data/Sites/1/media/codong/VIE%20EN_BCTC%20Hop%20nhat_Quy%203.2025.pdf,data\raw\official_finance_documents\01ie\pvs_2025_q3_financial_statement_4725c9bda835de61.pdf,4725c9bda835de617ef59cb8c933eae12f8d365aca8c0afaadfadfae530d33e1,45,0,0,0,0,0.0,0,0,0,1.0,REJECTED_PAGE,TEXT_TOO_SPARSE_FOR_NUMERIC_TABLE_DUMP,
PVS,2025-Q3,quarter,financial_statement,https://www.ptsc.com.vn/Data/Sites/1/media/codong/VIE EN_BCTC Hop nhat_Quy 3.2025.pdf,https://www.ptsc.com.vn/Data/Sites/1/media/codong/VIE%20EN_BCTC%20Hop%20nhat_Quy%203.2025.pdf,data\raw\official_finance_documents\01ie\pvs_2025_q3_financial_statement_4725c9bda835de61.pdf,4725c9bda835de617ef59cb8c933eae12f8d365aca8c0afaadfadfae530d33e1,46,0,0,0,0,0.0,0,0,0,1.0,REJECTED_PAGE,TEXT_TOO_SPARSE_FOR_NUMERIC_TABLE_DUMP,
PVS,2025-Q3,quarter,financial_statement,https://www.ptsc.com.vn/Data/Sites/1/media/codong/VIE EN_BCTC Hop nhat_Quy 3.2025.pdf,https://www.ptsc.com.vn/Data/Sites/1/media/codong/VIE%20EN_BCTC%20Hop%20nhat_Quy%203.2025.pdf,data\raw\official_finance_documents\01ie\pvs_2025_q3_financial_statement_4725c9bda835de61.pdf,4725c9bda835de617ef59cb8c933eae12f8d365aca8c0afaadfadfae530d33e1,47,0,0,0,0,0.0,0,0,0,1.0,REJECTED_PAGE,TEXT_TOO_SPARSE_FOR_NUMERIC_TABLE_DUMP,
PVS,2025-Q3,quarter,financial_statement,https://www.ptsc.com.vn/Data/Sites/1/media/codong/VIE EN_BCTC Hop nhat_Quy 3.2025.pdf,https://www.ptsc.com.vn/Data/Sites/1/media/codong/VIE%20EN_BCTC%20Hop%20nhat_Quy%203.2025.pdf,data\raw\official_finance_documents\01ie\pvs_2025_q3_financial_statement_4725c9bda835de61.pdf,4725c9bda835de617ef59cb8c933eae12f8d365aca8c0afaadfadfae530d33e1,48,0,0,0,0,0.0,0,0,0,1.0,REJECTED_PAGE,TEXT_TOO_SPARSE_FOR_NUMERIC_TABLE_DUMP,
PVS,2025-Q3,quarter,financial_statement,https://www.ptsc.com.vn/Data/Sites/1/media/codong/VIE EN_BCTC Hop nhat_Quy 3.2025.pdf,https://www.ptsc.com.vn/Data/Sites/1/media/codong/VIE%20EN_BCTC%20Hop%20nhat_Quy%203.2025.pdf,data\raw\official_finance_documents\01ie\pvs_2025_q3_financial_statement_4725c9bda835de61.pdf,4725c9bda835de617ef59cb8c933eae12f8d365aca8c0afaadfadfae530d33e1,49,0,0,0,0,0.0,0,0,0,1.0,REJECTED_PAGE,TEXT_TOO_SPARSE_FOR_NUMERIC_TABLE_DUMP,
PVS,2025-Q3,quarter,financial_statement,https://www.ptsc.com.vn/Data/Sites/1/media/codong/VIE EN_BCTC Hop nhat_Quy 3.2025.pdf,https://www.ptsc.com.vn/Data/Sites/1/media/codong/VIE%20EN_BCTC%20Hop%20nhat_Quy%203.2025.pdf,data\raw\official_finance_documents\01ie\pvs_2025_q3_financial_statement_4725c9bda835de61.pdf,4725c9bda835de617ef59cb8c933eae12f8d365aca8c0afaadfadfae530d33e1,50,0,0,0,0,0.0,0,0,0,1.0,REJECTED_PAGE,TEXT_TOO_SPARSE_FOR_NUMERIC_TABLE_DUMP,
PVS,2025-Q3,quarter,financial_statement,https://www.ptsc.com.vn/Data/Sites/1/media/codong/VIE EN_BCTC Hop nhat_Quy 3.2025.pdf,https://www.ptsc.com.vn/Data/Sites/1/media/codong/VIE%20EN_BCTC%20Hop%20nhat_Quy%203.2025.pdf,data\raw\official_finance_documents\01ie\pvs_2025_q3_financial_statement_4725c9bda835de61.pdf,4725c9bda835de617ef59cb8c933eae12f8d365aca8c0afaadfadfae530d33e1,51,0,0,0,0,0.0,0,0,0,1.0,REJECTED_PAGE,TEXT_TOO_SPARSE_FOR_NUMERIC_TABLE_DUMP,
PVS,2025-Q3,quarter,financial_statement,https://www.ptsc.com.vn/Data/Sites/1/media/codong/VIE EN_BCTC Hop nhat_Quy 3.2025.pdf,https://www.ptsc.com.vn/Data/Sites/1/media/codong/VIE%20EN_BCTC%20Hop%20nhat_Quy%203.2025.pdf,data\raw\official_finance_documents\01ie\pvs_2025_q3_financial_statement_4725c9bda835de61.pdf,4725c9bda835de617ef59cb8c933eae12f8d365aca8c0afaadfadfae530d33e1,52,0,0,0,0,0.0,0,0,0,1.0,REJECTED_PAGE,TEXT_TOO_SPARSE_FOR_NUMERIC_TABLE_DUMP,
PVS,2025-Q3,quarter,financial_statement,https://www.ptsc.com.vn/Data/Sites/1/media/codong/VIE EN_BCTC Hop nhat_Quy 3.2025.pdf,https://www.ptsc.com.vn/Data/Sites/1/media/codong/VIE%20EN_BCTC%20Hop%20nhat_Quy%203.2025.pdf,data\raw\official_finance_documents\01ie\pvs_2025_q3_financial_statement_4725c9bda835de61.pdf,4725c9bda835de617ef59cb8c933eae12f8d365aca8c0afaadfadfae530d33e1,53,0,0,0,0,0.0,0,0,0,1.0,REJECTED_PAGE,TEXT_TOO_SPARSE_FOR_NUMERIC_TABLE_DUMP,
PVS,2025-Q3,quarter,financial_statement,https://www.ptsc.com.vn/Data/Sites/1/media/codong/VIE EN_BCTC Hop nhat_Quy 3.2025.pdf,https://www.ptsc.com.vn/Data/Sites/1/media/codong/VIE%20EN_BCTC%20Hop%20nhat_Quy%203.2025.pdf,data\raw\official_finance_documents\01ie\pvs_2025_q3_financial_statement_4725c9bda835de61.pdf,4725c9bda835de617ef59cb8c933eae12f8d365aca8c0afaadfadfae530d33e1,54,0,0,0,0,0.0,0,0,0,1.0,REJECTED_PAGE,TEXT_TOO_SPARSE_FOR_NUMERIC_TABLE_DUMP,
PVS,2025-Q3,quarter,financial_statement,https://www.ptsc.com.vn/Data/Sites/1/media/codong/VIE EN_BCTC Hop nhat_Quy 3.2025.pdf,https://www.ptsc.com.vn/Data/Sites/1/media/codong/VIE%20EN_BCTC%20Hop%20nhat_Quy%203.2025.pdf,data\raw\official_finance_documents\01ie\pvs_2025_q3_financial_statement_4725c9bda835de61.pdf,4725c9bda835de617ef59cb8c933eae12f8d365aca8c0afaadfadfae530d33e1,55,0,0,0,0,0.0,0,0,0,1.0,REJECTED_PAGE,TEXT_TOO_SPARSE_FOR_NUMERIC_TABLE_DUMP,
PVS,2025-Q3,quarter,financial_statement,https://www.ptsc.com.vn/Data/Sites/1/media/codong/VIE EN_BCTC Hop nhat_Quy 3.2025.pdf,https://www.ptsc.com.vn/Data/Sites/1/media/codong/VIE%20EN_BCTC%20Hop%20nhat_Quy%203.2025.pdf,data\raw\official_finance_documents\01ie\pvs_2025_q3_financial_statement_4725c9bda835de61.pdf,4725c9bda835de617ef59cb8c933eae12f8d365aca8c0afaadfadfae530d33e1,56,0,0,0,0,0.0,0,0,0,1.0,REJECTED_PAGE,TEXT_TOO_SPARSE_FOR_NUMERIC_TABLE_DUMP,
PVS,2025-Q3,quarter,financial_statement,https://www.ptsc.com.vn/Data/Sites/1/media/codong/VIE EN_BCTC Hop nhat_Quy 3.2025.pdf,https://www.ptsc.com.vn/Data/Sites/1/media/codong/VIE%20EN_BCTC%20Hop%20nhat_Quy%203.2025.pdf,data\raw\official_finance_documents\01ie\pvs_2025_q3_financial_statement_4725c9bda835de61.pdf,4725c9bda835de617ef59cb8c933eae12f8d365aca8c0afaadfadfae530d33e1,57,0,0,0,0,0.0,0,0,0,1.0,REJECTED_PAGE,TEXT_TOO_SPARSE_FOR_NUMERIC_TABLE_DUMP,
PVS,2025-Q3,quarter,financial_statement,https://www.ptsc.com.vn/Data/Sites/1/media/codong/VIE EN_BCTC Hop nhat_Quy 3.2025.pdf,https://www.ptsc.com.vn/Data/Sites/1/media/codong/VIE%20EN_BCTC%20Hop%20nhat_Quy%203.2025.pdf,data\raw\official_finance_documents\01ie\pvs_2025_q3_financial_statement_4725c9bda835de61.pdf,4725c9bda835de617ef59cb8c933eae12f8d365aca8c0afaadfadfae530d33e1,58,0,0,0,0,0.0,0,0,0,1.0,REJECTED_PAGE,TEXT_TOO_SPARSE_FOR_NUMERIC_TABLE_DUMP,
PVS,2025-Q3,quarter,financial_statement,https://www.ptsc.com.vn/Data/Sites/1/media/codong/VIE EN_BCTC Hop nhat_Quy 3.2025.pdf,https://www.ptsc.com.vn/Data/Sites/1/media/codong/VIE%20EN_BCTC%20Hop%20nhat_Quy%203.2025.pdf,data\raw\official_finance_documents\01ie\pvs_2025_q3_financial_statement_4725c9bda835de61.pdf,4725c9bda835de617ef59cb8c933eae12f8d365aca8c0afaadfadfae530d33e1,59,0,0,0,0,0.0,0,0,0,1.0,REJECTED_PAGE,TEXT_TOO_SPARSE_FOR_NUMERIC_TABLE_DUMP,
PVS,2025-Q3,quarter,financial_statement,https://www.ptsc.com.vn/Data/Sites/1/media/codong/VIE EN_BCTC Hop nhat_Quy 3.2025.pdf,https://www.ptsc.com.vn/Data/Sites/1/media/codong/VIE%20EN_BCTC%20Hop%20nhat_Quy%203.2025.pdf,data\raw\official_finance_documents\01ie\pvs_2025_q3_financial_statement_4725c9bda835de61.pdf,4725c9bda835de617ef59cb8c933eae12f8d365aca8c0afaadfadfae530d33e1,60,0,0,0,0,0.0,0,0,0,1.0,REJECTED_PAGE,TEXT_TOO_SPARSE_FOR_NUMERIC_TABLE_DUMP,
PVS,2025-Q3,quarter,financial_statement,https://www.ptsc.com.vn/Data/Sites/1/media/codong/VIE EN_BCTC Hop nhat_Quy 3.2025.pdf,https://www.ptsc.com.vn/Data/Sites/1/media/codong/VIE%20EN_BCTC%20Hop%20nhat_Quy%203.2025.pdf,data\raw\official_finance_documents\01ie\pvs_2025_q3_financial_statement_4725c9bda835de61.pdf,4725c9bda835de617ef59cb8c933eae12f8d365aca8c0afaadfadfae530d33e1,61,0,0,0,0,0.0,0,0,0,1.0,REJECTED_PAGE,TEXT_TOO_SPARSE_FOR_NUMERIC_TABLE_DUMP,
PVS,2025-Q3,quarter,financial_statement,https://www.ptsc.com.vn/Data/Sites/1/media/codong/VIE EN_BCTC Hop nhat_Quy 3.2025.pdf,https://www.ptsc.com.vn/Data/Sites/1/media/codong/VIE%20EN_BCTC%20Hop%20nhat_Quy%203.2025.pdf,data\raw\official_finance_documents\01ie\pvs_2025_q3_financial_statement_4725c9bda835de61.pdf,4725c9bda835de617ef59cb8c933eae12f8d365aca8c0afaadfadfae530d33e1,62,0,0,0,0,0.0,0,0,0,1.0,REJECTED_PAGE,TEXT_TOO_SPARSE_FOR_NUMERIC_TABLE_DUMP,
PVS,2025-Q3,quarter,financial_statement,https://www.ptsc.com.vn/Data/Sites/1/media/codong/VIE EN_BCTC Hop nhat_Quy 3.2025.pdf,https://www.ptsc.com.vn/Data/Sites/1/media/codong/VIE%20EN_BCTC%20Hop%20nhat_Quy%203.2025.pdf,data\raw\official_finance_documents\01ie\pvs_2025_q3_financial_statement_4725c9bda835de61.pdf,4725c9bda835de617ef59cb8c933eae12f8d365aca8c0afaadfadfae530d33e1,63,0,0,0,0,0.0,0,0,0,1.0,REJECTED_PAGE,TEXT_TOO_SPARSE_FOR_NUMERIC_TABLE_DUMP,
PVS,2025-Q3,quarter,financial_statement,https://www.ptsc.com.vn/Data/Sites/1/media/codong/VIE EN_BCTC Hop nhat_Quy 3.2025.pdf,https://www.ptsc.com.vn/Data/Sites/1/media/codong/VIE%20EN_BCTC%20Hop%20nhat_Quy%203.2025.pdf,data\raw\official_finance_documents\01ie\pvs_2025_q3_financial_statement_4725c9bda835de61.pdf,4725c9bda835de617ef59cb8c933eae12f8d365aca8c0afaadfadfae530d33e1,64,0,0,0,0,0.0,0,0,0,1.0,REJECTED_PAGE,TEXT_TOO_SPARSE_FOR_NUMERIC_TABLE_DUMP,
PVS,2025-Q3,quarter,financial_statement,https://www.ptsc.com.vn/Data/Sites/1/media/codong/VIE EN_BCTC Hop nhat_Quy 3.2025.pdf,https://www.ptsc.com.vn/Data/Sites/1/media/codong/VIE%20EN_BCTC%20Hop%20nhat_Quy%203.2025.pdf,data\raw\official_finance_documents\01ie\pvs_2025_q3_financial_statement_4725c9bda835de61.pdf,4725c9bda835de617ef59cb8c933eae12f8d365aca8c0afaadfadfae530d33e1,65,0,0,0,0,0.0,0,0,0,1.0,REJECTED_PAGE,TEXT_TOO_SPARSE_FOR_NUMERIC_TABLE_DUMP,
PVS,2025-Q3,quarter,financial_statement,https://www.ptsc.com.vn/Data/Sites/1/media/codong/VIE EN_BCTC Hop nhat_Quy 3.2025.pdf,https://www.ptsc.com.vn/Data/Sites/1/media/codong/VIE%20EN_BCTC%20Hop%20nhat_Quy%203.2025.pdf,data\raw\official_finance_documents\01ie\pvs_2025_q3_financial_statement_4725c9bda835de61.pdf,4725c9bda835de617ef59cb8c933eae12f8d365aca8c0afaadfadfae530d33e1,66,0,0,0,0,0.0,0,0,0,1.0,REJECTED_PAGE,TEXT_TOO_SPARSE_FOR_NUMERIC_TABLE_DUMP,
PVS,2025-Q3,quarter,financial_statement,https://www.ptsc.com.vn/Data/Sites/1/media/codong/VIE EN_BCTC Hop nhat_Quy 3.2025.pdf,https://www.ptsc.com.vn/Data/Sites/1/media/codong/VIE%20EN_BCTC%20Hop%20nhat_Quy%203.2025.pdf,data\raw\official_finance_documents\01ie\pvs_2025_q3_financial_statement_4725c9bda835de61.pdf,4725c9bda835de617ef59cb8c933eae12f8d365aca8c0afaadfadfae530d33e1,67,0,0,0,0,0.0,0,0,0,1.0,REJECTED_PAGE,TEXT_TOO_SPARSE_FOR_NUMERIC_TABLE_DUMP,
PVS,2025-Q3,quarter,financial_statement,https://www.ptsc.com.vn/Data/Sites/1/media/codong/VIE EN_BCTC Hop nhat_Quy 3.2025.pdf,https://www.ptsc.com.vn/Data/Sites/1/media/codong/VIE%20EN_BCTC%20Hop%20nhat_Quy%203.2025.pdf,data\raw\official_finance_documents\01ie\pvs_2025_q3_financial_statement_4725c9bda835de61.pdf,4725c9bda835de617ef59cb8c933eae12f8d365aca8c0afaadfadfae530d33e1,68,0,0,0,0,0.0,0,0,0,1.0,REJECTED_PAGE,TEXT_TOO_SPARSE_FOR_NUMERIC_TABLE_DUMP,
PVS,2025-Q3,quarter,financial_statement,https://www.ptsc.com.vn/Data/Sites/1/media/codong/VIE EN_BCTC Hop nhat_Quy 3.2025.pdf,https://www.ptsc.com.vn/Data/Sites/1/media/codong/VIE%20EN_BCTC%20Hop%20nhat_Quy%203.2025.pdf,data\raw\official_finance_documents\01ie\pvs_2025_q3_financial_statement_4725c9bda835de61.pdf,4725c9bda835de617ef59cb8c933eae12f8d365aca8c0afaadfadfae530d33e1,69,0,0,0,0,0.0,0,0,0,1.0,REJECTED_PAGE,TEXT_TOO_SPARSE_FOR_NUMERIC_TABLE_DUMP,
PVS,2025-Q3,quarter,financial_statement,https://www.ptsc.com.vn/Data/Sites/1/media/codong/VIE EN_BCTC Hop nhat_Quy 3.2025.pdf,https://www.ptsc.com.vn/Data/Sites/1/media/codong/VIE%20EN_BCTC%20Hop%20nhat_Quy%203.2025.pdf,data\raw\official_finance_documents\01ie\pvs_2025_q3_financial_statement_4725c9bda835de61.pdf,4725c9bda835de617ef59cb8c933eae12f8d365aca8c0afaadfadfae530d33e1,70,0,0,0,0,0.0,0,0,0,1.0,REJECTED_PAGE,TEXT_TOO_SPARSE_FOR_NUMERIC_TABLE_DUMP,
PVS,2025-Q3,quarter,financial_statement,https://www.ptsc.com.vn/Data/Sites/1/media/codong/VIE EN_BCTC Hop nhat_Quy 3.2025.pdf,https://www.ptsc.com.vn/Data/Sites/1/media/codong/VIE%20EN_BCTC%20Hop%20nhat_Quy%203.2025.pdf,data\raw\official_finance_documents\01ie\pvs_2025_q3_financial_statement_4725c9bda835de61.pdf,4725c9bda835de617ef59cb8c933eae12f8d365aca8c0afaadfadfae530d33e1,71,0,0,0,0,0.0,0,0,0,1.0,REJECTED_PAGE,TEXT_TOO_SPARSE_FOR_NUMERIC_TABLE_DUMP,
PVS,2025-Q3,quarter,financial_statement,https://www.ptsc.com.vn/Data/Sites/1/media/codong/VIE EN_BCTC Hop nhat_Quy 3.2025.pdf,https://www.ptsc.com.vn/Data/Sites/1/media/codong/VIE%20EN_BCTC%20Hop%20nhat_Quy%203.2025.pdf,data\raw\official_finance_documents\01ie\pvs_2025_q3_financial_statement_4725c9bda835de61.pdf,4725c9bda835de617ef59cb8c933eae12f8d365aca8c0afaadfadfae530d33e1,72,0,0,0,0,0.0,0,0,0,1.0,REJECTED_PAGE,TEXT_TOO_SPARSE_FOR_NUMERIC_TABLE_DUMP,
PVS,2025-Q3,quarter,financial_statement,https://www.ptsc.com.vn/Data/Sites/1/media/codong/VIE EN_BCTC Hop nhat_Quy 3.2025.pdf,https://www.ptsc.com.vn/Data/Sites/1/media/codong/VIE%20EN_BCTC%20Hop%20nhat_Quy%203.2025.pdf,data\raw\official_finance_documents\01ie\pvs_2025_q3_financial_statement_4725c9bda835de61.pdf,4725c9bda835de617ef59cb8c933eae12f8d365aca8c0afaadfadfae530d33e1,73,0,0,0,0,0.0,0,0,0,1.0,REJECTED_PAGE,TEXT_TOO_SPARSE_FOR_NUMERIC_TABLE_DUMP,
PVS,2025-Q3,quarter,financial_statement,https://www.ptsc.com.vn/Data/Sites/1/media/codong/VIE EN_BCTC Hop nhat_Quy 3.2025.pdf,https://www.ptsc.com.vn/Data/Sites/1/media/codong/VIE%20EN_BCTC%20Hop%20nhat_Quy%203.2025.pdf,data\raw\official_finance_documents\01ie\pvs_2025_q3_financial_statement_4725c9bda835de61.pdf,4725c9bda835de617ef59cb8c933eae12f8d365aca8c0afaadfadfae530d33e1,74,0,0,0,0,0.0,0,0,0,1.0,REJECTED_PAGE,TEXT_TOO_SPARSE_FOR_NUMERIC_TABLE_DUMP,
PVS,2025-Q3,quarter,financial_statement,https://www.ptsc.com.vn/Data/Sites/1/media/codong/VIE EN_BCTC Hop nhat_Quy 3.2025.pdf,https://www.ptsc.com.vn/Data/Sites/1/media/codong/VIE%20EN_BCTC%20Hop%20nhat_Quy%203.2025.pdf,data\raw\official_finance_documents\01ie\pvs_2025_q3_financial_statement_4725c9bda835de61.pdf,4725c9bda835de617ef59cb8c933eae12f8d365aca8c0afaadfadfae530d33e1,75,0,0,0,0,0.0,0,0,0,1.0,REJECTED_PAGE,TEXT_TOO_SPARSE_FOR_NUMERIC_TABLE_DUMP,
PVS,2025-Q3,quarter,financial_statement,https://www.ptsc.com.vn/Data/Sites/1/media/codong/VIE EN_BCTC Hop nhat_Quy 3.2025.pdf,https://www.ptsc.com.vn/Data/Sites/1/media/codong/VIE%20EN_BCTC%20Hop%20nhat_Quy%203.2025.pdf,data\raw\official_finance_documents\01ie\pvs_2025_q3_financial_statement_4725c9bda835de61.pdf,4725c9bda835de617ef59cb8c933eae12f8d365aca8c0afaadfadfae530d33e1,76,0,0,0,0,0.0,0,0,0,1.0,REJECTED_PAGE,TEXT_TOO_SPARSE_FOR_NUMERIC_TABLE_DUMP,
PVS,2025-Q3,quarter,financial_statement,https://www.ptsc.com.vn/Data/Sites/1/media/codong/VIE EN_BCTC Hop nhat_Quy 3.2025.pdf,https://www.ptsc.com.vn/Data/Sites/1/media/codong/VIE%20EN_BCTC%20Hop%20nhat_Quy%203.2025.pdf,data\raw\official_finance_documents\01ie\pvs_2025_q3_financial_statement_4725c9bda835de61.pdf,4725c9bda835de617ef59cb8c933eae12f8d365aca8c0afaadfadfae530d33e1,77,0,0,0,0,0.0,0,0,0,1.0,REJECTED_PAGE,TEXT_TOO_SPARSE_FOR_NUMERIC_TABLE_DUMP,
PVS,2025-Q3,quarter,financial_statement,https://www.ptsc.com.vn/Data/Sites/1/media/codong/VIE EN_BCTC Hop nhat_Quy 3.2025.pdf,https://www.ptsc.com.vn/Data/Sites/1/media/codong/VIE%20EN_BCTC%20Hop%20nhat_Quy%203.2025.pdf,data\raw\official_finance_documents\01ie\pvs_2025_q3_financial_statement_4725c9bda835de61.pdf,4725c9bda835de617ef59cb8c933eae12f8d365aca8c0afaadfadfae530d33e1,78,0,0,0,0,0.0,0,0,0,1.0,REJECTED_PAGE,TEXT_TOO_SPARSE_FOR_NUMERIC_TABLE_DUMP,
PVS,2025-Q3,quarter,financial_statement,https://www.ptsc.com.vn/Data/Sites/1/media/codong/VIE EN_BCTC Hop nhat_Quy 3.2025.pdf,https://www.ptsc.com.vn/Data/Sites/1/media/codong/VIE%20EN_BCTC%20Hop%20nhat_Quy%203.2025.pdf,data\raw\official_finance_documents\01ie\pvs_2025_q3_financial_statement_4725c9bda835de61.pdf,4725c9bda835de617ef59cb8c933eae12f8d365aca8c0afaadfadfae530d33e1,79,0,0,0,0,0.0,0,0,0,1.0,REJECTED_PAGE,TEXT_TOO_SPARSE_FOR_NUMERIC_TABLE_DUMP,
PVS,2025-Q3,quarter,financial_statement,https://www.ptsc.com.vn/Data/Sites/1/media/codong/VIE EN_BCTC Hop nhat_Quy 3.2025.pdf,https://www.ptsc.com.vn/Data/Sites/1/media/codong/VIE%20EN_BCTC%20Hop%20nhat_Quy%203.2025.pdf,data\raw\official_finance_documents\01ie\pvs_2025_q3_financial_statement_4725c9bda835de61.pdf,4725c9bda835de617ef59cb8c933eae12f8d365aca8c0afaadfadfae530d33e1,80,0,0,0,0,0.0,0,0,0,1.0,REJECTED_PAGE,TEXT_TOO_SPARSE_FOR_NUMERIC_TABLE_DUMP,
PVS,2025-Q3,quarter,financial_statement,https://www.ptsc.com.vn/Data/Sites/1/media/codong/VIE EN_BCTC Hop nhat_Quy 3.2025.pdf,https://www.ptsc.com.vn/Data/Sites/1/media/codong/VIE%20EN_BCTC%20Hop%20nhat_Quy%203.2025.pdf,data\raw\official_finance_documents\01ie\pvs_2025_q3_financial_statement_4725c9bda835de61.pdf,4725c9bda835de617ef59cb8c933eae12f8d365aca8c0afaadfadfae530d33e1,81,0,0,0,0,0.0,0,0,0,1.0,REJECTED_PAGE,TEXT_TOO_SPARSE_FOR_NUMERIC_TABLE_DUMP,
PVS,2025-Q3,quarter,financial_statement,https://www.ptsc.com.vn/Data/Sites/1/media/codong/VIE EN_BCTC Hop nhat_Quy 3.2025.pdf,https://www.ptsc.com.vn/Data/Sites/1/media/codong/VIE%20EN_BCTC%20Hop%20nhat_Quy%203.2025.pdf,data\raw\official_finance_documents\01ie\pvs_2025_q3_financial_statement_4725c9bda835de61.pdf,4725c9bda835de617ef59cb8c933eae12f8d365aca8c0afaadfadfae530d33e1,82,0,0,0,0,0.0,0,0,0,1.0,REJECTED_PAGE,TEXT_TOO_SPARSE_FOR_NUMERIC_TABLE_DUMP,
PVS,2025-Q3,quarter,financial_statement,https://www.ptsc.com.vn/Data/Sites/1/media/codong/VIE EN_BCTC Hop nhat_Quy 3.2025.pdf,https://www.ptsc.com.vn/Data/Sites/1/media/codong/VIE%20EN_BCTC%20Hop%20nhat_Quy%203.2025.pdf,data\raw\official_finance_documents\01ie\pvs_2025_q3_financial_statement_4725c9bda835de61.pdf,4725c9bda835de617ef59cb8c933eae12f8d365aca8c0afaadfadfae530d33e1,83,0,0,0,0,0.0,0,0,0,1.0,REJECTED_PAGE,TEXT_TOO_SPARSE_FOR_NUMERIC_TABLE_DUMP,
PVS,2025-Q3,quarter,financial_statement,https://www.ptsc.com.vn/Data/Sites/1/media/codong/VIE EN_BCTC Hop nhat_Quy 3.2025.pdf,https://www.ptsc.com.vn/Data/Sites/1/media/codong/VIE%20EN_BCTC%20Hop%20nhat_Quy%203.2025.pdf,data\raw\official_finance_documents\01ie\pvs_2025_q3_financial_statement_4725c9bda835de61.pdf,4725c9bda835de617ef59cb8c933eae12f8d365aca8c0afaadfadfae530d33e1,84,0,0,0,0,0.0,0,0,0,1.0,REJECTED_PAGE,TEXT_TOO_SPARSE_FOR_NUMERIC_TABLE_DUMP,
PVS,2025-Q3,quarter,financial_statement,https://www.ptsc.com.vn/Data/Sites/1/media/codong/VIE EN_BCTC Hop nhat_Quy 3.2025.pdf,https://www.ptsc.com.vn/Data/Sites/1/media/codong/VIE%20EN_BCTC%20Hop%20nhat_Quy%203.2025.pdf,data\raw\official_finance_documents\01ie\pvs_2025_q3_financial_statement_4725c9bda835de61.pdf,4725c9bda835de617ef59cb8c933eae12f8d365aca8c0afaadfadfae530d33e1,85,0,0,0,0,0.0,0,0,0,1.0,REJECTED_PAGE,TEXT_TOO_SPARSE_FOR_NUMERIC_TABLE_DUMP,
PVS,2025-Q3,quarter,financial_statement,https://www.ptsc.com.vn/Data/Sites/1/media/codong/VIE EN_BCTC Hop nhat_Quy 3.2025.pdf,https://www.ptsc.com.vn/Data/Sites/1/media/codong/VIE%20EN_BCTC%20Hop%20nhat_Quy%203.2025.pdf,data\raw\official_finance_documents\01ie\pvs_2025_q3_financial_statement_4725c9bda835de61.pdf,4725c9bda835de617ef59cb8c933eae12f8d365aca8c0afaadfadfae530d33e1,86,0,0,0,0,0.0,0,0,0,1.0,REJECTED_PAGE,TEXT_TOO_SPARSE_FOR_NUMERIC_TABLE_DUMP,
PVS,2025-Q3,quarter,financial_statement,https://www.ptsc.com.vn/Data/Sites/1/media/codong/VIE EN_BCTC Hop nhat_Quy 3.2025.pdf,https://www.ptsc.com.vn/Data/Sites/1/media/codong/VIE%20EN_BCTC%20Hop%20nhat_Quy%203.2025.pdf,data\raw\official_finance_documents\01ie\pvs_2025_q3_financial_statement_4725c9bda835de61.pdf,4725c9bda835de617ef59cb8c933eae12f8d365aca8c0afaadfadfae530d33e1,87,0,0,0,0,0.0,0,0,0,1.0,REJECTED_PAGE,TEXT_TOO_SPARSE_FOR_NUMERIC_TABLE_DUMP,
PVS,2025-Q3,quarter,financial_statement,https://www.ptsc.com.vn/Data/Sites/1/media/codong/VIE EN_BCTC Hop nhat_Quy 3.2025.pdf,https://www.ptsc.com.vn/Data/Sites/1/media/codong/VIE%20EN_BCTC%20Hop%20nhat_Quy%203.2025.pdf,data\raw\official_finance_documents\01ie\pvs_2025_q3_financial_statement_4725c9bda835de61.pdf,4725c9bda835de617ef59cb8c933eae12f8d365aca8c0afaadfadfae530d33e1,88,0,0,0,0,0.0,0,0,0,1.0,REJECTED_PAGE,TEXT_TOO_SPARSE_FOR_NUMERIC_TABLE_DUMP,
PVS,2025-Q3,quarter,financial_statement,https://www.ptsc.com.vn/Data/Sites/1/media/codong/VIE EN_BCTC Hop nhat_Quy 3.2025.pdf,https://www.ptsc.com.vn/Data/Sites/1/media/codong/VIE%20EN_BCTC%20Hop%20nhat_Quy%203.2025.pdf,data\raw\official_finance_documents\01ie\pvs_2025_q3_financial_statement_4725c9bda835de61.pdf,4725c9bda835de617ef59cb8c933eae12f8d365aca8c0afaadfadfae530d33e1,89,0,0,0,0,0.0,0,0,0,1.0,REJECTED_PAGE,TEXT_TOO_SPARSE_FOR_NUMERIC_TABLE_DUMP,
PVS,2025-Q3,quarter,financial_statement,https://www.ptsc.com.vn/Data/Sites/1/media/codong/VIE EN_BCTC Hop nhat_Quy 3.2025.pdf,https://www.ptsc.com.vn/Data/Sites/1/media/codong/VIE%20EN_BCTC%20Hop%20nhat_Quy%203.2025.pdf,data\raw\official_finance_documents\01ie\pvs_2025_q3_financial_statement_4725c9bda835de61.pdf,4725c9bda835de617ef59cb8c933eae12f8d365aca8c0afaadfadfae530d33e1,90,0,0,0,0,0.0,0,0,0,1.0,REJECTED_PAGE,TEXT_TOO_SPARSE_FOR_NUMERIC_TABLE_DUMP,
PVS,2025-Q3,quarter,financial_statement,https://www.ptsc.com.vn/Data/Sites/1/media/codong/VIE EN_BCTC Hop nhat_Quy 3.2025.pdf,https://www.ptsc.com.vn/Data/Sites/1/media/codong/VIE%20EN_BCTC%20Hop%20nhat_Quy%203.2025.pdf,data\raw\official_finance_documents\01ie\pvs_2025_q3_financial_statement_4725c9bda835de61.pdf,4725c9bda835de617ef59cb8c933eae12f8d365aca8c0afaadfadfae530d33e1,91,0,0,0,0,0.0,0,0,0,1.0,REJECTED_PAGE,TEXT_TOO_SPARSE_FOR_NUMERIC_TABLE_DUMP,
PVS,2025-Q3,quarter,financial_statement,https://www.ptsc.com.vn/Data/Sites/1/media/codong/VIE EN_BCTC Hop nhat_Quy 3.2025.pdf,https://www.ptsc.com.vn/Data/Sites/1/media/codong/VIE%20EN_BCTC%20Hop%20nhat_Quy%203.2025.pdf,data\raw\official_finance_documents\01ie\pvs_2025_q3_financial_statement_4725c9bda835de61.pdf,4725c9bda835de617ef59cb8c933eae12f8d365aca8c0afaadfadfae530d33e1,92,0,0,0,0,0.0,0,0,0,1.0,REJECTED_PAGE,TEXT_TOO_SPARSE_FOR_NUMERIC_TABLE_DUMP,
PVS,2025-Q3,quarter,financial_statement,https://www.ptsc.com.vn/Data/Sites/1/media/codong/VIE EN_BCTC Hop nhat_Quy 3.2025.pdf,https://www.ptsc.com.vn/Data/Sites/1/media/codong/VIE%20EN_BCTC%20Hop%20nhat_Quy%203.2025.pdf,data\raw\official_finance_documents\01ie\pvs_2025_q3_financial_statement_4725c9bda835de61.pdf,4725c9bda835de617ef59cb8c933eae12f8d365aca8c0afaadfadfae530d33e1,93,0,0,0,0,0.0,0,0,0,1.0,REJECTED_PAGE,TEXT_TOO_SPARSE_FOR_NUMERIC_TABLE_DUMP,
PVS,2025-Q3,quarter,financial_statement,https://www.ptsc.com.vn/Data/Sites/1/media/codong/VIE EN_BCTC Hop nhat_Quy 3.2025.pdf,https://www.ptsc.com.vn/Data/Sites/1/media/codong/VIE%20EN_BCTC%20Hop%20nhat_Quy%203.2025.pdf,data\raw\official_finance_documents\01ie\pvs_2025_q3_financial_statement_4725c9bda835de61.pdf,4725c9bda835de617ef59cb8c933eae12f8d365aca8c0afaadfadfae530d33e1,94,0,0,0,0,0.0,0,0,0,1.0,REJECTED_PAGE,TEXT_TOO_SPARSE_FOR_NUMERIC_TABLE_DUMP,
PVS,2025-Q3,quarter,financial_statement,https://www.ptsc.com.vn/Data/Sites/1/media/codong/VIE EN_BCTC Hop nhat_Quy 3.2025.pdf,https://www.ptsc.com.vn/Data/Sites/1/media/codong/VIE%20EN_BCTC%20Hop%20nhat_Quy%203.2025.pdf,data\raw\official_finance_documents\01ie\pvs_2025_q3_financial_statement_4725c9bda835de61.pdf,4725c9bda835de617ef59cb8c933eae12f8d365aca8c0afaadfadfae530d33e1,95,0,0,0,0,0.0,0,0,0,1.0,REJECTED_PAGE,TEXT_TOO_SPARSE_FOR_NUMERIC_TABLE_DUMP,
PVS,2025-Q3,quarter,financial_statement,https://www.ptsc.com.vn/Data/Sites/1/media/codong/VIE EN_BCTC Hop nhat_Quy 3.2025.pdf,https://www.ptsc.com.vn/Data/Sites/1/media/codong/VIE%20EN_BCTC%20Hop%20nhat_Quy%203.2025.pdf,data\raw\official_finance_documents\01ie\pvs_2025_q3_financial_statement_4725c9bda835de61.pdf,4725c9bda835de617ef59cb8c933eae12f8d365aca8c0afaadfadfae530d33e1,96,0,0,0,0,0.0,0,0,0,1.0,REJECTED_PAGE,TEXT_TOO_SPARSE_FOR_NUMERIC_TABLE_DUMP,
PVS,2025-Q3,quarter,financial_statement,https://www.ptsc.com.vn/Data/Sites/1/media/codong/VIE EN_BCTC Hop nhat_Quy 3.2025.pdf,https://www.ptsc.com.vn/Data/Sites/1/media/codong/VIE%20EN_BCTC%20Hop%20nhat_Quy%203.2025.pdf,data\raw\official_finance_documents\01ie\pvs_2025_q3_financial_statement_4725c9bda835de61.pdf,4725c9bda835de617ef59cb8c933eae12f8d365aca8c0afaadfadfae530d33e1,97,0,0,0,0,0.0,0,0,0,1.0,REJECTED_PAGE,TEXT_TOO_SPARSE_FOR_NUMERIC_TABLE_DUMP,
PVS,2025-Q3,quarter,financial_statement,https://www.ptsc.com.vn/Data/Sites/1/media/codong/VIE EN_BCTC Hop nhat_Quy 3.2025.pdf,https://www.ptsc.com.vn/Data/Sites/1/media/codong/VIE%20EN_BCTC%20Hop%20nhat_Quy%203.2025.pdf,data\raw\official_finance_documents\01ie\pvs_2025_q3_financial_statement_4725c9bda835de61.pdf,4725c9bda835de617ef59cb8c933eae12f8d365aca8c0afaadfadfae530d33e1,98,0,0,0,0,0.0,0,0,0,1.0,REJECTED_PAGE,TEXT_TOO_SPARSE_FOR_NUMERIC_TABLE_DUMP,
PVS,2025-Q3,quarter,financial_statement,https://www.ptsc.com.vn/Data/Sites/1/media/codong/VIE EN_BCTC Hop nhat_Quy 3.2025.pdf,https://www.ptsc.com.vn/Data/Sites/1/media/codong/VIE%20EN_BCTC%20Hop%20nhat_Quy%203.2025.pdf,data\raw\official_finance_documents\01ie\pvs_2025_q3_financial_statement_4725c9bda835de61.pdf,4725c9bda835de617ef59cb8c933eae12f8d365aca8c0afaadfadfae530d33e1,99,0,0,0,0,0.0,0,0,0,1.0,REJECTED_PAGE,TEXT_TOO_SPARSE_FOR_NUMERIC_TABLE_DUMP,
PVS,2025-Q3,quarter,financial_statement,https://www.ptsc.com.vn/Data/Sites/1/media/codong/VIE EN_BCTC Hop nhat_Quy 3.2025.pdf,https://www.ptsc.com.vn/Data/Sites/1/media/codong/VIE%20EN_BCTC%20Hop%20nhat_Quy%203.2025.pdf,data\raw\official_finance_documents\01ie\pvs_2025_q3_financial_statement_4725c9bda835de61.pdf,4725c9bda835de617ef59cb8c933eae12f8d365aca8c0afaadfadfae530d33e1,100,0,0,0,0,0.0,0,0,0,1.0,REJECTED_PAGE,TEXT_TOO_SPARSE_FOR_NUMERIC_TABLE_DUMP,
PVS,2025-Q3,quarter,financial_statement,https://www.ptsc.com.vn/Data/Sites/1/media/codong/VIE EN_BCTC Hop nhat_Quy 3.2025.pdf,https://www.ptsc.com.vn/Data/Sites/1/media/codong/VIE%20EN_BCTC%20Hop%20nhat_Quy%203.2025.pdf,data\raw\official_finance_documents\01ie\pvs_2025_q3_financial_statement_4725c9bda835de61.pdf,4725c9bda835de617ef59cb8c933eae12f8d365aca8c0afaadfadfae530d33e1,101,0,0,0,0,0.0,0,0,0,1.0,REJECTED_PAGE,TEXT_TOO_SPARSE_FOR_NUMERIC_TABLE_DUMP,
PVS,2025-Q3,quarter,financial_statement,https://www.ptsc.com.vn/Data/Sites/1/media/codong/VIE EN_BCTC Hop nhat_Quy 3.2025.pdf,https://www.ptsc.com.vn/Data/Sites/1/media/codong/VIE%20EN_BCTC%20Hop%20nhat_Quy%203.2025.pdf,data\raw\official_finance_documents\01ie\pvs_2025_q3_financial_statement_4725c9bda835de61.pdf,4725c9bda835de617ef59cb8c933eae12f8d365aca8c0afaadfadfae530d33e1,102,0,0,0,0,0.0,0,0,0,1.0,REJECTED_PAGE,TEXT_TOO_SPARSE_FOR_NUMERIC_TABLE_DUMP,
SSI,2025-Q3,quarter,financial_statement,https://www.ssi.com.vn/upload/files/IR/SSI_Bao_cao_tai_chinh_hop_nhat_Quy_3_nam_2025%20(1).pdf,https://www.ssi.com.vn/upload/files/IR/SSI_Bao_cao_tai_chinh_hop_nhat_Quy_3_nam_2025%20(1).pdf,data\raw\official_finance_documents\01ie\ssi_2025_q3_financial_statement_01d6b4d89d9bad8f.pdf,01d6b4d89d9bad8f7090f0ac66433fad2926ed961e150343a248f2293d0bfe06,1,0,0,0,0,0.0,0,0,0,1.0,REJECTED_PAGE,TEXT_TOO_SPARSE_FOR_NUMERIC_TABLE_DUMP,
SSI,2025-Q3,quarter,financial_statement,https://www.ssi.com.vn/upload/files/IR/SSI_Bao_cao_tai_chinh_hop_nhat_Quy_3_nam_2025%20(1).pdf,https://www.ssi.com.vn/upload/files/IR/SSI_Bao_cao_tai_chinh_hop_nhat_Quy_3_nam_2025%20(1).pdf,data\raw\official_finance_documents\01ie\ssi_2025_q3_financial_statement_01d6b4d89d9bad8f.pdf,01d6b4d89d9bad8f7090f0ac66433fad2926ed961e150343a248f2293d0bfe06,2,0,0,0,0,0.0,0,0,0,1.0,REJECTED_PAGE,TEXT_TOO_SPARSE_FOR_NUMERIC_TABLE_DUMP,
SSI,2025-Q3,quarter,financial_statement,https://www.ssi.com.vn/upload/files/IR/SSI_Bao_cao_tai_chinh_hop_nhat_Quy_3_nam_2025%20(1).pdf,https://www.ssi.com.vn/upload/files/IR/SSI_Bao_cao_tai_chinh_hop_nhat_Quy_3_nam_2025%20(1).pdf,data\raw\official_finance_documents\01ie\ssi_2025_q3_financial_statement_01d6b4d89d9bad8f.pdf,01d6b4d89d9bad8f7090f0ac66433fad2926ed961e150343a248f2293d0bfe06,3,0,0,0,0,0.0,0,0,0,1.0,REJECTED_PAGE,TEXT_TOO_SPARSE_FOR_NUMERIC_TABLE_DUMP,
SSI,2025-Q3,quarter,financial_statement,https://www.ssi.com.vn/upload/files/IR/SSI_Bao_cao_tai_chinh_hop_nhat_Quy_3_nam_2025%20(1).pdf,https://www.ssi.com.vn/upload/files/IR/SSI_Bao_cao_tai_chinh_hop_nhat_Quy_3_nam_2025%20(1).pdf,data\raw\official_finance_documents\01ie\ssi_2025_q3_financial_statement_01d6b4d89d9bad8f.pdf,01d6b4d89d9bad8f7090f0ac66433fad2926ed961e150343a248f2293d0bfe06,4,0,0,0,0,0.0,0,0,0,1.0,REJECTED_PAGE,TEXT_TOO_SPARSE_FOR_NUMERIC_TABLE_DUMP,
SSI,2025-Q3,quarter,financial_statement,https://www.ssi.com.vn/upload/files/IR/SSI_Bao_cao_tai_chinh_hop_nhat_Quy_3_nam_2025%20(1).pdf,https://www.ssi.com.vn/upload/files/IR/SSI_Bao_cao_tai_chinh_hop_nhat_Quy_3_nam_2025%20(1).pdf,data\raw\official_finance_documents\01ie\ssi_2025_q3_financial_statement_01d6b4d89d9bad8f.pdf,01d6b4d89d9bad8f7090f0ac66433fad2926ed961e150343a248f2293d0bfe06,5,0,0,0,0,0.0,0,0,0,1.0,REJECTED_PAGE,TEXT_TOO_SPARSE_FOR_NUMERIC_TABLE_DUMP,
SSI,2025-Q3,quarter,financial_statement,https://www.ssi.com.vn/upload/files/IR/SSI_Bao_cao_tai_chinh_hop_nhat_Quy_3_nam_2025%20(1).pdf,https://www.ssi.com.vn/upload/files/IR/SSI_Bao_cao_tai_chinh_hop_nhat_Quy_3_nam_2025%20(1).pdf,data\raw\official_finance_documents\01ie\ssi_2025_q3_financial_statement_01d6b4d89d9bad8f.pdf,01d6b4d89d9bad8f7090f0ac66433fad2926ed961e150343a248f2293d0bfe06,6,0,0,0,0,0.0,0,0,0,1.0,REJECTED_PAGE,TEXT_TOO_SPARSE_FOR_NUMERIC_TABLE_DUMP,
SSI,2025-Q3,quarter,financial_statement,https://www.ssi.com.vn/upload/files/IR/SSI_Bao_cao_tai_chinh_hop_nhat_Quy_3_nam_2025%20(1).pdf,https://www.ssi.com.vn/upload/files/IR/SSI_Bao_cao_tai_chinh_hop_nhat_Quy_3_nam_2025%20(1).pdf,data\raw\official_finance_documents\01ie\ssi_2025_q3_financial_statement_01d6b4d89d9bad8f.pdf,01d6b4d89d9bad8f7090f0ac66433fad2926ed961e150343a248f2293d0bfe06,7,0,0,0,0,0.0,0,0,0,1.0,REJECTED_PAGE,TEXT_TOO_SPARSE_FOR_NUMERIC_TABLE_DUMP,
SSI,2025-Q3,quarter,financial_statement,https://www.ssi.com.vn/upload/files/IR/SSI_Bao_cao_tai_chinh_hop_nhat_Quy_3_nam_2025%20(1).pdf,https://www.ssi.com.vn/upload/files/IR/SSI_Bao_cao_tai_chinh_hop_nhat_Quy_3_nam_2025%20(1).pdf,data\raw\official_finance_documents\01ie\ssi_2025_q3_financial_statement_01d6b4d89d9bad8f.pdf,01d6b4d89d9bad8f7090f0ac66433fad2926ed961e150343a248f2293d0bfe06,8,0,0,0,0,0.0,0,0,0,1.0,REJECTED_PAGE,TEXT_TOO_SPARSE_FOR_NUMERIC_TABLE_DUMP,
SSI,2025-Q3,quarter,financial_statement,https://www.ssi.com.vn/upload/files/IR/SSI_Bao_cao_tai_chinh_hop_nhat_Quy_3_nam_2025%20(1).pdf,https://www.ssi.com.vn/upload/files/IR/SSI_Bao_cao_tai_chinh_hop_nhat_Quy_3_nam_2025%20(1).pdf,data\raw\official_finance_documents\01ie\ssi_2025_q3_financial_statement_01d6b4d89d9bad8f.pdf,01d6b4d89d9bad8f7090f0ac66433fad2926ed961e150343a248f2293d0bfe06,9,0,0,0,0,0.0,0,0,0,1.0,REJECTED_PAGE,TEXT_TOO_SPARSE_FOR_NUMERIC_TABLE_DUMP,
SSI,2025-Q3,quarter,financial_statement,https://www.ssi.com.vn/upload/files/IR/SSI_Bao_cao_tai_chinh_hop_nhat_Quy_3_nam_2025%20(1).pdf,https://www.ssi.com.vn/upload/files/IR/SSI_Bao_cao_tai_chinh_hop_nhat_Quy_3_nam_2025%20(1).pdf,data\raw\official_finance_documents\01ie\ssi_2025_q3_financial_statement_01d6b4d89d9bad8f.pdf,01d6b4d89d9bad8f7090f0ac66433fad2926ed961e150343a248f2293d0bfe06,10,0,0,0,0,0.0,0,0,0,1.0,REJECTED_PAGE,TEXT_TOO_SPARSE_FOR_NUMERIC_TABLE_DUMP,
SSI,2025-Q3,quarter,financial_statement,https://www.ssi.com.vn/upload/files/IR/SSI_Bao_cao_tai_chinh_hop_nhat_Quy_3_nam_2025%20(1).pdf,https://www.ssi.com.vn/upload/files/IR/SSI_Bao_cao_tai_chinh_hop_nhat_Quy_3_nam_2025%20(1).pdf,data\raw\official_finance_documents\01ie\ssi_2025_q3_financial_statement_01d6b4d89d9bad8f.pdf,01d6b4d89d9bad8f7090f0ac66433fad2926ed961e150343a248f2293d0bfe06,11,0,0,0,0,0.0,0,0,0,1.0,REJECTED_PAGE,TEXT_TOO_SPARSE_FOR_NUMERIC_TABLE_DUMP,
SSI,2025-Q3,quarter,financial_statement,https://www.ssi.com.vn/upload/files/IR/SSI_Bao_cao_tai_chinh_hop_nhat_Quy_3_nam_2025%20(1).pdf,https://www.ssi.com.vn/upload/files/IR/SSI_Bao_cao_tai_chinh_hop_nhat_Quy_3_nam_2025%20(1).pdf,data\raw\official_finance_documents\01ie\ssi_2025_q3_financial_statement_01d6b4d89d9bad8f.pdf,01d6b4d89d9bad8f7090f0ac66433fad2926ed961e150343a248f2293d0bfe06,12,0,0,0,0,0.0,0,0,0,1.0,REJECTED_PAGE,TEXT_TOO_SPARSE_FOR_NUMERIC_TABLE_DUMP,
SSI,2025-Q3,quarter,financial_statement,https://www.ssi.com.vn/upload/files/IR/SSI_Bao_cao_tai_chinh_hop_nhat_Quy_3_nam_2025%20(1).pdf,https://www.ssi.com.vn/upload/files/IR/SSI_Bao_cao_tai_chinh_hop_nhat_Quy_3_nam_2025%20(1).pdf,data\raw\official_finance_documents\01ie\ssi_2025_q3_financial_statement_01d6b4d89d9bad8f.pdf,01d6b4d89d9bad8f7090f0ac66433fad2926ed961e150343a248f2293d0bfe06,13,0,0,0,0,0.0,0,0,0,1.0,REJECTED_PAGE,TEXT_TOO_SPARSE_FOR_NUMERIC_TABLE_DUMP,
SSI,2025-Q3,quarter,financial_statement,https://www.ssi.com.vn/upload/files/IR/SSI_Bao_cao_tai_chinh_hop_nhat_Quy_3_nam_2025%20(1).pdf,https://www.ssi.com.vn/upload/files/IR/SSI_Bao_cao_tai_chinh_hop_nhat_Quy_3_nam_2025%20(1).pdf,data\raw\official_finance_documents\01ie\ssi_2025_q3_financial_statement_01d6b4d89d9bad8f.pdf,01d6b4d89d9bad8f7090f0ac66433fad2926ed961e150343a248f2293d0bfe06,14,0,0,0,0,0.0,0,0,0,1.0,REJECTED_PAGE,TEXT_TOO_SPARSE_FOR_NUMERIC_TABLE_DUMP,
SSI,2025-Q3,quarter,financial_statement,https://www.ssi.com.vn/upload/files/IR/SSI_Bao_cao_tai_chinh_hop_nhat_Quy_3_nam_2025%20(1).pdf,https://www.ssi.com.vn/upload/files/IR/SSI_Bao_cao_tai_chinh_hop_nhat_Quy_3_nam_2025%20(1).pdf,data\raw\official_finance_documents\01ie\ssi_2025_q3_financial_statement_01d6b4d89d9bad8f.pdf,01d6b4d89d9bad8f7090f0ac66433fad2926ed961e150343a248f2293d0bfe06,15,0,0,0,0,0.0,0,0,0,1.0,REJECTED_PAGE,TEXT_TOO_SPARSE_FOR_NUMERIC_TABLE_DUMP,
SSI,2025-Q3,quarter,financial_statement,https://www.ssi.com.vn/upload/files/IR/SSI_Bao_cao_tai_chinh_hop_nhat_Quy_3_nam_2025%20(1).pdf,https://www.ssi.com.vn/upload/files/IR/SSI_Bao_cao_tai_chinh_hop_nhat_Quy_3_nam_2025%20(1).pdf,data\raw\official_finance_documents\01ie\ssi_2025_q3_financial_statement_01d6b4d89d9bad8f.pdf,01d6b4d89d9bad8f7090f0ac66433fad2926ed961e150343a248f2293d0bfe06,16,0,0,0,0,0.0,0,0,0,1.0,REJECTED_PAGE,TEXT_TOO_SPARSE_FOR_NUMERIC_TABLE_DUMP,
SSI,2025-Q3,quarter,financial_statement,https://www.ssi.com.vn/upload/files/IR/SSI_Bao_cao_tai_chinh_hop_nhat_Quy_3_nam_2025%20(1).pdf,https://www.ssi.com.vn/upload/files/IR/SSI_Bao_cao_tai_chinh_hop_nhat_Quy_3_nam_2025%20(1).pdf,data\raw\official_finance_documents\01ie\ssi_2025_q3_financial_statement_01d6b4d89d9bad8f.pdf,01d6b4d89d9bad8f7090f0ac66433fad2926ed961e150343a248f2293d0bfe06,17,0,0,0,0,0.0,0,0,0,1.0,REJECTED_PAGE,TEXT_TOO_SPARSE_FOR_NUMERIC_TABLE_DUMP,
SSI,2025-Q3,quarter,financial_statement,https://www.ssi.com.vn/upload/files/IR/SSI_Bao_cao_tai_chinh_hop_nhat_Quy_3_nam_2025%20(1).pdf,https://www.ssi.com.vn/upload/files/IR/SSI_Bao_cao_tai_chinh_hop_nhat_Quy_3_nam_2025%20(1).pdf,data\raw\official_finance_documents\01ie\ssi_2025_q3_financial_statement_01d6b4d89d9bad8f.pdf,01d6b4d89d9bad8f7090f0ac66433fad2926ed961e150343a248f2293d0bfe06,18,0,0,0,0,0.0,0,0,0,1.0,REJECTED_PAGE,TEXT_TOO_SPARSE_FOR_NUMERIC_TABLE_DUMP,
SSI,2025-Q3,quarter,financial_statement,https://www.ssi.com.vn/upload/files/IR/SSI_Bao_cao_tai_chinh_hop_nhat_Quy_3_nam_2025%20(1).pdf,https://www.ssi.com.vn/upload/files/IR/SSI_Bao_cao_tai_chinh_hop_nhat_Quy_3_nam_2025%20(1).pdf,data\raw\official_finance_documents\01ie\ssi_2025_q3_financial_statement_01d6b4d89d9bad8f.pdf,01d6b4d89d9bad8f7090f0ac66433fad2926ed961e150343a248f2293d0bfe06,19,0,0,0,0,0.0,0,0,0,1.0,REJECTED_PAGE,TEXT_TOO_SPARSE_FOR_NUMERIC_TABLE_DUMP,
SSI,2025-Q3,quarter,financial_statement,https://www.ssi.com.vn/upload/files/IR/SSI_Bao_cao_tai_chinh_hop_nhat_Quy_3_nam_2025%20(1).pdf,https://www.ssi.com.vn/upload/files/IR/SSI_Bao_cao_tai_chinh_hop_nhat_Quy_3_nam_2025%20(1).pdf,data\raw\official_finance_documents\01ie\ssi_2025_q3_financial_statement_01d6b4d89d9bad8f.pdf,01d6b4d89d9bad8f7090f0ac66433fad2926ed961e150343a248f2293d0bfe06,20,0,0,0,0,0.0,0,0,0,1.0,REJECTED_PAGE,TEXT_TOO_SPARSE_FOR_NUMERIC_TABLE_DUMP,
SSI,2025-Q3,quarter,financial_statement,https://www.ssi.com.vn/upload/files/IR/SSI_Bao_cao_tai_chinh_hop_nhat_Quy_3_nam_2025%20(1).pdf,https://www.ssi.com.vn/upload/files/IR/SSI_Bao_cao_tai_chinh_hop_nhat_Quy_3_nam_2025%20(1).pdf,data\raw\official_finance_documents\01ie\ssi_2025_q3_financial_statement_01d6b4d89d9bad8f.pdf,01d6b4d89d9bad8f7090f0ac66433fad2926ed961e150343a248f2293d0bfe06,21,0,0,0,0,0.0,0,0,0,1.0,REJECTED_PAGE,TEXT_TOO_SPARSE_FOR_NUMERIC_TABLE_DUMP,
SSI,2025-Q3,quarter,financial_statement,https://www.ssi.com.vn/upload/files/IR/SSI_Bao_cao_tai_chinh_hop_nhat_Quy_3_nam_2025%20(1).pdf,https://www.ssi.com.vn/upload/files/IR/SSI_Bao_cao_tai_chinh_hop_nhat_Quy_3_nam_2025%20(1).pdf,data\raw\official_finance_documents\01ie\ssi_2025_q3_financial_statement_01d6b4d89d9bad8f.pdf,01d6b4d89d9bad8f7090f0ac66433fad2926ed961e150343a248f2293d0bfe06,22,0,0,0,0,0.0,0,0,0,1.0,REJECTED_PAGE,TEXT_TOO_SPARSE_FOR_NUMERIC_TABLE_DUMP,
SSI,2025-Q3,quarter,financial_statement,https://www.ssi.com.vn/upload/files/IR/SSI_Bao_cao_tai_chinh_hop_nhat_Quy_3_nam_2025%20(1).pdf,https://www.ssi.com.vn/upload/files/IR/SSI_Bao_cao_tai_chinh_hop_nhat_Quy_3_nam_2025%20(1).pdf,data\raw\official_finance_documents\01ie\ssi_2025_q3_financial_statement_01d6b4d89d9bad8f.pdf,01d6b4d89d9bad8f7090f0ac66433fad2926ed961e150343a248f2293d0bfe06,23,0,0,0,0,0.0,0,0,0,1.0,REJECTED_PAGE,TEXT_TOO_SPARSE_FOR_NUMERIC_TABLE_DUMP,
SSI,2025-Q3,quarter,financial_statement,https://www.ssi.com.vn/upload/files/IR/SSI_Bao_cao_tai_chinh_hop_nhat_Quy_3_nam_2025%20(1).pdf,https://www.ssi.com.vn/upload/files/IR/SSI_Bao_cao_tai_chinh_hop_nhat_Quy_3_nam_2025%20(1).pdf,data\raw\official_finance_documents\01ie\ssi_2025_q3_financial_statement_01d6b4d89d9bad8f.pdf,01d6b4d89d9bad8f7090f0ac66433fad2926ed961e150343a248f2293d0bfe06,24,0,0,0,0,0.0,0,0,0,1.0,REJECTED_PAGE,TEXT_TOO_SPARSE_FOR_NUMERIC_TABLE_DUMP,
SSI,2025-Q3,quarter,financial_statement,https://www.ssi.com.vn/upload/files/IR/SSI_Bao_cao_tai_chinh_hop_nhat_Quy_3_nam_2025%20(1).pdf,https://www.ssi.com.vn/upload/files/IR/SSI_Bao_cao_tai_chinh_hop_nhat_Quy_3_nam_2025%20(1).pdf,data\raw\official_finance_documents\01ie\ssi_2025_q3_financial_statement_01d6b4d89d9bad8f.pdf,01d6b4d89d9bad8f7090f0ac66433fad2926ed961e150343a248f2293d0bfe06,25,0,0,0,0,0.0,0,0,0,1.0,REJECTED_PAGE,TEXT_TOO_SPARSE_FOR_NUMERIC_TABLE_DUMP,
SSI,2025-Q3,quarter,financial_statement,https://www.ssi.com.vn/upload/files/IR/SSI_Bao_cao_tai_chinh_hop_nhat_Quy_3_nam_2025%20(1).pdf,https://www.ssi.com.vn/upload/files/IR/SSI_Bao_cao_tai_chinh_hop_nhat_Quy_3_nam_2025%20(1).pdf,data\raw\official_finance_documents\01ie\ssi_2025_q3_financial_statement_01d6b4d89d9bad8f.pdf,01d6b4d89d9bad8f7090f0ac66433fad2926ed961e150343a248f2293d0bfe06,26,0,0,0,0,0.0,0,0,0,1.0,REJECTED_PAGE,TEXT_TOO_SPARSE_FOR_NUMERIC_TABLE_DUMP,
SSI,2025-Q3,quarter,financial_statement,https://www.ssi.com.vn/upload/files/IR/SSI_Bao_cao_tai_chinh_hop_nhat_Quy_3_nam_2025%20(1).pdf,https://www.ssi.com.vn/upload/files/IR/SSI_Bao_cao_tai_chinh_hop_nhat_Quy_3_nam_2025%20(1).pdf,data\raw\official_finance_documents\01ie\ssi_2025_q3_financial_statement_01d6b4d89d9bad8f.pdf,01d6b4d89d9bad8f7090f0ac66433fad2926ed961e150343a248f2293d0bfe06,27,0,0,0,0,0.0,0,0,0,1.0,REJECTED_PAGE,TEXT_TOO_SPARSE_FOR_NUMERIC_TABLE_DUMP,
SSI,2025-Q3,quarter,financial_statement,https://www.ssi.com.vn/upload/files/IR/SSI_Bao_cao_tai_chinh_hop_nhat_Quy_3_nam_2025%20(1).pdf,https://www.ssi.com.vn/upload/files/IR/SSI_Bao_cao_tai_chinh_hop_nhat_Quy_3_nam_2025%20(1).pdf,data\raw\official_finance_documents\01ie\ssi_2025_q3_financial_statement_01d6b4d89d9bad8f.pdf,01d6b4d89d9bad8f7090f0ac66433fad2926ed961e150343a248f2293d0bfe06,28,0,0,0,0,0.0,0,0,0,1.0,REJECTED_PAGE,TEXT_TOO_SPARSE_FOR_NUMERIC_TABLE_DUMP,
SSI,2025-Q3,quarter,financial_statement,https://www.ssi.com.vn/upload/files/IR/SSI_Bao_cao_tai_chinh_hop_nhat_Quy_3_nam_2025%20(1).pdf,https://www.ssi.com.vn/upload/files/IR/SSI_Bao_cao_tai_chinh_hop_nhat_Quy_3_nam_2025%20(1).pdf,data\raw\official_finance_documents\01ie\ssi_2025_q3_financial_statement_01d6b4d89d9bad8f.pdf,01d6b4d89d9bad8f7090f0ac66433fad2926ed961e150343a248f2293d0bfe06,29,0,0,0,0,0.0,0,0,0,1.0,REJECTED_PAGE,TEXT_TOO_SPARSE_FOR_NUMERIC_TABLE_DUMP,
SSI,2025-Q3,quarter,financial_statement,https://www.ssi.com.vn/upload/files/IR/SSI_Bao_cao_tai_chinh_hop_nhat_Quy_3_nam_2025%20(1).pdf,https://www.ssi.com.vn/upload/files/IR/SSI_Bao_cao_tai_chinh_hop_nhat_Quy_3_nam_2025%20(1).pdf,data\raw\official_finance_documents\01ie\ssi_2025_q3_financial_statement_01d6b4d89d9bad8f.pdf,01d6b4d89d9bad8f7090f0ac66433fad2926ed961e150343a248f2293d0bfe06,30,0,0,0,0,0.0,0,0,0,1.0,REJECTED_PAGE,TEXT_TOO_SPARSE_FOR_NUMERIC_TABLE_DUMP,
SSI,2025-Q3,quarter,financial_statement,https://www.ssi.com.vn/upload/files/IR/SSI_Bao_cao_tai_chinh_hop_nhat_Quy_3_nam_2025%20(1).pdf,https://www.ssi.com.vn/upload/files/IR/SSI_Bao_cao_tai_chinh_hop_nhat_Quy_3_nam_2025%20(1).pdf,data\raw\official_finance_documents\01ie\ssi_2025_q3_financial_statement_01d6b4d89d9bad8f.pdf,01d6b4d89d9bad8f7090f0ac66433fad2926ed961e150343a248f2293d0bfe06,31,0,0,0,0,0.0,0,0,0,1.0,REJECTED_PAGE,TEXT_TOO_SPARSE_FOR_NUMERIC_TABLE_DUMP,
SSI,2025-Q3,quarter,financial_statement,https://www.ssi.com.vn/upload/files/IR/SSI_Bao_cao_tai_chinh_hop_nhat_Quy_3_nam_2025%20(1).pdf,https://www.ssi.com.vn/upload/files/IR/SSI_Bao_cao_tai_chinh_hop_nhat_Quy_3_nam_2025%20(1).pdf,data\raw\official_finance_documents\01ie\ssi_2025_q3_financial_statement_01d6b4d89d9bad8f.pdf,01d6b4d89d9bad8f7090f0ac66433fad2926ed961e150343a248f2293d0bfe06,32,0,0,0,0,0.0,0,0,0,1.0,REJECTED_PAGE,TEXT_TOO_SPARSE_FOR_NUMERIC_TABLE_DUMP,
SSI,2025-Q3,quarter,financial_statement,https://www.ssi.com.vn/upload/files/IR/SSI_Bao_cao_tai_chinh_hop_nhat_Quy_3_nam_2025%20(1).pdf,https://www.ssi.com.vn/upload/files/IR/SSI_Bao_cao_tai_chinh_hop_nhat_Quy_3_nam_2025%20(1).pdf,data\raw\official_finance_documents\01ie\ssi_2025_q3_financial_statement_01d6b4d89d9bad8f.pdf,01d6b4d89d9bad8f7090f0ac66433fad2926ed961e150343a248f2293d0bfe06,33,0,0,0,0,0.0,0,0,0,1.0,REJECTED_PAGE,TEXT_TOO_SPARSE_FOR_NUMERIC_TABLE_DUMP,
SSI,2025-Q3,quarter,financial_statement,https://www.ssi.com.vn/upload/files/IR/SSI_Bao_cao_tai_chinh_hop_nhat_Quy_3_nam_2025%20(1).pdf,https://www.ssi.com.vn/upload/files/IR/SSI_Bao_cao_tai_chinh_hop_nhat_Quy_3_nam_2025%20(1).pdf,data\raw\official_finance_documents\01ie\ssi_2025_q3_financial_statement_01d6b4d89d9bad8f.pdf,01d6b4d89d9bad8f7090f0ac66433fad2926ed961e150343a248f2293d0bfe06,34,0,0,0,0,0.0,0,0,0,1.0,REJECTED_PAGE,TEXT_TOO_SPARSE_FOR_NUMERIC_TABLE_DUMP,
SSI,2025-Q3,quarter,financial_statement,https://www.ssi.com.vn/upload/files/IR/SSI_Bao_cao_tai_chinh_hop_nhat_Quy_3_nam_2025%20(1).pdf,https://www.ssi.com.vn/upload/files/IR/SSI_Bao_cao_tai_chinh_hop_nhat_Quy_3_nam_2025%20(1).pdf,data\raw\official_finance_documents\01ie\ssi_2025_q3_financial_statement_01d6b4d89d9bad8f.pdf,01d6b4d89d9bad8f7090f0ac66433fad2926ed961e150343a248f2293d0bfe06,35,0,0,0,0,0.0,0,0,0,1.0,REJECTED_PAGE,TEXT_TOO_SPARSE_FOR_NUMERIC_TABLE_DUMP,
SSI,2025-Q3,quarter,financial_statement,https://www.ssi.com.vn/upload/files/IR/SSI_Bao_cao_tai_chinh_hop_nhat_Quy_3_nam_2025%20(1).pdf,https://www.ssi.com.vn/upload/files/IR/SSI_Bao_cao_tai_chinh_hop_nhat_Quy_3_nam_2025%20(1).pdf,data\raw\official_finance_documents\01ie\ssi_2025_q3_financial_statement_01d6b4d89d9bad8f.pdf,01d6b4d89d9bad8f7090f0ac66433fad2926ed961e150343a248f2293d0bfe06,36,0,0,0,0,0.0,0,0,0,1.0,REJECTED_PAGE,TEXT_TOO_SPARSE_FOR_NUMERIC_TABLE_DUMP,
SSI,2025-Q3,quarter,financial_statement,https://www.ssi.com.vn/upload/files/IR/SSI_Bao_cao_tai_chinh_hop_nhat_Quy_3_nam_2025%20(1).pdf,https://www.ssi.com.vn/upload/files/IR/SSI_Bao_cao_tai_chinh_hop_nhat_Quy_3_nam_2025%20(1).pdf,data\raw\official_finance_documents\01ie\ssi_2025_q3_financial_statement_01d6b4d89d9bad8f.pdf,01d6b4d89d9bad8f7090f0ac66433fad2926ed961e150343a248f2293d0bfe06,37,0,0,0,0,0.0,0,0,0,1.0,REJECTED_PAGE,TEXT_TOO_SPARSE_FOR_NUMERIC_TABLE_DUMP,
SSI,2025-Q3,quarter,financial_statement,https://www.ssi.com.vn/upload/files/IR/SSI_Bao_cao_tai_chinh_hop_nhat_Quy_3_nam_2025%20(1).pdf,https://www.ssi.com.vn/upload/files/IR/SSI_Bao_cao_tai_chinh_hop_nhat_Quy_3_nam_2025%20(1).pdf,data\raw\official_finance_documents\01ie\ssi_2025_q3_financial_statement_01d6b4d89d9bad8f.pdf,01d6b4d89d9bad8f7090f0ac66433fad2926ed961e150343a248f2293d0bfe06,38,0,0,0,0,0.0,0,0,0,1.0,REJECTED_PAGE,TEXT_TOO_SPARSE_FOR_NUMERIC_TABLE_DUMP,
SSI,2025-Q3,quarter,financial_statement,https://www.ssi.com.vn/upload/files/IR/SSI_Bao_cao_tai_chinh_hop_nhat_Quy_3_nam_2025%20(1).pdf,https://www.ssi.com.vn/upload/files/IR/SSI_Bao_cao_tai_chinh_hop_nhat_Quy_3_nam_2025%20(1).pdf,data\raw\official_finance_documents\01ie\ssi_2025_q3_financial_statement_01d6b4d89d9bad8f.pdf,01d6b4d89d9bad8f7090f0ac66433fad2926ed961e150343a248f2293d0bfe06,39,0,0,0,0,0.0,0,0,0,1.0,REJECTED_PAGE,TEXT_TOO_SPARSE_FOR_NUMERIC_TABLE_DUMP,
SSI,2025-Q3,quarter,financial_statement,https://www.ssi.com.vn/upload/files/IR/SSI_Bao_cao_tai_chinh_hop_nhat_Quy_3_nam_2025%20(1).pdf,https://www.ssi.com.vn/upload/files/IR/SSI_Bao_cao_tai_chinh_hop_nhat_Quy_3_nam_2025%20(1).pdf,data\raw\official_finance_documents\01ie\ssi_2025_q3_financial_statement_01d6b4d89d9bad8f.pdf,01d6b4d89d9bad8f7090f0ac66433fad2926ed961e150343a248f2293d0bfe06,40,0,0,0,0,0.0,0,0,0,1.0,REJECTED_PAGE,TEXT_TOO_SPARSE_FOR_NUMERIC_TABLE_DUMP,
SSI,2025-Q3,quarter,financial_statement,https://www.ssi.com.vn/upload/files/IR/SSI_Bao_cao_tai_chinh_hop_nhat_Quy_3_nam_2025%20(1).pdf,https://www.ssi.com.vn/upload/files/IR/SSI_Bao_cao_tai_chinh_hop_nhat_Quy_3_nam_2025%20(1).pdf,data\raw\official_finance_documents\01ie\ssi_2025_q3_financial_statement_01d6b4d89d9bad8f.pdf,01d6b4d89d9bad8f7090f0ac66433fad2926ed961e150343a248f2293d0bfe06,41,0,0,0,0,0.0,0,0,0,1.0,REJECTED_PAGE,TEXT_TOO_SPARSE_FOR_NUMERIC_TABLE_DUMP,
SSI,2025-Q3,quarter,financial_statement,https://www.ssi.com.vn/upload/files/IR/SSI_Bao_cao_tai_chinh_hop_nhat_Quy_3_nam_2025%20(1).pdf,https://www.ssi.com.vn/upload/files/IR/SSI_Bao_cao_tai_chinh_hop_nhat_Quy_3_nam_2025%20(1).pdf,data\raw\official_finance_documents\01ie\ssi_2025_q3_financial_statement_01d6b4d89d9bad8f.pdf,01d6b4d89d9bad8f7090f0ac66433fad2926ed961e150343a248f2293d0bfe06,42,0,0,0,0,0.0,0,0,0,1.0,REJECTED_PAGE,TEXT_TOO_SPARSE_FOR_NUMERIC_TABLE_DUMP,
SSI,2025-Q3,quarter,financial_statement,https://www.ssi.com.vn/upload/files/IR/SSI_Bao_cao_tai_chinh_hop_nhat_Quy_3_nam_2025%20(1).pdf,https://www.ssi.com.vn/upload/files/IR/SSI_Bao_cao_tai_chinh_hop_nhat_Quy_3_nam_2025%20(1).pdf,data\raw\official_finance_documents\01ie\ssi_2025_q3_financial_statement_01d6b4d89d9bad8f.pdf,01d6b4d89d9bad8f7090f0ac66433fad2926ed961e150343a248f2293d0bfe06,43,0,0,0,0,0.0,0,0,0,1.0,REJECTED_PAGE,TEXT_TOO_SPARSE_FOR_NUMERIC_TABLE_DUMP,
SSI,2025-Q3,quarter,financial_statement,https://www.ssi.com.vn/upload/files/IR/SSI_Bao_cao_tai_chinh_hop_nhat_Quy_3_nam_2025%20(1).pdf,https://www.ssi.com.vn/upload/files/IR/SSI_Bao_cao_tai_chinh_hop_nhat_Quy_3_nam_2025%20(1).pdf,data\raw\official_finance_documents\01ie\ssi_2025_q3_financial_statement_01d6b4d89d9bad8f.pdf,01d6b4d89d9bad8f7090f0ac66433fad2926ed961e150343a248f2293d0bfe06,44,0,0,0,0,0.0,0,0,0,1.0,REJECTED_PAGE,TEXT_TOO_SPARSE_FOR_NUMERIC_TABLE_DUMP,
SSI,2025-Q3,quarter,financial_statement,https://www.ssi.com.vn/upload/files/IR/SSI_Bao_cao_tai_chinh_hop_nhat_Quy_3_nam_2025%20(1).pdf,https://www.ssi.com.vn/upload/files/IR/SSI_Bao_cao_tai_chinh_hop_nhat_Quy_3_nam_2025%20(1).pdf,data\raw\official_finance_documents\01ie\ssi_2025_q3_financial_statement_01d6b4d89d9bad8f.pdf,01d6b4d89d9bad8f7090f0ac66433fad2926ed961e150343a248f2293d0bfe06,45,0,0,0,0,0.0,0,0,0,1.0,REJECTED_PAGE,TEXT_TOO_SPARSE_FOR_NUMERIC_TABLE_DUMP,
SSI,2025-Q3,quarter,financial_statement,https://www.ssi.com.vn/upload/files/IR/SSI_Bao_cao_tai_chinh_hop_nhat_Quy_3_nam_2025%20(1).pdf,https://www.ssi.com.vn/upload/files/IR/SSI_Bao_cao_tai_chinh_hop_nhat_Quy_3_nam_2025%20(1).pdf,data\raw\official_finance_documents\01ie\ssi_2025_q3_financial_statement_01d6b4d89d9bad8f.pdf,01d6b4d89d9bad8f7090f0ac66433fad2926ed961e150343a248f2293d0bfe06,46,0,0,0,0,0.0,0,0,0,1.0,REJECTED_PAGE,TEXT_TOO_SPARSE_FOR_NUMERIC_TABLE_DUMP,
SSI,2025-Q3,quarter,financial_statement,https://www.ssi.com.vn/upload/files/IR/SSI_Bao_cao_tai_chinh_hop_nhat_Quy_3_nam_2025%20(1).pdf,https://www.ssi.com.vn/upload/files/IR/SSI_Bao_cao_tai_chinh_hop_nhat_Quy_3_nam_2025%20(1).pdf,data\raw\official_finance_documents\01ie\ssi_2025_q3_financial_statement_01d6b4d89d9bad8f.pdf,01d6b4d89d9bad8f7090f0ac66433fad2926ed961e150343a248f2293d0bfe06,47,0,0,0,0,0.0,0,0,0,1.0,REJECTED_PAGE,TEXT_TOO_SPARSE_FOR_NUMERIC_TABLE_DUMP,
SSI,2025-Q3,quarter,financial_statement,https://www.ssi.com.vn/upload/files/IR/SSI_Bao_cao_tai_chinh_hop_nhat_Quy_3_nam_2025%20(1).pdf,https://www.ssi.com.vn/upload/files/IR/SSI_Bao_cao_tai_chinh_hop_nhat_Quy_3_nam_2025%20(1).pdf,data\raw\official_finance_documents\01ie\ssi_2025_q3_financial_statement_01d6b4d89d9bad8f.pdf,01d6b4d89d9bad8f7090f0ac66433fad2926ed961e150343a248f2293d0bfe06,48,0,0,0,0,0.0,0,0,0,1.0,REJECTED_PAGE,TEXT_TOO_SPARSE_FOR_NUMERIC_TABLE_DUMP,
SSI,2025-Q3,quarter,financial_statement,https://www.ssi.com.vn/upload/files/IR/SSI_Bao_cao_tai_chinh_hop_nhat_Quy_3_nam_2025%20(1).pdf,https://www.ssi.com.vn/upload/files/IR/SSI_Bao_cao_tai_chinh_hop_nhat_Quy_3_nam_2025%20(1).pdf,data\raw\official_finance_documents\01ie\ssi_2025_q3_financial_statement_01d6b4d89d9bad8f.pdf,01d6b4d89d9bad8f7090f0ac66433fad2926ed961e150343a248f2293d0bfe06,49,0,0,0,0,0.0,0,0,0,1.0,REJECTED_PAGE,TEXT_TOO_SPARSE_FOR_NUMERIC_TABLE_DUMP,
SSI,2025-Q3,quarter,financial_statement,https://www.ssi.com.vn/upload/files/IR/SSI_Bao_cao_tai_chinh_hop_nhat_Quy_3_nam_2025%20(1).pdf,https://www.ssi.com.vn/upload/files/IR/SSI_Bao_cao_tai_chinh_hop_nhat_Quy_3_nam_2025%20(1).pdf,data\raw\official_finance_documents\01ie\ssi_2025_q3_financial_statement_01d6b4d89d9bad8f.pdf,01d6b4d89d9bad8f7090f0ac66433fad2926ed961e150343a248f2293d0bfe06,50,0,0,0,0,0.0,0,0,0,1.0,REJECTED_PAGE,TEXT_TOO_SPARSE_FOR_NUMERIC_TABLE_DUMP,
SSI,2025-Q3,quarter,financial_statement,https://www.ssi.com.vn/upload/files/IR/SSI_Bao_cao_tai_chinh_hop_nhat_Quy_3_nam_2025%20(1).pdf,https://www.ssi.com.vn/upload/files/IR/SSI_Bao_cao_tai_chinh_hop_nhat_Quy_3_nam_2025%20(1).pdf,data\raw\official_finance_documents\01ie\ssi_2025_q3_financial_statement_01d6b4d89d9bad8f.pdf,01d6b4d89d9bad8f7090f0ac66433fad2926ed961e150343a248f2293d0bfe06,51,0,0,0,0,0.0,0,0,0,1.0,REJECTED_PAGE,TEXT_TOO_SPARSE_FOR_NUMERIC_TABLE_DUMP,
SSI,2025-Q3,quarter,financial_statement,https://www.ssi.com.vn/upload/files/IR/SSI_Bao_cao_tai_chinh_hop_nhat_Quy_3_nam_2025%20(1).pdf,https://www.ssi.com.vn/upload/files/IR/SSI_Bao_cao_tai_chinh_hop_nhat_Quy_3_nam_2025%20(1).pdf,data\raw\official_finance_documents\01ie\ssi_2025_q3_financial_statement_01d6b4d89d9bad8f.pdf,01d6b4d89d9bad8f7090f0ac66433fad2926ed961e150343a248f2293d0bfe06,52,0,0,0,0,0.0,0,0,0,1.0,REJECTED_PAGE,TEXT_TOO_SPARSE_FOR_NUMERIC_TABLE_DUMP,
SSI,2025-Q3,quarter,financial_statement,https://www.ssi.com.vn/upload/files/IR/SSI_Bao_cao_tai_chinh_hop_nhat_Quy_3_nam_2025%20(1).pdf,https://www.ssi.com.vn/upload/files/IR/SSI_Bao_cao_tai_chinh_hop_nhat_Quy_3_nam_2025%20(1).pdf,data\raw\official_finance_documents\01ie\ssi_2025_q3_financial_statement_01d6b4d89d9bad8f.pdf,01d6b4d89d9bad8f7090f0ac66433fad2926ed961e150343a248f2293d0bfe06,53,0,0,0,0,0.0,0,0,0,1.0,REJECTED_PAGE,TEXT_TOO_SPARSE_FOR_NUMERIC_TABLE_DUMP,
SSI,2025-Q3,quarter,financial_statement,https://www.ssi.com.vn/upload/files/IR/SSI_Bao_cao_tai_chinh_hop_nhat_Quy_3_nam_2025%20(1).pdf,https://www.ssi.com.vn/upload/files/IR/SSI_Bao_cao_tai_chinh_hop_nhat_Quy_3_nam_2025%20(1).pdf,data\raw\official_finance_documents\01ie\ssi_2025_q3_financial_statement_01d6b4d89d9bad8f.pdf,01d6b4d89d9bad8f7090f0ac66433fad2926ed961e150343a248f2293d0bfe06,54,0,0,0,0,0.0,0,0,0,1.0,REJECTED_PAGE,TEXT_TOO_SPARSE_FOR_NUMERIC_TABLE_DUMP,
SSI,2025-Q3,quarter,financial_statement,https://www.ssi.com.vn/upload/files/IR/SSI_Bao_cao_tai_chinh_hop_nhat_Quy_3_nam_2025%20(1).pdf,https://www.ssi.com.vn/upload/files/IR/SSI_Bao_cao_tai_chinh_hop_nhat_Quy_3_nam_2025%20(1).pdf,data\raw\official_finance_documents\01ie\ssi_2025_q3_financial_statement_01d6b4d89d9bad8f.pdf,01d6b4d89d9bad8f7090f0ac66433fad2926ed961e150343a248f2293d0bfe06,55,0,0,0,0,0.0,0,0,0,1.0,REJECTED_PAGE,TEXT_TOO_SPARSE_FOR_NUMERIC_TABLE_DUMP,
SSI,2025-Q3,quarter,financial_statement,https://www.ssi.com.vn/upload/files/IR/SSI_Bao_cao_tai_chinh_hop_nhat_Quy_3_nam_2025%20(1).pdf,https://www.ssi.com.vn/upload/files/IR/SSI_Bao_cao_tai_chinh_hop_nhat_Quy_3_nam_2025%20(1).pdf,data\raw\official_finance_documents\01ie\ssi_2025_q3_financial_statement_01d6b4d89d9bad8f.pdf,01d6b4d89d9bad8f7090f0ac66433fad2926ed961e150343a248f2293d0bfe06,56,0,0,0,0,0.0,0,0,0,1.0,REJECTED_PAGE,TEXT_TOO_SPARSE_FOR_NUMERIC_TABLE_DUMP,
SSI,2025-Q3,quarter,financial_statement,https://www.ssi.com.vn/upload/files/IR/SSI_Bao_cao_tai_chinh_hop_nhat_Quy_3_nam_2025%20(1).pdf,https://www.ssi.com.vn/upload/files/IR/SSI_Bao_cao_tai_chinh_hop_nhat_Quy_3_nam_2025%20(1).pdf,data\raw\official_finance_documents\01ie\ssi_2025_q3_financial_statement_01d6b4d89d9bad8f.pdf,01d6b4d89d9bad8f7090f0ac66433fad2926ed961e150343a248f2293d0bfe06,57,0,0,0,0,0.0,0,0,0,1.0,REJECTED_PAGE,TEXT_TOO_SPARSE_FOR_NUMERIC_TABLE_DUMP,
SSI,2025-Q3,quarter,financial_statement,https://www.ssi.com.vn/upload/files/IR/SSI_Bao_cao_tai_chinh_hop_nhat_Quy_3_nam_2025%20(1).pdf,https://www.ssi.com.vn/upload/files/IR/SSI_Bao_cao_tai_chinh_hop_nhat_Quy_3_nam_2025%20(1).pdf,data\raw\official_finance_documents\01ie\ssi_2025_q3_financial_statement_01d6b4d89d9bad8f.pdf,01d6b4d89d9bad8f7090f0ac66433fad2926ed961e150343a248f2293d0bfe06,58,0,0,0,0,0.0,0,0,0,1.0,REJECTED_PAGE,TEXT_TOO_SPARSE_FOR_NUMERIC_TABLE_DUMP,
SSI,2025-Q3,quarter,financial_statement,https://www.ssi.com.vn/upload/files/IR/SSI_Bao_cao_tai_chinh_hop_nhat_Quy_3_nam_2025%20(1).pdf,https://www.ssi.com.vn/upload/files/IR/SSI_Bao_cao_tai_chinh_hop_nhat_Quy_3_nam_2025%20(1).pdf,data\raw\official_finance_documents\01ie\ssi_2025_q3_financial_statement_01d6b4d89d9bad8f.pdf,01d6b4d89d9bad8f7090f0ac66433fad2926ed961e150343a248f2293d0bfe06,59,0,0,0,0,0.0,0,0,0,1.0,REJECTED_PAGE,TEXT_TOO_SPARSE_FOR_NUMERIC_TABLE_DUMP,
SSI,2025-Q3,quarter,financial_statement,https://www.ssi.com.vn/upload/files/IR/SSI_Bao_cao_tai_chinh_hop_nhat_Quy_3_nam_2025%20(1).pdf,https://www.ssi.com.vn/upload/files/IR/SSI_Bao_cao_tai_chinh_hop_nhat_Quy_3_nam_2025%20(1).pdf,data\raw\official_finance_documents\01ie\ssi_2025_q3_financial_statement_01d6b4d89d9bad8f.pdf,01d6b4d89d9bad8f7090f0ac66433fad2926ed961e150343a248f2293d0bfe06,60,0,0,0,0,0.0,0,0,0,1.0,REJECTED_PAGE,TEXT_TOO_SPARSE_FOR_NUMERIC_TABLE_DUMP,
SSI,2025-Q3,quarter,financial_statement,https://www.ssi.com.vn/upload/files/IR/SSI_Bao_cao_tai_chinh_hop_nhat_Quy_3_nam_2025%20(1).pdf,https://www.ssi.com.vn/upload/files/IR/SSI_Bao_cao_tai_chinh_hop_nhat_Quy_3_nam_2025%20(1).pdf,data\raw\official_finance_documents\01ie\ssi_2025_q3_financial_statement_01d6b4d89d9bad8f.pdf,01d6b4d89d9bad8f7090f0ac66433fad2926ed961e150343a248f2293d0bfe06,61,0,0,0,0,0.0,0,0,0,1.0,REJECTED_PAGE,TEXT_TOO_SPARSE_FOR_NUMERIC_TABLE_DUMP,
SSI,2025-Q3,quarter,financial_statement,https://www.ssi.com.vn/upload/files/IR/SSI_Bao_cao_tai_chinh_hop_nhat_Quy_3_nam_2025%20(1).pdf,https://www.ssi.com.vn/upload/files/IR/SSI_Bao_cao_tai_chinh_hop_nhat_Quy_3_nam_2025%20(1).pdf,data\raw\official_finance_documents\01ie\ssi_2025_q3_financial_statement_01d6b4d89d9bad8f.pdf,01d6b4d89d9bad8f7090f0ac66433fad2926ed961e150343a248f2293d0bfe06,62,0,0,0,0,0.0,0,0,0,1.0,REJECTED_PAGE,TEXT_TOO_SPARSE_FOR_NUMERIC_TABLE_DUMP,
SSI,2025-Q3,quarter,financial_statement,https://www.ssi.com.vn/upload/files/IR/SSI_Bao_cao_tai_chinh_hop_nhat_Quy_3_nam_2025%20(1).pdf,https://www.ssi.com.vn/upload/files/IR/SSI_Bao_cao_tai_chinh_hop_nhat_Quy_3_nam_2025%20(1).pdf,data\raw\official_finance_documents\01ie\ssi_2025_q3_financial_statement_01d6b4d89d9bad8f.pdf,01d6b4d89d9bad8f7090f0ac66433fad2926ed961e150343a248f2293d0bfe06,63,0,0,0,0,0.0,0,0,0,1.0,REJECTED_PAGE,TEXT_TOO_SPARSE_FOR_NUMERIC_TABLE_DUMP,
SSI,2025-Q3,quarter,financial_statement,https://www.ssi.com.vn/upload/files/IR/SSI_Bao_cao_tai_chinh_hop_nhat_Quy_3_nam_2025%20(1).pdf,https://www.ssi.com.vn/upload/files/IR/SSI_Bao_cao_tai_chinh_hop_nhat_Quy_3_nam_2025%20(1).pdf,data\raw\official_finance_documents\01ie\ssi_2025_q3_financial_statement_01d6b4d89d9bad8f.pdf,01d6b4d89d9bad8f7090f0ac66433fad2926ed961e150343a248f2293d0bfe06,64,0,0,0,0,0.0,0,0,0,1.0,REJECTED_PAGE,TEXT_TOO_SPARSE_FOR_NUMERIC_TABLE_DUMP,
SSI,2025-Q3,quarter,financial_statement,https://www.ssi.com.vn/upload/files/IR/SSI_Bao_cao_tai_chinh_hop_nhat_Quy_3_nam_2025%20(1).pdf,https://www.ssi.com.vn/upload/files/IR/SSI_Bao_cao_tai_chinh_hop_nhat_Quy_3_nam_2025%20(1).pdf,data\raw\official_finance_documents\01ie\ssi_2025_q3_financial_statement_01d6b4d89d9bad8f.pdf,01d6b4d89d9bad8f7090f0ac66433fad2926ed961e150343a248f2293d0bfe06,65,0,0,0,0,0.0,0,0,0,1.0,REJECTED_PAGE,TEXT_TOO_SPARSE_FOR_NUMERIC_TABLE_DUMP,
SSI,2025-Q3,quarter,financial_statement,https://www.ssi.com.vn/upload/files/IR/SSI_Bao_cao_tai_chinh_hop_nhat_Quy_3_nam_2025%20(1).pdf,https://www.ssi.com.vn/upload/files/IR/SSI_Bao_cao_tai_chinh_hop_nhat_Quy_3_nam_2025%20(1).pdf,data\raw\official_finance_documents\01ie\ssi_2025_q3_financial_statement_01d6b4d89d9bad8f.pdf,01d6b4d89d9bad8f7090f0ac66433fad2926ed961e150343a248f2293d0bfe06,66,0,0,0,0,0.0,0,0,0,1.0,REJECTED_PAGE,TEXT_TOO_SPARSE_FOR_NUMERIC_TABLE_DUMP,
SSI,2025-Q3,quarter,financial_statement,https://www.ssi.com.vn/upload/files/IR/SSI_Bao_cao_tai_chinh_hop_nhat_Quy_3_nam_2025%20(1).pdf,https://www.ssi.com.vn/upload/files/IR/SSI_Bao_cao_tai_chinh_hop_nhat_Quy_3_nam_2025%20(1).pdf,data\raw\official_finance_documents\01ie\ssi_2025_q3_financial_statement_01d6b4d89d9bad8f.pdf,01d6b4d89d9bad8f7090f0ac66433fad2926ed961e150343a248f2293d0bfe06,67,0,0,0,0,0.0,0,0,0,1.0,REJECTED_PAGE,TEXT_TOO_SPARSE_FOR_NUMERIC_TABLE_DUMP,
SSI,2025-Q3,quarter,financial_statement,https://www.ssi.com.vn/upload/files/IR/SSI_Bao_cao_tai_chinh_hop_nhat_Quy_3_nam_2025%20(1).pdf,https://www.ssi.com.vn/upload/files/IR/SSI_Bao_cao_tai_chinh_hop_nhat_Quy_3_nam_2025%20(1).pdf,data\raw\official_finance_documents\01ie\ssi_2025_q3_financial_statement_01d6b4d89d9bad8f.pdf,01d6b4d89d9bad8f7090f0ac66433fad2926ed961e150343a248f2293d0bfe06,68,0,0,0,0,0.0,0,0,0,1.0,REJECTED_PAGE,TEXT_TOO_SPARSE_FOR_NUMERIC_TABLE_DUMP,
SSI,2025-Q3,quarter,financial_statement,https://www.ssi.com.vn/upload/files/IR/SSI_Bao_cao_tai_chinh_hop_nhat_Quy_3_nam_2025%20(1).pdf,https://www.ssi.com.vn/upload/files/IR/SSI_Bao_cao_tai_chinh_hop_nhat_Quy_3_nam_2025%20(1).pdf,data\raw\official_finance_documents\01ie\ssi_2025_q3_financial_statement_01d6b4d89d9bad8f.pdf,01d6b4d89d9bad8f7090f0ac66433fad2926ed961e150343a248f2293d0bfe06,69,0,0,0,0,0.0,0,0,0,1.0,REJECTED_PAGE,TEXT_TOO_SPARSE_FOR_NUMERIC_TABLE_DUMP,
SSI,2025-Q3,quarter,financial_statement,https://www.ssi.com.vn/upload/files/IR/SSI_Bao_cao_tai_chinh_hop_nhat_Quy_3_nam_2025%20(1).pdf,https://www.ssi.com.vn/upload/files/IR/SSI_Bao_cao_tai_chinh_hop_nhat_Quy_3_nam_2025%20(1).pdf,data\raw\official_finance_documents\01ie\ssi_2025_q3_financial_statement_01d6b4d89d9bad8f.pdf,01d6b4d89d9bad8f7090f0ac66433fad2926ed961e150343a248f2293d0bfe06,70,0,0,0,0,0.0,0,0,0,1.0,REJECTED_PAGE,TEXT_TOO_SPARSE_FOR_NUMERIC_TABLE_DUMP,
SSI,2025-Q3,quarter,financial_statement,https://www.ssi.com.vn/upload/files/IR/SSI_Bao_cao_tai_chinh_hop_nhat_Quy_3_nam_2025%20(1).pdf,https://www.ssi.com.vn/upload/files/IR/SSI_Bao_cao_tai_chinh_hop_nhat_Quy_3_nam_2025%20(1).pdf,data\raw\official_finance_documents\01ie\ssi_2025_q3_financial_statement_01d6b4d89d9bad8f.pdf,01d6b4d89d9bad8f7090f0ac66433fad2926ed961e150343a248f2293d0bfe06,71,0,0,0,0,0.0,0,0,0,1.0,REJECTED_PAGE,TEXT_TOO_SPARSE_FOR_NUMERIC_TABLE_DUMP,
SSI,2025-Q3,quarter,financial_statement,https://www.ssi.com.vn/upload/files/IR/SSI_Bao_cao_tai_chinh_hop_nhat_Quy_3_nam_2025%20(1).pdf,https://www.ssi.com.vn/upload/files/IR/SSI_Bao_cao_tai_chinh_hop_nhat_Quy_3_nam_2025%20(1).pdf,data\raw\official_finance_documents\01ie\ssi_2025_q3_financial_statement_01d6b4d89d9bad8f.pdf,01d6b4d89d9bad8f7090f0ac66433fad2926ed961e150343a248f2293d0bfe06,72,0,0,0,0,0.0,0,0,0,1.0,REJECTED_PAGE,TEXT_TOO_SPARSE_FOR_NUMERIC_TABLE_DUMP,
SSI,2025-Q3,quarter,financial_statement,https://www.ssi.com.vn/upload/files/IR/SSI_Bao_cao_tai_chinh_hop_nhat_Quy_3_nam_2025%20(1).pdf,https://www.ssi.com.vn/upload/files/IR/SSI_Bao_cao_tai_chinh_hop_nhat_Quy_3_nam_2025%20(1).pdf,data\raw\official_finance_documents\01ie\ssi_2025_q3_financial_statement_01d6b4d89d9bad8f.pdf,01d6b4d89d9bad8f7090f0ac66433fad2926ed961e150343a248f2293d0bfe06,73,0,0,0,0,0.0,0,0,0,1.0,REJECTED_PAGE,TEXT_TOO_SPARSE_FOR_NUMERIC_TABLE_DUMP,
NLG,2025-Q2,quarter,financial_statement,https://www.namlongvn.com/uploads/2025/07/20250725-nlg-cbtt-bao-cao-tai-chinh-quy-2-2025-hop-nhat-en.pdf,https://www.namlongvn.com/uploads/2025/07/20250725-nlg-cbtt-bao-cao-tai-chinh-quy-2-2025-hop-nhat-en.pdf/,data\raw\official_finance_documents\01ie\nlg_2025_q2_financial_statement_fa0f45875eaf46be.pdf,fa0f45875eaf46be960a14bb2fda4b0642e22c585c0a97adc5fba1760f765150,1,0,0,0,0,0.0,0,0,0,1.0,REJECTED_PAGE,TEXT_TOO_SPARSE_FOR_NUMERIC_TABLE_DUMP,
NLG,2025-Q2,quarter,financial_statement,https://www.namlongvn.com/uploads/2025/07/20250725-nlg-cbtt-bao-cao-tai-chinh-quy-2-2025-hop-nhat-en.pdf,https://www.namlongvn.com/uploads/2025/07/20250725-nlg-cbtt-bao-cao-tai-chinh-quy-2-2025-hop-nhat-en.pdf/,data\raw\official_finance_documents\01ie\nlg_2025_q2_financial_statement_fa0f45875eaf46be.pdf,fa0f45875eaf46be960a14bb2fda4b0642e22c585c0a97adc5fba1760f765150,2,0,0,0,0,0.0,0,0,0,1.0,REJECTED_PAGE,TEXT_TOO_SPARSE_FOR_NUMERIC_TABLE_DUMP,
NLG,2025-Q2,quarter,financial_statement,https://www.namlongvn.com/uploads/2025/07/20250725-nlg-cbtt-bao-cao-tai-chinh-quy-2-2025-hop-nhat-en.pdf,https://www.namlongvn.com/uploads/2025/07/20250725-nlg-cbtt-bao-cao-tai-chinh-quy-2-2025-hop-nhat-en.pdf/,data\raw\official_finance_documents\01ie\nlg_2025_q2_financial_statement_fa0f45875eaf46be.pdf,fa0f45875eaf46be960a14bb2fda4b0642e22c585c0a97adc5fba1760f765150,3,0,0,0,0,0.0,0,0,0,1.0,REJECTED_PAGE,TEXT_TOO_SPARSE_FOR_NUMERIC_TABLE_DUMP,
NLG,2025-Q2,quarter,financial_statement,https://www.namlongvn.com/uploads/2025/07/20250725-nlg-cbtt-bao-cao-tai-chinh-quy-2-2025-hop-nhat-en.pdf,https://www.namlongvn.com/uploads/2025/07/20250725-nlg-cbtt-bao-cao-tai-chinh-quy-2-2025-hop-nhat-en.pdf/,data\raw\official_finance_documents\01ie\nlg_2025_q2_financial_statement_fa0f45875eaf46be.pdf,fa0f45875eaf46be960a14bb2fda4b0642e22c585c0a97adc5fba1760f765150,4,0,0,0,0,0.0,0,0,0,1.0,REJECTED_PAGE,TEXT_TOO_SPARSE_FOR_NUMERIC_TABLE_DUMP,
NLG,2025-Q2,quarter,financial_statement,https://www.namlongvn.com/uploads/2025/07/20250725-nlg-cbtt-bao-cao-tai-chinh-quy-2-2025-hop-nhat-en.pdf,https://www.namlongvn.com/uploads/2025/07/20250725-nlg-cbtt-bao-cao-tai-chinh-quy-2-2025-hop-nhat-en.pdf/,data\raw\official_finance_documents\01ie\nlg_2025_q2_financial_statement_fa0f45875eaf46be.pdf,fa0f45875eaf46be960a14bb2fda4b0642e22c585c0a97adc5fba1760f765150,5,0,0,0,0,0.0,0,0,0,1.0,REJECTED_PAGE,TEXT_TOO_SPARSE_FOR_NUMERIC_TABLE_DUMP,
NLG,2025-Q2,quarter,financial_statement,https://www.namlongvn.com/uploads/2025/07/20250725-nlg-cbtt-bao-cao-tai-chinh-quy-2-2025-hop-nhat-en.pdf,https://www.namlongvn.com/uploads/2025/07/20250725-nlg-cbtt-bao-cao-tai-chinh-quy-2-2025-hop-nhat-en.pdf/,data\raw\official_finance_documents\01ie\nlg_2025_q2_financial_statement_fa0f45875eaf46be.pdf,fa0f45875eaf46be960a14bb2fda4b0642e22c585c0a97adc5fba1760f765150,6,0,0,0,0,0.0,0,0,0,1.0,REJECTED_PAGE,TEXT_TOO_SPARSE_FOR_NUMERIC_TABLE_DUMP,
NLG,2025-Q2,quarter,financial_statement,https://www.namlongvn.com/uploads/2025/07/20250725-nlg-cbtt-bao-cao-tai-chinh-quy-2-2025-hop-nhat-en.pdf,https://www.namlongvn.com/uploads/2025/07/20250725-nlg-cbtt-bao-cao-tai-chinh-quy-2-2025-hop-nhat-en.pdf/,data\raw\official_finance_documents\01ie\nlg_2025_q2_financial_statement_fa0f45875eaf46be.pdf,fa0f45875eaf46be960a14bb2fda4b0642e22c585c0a97adc5fba1760f765150,7,0,0,0,0,0.0,0,0,0,1.0,REJECTED_PAGE,TEXT_TOO_SPARSE_FOR_NUMERIC_TABLE_DUMP,
NLG,2025-Q2,quarter,financial_statement,https://www.namlongvn.com/uploads/2025/07/20250725-nlg-cbtt-bao-cao-tai-chinh-quy-2-2025-hop-nhat-en.pdf,https://www.namlongvn.com/uploads/2025/07/20250725-nlg-cbtt-bao-cao-tai-chinh-quy-2-2025-hop-nhat-en.pdf/,data\raw\official_finance_documents\01ie\nlg_2025_q2_financial_statement_fa0f45875eaf46be.pdf,fa0f45875eaf46be960a14bb2fda4b0642e22c585c0a97adc5fba1760f765150,8,0,0,0,0,0.0,0,0,0,1.0,REJECTED_PAGE,TEXT_TOO_SPARSE_FOR_NUMERIC_TABLE_DUMP,
NLG,2025-Q2,quarter,financial_statement,https://www.namlongvn.com/uploads/2025/07/20250725-nlg-cbtt-bao-cao-tai-chinh-quy-2-2025-hop-nhat-en.pdf,https://www.namlongvn.com/uploads/2025/07/20250725-nlg-cbtt-bao-cao-tai-chinh-quy-2-2025-hop-nhat-en.pdf/,data\raw\official_finance_documents\01ie\nlg_2025_q2_financial_statement_fa0f45875eaf46be.pdf,fa0f45875eaf46be960a14bb2fda4b0642e22c585c0a97adc5fba1760f765150,9,0,0,0,0,0.0,0,0,0,1.0,REJECTED_PAGE,TEXT_TOO_SPARSE_FOR_NUMERIC_TABLE_DUMP,
NLG,2025-Q2,quarter,financial_statement,https://www.namlongvn.com/uploads/2025/07/20250725-nlg-cbtt-bao-cao-tai-chinh-quy-2-2025-hop-nhat-en.pdf,https://www.namlongvn.com/uploads/2025/07/20250725-nlg-cbtt-bao-cao-tai-chinh-quy-2-2025-hop-nhat-en.pdf/,data\raw\official_finance_documents\01ie\nlg_2025_q2_financial_statement_fa0f45875eaf46be.pdf,fa0f45875eaf46be960a14bb2fda4b0642e22c585c0a97adc5fba1760f765150,10,0,0,0,0,0.0,0,0,0,1.0,REJECTED_PAGE,TEXT_TOO_SPARSE_FOR_NUMERIC_TABLE_DUMP,
NLG,2025-Q2,quarter,financial_statement,https://www.namlongvn.com/uploads/2025/07/20250725-nlg-cbtt-bao-cao-tai-chinh-quy-2-2025-hop-nhat-en.pdf,https://www.namlongvn.com/uploads/2025/07/20250725-nlg-cbtt-bao-cao-tai-chinh-quy-2-2025-hop-nhat-en.pdf/,data\raw\official_finance_documents\01ie\nlg_2025_q2_financial_statement_fa0f45875eaf46be.pdf,fa0f45875eaf46be960a14bb2fda4b0642e22c585c0a97adc5fba1760f765150,11,0,0,0,0,0.0,0,0,0,1.0,REJECTED_PAGE,TEXT_TOO_SPARSE_FOR_NUMERIC_TABLE_DUMP,
NLG,2025-Q2,quarter,financial_statement,https://www.namlongvn.com/uploads/2025/07/20250725-nlg-cbtt-bao-cao-tai-chinh-quy-2-2025-hop-nhat-en.pdf,https://www.namlongvn.com/uploads/2025/07/20250725-nlg-cbtt-bao-cao-tai-chinh-quy-2-2025-hop-nhat-en.pdf/,data\raw\official_finance_documents\01ie\nlg_2025_q2_financial_statement_fa0f45875eaf46be.pdf,fa0f45875eaf46be960a14bb2fda4b0642e22c585c0a97adc5fba1760f765150,12,0,0,0,0,0.0,0,0,0,1.0,REJECTED_PAGE,TEXT_TOO_SPARSE_FOR_NUMERIC_TABLE_DUMP,
NLG,2025-Q2,quarter,financial_statement,https://www.namlongvn.com/uploads/2025/07/20250725-nlg-cbtt-bao-cao-tai-chinh-quy-2-2025-hop-nhat-en.pdf,https://www.namlongvn.com/uploads/2025/07/20250725-nlg-cbtt-bao-cao-tai-chinh-quy-2-2025-hop-nhat-en.pdf/,data\raw\official_finance_documents\01ie\nlg_2025_q2_financial_statement_fa0f45875eaf46be.pdf,fa0f45875eaf46be960a14bb2fda4b0642e22c585c0a97adc5fba1760f765150,13,0,0,0,0,0.0,0,0,0,1.0,REJECTED_PAGE,TEXT_TOO_SPARSE_FOR_NUMERIC_TABLE_DUMP,
NLG,2025-Q2,quarter,financial_statement,https://www.namlongvn.com/uploads/2025/07/20250725-nlg-cbtt-bao-cao-tai-chinh-quy-2-2025-hop-nhat-en.pdf,https://www.namlongvn.com/uploads/2025/07/20250725-nlg-cbtt-bao-cao-tai-chinh-quy-2-2025-hop-nhat-en.pdf/,data\raw\official_finance_documents\01ie\nlg_2025_q2_financial_statement_fa0f45875eaf46be.pdf,fa0f45875eaf46be960a14bb2fda4b0642e22c585c0a97adc5fba1760f765150,14,0,0,0,0,0.0,0,0,0,1.0,REJECTED_PAGE,TEXT_TOO_SPARSE_FOR_NUMERIC_TABLE_DUMP,
NLG,2025-Q2,quarter,financial_statement,https://www.namlongvn.com/uploads/2025/07/20250725-nlg-cbtt-bao-cao-tai-chinh-quy-2-2025-hop-nhat-en.pdf,https://www.namlongvn.com/uploads/2025/07/20250725-nlg-cbtt-bao-cao-tai-chinh-quy-2-2025-hop-nhat-en.pdf/,data\raw\official_finance_documents\01ie\nlg_2025_q2_financial_statement_fa0f45875eaf46be.pdf,fa0f45875eaf46be960a14bb2fda4b0642e22c585c0a97adc5fba1760f765150,15,0,0,0,0,0.0,0,0,0,1.0,REJECTED_PAGE,TEXT_TOO_SPARSE_FOR_NUMERIC_TABLE_DUMP,
NLG,2025-Q2,quarter,financial_statement,https://www.namlongvn.com/uploads/2025/07/20250725-nlg-cbtt-bao-cao-tai-chinh-quy-2-2025-hop-nhat-en.pdf,https://www.namlongvn.com/uploads/2025/07/20250725-nlg-cbtt-bao-cao-tai-chinh-quy-2-2025-hop-nhat-en.pdf/,data\raw\official_finance_documents\01ie\nlg_2025_q2_financial_statement_fa0f45875eaf46be.pdf,fa0f45875eaf46be960a14bb2fda4b0642e22c585c0a97adc5fba1760f765150,16,0,0,0,0,0.0,0,0,0,1.0,REJECTED_PAGE,TEXT_TOO_SPARSE_FOR_NUMERIC_TABLE_DUMP,
NLG,2025-Q2,quarter,financial_statement,https://www.namlongvn.com/uploads/2025/07/20250725-nlg-cbtt-bao-cao-tai-chinh-quy-2-2025-hop-nhat-en.pdf,https://www.namlongvn.com/uploads/2025/07/20250725-nlg-cbtt-bao-cao-tai-chinh-quy-2-2025-hop-nhat-en.pdf/,data\raw\official_finance_documents\01ie\nlg_2025_q2_financial_statement_fa0f45875eaf46be.pdf,fa0f45875eaf46be960a14bb2fda4b0642e22c585c0a97adc5fba1760f765150,17,0,0,0,0,0.0,0,0,0,1.0,REJECTED_PAGE,TEXT_TOO_SPARSE_FOR_NUMERIC_TABLE_DUMP,
NLG,2025-Q2,quarter,financial_statement,https://www.namlongvn.com/uploads/2025/07/20250725-nlg-cbtt-bao-cao-tai-chinh-quy-2-2025-hop-nhat-en.pdf,https://www.namlongvn.com/uploads/2025/07/20250725-nlg-cbtt-bao-cao-tai-chinh-quy-2-2025-hop-nhat-en.pdf/,data\raw\official_finance_documents\01ie\nlg_2025_q2_financial_statement_fa0f45875eaf46be.pdf,fa0f45875eaf46be960a14bb2fda4b0642e22c585c0a97adc5fba1760f765150,18,0,0,0,0,0.0,0,0,0,1.0,REJECTED_PAGE,TEXT_TOO_SPARSE_FOR_NUMERIC_TABLE_DUMP,
NLG,2025-Q2,quarter,financial_statement,https://www.namlongvn.com/uploads/2025/07/20250725-nlg-cbtt-bao-cao-tai-chinh-quy-2-2025-hop-nhat-en.pdf,https://www.namlongvn.com/uploads/2025/07/20250725-nlg-cbtt-bao-cao-tai-chinh-quy-2-2025-hop-nhat-en.pdf/,data\raw\official_finance_documents\01ie\nlg_2025_q2_financial_statement_fa0f45875eaf46be.pdf,fa0f45875eaf46be960a14bb2fda4b0642e22c585c0a97adc5fba1760f765150,19,0,0,0,0,0.0,0,0,0,1.0,REJECTED_PAGE,TEXT_TOO_SPARSE_FOR_NUMERIC_TABLE_DUMP,
NLG,2025-Q2,quarter,financial_statement,https://www.namlongvn.com/uploads/2025/07/20250725-nlg-cbtt-bao-cao-tai-chinh-quy-2-2025-hop-nhat-en.pdf,https://www.namlongvn.com/uploads/2025/07/20250725-nlg-cbtt-bao-cao-tai-chinh-quy-2-2025-hop-nhat-en.pdf/,data\raw\official_finance_documents\01ie\nlg_2025_q2_financial_statement_fa0f45875eaf46be.pdf,fa0f45875eaf46be960a14bb2fda4b0642e22c585c0a97adc5fba1760f765150,20,0,0,0,0,0.0,0,0,0,1.0,REJECTED_PAGE,TEXT_TOO_SPARSE_FOR_NUMERIC_TABLE_DUMP,
NLG,2025-Q2,quarter,financial_statement,https://www.namlongvn.com/uploads/2025/07/20250725-nlg-cbtt-bao-cao-tai-chinh-quy-2-2025-hop-nhat-en.pdf,https://www.namlongvn.com/uploads/2025/07/20250725-nlg-cbtt-bao-cao-tai-chinh-quy-2-2025-hop-nhat-en.pdf/,data\raw\official_finance_documents\01ie\nlg_2025_q2_financial_statement_fa0f45875eaf46be.pdf,fa0f45875eaf46be960a14bb2fda4b0642e22c585c0a97adc5fba1760f765150,21,0,0,0,0,0.0,0,0,0,1.0,REJECTED_PAGE,TEXT_TOO_SPARSE_FOR_NUMERIC_TABLE_DUMP,
NLG,2025-Q2,quarter,financial_statement,https://www.namlongvn.com/uploads/2025/07/20250725-nlg-cbtt-bao-cao-tai-chinh-quy-2-2025-hop-nhat-en.pdf,https://www.namlongvn.com/uploads/2025/07/20250725-nlg-cbtt-bao-cao-tai-chinh-quy-2-2025-hop-nhat-en.pdf/,data\raw\official_finance_documents\01ie\nlg_2025_q2_financial_statement_fa0f45875eaf46be.pdf,fa0f45875eaf46be960a14bb2fda4b0642e22c585c0a97adc5fba1760f765150,22,0,0,0,0,0.0,0,0,0,1.0,REJECTED_PAGE,TEXT_TOO_SPARSE_FOR_NUMERIC_TABLE_DUMP,
NLG,2025-Q2,quarter,financial_statement,https://www.namlongvn.com/uploads/2025/07/20250725-nlg-cbtt-bao-cao-tai-chinh-quy-2-2025-hop-nhat-en.pdf,https://www.namlongvn.com/uploads/2025/07/20250725-nlg-cbtt-bao-cao-tai-chinh-quy-2-2025-hop-nhat-en.pdf/,data\raw\official_finance_documents\01ie\nlg_2025_q2_financial_statement_fa0f45875eaf46be.pdf,fa0f45875eaf46be960a14bb2fda4b0642e22c585c0a97adc5fba1760f765150,23,0,0,0,0,0.0,0,0,0,1.0,REJECTED_PAGE,TEXT_TOO_SPARSE_FOR_NUMERIC_TABLE_DUMP,
NLG,2025-Q2,quarter,financial_statement,https://www.namlongvn.com/uploads/2025/07/20250725-nlg-cbtt-bao-cao-tai-chinh-quy-2-2025-hop-nhat-en.pdf,https://www.namlongvn.com/uploads/2025/07/20250725-nlg-cbtt-bao-cao-tai-chinh-quy-2-2025-hop-nhat-en.pdf/,data\raw\official_finance_documents\01ie\nlg_2025_q2_financial_statement_fa0f45875eaf46be.pdf,fa0f45875eaf46be960a14bb2fda4b0642e22c585c0a97adc5fba1760f765150,24,0,0,0,0,0.0,0,0,0,1.0,REJECTED_PAGE,TEXT_TOO_SPARSE_FOR_NUMERIC_TABLE_DUMP,
NLG,2025-Q2,quarter,financial_statement,https://www.namlongvn.com/uploads/2025/07/20250725-nlg-cbtt-bao-cao-tai-chinh-quy-2-2025-hop-nhat-en.pdf,https://www.namlongvn.com/uploads/2025/07/20250725-nlg-cbtt-bao-cao-tai-chinh-quy-2-2025-hop-nhat-en.pdf/,data\raw\official_finance_documents\01ie\nlg_2025_q2_financial_statement_fa0f45875eaf46be.pdf,fa0f45875eaf46be960a14bb2fda4b0642e22c585c0a97adc5fba1760f765150,25,0,0,0,0,0.0,0,0,0,1.0,REJECTED_PAGE,TEXT_TOO_SPARSE_FOR_NUMERIC_TABLE_DUMP,
NLG,2025-Q2,quarter,financial_statement,https://www.namlongvn.com/uploads/2025/07/20250725-nlg-cbtt-bao-cao-tai-chinh-quy-2-2025-hop-nhat-en.pdf,https://www.namlongvn.com/uploads/2025/07/20250725-nlg-cbtt-bao-cao-tai-chinh-quy-2-2025-hop-nhat-en.pdf/,data\raw\official_finance_documents\01ie\nlg_2025_q2_financial_statement_fa0f45875eaf46be.pdf,fa0f45875eaf46be960a14bb2fda4b0642e22c585c0a97adc5fba1760f765150,26,0,0,0,0,0.0,0,0,0,1.0,REJECTED_PAGE,TEXT_TOO_SPARSE_FOR_NUMERIC_TABLE_DUMP,
NLG,2025-Q2,quarter,financial_statement,https://www.namlongvn.com/uploads/2025/07/20250725-nlg-cbtt-bao-cao-tai-chinh-quy-2-2025-hop-nhat-en.pdf,https://www.namlongvn.com/uploads/2025/07/20250725-nlg-cbtt-bao-cao-tai-chinh-quy-2-2025-hop-nhat-en.pdf/,data\raw\official_finance_documents\01ie\nlg_2025_q2_financial_statement_fa0f45875eaf46be.pdf,fa0f45875eaf46be960a14bb2fda4b0642e22c585c0a97adc5fba1760f765150,27,0,0,0,0,0.0,0,0,0,1.0,REJECTED_PAGE,TEXT_TOO_SPARSE_FOR_NUMERIC_TABLE_DUMP,
NLG,2025-Q2,quarter,financial_statement,https://www.namlongvn.com/uploads/2025/07/20250725-nlg-cbtt-bao-cao-tai-chinh-quy-2-2025-hop-nhat-en.pdf,https://www.namlongvn.com/uploads/2025/07/20250725-nlg-cbtt-bao-cao-tai-chinh-quy-2-2025-hop-nhat-en.pdf/,data\raw\official_finance_documents\01ie\nlg_2025_q2_financial_statement_fa0f45875eaf46be.pdf,fa0f45875eaf46be960a14bb2fda4b0642e22c585c0a97adc5fba1760f765150,28,0,0,0,0,0.0,0,0,0,1.0,REJECTED_PAGE,TEXT_TOO_SPARSE_FOR_NUMERIC_TABLE_DUMP,
NLG,2025-Q2,quarter,financial_statement,https://www.namlongvn.com/uploads/2025/07/20250725-nlg-cbtt-bao-cao-tai-chinh-quy-2-2025-hop-nhat-en.pdf,https://www.namlongvn.com/uploads/2025/07/20250725-nlg-cbtt-bao-cao-tai-chinh-quy-2-2025-hop-nhat-en.pdf/,data\raw\official_finance_documents\01ie\nlg_2025_q2_financial_statement_fa0f45875eaf46be.pdf,fa0f45875eaf46be960a14bb2fda4b0642e22c585c0a97adc5fba1760f765150,29,0,0,0,0,0.0,0,0,0,1.0,REJECTED_PAGE,TEXT_TOO_SPARSE_FOR_NUMERIC_TABLE_DUMP,
NLG,2025-Q2,quarter,financial_statement,https://www.namlongvn.com/uploads/2025/07/20250725-nlg-cbtt-bao-cao-tai-chinh-quy-2-2025-hop-nhat-en.pdf,https://www.namlongvn.com/uploads/2025/07/20250725-nlg-cbtt-bao-cao-tai-chinh-quy-2-2025-hop-nhat-en.pdf/,data\raw\official_finance_documents\01ie\nlg_2025_q2_financial_statement_fa0f45875eaf46be.pdf,fa0f45875eaf46be960a14bb2fda4b0642e22c585c0a97adc5fba1760f765150,30,0,0,0,0,0.0,0,0,0,1.0,REJECTED_PAGE,TEXT_TOO_SPARSE_FOR_NUMERIC_TABLE_DUMP,
NLG,2025-Q2,quarter,financial_statement,https://www.namlongvn.com/uploads/2025/07/20250725-nlg-cbtt-bao-cao-tai-chinh-quy-2-2025-hop-nhat-en.pdf,https://www.namlongvn.com/uploads/2025/07/20250725-nlg-cbtt-bao-cao-tai-chinh-quy-2-2025-hop-nhat-en.pdf/,data\raw\official_finance_documents\01ie\nlg_2025_q2_financial_statement_fa0f45875eaf46be.pdf,fa0f45875eaf46be960a14bb2fda4b0642e22c585c0a97adc5fba1760f765150,31,0,0,0,0,0.0,0,0,0,1.0,REJECTED_PAGE,TEXT_TOO_SPARSE_FOR_NUMERIC_TABLE_DUMP,
NLG,2025-Q2,quarter,financial_statement,https://www.namlongvn.com/uploads/2025/07/20250725-nlg-cbtt-bao-cao-tai-chinh-quy-2-2025-hop-nhat-en.pdf,https://www.namlongvn.com/uploads/2025/07/20250725-nlg-cbtt-bao-cao-tai-chinh-quy-2-2025-hop-nhat-en.pdf/,data\raw\official_finance_documents\01ie\nlg_2025_q2_financial_statement_fa0f45875eaf46be.pdf,fa0f45875eaf46be960a14bb2fda4b0642e22c585c0a97adc5fba1760f765150,32,0,0,0,0,0.0,0,0,0,1.0,REJECTED_PAGE,TEXT_TOO_SPARSE_FOR_NUMERIC_TABLE_DUMP,
NLG,2025-Q2,quarter,financial_statement,https://www.namlongvn.com/uploads/2025/07/20250725-nlg-cbtt-bao-cao-tai-chinh-quy-2-2025-hop-nhat-en.pdf,https://www.namlongvn.com/uploads/2025/07/20250725-nlg-cbtt-bao-cao-tai-chinh-quy-2-2025-hop-nhat-en.pdf/,data\raw\official_finance_documents\01ie\nlg_2025_q2_financial_statement_fa0f45875eaf46be.pdf,fa0f45875eaf46be960a14bb2fda4b0642e22c585c0a97adc5fba1760f765150,33,0,0,0,0,0.0,0,0,0,1.0,REJECTED_PAGE,TEXT_TOO_SPARSE_FOR_NUMERIC_TABLE_DUMP,
NLG,2025-Q2,quarter,financial_statement,https://www.namlongvn.com/uploads/2025/07/20250725-nlg-cbtt-bao-cao-tai-chinh-quy-2-2025-hop-nhat-en.pdf,https://www.namlongvn.com/uploads/2025/07/20250725-nlg-cbtt-bao-cao-tai-chinh-quy-2-2025-hop-nhat-en.pdf/,data\raw\official_finance_documents\01ie\nlg_2025_q2_financial_statement_fa0f45875eaf46be.pdf,fa0f45875eaf46be960a14bb2fda4b0642e22c585c0a97adc5fba1760f765150,34,0,0,0,0,0.0,0,0,0,1.0,REJECTED_PAGE,TEXT_TOO_SPARSE_FOR_NUMERIC_TABLE_DUMP,
NLG,2025-Q2,quarter,financial_statement,https://www.namlongvn.com/uploads/2025/07/20250725-nlg-cbtt-bao-cao-tai-chinh-quy-2-2025-hop-nhat-en.pdf,https://www.namlongvn.com/uploads/2025/07/20250725-nlg-cbtt-bao-cao-tai-chinh-quy-2-2025-hop-nhat-en.pdf/,data\raw\official_finance_documents\01ie\nlg_2025_q2_financial_statement_fa0f45875eaf46be.pdf,fa0f45875eaf46be960a14bb2fda4b0642e22c585c0a97adc5fba1760f765150,35,0,0,0,0,0.0,0,0,0,1.0,REJECTED_PAGE,TEXT_TOO_SPARSE_FOR_NUMERIC_TABLE_DUMP,
NLG,2025-Q2,quarter,financial_statement,https://www.namlongvn.com/uploads/2025/07/20250725-nlg-cbtt-bao-cao-tai-chinh-quy-2-2025-hop-nhat-en.pdf,https://www.namlongvn.com/uploads/2025/07/20250725-nlg-cbtt-bao-cao-tai-chinh-quy-2-2025-hop-nhat-en.pdf/,data\raw\official_finance_documents\01ie\nlg_2025_q2_financial_statement_fa0f45875eaf46be.pdf,fa0f45875eaf46be960a14bb2fda4b0642e22c585c0a97adc5fba1760f765150,36,0,0,0,0,0.0,0,0,0,1.0,REJECTED_PAGE,TEXT_TOO_SPARSE_FOR_NUMERIC_TABLE_DUMP,
NLG,2025-Q2,quarter,financial_statement,https://www.namlongvn.com/uploads/2025/07/20250725-nlg-cbtt-bao-cao-tai-chinh-quy-2-2025-hop-nhat-en.pdf,https://www.namlongvn.com/uploads/2025/07/20250725-nlg-cbtt-bao-cao-tai-chinh-quy-2-2025-hop-nhat-en.pdf/,data\raw\official_finance_documents\01ie\nlg_2025_q2_financial_statement_fa0f45875eaf46be.pdf,fa0f45875eaf46be960a14bb2fda4b0642e22c585c0a97adc5fba1760f765150,37,0,0,0,0,0.0,0,0,0,1.0,REJECTED_PAGE,TEXT_TOO_SPARSE_FOR_NUMERIC_TABLE_DUMP,
NLG,2025-Q2,quarter,financial_statement,https://www.namlongvn.com/uploads/2025/07/20250725-nlg-cbtt-bao-cao-tai-chinh-quy-2-2025-hop-nhat-en.pdf,https://www.namlongvn.com/uploads/2025/07/20250725-nlg-cbtt-bao-cao-tai-chinh-quy-2-2025-hop-nhat-en.pdf/,data\raw\official_finance_documents\01ie\nlg_2025_q2_financial_statement_fa0f45875eaf46be.pdf,fa0f45875eaf46be960a14bb2fda4b0642e22c585c0a97adc5fba1760f765150,38,0,0,0,0,0.0,0,0,0,1.0,REJECTED_PAGE,TEXT_TOO_SPARSE_FOR_NUMERIC_TABLE_DUMP,
NLG,2025-Q2,quarter,financial_statement,https://www.namlongvn.com/uploads/2025/07/20250725-nlg-cbtt-bao-cao-tai-chinh-quy-2-2025-hop-nhat-en.pdf,https://www.namlongvn.com/uploads/2025/07/20250725-nlg-cbtt-bao-cao-tai-chinh-quy-2-2025-hop-nhat-en.pdf/,data\raw\official_finance_documents\01ie\nlg_2025_q2_financial_statement_fa0f45875eaf46be.pdf,fa0f45875eaf46be960a14bb2fda4b0642e22c585c0a97adc5fba1760f765150,39,0,0,0,0,0.0,0,0,0,1.0,REJECTED_PAGE,TEXT_TOO_SPARSE_FOR_NUMERIC_TABLE_DUMP,
NLG,2025-Q2,quarter,financial_statement,https://www.namlongvn.com/uploads/2025/07/20250725-nlg-cbtt-bao-cao-tai-chinh-quy-2-2025-hop-nhat-en.pdf,https://www.namlongvn.com/uploads/2025/07/20250725-nlg-cbtt-bao-cao-tai-chinh-quy-2-2025-hop-nhat-en.pdf/,data\raw\official_finance_documents\01ie\nlg_2025_q2_financial_statement_fa0f45875eaf46be.pdf,fa0f45875eaf46be960a14bb2fda4b0642e22c585c0a97adc5fba1760f765150,40,0,0,0,0,0.0,0,0,0,1.0,REJECTED_PAGE,TEXT_TOO_SPARSE_FOR_NUMERIC_TABLE_DUMP,
NLG,2025-Q2,quarter,financial_statement,https://www.namlongvn.com/uploads/2025/07/20250725-nlg-cbtt-bao-cao-tai-chinh-quy-2-2025-hop-nhat-en.pdf,https://www.namlongvn.com/uploads/2025/07/20250725-nlg-cbtt-bao-cao-tai-chinh-quy-2-2025-hop-nhat-en.pdf/,data\raw\official_finance_documents\01ie\nlg_2025_q2_financial_statement_fa0f45875eaf46be.pdf,fa0f45875eaf46be960a14bb2fda4b0642e22c585c0a97adc5fba1760f765150,41,0,0,0,0,0.0,0,0,0,1.0,REJECTED_PAGE,TEXT_TOO_SPARSE_FOR_NUMERIC_TABLE_DUMP,
NLG,2025-Q2,quarter,financial_statement,https://www.namlongvn.com/uploads/2025/07/20250725-nlg-cbtt-bao-cao-tai-chinh-quy-2-2025-hop-nhat-en.pdf,https://www.namlongvn.com/uploads/2025/07/20250725-nlg-cbtt-bao-cao-tai-chinh-quy-2-2025-hop-nhat-en.pdf/,data\raw\official_finance_documents\01ie\nlg_2025_q2_financial_statement_fa0f45875eaf46be.pdf,fa0f45875eaf46be960a14bb2fda4b0642e22c585c0a97adc5fba1760f765150,42,0,0,0,0,0.0,0,0,0,1.0,REJECTED_PAGE,TEXT_TOO_SPARSE_FOR_NUMERIC_TABLE_DUMP,
NLG,2025-Q2,quarter,financial_statement,https://www.namlongvn.com/uploads/2025/07/20250725-nlg-cbtt-bao-cao-tai-chinh-quy-2-2025-hop-nhat-en.pdf,https://www.namlongvn.com/uploads/2025/07/20250725-nlg-cbtt-bao-cao-tai-chinh-quy-2-2025-hop-nhat-en.pdf/,data\raw\official_finance_documents\01ie\nlg_2025_q2_financial_statement_fa0f45875eaf46be.pdf,fa0f45875eaf46be960a14bb2fda4b0642e22c585c0a97adc5fba1760f765150,43,0,0,0,0,0.0,0,0,0,1.0,REJECTED_PAGE,TEXT_TOO_SPARSE_FOR_NUMERIC_TABLE_DUMP,
NLG,2025-Q2,quarter,financial_statement,https://www.namlongvn.com/uploads/2025/07/20250725-nlg-cbtt-bao-cao-tai-chinh-quy-2-2025-hop-nhat-en.pdf,https://www.namlongvn.com/uploads/2025/07/20250725-nlg-cbtt-bao-cao-tai-chinh-quy-2-2025-hop-nhat-en.pdf/,data\raw\official_finance_documents\01ie\nlg_2025_q2_financial_statement_fa0f45875eaf46be.pdf,fa0f45875eaf46be960a14bb2fda4b0642e22c585c0a97adc5fba1760f765150,44,0,0,0,0,0.0,0,0,0,1.0,REJECTED_PAGE,TEXT_TOO_SPARSE_FOR_NUMERIC_TABLE_DUMP,
NLG,2025-Q2,quarter,financial_statement,https://www.namlongvn.com/uploads/2025/07/20250725-nlg-cbtt-bao-cao-tai-chinh-quy-2-2025-hop-nhat-en.pdf,https://www.namlongvn.com/uploads/2025/07/20250725-nlg-cbtt-bao-cao-tai-chinh-quy-2-2025-hop-nhat-en.pdf/,data\raw\official_finance_documents\01ie\nlg_2025_q2_financial_statement_fa0f45875eaf46be.pdf,fa0f45875eaf46be960a14bb2fda4b0642e22c585c0a97adc5fba1760f765150,45,0,0,0,0,0.0,0,0,0,1.0,REJECTED_PAGE,TEXT_TOO_SPARSE_FOR_NUMERIC_TABLE_DUMP,
NLG,2025-Q2,quarter,financial_statement,https://www.namlongvn.com/uploads/2025/07/20250725-nlg-cbtt-bao-cao-tai-chinh-quy-2-2025-hop-nhat-en.pdf,https://www.namlongvn.com/uploads/2025/07/20250725-nlg-cbtt-bao-cao-tai-chinh-quy-2-2025-hop-nhat-en.pdf/,data\raw\official_finance_documents\01ie\nlg_2025_q2_financial_statement_fa0f45875eaf46be.pdf,fa0f45875eaf46be960a14bb2fda4b0642e22c585c0a97adc5fba1760f765150,46,0,0,0,0,0.0,0,0,0,1.0,REJECTED_PAGE,TEXT_TOO_SPARSE_FOR_NUMERIC_TABLE_DUMP,
NLG,2025-Q2,quarter,financial_statement,https://www.namlongvn.com/uploads/2025/07/20250725-nlg-cbtt-bao-cao-tai-chinh-quy-2-2025-hop-nhat-en.pdf,https://www.namlongvn.com/uploads/2025/07/20250725-nlg-cbtt-bao-cao-tai-chinh-quy-2-2025-hop-nhat-en.pdf/,data\raw\official_finance_documents\01ie\nlg_2025_q2_financial_statement_fa0f45875eaf46be.pdf,fa0f45875eaf46be960a14bb2fda4b0642e22c585c0a97adc5fba1760f765150,47,0,0,0,0,0.0,0,0,0,1.0,REJECTED_PAGE,TEXT_TOO_SPARSE_FOR_NUMERIC_TABLE_DUMP,
PVS,2025-Q2,quarter,financial_statement,https://www.ptsc.com.vn/Data/Sites/1/media/codong/2025/BCTC Q2_Webiste.pdf,https://www.ptsc.com.vn/Data/Sites/1/media/codong/2025/BCTC%20Q2_Webiste.pdf,data\raw\official_finance_documents\01ie\pvs_2025_q2_financial_statement_4b78ed50d5120d57.pdf,4b78ed50d5120d5774dd26b50cda33e33fa1125959ccabc0f942c5328387638b,1,85,81,7,1,0.0526,0,0,0,1.35,REJECTED_PAGE,LOW_NUMERIC_TOKEN_COUNT,Văn bản được tải lên hệ thống eoffice.ptsc.com.vn. Với số định danh: 166/CV-TK/2025
PVS,2025-Q2,quarter,financial_statement,https://www.ptsc.com.vn/Data/Sites/1/media/codong/2025/BCTC Q2_Webiste.pdf,https://www.ptsc.com.vn/Data/Sites/1/media/codong/2025/BCTC%20Q2_Webiste.pdf,data\raw\official_finance_documents\01ie\pvs_2025_q2_financial_statement_4b78ed50d5120d57.pdf,4b78ed50d5120d5774dd26b50cda33e33fa1125959ccabc0f942c5328387638b,2,85,81,7,1,0.0526,0,0,0,1.35,REJECTED_PAGE,LOW_NUMERIC_TOKEN_COUNT,Văn bản được tải lên hệ thống eoffice.ptsc.com.vn. Với số định danh: 166/CV-TK/2025
PVS,2025-Q2,quarter,financial_statement,https://www.ptsc.com.vn/Data/Sites/1/media/codong/2025/BCTC Q2_Webiste.pdf,https://www.ptsc.com.vn/Data/Sites/1/media/codong/2025/BCTC%20Q2_Webiste.pdf,data\raw\official_finance_documents\01ie\pvs_2025_q2_financial_statement_4b78ed50d5120d57.pdf,4b78ed50d5120d5774dd26b50cda33e33fa1125959ccabc0f942c5328387638b,3,85,81,7,1,0.0526,0,0,0,1.35,REJECTED_PAGE,LOW_NUMERIC_TOKEN_COUNT,Văn bản được tải lên hệ thống eoffice.ptsc.com.vn. Với số định danh: 166/CV-TK/2025
PVS,2025-Q2,quarter,financial_statement,https://www.ptsc.com.vn/Data/Sites/1/media/codong/2025/BCTC Q2_Webiste.pdf,https://www.ptsc.com.vn/Data/Sites/1/media/codong/2025/BCTC%20Q2_Webiste.pdf,data\raw\official_finance_documents\01ie\pvs_2025_q2_financial_statement_4b78ed50d5120d57.pdf,4b78ed50d5120d5774dd26b50cda33e33fa1125959ccabc0f942c5328387638b,4,85,81,7,1,0.0526,0,0,0,1.35,REJECTED_PAGE,LOW_NUMERIC_TOKEN_COUNT,Văn bản được tải lên hệ thống eoffice.ptsc.com.vn. Với số định danh: 166/CV-TK/2025
PVS,2025-Q2,quarter,financial_statement,https://www.ptsc.com.vn/Data/Sites/1/media/codong/2025/BCTC Q2_Webiste.pdf,https://www.ptsc.com.vn/Data/Sites/1/media/codong/2025/BCTC%20Q2_Webiste.pdf,data\raw\official_finance_documents\01ie\pvs_2025_q2_financial_statement_4b78ed50d5120d57.pdf,4b78ed50d5120d5774dd26b50cda33e33fa1125959ccabc0f942c5328387638b,5,85,81,7,1,0.0526,0,0,0,1.35,REJECTED_PAGE,LOW_NUMERIC_TOKEN_COUNT,Văn bản được tải lên hệ thống eoffice.ptsc.com.vn. Với số định danh: 166/CV-TK/2025
PVS,2025-Q2,quarter,financial_statement,https://www.ptsc.com.vn/Data/Sites/1/media/codong/2025/BCTC Q2_Webiste.pdf,https://www.ptsc.com.vn/Data/Sites/1/media/codong/2025/BCTC%20Q2_Webiste.pdf,data\raw\official_finance_documents\01ie\pvs_2025_q2_financial_statement_4b78ed50d5120d57.pdf,4b78ed50d5120d5774dd26b50cda33e33fa1125959ccabc0f942c5328387638b,6,85,81,7,1,0.0526,0,0,0,1.35,REJECTED_PAGE,LOW_NUMERIC_TOKEN_COUNT,Văn bản được tải lên hệ thống eoffice.ptsc.com.vn. Với số định danh: 166/CV-TK/2025
PVS,2025-Q2,quarter,financial_statement,https://www.ptsc.com.vn/Data/Sites/1/media/codong/2025/BCTC Q2_Webiste.pdf,https://www.ptsc.com.vn/Data/Sites/1/media/codong/2025/BCTC%20Q2_Webiste.pdf,data\raw\official_finance_documents\01ie\pvs_2025_q2_financial_statement_4b78ed50d5120d57.pdf,4b78ed50d5120d5774dd26b50cda33e33fa1125959ccabc0f942c5328387638b,7,85,81,7,1,0.0526,0,0,0,1.35,REJECTED_PAGE,LOW_NUMERIC_TOKEN_COUNT,Văn bản được tải lên hệ thống eoffice.ptsc.com.vn. Với số định danh: 166/CV-TK/2025
PVS,2025-Q2,quarter,financial_statement,https://www.ptsc.com.vn/Data/Sites/1/media/codong/2025/BCTC Q2_Webiste.pdf,https://www.ptsc.com.vn/Data/Sites/1/media/codong/2025/BCTC%20Q2_Webiste.pdf,data\raw\official_finance_documents\01ie\pvs_2025_q2_financial_statement_4b78ed50d5120d57.pdf,4b78ed50d5120d5774dd26b50cda33e33fa1125959ccabc0f942c5328387638b,8,85,81,7,1,0.0526,0,0,0,1.35,REJECTED_PAGE,LOW_NUMERIC_TOKEN_COUNT,Văn bản được tải lên hệ thống eoffice.ptsc.com.vn. Với số định danh: 166/CV-TK/2025
PVS,2025-Q2,quarter,financial_statement,https://www.ptsc.com.vn/Data/Sites/1/media/codong/2025/BCTC Q2_Webiste.pdf,https://www.ptsc.com.vn/Data/Sites/1/media/codong/2025/BCTC%20Q2_Webiste.pdf,data\raw\official_finance_documents\01ie\pvs_2025_q2_financial_statement_4b78ed50d5120d57.pdf,4b78ed50d5120d5774dd26b50cda33e33fa1125959ccabc0f942c5328387638b,9,85,81,7,1,0.0526,0,0,0,1.35,REJECTED_PAGE,LOW_NUMERIC_TOKEN_COUNT,Văn bản được tải lên hệ thống eoffice.ptsc.com.vn. Với số định danh: 166/CV-TK/2025
PVS,2025-Q2,quarter,financial_statement,https://www.ptsc.com.vn/Data/Sites/1/media/codong/2025/BCTC Q2_Webiste.pdf,https://www.ptsc.com.vn/Data/Sites/1/media/codong/2025/BCTC%20Q2_Webiste.pdf,data\raw\official_finance_documents\01ie\pvs_2025_q2_financial_statement_4b78ed50d5120d57.pdf,4b78ed50d5120d5774dd26b50cda33e33fa1125959ccabc0f942c5328387638b,10,85,81,7,1,0.0526,0,0,0,1.35,REJECTED_PAGE,LOW_NUMERIC_TOKEN_COUNT,Văn bản được tải lên hệ thống eoffice.ptsc.com.vn. Với số định danh: 166/CV-TK/2025
PVS,2025-Q2,quarter,financial_statement,https://www.ptsc.com.vn/Data/Sites/1/media/codong/2025/BCTC Q2_Webiste.pdf,https://www.ptsc.com.vn/Data/Sites/1/media/codong/2025/BCTC%20Q2_Webiste.pdf,data\raw\official_finance_documents\01ie\pvs_2025_q2_financial_statement_4b78ed50d5120d57.pdf,4b78ed50d5120d5774dd26b50cda33e33fa1125959ccabc0f942c5328387638b,11,85,81,7,1,0.0526,0,0,0,1.35,REJECTED_PAGE,LOW_NUMERIC_TOKEN_COUNT,Văn bản được tải lên hệ thống eoffice.ptsc.com.vn. Với số định danh: 166/CV-TK/2025
PVS,2025-Q2,quarter,financial_statement,https://www.ptsc.com.vn/Data/Sites/1/media/codong/2025/BCTC Q2_Webiste.pdf,https://www.ptsc.com.vn/Data/Sites/1/media/codong/2025/BCTC%20Q2_Webiste.pdf,data\raw\official_finance_documents\01ie\pvs_2025_q2_financial_statement_4b78ed50d5120d57.pdf,4b78ed50d5120d5774dd26b50cda33e33fa1125959ccabc0f942c5328387638b,12,85,81,7,1,0.0526,0,0,0,1.35,REJECTED_PAGE,LOW_NUMERIC_TOKEN_COUNT,Văn bản được tải lên hệ thống eoffice.ptsc.com.vn. Với số định danh: 166/CV-TK/2025
PVS,2025-Q2,quarter,financial_statement,https://www.ptsc.com.vn/Data/Sites/1/media/codong/2025/BCTC Q2_Webiste.pdf,https://www.ptsc.com.vn/Data/Sites/1/media/codong/2025/BCTC%20Q2_Webiste.pdf,data\raw\official_finance_documents\01ie\pvs_2025_q2_financial_statement_4b78ed50d5120d57.pdf,4b78ed50d5120d5774dd26b50cda33e33fa1125959ccabc0f942c5328387638b,13,85,81,7,1,0.0526,0,0,0,1.35,REJECTED_PAGE,LOW_NUMERIC_TOKEN_COUNT,Văn bản được tải lên hệ thống eoffice.ptsc.com.vn. Với số định danh: 166/CV-TK/2025
PVS,2025-Q2,quarter,financial_statement,https://www.ptsc.com.vn/Data/Sites/1/media/codong/2025/BCTC Q2_Webiste.pdf,https://www.ptsc.com.vn/Data/Sites/1/media/codong/2025/BCTC%20Q2_Webiste.pdf,data\raw\official_finance_documents\01ie\pvs_2025_q2_financial_statement_4b78ed50d5120d57.pdf,4b78ed50d5120d5774dd26b50cda33e33fa1125959ccabc0f942c5328387638b,14,85,81,7,1,0.0526,0,0,0,1.35,REJECTED_PAGE,LOW_NUMERIC_TOKEN_COUNT,Văn bản được tải lên hệ thống eoffice.ptsc.com.vn. Với số định danh: 166/CV-TK/2025
PVS,2025-Q2,quarter,financial_statement,https://www.ptsc.com.vn/Data/Sites/1/media/codong/2025/BCTC Q2_Webiste.pdf,https://www.ptsc.com.vn/Data/Sites/1/media/codong/2025/BCTC%20Q2_Webiste.pdf,data\raw\official_finance_documents\01ie\pvs_2025_q2_financial_statement_4b78ed50d5120d57.pdf,4b78ed50d5120d5774dd26b50cda33e33fa1125959ccabc0f942c5328387638b,15,85,81,7,1,0.0526,0,0,0,1.35,REJECTED_PAGE,LOW_NUMERIC_TOKEN_COUNT,Văn bản được tải lên hệ thống eoffice.ptsc.com.vn. Với số định danh: 166/CV-TK/2025
PVS,2025-Q2,quarter,financial_statement,https://www.ptsc.com.vn/Data/Sites/1/media/codong/2025/BCTC Q2_Webiste.pdf,https://www.ptsc.com.vn/Data/Sites/1/media/codong/2025/BCTC%20Q2_Webiste.pdf,data\raw\official_finance_documents\01ie\pvs_2025_q2_financial_statement_4b78ed50d5120d57.pdf,4b78ed50d5120d5774dd26b50cda33e33fa1125959ccabc0f942c5328387638b,16,85,81,7,1,0.0526,0,0,0,1.35,REJECTED_PAGE,LOW_NUMERIC_TOKEN_COUNT,Văn bản được tải lên hệ thống eoffice.ptsc.com.vn. Với số định danh: 166/CV-TK/2025
PVS,2025-Q2,quarter,financial_statement,https://www.ptsc.com.vn/Data/Sites/1/media/codong/2025/BCTC Q2_Webiste.pdf,https://www.ptsc.com.vn/Data/Sites/1/media/codong/2025/BCTC%20Q2_Webiste.pdf,data\raw\official_finance_documents\01ie\pvs_2025_q2_financial_statement_4b78ed50d5120d57.pdf,4b78ed50d5120d5774dd26b50cda33e33fa1125959ccabc0f942c5328387638b,17,85,81,7,1,0.0526,0,0,0,1.35,REJECTED_PAGE,LOW_NUMERIC_TOKEN_COUNT,Văn bản được tải lên hệ thống eoffice.ptsc.com.vn. Với số định danh: 166/CV-TK/2025
PVS,2025-Q2,quarter,financial_statement,https://www.ptsc.com.vn/Data/Sites/1/media/codong/2025/BCTC Q2_Webiste.pdf,https://www.ptsc.com.vn/Data/Sites/1/media/codong/2025/BCTC%20Q2_Webiste.pdf,data\raw\official_finance_documents\01ie\pvs_2025_q2_financial_statement_4b78ed50d5120d57.pdf,4b78ed50d5120d5774dd26b50cda33e33fa1125959ccabc0f942c5328387638b,18,85,81,7,1,0.0526,0,0,0,1.35,REJECTED_PAGE,LOW_NUMERIC_TOKEN_COUNT,Văn bản được tải lên hệ thống eoffice.ptsc.com.vn. Với số định danh: 166/CV-TK/2025
PVS,2025-Q2,quarter,financial_statement,https://www.ptsc.com.vn/Data/Sites/1/media/codong/2025/BCTC Q2_Webiste.pdf,https://www.ptsc.com.vn/Data/Sites/1/media/codong/2025/BCTC%20Q2_Webiste.pdf,data\raw\official_finance_documents\01ie\pvs_2025_q2_financial_statement_4b78ed50d5120d57.pdf,4b78ed50d5120d5774dd26b50cda33e33fa1125959ccabc0f942c5328387638b,19,85,81,7,1,0.0526,0,0,0,1.35,REJECTED_PAGE,LOW_NUMERIC_TOKEN_COUNT,Văn bản được tải lên hệ thống eoffice.ptsc.com.vn. Với số định danh: 166/CV-TK/2025
PVS,2025-Q2,quarter,financial_statement,https://www.ptsc.com.vn/Data/Sites/1/media/codong/2025/BCTC Q2_Webiste.pdf,https://www.ptsc.com.vn/Data/Sites/1/media/codong/2025/BCTC%20Q2_Webiste.pdf,data\raw\official_finance_documents\01ie\pvs_2025_q2_financial_statement_4b78ed50d5120d57.pdf,4b78ed50d5120d5774dd26b50cda33e33fa1125959ccabc0f942c5328387638b,20,85,81,7,1,0.0526,0,0,0,1.35,REJECTED_PAGE,LOW_NUMERIC_TOKEN_COUNT,Văn bản được tải lên hệ thống eoffice.ptsc.com.vn. Với số định danh: 166/CV-TK/2025
PVS,2025-Q2,quarter,financial_statement,https://www.ptsc.com.vn/Data/Sites/1/media/codong/2025/BCTC Q2_Webiste.pdf,https://www.ptsc.com.vn/Data/Sites/1/media/codong/2025/BCTC%20Q2_Webiste.pdf,data\raw\official_finance_documents\01ie\pvs_2025_q2_financial_statement_4b78ed50d5120d57.pdf,4b78ed50d5120d5774dd26b50cda33e33fa1125959ccabc0f942c5328387638b,21,85,81,7,1,0.0526,0,0,0,1.35,REJECTED_PAGE,LOW_NUMERIC_TOKEN_COUNT,Văn bản được tải lên hệ thống eoffice.ptsc.com.vn. Với số định danh: 166/CV-TK/2025
PVS,2025-Q2,quarter,financial_statement,https://www.ptsc.com.vn/Data/Sites/1/media/codong/2025/BCTC Q2_Webiste.pdf,https://www.ptsc.com.vn/Data/Sites/1/media/codong/2025/BCTC%20Q2_Webiste.pdf,data\raw\official_finance_documents\01ie\pvs_2025_q2_financial_statement_4b78ed50d5120d57.pdf,4b78ed50d5120d5774dd26b50cda33e33fa1125959ccabc0f942c5328387638b,22,85,81,7,1,0.0526,0,0,0,1.35,REJECTED_PAGE,LOW_NUMERIC_TOKEN_COUNT,Văn bản được tải lên hệ thống eoffice.ptsc.com.vn. Với số định danh: 166/CV-TK/2025
PVS,2025-Q2,quarter,financial_statement,https://www.ptsc.com.vn/Data/Sites/1/media/codong/2025/BCTC Q2_Webiste.pdf,https://www.ptsc.com.vn/Data/Sites/1/media/codong/2025/BCTC%20Q2_Webiste.pdf,data\raw\official_finance_documents\01ie\pvs_2025_q2_financial_statement_4b78ed50d5120d57.pdf,4b78ed50d5120d5774dd26b50cda33e33fa1125959ccabc0f942c5328387638b,23,85,81,7,1,0.0526,0,0,0,1.35,REJECTED_PAGE,LOW_NUMERIC_TOKEN_COUNT,Văn bản được tải lên hệ thống eoffice.ptsc.com.vn. Với số định danh: 166/CV-TK/2025
PVS,2025-Q2,quarter,financial_statement,https://www.ptsc.com.vn/Data/Sites/1/media/codong/2025/BCTC Q2_Webiste.pdf,https://www.ptsc.com.vn/Data/Sites/1/media/codong/2025/BCTC%20Q2_Webiste.pdf,data\raw\official_finance_documents\01ie\pvs_2025_q2_financial_statement_4b78ed50d5120d57.pdf,4b78ed50d5120d5774dd26b50cda33e33fa1125959ccabc0f942c5328387638b,24,85,81,7,1,0.0526,0,0,0,1.35,REJECTED_PAGE,LOW_NUMERIC_TOKEN_COUNT,Văn bản được tải lên hệ thống eoffice.ptsc.com.vn. Với số định danh: 166/CV-TK/2025
PVS,2025-Q2,quarter,financial_statement,https://www.ptsc.com.vn/Data/Sites/1/media/codong/2025/BCTC Q2_Webiste.pdf,https://www.ptsc.com.vn/Data/Sites/1/media/codong/2025/BCTC%20Q2_Webiste.pdf,data\raw\official_finance_documents\01ie\pvs_2025_q2_financial_statement_4b78ed50d5120d57.pdf,4b78ed50d5120d5774dd26b50cda33e33fa1125959ccabc0f942c5328387638b,25,85,81,7,1,0.0526,0,0,0,1.35,REJECTED_PAGE,LOW_NUMERIC_TOKEN_COUNT,Văn bản được tải lên hệ thống eoffice.ptsc.com.vn. Với số định danh: 166/CV-TK/2025
PVS,2025-Q2,quarter,financial_statement,https://www.ptsc.com.vn/Data/Sites/1/media/codong/2025/BCTC Q2_Webiste.pdf,https://www.ptsc.com.vn/Data/Sites/1/media/codong/2025/BCTC%20Q2_Webiste.pdf,data\raw\official_finance_documents\01ie\pvs_2025_q2_financial_statement_4b78ed50d5120d57.pdf,4b78ed50d5120d5774dd26b50cda33e33fa1125959ccabc0f942c5328387638b,26,85,81,7,1,0.0526,0,0,0,1.35,REJECTED_PAGE,LOW_NUMERIC_TOKEN_COUNT,Văn bản được tải lên hệ thống eoffice.ptsc.com.vn. Với số định danh: 166/CV-TK/2025
PVS,2025-Q2,quarter,financial_statement,https://www.ptsc.com.vn/Data/Sites/1/media/codong/2025/BCTC Q2_Webiste.pdf,https://www.ptsc.com.vn/Data/Sites/1/media/codong/2025/BCTC%20Q2_Webiste.pdf,data\raw\official_finance_documents\01ie\pvs_2025_q2_financial_statement_4b78ed50d5120d57.pdf,4b78ed50d5120d5774dd26b50cda33e33fa1125959ccabc0f942c5328387638b,27,85,81,7,1,0.0526,0,0,0,1.35,REJECTED_PAGE,LOW_NUMERIC_TOKEN_COUNT,Văn bản được tải lên hệ thống eoffice.ptsc.com.vn. Với số định danh: 166/CV-TK/2025
PVS,2025-Q2,quarter,financial_statement,https://www.ptsc.com.vn/Data/Sites/1/media/codong/2025/BCTC Q2_Webiste.pdf,https://www.ptsc.com.vn/Data/Sites/1/media/codong/2025/BCTC%20Q2_Webiste.pdf,data\raw\official_finance_documents\01ie\pvs_2025_q2_financial_statement_4b78ed50d5120d57.pdf,4b78ed50d5120d5774dd26b50cda33e33fa1125959ccabc0f942c5328387638b,28,85,81,7,1,0.0526,0,0,0,1.35,REJECTED_PAGE,LOW_NUMERIC_TOKEN_COUNT,Văn bản được tải lên hệ thống eoffice.ptsc.com.vn. Với số định danh: 166/CV-TK/2025
PVS,2025-Q2,quarter,financial_statement,https://www.ptsc.com.vn/Data/Sites/1/media/codong/2025/BCTC Q2_Webiste.pdf,https://www.ptsc.com.vn/Data/Sites/1/media/codong/2025/BCTC%20Q2_Webiste.pdf,data\raw\official_finance_documents\01ie\pvs_2025_q2_financial_statement_4b78ed50d5120d57.pdf,4b78ed50d5120d5774dd26b50cda33e33fa1125959ccabc0f942c5328387638b,29,85,81,7,1,0.0526,0,0,0,1.35,REJECTED_PAGE,LOW_NUMERIC_TOKEN_COUNT,Văn bản được tải lên hệ thống eoffice.ptsc.com.vn. Với số định danh: 166/CV-TK/2025
PVS,2025-Q2,quarter,financial_statement,https://www.ptsc.com.vn/Data/Sites/1/media/codong/2025/BCTC Q2_Webiste.pdf,https://www.ptsc.com.vn/Data/Sites/1/media/codong/2025/BCTC%20Q2_Webiste.pdf,data\raw\official_finance_documents\01ie\pvs_2025_q2_financial_statement_4b78ed50d5120d57.pdf,4b78ed50d5120d5774dd26b50cda33e33fa1125959ccabc0f942c5328387638b,30,85,81,7,1,0.0526,0,0,0,1.35,REJECTED_PAGE,LOW_NUMERIC_TOKEN_COUNT,Văn bản được tải lên hệ thống eoffice.ptsc.com.vn. Với số định danh: 166/CV-TK/2025
PVS,2025-Q2,quarter,financial_statement,https://www.ptsc.com.vn/Data/Sites/1/media/codong/2025/BCTC Q2_Webiste.pdf,https://www.ptsc.com.vn/Data/Sites/1/media/codong/2025/BCTC%20Q2_Webiste.pdf,data\raw\official_finance_documents\01ie\pvs_2025_q2_financial_statement_4b78ed50d5120d57.pdf,4b78ed50d5120d5774dd26b50cda33e33fa1125959ccabc0f942c5328387638b,31,85,81,7,1,0.0526,0,0,0,1.35,REJECTED_PAGE,LOW_NUMERIC_TOKEN_COUNT,Văn bản được tải lên hệ thống eoffice.ptsc.com.vn. Với số định danh: 166/CV-TK/2025
PVS,2025-Q2,quarter,financial_statement,https://www.ptsc.com.vn/Data/Sites/1/media/codong/2025/BCTC Q2_Webiste.pdf,https://www.ptsc.com.vn/Data/Sites/1/media/codong/2025/BCTC%20Q2_Webiste.pdf,data\raw\official_finance_documents\01ie\pvs_2025_q2_financial_statement_4b78ed50d5120d57.pdf,4b78ed50d5120d5774dd26b50cda33e33fa1125959ccabc0f942c5328387638b,32,85,81,7,1,0.0526,0,0,0,1.35,REJECTED_PAGE,LOW_NUMERIC_TOKEN_COUNT,Văn bản được tải lên hệ thống eoffice.ptsc.com.vn. Với số định danh: 166/CV-TK/2025
PVS,2025-Q2,quarter,financial_statement,https://www.ptsc.com.vn/Data/Sites/1/media/codong/2025/BCTC Q2_Webiste.pdf,https://www.ptsc.com.vn/Data/Sites/1/media/codong/2025/BCTC%20Q2_Webiste.pdf,data\raw\official_finance_documents\01ie\pvs_2025_q2_financial_statement_4b78ed50d5120d57.pdf,4b78ed50d5120d5774dd26b50cda33e33fa1125959ccabc0f942c5328387638b,33,85,81,7,1,0.0526,0,0,0,1.35,REJECTED_PAGE,LOW_NUMERIC_TOKEN_COUNT,Văn bản được tải lên hệ thống eoffice.ptsc.com.vn. Với số định danh: 166/CV-TK/2025
PVS,2025-Q2,quarter,financial_statement,https://www.ptsc.com.vn/Data/Sites/1/media/codong/2025/BCTC Q2_Webiste.pdf,https://www.ptsc.com.vn/Data/Sites/1/media/codong/2025/BCTC%20Q2_Webiste.pdf,data\raw\official_finance_documents\01ie\pvs_2025_q2_financial_statement_4b78ed50d5120d57.pdf,4b78ed50d5120d5774dd26b50cda33e33fa1125959ccabc0f942c5328387638b,34,85,81,7,1,0.0526,0,0,0,1.35,REJECTED_PAGE,LOW_NUMERIC_TOKEN_COUNT,Văn bản được tải lên hệ thống eoffice.ptsc.com.vn. Với số định danh: 166/CV-TK/2025
PVS,2025-Q2,quarter,financial_statement,https://www.ptsc.com.vn/Data/Sites/1/media/codong/2025/BCTC Q2_Webiste.pdf,https://www.ptsc.com.vn/Data/Sites/1/media/codong/2025/BCTC%20Q2_Webiste.pdf,data\raw\official_finance_documents\01ie\pvs_2025_q2_financial_statement_4b78ed50d5120d57.pdf,4b78ed50d5120d5774dd26b50cda33e33fa1125959ccabc0f942c5328387638b,35,85,81,7,1,0.0526,0,0,0,1.35,REJECTED_PAGE,LOW_NUMERIC_TOKEN_COUNT,Văn bản được tải lên hệ thống eoffice.ptsc.com.vn. Với số định danh: 166/CV-TK/2025
PVS,2025-Q2,quarter,financial_statement,https://www.ptsc.com.vn/Data/Sites/1/media/codong/2025/BCTC Q2_Webiste.pdf,https://www.ptsc.com.vn/Data/Sites/1/media/codong/2025/BCTC%20Q2_Webiste.pdf,data\raw\official_finance_documents\01ie\pvs_2025_q2_financial_statement_4b78ed50d5120d57.pdf,4b78ed50d5120d5774dd26b50cda33e33fa1125959ccabc0f942c5328387638b,36,85,81,7,1,0.0526,0,0,0,1.35,REJECTED_PAGE,LOW_NUMERIC_TOKEN_COUNT,Văn bản được tải lên hệ thống eoffice.ptsc.com.vn. Với số định danh: 166/CV-TK/2025
PVS,2025-Q2,quarter,financial_statement,https://www.ptsc.com.vn/Data/Sites/1/media/codong/2025/BCTC Q2_Webiste.pdf,https://www.ptsc.com.vn/Data/Sites/1/media/codong/2025/BCTC%20Q2_Webiste.pdf,data\raw\official_finance_documents\01ie\pvs_2025_q2_financial_statement_4b78ed50d5120d57.pdf,4b78ed50d5120d5774dd26b50cda33e33fa1125959ccabc0f942c5328387638b,37,85,81,7,1,0.0526,0,0,0,1.35,REJECTED_PAGE,LOW_NUMERIC_TOKEN_COUNT,Văn bản được tải lên hệ thống eoffice.ptsc.com.vn. Với số định danh: 166/CV-TK/2025
PVS,2025-Q2,quarter,financial_statement,https://www.ptsc.com.vn/Data/Sites/1/media/codong/2025/BCTC Q2_Webiste.pdf,https://www.ptsc.com.vn/Data/Sites/1/media/codong/2025/BCTC%20Q2_Webiste.pdf,data\raw\official_finance_documents\01ie\pvs_2025_q2_financial_statement_4b78ed50d5120d57.pdf,4b78ed50d5120d5774dd26b50cda33e33fa1125959ccabc0f942c5328387638b,38,85,81,7,1,0.0526,0,0,0,1.35,REJECTED_PAGE,LOW_NUMERIC_TOKEN_COUNT,Văn bản được tải lên hệ thống eoffice.ptsc.com.vn. Với số định danh: 166/CV-TK/2025
PVS,2025-Q2,quarter,financial_statement,https://www.ptsc.com.vn/Data/Sites/1/media/codong/2025/BCTC Q2_Webiste.pdf,https://www.ptsc.com.vn/Data/Sites/1/media/codong/2025/BCTC%20Q2_Webiste.pdf,data\raw\official_finance_documents\01ie\pvs_2025_q2_financial_statement_4b78ed50d5120d57.pdf,4b78ed50d5120d5774dd26b50cda33e33fa1125959ccabc0f942c5328387638b,39,85,81,7,1,0.0526,0,0,0,1.35,REJECTED_PAGE,LOW_NUMERIC_TOKEN_COUNT,Văn bản được tải lên hệ thống eoffice.ptsc.com.vn. Với số định danh: 166/CV-TK/2025
PVS,2025-Q2,quarter,financial_statement,https://www.ptsc.com.vn/Data/Sites/1/media/codong/2025/BCTC Q2_Webiste.pdf,https://www.ptsc.com.vn/Data/Sites/1/media/codong/2025/BCTC%20Q2_Webiste.pdf,data\raw\official_finance_documents\01ie\pvs_2025_q2_financial_statement_4b78ed50d5120d57.pdf,4b78ed50d5120d5774dd26b50cda33e33fa1125959ccabc0f942c5328387638b,40,85,81,7,1,0.0526,0,0,0,1.35,REJECTED_PAGE,LOW_NUMERIC_TOKEN_COUNT,Văn bản được tải lên hệ thống eoffice.ptsc.com.vn. Với số định danh: 166/CV-TK/2025
PVS,2025-Q2,quarter,financial_statement,https://www.ptsc.com.vn/Data/Sites/1/media/codong/2025/BCTC Q2_Webiste.pdf,https://www.ptsc.com.vn/Data/Sites/1/media/codong/2025/BCTC%20Q2_Webiste.pdf,data\raw\official_finance_documents\01ie\pvs_2025_q2_financial_statement_4b78ed50d5120d57.pdf,4b78ed50d5120d5774dd26b50cda33e33fa1125959ccabc0f942c5328387638b,41,85,81,7,1,0.0526,0,0,0,1.35,REJECTED_PAGE,LOW_NUMERIC_TOKEN_COUNT,Văn bản được tải lên hệ thống eoffice.ptsc.com.vn. Với số định danh: 166/CV-TK/2025
PVS,2025-Q2,quarter,financial_statement,https://www.ptsc.com.vn/Data/Sites/1/media/codong/2025/BCTC Q2_Webiste.pdf,https://www.ptsc.com.vn/Data/Sites/1/media/codong/2025/BCTC%20Q2_Webiste.pdf,data\raw\official_finance_documents\01ie\pvs_2025_q2_financial_statement_4b78ed50d5120d57.pdf,4b78ed50d5120d5774dd26b50cda33e33fa1125959ccabc0f942c5328387638b,42,85,81,7,1,0.0526,0,0,0,1.35,REJECTED_PAGE,LOW_NUMERIC_TOKEN_COUNT,Văn bản được tải lên hệ thống eoffice.ptsc.com.vn. Với số định danh: 166/CV-TK/2025
PVS,2025-Q2,quarter,financial_statement,https://www.ptsc.com.vn/Data/Sites/1/media/codong/2025/BCTC Q2_Webiste.pdf,https://www.ptsc.com.vn/Data/Sites/1/media/codong/2025/BCTC%20Q2_Webiste.pdf,data\raw\official_finance_documents\01ie\pvs_2025_q2_financial_statement_4b78ed50d5120d57.pdf,4b78ed50d5120d5774dd26b50cda33e33fa1125959ccabc0f942c5328387638b,43,85,81,7,1,0.0526,0,0,0,1.35,REJECTED_PAGE,LOW_NUMERIC_TOKEN_COUNT,Văn bản được tải lên hệ thống eoffice.ptsc.com.vn. Với số định danh: 166/CV-TK/2025
PVS,2025-Q2,quarter,financial_statement,https://www.ptsc.com.vn/Data/Sites/1/media/codong/2025/BCTC Q2_Webiste.pdf,https://www.ptsc.com.vn/Data/Sites/1/media/codong/2025/BCTC%20Q2_Webiste.pdf,data\raw\official_finance_documents\01ie\pvs_2025_q2_financial_statement_4b78ed50d5120d57.pdf,4b78ed50d5120d5774dd26b50cda33e33fa1125959ccabc0f942c5328387638b,44,85,81,7,1,0.0526,0,0,0,1.35,REJECTED_PAGE,LOW_NUMERIC_TOKEN_COUNT,Văn bản được tải lên hệ thống eoffice.ptsc.com.vn. Với số định danh: 166/CV-TK/2025
PVS,2025-Q2,quarter,financial_statement,https://www.ptsc.com.vn/Data/Sites/1/media/codong/2025/BCTC Q2_Webiste.pdf,https://www.ptsc.com.vn/Data/Sites/1/media/codong/2025/BCTC%20Q2_Webiste.pdf,data\raw\official_finance_documents\01ie\pvs_2025_q2_financial_statement_4b78ed50d5120d57.pdf,4b78ed50d5120d5774dd26b50cda33e33fa1125959ccabc0f942c5328387638b,45,85,81,7,1,0.0526,0,0,0,1.35,REJECTED_PAGE,LOW_NUMERIC_TOKEN_COUNT,Văn bản được tải lên hệ thống eoffice.ptsc.com.vn. Với số định danh: 166/CV-TK/2025
PVS,2025-Q2,quarter,financial_statement,https://www.ptsc.com.vn/Data/Sites/1/media/codong/2025/BCTC Q2_Webiste.pdf,https://www.ptsc.com.vn/Data/Sites/1/media/codong/2025/BCTC%20Q2_Webiste.pdf,data\raw\official_finance_documents\01ie\pvs_2025_q2_financial_statement_4b78ed50d5120d57.pdf,4b78ed50d5120d5774dd26b50cda33e33fa1125959ccabc0f942c5328387638b,46,85,81,7,1,0.0526,0,0,0,1.35,REJECTED_PAGE,LOW_NUMERIC_TOKEN_COUNT,Văn bản được tải lên hệ thống eoffice.ptsc.com.vn. Với số định danh: 166/CV-TK/2025
PVS,2025-Q2,quarter,financial_statement,https://www.ptsc.com.vn/Data/Sites/1/media/codong/2025/BCTC Q2_Webiste.pdf,https://www.ptsc.com.vn/Data/Sites/1/media/codong/2025/BCTC%20Q2_Webiste.pdf,data\raw\official_finance_documents\01ie\pvs_2025_q2_financial_statement_4b78ed50d5120d57.pdf,4b78ed50d5120d5774dd26b50cda33e33fa1125959ccabc0f942c5328387638b,47,85,81,7,1,0.0526,0,0,0,1.35,REJECTED_PAGE,LOW_NUMERIC_TOKEN_COUNT,Văn bản được tải lên hệ thống eoffice.ptsc.com.vn. Với số định danh: 166/CV-TK/2025
PVS,2025-Q2,quarter,financial_statement,https://www.ptsc.com.vn/Data/Sites/1/media/codong/2025/BCTC Q2_Webiste.pdf,https://www.ptsc.com.vn/Data/Sites/1/media/codong/2025/BCTC%20Q2_Webiste.pdf,data\raw\official_finance_documents\01ie\pvs_2025_q2_financial_statement_4b78ed50d5120d57.pdf,4b78ed50d5120d5774dd26b50cda33e33fa1125959ccabc0f942c5328387638b,48,85,81,7,1,0.0526,0,0,0,1.35,REJECTED_PAGE,LOW_NUMERIC_TOKEN_COUNT,Văn bản được tải lên hệ thống eoffice.ptsc.com.vn. Với số định danh: 166/CV-TK/2025
PVS,2025-Q2,quarter,financial_statement,https://www.ptsc.com.vn/Data/Sites/1/media/codong/2025/BCTC Q2_Webiste.pdf,https://www.ptsc.com.vn/Data/Sites/1/media/codong/2025/BCTC%20Q2_Webiste.pdf,data\raw\official_finance_documents\01ie\pvs_2025_q2_financial_statement_4b78ed50d5120d57.pdf,4b78ed50d5120d5774dd26b50cda33e33fa1125959ccabc0f942c5328387638b,49,85,81,7,1,0.0526,0,0,0,1.35,REJECTED_PAGE,LOW_NUMERIC_TOKEN_COUNT,Văn bản được tải lên hệ thống eoffice.ptsc.com.vn. Với số định danh: 166/CV-TK/2025
PVS,2025-Q2,quarter,financial_statement,https://www.ptsc.com.vn/Data/Sites/1/media/codong/2025/BCTC Q2_Webiste.pdf,https://www.ptsc.com.vn/Data/Sites/1/media/codong/2025/BCTC%20Q2_Webiste.pdf,data\raw\official_finance_documents\01ie\pvs_2025_q2_financial_statement_4b78ed50d5120d57.pdf,4b78ed50d5120d5774dd26b50cda33e33fa1125959ccabc0f942c5328387638b,50,85,81,7,1,0.0526,0,0,0,1.35,REJECTED_PAGE,LOW_NUMERIC_TOKEN_COUNT,Văn bản được tải lên hệ thống eoffice.ptsc.com.vn. Với số định danh: 166/CV-TK/2025
PVS,2025-Q2,quarter,financial_statement,https://www.ptsc.com.vn/Data/Sites/1/media/codong/2025/BCTC Q2_Webiste.pdf,https://www.ptsc.com.vn/Data/Sites/1/media/codong/2025/BCTC%20Q2_Webiste.pdf,data\raw\official_finance_documents\01ie\pvs_2025_q2_financial_statement_4b78ed50d5120d57.pdf,4b78ed50d5120d5774dd26b50cda33e33fa1125959ccabc0f942c5328387638b,51,85,81,7,1,0.0526,0,0,0,1.35,REJECTED_PAGE,LOW_NUMERIC_TOKEN_COUNT,Văn bản được tải lên hệ thống eoffice.ptsc.com.vn. Với số định danh: 166/CV-TK/2025
PVS,2025-Q2,quarter,financial_statement,https://www.ptsc.com.vn/Data/Sites/1/media/codong/2025/BCTC Q2_Webiste.pdf,https://www.ptsc.com.vn/Data/Sites/1/media/codong/2025/BCTC%20Q2_Webiste.pdf,data\raw\official_finance_documents\01ie\pvs_2025_q2_financial_statement_4b78ed50d5120d57.pdf,4b78ed50d5120d5774dd26b50cda33e33fa1125959ccabc0f942c5328387638b,52,85,81,7,1,0.0526,0,0,0,1.35,REJECTED_PAGE,LOW_NUMERIC_TOKEN_COUNT,Văn bản được tải lên hệ thống eoffice.ptsc.com.vn. Với số định danh: 166/CV-TK/2025
PVS,2025-Q2,quarter,financial_statement,https://www.ptsc.com.vn/Data/Sites/1/media/codong/2025/BCTC Q2_Webiste.pdf,https://www.ptsc.com.vn/Data/Sites/1/media/codong/2025/BCTC%20Q2_Webiste.pdf,data\raw\official_finance_documents\01ie\pvs_2025_q2_financial_statement_4b78ed50d5120d57.pdf,4b78ed50d5120d5774dd26b50cda33e33fa1125959ccabc0f942c5328387638b,53,85,81,7,1,0.0526,0,0,0,1.35,REJECTED_PAGE,LOW_NUMERIC_TOKEN_COUNT,Văn bản được tải lên hệ thống eoffice.ptsc.com.vn. Với số định danh: 166/CV-TK/2025
PVS,2025-Q2,quarter,financial_statement,https://www.ptsc.com.vn/Data/Sites/1/media/codong/2025/BCTC Q2_Webiste.pdf,https://www.ptsc.com.vn/Data/Sites/1/media/codong/2025/BCTC%20Q2_Webiste.pdf,data\raw\official_finance_documents\01ie\pvs_2025_q2_financial_statement_4b78ed50d5120d57.pdf,4b78ed50d5120d5774dd26b50cda33e33fa1125959ccabc0f942c5328387638b,54,85,81,7,1,0.0526,0,0,0,1.35,REJECTED_PAGE,LOW_NUMERIC_TOKEN_COUNT,Văn bản được tải lên hệ thống eoffice.ptsc.com.vn. Với số định danh: 166/CV-TK/2025
PVS,2025-Q2,quarter,financial_statement,https://www.ptsc.com.vn/Data/Sites/1/media/codong/2025/BCTC Q2_Webiste.pdf,https://www.ptsc.com.vn/Data/Sites/1/media/codong/2025/BCTC%20Q2_Webiste.pdf,data\raw\official_finance_documents\01ie\pvs_2025_q2_financial_statement_4b78ed50d5120d57.pdf,4b78ed50d5120d5774dd26b50cda33e33fa1125959ccabc0f942c5328387638b,55,85,81,7,1,0.0526,0,0,0,1.35,REJECTED_PAGE,LOW_NUMERIC_TOKEN_COUNT,Văn bản được tải lên hệ thống eoffice.ptsc.com.vn. Với số định danh: 166/CV-TK/2025
PVS,2025-Q2,quarter,financial_statement,https://www.ptsc.com.vn/Data/Sites/1/media/codong/2025/BCTC Q2_Webiste.pdf,https://www.ptsc.com.vn/Data/Sites/1/media/codong/2025/BCTC%20Q2_Webiste.pdf,data\raw\official_finance_documents\01ie\pvs_2025_q2_financial_statement_4b78ed50d5120d57.pdf,4b78ed50d5120d5774dd26b50cda33e33fa1125959ccabc0f942c5328387638b,56,85,81,7,1,0.0526,0,0,0,1.35,REJECTED_PAGE,LOW_NUMERIC_TOKEN_COUNT,Văn bản được tải lên hệ thống eoffice.ptsc.com.vn. Với số định danh: 166/CV-TK/2025
PVS,2025-Q2,quarter,financial_statement,https://www.ptsc.com.vn/Data/Sites/1/media/codong/2025/BCTC Q2_Webiste.pdf,https://www.ptsc.com.vn/Data/Sites/1/media/codong/2025/BCTC%20Q2_Webiste.pdf,data\raw\official_finance_documents\01ie\pvs_2025_q2_financial_statement_4b78ed50d5120d57.pdf,4b78ed50d5120d5774dd26b50cda33e33fa1125959ccabc0f942c5328387638b,57,85,81,7,1,0.0526,0,0,0,1.35,REJECTED_PAGE,LOW_NUMERIC_TOKEN_COUNT,Văn bản được tải lên hệ thống eoffice.ptsc.com.vn. Với số định danh: 166/CV-TK/2025
PVS,2025-Q2,quarter,financial_statement,https://www.ptsc.com.vn/Data/Sites/1/media/codong/2025/BCTC Q2_Webiste.pdf,https://www.ptsc.com.vn/Data/Sites/1/media/codong/2025/BCTC%20Q2_Webiste.pdf,data\raw\official_finance_documents\01ie\pvs_2025_q2_financial_statement_4b78ed50d5120d57.pdf,4b78ed50d5120d5774dd26b50cda33e33fa1125959ccabc0f942c5328387638b,58,85,81,7,1,0.0526,0,0,0,1.35,REJECTED_PAGE,LOW_NUMERIC_TOKEN_COUNT,Văn bản được tải lên hệ thống eoffice.ptsc.com.vn. Với số định danh: 166/CV-TK/2025
PVS,2025-Q2,quarter,financial_statement,https://www.ptsc.com.vn/Data/Sites/1/media/codong/2025/BCTC Q2_Webiste.pdf,https://www.ptsc.com.vn/Data/Sites/1/media/codong/2025/BCTC%20Q2_Webiste.pdf,data\raw\official_finance_documents\01ie\pvs_2025_q2_financial_statement_4b78ed50d5120d57.pdf,4b78ed50d5120d5774dd26b50cda33e33fa1125959ccabc0f942c5328387638b,59,85,81,7,1,0.0526,0,0,0,1.35,REJECTED_PAGE,LOW_NUMERIC_TOKEN_COUNT,Văn bản được tải lên hệ thống eoffice.ptsc.com.vn. Với số định danh: 166/CV-TK/2025
PVS,2025-Q2,quarter,financial_statement,https://www.ptsc.com.vn/Data/Sites/1/media/codong/2025/BCTC Q2_Webiste.pdf,https://www.ptsc.com.vn/Data/Sites/1/media/codong/2025/BCTC%20Q2_Webiste.pdf,data\raw\official_finance_documents\01ie\pvs_2025_q2_financial_statement_4b78ed50d5120d57.pdf,4b78ed50d5120d5774dd26b50cda33e33fa1125959ccabc0f942c5328387638b,60,85,81,7,1,0.0526,0,0,0,1.35,REJECTED_PAGE,LOW_NUMERIC_TOKEN_COUNT,Văn bản được tải lên hệ thống eoffice.ptsc.com.vn. Với số định danh: 166/CV-TK/2025
PVS,2025-Q2,quarter,financial_statement,https://www.ptsc.com.vn/Data/Sites/1/media/codong/2025/BCTC Q2_Webiste.pdf,https://www.ptsc.com.vn/Data/Sites/1/media/codong/2025/BCTC%20Q2_Webiste.pdf,data\raw\official_finance_documents\01ie\pvs_2025_q2_financial_statement_4b78ed50d5120d57.pdf,4b78ed50d5120d5774dd26b50cda33e33fa1125959ccabc0f942c5328387638b,61,85,81,7,1,0.0526,0,0,0,1.35,REJECTED_PAGE,LOW_NUMERIC_TOKEN_COUNT,Văn bản được tải lên hệ thống eoffice.ptsc.com.vn. Với số định danh: 166/CV-TK/2025
PVS,2025-Q2,quarter,financial_statement,https://www.ptsc.com.vn/Data/Sites/1/media/codong/2025/BCTC Q2_Webiste.pdf,https://www.ptsc.com.vn/Data/Sites/1/media/codong/2025/BCTC%20Q2_Webiste.pdf,data\raw\official_finance_documents\01ie\pvs_2025_q2_financial_statement_4b78ed50d5120d57.pdf,4b78ed50d5120d5774dd26b50cda33e33fa1125959ccabc0f942c5328387638b,62,85,81,7,1,0.0526,0,0,0,1.35,REJECTED_PAGE,LOW_NUMERIC_TOKEN_COUNT,Văn bản được tải lên hệ thống eoffice.ptsc.com.vn. Với số định danh: 166/CV-TK/2025
PVS,2025-Q2,quarter,financial_statement,https://www.ptsc.com.vn/Data/Sites/1/media/codong/2025/BCTC Q2_Webiste.pdf,https://www.ptsc.com.vn/Data/Sites/1/media/codong/2025/BCTC%20Q2_Webiste.pdf,data\raw\official_finance_documents\01ie\pvs_2025_q2_financial_statement_4b78ed50d5120d57.pdf,4b78ed50d5120d5774dd26b50cda33e33fa1125959ccabc0f942c5328387638b,63,85,81,7,1,0.0526,0,0,0,1.35,REJECTED_PAGE,LOW_NUMERIC_TOKEN_COUNT,Văn bản được tải lên hệ thống eoffice.ptsc.com.vn. Với số định danh: 166/CV-TK/2025
PVS,2025-Q2,quarter,financial_statement,https://www.ptsc.com.vn/Data/Sites/1/media/codong/2025/BCTC Q2_Webiste.pdf,https://www.ptsc.com.vn/Data/Sites/1/media/codong/2025/BCTC%20Q2_Webiste.pdf,data\raw\official_finance_documents\01ie\pvs_2025_q2_financial_statement_4b78ed50d5120d57.pdf,4b78ed50d5120d5774dd26b50cda33e33fa1125959ccabc0f942c5328387638b,64,85,81,7,1,0.0526,0,0,0,1.35,REJECTED_PAGE,LOW_NUMERIC_TOKEN_COUNT,Văn bản được tải lên hệ thống eoffice.ptsc.com.vn. Với số định danh: 166/CV-TK/2025
PVS,2025-Q2,quarter,financial_statement,https://www.ptsc.com.vn/Data/Sites/1/media/codong/2025/BCTC Q2_Webiste.pdf,https://www.ptsc.com.vn/Data/Sites/1/media/codong/2025/BCTC%20Q2_Webiste.pdf,data\raw\official_finance_documents\01ie\pvs_2025_q2_financial_statement_4b78ed50d5120d57.pdf,4b78ed50d5120d5774dd26b50cda33e33fa1125959ccabc0f942c5328387638b,65,85,81,7,1,0.0526,0,0,0,1.35,REJECTED_PAGE,LOW_NUMERIC_TOKEN_COUNT,Văn bản được tải lên hệ thống eoffice.ptsc.com.vn. Với số định danh: 166/CV-TK/2025
PVS,2025-Q2,quarter,financial_statement,https://www.ptsc.com.vn/Data/Sites/1/media/codong/2025/BCTC Q2_Webiste.pdf,https://www.ptsc.com.vn/Data/Sites/1/media/codong/2025/BCTC%20Q2_Webiste.pdf,data\raw\official_finance_documents\01ie\pvs_2025_q2_financial_statement_4b78ed50d5120d57.pdf,4b78ed50d5120d5774dd26b50cda33e33fa1125959ccabc0f942c5328387638b,66,85,81,7,1,0.0526,0,0,0,1.35,REJECTED_PAGE,LOW_NUMERIC_TOKEN_COUNT,Văn bản được tải lên hệ thống eoffice.ptsc.com.vn. Với số định danh: 166/CV-TK/2025
PVS,2025-Q2,quarter,financial_statement,https://www.ptsc.com.vn/Data/Sites/1/media/codong/2025/BCTC Q2_Webiste.pdf,https://www.ptsc.com.vn/Data/Sites/1/media/codong/2025/BCTC%20Q2_Webiste.pdf,data\raw\official_finance_documents\01ie\pvs_2025_q2_financial_statement_4b78ed50d5120d57.pdf,4b78ed50d5120d5774dd26b50cda33e33fa1125959ccabc0f942c5328387638b,67,85,81,7,1,0.0526,0,0,0,1.35,REJECTED_PAGE,LOW_NUMERIC_TOKEN_COUNT,Văn bản được tải lên hệ thống eoffice.ptsc.com.vn. Với số định danh: 166/CV-TK/2025
PVS,2025-Q2,quarter,financial_statement,https://www.ptsc.com.vn/Data/Sites/1/media/codong/2025/BCTC Q2_Webiste.pdf,https://www.ptsc.com.vn/Data/Sites/1/media/codong/2025/BCTC%20Q2_Webiste.pdf,data\raw\official_finance_documents\01ie\pvs_2025_q2_financial_statement_4b78ed50d5120d57.pdf,4b78ed50d5120d5774dd26b50cda33e33fa1125959ccabc0f942c5328387638b,68,85,81,7,1,0.0526,0,0,0,1.35,REJECTED_PAGE,LOW_NUMERIC_TOKEN_COUNT,Văn bản được tải lên hệ thống eoffice.ptsc.com.vn. Với số định danh: 166/CV-TK/2025
PVS,2025-Q2,quarter,financial_statement,https://www.ptsc.com.vn/Data/Sites/1/media/codong/2025/BCTC Q2_Webiste.pdf,https://www.ptsc.com.vn/Data/Sites/1/media/codong/2025/BCTC%20Q2_Webiste.pdf,data\raw\official_finance_documents\01ie\pvs_2025_q2_financial_statement_4b78ed50d5120d57.pdf,4b78ed50d5120d5774dd26b50cda33e33fa1125959ccabc0f942c5328387638b,69,85,81,7,1,0.0526,0,0,0,1.35,REJECTED_PAGE,LOW_NUMERIC_TOKEN_COUNT,Văn bản được tải lên hệ thống eoffice.ptsc.com.vn. Với số định danh: 166/CV-TK/2025
PVS,2025-Q2,quarter,financial_statement,https://www.ptsc.com.vn/Data/Sites/1/media/codong/2025/BCTC Q2_Webiste.pdf,https://www.ptsc.com.vn/Data/Sites/1/media/codong/2025/BCTC%20Q2_Webiste.pdf,data\raw\official_finance_documents\01ie\pvs_2025_q2_financial_statement_4b78ed50d5120d57.pdf,4b78ed50d5120d5774dd26b50cda33e33fa1125959ccabc0f942c5328387638b,70,85,81,7,1,0.0526,0,0,0,1.35,REJECTED_PAGE,LOW_NUMERIC_TOKEN_COUNT,Văn bản được tải lên hệ thống eoffice.ptsc.com.vn. Với số định danh: 166/CV-TK/2025
PVS,2025-Q2,quarter,financial_statement,https://www.ptsc.com.vn/Data/Sites/1/media/codong/2025/BCTC Q2_Webiste.pdf,https://www.ptsc.com.vn/Data/Sites/1/media/codong/2025/BCTC%20Q2_Webiste.pdf,data\raw\official_finance_documents\01ie\pvs_2025_q2_financial_statement_4b78ed50d5120d57.pdf,4b78ed50d5120d5774dd26b50cda33e33fa1125959ccabc0f942c5328387638b,71,85,81,7,1,0.0526,0,0,0,1.35,REJECTED_PAGE,LOW_NUMERIC_TOKEN_COUNT,Văn bản được tải lên hệ thống eoffice.ptsc.com.vn. Với số định danh: 166/CV-TK/2025
PVS,2025-Q2,quarter,financial_statement,https://www.ptsc.com.vn/Data/Sites/1/media/codong/2025/BCTC Q2_Webiste.pdf,https://www.ptsc.com.vn/Data/Sites/1/media/codong/2025/BCTC%20Q2_Webiste.pdf,data\raw\official_finance_documents\01ie\pvs_2025_q2_financial_statement_4b78ed50d5120d57.pdf,4b78ed50d5120d5774dd26b50cda33e33fa1125959ccabc0f942c5328387638b,72,85,81,7,1,0.0526,0,0,0,1.35,REJECTED_PAGE,LOW_NUMERIC_TOKEN_COUNT,Văn bản được tải lên hệ thống eoffice.ptsc.com.vn. Với số định danh: 166/CV-TK/2025
PVS,2025-Q2,quarter,financial_statement,https://www.ptsc.com.vn/Data/Sites/1/media/codong/2025/BCTC Q2_Webiste.pdf,https://www.ptsc.com.vn/Data/Sites/1/media/codong/2025/BCTC%20Q2_Webiste.pdf,data\raw\official_finance_documents\01ie\pvs_2025_q2_financial_statement_4b78ed50d5120d57.pdf,4b78ed50d5120d5774dd26b50cda33e33fa1125959ccabc0f942c5328387638b,73,85,81,7,1,0.0526,0,0,0,1.35,REJECTED_PAGE,LOW_NUMERIC_TOKEN_COUNT,Văn bản được tải lên hệ thống eoffice.ptsc.com.vn. Với số định danh: 166/CV-TK/2025
PVS,2025-Q2,quarter,financial_statement,https://www.ptsc.com.vn/Data/Sites/1/media/codong/2025/BCTC Q2_Webiste.pdf,https://www.ptsc.com.vn/Data/Sites/1/media/codong/2025/BCTC%20Q2_Webiste.pdf,data\raw\official_finance_documents\01ie\pvs_2025_q2_financial_statement_4b78ed50d5120d57.pdf,4b78ed50d5120d5774dd26b50cda33e33fa1125959ccabc0f942c5328387638b,74,85,81,7,1,0.0526,0,0,0,1.35,REJECTED_PAGE,LOW_NUMERIC_TOKEN_COUNT,Văn bản được tải lên hệ thống eoffice.ptsc.com.vn. Với số định danh: 166/CV-TK/2025
PVS,2025-Q2,quarter,financial_statement,https://www.ptsc.com.vn/Data/Sites/1/media/codong/2025/BCTC Q2_Webiste.pdf,https://www.ptsc.com.vn/Data/Sites/1/media/codong/2025/BCTC%20Q2_Webiste.pdf,data\raw\official_finance_documents\01ie\pvs_2025_q2_financial_statement_4b78ed50d5120d57.pdf,4b78ed50d5120d5774dd26b50cda33e33fa1125959ccabc0f942c5328387638b,75,85,81,7,1,0.0526,0,0,0,1.35,REJECTED_PAGE,LOW_NUMERIC_TOKEN_COUNT,Văn bản được tải lên hệ thống eoffice.ptsc.com.vn. Với số định danh: 166/CV-TK/2025
PVS,2025-Q2,quarter,financial_statement,https://www.ptsc.com.vn/Data/Sites/1/media/codong/2025/BCTC Q2_Webiste.pdf,https://www.ptsc.com.vn/Data/Sites/1/media/codong/2025/BCTC%20Q2_Webiste.pdf,data\raw\official_finance_documents\01ie\pvs_2025_q2_financial_statement_4b78ed50d5120d57.pdf,4b78ed50d5120d5774dd26b50cda33e33fa1125959ccabc0f942c5328387638b,76,85,81,7,1,0.0526,0,0,0,1.35,REJECTED_PAGE,LOW_NUMERIC_TOKEN_COUNT,Văn bản được tải lên hệ thống eoffice.ptsc.com.vn. Với số định danh: 166/CV-TK/2025
PVS,2025-Q2,quarter,financial_statement,https://www.ptsc.com.vn/Data/Sites/1/media/codong/2025/BCTC Q2_Webiste.pdf,https://www.ptsc.com.vn/Data/Sites/1/media/codong/2025/BCTC%20Q2_Webiste.pdf,data\raw\official_finance_documents\01ie\pvs_2025_q2_financial_statement_4b78ed50d5120d57.pdf,4b78ed50d5120d5774dd26b50cda33e33fa1125959ccabc0f942c5328387638b,77,85,81,7,1,0.0526,0,0,0,1.35,REJECTED_PAGE,LOW_NUMERIC_TOKEN_COUNT,Văn bản được tải lên hệ thống eoffice.ptsc.com.vn. Với số định danh: 166/CV-TK/2025
PVS,2025-Q2,quarter,financial_statement,https://www.ptsc.com.vn/Data/Sites/1/media/codong/2025/BCTC Q2_Webiste.pdf,https://www.ptsc.com.vn/Data/Sites/1/media/codong/2025/BCTC%20Q2_Webiste.pdf,data\raw\official_finance_documents\01ie\pvs_2025_q2_financial_statement_4b78ed50d5120d57.pdf,4b78ed50d5120d5774dd26b50cda33e33fa1125959ccabc0f942c5328387638b,78,85,81,7,1,0.0526,0,0,0,1.35,REJECTED_PAGE,LOW_NUMERIC_TOKEN_COUNT,Văn bản được tải lên hệ thống eoffice.ptsc.com.vn. Với số định danh: 166/CV-TK/2025
PVS,2025-Q2,quarter,financial_statement,https://www.ptsc.com.vn/Data/Sites/1/media/codong/2025/BCTC Q2_Webiste.pdf,https://www.ptsc.com.vn/Data/Sites/1/media/codong/2025/BCTC%20Q2_Webiste.pdf,data\raw\official_finance_documents\01ie\pvs_2025_q2_financial_statement_4b78ed50d5120d57.pdf,4b78ed50d5120d5774dd26b50cda33e33fa1125959ccabc0f942c5328387638b,79,85,81,7,1,0.0526,0,0,0,1.35,REJECTED_PAGE,LOW_NUMERIC_TOKEN_COUNT,Văn bản được tải lên hệ thống eoffice.ptsc.com.vn. Với số định danh: 166/CV-TK/2025
PVS,2025-Q2,quarter,financial_statement,https://www.ptsc.com.vn/Data/Sites/1/media/codong/2025/BCTC Q2_Webiste.pdf,https://www.ptsc.com.vn/Data/Sites/1/media/codong/2025/BCTC%20Q2_Webiste.pdf,data\raw\official_finance_documents\01ie\pvs_2025_q2_financial_statement_4b78ed50d5120d57.pdf,4b78ed50d5120d5774dd26b50cda33e33fa1125959ccabc0f942c5328387638b,80,85,81,7,1,0.0526,0,0,0,1.35,REJECTED_PAGE,LOW_NUMERIC_TOKEN_COUNT,Văn bản được tải lên hệ thống eoffice.ptsc.com.vn. Với số định danh: 166/CV-TK/2025
PVS,2025-Q2,quarter,financial_statement,https://www.ptsc.com.vn/Data/Sites/1/media/codong/2025/BCTC Q2_Webiste.pdf,https://www.ptsc.com.vn/Data/Sites/1/media/codong/2025/BCTC%20Q2_Webiste.pdf,data\raw\official_finance_documents\01ie\pvs_2025_q2_financial_statement_4b78ed50d5120d57.pdf,4b78ed50d5120d5774dd26b50cda33e33fa1125959ccabc0f942c5328387638b,81,85,81,7,1,0.0526,0,0,0,1.35,REJECTED_PAGE,LOW_NUMERIC_TOKEN_COUNT,Văn bản được tải lên hệ thống eoffice.ptsc.com.vn. Với số định danh: 166/CV-TK/2025
PVS,2025-Q2,quarter,financial_statement,https://www.ptsc.com.vn/Data/Sites/1/media/codong/2025/BCTC Q2_Webiste.pdf,https://www.ptsc.com.vn/Data/Sites/1/media/codong/2025/BCTC%20Q2_Webiste.pdf,data\raw\official_finance_documents\01ie\pvs_2025_q2_financial_statement_4b78ed50d5120d57.pdf,4b78ed50d5120d5774dd26b50cda33e33fa1125959ccabc0f942c5328387638b,82,85,81,7,1,0.0526,0,0,0,1.35,REJECTED_PAGE,LOW_NUMERIC_TOKEN_COUNT,Văn bản được tải lên hệ thống eoffice.ptsc.com.vn. Với số định danh: 166/CV-TK/2025
PVS,2025-Q2,quarter,financial_statement,https://www.ptsc.com.vn/Data/Sites/1/media/codong/2025/BCTC Q2_Webiste.pdf,https://www.ptsc.com.vn/Data/Sites/1/media/codong/2025/BCTC%20Q2_Webiste.pdf,data\raw\official_finance_documents\01ie\pvs_2025_q2_financial_statement_4b78ed50d5120d57.pdf,4b78ed50d5120d5774dd26b50cda33e33fa1125959ccabc0f942c5328387638b,83,85,81,7,1,0.0526,0,0,0,1.35,REJECTED_PAGE,LOW_NUMERIC_TOKEN_COUNT,Văn bản được tải lên hệ thống eoffice.ptsc.com.vn. Với số định danh: 166/CV-TK/2025
PVS,2025-Q2,quarter,financial_statement,https://www.ptsc.com.vn/Data/Sites/1/media/codong/2025/BCTC Q2_Webiste.pdf,https://www.ptsc.com.vn/Data/Sites/1/media/codong/2025/BCTC%20Q2_Webiste.pdf,data\raw\official_finance_documents\01ie\pvs_2025_q2_financial_statement_4b78ed50d5120d57.pdf,4b78ed50d5120d5774dd26b50cda33e33fa1125959ccabc0f942c5328387638b,84,85,81,7,1,0.0526,0,0,0,1.35,REJECTED_PAGE,LOW_NUMERIC_TOKEN_COUNT,Văn bản được tải lên hệ thống eoffice.ptsc.com.vn. Với số định danh: 166/CV-TK/2025
PVS,2025-Q2,quarter,financial_statement,https://www.ptsc.com.vn/Data/Sites/1/media/codong/2025/BCTC Q2_Webiste.pdf,https://www.ptsc.com.vn/Data/Sites/1/media/codong/2025/BCTC%20Q2_Webiste.pdf,data\raw\official_finance_documents\01ie\pvs_2025_q2_financial_statement_4b78ed50d5120d57.pdf,4b78ed50d5120d5774dd26b50cda33e33fa1125959ccabc0f942c5328387638b,85,85,81,7,1,0.0526,0,0,0,1.35,REJECTED_PAGE,LOW_NUMERIC_TOKEN_COUNT,Văn bản được tải lên hệ thống eoffice.ptsc.com.vn. Với số định danh: 166/CV-TK/2025
PVS,2025-Q2,quarter,financial_statement,https://www.ptsc.com.vn/Data/Sites/1/media/codong/2025/BCTC Q2_Webiste.pdf,https://www.ptsc.com.vn/Data/Sites/1/media/codong/2025/BCTC%20Q2_Webiste.pdf,data\raw\official_finance_documents\01ie\pvs_2025_q2_financial_statement_4b78ed50d5120d57.pdf,4b78ed50d5120d5774dd26b50cda33e33fa1125959ccabc0f942c5328387638b,86,85,81,7,1,0.0526,0,0,0,1.35,REJECTED_PAGE,LOW_NUMERIC_TOKEN_COUNT,Văn bản được tải lên hệ thống eoffice.ptsc.com.vn. Với số định danh: 166/CV-TK/2025
PVS,2025-Q2,quarter,financial_statement,https://www.ptsc.com.vn/Data/Sites/1/media/codong/2025/BCTC Q2_Webiste.pdf,https://www.ptsc.com.vn/Data/Sites/1/media/codong/2025/BCTC%20Q2_Webiste.pdf,data\raw\official_finance_documents\01ie\pvs_2025_q2_financial_statement_4b78ed50d5120d57.pdf,4b78ed50d5120d5774dd26b50cda33e33fa1125959ccabc0f942c5328387638b,87,85,81,7,1,0.0526,0,0,0,1.35,REJECTED_PAGE,LOW_NUMERIC_TOKEN_COUNT,Văn bản được tải lên hệ thống eoffice.ptsc.com.vn. Với số định danh: 166/CV-TK/2025
PVS,2025-Q2,quarter,financial_statement,https://www.ptsc.com.vn/Data/Sites/1/media/codong/2025/BCTC Q2_Webiste.pdf,https://www.ptsc.com.vn/Data/Sites/1/media/codong/2025/BCTC%20Q2_Webiste.pdf,data\raw\official_finance_documents\01ie\pvs_2025_q2_financial_statement_4b78ed50d5120d57.pdf,4b78ed50d5120d5774dd26b50cda33e33fa1125959ccabc0f942c5328387638b,88,85,81,7,1,0.0526,0,0,0,1.35,REJECTED_PAGE,LOW_NUMERIC_TOKEN_COUNT,Văn bản được tải lên hệ thống eoffice.ptsc.com.vn. Với số định danh: 166/CV-TK/2025
PVS,2025-Q2,quarter,financial_statement,https://www.ptsc.com.vn/Data/Sites/1/media/codong/2025/BCTC Q2_Webiste.pdf,https://www.ptsc.com.vn/Data/Sites/1/media/codong/2025/BCTC%20Q2_Webiste.pdf,data\raw\official_finance_documents\01ie\pvs_2025_q2_financial_statement_4b78ed50d5120d57.pdf,4b78ed50d5120d5774dd26b50cda33e33fa1125959ccabc0f942c5328387638b,89,85,81,7,1,0.0526,0,0,0,1.35,REJECTED_PAGE,LOW_NUMERIC_TOKEN_COUNT,Văn bản được tải lên hệ thống eoffice.ptsc.com.vn. Với số định danh: 166/CV-TK/2025
PVS,2025-Q2,quarter,financial_statement,https://www.ptsc.com.vn/Data/Sites/1/media/codong/2025/BCTC Q2_Webiste.pdf,https://www.ptsc.com.vn/Data/Sites/1/media/codong/2025/BCTC%20Q2_Webiste.pdf,data\raw\official_finance_documents\01ie\pvs_2025_q2_financial_statement_4b78ed50d5120d57.pdf,4b78ed50d5120d5774dd26b50cda33e33fa1125959ccabc0f942c5328387638b,90,85,81,7,1,0.0526,0,0,0,1.35,REJECTED_PAGE,LOW_NUMERIC_TOKEN_COUNT,Văn bản được tải lên hệ thống eoffice.ptsc.com.vn. Với số định danh: 166/CV-TK/2025
PVS,2025-Q2,quarter,financial_statement,https://www.ptsc.com.vn/Data/Sites/1/media/codong/2025/BCTC Q2_Webiste.pdf,https://www.ptsc.com.vn/Data/Sites/1/media/codong/2025/BCTC%20Q2_Webiste.pdf,data\raw\official_finance_documents\01ie\pvs_2025_q2_financial_statement_4b78ed50d5120d57.pdf,4b78ed50d5120d5774dd26b50cda33e33fa1125959ccabc0f942c5328387638b,91,85,81,7,1,0.0526,0,0,0,1.35,REJECTED_PAGE,LOW_NUMERIC_TOKEN_COUNT,Văn bản được tải lên hệ thống eoffice.ptsc.com.vn. Với số định danh: 166/CV-TK/2025
PVS,2025-Q2,quarter,financial_statement,https://www.ptsc.com.vn/Data/Sites/1/media/codong/2025/BCTC Q2_Webiste.pdf,https://www.ptsc.com.vn/Data/Sites/1/media/codong/2025/BCTC%20Q2_Webiste.pdf,data\raw\official_finance_documents\01ie\pvs_2025_q2_financial_statement_4b78ed50d5120d57.pdf,4b78ed50d5120d5774dd26b50cda33e33fa1125959ccabc0f942c5328387638b,92,85,81,7,1,0.0526,0,0,0,1.35,REJECTED_PAGE,LOW_NUMERIC_TOKEN_COUNT,Văn bản được tải lên hệ thống eoffice.ptsc.com.vn. Với số định danh: 166/CV-TK/2025
PVS,2025-Q2,quarter,financial_statement,https://www.ptsc.com.vn/Data/Sites/1/media/codong/2025/BCTC Q2_Webiste.pdf,https://www.ptsc.com.vn/Data/Sites/1/media/codong/2025/BCTC%20Q2_Webiste.pdf,data\raw\official_finance_documents\01ie\pvs_2025_q2_financial_statement_4b78ed50d5120d57.pdf,4b78ed50d5120d5774dd26b50cda33e33fa1125959ccabc0f942c5328387638b,93,85,81,7,1,0.0526,0,0,0,1.35,REJECTED_PAGE,LOW_NUMERIC_TOKEN_COUNT,Văn bản được tải lên hệ thống eoffice.ptsc.com.vn. Với số định danh: 166/CV-TK/2025
PVS,2025-Q2,quarter,financial_statement,https://www.ptsc.com.vn/Data/Sites/1/media/codong/2025/BCTC Q2_Webiste.pdf,https://www.ptsc.com.vn/Data/Sites/1/media/codong/2025/BCTC%20Q2_Webiste.pdf,data\raw\official_finance_documents\01ie\pvs_2025_q2_financial_statement_4b78ed50d5120d57.pdf,4b78ed50d5120d5774dd26b50cda33e33fa1125959ccabc0f942c5328387638b,94,85,81,7,1,0.0526,0,0,0,1.35,REJECTED_PAGE,LOW_NUMERIC_TOKEN_COUNT,Văn bản được tải lên hệ thống eoffice.ptsc.com.vn. Với số định danh: 166/CV-TK/2025
PVS,2025-Q2,quarter,financial_statement,https://www.ptsc.com.vn/Data/Sites/1/media/codong/2025/BCTC Q2_Webiste.pdf,https://www.ptsc.com.vn/Data/Sites/1/media/codong/2025/BCTC%20Q2_Webiste.pdf,data\raw\official_finance_documents\01ie\pvs_2025_q2_financial_statement_4b78ed50d5120d57.pdf,4b78ed50d5120d5774dd26b50cda33e33fa1125959ccabc0f942c5328387638b,95,85,81,7,1,0.0526,0,0,0,1.35,REJECTED_PAGE,LOW_NUMERIC_TOKEN_COUNT,Văn bản được tải lên hệ thống eoffice.ptsc.com.vn. Với số định danh: 166/CV-TK/2025
PVS,2025-Q2,quarter,financial_statement,https://www.ptsc.com.vn/Data/Sites/1/media/codong/2025/BCTC Q2_Webiste.pdf,https://www.ptsc.com.vn/Data/Sites/1/media/codong/2025/BCTC%20Q2_Webiste.pdf,data\raw\official_finance_documents\01ie\pvs_2025_q2_financial_statement_4b78ed50d5120d57.pdf,4b78ed50d5120d5774dd26b50cda33e33fa1125959ccabc0f942c5328387638b,96,85,81,7,1,0.0526,0,0,0,1.35,REJECTED_PAGE,LOW_NUMERIC_TOKEN_COUNT,Văn bản được tải lên hệ thống eoffice.ptsc.com.vn. Với số định danh: 166/CV-TK/2025
PVS,2025-Q2,quarter,financial_statement,https://www.ptsc.com.vn/Data/Sites/1/media/codong/2025/BCTC Q2_Webiste.pdf,https://www.ptsc.com.vn/Data/Sites/1/media/codong/2025/BCTC%20Q2_Webiste.pdf,data\raw\official_finance_documents\01ie\pvs_2025_q2_financial_statement_4b78ed50d5120d57.pdf,4b78ed50d5120d5774dd26b50cda33e33fa1125959ccabc0f942c5328387638b,97,85,81,7,1,0.0526,0,0,0,1.35,REJECTED_PAGE,LOW_NUMERIC_TOKEN_COUNT,Văn bản được tải lên hệ thống eoffice.ptsc.com.vn. Với số định danh: 166/CV-TK/2025
PVS,2025-Q2,quarter,financial_statement,https://www.ptsc.com.vn/Data/Sites/1/media/codong/2025/BCTC Q2_Webiste.pdf,https://www.ptsc.com.vn/Data/Sites/1/media/codong/2025/BCTC%20Q2_Webiste.pdf,data\raw\official_finance_documents\01ie\pvs_2025_q2_financial_statement_4b78ed50d5120d57.pdf,4b78ed50d5120d5774dd26b50cda33e33fa1125959ccabc0f942c5328387638b,98,2834,2543,227,10,0.0162,2,1,0,9.75,SELECTED_NUMERIC_PAGE,,"BCTC hӧp nhҩt Quý 2/2025 so vӟi Quý 2/2024. Explanation of fluctuations in net profit after tax of the Consolidated financial statements for the 2nd Quarter of 2025 compared to the 2nd Quarter of 2024. TP. H͛ Chí Minh, ngày tháng 07 năm 2025 Kính gӱi: - Ӫy ban Chӭng khoán Nhà Nѭӟc The State Securities Commission - Sӣ Giao dӏch Chӭng khoán Hà Nӝi Hanoi Stock"
PVS,2025-Q2,quarter,financial_statement,https://www.ptsc.com.vn/Data/Sites/1/media/codong/2025/BCTC Q2_Webiste.pdf,https://www.ptsc.com.vn/Data/Sites/1/media/codong/2025/BCTC%20Q2_Webiste.pdf,data\raw\official_finance_documents\01ie\pvs_2025_q2_financial_statement_4b78ed50d5120d57.pdf,4b78ed50d5120d5774dd26b50cda33e33fa1125959ccabc0f942c5328387638b,99,720,559,44,6,0.0426,0,0,0,3.1,REJECTED_PAGE,LOW_NUMERIC_TOKEN_COUNT,"1 Lê Duҭn, Phѭӡng Sài Gòn, Thành phӕ Hӗ Chí Minh, ViӋt Nam PTSC-ADM-RG08-FM04 T (+84) 28 3910 2828 F (+84) 28 3910 2929 www.ptsc.com.vn 2 Tәng công ty Cә phҫn Dӏch vө Kӻ thuұt Dҫu khí ViӋt Nam trân trӑng thông báo. PetroVietnam Technical Services Corporation respectfully announces. N˯i nh̵n: - Nhѭ trên; - BKS, HĈQT; - TGĈ (ÿӇ b/c); - Ban Thѭ ký; - Lѭu: VT, B"
PVS,2026-Q1,quarter,financial_statement,https://www.ptsc.com.vn/Data/Sites/1/media/codong/2026/658 PTSC-BTK.pdf,https://www.ptsc.com.vn/Data/Sites/1/media/codong/2026/658%20PTSC-BTK.pdf,data\raw\official_finance_documents\01ie\pvs_2026_q1_financial_statement_163b34a26aa6ccc7.pdf,163b34a26aa6ccc732ee81f04ce116457ab7c375094f231c2cbc2f66093c091e,1,2583,2309,137,9,0.0193,0,2,6,-2.35,REJECTED_PAGE,NEGATIVE_PAGE_SIGNALS,diện phải giải trình nguyên nhân:/ Cases requiring an explanation of reasons: + Lợi nhuận sau thế thu nhập doanh nghiệp tại báo cáo kết quả kinh doanh của kỳ báo cáo thay đổi từ 10% trở lên so với báo cáo cùng kỳ năm trước/ Net profit after Văn bản được tải lên hệ thống eoffice.ptsc.com.vn. Với số định danh: 56/CV-TK/2026 658
PVS,2026-Q1,quarter,financial_statement,https://www.ptsc.com.vn/Data/Sites/1/media/codong/2026/658 PTSC-BTK.pdf,https://www.ptsc.com.vn/Data/Sites/1/media/codong/2026/658%20PTSC-BTK.pdf,data\raw\official_finance_documents\01ie\pvs_2026_q1_financial_statement_163b34a26aa6ccc7.pdf,163b34a26aa6ccc732ee81f04ce116457ab7c375094f231c2cbc2f66093c091e,2,2138,1786,73,6,0.0169,0,2,3,1.1,REJECTED_PAGE,NEGATIVE_PAGE_SIGNALS,(theo Báo cáo tài chính Hợp nhất):/ Report on transactions worth 35% or more of total assets which signed within the year (as per The Consolidated Financial Statements): Không/ No Chúng tôi xin cam kết các thông tin công bố trên đây là đúng sự thật và hoàn toàn chịu trách nhiệm trước pháp luật về nội dung các thông tin đã công bố/ We hereby certify that the
PVS,2026-Q1,quarter,financial_statement,https://www.ptsc.com.vn/Data/Sites/1/media/codong/2026/658 PTSC-BTK.pdf,https://www.ptsc.com.vn/Data/Sites/1/media/codong/2026/658%20PTSC-BTK.pdf,data\raw\official_finance_documents\01ie\pvs_2026_q1_financial_statement_163b34a26aa6ccc7.pdf,163b34a26aa6ccc732ee81f04ce116457ab7c375094f231c2cbc2f66093c091e,3,84,80,6,0,0.0,0,0,0,1.0,REJECTED_PAGE,TEXT_TOO_SPARSE_FOR_NUMERIC_TABLE_DUMP,Văn bản được tải lên hệ thống eoffice.ptsc.com.vn. Với số định danh: 56/CV-TK/2026
PVS,2026-Q1,quarter,financial_statement,https://www.ptsc.com.vn/Data/Sites/1/media/codong/2026/658 PTSC-BTK.pdf,https://www.ptsc.com.vn/Data/Sites/1/media/codong/2026/658%20PTSC-BTK.pdf,data\raw\official_finance_documents\01ie\pvs_2026_q1_financial_statement_163b34a26aa6ccc7.pdf,163b34a26aa6ccc732ee81f04ce116457ab7c375094f231c2cbc2f66093c091e,4,84,80,6,0,0.0,0,0,0,1.0,REJECTED_PAGE,TEXT_TOO_SPARSE_FOR_NUMERIC_TABLE_DUMP,Văn bản được tải lên hệ thống eoffice.ptsc.com.vn. Với số định danh: 56/CV-TK/2026
PVS,2026-Q1,quarter,financial_statement,https://www.ptsc.com.vn/Data/Sites/1/media/codong/2026/658 PTSC-BTK.pdf,https://www.ptsc.com.vn/Data/Sites/1/media/codong/2026/658%20PTSC-BTK.pdf,data\raw\official_finance_documents\01ie\pvs_2026_q1_financial_statement_163b34a26aa6ccc7.pdf,163b34a26aa6ccc732ee81f04ce116457ab7c375094f231c2cbc2f66093c091e,5,84,80,6,0,0.0,0,0,0,1.0,REJECTED_PAGE,TEXT_TOO_SPARSE_FOR_NUMERIC_TABLE_DUMP,Văn bản được tải lên hệ thống eoffice.ptsc.com.vn. Với số định danh: 56/CV-TK/2026
PVS,2026-Q1,quarter,financial_statement,https://www.ptsc.com.vn/Data/Sites/1/media/codong/2026/658 PTSC-BTK.pdf,https://www.ptsc.com.vn/Data/Sites/1/media/codong/2026/658%20PTSC-BTK.pdf,data\raw\official_finance_documents\01ie\pvs_2026_q1_financial_statement_163b34a26aa6ccc7.pdf,163b34a26aa6ccc732ee81f04ce116457ab7c375094f231c2cbc2f66093c091e,6,84,80,6,0,0.0,0,0,0,1.0,REJECTED_PAGE,TEXT_TOO_SPARSE_FOR_NUMERIC_TABLE_DUMP,Văn bản được tải lên hệ thống eoffice.ptsc.com.vn. Với số định danh: 56/CV-TK/2026
PVS,2026-Q1,quarter,financial_statement,https://www.ptsc.com.vn/Data/Sites/1/media/codong/2026/658 PTSC-BTK.pdf,https://www.ptsc.com.vn/Data/Sites/1/media/codong/2026/658%20PTSC-BTK.pdf,data\raw\official_finance_documents\01ie\pvs_2026_q1_financial_statement_163b34a26aa6ccc7.pdf,163b34a26aa6ccc732ee81f04ce116457ab7c375094f231c2cbc2f66093c091e,7,84,80,6,0,0.0,0,0,0,1.0,REJECTED_PAGE,TEXT_TOO_SPARSE_FOR_NUMERIC_TABLE_DUMP,Văn bản được tải lên hệ thống eoffice.ptsc.com.vn. Với số định danh: 56/CV-TK/2026
PVS,2026-Q1,quarter,financial_statement,https://www.ptsc.com.vn/Data/Sites/1/media/codong/2026/658 PTSC-BTK.pdf,https://www.ptsc.com.vn/Data/Sites/1/media/codong/2026/658%20PTSC-BTK.pdf,data\raw\official_finance_documents\01ie\pvs_2026_q1_financial_statement_163b34a26aa6ccc7.pdf,163b34a26aa6ccc732ee81f04ce116457ab7c375094f231c2cbc2f66093c091e,8,84,80,6,0,0.0,0,0,0,1.0,REJECTED_PAGE,TEXT_TOO_SPARSE_FOR_NUMERIC_TABLE_DUMP,Văn bản được tải lên hệ thống eoffice.ptsc.com.vn. Với số định danh: 56/CV-TK/2026
PVS,2026-Q1,quarter,financial_statement,https://www.ptsc.com.vn/Data/Sites/1/media/codong/2026/658 PTSC-BTK.pdf,https://www.ptsc.com.vn/Data/Sites/1/media/codong/2026/658%20PTSC-BTK.pdf,data\raw\official_finance_documents\01ie\pvs_2026_q1_financial_statement_163b34a26aa6ccc7.pdf,163b34a26aa6ccc732ee81f04ce116457ab7c375094f231c2cbc2f66093c091e,9,84,80,6,0,0.0,0,0,0,1.0,REJECTED_PAGE,TEXT_TOO_SPARSE_FOR_NUMERIC_TABLE_DUMP,Văn bản được tải lên hệ thống eoffice.ptsc.com.vn. Với số định danh: 56/CV-TK/2026
PVS,2026-Q1,quarter,financial_statement,https://www.ptsc.com.vn/Data/Sites/1/media/codong/2026/658 PTSC-BTK.pdf,https://www.ptsc.com.vn/Data/Sites/1/media/codong/2026/658%20PTSC-BTK.pdf,data\raw\official_finance_documents\01ie\pvs_2026_q1_financial_statement_163b34a26aa6ccc7.pdf,163b34a26aa6ccc732ee81f04ce116457ab7c375094f231c2cbc2f66093c091e,10,84,80,6,0,0.0,0,0,0,1.0,REJECTED_PAGE,TEXT_TOO_SPARSE_FOR_NUMERIC_TABLE_DUMP,Văn bản được tải lên hệ thống eoffice.ptsc.com.vn. Với số định danh: 56/CV-TK/2026
PVS,2026-Q1,quarter,financial_statement,https://www.ptsc.com.vn/Data/Sites/1/media/codong/2026/658 PTSC-BTK.pdf,https://www.ptsc.com.vn/Data/Sites/1/media/codong/2026/658%20PTSC-BTK.pdf,data\raw\official_finance_documents\01ie\pvs_2026_q1_financial_statement_163b34a26aa6ccc7.pdf,163b34a26aa6ccc732ee81f04ce116457ab7c375094f231c2cbc2f66093c091e,11,84,80,6,0,0.0,0,0,0,1.0,REJECTED_PAGE,TEXT_TOO_SPARSE_FOR_NUMERIC_TABLE_DUMP,Văn bản được tải lên hệ thống eoffice.ptsc.com.vn. Với số định danh: 56/CV-TK/2026
PVS,2026-Q1,quarter,financial_statement,https://www.ptsc.com.vn/Data/Sites/1/media/codong/2026/658 PTSC-BTK.pdf,https://www.ptsc.com.vn/Data/Sites/1/media/codong/2026/658%20PTSC-BTK.pdf,data\raw\official_finance_documents\01ie\pvs_2026_q1_financial_statement_163b34a26aa6ccc7.pdf,163b34a26aa6ccc732ee81f04ce116457ab7c375094f231c2cbc2f66093c091e,12,84,80,6,0,0.0,0,0,0,1.0,REJECTED_PAGE,TEXT_TOO_SPARSE_FOR_NUMERIC_TABLE_DUMP,Văn bản được tải lên hệ thống eoffice.ptsc.com.vn. Với số định danh: 56/CV-TK/2026
PVS,2026-Q1,quarter,financial_statement,https://www.ptsc.com.vn/Data/Sites/1/media/codong/2026/658 PTSC-BTK.pdf,https://www.ptsc.com.vn/Data/Sites/1/media/codong/2026/658%20PTSC-BTK.pdf,data\raw\official_finance_documents\01ie\pvs_2026_q1_financial_statement_163b34a26aa6ccc7.pdf,163b34a26aa6ccc732ee81f04ce116457ab7c375094f231c2cbc2f66093c091e,13,84,80,6,0,0.0,0,0,0,1.0,REJECTED_PAGE,TEXT_TOO_SPARSE_FOR_NUMERIC_TABLE_DUMP,Văn bản được tải lên hệ thống eoffice.ptsc.com.vn. Với số định danh: 56/CV-TK/2026
PVS,2026-Q1,quarter,financial_statement,https://www.ptsc.com.vn/Data/Sites/1/media/codong/2026/658 PTSC-BTK.pdf,https://www.ptsc.com.vn/Data/Sites/1/media/codong/2026/658%20PTSC-BTK.pdf,data\raw\official_finance_documents\01ie\pvs_2026_q1_financial_statement_163b34a26aa6ccc7.pdf,163b34a26aa6ccc732ee81f04ce116457ab7c375094f231c2cbc2f66093c091e,14,84,80,6,0,0.0,0,0,0,1.0,REJECTED_PAGE,TEXT_TOO_SPARSE_FOR_NUMERIC_TABLE_DUMP,Văn bản được tải lên hệ thống eoffice.ptsc.com.vn. Với số định danh: 56/CV-TK/2026
PVS,2026-Q1,quarter,financial_statement,https://www.ptsc.com.vn/Data/Sites/1/media/codong/2026/658 PTSC-BTK.pdf,https://www.ptsc.com.vn/Data/Sites/1/media/codong/2026/658%20PTSC-BTK.pdf,data\raw\official_finance_documents\01ie\pvs_2026_q1_financial_statement_163b34a26aa6ccc7.pdf,163b34a26aa6ccc732ee81f04ce116457ab7c375094f231c2cbc2f66093c091e,15,84,80,6,0,0.0,0,0,0,1.0,REJECTED_PAGE,TEXT_TOO_SPARSE_FOR_NUMERIC_TABLE_DUMP,Văn bản được tải lên hệ thống eoffice.ptsc.com.vn. Với số định danh: 56/CV-TK/2026
PVS,2026-Q1,quarter,financial_statement,https://www.ptsc.com.vn/Data/Sites/1/media/codong/2026/658 PTSC-BTK.pdf,https://www.ptsc.com.vn/Data/Sites/1/media/codong/2026/658%20PTSC-BTK.pdf,data\raw\official_finance_documents\01ie\pvs_2026_q1_financial_statement_163b34a26aa6ccc7.pdf,163b34a26aa6ccc732ee81f04ce116457ab7c375094f231c2cbc2f66093c091e,16,84,80,6,0,0.0,0,0,0,1.0,REJECTED_PAGE,TEXT_TOO_SPARSE_FOR_NUMERIC_TABLE_DUMP,Văn bản được tải lên hệ thống eoffice.ptsc.com.vn. Với số định danh: 56/CV-TK/2026
PVS,2026-Q1,quarter,financial_statement,https://www.ptsc.com.vn/Data/Sites/1/media/codong/2026/658 PTSC-BTK.pdf,https://www.ptsc.com.vn/Data/Sites/1/media/codong/2026/658%20PTSC-BTK.pdf,data\raw\official_finance_documents\01ie\pvs_2026_q1_financial_statement_163b34a26aa6ccc7.pdf,163b34a26aa6ccc732ee81f04ce116457ab7c375094f231c2cbc2f66093c091e,17,84,80,6,0,0.0,0,0,0,1.0,REJECTED_PAGE,TEXT_TOO_SPARSE_FOR_NUMERIC_TABLE_DUMP,Văn bản được tải lên hệ thống eoffice.ptsc.com.vn. Với số định danh: 56/CV-TK/2026
PVS,2026-Q1,quarter,financial_statement,https://www.ptsc.com.vn/Data/Sites/1/media/codong/2026/658 PTSC-BTK.pdf,https://www.ptsc.com.vn/Data/Sites/1/media/codong/2026/658%20PTSC-BTK.pdf,data\raw\official_finance_documents\01ie\pvs_2026_q1_financial_statement_163b34a26aa6ccc7.pdf,163b34a26aa6ccc732ee81f04ce116457ab7c375094f231c2cbc2f66093c091e,18,84,80,6,0,0.0,0,0,0,1.0,REJECTED_PAGE,TEXT_TOO_SPARSE_FOR_NUMERIC_TABLE_DUMP,Văn bản được tải lên hệ thống eoffice.ptsc.com.vn. Với số định danh: 56/CV-TK/2026
PVS,2026-Q1,quarter,financial_statement,https://www.ptsc.com.vn/Data/Sites/1/media/codong/2026/658 PTSC-BTK.pdf,https://www.ptsc.com.vn/Data/Sites/1/media/codong/2026/658%20PTSC-BTK.pdf,data\raw\official_finance_documents\01ie\pvs_2026_q1_financial_statement_163b34a26aa6ccc7.pdf,163b34a26aa6ccc732ee81f04ce116457ab7c375094f231c2cbc2f66093c091e,19,84,80,6,0,0.0,0,0,0,1.0,REJECTED_PAGE,TEXT_TOO_SPARSE_FOR_NUMERIC_TABLE_DUMP,Văn bản được tải lên hệ thống eoffice.ptsc.com.vn. Với số định danh: 56/CV-TK/2026
PVS,2026-Q1,quarter,financial_statement,https://www.ptsc.com.vn/Data/Sites/1/media/codong/2026/658 PTSC-BTK.pdf,https://www.ptsc.com.vn/Data/Sites/1/media/codong/2026/658%20PTSC-BTK.pdf,data\raw\official_finance_documents\01ie\pvs_2026_q1_financial_statement_163b34a26aa6ccc7.pdf,163b34a26aa6ccc732ee81f04ce116457ab7c375094f231c2cbc2f66093c091e,20,84,80,6,0,0.0,0,0,0,1.0,REJECTED_PAGE,TEXT_TOO_SPARSE_FOR_NUMERIC_TABLE_DUMP,Văn bản được tải lên hệ thống eoffice.ptsc.com.vn. Với số định danh: 56/CV-TK/2026
PVS,2026-Q1,quarter,financial_statement,https://www.ptsc.com.vn/Data/Sites/1/media/codong/2026/658 PTSC-BTK.pdf,https://www.ptsc.com.vn/Data/Sites/1/media/codong/2026/658%20PTSC-BTK.pdf,data\raw\official_finance_documents\01ie\pvs_2026_q1_financial_statement_163b34a26aa6ccc7.pdf,163b34a26aa6ccc732ee81f04ce116457ab7c375094f231c2cbc2f66093c091e,21,84,80,6,0,0.0,0,0,0,1.0,REJECTED_PAGE,TEXT_TOO_SPARSE_FOR_NUMERIC_TABLE_DUMP,Văn bản được tải lên hệ thống eoffice.ptsc.com.vn. Với số định danh: 56/CV-TK/2026
PVS,2026-Q1,quarter,financial_statement,https://www.ptsc.com.vn/Data/Sites/1/media/codong/2026/658 PTSC-BTK.pdf,https://www.ptsc.com.vn/Data/Sites/1/media/codong/2026/658%20PTSC-BTK.pdf,data\raw\official_finance_documents\01ie\pvs_2026_q1_financial_statement_163b34a26aa6ccc7.pdf,163b34a26aa6ccc732ee81f04ce116457ab7c375094f231c2cbc2f66093c091e,22,84,80,6,0,0.0,0,0,0,1.0,REJECTED_PAGE,TEXT_TOO_SPARSE_FOR_NUMERIC_TABLE_DUMP,Văn bản được tải lên hệ thống eoffice.ptsc.com.vn. Với số định danh: 56/CV-TK/2026
PVS,2026-Q1,quarter,financial_statement,https://www.ptsc.com.vn/Data/Sites/1/media/codong/2026/658 PTSC-BTK.pdf,https://www.ptsc.com.vn/Data/Sites/1/media/codong/2026/658%20PTSC-BTK.pdf,data\raw\official_finance_documents\01ie\pvs_2026_q1_financial_statement_163b34a26aa6ccc7.pdf,163b34a26aa6ccc732ee81f04ce116457ab7c375094f231c2cbc2f66093c091e,23,84,80,6,0,0.0,0,0,0,1.0,REJECTED_PAGE,TEXT_TOO_SPARSE_FOR_NUMERIC_TABLE_DUMP,Văn bản được tải lên hệ thống eoffice.ptsc.com.vn. Với số định danh: 56/CV-TK/2026
PVS,2026-Q1,quarter,financial_statement,https://www.ptsc.com.vn/Data/Sites/1/media/codong/2026/658 PTSC-BTK.pdf,https://www.ptsc.com.vn/Data/Sites/1/media/codong/2026/658%20PTSC-BTK.pdf,data\raw\official_finance_documents\01ie\pvs_2026_q1_financial_statement_163b34a26aa6ccc7.pdf,163b34a26aa6ccc732ee81f04ce116457ab7c375094f231c2cbc2f66093c091e,24,84,80,6,0,0.0,0,0,0,1.0,REJECTED_PAGE,TEXT_TOO_SPARSE_FOR_NUMERIC_TABLE_DUMP,Văn bản được tải lên hệ thống eoffice.ptsc.com.vn. Với số định danh: 56/CV-TK/2026
PVS,2026-Q1,quarter,financial_statement,https://www.ptsc.com.vn/Data/Sites/1/media/codong/2026/658 PTSC-BTK.pdf,https://www.ptsc.com.vn/Data/Sites/1/media/codong/2026/658%20PTSC-BTK.pdf,data\raw\official_finance_documents\01ie\pvs_2026_q1_financial_statement_163b34a26aa6ccc7.pdf,163b34a26aa6ccc732ee81f04ce116457ab7c375094f231c2cbc2f66093c091e,25,84,80,6,0,0.0,0,0,0,1.0,REJECTED_PAGE,TEXT_TOO_SPARSE_FOR_NUMERIC_TABLE_DUMP,Văn bản được tải lên hệ thống eoffice.ptsc.com.vn. Với số định danh: 56/CV-TK/2026
PVS,2026-Q1,quarter,financial_statement,https://www.ptsc.com.vn/Data/Sites/1/media/codong/2026/658 PTSC-BTK.pdf,https://www.ptsc.com.vn/Data/Sites/1/media/codong/2026/658%20PTSC-BTK.pdf,data\raw\official_finance_documents\01ie\pvs_2026_q1_financial_statement_163b34a26aa6ccc7.pdf,163b34a26aa6ccc732ee81f04ce116457ab7c375094f231c2cbc2f66093c091e,26,84,80,6,0,0.0,0,0,0,1.0,REJECTED_PAGE,TEXT_TOO_SPARSE_FOR_NUMERIC_TABLE_DUMP,Văn bản được tải lên hệ thống eoffice.ptsc.com.vn. Với số định danh: 56/CV-TK/2026
PVS,2026-Q1,quarter,financial_statement,https://www.ptsc.com.vn/Data/Sites/1/media/codong/2026/658 PTSC-BTK.pdf,https://www.ptsc.com.vn/Data/Sites/1/media/codong/2026/658%20PTSC-BTK.pdf,data\raw\official_finance_documents\01ie\pvs_2026_q1_financial_statement_163b34a26aa6ccc7.pdf,163b34a26aa6ccc732ee81f04ce116457ab7c375094f231c2cbc2f66093c091e,27,84,80,6,0,0.0,0,0,0,1.0,REJECTED_PAGE,TEXT_TOO_SPARSE_FOR_NUMERIC_TABLE_DUMP,Văn bản được tải lên hệ thống eoffice.ptsc.com.vn. Với số định danh: 56/CV-TK/2026
PVS,2026-Q1,quarter,financial_statement,https://www.ptsc.com.vn/Data/Sites/1/media/codong/2026/658 PTSC-BTK.pdf,https://www.ptsc.com.vn/Data/Sites/1/media/codong/2026/658%20PTSC-BTK.pdf,data\raw\official_finance_documents\01ie\pvs_2026_q1_financial_statement_163b34a26aa6ccc7.pdf,163b34a26aa6ccc732ee81f04ce116457ab7c375094f231c2cbc2f66093c091e,28,84,80,6,0,0.0,0,0,0,1.0,REJECTED_PAGE,TEXT_TOO_SPARSE_FOR_NUMERIC_TABLE_DUMP,Văn bản được tải lên hệ thống eoffice.ptsc.com.vn. Với số định danh: 56/CV-TK/2026
PVS,2026-Q1,quarter,financial_statement,https://www.ptsc.com.vn/Data/Sites/1/media/codong/2026/658 PTSC-BTK.pdf,https://www.ptsc.com.vn/Data/Sites/1/media/codong/2026/658%20PTSC-BTK.pdf,data\raw\official_finance_documents\01ie\pvs_2026_q1_financial_statement_163b34a26aa6ccc7.pdf,163b34a26aa6ccc732ee81f04ce116457ab7c375094f231c2cbc2f66093c091e,29,84,80,6,0,0.0,0,0,0,1.0,REJECTED_PAGE,TEXT_TOO_SPARSE_FOR_NUMERIC_TABLE_DUMP,Văn bản được tải lên hệ thống eoffice.ptsc.com.vn. Với số định danh: 56/CV-TK/2026
PVS,2026-Q1,quarter,financial_statement,https://www.ptsc.com.vn/Data/Sites/1/media/codong/2026/658 PTSC-BTK.pdf,https://www.ptsc.com.vn/Data/Sites/1/media/codong/2026/658%20PTSC-BTK.pdf,data\raw\official_finance_documents\01ie\pvs_2026_q1_financial_statement_163b34a26aa6ccc7.pdf,163b34a26aa6ccc732ee81f04ce116457ab7c375094f231c2cbc2f66093c091e,30,84,80,6,0,0.0,0,0,0,1.0,REJECTED_PAGE,TEXT_TOO_SPARSE_FOR_NUMERIC_TABLE_DUMP,Văn bản được tải lên hệ thống eoffice.ptsc.com.vn. Với số định danh: 56/CV-TK/2026
PVS,2026-Q1,quarter,financial_statement,https://www.ptsc.com.vn/Data/Sites/1/media/codong/2026/658 PTSC-BTK.pdf,https://www.ptsc.com.vn/Data/Sites/1/media/codong/2026/658%20PTSC-BTK.pdf,data\raw\official_finance_documents\01ie\pvs_2026_q1_financial_statement_163b34a26aa6ccc7.pdf,163b34a26aa6ccc732ee81f04ce116457ab7c375094f231c2cbc2f66093c091e,31,84,80,6,0,0.0,0,0,0,1.0,REJECTED_PAGE,TEXT_TOO_SPARSE_FOR_NUMERIC_TABLE_DUMP,Văn bản được tải lên hệ thống eoffice.ptsc.com.vn. Với số định danh: 56/CV-TK/2026
PVS,2026-Q1,quarter,financial_statement,https://www.ptsc.com.vn/Data/Sites/1/media/codong/2026/658 PTSC-BTK.pdf,https://www.ptsc.com.vn/Data/Sites/1/media/codong/2026/658%20PTSC-BTK.pdf,data\raw\official_finance_documents\01ie\pvs_2026_q1_financial_statement_163b34a26aa6ccc7.pdf,163b34a26aa6ccc732ee81f04ce116457ab7c375094f231c2cbc2f66093c091e,32,84,80,6,0,0.0,0,0,0,1.0,REJECTED_PAGE,TEXT_TOO_SPARSE_FOR_NUMERIC_TABLE_DUMP,Văn bản được tải lên hệ thống eoffice.ptsc.com.vn. Với số định danh: 56/CV-TK/2026
PVS,2026-Q1,quarter,financial_statement,https://www.ptsc.com.vn/Data/Sites/1/media/codong/2026/658 PTSC-BTK.pdf,https://www.ptsc.com.vn/Data/Sites/1/media/codong/2026/658%20PTSC-BTK.pdf,data\raw\official_finance_documents\01ie\pvs_2026_q1_financial_statement_163b34a26aa6ccc7.pdf,163b34a26aa6ccc732ee81f04ce116457ab7c375094f231c2cbc2f66093c091e,33,84,80,6,0,0.0,0,0,0,1.0,REJECTED_PAGE,TEXT_TOO_SPARSE_FOR_NUMERIC_TABLE_DUMP,Văn bản được tải lên hệ thống eoffice.ptsc.com.vn. Với số định danh: 56/CV-TK/2026
PVS,2026-Q1,quarter,financial_statement,https://www.ptsc.com.vn/Data/Sites/1/media/codong/2026/658 PTSC-BTK.pdf,https://www.ptsc.com.vn/Data/Sites/1/media/codong/2026/658%20PTSC-BTK.pdf,data\raw\official_finance_documents\01ie\pvs_2026_q1_financial_statement_163b34a26aa6ccc7.pdf,163b34a26aa6ccc732ee81f04ce116457ab7c375094f231c2cbc2f66093c091e,34,84,80,6,0,0.0,0,0,0,1.0,REJECTED_PAGE,TEXT_TOO_SPARSE_FOR_NUMERIC_TABLE_DUMP,Văn bản được tải lên hệ thống eoffice.ptsc.com.vn. Với số định danh: 56/CV-TK/2026
PVS,2026-Q1,quarter,financial_statement,https://www.ptsc.com.vn/Data/Sites/1/media/codong/2026/658 PTSC-BTK.pdf,https://www.ptsc.com.vn/Data/Sites/1/media/codong/2026/658%20PTSC-BTK.pdf,data\raw\official_finance_documents\01ie\pvs_2026_q1_financial_statement_163b34a26aa6ccc7.pdf,163b34a26aa6ccc732ee81f04ce116457ab7c375094f231c2cbc2f66093c091e,35,84,80,6,0,0.0,0,0,0,1.0,REJECTED_PAGE,TEXT_TOO_SPARSE_FOR_NUMERIC_TABLE_DUMP,Văn bản được tải lên hệ thống eoffice.ptsc.com.vn. Với số định danh: 56/CV-TK/2026
PVS,2026-Q1,quarter,financial_statement,https://www.ptsc.com.vn/Data/Sites/1/media/codong/2026/658 PTSC-BTK.pdf,https://www.ptsc.com.vn/Data/Sites/1/media/codong/2026/658%20PTSC-BTK.pdf,data\raw\official_finance_documents\01ie\pvs_2026_q1_financial_statement_163b34a26aa6ccc7.pdf,163b34a26aa6ccc732ee81f04ce116457ab7c375094f231c2cbc2f66093c091e,36,84,80,6,0,0.0,0,0,0,1.0,REJECTED_PAGE,TEXT_TOO_SPARSE_FOR_NUMERIC_TABLE_DUMP,Văn bản được tải lên hệ thống eoffice.ptsc.com.vn. Với số định danh: 56/CV-TK/2026
PVS,2026-Q1,quarter,financial_statement,https://www.ptsc.com.vn/Data/Sites/1/media/codong/2026/658 PTSC-BTK.pdf,https://www.ptsc.com.vn/Data/Sites/1/media/codong/2026/658%20PTSC-BTK.pdf,data\raw\official_finance_documents\01ie\pvs_2026_q1_financial_statement_163b34a26aa6ccc7.pdf,163b34a26aa6ccc732ee81f04ce116457ab7c375094f231c2cbc2f66093c091e,37,84,80,6,0,0.0,0,0,0,1.0,REJECTED_PAGE,TEXT_TOO_SPARSE_FOR_NUMERIC_TABLE_DUMP,Văn bản được tải lên hệ thống eoffice.ptsc.com.vn. Với số định danh: 56/CV-TK/2026
PVS,2026-Q1,quarter,financial_statement,https://www.ptsc.com.vn/Data/Sites/1/media/codong/2026/658 PTSC-BTK.pdf,https://www.ptsc.com.vn/Data/Sites/1/media/codong/2026/658%20PTSC-BTK.pdf,data\raw\official_finance_documents\01ie\pvs_2026_q1_financial_statement_163b34a26aa6ccc7.pdf,163b34a26aa6ccc732ee81f04ce116457ab7c375094f231c2cbc2f66093c091e,38,84,80,6,0,0.0,0,0,0,1.0,REJECTED_PAGE,TEXT_TOO_SPARSE_FOR_NUMERIC_TABLE_DUMP,Văn bản được tải lên hệ thống eoffice.ptsc.com.vn. Với số định danh: 56/CV-TK/2026
PVS,2026-Q1,quarter,financial_statement,https://www.ptsc.com.vn/Data/Sites/1/media/codong/2026/658 PTSC-BTK.pdf,https://www.ptsc.com.vn/Data/Sites/1/media/codong/2026/658%20PTSC-BTK.pdf,data\raw\official_finance_documents\01ie\pvs_2026_q1_financial_statement_163b34a26aa6ccc7.pdf,163b34a26aa6ccc732ee81f04ce116457ab7c375094f231c2cbc2f66093c091e,39,84,80,6,0,0.0,0,0,0,1.0,REJECTED_PAGE,TEXT_TOO_SPARSE_FOR_NUMERIC_TABLE_DUMP,Văn bản được tải lên hệ thống eoffice.ptsc.com.vn. Với số định danh: 56/CV-TK/2026
PVS,2026-Q1,quarter,financial_statement,https://www.ptsc.com.vn/Data/Sites/1/media/codong/2026/658 PTSC-BTK.pdf,https://www.ptsc.com.vn/Data/Sites/1/media/codong/2026/658%20PTSC-BTK.pdf,data\raw\official_finance_documents\01ie\pvs_2026_q1_financial_statement_163b34a26aa6ccc7.pdf,163b34a26aa6ccc732ee81f04ce116457ab7c375094f231c2cbc2f66093c091e,40,84,80,6,0,0.0,0,0,0,1.0,REJECTED_PAGE,TEXT_TOO_SPARSE_FOR_NUMERIC_TABLE_DUMP,Văn bản được tải lên hệ thống eoffice.ptsc.com.vn. Với số định danh: 56/CV-TK/2026
PVS,2026-Q1,quarter,financial_statement,https://www.ptsc.com.vn/Data/Sites/1/media/codong/2026/658 PTSC-BTK.pdf,https://www.ptsc.com.vn/Data/Sites/1/media/codong/2026/658%20PTSC-BTK.pdf,data\raw\official_finance_documents\01ie\pvs_2026_q1_financial_statement_163b34a26aa6ccc7.pdf,163b34a26aa6ccc732ee81f04ce116457ab7c375094f231c2cbc2f66093c091e,41,84,80,6,0,0.0,0,0,0,1.0,REJECTED_PAGE,TEXT_TOO_SPARSE_FOR_NUMERIC_TABLE_DUMP,Văn bản được tải lên hệ thống eoffice.ptsc.com.vn. Với số định danh: 56/CV-TK/2026
PVS,2026-Q1,quarter,financial_statement,https://www.ptsc.com.vn/Data/Sites/1/media/codong/2026/658 PTSC-BTK.pdf,https://www.ptsc.com.vn/Data/Sites/1/media/codong/2026/658%20PTSC-BTK.pdf,data\raw\official_finance_documents\01ie\pvs_2026_q1_financial_statement_163b34a26aa6ccc7.pdf,163b34a26aa6ccc732ee81f04ce116457ab7c375094f231c2cbc2f66093c091e,42,84,80,6,0,0.0,0,0,0,1.0,REJECTED_PAGE,TEXT_TOO_SPARSE_FOR_NUMERIC_TABLE_DUMP,Văn bản được tải lên hệ thống eoffice.ptsc.com.vn. Với số định danh: 56/CV-TK/2026
PVS,2026-Q1,quarter,financial_statement,https://www.ptsc.com.vn/Data/Sites/1/media/codong/2026/658 PTSC-BTK.pdf,https://www.ptsc.com.vn/Data/Sites/1/media/codong/2026/658%20PTSC-BTK.pdf,data\raw\official_finance_documents\01ie\pvs_2026_q1_financial_statement_163b34a26aa6ccc7.pdf,163b34a26aa6ccc732ee81f04ce116457ab7c375094f231c2cbc2f66093c091e,43,84,80,6,0,0.0,0,0,0,1.0,REJECTED_PAGE,TEXT_TOO_SPARSE_FOR_NUMERIC_TABLE_DUMP,Văn bản được tải lên hệ thống eoffice.ptsc.com.vn. Với số định danh: 56/CV-TK/2026
PVS,2026-Q1,quarter,financial_statement,https://www.ptsc.com.vn/Data/Sites/1/media/codong/2026/658 PTSC-BTK.pdf,https://www.ptsc.com.vn/Data/Sites/1/media/codong/2026/658%20PTSC-BTK.pdf,data\raw\official_finance_documents\01ie\pvs_2026_q1_financial_statement_163b34a26aa6ccc7.pdf,163b34a26aa6ccc732ee81f04ce116457ab7c375094f231c2cbc2f66093c091e,44,84,80,6,0,0.0,0,0,0,1.0,REJECTED_PAGE,TEXT_TOO_SPARSE_FOR_NUMERIC_TABLE_DUMP,Văn bản được tải lên hệ thống eoffice.ptsc.com.vn. Với số định danh: 56/CV-TK/2026
PVS,2026-Q1,quarter,financial_statement,https://www.ptsc.com.vn/Data/Sites/1/media/codong/2026/658 PTSC-BTK.pdf,https://www.ptsc.com.vn/Data/Sites/1/media/codong/2026/658%20PTSC-BTK.pdf,data\raw\official_finance_documents\01ie\pvs_2026_q1_financial_statement_163b34a26aa6ccc7.pdf,163b34a26aa6ccc732ee81f04ce116457ab7c375094f231c2cbc2f66093c091e,45,84,80,6,0,0.0,0,0,0,1.0,REJECTED_PAGE,TEXT_TOO_SPARSE_FOR_NUMERIC_TABLE_DUMP,Văn bản được tải lên hệ thống eoffice.ptsc.com.vn. Với số định danh: 56/CV-TK/2026
PVS,2026-Q1,quarter,financial_statement,https://www.ptsc.com.vn/Data/Sites/1/media/codong/2026/658 PTSC-BTK.pdf,https://www.ptsc.com.vn/Data/Sites/1/media/codong/2026/658%20PTSC-BTK.pdf,data\raw\official_finance_documents\01ie\pvs_2026_q1_financial_statement_163b34a26aa6ccc7.pdf,163b34a26aa6ccc732ee81f04ce116457ab7c375094f231c2cbc2f66093c091e,46,84,80,6,0,0.0,0,0,0,1.0,REJECTED_PAGE,TEXT_TOO_SPARSE_FOR_NUMERIC_TABLE_DUMP,Văn bản được tải lên hệ thống eoffice.ptsc.com.vn. Với số định danh: 56/CV-TK/2026
PVS,2026-Q1,quarter,financial_statement,https://www.ptsc.com.vn/Data/Sites/1/media/codong/2026/658 PTSC-BTK.pdf,https://www.ptsc.com.vn/Data/Sites/1/media/codong/2026/658%20PTSC-BTK.pdf,data\raw\official_finance_documents\01ie\pvs_2026_q1_financial_statement_163b34a26aa6ccc7.pdf,163b34a26aa6ccc732ee81f04ce116457ab7c375094f231c2cbc2f66093c091e,47,84,80,6,0,0.0,0,0,0,1.0,REJECTED_PAGE,TEXT_TOO_SPARSE_FOR_NUMERIC_TABLE_DUMP,Văn bản được tải lên hệ thống eoffice.ptsc.com.vn. Với số định danh: 56/CV-TK/2026
PVS,2026-Q1,quarter,financial_statement,https://www.ptsc.com.vn/Data/Sites/1/media/codong/2026/658 PTSC-BTK.pdf,https://www.ptsc.com.vn/Data/Sites/1/media/codong/2026/658%20PTSC-BTK.pdf,data\raw\official_finance_documents\01ie\pvs_2026_q1_financial_statement_163b34a26aa6ccc7.pdf,163b34a26aa6ccc732ee81f04ce116457ab7c375094f231c2cbc2f66093c091e,48,84,80,6,0,0.0,0,0,0,1.0,REJECTED_PAGE,TEXT_TOO_SPARSE_FOR_NUMERIC_TABLE_DUMP,Văn bản được tải lên hệ thống eoffice.ptsc.com.vn. Với số định danh: 56/CV-TK/2026
PVS,2026-Q1,quarter,financial_statement,https://www.ptsc.com.vn/Data/Sites/1/media/codong/2026/658 PTSC-BTK.pdf,https://www.ptsc.com.vn/Data/Sites/1/media/codong/2026/658%20PTSC-BTK.pdf,data\raw\official_finance_documents\01ie\pvs_2026_q1_financial_statement_163b34a26aa6ccc7.pdf,163b34a26aa6ccc732ee81f04ce116457ab7c375094f231c2cbc2f66093c091e,49,84,80,6,0,0.0,0,0,0,1.0,REJECTED_PAGE,TEXT_TOO_SPARSE_FOR_NUMERIC_TABLE_DUMP,Văn bản được tải lên hệ thống eoffice.ptsc.com.vn. Với số định danh: 56/CV-TK/2026
PVS,2026-Q1,quarter,financial_statement,https://www.ptsc.com.vn/Data/Sites/1/media/codong/2026/658 PTSC-BTK.pdf,https://www.ptsc.com.vn/Data/Sites/1/media/codong/2026/658%20PTSC-BTK.pdf,data\raw\official_finance_documents\01ie\pvs_2026_q1_financial_statement_163b34a26aa6ccc7.pdf,163b34a26aa6ccc732ee81f04ce116457ab7c375094f231c2cbc2f66093c091e,50,84,80,6,0,0.0,0,0,0,1.0,REJECTED_PAGE,TEXT_TOO_SPARSE_FOR_NUMERIC_TABLE_DUMP,Văn bản được tải lên hệ thống eoffice.ptsc.com.vn. Với số định danh: 56/CV-TK/2026
PVS,2026-Q1,quarter,financial_statement,https://www.ptsc.com.vn/Data/Sites/1/media/codong/2026/658 PTSC-BTK.pdf,https://www.ptsc.com.vn/Data/Sites/1/media/codong/2026/658%20PTSC-BTK.pdf,data\raw\official_finance_documents\01ie\pvs_2026_q1_financial_statement_163b34a26aa6ccc7.pdf,163b34a26aa6ccc732ee81f04ce116457ab7c375094f231c2cbc2f66093c091e,51,84,80,6,0,0.0,0,0,0,1.0,REJECTED_PAGE,TEXT_TOO_SPARSE_FOR_NUMERIC_TABLE_DUMP,Văn bản được tải lên hệ thống eoffice.ptsc.com.vn. Với số định danh: 56/CV-TK/2026
PVS,2026-Q1,quarter,financial_statement,https://www.ptsc.com.vn/Data/Sites/1/media/codong/2026/658 PTSC-BTK.pdf,https://www.ptsc.com.vn/Data/Sites/1/media/codong/2026/658%20PTSC-BTK.pdf,data\raw\official_finance_documents\01ie\pvs_2026_q1_financial_statement_163b34a26aa6ccc7.pdf,163b34a26aa6ccc732ee81f04ce116457ab7c375094f231c2cbc2f66093c091e,52,84,80,6,0,0.0,0,0,0,1.0,REJECTED_PAGE,TEXT_TOO_SPARSE_FOR_NUMERIC_TABLE_DUMP,Văn bản được tải lên hệ thống eoffice.ptsc.com.vn. Với số định danh: 56/CV-TK/2026
PVS,2026-Q1,quarter,financial_statement,https://www.ptsc.com.vn/Data/Sites/1/media/codong/2026/658 PTSC-BTK.pdf,https://www.ptsc.com.vn/Data/Sites/1/media/codong/2026/658%20PTSC-BTK.pdf,data\raw\official_finance_documents\01ie\pvs_2026_q1_financial_statement_163b34a26aa6ccc7.pdf,163b34a26aa6ccc732ee81f04ce116457ab7c375094f231c2cbc2f66093c091e,53,84,80,6,0,0.0,0,0,0,1.0,REJECTED_PAGE,TEXT_TOO_SPARSE_FOR_NUMERIC_TABLE_DUMP,Văn bản được tải lên hệ thống eoffice.ptsc.com.vn. Với số định danh: 56/CV-TK/2026
PVS,2026-Q1,quarter,financial_statement,https://www.ptsc.com.vn/Data/Sites/1/media/codong/2026/658 PTSC-BTK.pdf,https://www.ptsc.com.vn/Data/Sites/1/media/codong/2026/658%20PTSC-BTK.pdf,data\raw\official_finance_documents\01ie\pvs_2026_q1_financial_statement_163b34a26aa6ccc7.pdf,163b34a26aa6ccc732ee81f04ce116457ab7c375094f231c2cbc2f66093c091e,54,84,80,6,0,0.0,0,0,0,1.0,REJECTED_PAGE,TEXT_TOO_SPARSE_FOR_NUMERIC_TABLE_DUMP,Văn bản được tải lên hệ thống eoffice.ptsc.com.vn. Với số định danh: 56/CV-TK/2026
PVS,2026-Q1,quarter,financial_statement,https://www.ptsc.com.vn/Data/Sites/1/media/codong/2026/658 PTSC-BTK.pdf,https://www.ptsc.com.vn/Data/Sites/1/media/codong/2026/658%20PTSC-BTK.pdf,data\raw\official_finance_documents\01ie\pvs_2026_q1_financial_statement_163b34a26aa6ccc7.pdf,163b34a26aa6ccc732ee81f04ce116457ab7c375094f231c2cbc2f66093c091e,55,84,80,6,0,0.0,0,0,0,1.0,REJECTED_PAGE,TEXT_TOO_SPARSE_FOR_NUMERIC_TABLE_DUMP,Văn bản được tải lên hệ thống eoffice.ptsc.com.vn. Với số định danh: 56/CV-TK/2026
PVS,2026-Q1,quarter,financial_statement,https://www.ptsc.com.vn/Data/Sites/1/media/codong/2026/658 PTSC-BTK.pdf,https://www.ptsc.com.vn/Data/Sites/1/media/codong/2026/658%20PTSC-BTK.pdf,data\raw\official_finance_documents\01ie\pvs_2026_q1_financial_statement_163b34a26aa6ccc7.pdf,163b34a26aa6ccc732ee81f04ce116457ab7c375094f231c2cbc2f66093c091e,56,84,80,6,0,0.0,0,0,0,1.0,REJECTED_PAGE,TEXT_TOO_SPARSE_FOR_NUMERIC_TABLE_DUMP,Văn bản được tải lên hệ thống eoffice.ptsc.com.vn. Với số định danh: 56/CV-TK/2026
PVS,2026-Q1,quarter,financial_statement,https://www.ptsc.com.vn/Data/Sites/1/media/codong/2026/658 PTSC-BTK.pdf,https://www.ptsc.com.vn/Data/Sites/1/media/codong/2026/658%20PTSC-BTK.pdf,data\raw\official_finance_documents\01ie\pvs_2026_q1_financial_statement_163b34a26aa6ccc7.pdf,163b34a26aa6ccc732ee81f04ce116457ab7c375094f231c2cbc2f66093c091e,57,84,80,6,0,0.0,0,0,0,1.0,REJECTED_PAGE,TEXT_TOO_SPARSE_FOR_NUMERIC_TABLE_DUMP,Văn bản được tải lên hệ thống eoffice.ptsc.com.vn. Với số định danh: 56/CV-TK/2026
PVS,2026-Q1,quarter,financial_statement,https://www.ptsc.com.vn/Data/Sites/1/media/codong/2026/658 PTSC-BTK.pdf,https://www.ptsc.com.vn/Data/Sites/1/media/codong/2026/658%20PTSC-BTK.pdf,data\raw\official_finance_documents\01ie\pvs_2026_q1_financial_statement_163b34a26aa6ccc7.pdf,163b34a26aa6ccc732ee81f04ce116457ab7c375094f231c2cbc2f66093c091e,58,84,80,6,0,0.0,0,0,0,1.0,REJECTED_PAGE,TEXT_TOO_SPARSE_FOR_NUMERIC_TABLE_DUMP,Văn bản được tải lên hệ thống eoffice.ptsc.com.vn. Với số định danh: 56/CV-TK/2026
PVS,2026-Q1,quarter,financial_statement,https://www.ptsc.com.vn/Data/Sites/1/media/codong/2026/658 PTSC-BTK.pdf,https://www.ptsc.com.vn/Data/Sites/1/media/codong/2026/658%20PTSC-BTK.pdf,data\raw\official_finance_documents\01ie\pvs_2026_q1_financial_statement_163b34a26aa6ccc7.pdf,163b34a26aa6ccc732ee81f04ce116457ab7c375094f231c2cbc2f66093c091e,59,84,80,6,0,0.0,0,0,0,1.0,REJECTED_PAGE,TEXT_TOO_SPARSE_FOR_NUMERIC_TABLE_DUMP,Văn bản được tải lên hệ thống eoffice.ptsc.com.vn. Với số định danh: 56/CV-TK/2026
PVS,2026-Q1,quarter,financial_statement,https://www.ptsc.com.vn/Data/Sites/1/media/codong/2026/658 PTSC-BTK.pdf,https://www.ptsc.com.vn/Data/Sites/1/media/codong/2026/658%20PTSC-BTK.pdf,data\raw\official_finance_documents\01ie\pvs_2026_q1_financial_statement_163b34a26aa6ccc7.pdf,163b34a26aa6ccc732ee81f04ce116457ab7c375094f231c2cbc2f66093c091e,60,84,80,6,0,0.0,0,0,0,1.0,REJECTED_PAGE,TEXT_TOO_SPARSE_FOR_NUMERIC_TABLE_DUMP,Văn bản được tải lên hệ thống eoffice.ptsc.com.vn. Với số định danh: 56/CV-TK/2026
PVS,2026-Q1,quarter,financial_statement,https://www.ptsc.com.vn/Data/Sites/1/media/codong/2026/658 PTSC-BTK.pdf,https://www.ptsc.com.vn/Data/Sites/1/media/codong/2026/658%20PTSC-BTK.pdf,data\raw\official_finance_documents\01ie\pvs_2026_q1_financial_statement_163b34a26aa6ccc7.pdf,163b34a26aa6ccc732ee81f04ce116457ab7c375094f231c2cbc2f66093c091e,61,84,80,6,0,0.0,0,0,0,1.0,REJECTED_PAGE,TEXT_TOO_SPARSE_FOR_NUMERIC_TABLE_DUMP,Văn bản được tải lên hệ thống eoffice.ptsc.com.vn. Với số định danh: 56/CV-TK/2026
PVS,2026-Q1,quarter,financial_statement,https://www.ptsc.com.vn/Data/Sites/1/media/codong/2026/658 PTSC-BTK.pdf,https://www.ptsc.com.vn/Data/Sites/1/media/codong/2026/658%20PTSC-BTK.pdf,data\raw\official_finance_documents\01ie\pvs_2026_q1_financial_statement_163b34a26aa6ccc7.pdf,163b34a26aa6ccc732ee81f04ce116457ab7c375094f231c2cbc2f66093c091e,62,84,80,6,0,0.0,0,0,0,1.0,REJECTED_PAGE,TEXT_TOO_SPARSE_FOR_NUMERIC_TABLE_DUMP,Văn bản được tải lên hệ thống eoffice.ptsc.com.vn. Với số định danh: 56/CV-TK/2026
PVS,2026-Q1,quarter,financial_statement,https://www.ptsc.com.vn/Data/Sites/1/media/codong/2026/658 PTSC-BTK.pdf,https://www.ptsc.com.vn/Data/Sites/1/media/codong/2026/658%20PTSC-BTK.pdf,data\raw\official_finance_documents\01ie\pvs_2026_q1_financial_statement_163b34a26aa6ccc7.pdf,163b34a26aa6ccc732ee81f04ce116457ab7c375094f231c2cbc2f66093c091e,63,84,80,6,0,0.0,0,0,0,1.0,REJECTED_PAGE,TEXT_TOO_SPARSE_FOR_NUMERIC_TABLE_DUMP,Văn bản được tải lên hệ thống eoffice.ptsc.com.vn. Với số định danh: 56/CV-TK/2026
PVS,2026-Q1,quarter,financial_statement,https://www.ptsc.com.vn/Data/Sites/1/media/codong/2026/658 PTSC-BTK.pdf,https://www.ptsc.com.vn/Data/Sites/1/media/codong/2026/658%20PTSC-BTK.pdf,data\raw\official_finance_documents\01ie\pvs_2026_q1_financial_statement_163b34a26aa6ccc7.pdf,163b34a26aa6ccc732ee81f04ce116457ab7c375094f231c2cbc2f66093c091e,64,84,80,6,0,0.0,0,0,0,1.0,REJECTED_PAGE,TEXT_TOO_SPARSE_FOR_NUMERIC_TABLE_DUMP,Văn bản được tải lên hệ thống eoffice.ptsc.com.vn. Với số định danh: 56/CV-TK/2026
PVS,2026-Q1,quarter,financial_statement,https://www.ptsc.com.vn/Data/Sites/1/media/codong/2026/658 PTSC-BTK.pdf,https://www.ptsc.com.vn/Data/Sites/1/media/codong/2026/658%20PTSC-BTK.pdf,data\raw\official_finance_documents\01ie\pvs_2026_q1_financial_statement_163b34a26aa6ccc7.pdf,163b34a26aa6ccc732ee81f04ce116457ab7c375094f231c2cbc2f66093c091e,65,84,80,6,0,0.0,0,0,0,1.0,REJECTED_PAGE,TEXT_TOO_SPARSE_FOR_NUMERIC_TABLE_DUMP,Văn bản được tải lên hệ thống eoffice.ptsc.com.vn. Với số định danh: 56/CV-TK/2026
PVS,2026-Q1,quarter,financial_statement,https://www.ptsc.com.vn/Data/Sites/1/media/codong/2026/658 PTSC-BTK.pdf,https://www.ptsc.com.vn/Data/Sites/1/media/codong/2026/658%20PTSC-BTK.pdf,data\raw\official_finance_documents\01ie\pvs_2026_q1_financial_statement_163b34a26aa6ccc7.pdf,163b34a26aa6ccc732ee81f04ce116457ab7c375094f231c2cbc2f66093c091e,66,84,80,6,0,0.0,0,0,0,1.0,REJECTED_PAGE,TEXT_TOO_SPARSE_FOR_NUMERIC_TABLE_DUMP,Văn bản được tải lên hệ thống eoffice.ptsc.com.vn. Với số định danh: 56/CV-TK/2026
PVS,2026-Q1,quarter,financial_statement,https://www.ptsc.com.vn/Data/Sites/1/media/codong/2026/658 PTSC-BTK.pdf,https://www.ptsc.com.vn/Data/Sites/1/media/codong/2026/658%20PTSC-BTK.pdf,data\raw\official_finance_documents\01ie\pvs_2026_q1_financial_statement_163b34a26aa6ccc7.pdf,163b34a26aa6ccc732ee81f04ce116457ab7c375094f231c2cbc2f66093c091e,67,84,80,6,0,0.0,0,0,0,1.0,REJECTED_PAGE,TEXT_TOO_SPARSE_FOR_NUMERIC_TABLE_DUMP,Văn bản được tải lên hệ thống eoffice.ptsc.com.vn. Với số định danh: 56/CV-TK/2026
PVS,2026-Q1,quarter,financial_statement,https://www.ptsc.com.vn/Data/Sites/1/media/codong/2026/658 PTSC-BTK.pdf,https://www.ptsc.com.vn/Data/Sites/1/media/codong/2026/658%20PTSC-BTK.pdf,data\raw\official_finance_documents\01ie\pvs_2026_q1_financial_statement_163b34a26aa6ccc7.pdf,163b34a26aa6ccc732ee81f04ce116457ab7c375094f231c2cbc2f66093c091e,68,84,80,6,0,0.0,0,0,0,1.0,REJECTED_PAGE,TEXT_TOO_SPARSE_FOR_NUMERIC_TABLE_DUMP,Văn bản được tải lên hệ thống eoffice.ptsc.com.vn. Với số định danh: 56/CV-TK/2026
PVS,2026-Q1,quarter,financial_statement,https://www.ptsc.com.vn/Data/Sites/1/media/codong/2026/658 PTSC-BTK.pdf,https://www.ptsc.com.vn/Data/Sites/1/media/codong/2026/658%20PTSC-BTK.pdf,data\raw\official_finance_documents\01ie\pvs_2026_q1_financial_statement_163b34a26aa6ccc7.pdf,163b34a26aa6ccc732ee81f04ce116457ab7c375094f231c2cbc2f66093c091e,69,84,80,6,0,0.0,0,0,0,1.0,REJECTED_PAGE,TEXT_TOO_SPARSE_FOR_NUMERIC_TABLE_DUMP,Văn bản được tải lên hệ thống eoffice.ptsc.com.vn. Với số định danh: 56/CV-TK/2026
PVS,2026-Q1,quarter,financial_statement,https://www.ptsc.com.vn/Data/Sites/1/media/codong/2026/658 PTSC-BTK.pdf,https://www.ptsc.com.vn/Data/Sites/1/media/codong/2026/658%20PTSC-BTK.pdf,data\raw\official_finance_documents\01ie\pvs_2026_q1_financial_statement_163b34a26aa6ccc7.pdf,163b34a26aa6ccc732ee81f04ce116457ab7c375094f231c2cbc2f66093c091e,70,84,80,6,0,0.0,0,0,0,1.0,REJECTED_PAGE,TEXT_TOO_SPARSE_FOR_NUMERIC_TABLE_DUMP,Văn bản được tải lên hệ thống eoffice.ptsc.com.vn. Với số định danh: 56/CV-TK/2026
PVS,2026-Q1,quarter,financial_statement,https://www.ptsc.com.vn/Data/Sites/1/media/codong/2026/658 PTSC-BTK.pdf,https://www.ptsc.com.vn/Data/Sites/1/media/codong/2026/658%20PTSC-BTK.pdf,data\raw\official_finance_documents\01ie\pvs_2026_q1_financial_statement_163b34a26aa6ccc7.pdf,163b34a26aa6ccc732ee81f04ce116457ab7c375094f231c2cbc2f66093c091e,71,84,80,6,0,0.0,0,0,0,1.0,REJECTED_PAGE,TEXT_TOO_SPARSE_FOR_NUMERIC_TABLE_DUMP,Văn bản được tải lên hệ thống eoffice.ptsc.com.vn. Với số định danh: 56/CV-TK/2026
PVS,2026-Q1,quarter,financial_statement,https://www.ptsc.com.vn/Data/Sites/1/media/codong/2026/658 PTSC-BTK.pdf,https://www.ptsc.com.vn/Data/Sites/1/media/codong/2026/658%20PTSC-BTK.pdf,data\raw\official_finance_documents\01ie\pvs_2026_q1_financial_statement_163b34a26aa6ccc7.pdf,163b34a26aa6ccc732ee81f04ce116457ab7c375094f231c2cbc2f66093c091e,72,84,80,6,0,0.0,0,0,0,1.0,REJECTED_PAGE,TEXT_TOO_SPARSE_FOR_NUMERIC_TABLE_DUMP,Văn bản được tải lên hệ thống eoffice.ptsc.com.vn. Với số định danh: 56/CV-TK/2026
PVS,2026-Q1,quarter,financial_statement,https://www.ptsc.com.vn/Data/Sites/1/media/codong/2026/658 PTSC-BTK.pdf,https://www.ptsc.com.vn/Data/Sites/1/media/codong/2026/658%20PTSC-BTK.pdf,data\raw\official_finance_documents\01ie\pvs_2026_q1_financial_statement_163b34a26aa6ccc7.pdf,163b34a26aa6ccc732ee81f04ce116457ab7c375094f231c2cbc2f66093c091e,73,84,80,6,0,0.0,0,0,0,1.0,REJECTED_PAGE,TEXT_TOO_SPARSE_FOR_NUMERIC_TABLE_DUMP,Văn bản được tải lên hệ thống eoffice.ptsc.com.vn. Với số định danh: 56/CV-TK/2026
PVS,2026-Q1,quarter,financial_statement,https://www.ptsc.com.vn/Data/Sites/1/media/codong/2026/658 PTSC-BTK.pdf,https://www.ptsc.com.vn/Data/Sites/1/media/codong/2026/658%20PTSC-BTK.pdf,data\raw\official_finance_documents\01ie\pvs_2026_q1_financial_statement_163b34a26aa6ccc7.pdf,163b34a26aa6ccc732ee81f04ce116457ab7c375094f231c2cbc2f66093c091e,74,84,80,6,0,0.0,0,0,0,1.0,REJECTED_PAGE,TEXT_TOO_SPARSE_FOR_NUMERIC_TABLE_DUMP,Văn bản được tải lên hệ thống eoffice.ptsc.com.vn. Với số định danh: 56/CV-TK/2026
PVS,2026-Q1,quarter,financial_statement,https://www.ptsc.com.vn/Data/Sites/1/media/codong/2026/658 PTSC-BTK.pdf,https://www.ptsc.com.vn/Data/Sites/1/media/codong/2026/658%20PTSC-BTK.pdf,data\raw\official_finance_documents\01ie\pvs_2026_q1_financial_statement_163b34a26aa6ccc7.pdf,163b34a26aa6ccc732ee81f04ce116457ab7c375094f231c2cbc2f66093c091e,75,84,80,6,0,0.0,0,0,0,1.0,REJECTED_PAGE,TEXT_TOO_SPARSE_FOR_NUMERIC_TABLE_DUMP,Văn bản được tải lên hệ thống eoffice.ptsc.com.vn. Với số định danh: 56/CV-TK/2026
PVS,2026-Q1,quarter,financial_statement,https://www.ptsc.com.vn/Data/Sites/1/media/codong/2026/658 PTSC-BTK.pdf,https://www.ptsc.com.vn/Data/Sites/1/media/codong/2026/658%20PTSC-BTK.pdf,data\raw\official_finance_documents\01ie\pvs_2026_q1_financial_statement_163b34a26aa6ccc7.pdf,163b34a26aa6ccc732ee81f04ce116457ab7c375094f231c2cbc2f66093c091e,76,84,80,6,0,0.0,0,0,0,1.0,REJECTED_PAGE,TEXT_TOO_SPARSE_FOR_NUMERIC_TABLE_DUMP,Văn bản được tải lên hệ thống eoffice.ptsc.com.vn. Với số định danh: 56/CV-TK/2026
PVS,2026-Q1,quarter,financial_statement,https://www.ptsc.com.vn/Data/Sites/1/media/codong/2026/658 PTSC-BTK.pdf,https://www.ptsc.com.vn/Data/Sites/1/media/codong/2026/658%20PTSC-BTK.pdf,data\raw\official_finance_documents\01ie\pvs_2026_q1_financial_statement_163b34a26aa6ccc7.pdf,163b34a26aa6ccc732ee81f04ce116457ab7c375094f231c2cbc2f66093c091e,77,84,80,6,0,0.0,0,0,0,1.0,REJECTED_PAGE,TEXT_TOO_SPARSE_FOR_NUMERIC_TABLE_DUMP,Văn bản được tải lên hệ thống eoffice.ptsc.com.vn. Với số định danh: 56/CV-TK/2026
PVS,2026-Q1,quarter,financial_statement,https://www.ptsc.com.vn/Data/Sites/1/media/codong/2026/658 PTSC-BTK.pdf,https://www.ptsc.com.vn/Data/Sites/1/media/codong/2026/658%20PTSC-BTK.pdf,data\raw\official_finance_documents\01ie\pvs_2026_q1_financial_statement_163b34a26aa6ccc7.pdf,163b34a26aa6ccc732ee81f04ce116457ab7c375094f231c2cbc2f66093c091e,78,84,80,6,0,0.0,0,0,0,1.0,REJECTED_PAGE,TEXT_TOO_SPARSE_FOR_NUMERIC_TABLE_DUMP,Văn bản được tải lên hệ thống eoffice.ptsc.com.vn. Với số định danh: 56/CV-TK/2026
PVS,2026-Q1,quarter,financial_statement,https://www.ptsc.com.vn/Data/Sites/1/media/codong/2026/658 PTSC-BTK.pdf,https://www.ptsc.com.vn/Data/Sites/1/media/codong/2026/658%20PTSC-BTK.pdf,data\raw\official_finance_documents\01ie\pvs_2026_q1_financial_statement_163b34a26aa6ccc7.pdf,163b34a26aa6ccc732ee81f04ce116457ab7c375094f231c2cbc2f66093c091e,79,84,80,6,0,0.0,0,0,0,1.0,REJECTED_PAGE,TEXT_TOO_SPARSE_FOR_NUMERIC_TABLE_DUMP,Văn bản được tải lên hệ thống eoffice.ptsc.com.vn. Với số định danh: 56/CV-TK/2026
PVS,2026-Q1,quarter,financial_statement,https://www.ptsc.com.vn/Data/Sites/1/media/codong/2026/658 PTSC-BTK.pdf,https://www.ptsc.com.vn/Data/Sites/1/media/codong/2026/658%20PTSC-BTK.pdf,data\raw\official_finance_documents\01ie\pvs_2026_q1_financial_statement_163b34a26aa6ccc7.pdf,163b34a26aa6ccc732ee81f04ce116457ab7c375094f231c2cbc2f66093c091e,80,84,80,6,0,0.0,0,0,0,1.0,REJECTED_PAGE,TEXT_TOO_SPARSE_FOR_NUMERIC_TABLE_DUMP,Văn bản được tải lên hệ thống eoffice.ptsc.com.vn. Với số định danh: 56/CV-TK/2026
PVS,2026-Q1,quarter,financial_statement,https://www.ptsc.com.vn/Data/Sites/1/media/codong/2026/658 PTSC-BTK.pdf,https://www.ptsc.com.vn/Data/Sites/1/media/codong/2026/658%20PTSC-BTK.pdf,data\raw\official_finance_documents\01ie\pvs_2026_q1_financial_statement_163b34a26aa6ccc7.pdf,163b34a26aa6ccc732ee81f04ce116457ab7c375094f231c2cbc2f66093c091e,81,84,80,6,0,0.0,0,0,0,1.0,REJECTED_PAGE,TEXT_TOO_SPARSE_FOR_NUMERIC_TABLE_DUMP,Văn bản được tải lên hệ thống eoffice.ptsc.com.vn. Với số định danh: 56/CV-TK/2026
PVS,2026-Q1,quarter,financial_statement,https://www.ptsc.com.vn/Data/Sites/1/media/codong/2026/658 PTSC-BTK.pdf,https://www.ptsc.com.vn/Data/Sites/1/media/codong/2026/658%20PTSC-BTK.pdf,data\raw\official_finance_documents\01ie\pvs_2026_q1_financial_statement_163b34a26aa6ccc7.pdf,163b34a26aa6ccc732ee81f04ce116457ab7c375094f231c2cbc2f66093c091e,82,84,80,6,0,0.0,0,0,0,1.0,REJECTED_PAGE,TEXT_TOO_SPARSE_FOR_NUMERIC_TABLE_DUMP,Văn bản được tải lên hệ thống eoffice.ptsc.com.vn. Với số định danh: 56/CV-TK/2026
PVS,2026-Q1,quarter,financial_statement,https://www.ptsc.com.vn/Data/Sites/1/media/codong/2026/658 PTSC-BTK.pdf,https://www.ptsc.com.vn/Data/Sites/1/media/codong/2026/658%20PTSC-BTK.pdf,data\raw\official_finance_documents\01ie\pvs_2026_q1_financial_statement_163b34a26aa6ccc7.pdf,163b34a26aa6ccc732ee81f04ce116457ab7c375094f231c2cbc2f66093c091e,83,84,80,6,0,0.0,0,0,0,1.0,REJECTED_PAGE,TEXT_TOO_SPARSE_FOR_NUMERIC_TABLE_DUMP,Văn bản được tải lên hệ thống eoffice.ptsc.com.vn. Với số định danh: 56/CV-TK/2026
PVS,2026-Q1,quarter,financial_statement,https://www.ptsc.com.vn/Data/Sites/1/media/codong/2026/658 PTSC-BTK.pdf,https://www.ptsc.com.vn/Data/Sites/1/media/codong/2026/658%20PTSC-BTK.pdf,data\raw\official_finance_documents\01ie\pvs_2026_q1_financial_statement_163b34a26aa6ccc7.pdf,163b34a26aa6ccc732ee81f04ce116457ab7c375094f231c2cbc2f66093c091e,84,84,80,6,0,0.0,0,0,0,1.0,REJECTED_PAGE,TEXT_TOO_SPARSE_FOR_NUMERIC_TABLE_DUMP,Văn bản được tải lên hệ thống eoffice.ptsc.com.vn. Với số định danh: 56/CV-TK/2026
PVS,2026-Q1,quarter,financial_statement,https://www.ptsc.com.vn/Data/Sites/1/media/codong/2026/658 PTSC-BTK.pdf,https://www.ptsc.com.vn/Data/Sites/1/media/codong/2026/658%20PTSC-BTK.pdf,data\raw\official_finance_documents\01ie\pvs_2026_q1_financial_statement_163b34a26aa6ccc7.pdf,163b34a26aa6ccc732ee81f04ce116457ab7c375094f231c2cbc2f66093c091e,85,84,80,6,0,0.0,0,0,0,1.0,REJECTED_PAGE,TEXT_TOO_SPARSE_FOR_NUMERIC_TABLE_DUMP,Văn bản được tải lên hệ thống eoffice.ptsc.com.vn. Với số định danh: 56/CV-TK/2026
PVS,2026-Q1,quarter,financial_statement,https://www.ptsc.com.vn/Data/Sites/1/media/codong/2026/658 PTSC-BTK.pdf,https://www.ptsc.com.vn/Data/Sites/1/media/codong/2026/658%20PTSC-BTK.pdf,data\raw\official_finance_documents\01ie\pvs_2026_q1_financial_statement_163b34a26aa6ccc7.pdf,163b34a26aa6ccc732ee81f04ce116457ab7c375094f231c2cbc2f66093c091e,86,84,80,6,0,0.0,0,0,0,1.0,REJECTED_PAGE,TEXT_TOO_SPARSE_FOR_NUMERIC_TABLE_DUMP,Văn bản được tải lên hệ thống eoffice.ptsc.com.vn. Với số định danh: 56/CV-TK/2026
PVS,2026-Q1,quarter,financial_statement,https://www.ptsc.com.vn/Data/Sites/1/media/codong/2026/658 PTSC-BTK.pdf,https://www.ptsc.com.vn/Data/Sites/1/media/codong/2026/658%20PTSC-BTK.pdf,data\raw\official_finance_documents\01ie\pvs_2026_q1_financial_statement_163b34a26aa6ccc7.pdf,163b34a26aa6ccc732ee81f04ce116457ab7c375094f231c2cbc2f66093c091e,87,84,80,6,0,0.0,0,0,0,1.0,REJECTED_PAGE,TEXT_TOO_SPARSE_FOR_NUMERIC_TABLE_DUMP,Văn bản được tải lên hệ thống eoffice.ptsc.com.vn. Với số định danh: 56/CV-TK/2026
PVS,2026-Q1,quarter,financial_statement,https://www.ptsc.com.vn/Data/Sites/1/media/codong/2026/658 PTSC-BTK.pdf,https://www.ptsc.com.vn/Data/Sites/1/media/codong/2026/658%20PTSC-BTK.pdf,data\raw\official_finance_documents\01ie\pvs_2026_q1_financial_statement_163b34a26aa6ccc7.pdf,163b34a26aa6ccc732ee81f04ce116457ab7c375094f231c2cbc2f66093c091e,88,84,80,6,0,0.0,0,0,0,1.0,REJECTED_PAGE,TEXT_TOO_SPARSE_FOR_NUMERIC_TABLE_DUMP,Văn bản được tải lên hệ thống eoffice.ptsc.com.vn. Với số định danh: 56/CV-TK/2026
PVS,2026-Q1,quarter,financial_statement,https://www.ptsc.com.vn/Data/Sites/1/media/codong/2026/658 PTSC-BTK.pdf,https://www.ptsc.com.vn/Data/Sites/1/media/codong/2026/658%20PTSC-BTK.pdf,data\raw\official_finance_documents\01ie\pvs_2026_q1_financial_statement_163b34a26aa6ccc7.pdf,163b34a26aa6ccc732ee81f04ce116457ab7c375094f231c2cbc2f66093c091e,89,84,80,6,0,0.0,0,0,0,1.0,REJECTED_PAGE,TEXT_TOO_SPARSE_FOR_NUMERIC_TABLE_DUMP,Văn bản được tải lên hệ thống eoffice.ptsc.com.vn. Với số định danh: 56/CV-TK/2026
PVS,2026-Q1,quarter,financial_statement,https://www.ptsc.com.vn/Data/Sites/1/media/codong/2026/658 PTSC-BTK.pdf,https://www.ptsc.com.vn/Data/Sites/1/media/codong/2026/658%20PTSC-BTK.pdf,data\raw\official_finance_documents\01ie\pvs_2026_q1_financial_statement_163b34a26aa6ccc7.pdf,163b34a26aa6ccc732ee81f04ce116457ab7c375094f231c2cbc2f66093c091e,90,84,80,6,0,0.0,0,0,0,1.0,REJECTED_PAGE,TEXT_TOO_SPARSE_FOR_NUMERIC_TABLE_DUMP,Văn bản được tải lên hệ thống eoffice.ptsc.com.vn. Với số định danh: 56/CV-TK/2026
PVS,2026-Q1,quarter,financial_statement,https://www.ptsc.com.vn/Data/Sites/1/media/codong/2026/658 PTSC-BTK.pdf,https://www.ptsc.com.vn/Data/Sites/1/media/codong/2026/658%20PTSC-BTK.pdf,data\raw\official_finance_documents\01ie\pvs_2026_q1_financial_statement_163b34a26aa6ccc7.pdf,163b34a26aa6ccc732ee81f04ce116457ab7c375094f231c2cbc2f66093c091e,91,84,80,6,0,0.0,0,0,0,1.0,REJECTED_PAGE,TEXT_TOO_SPARSE_FOR_NUMERIC_TABLE_DUMP,Văn bản được tải lên hệ thống eoffice.ptsc.com.vn. Với số định danh: 56/CV-TK/2026
PVS,2026-Q1,quarter,financial_statement,https://www.ptsc.com.vn/Data/Sites/1/media/codong/2026/658 PTSC-BTK.pdf,https://www.ptsc.com.vn/Data/Sites/1/media/codong/2026/658%20PTSC-BTK.pdf,data\raw\official_finance_documents\01ie\pvs_2026_q1_financial_statement_163b34a26aa6ccc7.pdf,163b34a26aa6ccc732ee81f04ce116457ab7c375094f231c2cbc2f66093c091e,92,84,80,6,0,0.0,0,0,0,1.0,REJECTED_PAGE,TEXT_TOO_SPARSE_FOR_NUMERIC_TABLE_DUMP,Văn bản được tải lên hệ thống eoffice.ptsc.com.vn. Với số định danh: 56/CV-TK/2026
PVS,2026-Q1,quarter,financial_statement,https://www.ptsc.com.vn/Data/Sites/1/media/codong/2026/658 PTSC-BTK.pdf,https://www.ptsc.com.vn/Data/Sites/1/media/codong/2026/658%20PTSC-BTK.pdf,data\raw\official_finance_documents\01ie\pvs_2026_q1_financial_statement_163b34a26aa6ccc7.pdf,163b34a26aa6ccc732ee81f04ce116457ab7c375094f231c2cbc2f66093c091e,93,84,80,6,0,0.0,0,0,0,1.0,REJECTED_PAGE,TEXT_TOO_SPARSE_FOR_NUMERIC_TABLE_DUMP,Văn bản được tải lên hệ thống eoffice.ptsc.com.vn. Với số định danh: 56/CV-TK/2026
PVS,2026-Q1,quarter,financial_statement,https://www.ptsc.com.vn/Data/Sites/1/media/codong/2026/658 PTSC-BTK.pdf,https://www.ptsc.com.vn/Data/Sites/1/media/codong/2026/658%20PTSC-BTK.pdf,data\raw\official_finance_documents\01ie\pvs_2026_q1_financial_statement_163b34a26aa6ccc7.pdf,163b34a26aa6ccc732ee81f04ce116457ab7c375094f231c2cbc2f66093c091e,94,84,80,6,0,0.0,0,0,0,1.0,REJECTED_PAGE,TEXT_TOO_SPARSE_FOR_NUMERIC_TABLE_DUMP,Văn bản được tải lên hệ thống eoffice.ptsc.com.vn. Với số định danh: 56/CV-TK/2026
PVS,2026-Q1,quarter,financial_statement,https://www.ptsc.com.vn/Data/Sites/1/media/codong/2026/658 PTSC-BTK.pdf,https://www.ptsc.com.vn/Data/Sites/1/media/codong/2026/658%20PTSC-BTK.pdf,data\raw\official_finance_documents\01ie\pvs_2026_q1_financial_statement_163b34a26aa6ccc7.pdf,163b34a26aa6ccc732ee81f04ce116457ab7c375094f231c2cbc2f66093c091e,95,84,80,6,0,0.0,0,0,0,1.0,REJECTED_PAGE,TEXT_TOO_SPARSE_FOR_NUMERIC_TABLE_DUMP,Văn bản được tải lên hệ thống eoffice.ptsc.com.vn. Với số định danh: 56/CV-TK/2026
PVS,2026-Q1,quarter,financial_statement,https://www.ptsc.com.vn/Data/Sites/1/media/codong/2026/658 PTSC-BTK.pdf,https://www.ptsc.com.vn/Data/Sites/1/media/codong/2026/658%20PTSC-BTK.pdf,data\raw\official_finance_documents\01ie\pvs_2026_q1_financial_statement_163b34a26aa6ccc7.pdf,163b34a26aa6ccc732ee81f04ce116457ab7c375094f231c2cbc2f66093c091e,96,84,80,6,0,0.0,0,0,0,1.0,REJECTED_PAGE,TEXT_TOO_SPARSE_FOR_NUMERIC_TABLE_DUMP,Văn bản được tải lên hệ thống eoffice.ptsc.com.vn. Với số định danh: 56/CV-TK/2026
PVS,2026-Q1,quarter,financial_statement,https://www.ptsc.com.vn/Data/Sites/1/media/codong/2026/658 PTSC-BTK.pdf,https://www.ptsc.com.vn/Data/Sites/1/media/codong/2026/658%20PTSC-BTK.pdf,data\raw\official_finance_documents\01ie\pvs_2026_q1_financial_statement_163b34a26aa6ccc7.pdf,163b34a26aa6ccc732ee81f04ce116457ab7c375094f231c2cbc2f66093c091e,97,84,80,6,0,0.0,0,0,0,1.0,REJECTED_PAGE,TEXT_TOO_SPARSE_FOR_NUMERIC_TABLE_DUMP,Văn bản được tải lên hệ thống eoffice.ptsc.com.vn. Với số định danh: 56/CV-TK/2026
PVS,2026-Q1,quarter,financial_statement,https://www.ptsc.com.vn/Data/Sites/1/media/codong/2026/658 PTSC-BTK.pdf,https://www.ptsc.com.vn/Data/Sites/1/media/codong/2026/658%20PTSC-BTK.pdf,data\raw\official_finance_documents\01ie\pvs_2026_q1_financial_statement_163b34a26aa6ccc7.pdf,163b34a26aa6ccc732ee81f04ce116457ab7c375094f231c2cbc2f66093c091e,98,84,80,6,0,0.0,0,0,0,1.0,REJECTED_PAGE,TEXT_TOO_SPARSE_FOR_NUMERIC_TABLE_DUMP,Văn bản được tải lên hệ thống eoffice.ptsc.com.vn. Với số định danh: 56/CV-TK/2026
PVS,2026-Q1,quarter,financial_statement,https://www.ptsc.com.vn/Data/Sites/1/media/codong/2026/658 PTSC-BTK.pdf,https://www.ptsc.com.vn/Data/Sites/1/media/codong/2026/658%20PTSC-BTK.pdf,data\raw\official_finance_documents\01ie\pvs_2026_q1_financial_statement_163b34a26aa6ccc7.pdf,163b34a26aa6ccc732ee81f04ce116457ab7c375094f231c2cbc2f66093c091e,99,84,80,6,0,0.0,0,0,0,1.0,REJECTED_PAGE,TEXT_TOO_SPARSE_FOR_NUMERIC_TABLE_DUMP,Văn bản được tải lên hệ thống eoffice.ptsc.com.vn. Với số định danh: 56/CV-TK/2026
PVS,2026-Q1,quarter,financial_statement,https://www.ptsc.com.vn/Data/Sites/1/media/codong/2026/658 PTSC-BTK.pdf,https://www.ptsc.com.vn/Data/Sites/1/media/codong/2026/658%20PTSC-BTK.pdf,data\raw\official_finance_documents\01ie\pvs_2026_q1_financial_statement_163b34a26aa6ccc7.pdf,163b34a26aa6ccc732ee81f04ce116457ab7c375094f231c2cbc2f66093c091e,100,84,80,6,0,0.0,0,0,0,1.0,REJECTED_PAGE,TEXT_TOO_SPARSE_FOR_NUMERIC_TABLE_DUMP,Văn bản được tải lên hệ thống eoffice.ptsc.com.vn. Với số định danh: 56/CV-TK/2026
PVS,2026-Q1,quarter,financial_statement,https://www.ptsc.com.vn/Data/Sites/1/media/codong/2026/658 PTSC-BTK.pdf,https://www.ptsc.com.vn/Data/Sites/1/media/codong/2026/658%20PTSC-BTK.pdf,data\raw\official_finance_documents\01ie\pvs_2026_q1_financial_statement_163b34a26aa6ccc7.pdf,163b34a26aa6ccc732ee81f04ce116457ab7c375094f231c2cbc2f66093c091e,101,84,80,6,0,0.0,0,0,0,1.0,REJECTED_PAGE,TEXT_TOO_SPARSE_FOR_NUMERIC_TABLE_DUMP,Văn bản được tải lên hệ thống eoffice.ptsc.com.vn. Với số định danh: 56/CV-TK/2026
PVS,2026-Q1,quarter,financial_statement,https://www.ptsc.com.vn/Data/Sites/1/media/codong/2026/658 PTSC-BTK.pdf,https://www.ptsc.com.vn/Data/Sites/1/media/codong/2026/658%20PTSC-BTK.pdf,data\raw\official_finance_documents\01ie\pvs_2026_q1_financial_statement_163b34a26aa6ccc7.pdf,163b34a26aa6ccc732ee81f04ce116457ab7c375094f231c2cbc2f66093c091e,102,84,80,6,0,0.0,0,0,0,1.0,REJECTED_PAGE,TEXT_TOO_SPARSE_FOR_NUMERIC_TABLE_DUMP,Văn bản được tải lên hệ thống eoffice.ptsc.com.vn. Với số định danh: 56/CV-TK/2026
PVS,2026-Q1,quarter,financial_statement,https://www.ptsc.com.vn/Data/Sites/1/media/codong/2026/658 PTSC-BTK.pdf,https://www.ptsc.com.vn/Data/Sites/1/media/codong/2026/658%20PTSC-BTK.pdf,data\raw\official_finance_documents\01ie\pvs_2026_q1_financial_statement_163b34a26aa6ccc7.pdf,163b34a26aa6ccc732ee81f04ce116457ab7c375094f231c2cbc2f66093c091e,103,84,80,6,0,0.0,0,0,0,1.0,REJECTED_PAGE,TEXT_TOO_SPARSE_FOR_NUMERIC_TABLE_DUMP,Văn bản được tải lên hệ thống eoffice.ptsc.com.vn. Với số định danh: 56/CV-TK/2026
PVS,2026-Q1,quarter,financial_statement,https://www.ptsc.com.vn/Data/Sites/1/media/codong/2026/658 PTSC-BTK.pdf,https://www.ptsc.com.vn/Data/Sites/1/media/codong/2026/658%20PTSC-BTK.pdf,data\raw\official_finance_documents\01ie\pvs_2026_q1_financial_statement_163b34a26aa6ccc7.pdf,163b34a26aa6ccc732ee81f04ce116457ab7c375094f231c2cbc2f66093c091e,104,84,80,6,0,0.0,0,0,0,1.0,REJECTED_PAGE,TEXT_TOO_SPARSE_FOR_NUMERIC_TABLE_DUMP,Văn bản được tải lên hệ thống eoffice.ptsc.com.vn. Với số định danh: 56/CV-TK/2026
PVS,2026-Q1,quarter,financial_statement,https://www.ptsc.com.vn/Data/Sites/1/media/codong/2026/658 PTSC-BTK.pdf,https://www.ptsc.com.vn/Data/Sites/1/media/codong/2026/658%20PTSC-BTK.pdf,data\raw\official_finance_documents\01ie\pvs_2026_q1_financial_statement_163b34a26aa6ccc7.pdf,163b34a26aa6ccc732ee81f04ce116457ab7c375094f231c2cbc2f66093c091e,105,84,80,6,0,0.0,0,0,0,1.0,REJECTED_PAGE,TEXT_TOO_SPARSE_FOR_NUMERIC_TABLE_DUMP,Văn bản được tải lên hệ thống eoffice.ptsc.com.vn. Với số định danh: 56/CV-TK/2026
PVS,2026-Q1,quarter,financial_statement,https://www.ptsc.com.vn/Data/Sites/1/media/codong/2026/658 PTSC-BTK.pdf,https://www.ptsc.com.vn/Data/Sites/1/media/codong/2026/658%20PTSC-BTK.pdf,data\raw\official_finance_documents\01ie\pvs_2026_q1_financial_statement_163b34a26aa6ccc7.pdf,163b34a26aa6ccc732ee81f04ce116457ab7c375094f231c2cbc2f66093c091e,106,84,80,6,0,0.0,0,0,0,1.0,REJECTED_PAGE,TEXT_TOO_SPARSE_FOR_NUMERIC_TABLE_DUMP,Văn bản được tải lên hệ thống eoffice.ptsc.com.vn. Với số định danh: 56/CV-TK/2026
PVS,2026-Q1,quarter,financial_statement,https://www.ptsc.com.vn/Data/Sites/1/media/codong/2026/658 PTSC-BTK.pdf,https://www.ptsc.com.vn/Data/Sites/1/media/codong/2026/658%20PTSC-BTK.pdf,data\raw\official_finance_documents\01ie\pvs_2026_q1_financial_statement_163b34a26aa6ccc7.pdf,163b34a26aa6ccc732ee81f04ce116457ab7c375094f231c2cbc2f66093c091e,107,84,80,6,0,0.0,0,0,0,1.0,REJECTED_PAGE,TEXT_TOO_SPARSE_FOR_NUMERIC_TABLE_DUMP,Văn bản được tải lên hệ thống eoffice.ptsc.com.vn. Với số định danh: 56/CV-TK/2026
PVS,2026-Q1,quarter,financial_statement,https://www.ptsc.com.vn/Data/Sites/1/media/codong/2026/658 PTSC-BTK.pdf,https://www.ptsc.com.vn/Data/Sites/1/media/codong/2026/658%20PTSC-BTK.pdf,data\raw\official_finance_documents\01ie\pvs_2026_q1_financial_statement_163b34a26aa6ccc7.pdf,163b34a26aa6ccc732ee81f04ce116457ab7c375094f231c2cbc2f66093c091e,108,84,80,6,0,0.0,0,0,0,1.0,REJECTED_PAGE,TEXT_TOO_SPARSE_FOR_NUMERIC_TABLE_DUMP,Văn bản được tải lên hệ thống eoffice.ptsc.com.vn. Với số định danh: 56/CV-TK/2026
PVS,2026-Q1,quarter,financial_statement,https://www.ptsc.com.vn/Data/Sites/1/media/codong/2026/658 PTSC-BTK.pdf,https://www.ptsc.com.vn/Data/Sites/1/media/codong/2026/658%20PTSC-BTK.pdf,data\raw\official_finance_documents\01ie\pvs_2026_q1_financial_statement_163b34a26aa6ccc7.pdf,163b34a26aa6ccc732ee81f04ce116457ab7c375094f231c2cbc2f66093c091e,109,84,80,6,0,0.0,0,0,0,1.0,REJECTED_PAGE,TEXT_TOO_SPARSE_FOR_NUMERIC_TABLE_DUMP,Văn bản được tải lên hệ thống eoffice.ptsc.com.vn. Với số định danh: 56/CV-TK/2026
PVS,2026-Q1,quarter,financial_statement,https://www.ptsc.com.vn/Data/Sites/1/media/codong/2026/658 PTSC-BTK.pdf,https://www.ptsc.com.vn/Data/Sites/1/media/codong/2026/658%20PTSC-BTK.pdf,data\raw\official_finance_documents\01ie\pvs_2026_q1_financial_statement_163b34a26aa6ccc7.pdf,163b34a26aa6ccc732ee81f04ce116457ab7c375094f231c2cbc2f66093c091e,110,84,80,6,0,0.0,0,0,0,1.0,REJECTED_PAGE,TEXT_TOO_SPARSE_FOR_NUMERIC_TABLE_DUMP,Văn bản được tải lên hệ thống eoffice.ptsc.com.vn. Với số định danh: 56/CV-TK/2026
PVS,2026-Q1,quarter,financial_statement,https://www.ptsc.com.vn/Data/Sites/1/media/codong/2026/658 PTSC-BTK.pdf,https://www.ptsc.com.vn/Data/Sites/1/media/codong/2026/658%20PTSC-BTK.pdf,data\raw\official_finance_documents\01ie\pvs_2026_q1_financial_statement_163b34a26aa6ccc7.pdf,163b34a26aa6ccc732ee81f04ce116457ab7c375094f231c2cbc2f66093c091e,111,84,80,6,0,0.0,0,0,0,1.0,REJECTED_PAGE,TEXT_TOO_SPARSE_FOR_NUMERIC_TABLE_DUMP,Văn bản được tải lên hệ thống eoffice.ptsc.com.vn. Với số định danh: 56/CV-TK/2026
PVS,2026-Q1,quarter,financial_statement,https://www.ptsc.com.vn/Data/Sites/1/media/codong/2026/658 PTSC-BTK.pdf,https://www.ptsc.com.vn/Data/Sites/1/media/codong/2026/658%20PTSC-BTK.pdf,data\raw\official_finance_documents\01ie\pvs_2026_q1_financial_statement_163b34a26aa6ccc7.pdf,163b34a26aa6ccc732ee81f04ce116457ab7c375094f231c2cbc2f66093c091e,112,84,80,6,0,0.0,0,0,0,1.0,REJECTED_PAGE,TEXT_TOO_SPARSE_FOR_NUMERIC_TABLE_DUMP,Văn bản được tải lên hệ thống eoffice.ptsc.com.vn. Với số định danh: 56/CV-TK/2026
PVS,2026-Q1,quarter,financial_statement,https://www.ptsc.com.vn/Data/Sites/1/media/codong/2026/658 PTSC-BTK.pdf,https://www.ptsc.com.vn/Data/Sites/1/media/codong/2026/658%20PTSC-BTK.pdf,data\raw\official_finance_documents\01ie\pvs_2026_q1_financial_statement_163b34a26aa6ccc7.pdf,163b34a26aa6ccc732ee81f04ce116457ab7c375094f231c2cbc2f66093c091e,113,84,80,6,0,0.0,0,0,0,1.0,REJECTED_PAGE,TEXT_TOO_SPARSE_FOR_NUMERIC_TABLE_DUMP,Văn bản được tải lên hệ thống eoffice.ptsc.com.vn. Với số định danh: 56/CV-TK/2026
PVS,2026-Q1,quarter,financial_statement,https://www.ptsc.com.vn/Data/Sites/1/media/codong/2026/658 PTSC-BTK.pdf,https://www.ptsc.com.vn/Data/Sites/1/media/codong/2026/658%20PTSC-BTK.pdf,data\raw\official_finance_documents\01ie\pvs_2026_q1_financial_statement_163b34a26aa6ccc7.pdf,163b34a26aa6ccc732ee81f04ce116457ab7c375094f231c2cbc2f66093c091e,114,84,80,6,0,0.0,0,0,0,1.0,REJECTED_PAGE,TEXT_TOO_SPARSE_FOR_NUMERIC_TABLE_DUMP,Văn bản được tải lên hệ thống eoffice.ptsc.com.vn. Với số định danh: 56/CV-TK/2026
PVS,2026-Q1,quarter,financial_statement,https://www.ptsc.com.vn/Data/Sites/1/media/codong/2026/658 PTSC-BTK.pdf,https://www.ptsc.com.vn/Data/Sites/1/media/codong/2026/658%20PTSC-BTK.pdf,data\raw\official_finance_documents\01ie\pvs_2026_q1_financial_statement_163b34a26aa6ccc7.pdf,163b34a26aa6ccc732ee81f04ce116457ab7c375094f231c2cbc2f66093c091e,115,84,80,6,0,0.0,0,0,0,1.0,REJECTED_PAGE,TEXT_TOO_SPARSE_FOR_NUMERIC_TABLE_DUMP,Văn bản được tải lên hệ thống eoffice.ptsc.com.vn. Với số định danh: 56/CV-TK/2026
PVS,2026-Q1,quarter,financial_statement,https://www.ptsc.com.vn/Data/Sites/1/media/codong/2026/658 PTSC-BTK.pdf,https://www.ptsc.com.vn/Data/Sites/1/media/codong/2026/658%20PTSC-BTK.pdf,data\raw\official_finance_documents\01ie\pvs_2026_q1_financial_statement_163b34a26aa6ccc7.pdf,163b34a26aa6ccc732ee81f04ce116457ab7c375094f231c2cbc2f66093c091e,116,84,80,6,0,0.0,0,0,0,1.0,REJECTED_PAGE,TEXT_TOO_SPARSE_FOR_NUMERIC_TABLE_DUMP,Văn bản được tải lên hệ thống eoffice.ptsc.com.vn. Với số định danh: 56/CV-TK/2026
PVS,2026-Q1,quarter,financial_statement,https://www.ptsc.com.vn/Data/Sites/1/media/codong/2026/658 PTSC-BTK.pdf,https://www.ptsc.com.vn/Data/Sites/1/media/codong/2026/658%20PTSC-BTK.pdf,data\raw\official_finance_documents\01ie\pvs_2026_q1_financial_statement_163b34a26aa6ccc7.pdf,163b34a26aa6ccc732ee81f04ce116457ab7c375094f231c2cbc2f66093c091e,117,84,80,6,0,0.0,0,0,0,1.0,REJECTED_PAGE,TEXT_TOO_SPARSE_FOR_NUMERIC_TABLE_DUMP,Văn bản được tải lên hệ thống eoffice.ptsc.com.vn. Với số định danh: 56/CV-TK/2026
PVS,2026-Q1,quarter,financial_statement,https://www.ptsc.com.vn/Data/Sites/1/media/codong/2026/658 PTSC-BTK.pdf,https://www.ptsc.com.vn/Data/Sites/1/media/codong/2026/658%20PTSC-BTK.pdf,data\raw\official_finance_documents\01ie\pvs_2026_q1_financial_statement_163b34a26aa6ccc7.pdf,163b34a26aa6ccc732ee81f04ce116457ab7c375094f231c2cbc2f66093c091e,118,2978,2686,222,10,0.0155,2,1,0,9.75,SELECTED_NUMERIC_PAGE,,"BCTC hӧp nhҩt Quý 1/2026 so vӟi Quý 1/2025. Explanation of fluctuations in net profit after tax of the Consolidated financial statements for the 1st Quarter of 2026 compared to the 1st Quarter of 2025. TP. H͛ Chí Minh, ngày tháng 04 năm 2026 Kính gӱi: - Ӫy ban Chӭng khoán Nhà Nѭӟc The State Securities Commission - Sӣ Giao dӏch Chӭng khoán Hà Nӝi Hanoi Stock"
PVS,2026-Q1,quarter,financial_statement,https://www.ptsc.com.vn/Data/Sites/1/media/codong/2026/658 PTSC-BTK.pdf,https://www.ptsc.com.vn/Data/Sites/1/media/codong/2026/658%20PTSC-BTK.pdf,data\raw\official_finance_documents\01ie\pvs_2026_q1_financial_statement_163b34a26aa6ccc7.pdf,163b34a26aa6ccc732ee81f04ce116457ab7c375094f231c2cbc2f66093c091e,119,743,595,43,5,0.0333,0,0,0,2.75,REJECTED_PAGE,LOW_NUMERIC_TOKEN_COUNT,"1 Lê Duҭn, Phѭӡng Sài Gòn, Thành phӕ Hӗ Chí Minh, ViӋt Nam PTSC-ADM-RG08-FM04 T (+84) 28 3910 2828 F (+84) 28 3910 2929 www.ptsc.com.vn 2 Tәng công ty Cә phҫn Dӏch vө Kӻ thuұt Dҫu khí ViӋt Nam trân trӑng thông báo. PetroVietnam Technical Services Corporation respectfully announces. N˯i nh̵n: - Nhѭ trên; - BKS, HĈQT; - TGĈ (ÿӇ b/c); - Ban Thѭ ký; - Lѭu: VT, B"
NLG,2025,annual,financial_statement,https://www.namlongvn.com/uploads/2025/08/20250804-nlg-bao-cao-soat-xet-ban-nien-2025-hop-nhat-en.pdf,https://www.namlongvn.com/uploads/2025/08/20250804-nlg-bao-cao-soat-xet-ban-nien-2025-hop-nhat-en.pdf/,data\raw\official_finance_documents\01ie\nlg_2025_financial_statement_32478ad3f1aaf25f.pdf,32478ad3f1aaf25f0cf3853fdcad6a8b9d3142bbb873fdb54c617fbc85f2909a,1,0,0,0,0,0.0,0,0,0,1.0,REJECTED_PAGE,TEXT_TOO_SPARSE_FOR_NUMERIC_TABLE_DUMP,
NLG,2025,annual,financial_statement,https://www.namlongvn.com/uploads/2025/08/20250804-nlg-bao-cao-soat-xet-ban-nien-2025-hop-nhat-en.pdf,https://www.namlongvn.com/uploads/2025/08/20250804-nlg-bao-cao-soat-xet-ban-nien-2025-hop-nhat-en.pdf/,data\raw\official_finance_documents\01ie\nlg_2025_financial_statement_32478ad3f1aaf25f.pdf,32478ad3f1aaf25f0cf3853fdcad6a8b9d3142bbb873fdb54c617fbc85f2909a,2,0,0,0,0,0.0,0,0,0,1.0,REJECTED_PAGE,TEXT_TOO_SPARSE_FOR_NUMERIC_TABLE_DUMP,
NLG,2025,annual,financial_statement,https://www.namlongvn.com/uploads/2025/08/20250804-nlg-bao-cao-soat-xet-ban-nien-2025-hop-nhat-en.pdf,https://www.namlongvn.com/uploads/2025/08/20250804-nlg-bao-cao-soat-xet-ban-nien-2025-hop-nhat-en.pdf/,data\raw\official_finance_documents\01ie\nlg_2025_financial_statement_32478ad3f1aaf25f.pdf,32478ad3f1aaf25f0cf3853fdcad6a8b9d3142bbb873fdb54c617fbc85f2909a,3,0,0,0,0,0.0,0,0,0,1.0,REJECTED_PAGE,TEXT_TOO_SPARSE_FOR_NUMERIC_TABLE_DUMP,
NLG,2025,annual,financial_statement,https://www.namlongvn.com/uploads/2025/08/20250804-nlg-bao-cao-soat-xet-ban-nien-2025-hop-nhat-en.pdf,https://www.namlongvn.com/uploads/2025/08/20250804-nlg-bao-cao-soat-xet-ban-nien-2025-hop-nhat-en.pdf/,data\raw\official_finance_documents\01ie\nlg_2025_financial_statement_32478ad3f1aaf25f.pdf,32478ad3f1aaf25f0cf3853fdcad6a8b9d3142bbb873fdb54c617fbc85f2909a,4,0,0,0,0,0.0,0,0,0,1.0,REJECTED_PAGE,TEXT_TOO_SPARSE_FOR_NUMERIC_TABLE_DUMP,
NLG,2025,annual,financial_statement,https://www.namlongvn.com/uploads/2025/08/20250804-nlg-bao-cao-soat-xet-ban-nien-2025-hop-nhat-en.pdf,https://www.namlongvn.com/uploads/2025/08/20250804-nlg-bao-cao-soat-xet-ban-nien-2025-hop-nhat-en.pdf/,data\raw\official_finance_documents\01ie\nlg_2025_financial_statement_32478ad3f1aaf25f.pdf,32478ad3f1aaf25f0cf3853fdcad6a8b9d3142bbb873fdb54c617fbc85f2909a,5,0,0,0,0,0.0,0,0,0,1.0,REJECTED_PAGE,TEXT_TOO_SPARSE_FOR_NUMERIC_TABLE_DUMP,
NLG,2025,annual,financial_statement,https://www.namlongvn.com/uploads/2025/08/20250804-nlg-bao-cao-soat-xet-ban-nien-2025-hop-nhat-en.pdf,https://www.namlongvn.com/uploads/2025/08/20250804-nlg-bao-cao-soat-xet-ban-nien-2025-hop-nhat-en.pdf/,data\raw\official_finance_documents\01ie\nlg_2025_financial_statement_32478ad3f1aaf25f.pdf,32478ad3f1aaf25f0cf3853fdcad6a8b9d3142bbb873fdb54c617fbc85f2909a,6,0,0,0,0,0.0,0,0,0,1.0,REJECTED_PAGE,TEXT_TOO_SPARSE_FOR_NUMERIC_TABLE_DUMP,
NLG,2025,annual,financial_statement,https://www.namlongvn.com/uploads/2025/08/20250804-nlg-bao-cao-soat-xet-ban-nien-2025-hop-nhat-en.pdf,https://www.namlongvn.com/uploads/2025/08/20250804-nlg-bao-cao-soat-xet-ban-nien-2025-hop-nhat-en.pdf/,data\raw\official_finance_documents\01ie\nlg_2025_financial_statement_32478ad3f1aaf25f.pdf,32478ad3f1aaf25f0cf3853fdcad6a8b9d3142bbb873fdb54c617fbc85f2909a,7,0,0,0,0,0.0,0,0,0,1.0,REJECTED_PAGE,TEXT_TOO_SPARSE_FOR_NUMERIC_TABLE_DUMP,
NLG,2025,annual,financial_statement,https://www.namlongvn.com/uploads/2025/08/20250804-nlg-bao-cao-soat-xet-ban-nien-2025-hop-nhat-en.pdf,https://www.namlongvn.com/uploads/2025/08/20250804-nlg-bao-cao-soat-xet-ban-nien-2025-hop-nhat-en.pdf/,data\raw\official_finance_documents\01ie\nlg_2025_financial_statement_32478ad3f1aaf25f.pdf,32478ad3f1aaf25f0cf3853fdcad6a8b9d3142bbb873fdb54c617fbc85f2909a,8,0,0,0,0,0.0,0,0,0,1.0,REJECTED_PAGE,TEXT_TOO_SPARSE_FOR_NUMERIC_TABLE_DUMP,
NLG,2025,annual,financial_statement,https://www.namlongvn.com/uploads/2025/08/20250804-nlg-bao-cao-soat-xet-ban-nien-2025-hop-nhat-en.pdf,https://www.namlongvn.com/uploads/2025/08/20250804-nlg-bao-cao-soat-xet-ban-nien-2025-hop-nhat-en.pdf/,data\raw\official_finance_documents\01ie\nlg_2025_financial_statement_32478ad3f1aaf25f.pdf,32478ad3f1aaf25f0cf3853fdcad6a8b9d3142bbb873fdb54c617fbc85f2909a,9,0,0,0,0,0.0,0,0,0,1.0,REJECTED_PAGE,TEXT_TOO_SPARSE_FOR_NUMERIC_TABLE_DUMP,
NLG,2025,annual,financial_statement,https://www.namlongvn.com/uploads/2025/08/20250804-nlg-bao-cao-soat-xet-ban-nien-2025-hop-nhat-en.pdf,https://www.namlongvn.com/uploads/2025/08/20250804-nlg-bao-cao-soat-xet-ban-nien-2025-hop-nhat-en.pdf/,data\raw\official_finance_documents\01ie\nlg_2025_financial_statement_32478ad3f1aaf25f.pdf,32478ad3f1aaf25f0cf3853fdcad6a8b9d3142bbb873fdb54c617fbc85f2909a,10,0,0,0,0,0.0,0,0,0,1.0,REJECTED_PAGE,TEXT_TOO_SPARSE_FOR_NUMERIC_TABLE_DUMP,
NLG,2025,annual,financial_statement,https://www.namlongvn.com/uploads/2025/08/20250804-nlg-bao-cao-soat-xet-ban-nien-2025-hop-nhat-en.pdf,https://www.namlongvn.com/uploads/2025/08/20250804-nlg-bao-cao-soat-xet-ban-nien-2025-hop-nhat-en.pdf/,data\raw\official_finance_documents\01ie\nlg_2025_financial_statement_32478ad3f1aaf25f.pdf,32478ad3f1aaf25f0cf3853fdcad6a8b9d3142bbb873fdb54c617fbc85f2909a,11,0,0,0,0,0.0,0,0,0,1.0,REJECTED_PAGE,TEXT_TOO_SPARSE_FOR_NUMERIC_TABLE_DUMP,
NLG,2025,annual,financial_statement,https://www.namlongvn.com/uploads/2025/08/20250804-nlg-bao-cao-soat-xet-ban-nien-2025-hop-nhat-en.pdf,https://www.namlongvn.com/uploads/2025/08/20250804-nlg-bao-cao-soat-xet-ban-nien-2025-hop-nhat-en.pdf/,data\raw\official_finance_documents\01ie\nlg_2025_financial_statement_32478ad3f1aaf25f.pdf,32478ad3f1aaf25f0cf3853fdcad6a8b9d3142bbb873fdb54c617fbc85f2909a,12,0,0,0,0,0.0,0,0,0,1.0,REJECTED_PAGE,TEXT_TOO_SPARSE_FOR_NUMERIC_TABLE_DUMP,
NLG,2025,annual,financial_statement,https://www.namlongvn.com/uploads/2025/08/20250804-nlg-bao-cao-soat-xet-ban-nien-2025-hop-nhat-en.pdf,https://www.namlongvn.com/uploads/2025/08/20250804-nlg-bao-cao-soat-xet-ban-nien-2025-hop-nhat-en.pdf/,data\raw\official_finance_documents\01ie\nlg_2025_financial_statement_32478ad3f1aaf25f.pdf,32478ad3f1aaf25f0cf3853fdcad6a8b9d3142bbb873fdb54c617fbc85f2909a,13,0,0,0,0,0.0,0,0,0,1.0,REJECTED_PAGE,TEXT_TOO_SPARSE_FOR_NUMERIC_TABLE_DUMP,
NLG,2025,annual,financial_statement,https://www.namlongvn.com/uploads/2025/08/20250804-nlg-bao-cao-soat-xet-ban-nien-2025-hop-nhat-en.pdf,https://www.namlongvn.com/uploads/2025/08/20250804-nlg-bao-cao-soat-xet-ban-nien-2025-hop-nhat-en.pdf/,data\raw\official_finance_documents\01ie\nlg_2025_financial_statement_32478ad3f1aaf25f.pdf,32478ad3f1aaf25f0cf3853fdcad6a8b9d3142bbb873fdb54c617fbc85f2909a,14,0,0,0,0,0.0,0,0,0,1.0,REJECTED_PAGE,TEXT_TOO_SPARSE_FOR_NUMERIC_TABLE_DUMP,
NLG,2025,annual,financial_statement,https://www.namlongvn.com/uploads/2025/08/20250804-nlg-bao-cao-soat-xet-ban-nien-2025-hop-nhat-en.pdf,https://www.namlongvn.com/uploads/2025/08/20250804-nlg-bao-cao-soat-xet-ban-nien-2025-hop-nhat-en.pdf/,data\raw\official_finance_documents\01ie\nlg_2025_financial_statement_32478ad3f1aaf25f.pdf,32478ad3f1aaf25f0cf3853fdcad6a8b9d3142bbb873fdb54c617fbc85f2909a,15,0,0,0,0,0.0,0,0,0,1.0,REJECTED_PAGE,TEXT_TOO_SPARSE_FOR_NUMERIC_TABLE_DUMP,
NLG,2025,annual,financial_statement,https://www.namlongvn.com/uploads/2025/08/20250804-nlg-bao-cao-soat-xet-ban-nien-2025-hop-nhat-en.pdf,https://www.namlongvn.com/uploads/2025/08/20250804-nlg-bao-cao-soat-xet-ban-nien-2025-hop-nhat-en.pdf/,data\raw\official_finance_documents\01ie\nlg_2025_financial_statement_32478ad3f1aaf25f.pdf,32478ad3f1aaf25f0cf3853fdcad6a8b9d3142bbb873fdb54c617fbc85f2909a,16,0,0,0,0,0.0,0,0,0,1.0,REJECTED_PAGE,TEXT_TOO_SPARSE_FOR_NUMERIC_TABLE_DUMP,
NLG,2025,annual,financial_statement,https://www.namlongvn.com/uploads/2025/08/20250804-nlg-bao-cao-soat-xet-ban-nien-2025-hop-nhat-en.pdf,https://www.namlongvn.com/uploads/2025/08/20250804-nlg-bao-cao-soat-xet-ban-nien-2025-hop-nhat-en.pdf/,data\raw\official_finance_documents\01ie\nlg_2025_financial_statement_32478ad3f1aaf25f.pdf,32478ad3f1aaf25f0cf3853fdcad6a8b9d3142bbb873fdb54c617fbc85f2909a,17,0,0,0,0,0.0,0,0,0,1.0,REJECTED_PAGE,TEXT_TOO_SPARSE_FOR_NUMERIC_TABLE_DUMP,
NLG,2025,annual,financial_statement,https://www.namlongvn.com/uploads/2025/08/20250804-nlg-bao-cao-soat-xet-ban-nien-2025-hop-nhat-en.pdf,https://www.namlongvn.com/uploads/2025/08/20250804-nlg-bao-cao-soat-xet-ban-nien-2025-hop-nhat-en.pdf/,data\raw\official_finance_documents\01ie\nlg_2025_financial_statement_32478ad3f1aaf25f.pdf,32478ad3f1aaf25f0cf3853fdcad6a8b9d3142bbb873fdb54c617fbc85f2909a,18,0,0,0,0,0.0,0,0,0,1.0,REJECTED_PAGE,TEXT_TOO_SPARSE_FOR_NUMERIC_TABLE_DUMP,
NLG,2025,annual,financial_statement,https://www.namlongvn.com/uploads/2025/08/20250804-nlg-bao-cao-soat-xet-ban-nien-2025-hop-nhat-en.pdf,https://www.namlongvn.com/uploads/2025/08/20250804-nlg-bao-cao-soat-xet-ban-nien-2025-hop-nhat-en.pdf/,data\raw\official_finance_documents\01ie\nlg_2025_financial_statement_32478ad3f1aaf25f.pdf,32478ad3f1aaf25f0cf3853fdcad6a8b9d3142bbb873fdb54c617fbc85f2909a,19,0,0,0,0,0.0,0,0,0,1.0,REJECTED_PAGE,TEXT_TOO_SPARSE_FOR_NUMERIC_TABLE_DUMP,
NLG,2025,annual,financial_statement,https://www.namlongvn.com/uploads/2025/08/20250804-nlg-bao-cao-soat-xet-ban-nien-2025-hop-nhat-en.pdf,https://www.namlongvn.com/uploads/2025/08/20250804-nlg-bao-cao-soat-xet-ban-nien-2025-hop-nhat-en.pdf/,data\raw\official_finance_documents\01ie\nlg_2025_financial_statement_32478ad3f1aaf25f.pdf,32478ad3f1aaf25f0cf3853fdcad6a8b9d3142bbb873fdb54c617fbc85f2909a,20,0,0,0,0,0.0,0,0,0,1.0,REJECTED_PAGE,TEXT_TOO_SPARSE_FOR_NUMERIC_TABLE_DUMP,
NLG,2025,annual,financial_statement,https://www.namlongvn.com/uploads/2025/08/20250804-nlg-bao-cao-soat-xet-ban-nien-2025-hop-nhat-en.pdf,https://www.namlongvn.com/uploads/2025/08/20250804-nlg-bao-cao-soat-xet-ban-nien-2025-hop-nhat-en.pdf/,data\raw\official_finance_documents\01ie\nlg_2025_financial_statement_32478ad3f1aaf25f.pdf,32478ad3f1aaf25f0cf3853fdcad6a8b9d3142bbb873fdb54c617fbc85f2909a,21,0,0,0,0,0.0,0,0,0,1.0,REJECTED_PAGE,TEXT_TOO_SPARSE_FOR_NUMERIC_TABLE_DUMP,
NLG,2025,annual,financial_statement,https://www.namlongvn.com/uploads/2025/08/20250804-nlg-bao-cao-soat-xet-ban-nien-2025-hop-nhat-en.pdf,https://www.namlongvn.com/uploads/2025/08/20250804-nlg-bao-cao-soat-xet-ban-nien-2025-hop-nhat-en.pdf/,data\raw\official_finance_documents\01ie\nlg_2025_financial_statement_32478ad3f1aaf25f.pdf,32478ad3f1aaf25f0cf3853fdcad6a8b9d3142bbb873fdb54c617fbc85f2909a,22,0,0,0,0,0.0,0,0,0,1.0,REJECTED_PAGE,TEXT_TOO_SPARSE_FOR_NUMERIC_TABLE_DUMP,
NLG,2025,annual,financial_statement,https://www.namlongvn.com/uploads/2025/08/20250804-nlg-bao-cao-soat-xet-ban-nien-2025-hop-nhat-en.pdf,https://www.namlongvn.com/uploads/2025/08/20250804-nlg-bao-cao-soat-xet-ban-nien-2025-hop-nhat-en.pdf/,data\raw\official_finance_documents\01ie\nlg_2025_financial_statement_32478ad3f1aaf25f.pdf,32478ad3f1aaf25f0cf3853fdcad6a8b9d3142bbb873fdb54c617fbc85f2909a,23,0,0,0,0,0.0,0,0,0,1.0,REJECTED_PAGE,TEXT_TOO_SPARSE_FOR_NUMERIC_TABLE_DUMP,
NLG,2025,annual,financial_statement,https://www.namlongvn.com/uploads/2025/08/20250804-nlg-bao-cao-soat-xet-ban-nien-2025-hop-nhat-en.pdf,https://www.namlongvn.com/uploads/2025/08/20250804-nlg-bao-cao-soat-xet-ban-nien-2025-hop-nhat-en.pdf/,data\raw\official_finance_documents\01ie\nlg_2025_financial_statement_32478ad3f1aaf25f.pdf,32478ad3f1aaf25f0cf3853fdcad6a8b9d3142bbb873fdb54c617fbc85f2909a,24,0,0,0,0,0.0,0,0,0,1.0,REJECTED_PAGE,TEXT_TOO_SPARSE_FOR_NUMERIC_TABLE_DUMP,
NLG,2025,annual,financial_statement,https://www.namlongvn.com/uploads/2025/08/20250804-nlg-bao-cao-soat-xet-ban-nien-2025-hop-nhat-en.pdf,https://www.namlongvn.com/uploads/2025/08/20250804-nlg-bao-cao-soat-xet-ban-nien-2025-hop-nhat-en.pdf/,data\raw\official_finance_documents\01ie\nlg_2025_financial_statement_32478ad3f1aaf25f.pdf,32478ad3f1aaf25f0cf3853fdcad6a8b9d3142bbb873fdb54c617fbc85f2909a,25,0,0,0,0,0.0,0,0,0,1.0,REJECTED_PAGE,TEXT_TOO_SPARSE_FOR_NUMERIC_TABLE_DUMP,
NLG,2025,annual,financial_statement,https://www.namlongvn.com/uploads/2025/08/20250804-nlg-bao-cao-soat-xet-ban-nien-2025-hop-nhat-en.pdf,https://www.namlongvn.com/uploads/2025/08/20250804-nlg-bao-cao-soat-xet-ban-nien-2025-hop-nhat-en.pdf/,data\raw\official_finance_documents\01ie\nlg_2025_financial_statement_32478ad3f1aaf25f.pdf,32478ad3f1aaf25f0cf3853fdcad6a8b9d3142bbb873fdb54c617fbc85f2909a,26,0,0,0,0,0.0,0,0,0,1.0,REJECTED_PAGE,TEXT_TOO_SPARSE_FOR_NUMERIC_TABLE_DUMP,
NLG,2025,annual,financial_statement,https://www.namlongvn.com/uploads/2025/08/20250804-nlg-bao-cao-soat-xet-ban-nien-2025-hop-nhat-en.pdf,https://www.namlongvn.com/uploads/2025/08/20250804-nlg-bao-cao-soat-xet-ban-nien-2025-hop-nhat-en.pdf/,data\raw\official_finance_documents\01ie\nlg_2025_financial_statement_32478ad3f1aaf25f.pdf,32478ad3f1aaf25f0cf3853fdcad6a8b9d3142bbb873fdb54c617fbc85f2909a,27,0,0,0,0,0.0,0,0,0,1.0,REJECTED_PAGE,TEXT_TOO_SPARSE_FOR_NUMERIC_TABLE_DUMP,
NLG,2025,annual,financial_statement,https://www.namlongvn.com/uploads/2025/08/20250804-nlg-bao-cao-soat-xet-ban-nien-2025-hop-nhat-en.pdf,https://www.namlongvn.com/uploads/2025/08/20250804-nlg-bao-cao-soat-xet-ban-nien-2025-hop-nhat-en.pdf/,data\raw\official_finance_documents\01ie\nlg_2025_financial_statement_32478ad3f1aaf25f.pdf,32478ad3f1aaf25f0cf3853fdcad6a8b9d3142bbb873fdb54c617fbc85f2909a,28,0,0,0,0,0.0,0,0,0,1.0,REJECTED_PAGE,TEXT_TOO_SPARSE_FOR_NUMERIC_TABLE_DUMP,
NLG,2025,annual,financial_statement,https://www.namlongvn.com/uploads/2025/08/20250804-nlg-bao-cao-soat-xet-ban-nien-2025-hop-nhat-en.pdf,https://www.namlongvn.com/uploads/2025/08/20250804-nlg-bao-cao-soat-xet-ban-nien-2025-hop-nhat-en.pdf/,data\raw\official_finance_documents\01ie\nlg_2025_financial_statement_32478ad3f1aaf25f.pdf,32478ad3f1aaf25f0cf3853fdcad6a8b9d3142bbb873fdb54c617fbc85f2909a,29,0,0,0,0,0.0,0,0,0,1.0,REJECTED_PAGE,TEXT_TOO_SPARSE_FOR_NUMERIC_TABLE_DUMP,
NLG,2025,annual,financial_statement,https://www.namlongvn.com/uploads/2025/08/20250804-nlg-bao-cao-soat-xet-ban-nien-2025-hop-nhat-en.pdf,https://www.namlongvn.com/uploads/2025/08/20250804-nlg-bao-cao-soat-xet-ban-nien-2025-hop-nhat-en.pdf/,data\raw\official_finance_documents\01ie\nlg_2025_financial_statement_32478ad3f1aaf25f.pdf,32478ad3f1aaf25f0cf3853fdcad6a8b9d3142bbb873fdb54c617fbc85f2909a,30,0,0,0,0,0.0,0,0,0,1.0,REJECTED_PAGE,TEXT_TOO_SPARSE_FOR_NUMERIC_TABLE_DUMP,
NLG,2025,annual,financial_statement,https://www.namlongvn.com/uploads/2025/08/20250804-nlg-bao-cao-soat-xet-ban-nien-2025-hop-nhat-en.pdf,https://www.namlongvn.com/uploads/2025/08/20250804-nlg-bao-cao-soat-xet-ban-nien-2025-hop-nhat-en.pdf/,data\raw\official_finance_documents\01ie\nlg_2025_financial_statement_32478ad3f1aaf25f.pdf,32478ad3f1aaf25f0cf3853fdcad6a8b9d3142bbb873fdb54c617fbc85f2909a,31,0,0,0,0,0.0,0,0,0,1.0,REJECTED_PAGE,TEXT_TOO_SPARSE_FOR_NUMERIC_TABLE_DUMP,
NLG,2025,annual,financial_statement,https://www.namlongvn.com/uploads/2025/08/20250804-nlg-bao-cao-soat-xet-ban-nien-2025-hop-nhat-en.pdf,https://www.namlongvn.com/uploads/2025/08/20250804-nlg-bao-cao-soat-xet-ban-nien-2025-hop-nhat-en.pdf/,data\raw\official_finance_documents\01ie\nlg_2025_financial_statement_32478ad3f1aaf25f.pdf,32478ad3f1aaf25f0cf3853fdcad6a8b9d3142bbb873fdb54c617fbc85f2909a,32,0,0,0,0,0.0,0,0,0,1.0,REJECTED_PAGE,TEXT_TOO_SPARSE_FOR_NUMERIC_TABLE_DUMP,
NLG,2025,annual,financial_statement,https://www.namlongvn.com/uploads/2025/08/20250804-nlg-bao-cao-soat-xet-ban-nien-2025-hop-nhat-en.pdf,https://www.namlongvn.com/uploads/2025/08/20250804-nlg-bao-cao-soat-xet-ban-nien-2025-hop-nhat-en.pdf/,data\raw\official_finance_documents\01ie\nlg_2025_financial_statement_32478ad3f1aaf25f.pdf,32478ad3f1aaf25f0cf3853fdcad6a8b9d3142bbb873fdb54c617fbc85f2909a,33,0,0,0,0,0.0,0,0,0,1.0,REJECTED_PAGE,TEXT_TOO_SPARSE_FOR_NUMERIC_TABLE_DUMP,
NLG,2025,annual,financial_statement,https://www.namlongvn.com/uploads/2025/08/20250804-nlg-bao-cao-soat-xet-ban-nien-2025-hop-nhat-en.pdf,https://www.namlongvn.com/uploads/2025/08/20250804-nlg-bao-cao-soat-xet-ban-nien-2025-hop-nhat-en.pdf/,data\raw\official_finance_documents\01ie\nlg_2025_financial_statement_32478ad3f1aaf25f.pdf,32478ad3f1aaf25f0cf3853fdcad6a8b9d3142bbb873fdb54c617fbc85f2909a,34,0,0,0,0,0.0,0,0,0,1.0,REJECTED_PAGE,TEXT_TOO_SPARSE_FOR_NUMERIC_TABLE_DUMP,
NLG,2025,annual,financial_statement,https://www.namlongvn.com/uploads/2025/08/20250804-nlg-bao-cao-soat-xet-ban-nien-2025-hop-nhat-en.pdf,https://www.namlongvn.com/uploads/2025/08/20250804-nlg-bao-cao-soat-xet-ban-nien-2025-hop-nhat-en.pdf/,data\raw\official_finance_documents\01ie\nlg_2025_financial_statement_32478ad3f1aaf25f.pdf,32478ad3f1aaf25f0cf3853fdcad6a8b9d3142bbb873fdb54c617fbc85f2909a,35,0,0,0,0,0.0,0,0,0,1.0,REJECTED_PAGE,TEXT_TOO_SPARSE_FOR_NUMERIC_TABLE_DUMP,
NLG,2025,annual,financial_statement,https://www.namlongvn.com/uploads/2025/08/20250804-nlg-bao-cao-soat-xet-ban-nien-2025-hop-nhat-en.pdf,https://www.namlongvn.com/uploads/2025/08/20250804-nlg-bao-cao-soat-xet-ban-nien-2025-hop-nhat-en.pdf/,data\raw\official_finance_documents\01ie\nlg_2025_financial_statement_32478ad3f1aaf25f.pdf,32478ad3f1aaf25f0cf3853fdcad6a8b9d3142bbb873fdb54c617fbc85f2909a,36,0,0,0,0,0.0,0,0,0,1.0,REJECTED_PAGE,TEXT_TOO_SPARSE_FOR_NUMERIC_TABLE_DUMP,
NLG,2025,annual,financial_statement,https://www.namlongvn.com/uploads/2025/08/20250804-nlg-bao-cao-soat-xet-ban-nien-2025-hop-nhat-en.pdf,https://www.namlongvn.com/uploads/2025/08/20250804-nlg-bao-cao-soat-xet-ban-nien-2025-hop-nhat-en.pdf/,data\raw\official_finance_documents\01ie\nlg_2025_financial_statement_32478ad3f1aaf25f.pdf,32478ad3f1aaf25f0cf3853fdcad6a8b9d3142bbb873fdb54c617fbc85f2909a,37,0,0,0,0,0.0,0,0,0,1.0,REJECTED_PAGE,TEXT_TOO_SPARSE_FOR_NUMERIC_TABLE_DUMP,
NLG,2025,annual,financial_statement,https://www.namlongvn.com/uploads/2025/08/20250804-nlg-bao-cao-soat-xet-ban-nien-2025-hop-nhat-en.pdf,https://www.namlongvn.com/uploads/2025/08/20250804-nlg-bao-cao-soat-xet-ban-nien-2025-hop-nhat-en.pdf/,data\raw\official_finance_documents\01ie\nlg_2025_financial_statement_32478ad3f1aaf25f.pdf,32478ad3f1aaf25f0cf3853fdcad6a8b9d3142bbb873fdb54c617fbc85f2909a,38,0,0,0,0,0.0,0,0,0,1.0,REJECTED_PAGE,TEXT_TOO_SPARSE_FOR_NUMERIC_TABLE_DUMP,
NLG,2025,annual,financial_statement,https://www.namlongvn.com/uploads/2025/08/20250804-nlg-bao-cao-soat-xet-ban-nien-2025-hop-nhat-en.pdf,https://www.namlongvn.com/uploads/2025/08/20250804-nlg-bao-cao-soat-xet-ban-nien-2025-hop-nhat-en.pdf/,data\raw\official_finance_documents\01ie\nlg_2025_financial_statement_32478ad3f1aaf25f.pdf,32478ad3f1aaf25f0cf3853fdcad6a8b9d3142bbb873fdb54c617fbc85f2909a,39,0,0,0,0,0.0,0,0,0,1.0,REJECTED_PAGE,TEXT_TOO_SPARSE_FOR_NUMERIC_TABLE_DUMP,
NLG,2025,annual,financial_statement,https://www.namlongvn.com/uploads/2025/08/20250804-nlg-bao-cao-soat-xet-ban-nien-2025-hop-nhat-en.pdf,https://www.namlongvn.com/uploads/2025/08/20250804-nlg-bao-cao-soat-xet-ban-nien-2025-hop-nhat-en.pdf/,data\raw\official_finance_documents\01ie\nlg_2025_financial_statement_32478ad3f1aaf25f.pdf,32478ad3f1aaf25f0cf3853fdcad6a8b9d3142bbb873fdb54c617fbc85f2909a,40,0,0,0,0,0.0,0,0,0,1.0,REJECTED_PAGE,TEXT_TOO_SPARSE_FOR_NUMERIC_TABLE_DUMP,
NLG,2025,annual,financial_statement,https://www.namlongvn.com/uploads/2025/08/20250804-nlg-bao-cao-soat-xet-ban-nien-2025-hop-nhat-en.pdf,https://www.namlongvn.com/uploads/2025/08/20250804-nlg-bao-cao-soat-xet-ban-nien-2025-hop-nhat-en.pdf/,data\raw\official_finance_documents\01ie\nlg_2025_financial_statement_32478ad3f1aaf25f.pdf,32478ad3f1aaf25f0cf3853fdcad6a8b9d3142bbb873fdb54c617fbc85f2909a,41,0,0,0,0,0.0,0,0,0,1.0,REJECTED_PAGE,TEXT_TOO_SPARSE_FOR_NUMERIC_TABLE_DUMP,
NLG,2025,annual,financial_statement,https://www.namlongvn.com/uploads/2025/08/20250804-nlg-bao-cao-soat-xet-ban-nien-2025-hop-nhat-en.pdf,https://www.namlongvn.com/uploads/2025/08/20250804-nlg-bao-cao-soat-xet-ban-nien-2025-hop-nhat-en.pdf/,data\raw\official_finance_documents\01ie\nlg_2025_financial_statement_32478ad3f1aaf25f.pdf,32478ad3f1aaf25f0cf3853fdcad6a8b9d3142bbb873fdb54c617fbc85f2909a,42,0,0,0,0,0.0,0,0,0,1.0,REJECTED_PAGE,TEXT_TOO_SPARSE_FOR_NUMERIC_TABLE_DUMP,
NLG,2025,annual,financial_statement,https://www.namlongvn.com/uploads/2025/08/20250804-nlg-bao-cao-soat-xet-ban-nien-2025-hop-nhat-en.pdf,https://www.namlongvn.com/uploads/2025/08/20250804-nlg-bao-cao-soat-xet-ban-nien-2025-hop-nhat-en.pdf/,data\raw\official_finance_documents\01ie\nlg_2025_financial_statement_32478ad3f1aaf25f.pdf,32478ad3f1aaf25f0cf3853fdcad6a8b9d3142bbb873fdb54c617fbc85f2909a,43,0,0,0,0,0.0,0,0,0,1.0,REJECTED_PAGE,TEXT_TOO_SPARSE_FOR_NUMERIC_TABLE_DUMP,
NLG,2025,annual,financial_statement,https://www.namlongvn.com/uploads/2025/08/20250804-nlg-bao-cao-soat-xet-ban-nien-2025-hop-nhat-en.pdf,https://www.namlongvn.com/uploads/2025/08/20250804-nlg-bao-cao-soat-xet-ban-nien-2025-hop-nhat-en.pdf/,data\raw\official_finance_documents\01ie\nlg_2025_financial_statement_32478ad3f1aaf25f.pdf,32478ad3f1aaf25f0cf3853fdcad6a8b9d3142bbb873fdb54c617fbc85f2909a,44,0,0,0,0,0.0,0,0,0,1.0,REJECTED_PAGE,TEXT_TOO_SPARSE_FOR_NUMERIC_TABLE_DUMP,
NLG,2025,annual,financial_statement,https://www.namlongvn.com/uploads/2025/08/20250804-nlg-bao-cao-soat-xet-ban-nien-2025-hop-nhat-en.pdf,https://www.namlongvn.com/uploads/2025/08/20250804-nlg-bao-cao-soat-xet-ban-nien-2025-hop-nhat-en.pdf/,data\raw\official_finance_documents\01ie\nlg_2025_financial_statement_32478ad3f1aaf25f.pdf,32478ad3f1aaf25f0cf3853fdcad6a8b9d3142bbb873fdb54c617fbc85f2909a,45,0,0,0,0,0.0,0,0,0,1.0,REJECTED_PAGE,TEXT_TOO_SPARSE_FOR_NUMERIC_TABLE_DUMP,
NLG,2025,annual,financial_statement,https://www.namlongvn.com/uploads/2025/08/20250804-nlg-bao-cao-soat-xet-ban-nien-2025-hop-nhat-en.pdf,https://www.namlongvn.com/uploads/2025/08/20250804-nlg-bao-cao-soat-xet-ban-nien-2025-hop-nhat-en.pdf/,data\raw\official_finance_documents\01ie\nlg_2025_financial_statement_32478ad3f1aaf25f.pdf,32478ad3f1aaf25f0cf3853fdcad6a8b9d3142bbb873fdb54c617fbc85f2909a,46,0,0,0,0,0.0,0,0,0,1.0,REJECTED_PAGE,TEXT_TOO_SPARSE_FOR_NUMERIC_TABLE_DUMP,
NLG,2025,annual,financial_statement,https://www.namlongvn.com/uploads/2025/08/20250804-nlg-bao-cao-soat-xet-ban-nien-2025-hop-nhat-en.pdf,https://www.namlongvn.com/uploads/2025/08/20250804-nlg-bao-cao-soat-xet-ban-nien-2025-hop-nhat-en.pdf/,data\raw\official_finance_documents\01ie\nlg_2025_financial_statement_32478ad3f1aaf25f.pdf,32478ad3f1aaf25f0cf3853fdcad6a8b9d3142bbb873fdb54c617fbc85f2909a,47,0,0,0,0,0.0,0,0,0,1.0,REJECTED_PAGE,TEXT_TOO_SPARSE_FOR_NUMERIC_TABLE_DUMP,
NLG,2025,annual,financial_statement,https://www.namlongvn.com/uploads/2025/08/20250804-nlg-bao-cao-soat-xet-ban-nien-2025-hop-nhat-en.pdf,https://www.namlongvn.com/uploads/2025/08/20250804-nlg-bao-cao-soat-xet-ban-nien-2025-hop-nhat-en.pdf/,data\raw\official_finance_documents\01ie\nlg_2025_financial_statement_32478ad3f1aaf25f.pdf,32478ad3f1aaf25f0cf3853fdcad6a8b9d3142bbb873fdb54c617fbc85f2909a,48,0,0,0,0,0.0,0,0,0,1.0,REJECTED_PAGE,TEXT_TOO_SPARSE_FOR_NUMERIC_TABLE_DUMP,
NLG,2025,annual,financial_statement,https://www.namlongvn.com/uploads/2025/08/20250804-nlg-bao-cao-soat-xet-ban-nien-2025-hop-nhat-en.pdf,https://www.namlongvn.com/uploads/2025/08/20250804-nlg-bao-cao-soat-xet-ban-nien-2025-hop-nhat-en.pdf/,data\raw\official_finance_documents\01ie\nlg_2025_financial_statement_32478ad3f1aaf25f.pdf,32478ad3f1aaf25f0cf3853fdcad6a8b9d3142bbb873fdb54c617fbc85f2909a,49,0,0,0,0,0.0,0,0,0,1.0,REJECTED_PAGE,TEXT_TOO_SPARSE_FOR_NUMERIC_TABLE_DUMP,
NLG,2025,annual,financial_statement,https://www.namlongvn.com/uploads/2025/08/20250804-nlg-bao-cao-soat-xet-ban-nien-2025-hop-nhat-en.pdf,https://www.namlongvn.com/uploads/2025/08/20250804-nlg-bao-cao-soat-xet-ban-nien-2025-hop-nhat-en.pdf/,data\raw\official_finance_documents\01ie\nlg_2025_financial_statement_32478ad3f1aaf25f.pdf,32478ad3f1aaf25f0cf3853fdcad6a8b9d3142bbb873fdb54c617fbc85f2909a,50,0,0,0,0,0.0,0,0,0,1.0,REJECTED_PAGE,TEXT_TOO_SPARSE_FOR_NUMERIC_TABLE_DUMP,
NLG,2025,annual,financial_statement,https://www.namlongvn.com/uploads/2025/08/20250804-nlg-bao-cao-soat-xet-ban-nien-2025-hop-nhat-en.pdf,https://www.namlongvn.com/uploads/2025/08/20250804-nlg-bao-cao-soat-xet-ban-nien-2025-hop-nhat-en.pdf/,data\raw\official_finance_documents\01ie\nlg_2025_financial_statement_32478ad3f1aaf25f.pdf,32478ad3f1aaf25f0cf3853fdcad6a8b9d3142bbb873fdb54c617fbc85f2909a,51,0,0,0,0,0.0,0,0,0,1.0,REJECTED_PAGE,TEXT_TOO_SPARSE_FOR_NUMERIC_TABLE_DUMP,
NLG,2025,annual,financial_statement,https://www.namlongvn.com/uploads/2025/08/20250804-nlg-bao-cao-soat-xet-ban-nien-2025-hop-nhat-en.pdf,https://www.namlongvn.com/uploads/2025/08/20250804-nlg-bao-cao-soat-xet-ban-nien-2025-hop-nhat-en.pdf/,data\raw\official_finance_documents\01ie\nlg_2025_financial_statement_32478ad3f1aaf25f.pdf,32478ad3f1aaf25f0cf3853fdcad6a8b9d3142bbb873fdb54c617fbc85f2909a,52,0,0,0,0,0.0,0,0,0,1.0,REJECTED_PAGE,TEXT_TOO_SPARSE_FOR_NUMERIC_TABLE_DUMP,
NLG,2025,annual,financial_statement,https://www.namlongvn.com/uploads/2025/08/20250804-nlg-bao-cao-soat-xet-ban-nien-2025-hop-nhat-en.pdf,https://www.namlongvn.com/uploads/2025/08/20250804-nlg-bao-cao-soat-xet-ban-nien-2025-hop-nhat-en.pdf/,data\raw\official_finance_documents\01ie\nlg_2025_financial_statement_32478ad3f1aaf25f.pdf,32478ad3f1aaf25f0cf3853fdcad6a8b9d3142bbb873fdb54c617fbc85f2909a,53,0,0,0,0,0.0,0,0,0,1.0,REJECTED_PAGE,TEXT_TOO_SPARSE_FOR_NUMERIC_TABLE_DUMP,
NLG,2025,annual,financial_statement,https://www.namlongvn.com/uploads/2025/08/20250804-nlg-bao-cao-soat-xet-ban-nien-2025-hop-nhat-en.pdf,https://www.namlongvn.com/uploads/2025/08/20250804-nlg-bao-cao-soat-xet-ban-nien-2025-hop-nhat-en.pdf/,data\raw\official_finance_documents\01ie\nlg_2025_financial_statement_32478ad3f1aaf25f.pdf,32478ad3f1aaf25f0cf3853fdcad6a8b9d3142bbb873fdb54c617fbc85f2909a,54,0,0,0,0,0.0,0,0,0,1.0,REJECTED_PAGE,TEXT_TOO_SPARSE_FOR_NUMERIC_TABLE_DUMP,
NLG,2025,annual,financial_statement,https://www.namlongvn.com/uploads/2025/08/20250804-nlg-bao-cao-soat-xet-ban-nien-2025-hop-nhat-en.pdf,https://www.namlongvn.com/uploads/2025/08/20250804-nlg-bao-cao-soat-xet-ban-nien-2025-hop-nhat-en.pdf/,data\raw\official_finance_documents\01ie\nlg_2025_financial_statement_32478ad3f1aaf25f.pdf,32478ad3f1aaf25f0cf3853fdcad6a8b9d3142bbb873fdb54c617fbc85f2909a,55,0,0,0,0,0.0,0,0,0,1.0,REJECTED_PAGE,TEXT_TOO_SPARSE_FOR_NUMERIC_TABLE_DUMP,
NLG,2025,annual,financial_statement,https://www.namlongvn.com/uploads/2025/08/20250804-nlg-bao-cao-soat-xet-ban-nien-2025-hop-nhat-en.pdf,https://www.namlongvn.com/uploads/2025/08/20250804-nlg-bao-cao-soat-xet-ban-nien-2025-hop-nhat-en.pdf/,data\raw\official_finance_documents\01ie\nlg_2025_financial_statement_32478ad3f1aaf25f.pdf,32478ad3f1aaf25f0cf3853fdcad6a8b9d3142bbb873fdb54c617fbc85f2909a,56,0,0,0,0,0.0,0,0,0,1.0,REJECTED_PAGE,TEXT_TOO_SPARSE_FOR_NUMERIC_TABLE_DUMP,
NLG,2025,annual,financial_statement,https://www.namlongvn.com/uploads/2025/08/20250804-nlg-bao-cao-soat-xet-ban-nien-2025-hop-nhat-en.pdf,https://www.namlongvn.com/uploads/2025/08/20250804-nlg-bao-cao-soat-xet-ban-nien-2025-hop-nhat-en.pdf/,data\raw\official_finance_documents\01ie\nlg_2025_financial_statement_32478ad3f1aaf25f.pdf,32478ad3f1aaf25f0cf3853fdcad6a8b9d3142bbb873fdb54c617fbc85f2909a,57,0,0,0,0,0.0,0,0,0,1.0,REJECTED_PAGE,TEXT_TOO_SPARSE_FOR_NUMERIC_TABLE_DUMP,
NLG,2025,annual,financial_statement,https://www.namlongvn.com/uploads/2025/08/20250804-nlg-bao-cao-soat-xet-ban-nien-2025-hop-nhat-en.pdf,https://www.namlongvn.com/uploads/2025/08/20250804-nlg-bao-cao-soat-xet-ban-nien-2025-hop-nhat-en.pdf/,data\raw\official_finance_documents\01ie\nlg_2025_financial_statement_32478ad3f1aaf25f.pdf,32478ad3f1aaf25f0cf3853fdcad6a8b9d3142bbb873fdb54c617fbc85f2909a,58,0,0,0,0,0.0,0,0,0,1.0,REJECTED_PAGE,TEXT_TOO_SPARSE_FOR_NUMERIC_TABLE_DUMP,
NLG,2025,annual,financial_statement,https://www.namlongvn.com/uploads/2025/08/20250804-nlg-bao-cao-soat-xet-ban-nien-2025-hop-nhat-en.pdf,https://www.namlongvn.com/uploads/2025/08/20250804-nlg-bao-cao-soat-xet-ban-nien-2025-hop-nhat-en.pdf/,data\raw\official_finance_documents\01ie\nlg_2025_financial_statement_32478ad3f1aaf25f.pdf,32478ad3f1aaf25f0cf3853fdcad6a8b9d3142bbb873fdb54c617fbc85f2909a,59,0,0,0,0,0.0,0,0,0,1.0,REJECTED_PAGE,TEXT_TOO_SPARSE_FOR_NUMERIC_TABLE_DUMP,
NLG,2025,annual,financial_statement,https://www.namlongvn.com/uploads/2025/08/20250804-nlg-bao-cao-soat-xet-ban-nien-2025-hop-nhat-en.pdf,https://www.namlongvn.com/uploads/2025/08/20250804-nlg-bao-cao-soat-xet-ban-nien-2025-hop-nhat-en.pdf/,data\raw\official_finance_documents\01ie\nlg_2025_financial_statement_32478ad3f1aaf25f.pdf,32478ad3f1aaf25f0cf3853fdcad6a8b9d3142bbb873fdb54c617fbc85f2909a,60,0,0,0,0,0.0,0,0,0,1.0,REJECTED_PAGE,TEXT_TOO_SPARSE_FOR_NUMERIC_TABLE_DUMP,
NLG,2025,annual,financial_statement,https://www.namlongvn.com/uploads/2025/08/20250804-nlg-bao-cao-soat-xet-ban-nien-2025-hop-nhat-en.pdf,https://www.namlongvn.com/uploads/2025/08/20250804-nlg-bao-cao-soat-xet-ban-nien-2025-hop-nhat-en.pdf/,data\raw\official_finance_documents\01ie\nlg_2025_financial_statement_32478ad3f1aaf25f.pdf,32478ad3f1aaf25f0cf3853fdcad6a8b9d3142bbb873fdb54c617fbc85f2909a,61,0,0,0,0,0.0,0,0,0,1.0,REJECTED_PAGE,TEXT_TOO_SPARSE_FOR_NUMERIC_TABLE_DUMP,
NLG,2025,annual,financial_statement,https://www.namlongvn.com/uploads/2025/08/20250804-nlg-bao-cao-soat-xet-ban-nien-2025-hop-nhat-en.pdf,https://www.namlongvn.com/uploads/2025/08/20250804-nlg-bao-cao-soat-xet-ban-nien-2025-hop-nhat-en.pdf/,data\raw\official_finance_documents\01ie\nlg_2025_financial_statement_32478ad3f1aaf25f.pdf,32478ad3f1aaf25f0cf3853fdcad6a8b9d3142bbb873fdb54c617fbc85f2909a,62,0,0,0,0,0.0,0,0,0,1.0,REJECTED_PAGE,TEXT_TOO_SPARSE_FOR_NUMERIC_TABLE_DUMP,
NLG,2025,annual,financial_statement,https://www.namlongvn.com/uploads/assets/files/Dai-hoi-dong-co-dong/2025/nlg-agm-2025-nam-long-highlights-in-2024-audited-consolidated-financial-reports-2024.pdf,https://www.namlongvn.com/uploads/assets/files/Dai-hoi-dong-co-dong/2025/nlg-agm-2025-nam-long-highlights-in-2024-audited-consolidated-financial-reports-2024.pdf/,data\raw\official_finance_documents\01ie\nlg_2025_financial_statement_f8546e950feec687.pdf,f8546e950feec6879f9b1fa0ae8f419e81a40d7f720b45b39455093b52ac48da,1,51,48,10,0,0.0,0,0,1,-0.5,REJECTED_PAGE,TEXT_TOO_SPARSE_FOR_NUMERIC_TABLE_DUMP,ANNUAL SHAREHOLDERS MEETING 2025 26th April 2025
NLG,2025,annual,financial_statement,https://www.namlongvn.com/uploads/assets/files/Dai-hoi-dong-co-dong/2025/nlg-agm-2025-nam-long-highlights-in-2024-audited-consolidated-financial-reports-2024.pdf,https://www.namlongvn.com/uploads/assets/files/Dai-hoi-dong-co-dong/2025/nlg-agm-2025-nam-long-highlights-in-2024-audited-consolidated-financial-reports-2024.pdf/,data\raw\official_finance_documents\01ie\nlg_2025_financial_statement_f8546e950feec687.pdf,f8546e950feec6879f9b1fa0ae8f419e81a40d7f720b45b39455093b52ac48da,2,149,139,11,0,0.0,0,0,0,1.0,REJECTED_PAGE,TEXT_TOO_SPARSE_FOR_NUMERIC_TABLE_DUMP,NLG 2 ITEM 2.1 NAM LONG HIGHLIGHTS IN 2024 – AUDITED CONSOLIDATED FINANCIAL REPORTS 2024 Presented by: Mr. Lucas Ignatius Loh Jen Yuh Group CEO
NLG,2025,annual,financial_statement,https://www.namlongvn.com/uploads/assets/files/Dai-hoi-dong-co-dong/2025/nlg-agm-2025-nam-long-highlights-in-2024-audited-consolidated-financial-reports-2024.pdf,https://www.namlongvn.com/uploads/assets/files/Dai-hoi-dong-co-dong/2025/nlg-agm-2025-nam-long-highlights-in-2024-audited-consolidated-financial-reports-2024.pdf/,data\raw\official_finance_documents\01ie\nlg_2025_financial_statement_f8546e950feec687.pdf,f8546e950feec6879f9b1fa0ae8f419e81a40d7f720b45b39455093b52ac48da,3,211,192,10,0,0.0,0,0,0,1.0,REJECTED_PAGE,TEXT_TOO_SPARSE_FOR_NUMERIC_TABLE_DUMP,NLG 3 2024 REPORT I. MARKET & MACRO-ECONOMICS REVIEW II. KEY OPERATION HIGHLIGHTS 1. Investment & Finance 2. Corporate Initiatives 3. Marketing & Sales 4. Township development 5. Awards & Social contribution
NLG,2025,annual,financial_statement,https://www.namlongvn.com/uploads/assets/files/Dai-hoi-dong-co-dong/2025/nlg-agm-2025-nam-long-highlights-in-2024-audited-consolidated-financial-reports-2024.pdf,https://www.namlongvn.com/uploads/assets/files/Dai-hoi-dong-co-dong/2025/nlg-agm-2025-nam-long-highlights-in-2024-audited-consolidated-financial-reports-2024.pdf/,data\raw\official_finance_documents\01ie\nlg_2025_financial_statement_f8546e950feec687.pdf,f8546e950feec6879f9b1fa0ae8f419e81a40d7f720b45b39455093b52ac48da,4,918,855,100,0,0.0,0,0,0,1.0,REJECTED_PAGE,TEXT_TOO_SPARSE_FOR_NUMERIC_TABLE_DUMP,"NLG 4 I. MARKET & MACRO-ECONOMICS REVIEW THE WORLD • Persistent inflation & Tight monetary policies • Prolonged geopolitical tension • Subdued investment and productivity growth • Global technology decoupling 2024 continued to be another difficult year for the global economy: Vietnam’s economy demonstrated a remarkable resilience in 2024, supported by: • Exp"
NLG,2025,annual,financial_statement,https://www.namlongvn.com/uploads/assets/files/Dai-hoi-dong-co-dong/2025/nlg-agm-2025-nam-long-highlights-in-2024-audited-consolidated-financial-reports-2024.pdf,https://www.namlongvn.com/uploads/assets/files/Dai-hoi-dong-co-dong/2025/nlg-agm-2025-nam-long-highlights-in-2024-audited-consolidated-financial-reports-2024.pdf/,data\raw\official_finance_documents\01ie\nlg_2025_financial_statement_f8546e950feec687.pdf,f8546e950feec6879f9b1fa0ae8f419e81a40d7f720b45b39455093b52ac48da,5,1030,937,170,25,0.1445,1,0,0,11.75,SELECTED_NUMERIC_PAGE,,"NLG 5 VIETNAM REAL ESTATE MARKET (HIGH RISE) • Absorption rates remain healthy in both HCMC and Hanoi • Admist higher price in HCMC, customers tend to seek other opportunities at surrounding provinces Demand • Significant disparity in condominium supply between Hanoi and HCMC, concentrated in the high-end segment • Affordable housing supply dried up Supply S"
NLG,2025,annual,financial_statement,https://www.namlongvn.com/uploads/assets/files/Dai-hoi-dong-co-dong/2025/nlg-agm-2025-nam-long-highlights-in-2024-audited-consolidated-financial-reports-2024.pdf,https://www.namlongvn.com/uploads/assets/files/Dai-hoi-dong-co-dong/2025/nlg-agm-2025-nam-long-highlights-in-2024-audited-consolidated-financial-reports-2024.pdf/,data\raw\official_finance_documents\01ie\nlg_2025_financial_statement_f8546e950feec687.pdf,f8546e950feec6879f9b1fa0ae8f419e81a40d7f720b45b39455093b52ac48da,6,902,819,189,34,0.2112,0,0,0,12.9,SELECTED_NUMERIC_PAGE,,"NLG 6 VIETNAM REAL ESTATE MARKET (LOW RISE) Source: CBRE • Healthy absorption rate in both HCMC and Hanoi, amid improved new supply. Demand is high and supply remains limited Demand • Significant disparity in landed property supply between Hanoi and HCMC. • Improved new supply in 2024 as compared to 2023 in both cities. • However, the total supply remains sc"
NLG,2025,annual,financial_statement,https://www.namlongvn.com/uploads/assets/files/Dai-hoi-dong-co-dong/2025/nlg-agm-2025-nam-long-highlights-in-2024-audited-consolidated-financial-reports-2024.pdf,https://www.namlongvn.com/uploads/assets/files/Dai-hoi-dong-co-dong/2025/nlg-agm-2025-nam-long-highlights-in-2024-audited-consolidated-financial-reports-2024.pdf/,data\raw\official_finance_documents\01ie\nlg_2025_financial_statement_f8546e950feec687.pdf,f8546e950feec6879f9b1fa0ae8f419e81a40d7f720b45b39455093b52ac48da,7,838,777,19,1,0.0089,0,0,1,-0.15,REJECTED_PAGE,LOW_NUMERIC_TOKEN_COUNT,"NLG 7 1. Investment & Finance II. KEY OPERATION HIGHLIGHTS 2. Corporate Initiatives • First Credit Rating (A-) by FiinRatings • Complete the transfer of Paragon Dai Phuoc to Japanese partner • Successfully organize 02 NLG day events, local and overseas conferences & events. • Completed and deployed the group governance model with 05 key businesses • Revitali"
NLG,2025,annual,financial_statement,https://www.namlongvn.com/uploads/assets/files/Dai-hoi-dong-co-dong/2025/nlg-agm-2025-nam-long-highlights-in-2024-audited-consolidated-financial-reports-2024.pdf,https://www.namlongvn.com/uploads/assets/files/Dai-hoi-dong-co-dong/2025/nlg-agm-2025-nam-long-highlights-in-2024-audited-consolidated-financial-reports-2024.pdf/,data\raw\official_finance_documents\01ie\nlg_2025_financial_statement_f8546e950feec687.pdf,f8546e950feec6879f9b1fa0ae8f419e81a40d7f720b45b39455093b52ac48da,8,773,732,30,4,0.031,1,0,0,4.4,REJECTED_PAGE,LOW_NUMERIC_TOKEN_COUNT,"NLG 8 3. Marketing & sales II. KEY OPERATION HIGHLIGHTS • Residential sales increased by 38% year-on-year in 2024, thanks to the new launches of Nam Long II Central Lake Can Tho Phase, … • Created a sustainable community via place-making marketing activities 4. Township development • Successfully handed over 2,247 Units ~ 7,870 Bil VND – handed over Akari Ph"
NLG,2025,annual,financial_statement,https://www.namlongvn.com/uploads/assets/files/Dai-hoi-dong-co-dong/2025/nlg-agm-2025-nam-long-highlights-in-2024-audited-consolidated-financial-reports-2024.pdf,https://www.namlongvn.com/uploads/assets/files/Dai-hoi-dong-co-dong/2025/nlg-agm-2025-nam-long-highlights-in-2024-audited-consolidated-financial-reports-2024.pdf/,data\raw\official_finance_documents\01ie\nlg_2025_financial_statement_f8546e950feec687.pdf,f8546e950feec6879f9b1fa0ae8f419e81a40d7f720b45b39455093b52ac48da,9,935,883,34,2,0.0148,0,0,0,1.7,REJECTED_PAGE,LOW_NUMERIC_TOKEN_COUNT,NLG 9 II. KEY OPERATION HIGHLIGHTS • Key social activities includes: ✓ Staff donations for Yagi victims ✓ 15 years of Swing for dreams scholarship 4. Township development (cont.) • Continuously develop and operate city facilities at NLG key townships ✓ Successfully opened EMASI Plus boarding school in Waterpoint ✓ Put into operation the Saigon Waterpoint Gen
NLG,2025,annual,financial_statement,https://www.namlongvn.com/uploads/assets/files/Dai-hoi-dong-co-dong/2025/nlg-agm-2025-nam-long-highlights-in-2024-audited-consolidated-financial-reports-2024.pdf,https://www.namlongvn.com/uploads/assets/files/Dai-hoi-dong-co-dong/2025/nlg-agm-2025-nam-long-highlights-in-2024-audited-consolidated-financial-reports-2024.pdf/,data\raw\official_finance_documents\01ie\nlg_2025_financial_statement_f8546e950feec687.pdf,f8546e950feec6879f9b1fa0ae8f419e81a40d7f720b45b39455093b52ac48da,10,110,103,6,0,0.0,0,0,0,1.0,REJECTED_PAGE,TEXT_TOO_SPARSE_FOR_NUMERIC_TABLE_DUMP,NLG 10 AUDITED CONSOLIDATED FINANCIAL REPORTS 2024 Presented by: Mr. Lucas Ignatius Loh Jen Yuh Group CEO
NLG,2025,annual,financial_statement,https://www.namlongvn.com/uploads/assets/files/Dai-hoi-dong-co-dong/2025/nlg-agm-2025-nam-long-highlights-in-2024-audited-consolidated-financial-reports-2024.pdf,https://www.namlongvn.com/uploads/assets/files/Dai-hoi-dong-co-dong/2025/nlg-agm-2025-nam-long-highlights-in-2024-audited-consolidated-financial-reports-2024.pdf/,data\raw\official_finance_documents\01ie\nlg_2025_financial_statement_f8546e950feec687.pdf,f8546e950feec6879f9b1fa0ae8f419e81a40d7f720b45b39455093b52ac48da,11,870,827,37,6,0.0448,1,3,1,9.35,SELECTED_BY_TABLE_EVIDENCE,,"y came from construction services, project management, and equity transfer. Net profit after tax attributable to shareholders of the parent • Net profit after tax attributable to non-controlling interests was recorded at VND 518 billion, increase 2% primarily driven by profits from the ahead-of-schedule handover of Akari and Mizuki projects. 6,657 7,196 Reve"
NLG,2025,annual,financial_statement,https://www.namlongvn.com/uploads/assets/files/Dai-hoi-dong-co-dong/2025/nlg-agm-2025-nam-long-highlights-in-2024-audited-consolidated-financial-reports-2024.pdf,https://www.namlongvn.com/uploads/assets/files/Dai-hoi-dong-co-dong/2025/nlg-agm-2025-nam-long-highlights-in-2024-audited-consolidated-financial-reports-2024.pdf/,data\raw\official_finance_documents\01ie\nlg_2025_financial_statement_f8546e950feec687.pdf,f8546e950feec6879f9b1fa0ae8f419e81a40d7f720b45b39455093b52ac48da,12,10,9,0,0,0.0,0,0,0,1.0,REJECTED_PAGE,TEXT_TOO_SPARSE_FOR_NUMERIC_TABLE_DUMP,Thank you
NLG,2025,annual,financial_statement,https://www.namlongvn.com/uploads/assets/files/Dai-hoi-dong-co-dong/2025/nlg-agm-2025-submission-audited-financial-report-2024-profit-distribution-plan-2024.pdf,https://www.namlongvn.com/uploads/assets/files/Dai-hoi-dong-co-dong/2025/nlg-agm-2025-submission-audited-financial-report-2024-profit-distribution-plan-2024.pdf/,data\raw\official_finance_documents\01ie\nlg_2025_financial_statement_afb75dcf5cb77001.pdf,afb75dcf5cb770013e13b6fda0a1288ddc02939452ef1daa80ea48ed33057ab7,1,0,0,0,0,0.0,0,0,0,1.0,REJECTED_PAGE,TEXT_TOO_SPARSE_FOR_NUMERIC_TABLE_DUMP,
SSI,2025,annual,financial_statement,https://www.ssi.com.vn/upload/files/IR/Reports/20250814_SSI_Bao_cao_tai_chinh_rieng_soat_xet_ban_nien_2025.pdf,https://www.ssi.com.vn/upload/files/IR/Reports/20250814_SSI_Bao_cao_tai_chinh_rieng_soat_xet_ban_nien_2025.pdf,data\raw\official_finance_documents\01ie\ssi_2025_financial_statement_513737d0cb20948e.pdf,513737d0cb20948ec679f05e8d3bcf8decb81dfb81b36aba42ccd05aa961ae65,1,0,0,0,0,0.0,0,0,0,1.0,REJECTED_PAGE,TEXT_TOO_SPARSE_FOR_NUMERIC_TABLE_DUMP,
SSI,2025,annual,financial_statement,https://www.ssi.com.vn/upload/files/IR/Reports/20250814_SSI_Bao_cao_tai_chinh_rieng_soat_xet_ban_nien_2025.pdf,https://www.ssi.com.vn/upload/files/IR/Reports/20250814_SSI_Bao_cao_tai_chinh_rieng_soat_xet_ban_nien_2025.pdf,data\raw\official_finance_documents\01ie\ssi_2025_financial_statement_513737d0cb20948e.pdf,513737d0cb20948ec679f05e8d3bcf8decb81dfb81b36aba42ccd05aa961ae65,2,0,0,0,0,0.0,0,0,0,1.0,REJECTED_PAGE,TEXT_TOO_SPARSE_FOR_NUMERIC_TABLE_DUMP,
SSI,2025,annual,financial_statement,https://www.ssi.com.vn/upload/files/IR/Reports/20250814_SSI_Bao_cao_tai_chinh_rieng_soat_xet_ban_nien_2025.pdf,https://www.ssi.com.vn/upload/files/IR/Reports/20250814_SSI_Bao_cao_tai_chinh_rieng_soat_xet_ban_nien_2025.pdf,data\raw\official_finance_documents\01ie\ssi_2025_financial_statement_513737d0cb20948e.pdf,513737d0cb20948ec679f05e8d3bcf8decb81dfb81b36aba42ccd05aa961ae65,3,0,0,0,0,0.0,0,0,0,1.0,REJECTED_PAGE,TEXT_TOO_SPARSE_FOR_NUMERIC_TABLE_DUMP,
SSI,2025,annual,financial_statement,https://www.ssi.com.vn/upload/files/IR/Reports/20250814_SSI_Bao_cao_tai_chinh_rieng_soat_xet_ban_nien_2025.pdf,https://www.ssi.com.vn/upload/files/IR/Reports/20250814_SSI_Bao_cao_tai_chinh_rieng_soat_xet_ban_nien_2025.pdf,data\raw\official_finance_documents\01ie\ssi_2025_financial_statement_513737d0cb20948e.pdf,513737d0cb20948ec679f05e8d3bcf8decb81dfb81b36aba42ccd05aa961ae65,4,0,0,0,0,0.0,0,0,0,1.0,REJECTED_PAGE,TEXT_TOO_SPARSE_FOR_NUMERIC_TABLE_DUMP,
SSI,2025,annual,financial_statement,https://www.ssi.com.vn/upload/files/IR/Reports/20250814_SSI_Bao_cao_tai_chinh_rieng_soat_xet_ban_nien_2025.pdf,https://www.ssi.com.vn/upload/files/IR/Reports/20250814_SSI_Bao_cao_tai_chinh_rieng_soat_xet_ban_nien_2025.pdf,data\raw\official_finance_documents\01ie\ssi_2025_financial_statement_513737d0cb20948e.pdf,513737d0cb20948ec679f05e8d3bcf8decb81dfb81b36aba42ccd05aa961ae65,5,0,0,0,0,0.0,0,0,0,1.0,REJECTED_PAGE,TEXT_TOO_SPARSE_FOR_NUMERIC_TABLE_DUMP,
SSI,2025,annual,financial_statement,https://www.ssi.com.vn/upload/files/IR/Reports/20250814_SSI_Bao_cao_tai_chinh_rieng_soat_xet_ban_nien_2025.pdf,https://www.ssi.com.vn/upload/files/IR/Reports/20250814_SSI_Bao_cao_tai_chinh_rieng_soat_xet_ban_nien_2025.pdf,data\raw\official_finance_documents\01ie\ssi_2025_financial_statement_513737d0cb20948e.pdf,513737d0cb20948ec679f05e8d3bcf8decb81dfb81b36aba42ccd05aa961ae65,6,0,0,0,0,0.0,0,0,0,1.0,REJECTED_PAGE,TEXT_TOO_SPARSE_FOR_NUMERIC_TABLE_DUMP,
SSI,2025,annual,financial_statement,https://www.ssi.com.vn/upload/files/IR/Reports/20250814_SSI_Bao_cao_tai_chinh_rieng_soat_xet_ban_nien_2025.pdf,https://www.ssi.com.vn/upload/files/IR/Reports/20250814_SSI_Bao_cao_tai_chinh_rieng_soat_xet_ban_nien_2025.pdf,data\raw\official_finance_documents\01ie\ssi_2025_financial_statement_513737d0cb20948e.pdf,513737d0cb20948ec679f05e8d3bcf8decb81dfb81b36aba42ccd05aa961ae65,7,0,0,0,0,0.0,0,0,0,1.0,REJECTED_PAGE,TEXT_TOO_SPARSE_FOR_NUMERIC_TABLE_DUMP,
SSI,2025,annual,financial_statement,https://www.ssi.com.vn/upload/files/IR/Reports/20250814_SSI_Bao_cao_tai_chinh_rieng_soat_xet_ban_nien_2025.pdf,https://www.ssi.com.vn/upload/files/IR/Reports/20250814_SSI_Bao_cao_tai_chinh_rieng_soat_xet_ban_nien_2025.pdf,data\raw\official_finance_documents\01ie\ssi_2025_financial_statement_513737d0cb20948e.pdf,513737d0cb20948ec679f05e8d3bcf8decb81dfb81b36aba42ccd05aa961ae65,8,0,0,0,0,0.0,0,0,0,1.0,REJECTED_PAGE,TEXT_TOO_SPARSE_FOR_NUMERIC_TABLE_DUMP,
SSI,2025,annual,financial_statement,https://www.ssi.com.vn/upload/files/IR/Reports/20250814_SSI_Bao_cao_tai_chinh_rieng_soat_xet_ban_nien_2025.pdf,https://www.ssi.com.vn/upload/files/IR/Reports/20250814_SSI_Bao_cao_tai_chinh_rieng_soat_xet_ban_nien_2025.pdf,data\raw\official_finance_documents\01ie\ssi_2025_financial_statement_513737d0cb20948e.pdf,513737d0cb20948ec679f05e8d3bcf8decb81dfb81b36aba42ccd05aa961ae65,9,0,0,0,0,0.0,0,0,0,1.0,REJECTED_PAGE,TEXT_TOO_SPARSE_FOR_NUMERIC_TABLE_DUMP,
SSI,2025,annual,financial_statement,https://www.ssi.com.vn/upload/files/IR/Reports/20250814_SSI_Bao_cao_tai_chinh_rieng_soat_xet_ban_nien_2025.pdf,https://www.ssi.com.vn/upload/files/IR/Reports/20250814_SSI_Bao_cao_tai_chinh_rieng_soat_xet_ban_nien_2025.pdf,data\raw\official_finance_documents\01ie\ssi_2025_financial_statement_513737d0cb20948e.pdf,513737d0cb20948ec679f05e8d3bcf8decb81dfb81b36aba42ccd05aa961ae65,10,0,0,0,0,0.0,0,0,0,1.0,REJECTED_PAGE,TEXT_TOO_SPARSE_FOR_NUMERIC_TABLE_DUMP,
SSI,2025,annual,financial_statement,https://www.ssi.com.vn/upload/files/IR/Reports/20250814_SSI_Bao_cao_tai_chinh_rieng_soat_xet_ban_nien_2025.pdf,https://www.ssi.com.vn/upload/files/IR/Reports/20250814_SSI_Bao_cao_tai_chinh_rieng_soat_xet_ban_nien_2025.pdf,data\raw\official_finance_documents\01ie\ssi_2025_financial_statement_513737d0cb20948e.pdf,513737d0cb20948ec679f05e8d3bcf8decb81dfb81b36aba42ccd05aa961ae65,11,0,0,0,0,0.0,0,0,0,1.0,REJECTED_PAGE,TEXT_TOO_SPARSE_FOR_NUMERIC_TABLE_DUMP,
SSI,2025,annual,financial_statement,https://www.ssi.com.vn/upload/files/IR/Reports/20250814_SSI_Bao_cao_tai_chinh_rieng_soat_xet_ban_nien_2025.pdf,https://www.ssi.com.vn/upload/files/IR/Reports/20250814_SSI_Bao_cao_tai_chinh_rieng_soat_xet_ban_nien_2025.pdf,data\raw\official_finance_documents\01ie\ssi_2025_financial_statement_513737d0cb20948e.pdf,513737d0cb20948ec679f05e8d3bcf8decb81dfb81b36aba42ccd05aa961ae65,12,0,0,0,0,0.0,0,0,0,1.0,REJECTED_PAGE,TEXT_TOO_SPARSE_FOR_NUMERIC_TABLE_DUMP,
SSI,2025,annual,financial_statement,https://www.ssi.com.vn/upload/files/IR/Reports/20250814_SSI_Bao_cao_tai_chinh_rieng_soat_xet_ban_nien_2025.pdf,https://www.ssi.com.vn/upload/files/IR/Reports/20250814_SSI_Bao_cao_tai_chinh_rieng_soat_xet_ban_nien_2025.pdf,data\raw\official_finance_documents\01ie\ssi_2025_financial_statement_513737d0cb20948e.pdf,513737d0cb20948ec679f05e8d3bcf8decb81dfb81b36aba42ccd05aa961ae65,13,0,0,0,0,0.0,0,0,0,1.0,REJECTED_PAGE,TEXT_TOO_SPARSE_FOR_NUMERIC_TABLE_DUMP,
SSI,2025,annual,financial_statement,https://www.ssi.com.vn/upload/files/IR/Reports/20250814_SSI_Bao_cao_tai_chinh_rieng_soat_xet_ban_nien_2025.pdf,https://www.ssi.com.vn/upload/files/IR/Reports/20250814_SSI_Bao_cao_tai_chinh_rieng_soat_xet_ban_nien_2025.pdf,data\raw\official_finance_documents\01ie\ssi_2025_financial_statement_513737d0cb20948e.pdf,513737d0cb20948ec679f05e8d3bcf8decb81dfb81b36aba42ccd05aa961ae65,14,0,0,0,0,0.0,0,0,0,1.0,REJECTED_PAGE,TEXT_TOO_SPARSE_FOR_NUMERIC_TABLE_DUMP,
SSI,2025,annual,financial_statement,https://www.ssi.com.vn/upload/files/IR/Reports/20250814_SSI_Bao_cao_tai_chinh_rieng_soat_xet_ban_nien_2025.pdf,https://www.ssi.com.vn/upload/files/IR/Reports/20250814_SSI_Bao_cao_tai_chinh_rieng_soat_xet_ban_nien_2025.pdf,data\raw\official_finance_documents\01ie\ssi_2025_financial_statement_513737d0cb20948e.pdf,513737d0cb20948ec679f05e8d3bcf8decb81dfb81b36aba42ccd05aa961ae65,15,0,0,0,0,0.0,0,0,0,1.0,REJECTED_PAGE,TEXT_TOO_SPARSE_FOR_NUMERIC_TABLE_DUMP,
SSI,2025,annual,financial_statement,https://www.ssi.com.vn/upload/files/IR/Reports/20250814_SSI_Bao_cao_tai_chinh_rieng_soat_xet_ban_nien_2025.pdf,https://www.ssi.com.vn/upload/files/IR/Reports/20250814_SSI_Bao_cao_tai_chinh_rieng_soat_xet_ban_nien_2025.pdf,data\raw\official_finance_documents\01ie\ssi_2025_financial_statement_513737d0cb20948e.pdf,513737d0cb20948ec679f05e8d3bcf8decb81dfb81b36aba42ccd05aa961ae65,16,0,0,0,0,0.0,0,0,0,1.0,REJECTED_PAGE,TEXT_TOO_SPARSE_FOR_NUMERIC_TABLE_DUMP,
SSI,2025,annual,financial_statement,https://www.ssi.com.vn/upload/files/IR/Reports/20250814_SSI_Bao_cao_tai_chinh_rieng_soat_xet_ban_nien_2025.pdf,https://www.ssi.com.vn/upload/files/IR/Reports/20250814_SSI_Bao_cao_tai_chinh_rieng_soat_xet_ban_nien_2025.pdf,data\raw\official_finance_documents\01ie\ssi_2025_financial_statement_513737d0cb20948e.pdf,513737d0cb20948ec679f05e8d3bcf8decb81dfb81b36aba42ccd05aa961ae65,17,0,0,0,0,0.0,0,0,0,1.0,REJECTED_PAGE,TEXT_TOO_SPARSE_FOR_NUMERIC_TABLE_DUMP,
SSI,2025,annual,financial_statement,https://www.ssi.com.vn/upload/files/IR/Reports/20250814_SSI_Bao_cao_tai_chinh_rieng_soat_xet_ban_nien_2025.pdf,https://www.ssi.com.vn/upload/files/IR/Reports/20250814_SSI_Bao_cao_tai_chinh_rieng_soat_xet_ban_nien_2025.pdf,data\raw\official_finance_documents\01ie\ssi_2025_financial_statement_513737d0cb20948e.pdf,513737d0cb20948ec679f05e8d3bcf8decb81dfb81b36aba42ccd05aa961ae65,18,0,0,0,0,0.0,0,0,0,1.0,REJECTED_PAGE,TEXT_TOO_SPARSE_FOR_NUMERIC_TABLE_DUMP,
SSI,2025,annual,financial_statement,https://www.ssi.com.vn/upload/files/IR/Reports/20250814_SSI_Bao_cao_tai_chinh_rieng_soat_xet_ban_nien_2025.pdf,https://www.ssi.com.vn/upload/files/IR/Reports/20250814_SSI_Bao_cao_tai_chinh_rieng_soat_xet_ban_nien_2025.pdf,data\raw\official_finance_documents\01ie\ssi_2025_financial_statement_513737d0cb20948e.pdf,513737d0cb20948ec679f05e8d3bcf8decb81dfb81b36aba42ccd05aa961ae65,19,0,0,0,0,0.0,0,0,0,1.0,REJECTED_PAGE,TEXT_TOO_SPARSE_FOR_NUMERIC_TABLE_DUMP,
SSI,2025,annual,financial_statement,https://www.ssi.com.vn/upload/files/IR/Reports/20250814_SSI_Bao_cao_tai_chinh_rieng_soat_xet_ban_nien_2025.pdf,https://www.ssi.com.vn/upload/files/IR/Reports/20250814_SSI_Bao_cao_tai_chinh_rieng_soat_xet_ban_nien_2025.pdf,data\raw\official_finance_documents\01ie\ssi_2025_financial_statement_513737d0cb20948e.pdf,513737d0cb20948ec679f05e8d3bcf8decb81dfb81b36aba42ccd05aa961ae65,20,0,0,0,0,0.0,0,0,0,1.0,REJECTED_PAGE,TEXT_TOO_SPARSE_FOR_NUMERIC_TABLE_DUMP,
SSI,2025,annual,financial_statement,https://www.ssi.com.vn/upload/files/IR/Reports/20250814_SSI_Bao_cao_tai_chinh_rieng_soat_xet_ban_nien_2025.pdf,https://www.ssi.com.vn/upload/files/IR/Reports/20250814_SSI_Bao_cao_tai_chinh_rieng_soat_xet_ban_nien_2025.pdf,data\raw\official_finance_documents\01ie\ssi_2025_financial_statement_513737d0cb20948e.pdf,513737d0cb20948ec679f05e8d3bcf8decb81dfb81b36aba42ccd05aa961ae65,21,0,0,0,0,0.0,0,0,0,1.0,REJECTED_PAGE,TEXT_TOO_SPARSE_FOR_NUMERIC_TABLE_DUMP,
SSI,2025,annual,financial_statement,https://www.ssi.com.vn/upload/files/IR/Reports/20250814_SSI_Bao_cao_tai_chinh_rieng_soat_xet_ban_nien_2025.pdf,https://www.ssi.com.vn/upload/files/IR/Reports/20250814_SSI_Bao_cao_tai_chinh_rieng_soat_xet_ban_nien_2025.pdf,data\raw\official_finance_documents\01ie\ssi_2025_financial_statement_513737d0cb20948e.pdf,513737d0cb20948ec679f05e8d3bcf8decb81dfb81b36aba42ccd05aa961ae65,22,0,0,0,0,0.0,0,0,0,1.0,REJECTED_PAGE,TEXT_TOO_SPARSE_FOR_NUMERIC_TABLE_DUMP,
SSI,2025,annual,financial_statement,https://www.ssi.com.vn/upload/files/IR/Reports/20250814_SSI_Bao_cao_tai_chinh_rieng_soat_xet_ban_nien_2025.pdf,https://www.ssi.com.vn/upload/files/IR/Reports/20250814_SSI_Bao_cao_tai_chinh_rieng_soat_xet_ban_nien_2025.pdf,data\raw\official_finance_documents\01ie\ssi_2025_financial_statement_513737d0cb20948e.pdf,513737d0cb20948ec679f05e8d3bcf8decb81dfb81b36aba42ccd05aa961ae65,23,0,0,0,0,0.0,0,0,0,1.0,REJECTED_PAGE,TEXT_TOO_SPARSE_FOR_NUMERIC_TABLE_DUMP,
SSI,2025,annual,financial_statement,https://www.ssi.com.vn/upload/files/IR/Reports/20250814_SSI_Bao_cao_tai_chinh_rieng_soat_xet_ban_nien_2025.pdf,https://www.ssi.com.vn/upload/files/IR/Reports/20250814_SSI_Bao_cao_tai_chinh_rieng_soat_xet_ban_nien_2025.pdf,data\raw\official_finance_documents\01ie\ssi_2025_financial_statement_513737d0cb20948e.pdf,513737d0cb20948ec679f05e8d3bcf8decb81dfb81b36aba42ccd05aa961ae65,24,0,0,0,0,0.0,0,0,0,1.0,REJECTED_PAGE,TEXT_TOO_SPARSE_FOR_NUMERIC_TABLE_DUMP,
SSI,2025,annual,financial_statement,https://www.ssi.com.vn/upload/files/IR/Reports/20250814_SSI_Bao_cao_tai_chinh_rieng_soat_xet_ban_nien_2025.pdf,https://www.ssi.com.vn/upload/files/IR/Reports/20250814_SSI_Bao_cao_tai_chinh_rieng_soat_xet_ban_nien_2025.pdf,data\raw\official_finance_documents\01ie\ssi_2025_financial_statement_513737d0cb20948e.pdf,513737d0cb20948ec679f05e8d3bcf8decb81dfb81b36aba42ccd05aa961ae65,25,0,0,0,0,0.0,0,0,0,1.0,REJECTED_PAGE,TEXT_TOO_SPARSE_FOR_NUMERIC_TABLE_DUMP,
SSI,2025,annual,financial_statement,https://www.ssi.com.vn/upload/files/IR/Reports/20250814_SSI_Bao_cao_tai_chinh_rieng_soat_xet_ban_nien_2025.pdf,https://www.ssi.com.vn/upload/files/IR/Reports/20250814_SSI_Bao_cao_tai_chinh_rieng_soat_xet_ban_nien_2025.pdf,data\raw\official_finance_documents\01ie\ssi_2025_financial_statement_513737d0cb20948e.pdf,513737d0cb20948ec679f05e8d3bcf8decb81dfb81b36aba42ccd05aa961ae65,26,0,0,0,0,0.0,0,0,0,1.0,REJECTED_PAGE,TEXT_TOO_SPARSE_FOR_NUMERIC_TABLE_DUMP,
SSI,2025,annual,financial_statement,https://www.ssi.com.vn/upload/files/IR/Reports/20250814_SSI_Bao_cao_tai_chinh_rieng_soat_xet_ban_nien_2025.pdf,https://www.ssi.com.vn/upload/files/IR/Reports/20250814_SSI_Bao_cao_tai_chinh_rieng_soat_xet_ban_nien_2025.pdf,data\raw\official_finance_documents\01ie\ssi_2025_financial_statement_513737d0cb20948e.pdf,513737d0cb20948ec679f05e8d3bcf8decb81dfb81b36aba42ccd05aa961ae65,27,0,0,0,0,0.0,0,0,0,1.0,REJECTED_PAGE,TEXT_TOO_SPARSE_FOR_NUMERIC_TABLE_DUMP,
SSI,2025,annual,financial_statement,https://www.ssi.com.vn/upload/files/IR/Reports/20250814_SSI_Bao_cao_tai_chinh_rieng_soat_xet_ban_nien_2025.pdf,https://www.ssi.com.vn/upload/files/IR/Reports/20250814_SSI_Bao_cao_tai_chinh_rieng_soat_xet_ban_nien_2025.pdf,data\raw\official_finance_documents\01ie\ssi_2025_financial_statement_513737d0cb20948e.pdf,513737d0cb20948ec679f05e8d3bcf8decb81dfb81b36aba42ccd05aa961ae65,28,0,0,0,0,0.0,0,0,0,1.0,REJECTED_PAGE,TEXT_TOO_SPARSE_FOR_NUMERIC_TABLE_DUMP,
SSI,2025,annual,financial_statement,https://www.ssi.com.vn/upload/files/IR/Reports/20250814_SSI_Bao_cao_tai_chinh_rieng_soat_xet_ban_nien_2025.pdf,https://www.ssi.com.vn/upload/files/IR/Reports/20250814_SSI_Bao_cao_tai_chinh_rieng_soat_xet_ban_nien_2025.pdf,data\raw\official_finance_documents\01ie\ssi_2025_financial_statement_513737d0cb20948e.pdf,513737d0cb20948ec679f05e8d3bcf8decb81dfb81b36aba42ccd05aa961ae65,29,0,0,0,0,0.0,0,0,0,1.0,REJECTED_PAGE,TEXT_TOO_SPARSE_FOR_NUMERIC_TABLE_DUMP,
SSI,2025,annual,financial_statement,https://www.ssi.com.vn/upload/files/IR/Reports/20250814_SSI_Bao_cao_tai_chinh_rieng_soat_xet_ban_nien_2025.pdf,https://www.ssi.com.vn/upload/files/IR/Reports/20250814_SSI_Bao_cao_tai_chinh_rieng_soat_xet_ban_nien_2025.pdf,data\raw\official_finance_documents\01ie\ssi_2025_financial_statement_513737d0cb20948e.pdf,513737d0cb20948ec679f05e8d3bcf8decb81dfb81b36aba42ccd05aa961ae65,30,0,0,0,0,0.0,0,0,0,1.0,REJECTED_PAGE,TEXT_TOO_SPARSE_FOR_NUMERIC_TABLE_DUMP,
SSI,2025,annual,financial_statement,https://www.ssi.com.vn/upload/files/IR/Reports/20250814_SSI_Bao_cao_tai_chinh_rieng_soat_xet_ban_nien_2025.pdf,https://www.ssi.com.vn/upload/files/IR/Reports/20250814_SSI_Bao_cao_tai_chinh_rieng_soat_xet_ban_nien_2025.pdf,data\raw\official_finance_documents\01ie\ssi_2025_financial_statement_513737d0cb20948e.pdf,513737d0cb20948ec679f05e8d3bcf8decb81dfb81b36aba42ccd05aa961ae65,31,0,0,0,0,0.0,0,0,0,1.0,REJECTED_PAGE,TEXT_TOO_SPARSE_FOR_NUMERIC_TABLE_DUMP,
SSI,2025,annual,financial_statement,https://www.ssi.com.vn/upload/files/IR/Reports/20250814_SSI_Bao_cao_tai_chinh_rieng_soat_xet_ban_nien_2025.pdf,https://www.ssi.com.vn/upload/files/IR/Reports/20250814_SSI_Bao_cao_tai_chinh_rieng_soat_xet_ban_nien_2025.pdf,data\raw\official_finance_documents\01ie\ssi_2025_financial_statement_513737d0cb20948e.pdf,513737d0cb20948ec679f05e8d3bcf8decb81dfb81b36aba42ccd05aa961ae65,32,0,0,0,0,0.0,0,0,0,1.0,REJECTED_PAGE,TEXT_TOO_SPARSE_FOR_NUMERIC_TABLE_DUMP,
SSI,2025,annual,financial_statement,https://www.ssi.com.vn/upload/files/IR/Reports/20250814_SSI_Bao_cao_tai_chinh_rieng_soat_xet_ban_nien_2025.pdf,https://www.ssi.com.vn/upload/files/IR/Reports/20250814_SSI_Bao_cao_tai_chinh_rieng_soat_xet_ban_nien_2025.pdf,data\raw\official_finance_documents\01ie\ssi_2025_financial_statement_513737d0cb20948e.pdf,513737d0cb20948ec679f05e8d3bcf8decb81dfb81b36aba42ccd05aa961ae65,33,0,0,0,0,0.0,0,0,0,1.0,REJECTED_PAGE,TEXT_TOO_SPARSE_FOR_NUMERIC_TABLE_DUMP,
SSI,2025,annual,financial_statement,https://www.ssi.com.vn/upload/files/IR/Reports/20250814_SSI_Bao_cao_tai_chinh_rieng_soat_xet_ban_nien_2025.pdf,https://www.ssi.com.vn/upload/files/IR/Reports/20250814_SSI_Bao_cao_tai_chinh_rieng_soat_xet_ban_nien_2025.pdf,data\raw\official_finance_documents\01ie\ssi_2025_financial_statement_513737d0cb20948e.pdf,513737d0cb20948ec679f05e8d3bcf8decb81dfb81b36aba42ccd05aa961ae65,34,0,0,0,0,0.0,0,0,0,1.0,REJECTED_PAGE,TEXT_TOO_SPARSE_FOR_NUMERIC_TABLE_DUMP,
SSI,2025,annual,financial_statement,https://www.ssi.com.vn/upload/files/IR/Reports/20250814_SSI_Bao_cao_tai_chinh_rieng_soat_xet_ban_nien_2025.pdf,https://www.ssi.com.vn/upload/files/IR/Reports/20250814_SSI_Bao_cao_tai_chinh_rieng_soat_xet_ban_nien_2025.pdf,data\raw\official_finance_documents\01ie\ssi_2025_financial_statement_513737d0cb20948e.pdf,513737d0cb20948ec679f05e8d3bcf8decb81dfb81b36aba42ccd05aa961ae65,35,0,0,0,0,0.0,0,0,0,1.0,REJECTED_PAGE,TEXT_TOO_SPARSE_FOR_NUMERIC_TABLE_DUMP,
SSI,2025,annual,financial_statement,https://www.ssi.com.vn/upload/files/IR/Reports/20250814_SSI_Bao_cao_tai_chinh_rieng_soat_xet_ban_nien_2025.pdf,https://www.ssi.com.vn/upload/files/IR/Reports/20250814_SSI_Bao_cao_tai_chinh_rieng_soat_xet_ban_nien_2025.pdf,data\raw\official_finance_documents\01ie\ssi_2025_financial_statement_513737d0cb20948e.pdf,513737d0cb20948ec679f05e8d3bcf8decb81dfb81b36aba42ccd05aa961ae65,36,0,0,0,0,0.0,0,0,0,1.0,REJECTED_PAGE,TEXT_TOO_SPARSE_FOR_NUMERIC_TABLE_DUMP,
SSI,2025,annual,financial_statement,https://www.ssi.com.vn/upload/files/IR/Reports/20250814_SSI_Bao_cao_tai_chinh_rieng_soat_xet_ban_nien_2025.pdf,https://www.ssi.com.vn/upload/files/IR/Reports/20250814_SSI_Bao_cao_tai_chinh_rieng_soat_xet_ban_nien_2025.pdf,data\raw\official_finance_documents\01ie\ssi_2025_financial_statement_513737d0cb20948e.pdf,513737d0cb20948ec679f05e8d3bcf8decb81dfb81b36aba42ccd05aa961ae65,37,0,0,0,0,0.0,0,0,0,1.0,REJECTED_PAGE,TEXT_TOO_SPARSE_FOR_NUMERIC_TABLE_DUMP,
SSI,2025,annual,financial_statement,https://www.ssi.com.vn/upload/files/IR/Reports/20250814_SSI_Bao_cao_tai_chinh_rieng_soat_xet_ban_nien_2025.pdf,https://www.ssi.com.vn/upload/files/IR/Reports/20250814_SSI_Bao_cao_tai_chinh_rieng_soat_xet_ban_nien_2025.pdf,data\raw\official_finance_documents\01ie\ssi_2025_financial_statement_513737d0cb20948e.pdf,513737d0cb20948ec679f05e8d3bcf8decb81dfb81b36aba42ccd05aa961ae65,38,0,0,0,0,0.0,0,0,0,1.0,REJECTED_PAGE,TEXT_TOO_SPARSE_FOR_NUMERIC_TABLE_DUMP,
SSI,2025,annual,financial_statement,https://www.ssi.com.vn/upload/files/IR/Reports/20250814_SSI_Bao_cao_tai_chinh_rieng_soat_xet_ban_nien_2025.pdf,https://www.ssi.com.vn/upload/files/IR/Reports/20250814_SSI_Bao_cao_tai_chinh_rieng_soat_xet_ban_nien_2025.pdf,data\raw\official_finance_documents\01ie\ssi_2025_financial_statement_513737d0cb20948e.pdf,513737d0cb20948ec679f05e8d3bcf8decb81dfb81b36aba42ccd05aa961ae65,39,0,0,0,0,0.0,0,0,0,1.0,REJECTED_PAGE,TEXT_TOO_SPARSE_FOR_NUMERIC_TABLE_DUMP,
SSI,2025,annual,financial_statement,https://www.ssi.com.vn/upload/files/IR/Reports/20250814_SSI_Bao_cao_tai_chinh_rieng_soat_xet_ban_nien_2025.pdf,https://www.ssi.com.vn/upload/files/IR/Reports/20250814_SSI_Bao_cao_tai_chinh_rieng_soat_xet_ban_nien_2025.pdf,data\raw\official_finance_documents\01ie\ssi_2025_financial_statement_513737d0cb20948e.pdf,513737d0cb20948ec679f05e8d3bcf8decb81dfb81b36aba42ccd05aa961ae65,40,0,0,0,0,0.0,0,0,0,1.0,REJECTED_PAGE,TEXT_TOO_SPARSE_FOR_NUMERIC_TABLE_DUMP,
SSI,2025,annual,financial_statement,https://www.ssi.com.vn/upload/files/IR/Reports/20250814_SSI_Bao_cao_tai_chinh_rieng_soat_xet_ban_nien_2025.pdf,https://www.ssi.com.vn/upload/files/IR/Reports/20250814_SSI_Bao_cao_tai_chinh_rieng_soat_xet_ban_nien_2025.pdf,data\raw\official_finance_documents\01ie\ssi_2025_financial_statement_513737d0cb20948e.pdf,513737d0cb20948ec679f05e8d3bcf8decb81dfb81b36aba42ccd05aa961ae65,41,0,0,0,0,0.0,0,0,0,1.0,REJECTED_PAGE,TEXT_TOO_SPARSE_FOR_NUMERIC_TABLE_DUMP,
SSI,2025,annual,financial_statement,https://www.ssi.com.vn/upload/files/IR/Reports/20250814_SSI_Bao_cao_tai_chinh_rieng_soat_xet_ban_nien_2025.pdf,https://www.ssi.com.vn/upload/files/IR/Reports/20250814_SSI_Bao_cao_tai_chinh_rieng_soat_xet_ban_nien_2025.pdf,data\raw\official_finance_documents\01ie\ssi_2025_financial_statement_513737d0cb20948e.pdf,513737d0cb20948ec679f05e8d3bcf8decb81dfb81b36aba42ccd05aa961ae65,42,0,0,0,0,0.0,0,0,0,1.0,REJECTED_PAGE,TEXT_TOO_SPARSE_FOR_NUMERIC_TABLE_DUMP,
SSI,2025,annual,financial_statement,https://www.ssi.com.vn/upload/files/IR/Reports/20250814_SSI_Bao_cao_tai_chinh_rieng_soat_xet_ban_nien_2025.pdf,https://www.ssi.com.vn/upload/files/IR/Reports/20250814_SSI_Bao_cao_tai_chinh_rieng_soat_xet_ban_nien_2025.pdf,data\raw\official_finance_documents\01ie\ssi_2025_financial_statement_513737d0cb20948e.pdf,513737d0cb20948ec679f05e8d3bcf8decb81dfb81b36aba42ccd05aa961ae65,43,0,0,0,0,0.0,0,0,0,1.0,REJECTED_PAGE,TEXT_TOO_SPARSE_FOR_NUMERIC_TABLE_DUMP,
SSI,2025,annual,financial_statement,https://www.ssi.com.vn/upload/files/IR/Reports/20250814_SSI_Bao_cao_tai_chinh_rieng_soat_xet_ban_nien_2025.pdf,https://www.ssi.com.vn/upload/files/IR/Reports/20250814_SSI_Bao_cao_tai_chinh_rieng_soat_xet_ban_nien_2025.pdf,data\raw\official_finance_documents\01ie\ssi_2025_financial_statement_513737d0cb20948e.pdf,513737d0cb20948ec679f05e8d3bcf8decb81dfb81b36aba42ccd05aa961ae65,44,0,0,0,0,0.0,0,0,0,1.0,REJECTED_PAGE,TEXT_TOO_SPARSE_FOR_NUMERIC_TABLE_DUMP,
SSI,2025,annual,financial_statement,https://www.ssi.com.vn/upload/files/IR/Reports/20250814_SSI_Bao_cao_tai_chinh_rieng_soat_xet_ban_nien_2025.pdf,https://www.ssi.com.vn/upload/files/IR/Reports/20250814_SSI_Bao_cao_tai_chinh_rieng_soat_xet_ban_nien_2025.pdf,data\raw\official_finance_documents\01ie\ssi_2025_financial_statement_513737d0cb20948e.pdf,513737d0cb20948ec679f05e8d3bcf8decb81dfb81b36aba42ccd05aa961ae65,45,0,0,0,0,0.0,0,0,0,1.0,REJECTED_PAGE,TEXT_TOO_SPARSE_FOR_NUMERIC_TABLE_DUMP,
SSI,2025,annual,financial_statement,https://www.ssi.com.vn/upload/files/IR/Reports/20250814_SSI_Bao_cao_tai_chinh_rieng_soat_xet_ban_nien_2025.pdf,https://www.ssi.com.vn/upload/files/IR/Reports/20250814_SSI_Bao_cao_tai_chinh_rieng_soat_xet_ban_nien_2025.pdf,data\raw\official_finance_documents\01ie\ssi_2025_financial_statement_513737d0cb20948e.pdf,513737d0cb20948ec679f05e8d3bcf8decb81dfb81b36aba42ccd05aa961ae65,46,0,0,0,0,0.0,0,0,0,1.0,REJECTED_PAGE,TEXT_TOO_SPARSE_FOR_NUMERIC_TABLE_DUMP,
SSI,2025,annual,financial_statement,https://www.ssi.com.vn/upload/files/IR/Reports/20250814_SSI_Bao_cao_tai_chinh_rieng_soat_xet_ban_nien_2025.pdf,https://www.ssi.com.vn/upload/files/IR/Reports/20250814_SSI_Bao_cao_tai_chinh_rieng_soat_xet_ban_nien_2025.pdf,data\raw\official_finance_documents\01ie\ssi_2025_financial_statement_513737d0cb20948e.pdf,513737d0cb20948ec679f05e8d3bcf8decb81dfb81b36aba42ccd05aa961ae65,47,0,0,0,0,0.0,0,0,0,1.0,REJECTED_PAGE,TEXT_TOO_SPARSE_FOR_NUMERIC_TABLE_DUMP,
SSI,2025,annual,financial_statement,https://www.ssi.com.vn/upload/files/IR/Reports/20250814_SSI_Bao_cao_tai_chinh_rieng_soat_xet_ban_nien_2025.pdf,https://www.ssi.com.vn/upload/files/IR/Reports/20250814_SSI_Bao_cao_tai_chinh_rieng_soat_xet_ban_nien_2025.pdf,data\raw\official_finance_documents\01ie\ssi_2025_financial_statement_513737d0cb20948e.pdf,513737d0cb20948ec679f05e8d3bcf8decb81dfb81b36aba42ccd05aa961ae65,48,0,0,0,0,0.0,0,0,0,1.0,REJECTED_PAGE,TEXT_TOO_SPARSE_FOR_NUMERIC_TABLE_DUMP,
SSI,2025,annual,financial_statement,https://www.ssi.com.vn/upload/files/IR/Reports/20250814_SSI_Bao_cao_tai_chinh_rieng_soat_xet_ban_nien_2025.pdf,https://www.ssi.com.vn/upload/files/IR/Reports/20250814_SSI_Bao_cao_tai_chinh_rieng_soat_xet_ban_nien_2025.pdf,data\raw\official_finance_documents\01ie\ssi_2025_financial_statement_513737d0cb20948e.pdf,513737d0cb20948ec679f05e8d3bcf8decb81dfb81b36aba42ccd05aa961ae65,49,0,0,0,0,0.0,0,0,0,1.0,REJECTED_PAGE,TEXT_TOO_SPARSE_FOR_NUMERIC_TABLE_DUMP,
SSI,2025,annual,financial_statement,https://www.ssi.com.vn/upload/files/IR/Reports/20250814_SSI_Bao_cao_tai_chinh_rieng_soat_xet_ban_nien_2025.pdf,https://www.ssi.com.vn/upload/files/IR/Reports/20250814_SSI_Bao_cao_tai_chinh_rieng_soat_xet_ban_nien_2025.pdf,data\raw\official_finance_documents\01ie\ssi_2025_financial_statement_513737d0cb20948e.pdf,513737d0cb20948ec679f05e8d3bcf8decb81dfb81b36aba42ccd05aa961ae65,50,0,0,0,0,0.0,0,0,0,1.0,REJECTED_PAGE,TEXT_TOO_SPARSE_FOR_NUMERIC_TABLE_DUMP,
SSI,2025,annual,financial_statement,https://www.ssi.com.vn/upload/files/IR/Reports/20250814_SSI_Bao_cao_tai_chinh_rieng_soat_xet_ban_nien_2025.pdf,https://www.ssi.com.vn/upload/files/IR/Reports/20250814_SSI_Bao_cao_tai_chinh_rieng_soat_xet_ban_nien_2025.pdf,data\raw\official_finance_documents\01ie\ssi_2025_financial_statement_513737d0cb20948e.pdf,513737d0cb20948ec679f05e8d3bcf8decb81dfb81b36aba42ccd05aa961ae65,51,0,0,0,0,0.0,0,0,0,1.0,REJECTED_PAGE,TEXT_TOO_SPARSE_FOR_NUMERIC_TABLE_DUMP,
SSI,2025,annual,financial_statement,https://www.ssi.com.vn/upload/files/IR/Reports/20250814_SSI_Bao_cao_tai_chinh_rieng_soat_xet_ban_nien_2025.pdf,https://www.ssi.com.vn/upload/files/IR/Reports/20250814_SSI_Bao_cao_tai_chinh_rieng_soat_xet_ban_nien_2025.pdf,data\raw\official_finance_documents\01ie\ssi_2025_financial_statement_513737d0cb20948e.pdf,513737d0cb20948ec679f05e8d3bcf8decb81dfb81b36aba42ccd05aa961ae65,52,0,0,0,0,0.0,0,0,0,1.0,REJECTED_PAGE,TEXT_TOO_SPARSE_FOR_NUMERIC_TABLE_DUMP,
SSI,2025,annual,financial_statement,https://www.ssi.com.vn/upload/files/IR/Reports/20250814_SSI_Bao_cao_tai_chinh_rieng_soat_xet_ban_nien_2025.pdf,https://www.ssi.com.vn/upload/files/IR/Reports/20250814_SSI_Bao_cao_tai_chinh_rieng_soat_xet_ban_nien_2025.pdf,data\raw\official_finance_documents\01ie\ssi_2025_financial_statement_513737d0cb20948e.pdf,513737d0cb20948ec679f05e8d3bcf8decb81dfb81b36aba42ccd05aa961ae65,53,0,0,0,0,0.0,0,0,0,1.0,REJECTED_PAGE,TEXT_TOO_SPARSE_FOR_NUMERIC_TABLE_DUMP,
SSI,2025,annual,financial_statement,https://www.ssi.com.vn/upload/files/IR/Reports/20250814_SSI_Bao_cao_tai_chinh_rieng_soat_xet_ban_nien_2025.pdf,https://www.ssi.com.vn/upload/files/IR/Reports/20250814_SSI_Bao_cao_tai_chinh_rieng_soat_xet_ban_nien_2025.pdf,data\raw\official_finance_documents\01ie\ssi_2025_financial_statement_513737d0cb20948e.pdf,513737d0cb20948ec679f05e8d3bcf8decb81dfb81b36aba42ccd05aa961ae65,54,0,0,0,0,0.0,0,0,0,1.0,REJECTED_PAGE,TEXT_TOO_SPARSE_FOR_NUMERIC_TABLE_DUMP,
SSI,2025,annual,financial_statement,https://www.ssi.com.vn/upload/files/IR/Reports/20250814_SSI_Bao_cao_tai_chinh_rieng_soat_xet_ban_nien_2025.pdf,https://www.ssi.com.vn/upload/files/IR/Reports/20250814_SSI_Bao_cao_tai_chinh_rieng_soat_xet_ban_nien_2025.pdf,data\raw\official_finance_documents\01ie\ssi_2025_financial_statement_513737d0cb20948e.pdf,513737d0cb20948ec679f05e8d3bcf8decb81dfb81b36aba42ccd05aa961ae65,55,0,0,0,0,0.0,0,0,0,1.0,REJECTED_PAGE,TEXT_TOO_SPARSE_FOR_NUMERIC_TABLE_DUMP,
SSI,2025,annual,financial_statement,https://www.ssi.com.vn/upload/files/IR/Reports/20250814_SSI_Bao_cao_tai_chinh_rieng_soat_xet_ban_nien_2025.pdf,https://www.ssi.com.vn/upload/files/IR/Reports/20250814_SSI_Bao_cao_tai_chinh_rieng_soat_xet_ban_nien_2025.pdf,data\raw\official_finance_documents\01ie\ssi_2025_financial_statement_513737d0cb20948e.pdf,513737d0cb20948ec679f05e8d3bcf8decb81dfb81b36aba42ccd05aa961ae65,56,0,0,0,0,0.0,0,0,0,1.0,REJECTED_PAGE,TEXT_TOO_SPARSE_FOR_NUMERIC_TABLE_DUMP,
SSI,2025,annual,financial_statement,https://www.ssi.com.vn/upload/files/IR/Reports/20250814_SSI_Bao_cao_tai_chinh_rieng_soat_xet_ban_nien_2025.pdf,https://www.ssi.com.vn/upload/files/IR/Reports/20250814_SSI_Bao_cao_tai_chinh_rieng_soat_xet_ban_nien_2025.pdf,data\raw\official_finance_documents\01ie\ssi_2025_financial_statement_513737d0cb20948e.pdf,513737d0cb20948ec679f05e8d3bcf8decb81dfb81b36aba42ccd05aa961ae65,57,0,0,0,0,0.0,0,0,0,1.0,REJECTED_PAGE,TEXT_TOO_SPARSE_FOR_NUMERIC_TABLE_DUMP,
SSI,2025,annual,financial_statement,https://www.ssi.com.vn/upload/files/IR/Reports/20250814_SSI_Bao_cao_tai_chinh_rieng_soat_xet_ban_nien_2025.pdf,https://www.ssi.com.vn/upload/files/IR/Reports/20250814_SSI_Bao_cao_tai_chinh_rieng_soat_xet_ban_nien_2025.pdf,data\raw\official_finance_documents\01ie\ssi_2025_financial_statement_513737d0cb20948e.pdf,513737d0cb20948ec679f05e8d3bcf8decb81dfb81b36aba42ccd05aa961ae65,58,0,0,0,0,0.0,0,0,0,1.0,REJECTED_PAGE,TEXT_TOO_SPARSE_FOR_NUMERIC_TABLE_DUMP,
SSI,2025,annual,financial_statement,https://www.ssi.com.vn/upload/files/IR/Reports/20250814_SSI_Bao_cao_tai_chinh_rieng_soat_xet_ban_nien_2025.pdf,https://www.ssi.com.vn/upload/files/IR/Reports/20250814_SSI_Bao_cao_tai_chinh_rieng_soat_xet_ban_nien_2025.pdf,data\raw\official_finance_documents\01ie\ssi_2025_financial_statement_513737d0cb20948e.pdf,513737d0cb20948ec679f05e8d3bcf8decb81dfb81b36aba42ccd05aa961ae65,59,0,0,0,0,0.0,0,0,0,1.0,REJECTED_PAGE,TEXT_TOO_SPARSE_FOR_NUMERIC_TABLE_DUMP,
SSI,2025,annual,financial_statement,https://www.ssi.com.vn/upload/files/IR/Reports/20250814_SSI_Bao_cao_tai_chinh_rieng_soat_xet_ban_nien_2025.pdf,https://www.ssi.com.vn/upload/files/IR/Reports/20250814_SSI_Bao_cao_tai_chinh_rieng_soat_xet_ban_nien_2025.pdf,data\raw\official_finance_documents\01ie\ssi_2025_financial_statement_513737d0cb20948e.pdf,513737d0cb20948ec679f05e8d3bcf8decb81dfb81b36aba42ccd05aa961ae65,60,0,0,0,0,0.0,0,0,0,1.0,REJECTED_PAGE,TEXT_TOO_SPARSE_FOR_NUMERIC_TABLE_DUMP,
SSI,2025,annual,financial_statement,https://www.ssi.com.vn/upload/files/IR/Reports/20250814_SSI_Bao_cao_tai_chinh_rieng_soat_xet_ban_nien_2025.pdf,https://www.ssi.com.vn/upload/files/IR/Reports/20250814_SSI_Bao_cao_tai_chinh_rieng_soat_xet_ban_nien_2025.pdf,data\raw\official_finance_documents\01ie\ssi_2025_financial_statement_513737d0cb20948e.pdf,513737d0cb20948ec679f05e8d3bcf8decb81dfb81b36aba42ccd05aa961ae65,61,0,0,0,0,0.0,0,0,0,1.0,REJECTED_PAGE,TEXT_TOO_SPARSE_FOR_NUMERIC_TABLE_DUMP,
SSI,2025,annual,financial_statement,https://www.ssi.com.vn/upload/files/IR/Reports/20250814_SSI_Bao_cao_tai_chinh_rieng_soat_xet_ban_nien_2025.pdf,https://www.ssi.com.vn/upload/files/IR/Reports/20250814_SSI_Bao_cao_tai_chinh_rieng_soat_xet_ban_nien_2025.pdf,data\raw\official_finance_documents\01ie\ssi_2025_financial_statement_513737d0cb20948e.pdf,513737d0cb20948ec679f05e8d3bcf8decb81dfb81b36aba42ccd05aa961ae65,62,0,0,0,0,0.0,0,0,0,1.0,REJECTED_PAGE,TEXT_TOO_SPARSE_FOR_NUMERIC_TABLE_DUMP,
SSI,2025,annual,financial_statement,https://www.ssi.com.vn/upload/files/IR/Reports/20250814_SSI_Bao_cao_tai_chinh_rieng_soat_xet_ban_nien_2025.pdf,https://www.ssi.com.vn/upload/files/IR/Reports/20250814_SSI_Bao_cao_tai_chinh_rieng_soat_xet_ban_nien_2025.pdf,data\raw\official_finance_documents\01ie\ssi_2025_financial_statement_513737d0cb20948e.pdf,513737d0cb20948ec679f05e8d3bcf8decb81dfb81b36aba42ccd05aa961ae65,63,0,0,0,0,0.0,0,0,0,1.0,REJECTED_PAGE,TEXT_TOO_SPARSE_FOR_NUMERIC_TABLE_DUMP,
SSI,2025,annual,financial_statement,https://www.ssi.com.vn/upload/files/IR/Reports/20250814_SSI_Bao_cao_tai_chinh_rieng_soat_xet_ban_nien_2025.pdf,https://www.ssi.com.vn/upload/files/IR/Reports/20250814_SSI_Bao_cao_tai_chinh_rieng_soat_xet_ban_nien_2025.pdf,data\raw\official_finance_documents\01ie\ssi_2025_financial_statement_513737d0cb20948e.pdf,513737d0cb20948ec679f05e8d3bcf8decb81dfb81b36aba42ccd05aa961ae65,64,0,0,0,0,0.0,0,0,0,1.0,REJECTED_PAGE,TEXT_TOO_SPARSE_FOR_NUMERIC_TABLE_DUMP,
SSI,2025,annual,financial_statement,https://www.ssi.com.vn/upload/files/IR/Reports/20250814_SSI_Bao_cao_tai_chinh_rieng_soat_xet_ban_nien_2025.pdf,https://www.ssi.com.vn/upload/files/IR/Reports/20250814_SSI_Bao_cao_tai_chinh_rieng_soat_xet_ban_nien_2025.pdf,data\raw\official_finance_documents\01ie\ssi_2025_financial_statement_513737d0cb20948e.pdf,513737d0cb20948ec679f05e8d3bcf8decb81dfb81b36aba42ccd05aa961ae65,65,0,0,0,0,0.0,0,0,0,1.0,REJECTED_PAGE,TEXT_TOO_SPARSE_FOR_NUMERIC_TABLE_DUMP,
SSI,2025,annual,financial_statement,https://www.ssi.com.vn/upload/files/IR/Reports/20250814_SSI_Bao_cao_tai_chinh_rieng_soat_xet_ban_nien_2025.pdf,https://www.ssi.com.vn/upload/files/IR/Reports/20250814_SSI_Bao_cao_tai_chinh_rieng_soat_xet_ban_nien_2025.pdf,data\raw\official_finance_documents\01ie\ssi_2025_financial_statement_513737d0cb20948e.pdf,513737d0cb20948ec679f05e8d3bcf8decb81dfb81b36aba42ccd05aa961ae65,66,0,0,0,0,0.0,0,0,0,1.0,REJECTED_PAGE,TEXT_TOO_SPARSE_FOR_NUMERIC_TABLE_DUMP,
SSI,2025,annual,financial_statement,https://www.ssi.com.vn/upload/files/IR/Reports/20250814_SSI_Bao_cao_tai_chinh_rieng_soat_xet_ban_nien_2025.pdf,https://www.ssi.com.vn/upload/files/IR/Reports/20250814_SSI_Bao_cao_tai_chinh_rieng_soat_xet_ban_nien_2025.pdf,data\raw\official_finance_documents\01ie\ssi_2025_financial_statement_513737d0cb20948e.pdf,513737d0cb20948ec679f05e8d3bcf8decb81dfb81b36aba42ccd05aa961ae65,67,0,0,0,0,0.0,0,0,0,1.0,REJECTED_PAGE,TEXT_TOO_SPARSE_FOR_NUMERIC_TABLE_DUMP,
SSI,2025,annual,financial_statement,https://www.ssi.com.vn/upload/files/IR/Reports/20250814_SSI_Bao_cao_tai_chinh_rieng_soat_xet_ban_nien_2025.pdf,https://www.ssi.com.vn/upload/files/IR/Reports/20250814_SSI_Bao_cao_tai_chinh_rieng_soat_xet_ban_nien_2025.pdf,data\raw\official_finance_documents\01ie\ssi_2025_financial_statement_513737d0cb20948e.pdf,513737d0cb20948ec679f05e8d3bcf8decb81dfb81b36aba42ccd05aa961ae65,68,0,0,0,0,0.0,0,0,0,1.0,REJECTED_PAGE,TEXT_TOO_SPARSE_FOR_NUMERIC_TABLE_DUMP,
SSI,2025,annual,financial_statement,https://www.ssi.com.vn/upload/files/IR/Reports/20250814_SSI_Bao_cao_tai_chinh_rieng_soat_xet_ban_nien_2025.pdf,https://www.ssi.com.vn/upload/files/IR/Reports/20250814_SSI_Bao_cao_tai_chinh_rieng_soat_xet_ban_nien_2025.pdf,data\raw\official_finance_documents\01ie\ssi_2025_financial_statement_513737d0cb20948e.pdf,513737d0cb20948ec679f05e8d3bcf8decb81dfb81b36aba42ccd05aa961ae65,69,0,0,0,0,0.0,0,0,0,1.0,REJECTED_PAGE,TEXT_TOO_SPARSE_FOR_NUMERIC_TABLE_DUMP,
SSI,2025,annual,financial_statement,https://www.ssi.com.vn/upload/files/IR/Reports/20250814_SSI_Bao_cao_tai_chinh_rieng_soat_xet_ban_nien_2025.pdf,https://www.ssi.com.vn/upload/files/IR/Reports/20250814_SSI_Bao_cao_tai_chinh_rieng_soat_xet_ban_nien_2025.pdf,data\raw\official_finance_documents\01ie\ssi_2025_financial_statement_513737d0cb20948e.pdf,513737d0cb20948ec679f05e8d3bcf8decb81dfb81b36aba42ccd05aa961ae65,70,0,0,0,0,0.0,0,0,0,1.0,REJECTED_PAGE,TEXT_TOO_SPARSE_FOR_NUMERIC_TABLE_DUMP,
SSI,2025,annual,financial_statement,https://www.ssi.com.vn/upload/files/IR/Reports/20250814_SSI_Bao_cao_tai_chinh_rieng_soat_xet_ban_nien_2025.pdf,https://www.ssi.com.vn/upload/files/IR/Reports/20250814_SSI_Bao_cao_tai_chinh_rieng_soat_xet_ban_nien_2025.pdf,data\raw\official_finance_documents\01ie\ssi_2025_financial_statement_513737d0cb20948e.pdf,513737d0cb20948ec679f05e8d3bcf8decb81dfb81b36aba42ccd05aa961ae65,71,0,0,0,0,0.0,0,0,0,1.0,REJECTED_PAGE,TEXT_TOO_SPARSE_FOR_NUMERIC_TABLE_DUMP,
SSI,2025,annual,financial_statement,https://www.ssi.com.vn/upload/files/IR/Reports/20250814_SSI_Bao_cao_tai_chinh_rieng_soat_xet_ban_nien_2025.pdf,https://www.ssi.com.vn/upload/files/IR/Reports/20250814_SSI_Bao_cao_tai_chinh_rieng_soat_xet_ban_nien_2025.pdf,data\raw\official_finance_documents\01ie\ssi_2025_financial_statement_513737d0cb20948e.pdf,513737d0cb20948ec679f05e8d3bcf8decb81dfb81b36aba42ccd05aa961ae65,72,0,0,0,0,0.0,0,0,0,1.0,REJECTED_PAGE,TEXT_TOO_SPARSE_FOR_NUMERIC_TABLE_DUMP,
SSI,2025,annual,financial_statement,https://www.ssi.com.vn/upload/files/IR/Reports/20250814_SSI_Bao_cao_tai_chinh_rieng_soat_xet_ban_nien_2025.pdf,https://www.ssi.com.vn/upload/files/IR/Reports/20250814_SSI_Bao_cao_tai_chinh_rieng_soat_xet_ban_nien_2025.pdf,data\raw\official_finance_documents\01ie\ssi_2025_financial_statement_513737d0cb20948e.pdf,513737d0cb20948ec679f05e8d3bcf8decb81dfb81b36aba42ccd05aa961ae65,73,0,0,0,0,0.0,0,0,0,1.0,REJECTED_PAGE,TEXT_TOO_SPARSE_FOR_NUMERIC_TABLE_DUMP,
SSI,2025,annual,financial_statement,https://www.ssi.com.vn/upload/files/IR/Reports/20250814_SSI_Bao_cao_tai_chinh_rieng_soat_xet_ban_nien_2025.pdf,https://www.ssi.com.vn/upload/files/IR/Reports/20250814_SSI_Bao_cao_tai_chinh_rieng_soat_xet_ban_nien_2025.pdf,data\raw\official_finance_documents\01ie\ssi_2025_financial_statement_513737d0cb20948e.pdf,513737d0cb20948ec679f05e8d3bcf8decb81dfb81b36aba42ccd05aa961ae65,74,0,0,0,0,0.0,0,0,0,1.0,REJECTED_PAGE,TEXT_TOO_SPARSE_FOR_NUMERIC_TABLE_DUMP,
SSI,2025,annual,financial_statement,https://www.ssi.com.vn/upload/files/IR/Reports/20250814_SSI_Bao_cao_tai_chinh_rieng_soat_xet_ban_nien_2025.pdf,https://www.ssi.com.vn/upload/files/IR/Reports/20250814_SSI_Bao_cao_tai_chinh_rieng_soat_xet_ban_nien_2025.pdf,data\raw\official_finance_documents\01ie\ssi_2025_financial_statement_513737d0cb20948e.pdf,513737d0cb20948ec679f05e8d3bcf8decb81dfb81b36aba42ccd05aa961ae65,75,0,0,0,0,0.0,0,0,0,1.0,REJECTED_PAGE,TEXT_TOO_SPARSE_FOR_NUMERIC_TABLE_DUMP,
SSI,2025,annual,financial_statement,https://www.ssi.com.vn/upload/files/IR/Reports/20250814_SSI_Bao_cao_tai_chinh_rieng_soat_xet_ban_nien_2025.pdf,https://www.ssi.com.vn/upload/files/IR/Reports/20250814_SSI_Bao_cao_tai_chinh_rieng_soat_xet_ban_nien_2025.pdf,data\raw\official_finance_documents\01ie\ssi_2025_financial_statement_513737d0cb20948e.pdf,513737d0cb20948ec679f05e8d3bcf8decb81dfb81b36aba42ccd05aa961ae65,76,0,0,0,0,0.0,0,0,0,1.0,REJECTED_PAGE,TEXT_TOO_SPARSE_FOR_NUMERIC_TABLE_DUMP,
SSI,2025,annual,financial_statement,https://www.ssi.com.vn/upload/files/IR/Reports/20250814_SSI_Bao_cao_tai_chinh_rieng_soat_xet_ban_nien_2025.pdf,https://www.ssi.com.vn/upload/files/IR/Reports/20250814_SSI_Bao_cao_tai_chinh_rieng_soat_xet_ban_nien_2025.pdf,data\raw\official_finance_documents\01ie\ssi_2025_financial_statement_513737d0cb20948e.pdf,513737d0cb20948ec679f05e8d3bcf8decb81dfb81b36aba42ccd05aa961ae65,77,0,0,0,0,0.0,0,0,0,1.0,REJECTED_PAGE,TEXT_TOO_SPARSE_FOR_NUMERIC_TABLE_DUMP,
SSI,2025,annual,financial_statement,https://www.ssi.com.vn/upload/files/IR/Reports/20250814_SSI_Bao_cao_tai_chinh_rieng_soat_xet_ban_nien_2025.pdf,https://www.ssi.com.vn/upload/files/IR/Reports/20250814_SSI_Bao_cao_tai_chinh_rieng_soat_xet_ban_nien_2025.pdf,data\raw\official_finance_documents\01ie\ssi_2025_financial_statement_513737d0cb20948e.pdf,513737d0cb20948ec679f05e8d3bcf8decb81dfb81b36aba42ccd05aa961ae65,78,0,0,0,0,0.0,0,0,0,1.0,REJECTED_PAGE,TEXT_TOO_SPARSE_FOR_NUMERIC_TABLE_DUMP,
SSI,2025,annual,financial_statement,https://www.ssi.com.vn/upload/files/IR/Reports/20250814_SSI_Bao_cao_tai_chinh_rieng_soat_xet_ban_nien_2025.pdf,https://www.ssi.com.vn/upload/files/IR/Reports/20250814_SSI_Bao_cao_tai_chinh_rieng_soat_xet_ban_nien_2025.pdf,data\raw\official_finance_documents\01ie\ssi_2025_financial_statement_513737d0cb20948e.pdf,513737d0cb20948ec679f05e8d3bcf8decb81dfb81b36aba42ccd05aa961ae65,79,0,0,0,0,0.0,0,0,0,1.0,REJECTED_PAGE,TEXT_TOO_SPARSE_FOR_NUMERIC_TABLE_DUMP,
SSI,2025,annual,financial_statement,https://www.ssi.com.vn/upload/files/IR/Reports/20250814_SSI_Bao_cao_tai_chinh_rieng_soat_xet_ban_nien_2025.pdf,https://www.ssi.com.vn/upload/files/IR/Reports/20250814_SSI_Bao_cao_tai_chinh_rieng_soat_xet_ban_nien_2025.pdf,data\raw\official_finance_documents\01ie\ssi_2025_financial_statement_513737d0cb20948e.pdf,513737d0cb20948ec679f05e8d3bcf8decb81dfb81b36aba42ccd05aa961ae65,80,0,0,0,0,0.0,0,0,0,1.0,REJECTED_PAGE,TEXT_TOO_SPARSE_FOR_NUMERIC_TABLE_DUMP,
SSI,2025,annual,financial_statement,https://www.ssi.com.vn/upload/files/IR/Reports/20250814_SSI_Bao_cao_tai_chinh_rieng_soat_xet_ban_nien_2025.pdf,https://www.ssi.com.vn/upload/files/IR/Reports/20250814_SSI_Bao_cao_tai_chinh_rieng_soat_xet_ban_nien_2025.pdf,data\raw\official_finance_documents\01ie\ssi_2025_financial_statement_513737d0cb20948e.pdf,513737d0cb20948ec679f05e8d3bcf8decb81dfb81b36aba42ccd05aa961ae65,81,0,0,0,0,0.0,0,0,0,1.0,REJECTED_PAGE,TEXT_TOO_SPARSE_FOR_NUMERIC_TABLE_DUMP,
SSI,2025,annual,financial_statement,https://www.ssi.com.vn/upload/files/IR/Reports/20250814_SSI_Bao_cao_tai_chinh_rieng_soat_xet_ban_nien_2025.pdf,https://www.ssi.com.vn/upload/files/IR/Reports/20250814_SSI_Bao_cao_tai_chinh_rieng_soat_xet_ban_nien_2025.pdf,data\raw\official_finance_documents\01ie\ssi_2025_financial_statement_513737d0cb20948e.pdf,513737d0cb20948ec679f05e8d3bcf8decb81dfb81b36aba42ccd05aa961ae65,82,0,0,0,0,0.0,0,0,0,1.0,REJECTED_PAGE,TEXT_TOO_SPARSE_FOR_NUMERIC_TABLE_DUMP,
SSI,2025,annual,financial_statement,https://www.ssi.com.vn/upload/files/IR/Reports/20250814_SSI_Bao_cao_tai_chinh_rieng_soat_xet_ban_nien_2025.pdf,https://www.ssi.com.vn/upload/files/IR/Reports/20250814_SSI_Bao_cao_tai_chinh_rieng_soat_xet_ban_nien_2025.pdf,data\raw\official_finance_documents\01ie\ssi_2025_financial_statement_513737d0cb20948e.pdf,513737d0cb20948ec679f05e8d3bcf8decb81dfb81b36aba42ccd05aa961ae65,83,0,0,0,0,0.0,0,0,0,1.0,REJECTED_PAGE,TEXT_TOO_SPARSE_FOR_NUMERIC_TABLE_DUMP,
SSI,2025,annual,financial_statement,https://www.ssi.com.vn/upload/files/IR/Reports/20250814_SSI_Bao_cao_tai_chinh_rieng_soat_xet_ban_nien_2025.pdf,https://www.ssi.com.vn/upload/files/IR/Reports/20250814_SSI_Bao_cao_tai_chinh_rieng_soat_xet_ban_nien_2025.pdf,data\raw\official_finance_documents\01ie\ssi_2025_financial_statement_513737d0cb20948e.pdf,513737d0cb20948ec679f05e8d3bcf8decb81dfb81b36aba42ccd05aa961ae65,84,0,0,0,0,0.0,0,0,0,1.0,REJECTED_PAGE,TEXT_TOO_SPARSE_FOR_NUMERIC_TABLE_DUMP,
SSI,2025,annual,financial_statement,https://www.ssi.com.vn/upload/files/IR/Reports/20250814_SSI_Bao_cao_tai_chinh_rieng_soat_xet_ban_nien_2025.pdf,https://www.ssi.com.vn/upload/files/IR/Reports/20250814_SSI_Bao_cao_tai_chinh_rieng_soat_xet_ban_nien_2025.pdf,data\raw\official_finance_documents\01ie\ssi_2025_financial_statement_513737d0cb20948e.pdf,513737d0cb20948ec679f05e8d3bcf8decb81dfb81b36aba42ccd05aa961ae65,85,0,0,0,0,0.0,0,0,0,1.0,REJECTED_PAGE,TEXT_TOO_SPARSE_FOR_NUMERIC_TABLE_DUMP,
SSI,2025,annual,financial_statement,https://www.ssi.com.vn/upload/files/IR/Reports/20250814_SSI_Bao_cao_tai_chinh_rieng_soat_xet_ban_nien_2025.pdf,https://www.ssi.com.vn/upload/files/IR/Reports/20250814_SSI_Bao_cao_tai_chinh_rieng_soat_xet_ban_nien_2025.pdf,data\raw\official_finance_documents\01ie\ssi_2025_financial_statement_513737d0cb20948e.pdf,513737d0cb20948ec679f05e8d3bcf8decb81dfb81b36aba42ccd05aa961ae65,86,0,0,0,0,0.0,0,0,0,1.0,REJECTED_PAGE,TEXT_TOO_SPARSE_FOR_NUMERIC_TABLE_DUMP,
SSI,2025,annual,financial_statement,https://www.ssi.com.vn/upload/files/IR/Reports/20250814_SSI_Bao_cao_tai_chinh_rieng_soat_xet_ban_nien_2025.pdf,https://www.ssi.com.vn/upload/files/IR/Reports/20250814_SSI_Bao_cao_tai_chinh_rieng_soat_xet_ban_nien_2025.pdf,data\raw\official_finance_documents\01ie\ssi_2025_financial_statement_513737d0cb20948e.pdf,513737d0cb20948ec679f05e8d3bcf8decb81dfb81b36aba42ccd05aa961ae65,87,0,0,0,0,0.0,0,0,0,1.0,REJECTED_PAGE,TEXT_TOO_SPARSE_FOR_NUMERIC_TABLE_DUMP,
SSI,2025,annual,financial_statement,https://www.ssi.com.vn/upload/files/IR/Reports/20250814_SSI_Bao_cao_tai_chinh_rieng_soat_xet_ban_nien_2025.pdf,https://www.ssi.com.vn/upload/files/IR/Reports/20250814_SSI_Bao_cao_tai_chinh_rieng_soat_xet_ban_nien_2025.pdf,data\raw\official_finance_documents\01ie\ssi_2025_financial_statement_513737d0cb20948e.pdf,513737d0cb20948ec679f05e8d3bcf8decb81dfb81b36aba42ccd05aa961ae65,88,0,0,0,0,0.0,0,0,0,1.0,REJECTED_PAGE,TEXT_TOO_SPARSE_FOR_NUMERIC_TABLE_DUMP,
SSI,2025,annual,financial_statement,https://www.ssi.com.vn/upload/files/IR/Reports/20250814_SSI_Bao_cao_tai_chinh_rieng_soat_xet_ban_nien_2025.pdf,https://www.ssi.com.vn/upload/files/IR/Reports/20250814_SSI_Bao_cao_tai_chinh_rieng_soat_xet_ban_nien_2025.pdf,data\raw\official_finance_documents\01ie\ssi_2025_financial_statement_513737d0cb20948e.pdf,513737d0cb20948ec679f05e8d3bcf8decb81dfb81b36aba42ccd05aa961ae65,89,0,0,0,0,0.0,0,0,0,1.0,REJECTED_PAGE,TEXT_TOO_SPARSE_FOR_NUMERIC_TABLE_DUMP,
SSI,2025,annual,financial_statement,https://www.ssi.com.vn/upload/files/IR/Reports/20250814_SSI_Bao_cao_tai_chinh_rieng_soat_xet_ban_nien_2025.pdf,https://www.ssi.com.vn/upload/files/IR/Reports/20250814_SSI_Bao_cao_tai_chinh_rieng_soat_xet_ban_nien_2025.pdf,data\raw\official_finance_documents\01ie\ssi_2025_financial_statement_513737d0cb20948e.pdf,513737d0cb20948ec679f05e8d3bcf8decb81dfb81b36aba42ccd05aa961ae65,90,0,0,0,0,0.0,0,0,0,1.0,REJECTED_PAGE,TEXT_TOO_SPARSE_FOR_NUMERIC_TABLE_DUMP,
SSI,2025,annual,financial_statement,https://www.ssi.com.vn/upload/files/IR/Reports/20250814_SSI_Bao_cao_tai_chinh_rieng_soat_xet_ban_nien_2025.pdf,https://www.ssi.com.vn/upload/files/IR/Reports/20250814_SSI_Bao_cao_tai_chinh_rieng_soat_xet_ban_nien_2025.pdf,data\raw\official_finance_documents\01ie\ssi_2025_financial_statement_513737d0cb20948e.pdf,513737d0cb20948ec679f05e8d3bcf8decb81dfb81b36aba42ccd05aa961ae65,91,0,0,0,0,0.0,0,0,0,1.0,REJECTED_PAGE,TEXT_TOO_SPARSE_FOR_NUMERIC_TABLE_DUMP,
SSI,2025,annual,financial_statement,https://www.ssi.com.vn/upload/files/IR/Reports/20250814_SSI_Bao_cao_tai_chinh_rieng_soat_xet_ban_nien_2025.pdf,https://www.ssi.com.vn/upload/files/IR/Reports/20250814_SSI_Bao_cao_tai_chinh_rieng_soat_xet_ban_nien_2025.pdf,data\raw\official_finance_documents\01ie\ssi_2025_financial_statement_513737d0cb20948e.pdf,513737d0cb20948ec679f05e8d3bcf8decb81dfb81b36aba42ccd05aa961ae65,92,0,0,0,0,0.0,0,0,0,1.0,REJECTED_PAGE,TEXT_TOO_SPARSE_FOR_NUMERIC_TABLE_DUMP,
SSI,2025,annual,financial_statement,https://www.ssi.com.vn/upload/files/IR/Reports/20250814_SSI_Bao_cao_tai_chinh_rieng_soat_xet_ban_nien_2025.pdf,https://www.ssi.com.vn/upload/files/IR/Reports/20250814_SSI_Bao_cao_tai_chinh_rieng_soat_xet_ban_nien_2025.pdf,data\raw\official_finance_documents\01ie\ssi_2025_financial_statement_513737d0cb20948e.pdf,513737d0cb20948ec679f05e8d3bcf8decb81dfb81b36aba42ccd05aa961ae65,93,0,0,0,0,0.0,0,0,0,1.0,REJECTED_PAGE,TEXT_TOO_SPARSE_FOR_NUMERIC_TABLE_DUMP,
SSI,2025,annual,financial_statement,https://www.ssi.com.vn/upload/files/IR/Reports/20250814_SSI_Bao_cao_tai_chinh_rieng_soat_xet_ban_nien_2025.pdf,https://www.ssi.com.vn/upload/files/IR/Reports/20250814_SSI_Bao_cao_tai_chinh_rieng_soat_xet_ban_nien_2025.pdf,data\raw\official_finance_documents\01ie\ssi_2025_financial_statement_513737d0cb20948e.pdf,513737d0cb20948ec679f05e8d3bcf8decb81dfb81b36aba42ccd05aa961ae65,94,0,0,0,0,0.0,0,0,0,1.0,REJECTED_PAGE,TEXT_TOO_SPARSE_FOR_NUMERIC_TABLE_DUMP,
