ticker,stage,document_priority,document_requirement,period_target,period_type_target,preferred_document_category,preferred_source_tier,max_files_allowed,required,manual_review_required,reason
VIX,stage_4_deep_dive_shortlist,P0_latest_consolidated_financial_statement,Latest consolidated financial statement if available.,latest_available,quarterly_or_semiannual,financial_statement,1_user_manual_seed_vietstock_category_page,1,True,True,EVIDENCE_SLOT_PLANNED_ONLY_NO_DOWNLOAD_FORCED
VIX,stage_4_deep_dive_shortlist,P1_latest_audited_annual_financial_statement,Latest audited annual financial statement if available.,latest_audited_annual,annual,financial_statement,1_user_manual_seed_vietstock_category_page,1,True,True,EVIDENCE_SLOT_PLANNED_ONLY_NO_DOWNLOAD_FORCED
VIX,stage_4_deep_dive_shortlist,P2_latest_annual_report,Latest annual report / BCTN if needed for business model evidence.,latest_annual,annual,annual_report,1_user_manual_seed_vietstock_category_page,1,True,True,EVIDENCE_SLOT_PLANNED_ONLY_NO_DOWNLOAD_FORCED
VIX,stage_4_deep_dive_shortlist,P3_same_period_previous_year_financial_statement,Same-period previous-year financial statement.,same_period_previous_year,matching_current_period,financial_statement,1_user_manual_seed_vietstock_category_page,1,True,True,EVIDENCE_SLOT_PLANNED_ONLY_NO_DOWNLOAD_FORCED
VIX,stage_4_deep_dive_shortlist,P4_three_year_audited_annual_statements,Three-year audited annual financial statements if available.,latest_three_audited_years,annual,financial_statement,1_user_manual_seed_vietstock_category_page,3,True,True,EVIDENCE_SLOT_PLANNED_ONLY_NO_DOWNLOAD_FORCED
VND,stage_4_deep_dive_shortlist,P0_latest_consolidated_financial_statement,Latest consolidated financial statement if available.,latest_available,quarterly_or_semiannual,financial_statement,1_user_manual_seed_vietstock_category_page,1,True,True,EVIDENCE_SLOT_PLANNED_ONLY_NO_DOWNLOAD_FORCED
VND,stage_4_deep_dive_shortlist,P1_latest_audited_annual_financial_statement,Latest audited annual financial statement if available.,latest_audited_annual,annual,financial_statement,1_user_manual_seed_vietstock_category_page,1,True,True,EVIDENCE_SLOT_PLANNED_ONLY_NO_DOWNLOAD_FORCED
VND,stage_4_deep_dive_shortlist,P2_latest_annual_report,Latest annual report / BCTN if needed for business model evidence.,latest_annual,annual,annual_report,1_user_manual_seed_vietstock_category_page,1,True,True,EVIDENCE_SLOT_PLANNED_ONLY_NO_DOWNLOAD_FORCED
VND,stage_4_deep_dive_shortlist,P3_same_period_previous_year_financial_statement,Same-period previous-year financial statement.,same_period_previous_year,matching_current_period,financial_statement,1_user_manual_seed_vietstock_category_page,1,True,True,EVIDENCE_SLOT_PLANNED_ONLY_NO_DOWNLOAD_FORCED
VND,stage_4_deep_dive_shortlist,P4_three_year_audited_annual_statements,Three-year audited annual financial statements if available.,latest_three_audited_years,annual,financial_statement,1_user_manual_seed_vietstock_category_page,3,True,True,EVIDENCE_SLOT_PLANNED_ONLY_NO_DOWNLOAD_FORCED
VSC,stage_4_deep_dive_shortlist,P0_latest_consolidated_financial_statement,Latest consolidated financial statement if available.,latest_available,quarterly_or_semiannual,financial_statement,1_user_manual_seed_vietstock_category_page,1,True,True,EVIDENCE_SLOT_PLANNED_ONLY_NO_DOWNLOAD_FORCED
VSC,stage_4_deep_dive_shortlist,P1_latest_audited_annual_financial_statement,Latest audited annual financial statement if available.,latest_audited_annual,annual,financial_statement,1_user_manual_seed_vietstock_category_page,1,True,True,EVIDENCE_SLOT_PLANNED_ONLY_NO_DOWNLOAD_FORCED
VSC,stage_4_deep_dive_shortlist,P2_latest_annual_report,Latest annual report / BCTN if needed for business model evidence.,latest_annual,annual,annual_report,1_user_manual_seed_vietstock_category_page,1,True,True,EVIDENCE_SLOT_PLANNED_ONLY_NO_DOWNLOAD_FORCED
VSC,stage_4_deep_dive_shortlist,P3_same_period_previous_year_financial_statement,Same-period previous-year financial statement.,same_period_previous_year,matching_current_period,financial_statement,1_user_manual_seed_vietstock_category_page,1,True,True,EVIDENCE_SLOT_PLANNED_ONLY_NO_DOWNLOAD_FORCED
VSC,stage_4_deep_dive_shortlist,P4_three_year_audited_annual_statements,Three-year audited annual financial statements if available.,latest_three_audited_years,annual,financial_statement,1_user_manual_seed_vietstock_category_page,3,True,True,EVIDENCE_SLOT_PLANNED_ONLY_NO_DOWNLOAD_FORCED
VGI,stage_4_deep_dive_shortlist,P0_latest_consolidated_financial_statement,Latest consolidated financial statement if available.,latest_available,quarterly_or_semiannual,financial_statement,1_user_manual_seed_vietstock_category_page,1,True,True,EVIDENCE_SLOT_PLANNED_ONLY_NO_DOWNLOAD_FORCED
VGI,stage_4_deep_dive_shortlist,P1_latest_audited_annual_financial_statement,Latest audited annual financial statement if available.,latest_audited_annual,annual,financial_statement,1_user_manual_seed_vietstock_category_page,1,True,True,EVIDENCE_SLOT_PLANNED_ONLY_NO_DOWNLOAD_FORCED
VGI,stage_4_deep_dive_shortlist,P2_latest_annual_report,Latest annual report / BCTN if needed for business model evidence.,latest_annual,annual,annual_report,1_user_manual_seed_vietstock_category_page,1,True,True,EVIDENCE_SLOT_PLANNED_ONLY_NO_DOWNLOAD_FORCED
VGI,stage_4_deep_dive_shortlist,P3_same_period_previous_year_financial_statement,Same-period previous-year financial statement.,same_period_previous_year,matching_current_period,financial_statement,1_user_manual_seed_vietstock_category_page,1,True,True,EVIDENCE_SLOT_PLANNED_ONLY_NO_DOWNLOAD_FORCED
VGI,stage_4_deep_dive_shortlist,P4_three_year_audited_annual_statements,Three-year audited annual financial statements if available.,latest_three_audited_years,annual,financial_statement,1_user_manual_seed_vietstock_category_page,3,True,True,EVIDENCE_SLOT_PLANNED_ONLY_NO_DOWNLOAD_FORCED
VCG,stage_4_deep_dive_shortlist,P0_latest_consolidated_financial_statement,Latest consolidated financial statement if available.,latest_available,quarterly_or_semiannual,financial_statement,1_user_manual_seed_vietstock_category_page,1,True,True,EVIDENCE_SLOT_PLANNED_ONLY_NO_DOWNLOAD_FORCED
VCG,stage_4_deep_dive_shortlist,P1_latest_audited_annual_financial_statement,Latest audited annual financial statement if available.,latest_audited_annual,annual,financial_statement,1_user_manual_seed_vietstock_category_page,1,True,True,EVIDENCE_SLOT_PLANNED_ONLY_NO_DOWNLOAD_FORCED
VCG,stage_4_deep_dive_shortlist,P2_latest_annual_report,Latest annual report / BCTN if needed for business model evidence.,latest_annual,annual,annual_report,1_user_manual_seed_vietstock_category_page,1,True,True,EVIDENCE_SLOT_PLANNED_ONLY_NO_DOWNLOAD_FORCED
VCG,stage_4_deep_dive_shortlist,P3_same_period_previous_year_financial_statement,Same-period previous-year financial statement.,same_period_previous_year,matching_current_period,financial_statement,1_user_manual_seed_vietstock_category_page,1,True,True,EVIDENCE_SLOT_PLANNED_ONLY_NO_DOWNLOAD_FORCED
VCG,stage_4_deep_dive_shortlist,P4_three_year_audited_annual_statements,Three-year audited annual financial statements if available.,latest_three_audited_years,annual,financial_statement,1_user_manual_seed_vietstock_category_page,3,True,True,EVIDENCE_SLOT_PLANNED_ONLY_NO_DOWNLOAD_FORCED
VNM,stage_4_deep_dive_shortlist,P0_latest_consolidated_financial_statement,Latest consolidated financial statement if available.,latest_available,quarterly_or_semiannual,financial_statement,1_user_manual_seed_vietstock_category_page,1,True,True,EVIDENCE_SLOT_PLANNED_ONLY_NO_DOWNLOAD_FORCED
VNM,stage_4_deep_dive_shortlist,P1_latest_audited_annual_financial_statement,Latest audited annual financial statement if available.,latest_audited_annual,annual,financial_statement,1_user_manual_seed_vietstock_category_page,1,True,True,EVIDENCE_SLOT_PLANNED_ONLY_NO_DOWNLOAD_FORCED
VNM,stage_4_deep_dive_shortlist,P2_latest_annual_report,Latest annual report / BCTN if needed for business model evidence.,latest_annual,annual,annual_report,1_user_manual_seed_vietstock_category_page,1,True,True,EVIDENCE_SLOT_PLANNED_ONLY_NO_DOWNLOAD_FORCED
VNM,stage_4_deep_dive_shortlist,P3_same_period_previous_year_financial_statement,Same-period previous-year financial statement.,same_period_previous_year,matching_current_period,financial_statement,1_user_manual_seed_vietstock_category_page,1,True,True,EVIDENCE_SLOT_PLANNED_ONLY_NO_DOWNLOAD_FORCED
VNM,stage_4_deep_dive_shortlist,P4_three_year_audited_annual_statements,Three-year audited annual financial statements if available.,latest_three_audited_years,annual,financial_statement,1_user_manual_seed_vietstock_category_page,3,True,True,EVIDENCE_SLOT_PLANNED_ONLY_NO_DOWNLOAD_FORCED
TVN,stage_4_deep_dive_shortlist,P0_latest_consolidated_financial_statement,Latest consolidated financial statement if available.,latest_available,quarterly_or_semiannual,financial_statement,1_user_manual_seed_vietstock_category_page,1,True,True,EVIDENCE_SLOT_PLANNED_ONLY_NO_DOWNLOAD_FORCED
TVN,stage_4_deep_dive_shortlist,P1_latest_audited_annual_financial_statement,Latest audited annual financial statement if available.,latest_audited_annual,annual,financial_statement,1_user_manual_seed_vietstock_category_page,1,True,True,EVIDENCE_SLOT_PLANNED_ONLY_NO_DOWNLOAD_FORCED
TVN,stage_4_deep_dive_shortlist,P2_latest_annual_report,Latest annual report / BCTN if needed for business model evidence.,latest_annual,annual,annual_report,1_user_manual_seed_vietstock_category_page,1,True,True,EVIDENCE_SLOT_PLANNED_ONLY_NO_DOWNLOAD_FORCED
TVN,stage_4_deep_dive_shortlist,P3_same_period_previous_year_financial_statement,Same-period previous-year financial statement.,same_period_previous_year,matching_current_period,financial_statement,1_user_manual_seed_vietstock_category_page,1,True,True,EVIDENCE_SLOT_PLANNED_ONLY_NO_DOWNLOAD_FORCED
TVN,stage_4_deep_dive_shortlist,P4_three_year_audited_annual_statements,Three-year audited annual financial statements if available.,latest_three_audited_years,annual,financial_statement,1_user_manual_seed_vietstock_category_page,3,True,True,EVIDENCE_SLOT_PLANNED_ONLY_NO_DOWNLOAD_FORCED
VJC,stage_4_deep_dive_shortlist,P0_latest_consolidated_financial_statement,Latest consolidated financial statement if available.,latest_available,quarterly_or_semiannual,financial_statement,1_user_manual_seed_vietstock_category_page,1,True,True,EVIDENCE_SLOT_PLANNED_ONLY_NO_DOWNLOAD_FORCED
VJC,stage_4_deep_dive_shortlist,P1_latest_audited_annual_financial_statement,Latest audited annual financial statement if available.,latest_audited_annual,annual,financial_statement,1_user_manual_seed_vietstock_category_page,1,True,True,EVIDENCE_SLOT_PLANNED_ONLY_NO_DOWNLOAD_FORCED
VJC,stage_4_deep_dive_shortlist,P2_latest_annual_report,Latest annual report / BCTN if needed for business model evidence.,latest_annual,annual,annual_report,1_user_manual_seed_vietstock_category_page,1,True,True,EVIDENCE_SLOT_PLANNED_ONLY_NO_DOWNLOAD_FORCED
VJC,stage_4_deep_dive_shortlist,P3_same_period_previous_year_financial_statement,Same-period previous-year financial statement.,same_period_previous_year,matching_current_period,financial_statement,1_user_manual_seed_vietstock_category_page,1,True,True,EVIDENCE_SLOT_PLANNED_ONLY_NO_DOWNLOAD_FORCED
VJC,stage_4_deep_dive_shortlist,P4_three_year_audited_annual_statements,Three-year audited annual financial statements if available.,latest_three_audited_years,annual,financial_statement,1_user_manual_seed_vietstock_category_page,3,True,True,EVIDENCE_SLOT_PLANNED_ONLY_NO_DOWNLOAD_FORCED
VTZ,stage_4_deep_dive_shortlist,P0_latest_consolidated_financial_statement,Latest consolidated financial statement if available.,latest_available,quarterly_or_semiannual,financial_statement,1_user_manual_seed_vietstock_category_page,1,True,True,EVIDENCE_SLOT_PLANNED_ONLY_NO_DOWNLOAD_FORCED
VTZ,stage_4_deep_dive_shortlist,P1_latest_audited_annual_financial_statement,Latest audited annual financial statement if available.,latest_audited_annual,annual,financial_statement,1_user_manual_seed_vietstock_category_page,1,True,True,EVIDENCE_SLOT_PLANNED_ONLY_NO_DOWNLOAD_FORCED
VTZ,stage_4_deep_dive_shortlist,P2_latest_annual_report,Latest annual report / BCTN if needed for business model evidence.,latest_annual,annual,annual_report,1_user_manual_seed_vietstock_category_page,1,True,True,EVIDENCE_SLOT_PLANNED_ONLY_NO_DOWNLOAD_FORCED
VTZ,stage_4_deep_dive_shortlist,P3_same_period_previous_year_financial_statement,Same-period previous-year financial statement.,same_period_previous_year,matching_current_period,financial_statement,1_user_manual_seed_vietstock_category_page,1,True,True,EVIDENCE_SLOT_PLANNED_ONLY_NO_DOWNLOAD_FORCED
VTZ,stage_4_deep_dive_shortlist,P4_three_year_audited_annual_statements,Three-year audited annual financial statements if available.,latest_three_audited_years,annual,financial_statement,1_user_manual_seed_vietstock_category_page,3,True,True,EVIDENCE_SLOT_PLANNED_ONLY_NO_DOWNLOAD_FORCED
YEG,stage_4_deep_dive_shortlist,P0_latest_consolidated_financial_statement,Latest consolidated financial statement if available.,latest_available,quarterly_or_semiannual,financial_statement,1_user_manual_seed_vietstock_category_page,1,True,True,EVIDENCE_SLOT_PLANNED_ONLY_NO_DOWNLOAD_FORCED
YEG,stage_4_deep_dive_shortlist,P1_latest_audited_annual_financial_statement,Latest audited annual financial statement if available.,latest_audited_annual,annual,financial_statement,1_user_manual_seed_vietstock_category_page,1,True,True,EVIDENCE_SLOT_PLANNED_ONLY_NO_DOWNLOAD_FORCED
YEG,stage_4_deep_dive_shortlist,P2_latest_annual_report,Latest annual report / BCTN if needed for business model evidence.,latest_annual,annual,annual_report,1_user_manual_seed_vietstock_category_page,1,True,True,EVIDENCE_SLOT_PLANNED_ONLY_NO_DOWNLOAD_FORCED
YEG,stage_4_deep_dive_shortlist,P3_same_period_previous_year_financial_statement,Same-period previous-year financial statement.,same_period_previous_year,matching_current_period,financial_statement,1_user_manual_seed_vietstock_category_page,1,True,True,EVIDENCE_SLOT_PLANNED_ONLY_NO_DOWNLOAD_FORCED
YEG,stage_4_deep_dive_shortlist,P4_three_year_audited_annual_statements,Three-year audited annual financial statements if available.,latest_three_audited_years,annual,financial_statement,1_user_manual_seed_vietstock_category_page,3,True,True,EVIDENCE_SLOT_PLANNED_ONLY_NO_DOWNLOAD_FORCED
VCI,stage_3_final_watchlist,P0_latest_consolidated_financial_statement,Latest consolidated financial statement if available.,latest_available,quarterly_or_semiannual,financial_statement,1_user_manual_seed_vietstock_category_page,1,True,True,EVIDENCE_SLOT_PLANNED_ONLY_NO_DOWNLOAD_FORCED
VCI,stage_3_final_watchlist,P1_latest_audited_annual_financial_statement,Latest audited annual financial statement if available.,latest_audited_annual,annual,financial_statement,1_user_manual_seed_vietstock_category_page,1,True,True,EVIDENCE_SLOT_PLANNED_ONLY_NO_DOWNLOAD_FORCED
VCI,stage_3_final_watchlist,P2_latest_annual_report,Latest annual report / BCTN if needed for business model evidence.,latest_annual,annual,annual_report,1_user_manual_seed_vietstock_category_page,1,True,True,EVIDENCE_SLOT_PLANNED_ONLY_NO_DOWNLOAD_FORCED
VFS,stage_3_final_watchlist,P0_latest_consolidated_financial_statement,Latest consolidated financial statement if available.,latest_available,quarterly_or_semiannual,financial_statement,1_user_manual_seed_vietstock_category_page,1,True,True,EVIDENCE_SLOT_PLANNED_ONLY_NO_DOWNLOAD_FORCED
VFS,stage_3_final_watchlist,P1_latest_audited_annual_financial_statement,Latest audited annual financial statement if available.,latest_audited_annual,annual,financial_statement,1_user_manual_seed_vietstock_category_page,1,True,True,EVIDENCE_SLOT_PLANNED_ONLY_NO_DOWNLOAD_FORCED
VFS,stage_3_final_watchlist,P2_latest_annual_report,Latest annual report / BCTN if needed for business model evidence.,latest_annual,annual,annual_report,1_user_manual_seed_vietstock_category_page,1,True,True,EVIDENCE_SLOT_PLANNED_ONLY_NO_DOWNLOAD_FORCED
VDS,stage_3_final_watchlist,P0_latest_consolidated_financial_statement,Latest consolidated financial statement if available.,latest_available,quarterly_or_semiannual,financial_statement,1_user_manual_seed_vietstock_category_page,1,True,True,EVIDENCE_SLOT_PLANNED_ONLY_NO_DOWNLOAD_FORCED
VDS,stage_3_final_watchlist,P1_latest_audited_annual_financial_statement,Latest audited annual financial statement if available.,latest_audited_annual,annual,financial_statement,1_user_manual_seed_vietstock_category_page,1,True,True,EVIDENCE_SLOT_PLANNED_ONLY_NO_DOWNLOAD_FORCED
VDS,stage_3_final_watchlist,P2_latest_annual_report,Latest annual report / BCTN if needed for business model evidence.,latest_annual,annual,annual_report,1_user_manual_seed_vietstock_category_page,1,True,True,EVIDENCE_SLOT_PLANNED_ONLY_NO_DOWNLOAD_FORCED
VIG,stage_3_final_watchlist,P0_latest_consolidated_financial_statement,Latest consolidated financial statement if available.,latest_available,quarterly_or_semiannual,financial_statement,1_user_manual_seed_vietstock_category_page,1,True,True,EVIDENCE_SLOT_PLANNED_ONLY_NO_DOWNLOAD_FORCED
VIG,stage_3_final_watchlist,P1_latest_audited_annual_financial_statement,Latest audited annual financial statement if available.,latest_audited_annual,annual,financial_statement,1_user_manual_seed_vietstock_category_page,1,True,True,EVIDENCE_SLOT_PLANNED_ONLY_NO_DOWNLOAD_FORCED
VIG,stage_3_final_watchlist,P2_latest_annual_report,Latest annual report / BCTN if needed for business model evidence.,latest_annual,annual,annual_report,1_user_manual_seed_vietstock_category_page,1,True,True,EVIDENCE_SLOT_PLANNED_ONLY_NO_DOWNLOAD_FORCED
TVS,stage_3_final_watchlist,P0_latest_consolidated_financial_statement,Latest consolidated financial statement if available.,latest_available,quarterly_or_semiannual,financial_statement,1_user_manual_seed_vietstock_category_page,1,True,True,EVIDENCE_SLOT_PLANNED_ONLY_NO_DOWNLOAD_FORCED
TVS,stage_3_final_watchlist,P1_latest_audited_annual_financial_statement,Latest audited annual financial statement if available.,latest_audited_annual,annual,financial_statement,1_user_manual_seed_vietstock_category_page,1,True,True,EVIDENCE_SLOT_PLANNED_ONLY_NO_DOWNLOAD_FORCED
TVS,stage_3_final_watchlist,P2_latest_annual_report,Latest annual report / BCTN if needed for business model evidence.,latest_annual,annual,annual_report,1_user_manual_seed_vietstock_category_page,1,True,True,EVIDENCE_SLOT_PLANNED_ONLY_NO_DOWNLOAD_FORCED
VRE,stage_3_final_watchlist,P0_latest_consolidated_financial_statement,Latest consolidated financial statement if available.,latest_available,quarterly_or_semiannual,financial_statement,1_user_manual_seed_vietstock_category_page,1,True,True,EVIDENCE_SLOT_PLANNED_ONLY_NO_DOWNLOAD_FORCED
VRE,stage_3_final_watchlist,P1_latest_audited_annual_financial_statement,Latest audited annual financial statement if available.,latest_audited_annual,annual,financial_statement,1_user_manual_seed_vietstock_category_page,1,True,True,EVIDENCE_SLOT_PLANNED_ONLY_NO_DOWNLOAD_FORCED
VRE,stage_3_final_watchlist,P2_latest_annual_report,Latest annual report / BCTN if needed for business model evidence.,latest_annual,annual,annual_report,1_user_manual_seed_vietstock_category_page,1,True,True,EVIDENCE_SLOT_PLANNED_ONLY_NO_DOWNLOAD_FORCED
VNE,stage_3_final_watchlist,P0_latest_consolidated_financial_statement,Latest consolidated financial statement if available.,latest_available,quarterly_or_semiannual,financial_statement,1_user_manual_seed_vietstock_category_page,1,True,True,EVIDENCE_SLOT_PLANNED_ONLY_NO_DOWNLOAD_FORCED
VNE,stage_3_final_watchlist,P1_latest_audited_annual_financial_statement,Latest audited annual financial statement if available.,latest_audited_annual,annual,financial_statement,1_user_manual_seed_vietstock_category_page,1,True,True,EVIDENCE_SLOT_PLANNED_ONLY_NO_DOWNLOAD_FORCED
VNE,stage_3_final_watchlist,P2_latest_annual_report,Latest annual report / BCTN if needed for business model evidence.,latest_annual,annual,annual_report,1_user_manual_seed_vietstock_category_page,1,True,True,EVIDENCE_SLOT_PLANNED_ONLY_NO_DOWNLOAD_FORCED
VOS,stage_3_final_watchlist,P0_latest_consolidated_financial_statement,Latest consolidated financial statement if available.,latest_available,quarterly_or_semiannual,financial_statement,1_user_manual_seed_vietstock_category_page,1,True,True,EVIDENCE_SLOT_PLANNED_ONLY_NO_DOWNLOAD_FORCED
VOS,stage_3_final_watchlist,P1_latest_audited_annual_financial_statement,Latest audited annual financial statement if available.,latest_audited_annual,annual,financial_statement,1_user_manual_seed_vietstock_category_page,1,True,True,EVIDENCE_SLOT_PLANNED_ONLY_NO_DOWNLOAD_FORCED
VOS,stage_3_final_watchlist,P2_latest_annual_report,Latest annual report / BCTN if needed for business model evidence.,latest_annual,annual,annual_report,1_user_manual_seed_vietstock_category_page,1,True,True,EVIDENCE_SLOT_PLANNED_ONLY_NO_DOWNLOAD_FORCED
VTP,stage_3_final_watchlist,P0_latest_consolidated_financial_statement,Latest consolidated financial statement if available.,latest_available,quarterly_or_semiannual,financial_statement,1_user_manual_seed_vietstock_category_page,1,True,True,EVIDENCE_SLOT_PLANNED_ONLY_NO_DOWNLOAD_FORCED
VTP,stage_3_final_watchlist,P1_latest_audited_annual_financial_statement,Latest audited annual financial statement if available.,latest_audited_annual,annual,financial_statement,1_user_manual_seed_vietstock_category_page,1,True,True,EVIDENCE_SLOT_PLANNED_ONLY_NO_DOWNLOAD_FORCED
VTP,stage_3_final_watchlist,P2_latest_annual_report,Latest annual report / BCTN if needed for business model evidence.,latest_annual,annual,annual_report,1_user_manual_seed_vietstock_category_page,1,True,True,EVIDENCE_SLOT_PLANNED_ONLY_NO_DOWNLOAD_FORCED
TLH,stage_3_final_watchlist,P0_latest_consolidated_financial_statement,Latest consolidated financial statement if available.,latest_available,quarterly_or_semiannual,financial_statement,1_user_manual_seed_vietstock_category_page,1,True,True,EVIDENCE_SLOT_PLANNED_ONLY_NO_DOWNLOAD_FORCED
TLH,stage_3_final_watchlist,P1_latest_audited_annual_financial_statement,Latest audited annual financial statement if available.,latest_audited_annual,annual,financial_statement,1_user_manual_seed_vietstock_category_page,1,True,True,EVIDENCE_SLOT_PLANNED_ONLY_NO_DOWNLOAD_FORCED
TLH,stage_3_final_watchlist,P2_latest_annual_report,Latest annual report / BCTN if needed for business model evidence.,latest_annual,annual,annual_report,1_user_manual_seed_vietstock_category_page,1,True,True,EVIDENCE_SLOT_PLANNED_ONLY_NO_DOWNLOAD_FORCED
TTF,stage_3_final_watchlist,P0_latest_consolidated_financial_statement,Latest consolidated financial statement if available.,latest_available,quarterly_or_semiannual,financial_statement,1_user_manual_seed_vietstock_category_page,1,True,True,EVIDENCE_SLOT_PLANNED_ONLY_NO_DOWNLOAD_FORCED
TTF,stage_3_final_watchlist,P1_latest_audited_annual_financial_statement,Latest audited annual financial statement if available.,latest_audited_annual,annual,financial_statement,1_user_manual_seed_vietstock_category_page,1,True,True,EVIDENCE_SLOT_PLANNED_ONLY_NO_DOWNLOAD_FORCED
TTF,stage_3_final_watchlist,P2_latest_annual_report,Latest annual report / BCTN if needed for business model evidence.,latest_annual,annual,annual_report,1_user_manual_seed_vietstock_category_page,1,True,True,EVIDENCE_SLOT_PLANNED_ONLY_NO_DOWNLOAD_FORCED
VGC,stage_3_final_watchlist,P0_latest_consolidated_financial_statement,Latest consolidated financial statement if available.,latest_available,quarterly_or_semiannual,financial_statement,1_user_manual_seed_vietstock_category_page,1,True,True,EVIDENCE_SLOT_PLANNED_ONLY_NO_DOWNLOAD_FORCED
VGC,stage_3_final_watchlist,P1_latest_audited_annual_financial_statement,Latest audited annual financial statement if available.,latest_audited_annual,annual,financial_statement,1_user_manual_seed_vietstock_category_page,1,True,True,EVIDENCE_SLOT_PLANNED_ONLY_NO_DOWNLOAD_FORCED
VGC,stage_3_final_watchlist,P2_latest_annual_report,Latest annual report / BCTN if needed for business model evidence.,latest_annual,annual,annual_report,1_user_manual_seed_vietstock_category_page,1,True,True,EVIDENCE_SLOT_PLANNED_ONLY_NO_DOWNLOAD_FORCED
TNG,stage_3_final_watchlist,P0_latest_consolidated_financial_statement,Latest consolidated financial statement if available.,latest_available,quarterly_or_semiannual,financial_statement,1_user_manual_seed_vietstock_category_page,1,True,True,EVIDENCE_SLOT_PLANNED_ONLY_NO_DOWNLOAD_FORCED
TNG,stage_3_final_watchlist,P1_latest_audited_annual_financial_statement,Latest audited annual financial statement if available.,latest_audited_annual,annual,financial_statement,1_user_manual_seed_vietstock_category_page,1,True,True,EVIDENCE_SLOT_PLANNED_ONLY_NO_DOWNLOAD_FORCED
TNG,stage_3_final_watchlist,P2_latest_annual_report,Latest annual report / BCTN if needed for business model evidence.,latest_annual,annual,annual_report,1_user_manual_seed_vietstock_category_page,1,True,True,EVIDENCE_SLOT_PLANNED_ONLY_NO_DOWNLOAD_FORCED
VHC,stage_3_final_watchlist,P0_latest_consolidated_financial_statement,Latest consolidated financial statement if available.,latest_available,quarterly_or_semiannual,financial_statement,1_user_manual_seed_vietstock_category_page,1,True,True,EVIDENCE_SLOT_PLANNED_ONLY_NO_DOWNLOAD_FORCED
VHC,stage_3_final_watchlist,P1_latest_audited_annual_financial_statement,Latest audited annual financial statement if available.,latest_audited_annual,annual,financial_statement,1_user_manual_seed_vietstock_category_page,1,True,True,EVIDENCE_SLOT_PLANNED_ONLY_NO_DOWNLOAD_FORCED
VHC,stage_3_final_watchlist,P2_latest_annual_report,Latest annual report / BCTN if needed for business model evidence.,latest_annual,annual,annual_report,1_user_manual_seed_vietstock_category_page,1,True,True,EVIDENCE_SLOT_PLANNED_ONLY_NO_DOWNLOAD_FORCED
VGT,stage_3_final_watchlist,P0_latest_consolidated_financial_statement,Latest consolidated financial statement if available.,latest_available,quarterly_or_semiannual,financial_statement,1_user_manual_seed_vietstock_category_page,1,True,True,EVIDENCE_SLOT_PLANNED_ONLY_NO_DOWNLOAD_FORCED
VGT,stage_3_final_watchlist,P1_latest_audited_annual_financial_statement,Latest audited annual financial statement if available.,latest_audited_annual,annual,financial_statement,1_user_manual_seed_vietstock_category_page,1,True,True,EVIDENCE_SLOT_PLANNED_ONLY_NO_DOWNLOAD_FORCED
VGT,stage_3_final_watchlist,P2_latest_annual_report,Latest annual report / BCTN if needed for business model evidence.,latest_annual,annual,annual_report,1_user_manual_seed_vietstock_category_page,1,True,True,EVIDENCE_SLOT_PLANNED_ONLY_NO_DOWNLOAD_FORCED
VEA,stage_3_final_watchlist,P0_latest_consolidated_financial_statement,Latest consolidated financial statement if available.,latest_available,quarterly_or_semiannual,financial_statement,1_user_manual_seed_vietstock_category_page,1,True,True,EVIDENCE_SLOT_PLANNED_ONLY_NO_DOWNLOAD_FORCED
VEA,stage_3_final_watchlist,P1_latest_audited_annual_financial_statement,Latest audited annual financial statement if available.,latest_audited_annual,annual,financial_statement,1_user_manual_seed_vietstock_category_page,1,True,True,EVIDENCE_SLOT_PLANNED_ONLY_NO_DOWNLOAD_FORCED
VEA,stage_3_final_watchlist,P2_latest_annual_report,Latest annual report / BCTN if needed for business model evidence.,latest_annual,annual,annual_report,1_user_manual_seed_vietstock_category_page,1,True,True,EVIDENCE_SLOT_PLANNED_ONLY_NO_DOWNLOAD_FORCED
TV2,stage_3_final_watchlist,P0_latest_consolidated_financial_statement,Latest consolidated financial statement if available.,latest_available,quarterly_or_semiannual,financial_statement,1_user_manual_seed_vietstock_category_page,1,True,True,EVIDENCE_SLOT_PLANNED_ONLY_NO_DOWNLOAD_FORCED
TV2,stage_3_final_watchlist,P1_latest_audited_annual_financial_statement,Latest audited annual financial statement if available.,latest_audited_annual,annual,financial_statement,1_user_manual_seed_vietstock_category_page,1,True,True,EVIDENCE_SLOT_PLANNED_ONLY_NO_DOWNLOAD_FORCED
TV2,stage_3_final_watchlist,P2_latest_annual_report,Latest annual report / BCTN if needed for business model evidence.,latest_annual,annual,annual_report,1_user_manual_seed_vietstock_category_page,1,True,True,EVIDENCE_SLOT_PLANNED_ONLY_NO_DOWNLOAD_FORCED
VPG,stage_3_final_watchlist,P0_latest_consolidated_financial_statement,Latest consolidated financial statement if available.,latest_available,quarterly_or_semiannual,financial_statement,1_user_manual_seed_vietstock_category_page,1,True,True,EVIDENCE_SLOT_PLANNED_ONLY_NO_DOWNLOAD_FORCED
VPG,stage_3_final_watchlist,P1_latest_audited_annual_financial_statement,Latest audited annual financial statement if available.,latest_audited_annual,annual,financial_statement,1_user_manual_seed_vietstock_category_page,1,True,True,EVIDENCE_SLOT_PLANNED_ONLY_NO_DOWNLOAD_FORCED
VPG,stage_3_final_watchlist,P2_latest_annual_report,Latest annual report / BCTN if needed for business model evidence.,latest_annual,annual,annual_report,1_user_manual_seed_vietstock_category_page,1,True,True,EVIDENCE_SLOT_PLANNED_ONLY_NO_DOWNLOAD_FORCED
TTA,stage_3_final_watchlist,P0_latest_consolidated_financial_statement,Latest consolidated financial statement if available.,latest_available,quarterly_or_semiannual,financial_statement,1_user_manual_seed_vietstock_category_page,1,True,True,EVIDENCE_SLOT_PLANNED_ONLY_NO_DOWNLOAD_FORCED
TTA,stage_3_final_watchlist,P1_latest_audited_annual_financial_statement,Latest audited annual financial statement if available.,latest_audited_annual,annual,financial_statement,1_user_manual_seed_vietstock_category_page,1,True,True,EVIDENCE_SLOT_PLANNED_ONLY_NO_DOWNLOAD_FORCED
TTA,stage_3_final_watchlist,P2_latest_annual_report,Latest annual report / BCTN if needed for business model evidence.,latest_annual,annual,annual_report,1_user_manual_seed_vietstock_category_page,1,True,True,EVIDENCE_SLOT_PLANNED_ONLY_NO_DOWNLOAD_FORCED
VGS,stage_3_final_watchlist,P0_latest_consolidated_financial_statement,Latest consolidated financial statement if available.,latest_available,quarterly_or_semiannual,financial_statement,1_user_manual_seed_vietstock_category_page,1,True,True,EVIDENCE_SLOT_PLANNED_ONLY_NO_DOWNLOAD_FORCED
VGS,stage_3_final_watchlist,P1_latest_audited_annual_financial_statement,Latest audited annual financial statement if available.,latest_audited_annual,annual,financial_statement,1_user_manual_seed_vietstock_category_page,1,True,True,EVIDENCE_SLOT_PLANNED_ONLY_NO_DOWNLOAD_FORCED
VGS,stage_3_final_watchlist,P2_latest_annual_report,Latest annual report / BCTN if needed for business model evidence.,latest_annual,annual,annual_report,1_user_manual_seed_vietstock_category_page,1,True,True,EVIDENCE_SLOT_PLANNED_ONLY_NO_DOWNLOAD_FORCED
VTD,stage_3_final_watchlist,P0_latest_consolidated_financial_statement,Latest consolidated financial statement if available.,latest_available,quarterly_or_semiannual,financial_statement,1_user_manual_seed_vietstock_category_page,1,True,True,EVIDENCE_SLOT_PLANNED_ONLY_NO_DOWNLOAD_FORCED
VTD,stage_3_final_watchlist,P1_latest_audited_annual_financial_statement,Latest audited annual financial statement if available.,latest_audited_annual,annual,financial_statement,1_user_manual_seed_vietstock_category_page,1,True,True,EVIDENCE_SLOT_PLANNED_ONLY_NO_DOWNLOAD_FORCED
VTD,stage_3_final_watchlist,P2_latest_annual_report,Latest annual report / BCTN if needed for business model evidence.,latest_annual,annual,annual_report,1_user_manual_seed_vietstock_category_page,1,True,True,EVIDENCE_SLOT_PLANNED_ONLY_NO_DOWNLOAD_FORCED
VHE,stage_3_final_watchlist,P0_latest_consolidated_financial_statement,Latest consolidated financial statement if available.,latest_available,quarterly_or_semiannual,financial_statement,1_user_manual_seed_vietstock_category_page,1,True,True,EVIDENCE_SLOT_PLANNED_ONLY_NO_DOWNLOAD_FORCED
VHE,stage_3_final_watchlist,P1_latest_audited_annual_financial_statement,Latest audited annual financial statement if available.,latest_audited_annual,annual,financial_statement,1_user_manual_seed_vietstock_category_page,1,True,True,EVIDENCE_SLOT_PLANNED_ONLY_NO_DOWNLOAD_FORCED
VHE,stage_3_final_watchlist,P2_latest_annual_report,Latest annual report / BCTN if needed for business model evidence.,latest_annual,annual,annual_report,1_user_manual_seed_vietstock_category_page,1,True,True,EVIDENCE_SLOT_PLANNED_ONLY_NO_DOWNLOAD_FORCED
TNI,stage_3_final_watchlist,P0_latest_consolidated_financial_statement,Latest consolidated financial statement if available.,latest_available,quarterly_or_semiannual,financial_statement,1_user_manual_seed_vietstock_category_page,1,True,True,EVIDENCE_SLOT_PLANNED_ONLY_NO_DOWNLOAD_FORCED
TNI,stage_3_final_watchlist,P1_latest_audited_annual_financial_statement,Latest audited annual financial statement if available.,latest_audited_annual,annual,financial_statement,1_user_manual_seed_vietstock_category_page,1,True,True,EVIDENCE_SLOT_PLANNED_ONLY_NO_DOWNLOAD_FORCED
TNI,stage_3_final_watchlist,P2_latest_annual_report,Latest annual report / BCTN if needed for business model evidence.,latest_annual,annual,annual_report,1_user_manual_seed_vietstock_category_page,1,True,True,EVIDENCE_SLOT_PLANNED_ONLY_NO_DOWNLOAD_FORCED
VVS,stage_3_final_watchlist,P0_latest_consolidated_financial_statement,Latest consolidated financial statement if available.,latest_available,quarterly_or_semiannual,financial_statement,1_user_manual_seed_vietstock_category_page,1,True,True,EVIDENCE_SLOT_PLANNED_ONLY_NO_DOWNLOAD_FORCED
VVS,stage_3_final_watchlist,P1_latest_audited_annual_financial_statement,Latest audited annual financial statement if available.,latest_audited_annual,annual,financial_statement,1_user_manual_seed_vietstock_category_page,1,True,True,EVIDENCE_SLOT_PLANNED_ONLY_NO_DOWNLOAD_FORCED
VVS,stage_3_final_watchlist,P2_latest_annual_report,Latest annual report / BCTN if needed for business model evidence.,latest_annual,annual,annual_report,1_user_manual_seed_vietstock_category_page,1,True,True,EVIDENCE_SLOT_PLANNED_ONLY_NO_DOWNLOAD_FORCED
TSC,stage_3_final_watchlist,P0_latest_consolidated_financial_statement,Latest consolidated financial statement if available.,latest_available,quarterly_or_semiannual,financial_statement,1_user_manual_seed_vietstock_category_page,1,True,True,EVIDENCE_SLOT_PLANNED_ONLY_NO_DOWNLOAD_FORCED
TSC,stage_3_final_watchlist,P1_latest_audited_annual_financial_statement,Latest audited annual financial statement if available.,latest_audited_annual,annual,financial_statement,1_user_manual_seed_vietstock_category_page,1,True,True,EVIDENCE_SLOT_PLANNED_ONLY_NO_DOWNLOAD_FORCED
TSC,stage_3_final_watchlist,P2_latest_annual_report,Latest annual report / BCTN if needed for business model evidence.,latest_annual,annual,annual_report,1_user_manual_seed_vietstock_category_page,1,True,True,EVIDENCE_SLOT_PLANNED_ONLY_NO_DOWNLOAD_FORCED
TNH,stage_3_final_watchlist,P0_latest_consolidated_financial_statement,Latest consolidated financial statement if available.,latest_available,quarterly_or_semiannual,financial_statement,1_user_manual_seed_vietstock_category_page,1,True,True,EVIDENCE_SLOT_PLANNED_ONLY_NO_DOWNLOAD_FORCED
TNH,stage_3_final_watchlist,P1_latest_audited_annual_financial_statement,Latest audited annual financial statement if available.,latest_audited_annual,annual,financial_statement,1_user_manual_seed_vietstock_category_page,1,True,True,EVIDENCE_SLOT_PLANNED_ONLY_NO_DOWNLOAD_FORCED
TNH,stage_3_final_watchlist,P2_latest_annual_report,Latest annual report / BCTN if needed for business model evidence.,latest_annual,annual,annual_report,1_user_manual_seed_vietstock_category_page,1,True,True,EVIDENCE_SLOT_PLANNED_ONLY_NO_DOWNLOAD_FORCED
TLG,stage_3_final_watchlist,P0_latest_consolidated_financial_statement,Latest consolidated financial statement if available.,latest_available,quarterly_or_semiannual,financial_statement,1_user_manual_seed_vietstock_category_page,1,True,True,EVIDENCE_SLOT_PLANNED_ONLY_NO_DOWNLOAD_FORCED
TLG,stage_3_final_watchlist,P1_latest_audited_annual_financial_statement,Latest audited annual financial statement if available.,latest_audited_annual,annual,financial_statement,1_user_manual_seed_vietstock_category_page,1,True,True,EVIDENCE_SLOT_PLANNED_ONLY_NO_DOWNLOAD_FORCED
TLG,stage_3_final_watchlist,P2_latest_annual_report,Latest annual report / BCTN if needed for business model evidence.,latest_annual,annual,annual_report,1_user_manual_seed_vietstock_category_page,1,True,True,EVIDENCE_SLOT_PLANNED_ONLY_NO_DOWNLOAD_FORCED
TDG,stage_3_final_watchlist,P0_latest_consolidated_financial_statement,Latest consolidated financial statement if available.,latest_available,quarterly_or_semiannual,financial_statement,1_user_manual_seed_vietstock_category_page,1,True,True,EVIDENCE_SLOT_PLANNED_ONLY_NO_DOWNLOAD_FORCED
TDG,stage_3_final_watchlist,P1_latest_audited_annual_financial_statement,Latest audited annual financial statement if available.,latest_audited_annual,annual,financial_statement,1_user_manual_seed_vietstock_category_page,1,True,True,EVIDENCE_SLOT_PLANNED_ONLY_NO_DOWNLOAD_FORCED
TDG,stage_3_final_watchlist,P2_latest_annual_report,Latest annual report / BCTN if needed for business model evidence.,latest_annual,annual,annual_report,1_user_manual_seed_vietstock_category_page,1,True,True,EVIDENCE_SLOT_PLANNED_ONLY_NO_DOWNLOAD_FORCED
VLC,stage_3_final_watchlist,P0_latest_consolidated_financial_statement,Latest consolidated financial statement if available.,latest_available,quarterly_or_semiannual,financial_statement,1_user_manual_seed_vietstock_category_page,1,True,True,EVIDENCE_SLOT_PLANNED_ONLY_NO_DOWNLOAD_FORCED
VLC,stage_3_final_watchlist,P1_latest_audited_annual_financial_statement,Latest audited annual financial statement if available.,latest_audited_annual,annual,financial_statement,1_user_manual_seed_vietstock_category_page,1,True,True,EVIDENCE_SLOT_PLANNED_ONLY_NO_DOWNLOAD_FORCED
VLC,stage_3_final_watchlist,P2_latest_annual_report,Latest annual report / BCTN if needed for business model evidence.,latest_annual,annual,annual_report,1_user_manual_seed_vietstock_category_page,1,True,True,EVIDENCE_SLOT_PLANNED_ONLY_NO_DOWNLOAD_FORCED
VNB,stage_3_final_watchlist,P0_latest_consolidated_financial_statement,Latest consolidated financial statement if available.,latest_available,quarterly_or_semiannual,financial_statement,1_user_manual_seed_vietstock_category_page,1,True,True,EVIDENCE_SLOT_PLANNED_ONLY_NO_DOWNLOAD_FORCED
VNB,stage_3_final_watchlist,P1_latest_audited_annual_financial_statement,Latest audited annual financial statement if available.,latest_audited_annual,annual,financial_statement,1_user_manual_seed_vietstock_category_page,1,True,True,EVIDENCE_SLOT_PLANNED_ONLY_NO_DOWNLOAD_FORCED
VNB,stage_3_final_watchlist,P2_latest_annual_report,Latest annual report / BCTN if needed for business model evidence.,latest_annual,annual,annual_report,1_user_manual_seed_vietstock_category_page,1,True,True,EVIDENCE_SLOT_PLANNED_ONLY_NO_DOWNLOAD_FORCED
VOC,stage_3_final_watchlist,P0_latest_consolidated_financial_statement,Latest consolidated financial statement if available.,latest_available,quarterly_or_semiannual,financial_statement,1_user_manual_seed_vietstock_category_page,1,True,True,EVIDENCE_SLOT_PLANNED_ONLY_NO_DOWNLOAD_FORCED
VOC,stage_3_final_watchlist,P1_latest_audited_annual_financial_statement,Latest audited annual financial statement if available.,latest_audited_annual,annual,financial_statement,1_user_manual_seed_vietstock_category_page,1,True,True,EVIDENCE_SLOT_PLANNED_ONLY_NO_DOWNLOAD_FORCED
VOC,stage_3_final_watchlist,P2_latest_annual_report,Latest annual report / BCTN if needed for business model evidence.,latest_annual,annual,annual_report,1_user_manual_seed_vietstock_category_page,1,True,True,EVIDENCE_SLOT_PLANNED_ONLY_NO_DOWNLOAD_FORCED
TDM,stage_3_final_watchlist,P0_latest_consolidated_financial_statement,Latest consolidated financial statement if available.,latest_available,quarterly_or_semiannual,financial_statement,1_user_manual_seed_vietstock_category_page,1,True,True,EVIDENCE_SLOT_PLANNED_ONLY_NO_DOWNLOAD_FORCED
TDM,stage_3_final_watchlist,P1_latest_audited_annual_financial_statement,Latest audited annual financial statement if available.,latest_audited_annual,annual,financial_statement,1_user_manual_seed_vietstock_category_page,1,True,True,EVIDENCE_SLOT_PLANNED_ONLY_NO_DOWNLOAD_FORCED
TDM,stage_3_final_watchlist,P2_latest_annual_report,Latest annual report / BCTN if needed for business model evidence.,latest_annual,annual,annual_report,1_user_manual_seed_vietstock_category_page,1,True,True,EVIDENCE_SLOT_PLANNED_ONLY_NO_DOWNLOAD_FORCED
VTC,stage_3_final_watchlist,P0_latest_consolidated_financial_statement,Latest consolidated financial statement if available.,latest_available,quarterly_or_semiannual,financial_statement,1_user_manual_seed_vietstock_category_page,1,True,True,EVIDENCE_SLOT_PLANNED_ONLY_NO_DOWNLOAD_FORCED
VTC,stage_3_final_watchlist,P1_latest_audited_annual_financial_statement,Latest audited annual financial statement if available.,latest_audited_annual,annual,financial_statement,1_user_manual_seed_vietstock_category_page,1,True,True,EVIDENCE_SLOT_PLANNED_ONLY_NO_DOWNLOAD_FORCED
VTC,stage_3_final_watchlist,P2_latest_annual_report,Latest annual report / BCTN if needed for business model evidence.,latest_annual,annual,annual_report,1_user_manual_seed_vietstock_category_page,1,True,True,EVIDENCE_SLOT_PLANNED_ONLY_NO_DOWNLOAD_FORCED
TTN,stage_3_final_watchlist,P0_latest_consolidated_financial_statement,Latest consolidated financial statement if available.,latest_available,quarterly_or_semiannual,financial_statement,1_user_manual_seed_vietstock_category_page,1,True,True,EVIDENCE_SLOT_PLANNED_ONLY_NO_DOWNLOAD_FORCED
TTN,stage_3_final_watchlist,P1_latest_audited_annual_financial_statement,Latest audited annual financial statement if available.,latest_audited_annual,annual,financial_statement,1_user_manual_seed_vietstock_category_page,1,True,True,EVIDENCE_SLOT_PLANNED_ONLY_NO_DOWNLOAD_FORCED
TTN,stage_3_final_watchlist,P2_latest_annual_report,Latest annual report / BCTN if needed for business model evidence.,latest_annual,annual,annual_report,1_user_manual_seed_vietstock_category_page,1,True,True,EVIDENCE_SLOT_PLANNED_ONLY_NO_DOWNLOAD_FORCED
VCW,stage_3_final_watchlist,P0_latest_consolidated_financial_statement,Latest consolidated financial statement if available.,latest_available,quarterly_or_semiannual,financial_statement,1_user_manual_seed_vietstock_category_page,1,True,True,EVIDENCE_SLOT_PLANNED_ONLY_NO_DOWNLOAD_FORCED
VCW,stage_3_final_watchlist,P1_latest_audited_annual_financial_statement,Latest audited annual financial statement if available.,latest_audited_annual,annual,financial_statement,1_user_manual_seed_vietstock_category_page,1,True,True,EVIDENCE_SLOT_PLANNED_ONLY_NO_DOWNLOAD_FORCED
VCW,stage_3_final_watchlist,P2_latest_annual_report,Latest annual report / BCTN if needed for business model evidence.,latest_annual,annual,annual_report,1_user_manual_seed_vietstock_category_page,1,True,True,EVIDENCE_SLOT_PLANNED_ONLY_NO_DOWNLOAD_FORCED
VTR,stage_3_final_watchlist,P0_latest_consolidated_financial_statement,Latest consolidated financial statement if available.,latest_available,quarterly_or_semiannual,financial_statement,1_user_manual_seed_vietstock_category_page,1,True,True,EVIDENCE_SLOT_PLANNED_ONLY_NO_DOWNLOAD_FORCED
VTR,stage_3_final_watchlist,P1_latest_audited_annual_financial_statement,Latest audited annual financial statement if available.,latest_audited_annual,annual,financial_statement,1_user_manual_seed_vietstock_category_page,1,True,True,EVIDENCE_SLOT_PLANNED_ONLY_NO_DOWNLOAD_FORCED
VTR,stage_3_final_watchlist,P2_latest_annual_report,Latest annual report / BCTN if needed for business model evidence.,latest_annual,annual,annual_report,1_user_manual_seed_vietstock_category_page,1,True,True,EVIDENCE_SLOT_PLANNED_ONLY_NO_DOWNLOAD_FORCED
VCP,stage_3_final_watchlist,P0_latest_consolidated_financial_statement,Latest consolidated financial statement if available.,latest_available,quarterly_or_semiannual,financial_statement,1_user_manual_seed_vietstock_category_page,1,True,True,EVIDENCE_SLOT_PLANNED_ONLY_NO_DOWNLOAD_FORCED
VCP,stage_3_final_watchlist,P1_latest_audited_annual_financial_statement,Latest audited annual financial statement if available.,latest_audited_annual,annual,financial_statement,1_user_manual_seed_vietstock_category_page,1,True,True,EVIDENCE_SLOT_PLANNED_ONLY_NO_DOWNLOAD_FORCED
VCP,stage_3_final_watchlist,P2_latest_annual_report,Latest annual report / BCTN if needed for business model evidence.,latest_annual,annual,annual_report,1_user_manual_seed_vietstock_category_page,1,True,True,EVIDENCE_SLOT_PLANNED_ONLY_NO_DOWNLOAD_FORCED
TOS,stage_3_final_watchlist,P0_latest_consolidated_financial_statement,Latest consolidated financial statement if available.,latest_available,quarterly_or_semiannual,financial_statement,1_user_manual_seed_vietstock_category_page,1,True,True,EVIDENCE_SLOT_PLANNED_ONLY_NO_DOWNLOAD_FORCED
TOS,stage_3_final_watchlist,P1_latest_audited_annual_financial_statement,Latest audited annual financial statement if available.,latest_audited_annual,annual,financial_statement,1_user_manual_seed_vietstock_category_page,1,True,True,EVIDENCE_SLOT_PLANNED_ONLY_NO_DOWNLOAD_FORCED
TOS,stage_3_final_watchlist,P2_latest_annual_report,Latest annual report / BCTN if needed for business model evidence.,latest_annual,annual,annual_report,1_user_manual_seed_vietstock_category_page,1,True,True,EVIDENCE_SLOT_PLANNED_ONLY_NO_DOWNLOAD_FORCED
TVP,stage_3_final_watchlist,P0_latest_consolidated_financial_statement,Latest consolidated financial statement if available.,latest_available,quarterly_or_semiannual,financial_statement,1_user_manual_seed_vietstock_category_page,1,True,True,EVIDENCE_SLOT_PLANNED_ONLY_NO_DOWNLOAD_FORCED
TVP,stage_3_final_watchlist,P1_latest_audited_annual_financial_statement,Latest audited annual financial statement if available.,latest_audited_annual,annual,financial_statement,1_user_manual_seed_vietstock_category_page,1,True,True,EVIDENCE_SLOT_PLANNED_ONLY_NO_DOWNLOAD_FORCED
TVP,stage_3_final_watchlist,P2_latest_annual_report,Latest annual report / BCTN if needed for business model evidence.,latest_annual,annual,annual_report,1_user_manual_seed_vietstock_category_page,1,True,True,EVIDENCE_SLOT_PLANNED_ONLY_NO_DOWNLOAD_FORCED
VNS,stage_3_final_watchlist,P0_latest_consolidated_financial_statement,Latest consolidated financial statement if available.,latest_available,quarterly_or_semiannual,financial_statement,1_user_manual_seed_vietstock_category_page,1,True,True,EVIDENCE_SLOT_PLANNED_ONLY_NO_DOWNLOAD_FORCED
VNS,stage_3_final_watchlist,P1_latest_audited_annual_financial_statement,Latest audited annual financial statement if available.,latest_audited_annual,annual,financial_statement,1_user_manual_seed_vietstock_category_page,1,True,True,EVIDENCE_SLOT_PLANNED_ONLY_NO_DOWNLOAD_FORCED
VNS,stage_3_final_watchlist,P2_latest_annual_report,Latest annual report / BCTN if needed for business model evidence.,latest_annual,annual,annual_report,1_user_manual_seed_vietstock_category_page,1,True,True,EVIDENCE_SLOT_PLANNED_ONLY_NO_DOWNLOAD_FORCED
VHM,stage_2_evidence_candidates,P0_latest_consolidated_financial_statement,Latest consolidated financial statement if available.,latest_available,quarterly_or_semiannual,financial_statement,1_user_manual_seed_vietstock_category_page,1,True,True,EVIDENCE_SLOT_PLANNED_ONLY_NO_DOWNLOAD_FORCED
VHM,stage_2_evidence_candidates,P1_latest_audited_annual_financial_statement,Latest audited annual financial statement if available.,latest_audited_annual,annual,financial_statement,1_user_manual_seed_vietstock_category_page,1,True,True,EVIDENCE_SLOT_PLANNED_ONLY_NO_DOWNLOAD_FORCED
VIC,stage_2_evidence_candidates,P0_latest_consolidated_financial_statement,Latest consolidated financial statement if available.,latest_available,quarterly_or_semiannual,financial_statement,1_user_manual_seed_vietstock_category_page,1,True,True,EVIDENCE_SLOT_PLANNED_ONLY_NO_DOWNLOAD_FORCED
VIC,stage_2_evidence_candidates,P1_latest_audited_annual_financial_statement,Latest audited annual financial statement if available.,latest_audited_annual,annual,financial_statement,1_user_manual_seed_vietstock_category_page,1,True,True,EVIDENCE_SLOT_PLANNED_ONLY_NO_DOWNLOAD_FORCED
VPI,stage_2_evidence_candidates,P0_latest_consolidated_financial_statement,Latest consolidated financial statement if available.,latest_available,quarterly_or_semiannual,financial_statement,1_user_manual_seed_vietstock_category_page,1,True,True,EVIDENCE_SLOT_PLANNED_ONLY_NO_DOWNLOAD_FORCED
VPI,stage_2_evidence_candidates,P1_latest_audited_annual_financial_statement,Latest audited annual financial statement if available.,latest_audited_annual,annual,financial_statement,1_user_manual_seed_vietstock_category_page,1,True,True,EVIDENCE_SLOT_PLANNED_ONLY_NO_DOWNLOAD_FORCED
TVB,stage_2_evidence_candidates,P0_latest_consolidated_financial_statement,Latest consolidated financial statement if available.,latest_available,quarterly_or_semiannual,financial_statement,1_user_manual_seed_vietstock_category_page,1,True,True,EVIDENCE_SLOT_PLANNED_ONLY_NO_DOWNLOAD_FORCED
TVB,stage_2_evidence_candidates,P1_latest_audited_annual_financial_statement,Latest audited annual financial statement if available.,latest_audited_annual,annual,financial_statement,1_user_manual_seed_vietstock_category_page,1,True,True,EVIDENCE_SLOT_PLANNED_ONLY_NO_DOWNLOAD_FORCED
WSS,stage_2_evidence_candidates,P0_latest_consolidated_financial_statement,Latest consolidated financial statement if available.,latest_available,quarterly_or_semiannual,financial_statement,1_user_manual_seed_vietstock_category_page,1,True,True,EVIDENCE_SLOT_PLANNED_ONLY_NO_DOWNLOAD_FORCED
WSS,stage_2_evidence_candidates,P1_latest_audited_annual_financial_statement,Latest audited annual financial statement if available.,latest_audited_annual,annual,financial_statement,1_user_manual_seed_vietstock_category_page,1,True,True,EVIDENCE_SLOT_PLANNED_ONLY_NO_DOWNLOAD_FORCED
VC3,stage_2_evidence_candidates,P0_latest_consolidated_financial_statement,Latest consolidated financial statement if available.,latest_available,quarterly_or_semiannual,financial_statement,1_user_manual_seed_vietstock_category_page,1,True,True,EVIDENCE_SLOT_PLANNED_ONLY_NO_DOWNLOAD_FORCED
VC3,stage_2_evidence_candidates,P1_latest_audited_annual_financial_statement,Latest audited annual financial statement if available.,latest_audited_annual,annual,financial_statement,1_user_manual_seed_vietstock_category_page,1,True,True,EVIDENCE_SLOT_PLANNED_ONLY_NO_DOWNLOAD_FORCED
TIG,stage_2_evidence_candidates,P0_latest_consolidated_financial_statement,Latest consolidated financial statement if available.,latest_available,quarterly_or_semiannual,financial_statement,1_user_manual_seed_vietstock_category_page,1,True,True,EVIDENCE_SLOT_PLANNED_ONLY_NO_DOWNLOAD_FORCED
TIG,stage_2_evidence_candidates,P1_latest_audited_annual_financial_statement,Latest audited annual financial statement if available.,latest_audited_annual,annual,financial_statement,1_user_manual_seed_vietstock_category_page,1,True,True,EVIDENCE_SLOT_PLANNED_ONLY_NO_DOWNLOAD_FORCED
TLD,stage_2_evidence_candidates,P0_latest_consolidated_financial_statement,Latest consolidated financial statement if available.,latest_available,quarterly_or_semiannual,financial_statement,1_user_manual_seed_vietstock_category_page,1,True,True,EVIDENCE_SLOT_PLANNED_ONLY_NO_DOWNLOAD_FORCED
TLD,stage_2_evidence_candidates,P1_latest_audited_annual_financial_statement,Latest audited annual financial statement if available.,latest_audited_annual,annual,financial_statement,1_user_manual_seed_vietstock_category_page,1,True,True,EVIDENCE_SLOT_PLANNED_ONLY_NO_DOWNLOAD_FORCED
VC7,stage_2_evidence_candidates,P0_latest_consolidated_financial_statement,Latest consolidated financial statement if available.,latest_available,quarterly_or_semiannual,financial_statement,1_user_manual_seed_vietstock_category_page,1,True,True,EVIDENCE_SLOT_PLANNED_ONLY_NO_DOWNLOAD_FORCED
VC7,stage_2_evidence_candidates,P1_latest_audited_annual_financial_statement,Latest audited annual financial statement if available.,latest_audited_annual,annual,financial_statement,1_user_manual_seed_vietstock_category_page,1,True,True,EVIDENCE_SLOT_PLANNED_ONLY_NO_DOWNLOAD_FORCED
VHG,stage_2_evidence_candidates,P0_latest_consolidated_financial_statement,Latest consolidated financial statement if available.,latest_available,quarterly_or_semiannual,financial_statement,1_user_manual_seed_vietstock_category_page,1,True,True,EVIDENCE_SLOT_PLANNED_ONLY_NO_DOWNLOAD_FORCED
VHG,stage_2_evidence_candidates,P1_latest_audited_annual_financial_statement,Latest audited annual financial statement if available.,latest_audited_annual,annual,financial_statement,1_user_manual_seed_vietstock_category_page,1,True,True,EVIDENCE_SLOT_PLANNED_ONLY_NO_DOWNLOAD_FORCED
VTO,stage_2_evidence_candidates,P0_latest_consolidated_financial_statement,Latest consolidated financial statement if available.,latest_available,quarterly_or_semiannual,financial_statement,1_user_manual_seed_vietstock_category_page,1,True,True,EVIDENCE_SLOT_PLANNED_ONLY_NO_DOWNLOAD_FORCED
VTO,stage_2_evidence_candidates,P1_latest_audited_annual_financial_statement,Latest audited annual financial statement if available.,latest_audited_annual,annual,financial_statement,1_user_manual_seed_vietstock_category_page,1,True,True,EVIDENCE_SLOT_PLANNED_ONLY_NO_DOWNLOAD_FORCED
VIP,stage_2_evidence_candidates,P0_latest_consolidated_financial_statement,Latest consolidated financial statement if available.,latest_available,quarterly_or_semiannual,financial_statement,1_user_manual_seed_vietstock_category_page,1,True,True,EVIDENCE_SLOT_PLANNED_ONLY_NO_DOWNLOAD_FORCED
VIP,stage_2_evidence_candidates,P1_latest_audited_annual_financial_statement,Latest audited annual financial statement if available.,latest_audited_annual,annual,financial_statement,1_user_manual_seed_vietstock_category_page,1,True,True,EVIDENCE_SLOT_PLANNED_ONLY_NO_DOWNLOAD_FORCED
TVC,stage_2_evidence_candidates,P0_latest_consolidated_financial_statement,Latest consolidated financial statement if available.,latest_available,quarterly_or_semiannual,financial_statement,1_user_manual_seed_vietstock_category_page,1,True,True,EVIDENCE_SLOT_PLANNED_ONLY_NO_DOWNLOAD_FORCED
TVC,stage_2_evidence_candidates,P1_latest_audited_annual_financial_statement,Latest audited annual financial statement if available.,latest_audited_annual,annual,financial_statement,1_user_manual_seed_vietstock_category_page,1,True,True,EVIDENCE_SLOT_PLANNED_ONLY_NO_DOWNLOAD_FORCED
TDP,stage_2_evidence_candidates,P0_latest_consolidated_financial_statement,Latest consolidated financial statement if available.,latest_available,quarterly_or_semiannual,financial_statement,1_user_manual_seed_vietstock_category_page,1,True,True,EVIDENCE_SLOT_PLANNED_ONLY_NO_DOWNLOAD_FORCED
TDP,stage_2_evidence_candidates,P1_latest_audited_annual_financial_statement,Latest audited annual financial statement if available.,latest_audited_annual,annual,financial_statement,1_user_manual_seed_vietstock_category_page,1,True,True,EVIDENCE_SLOT_PLANNED_ONLY_NO_DOWNLOAD_FORCED
TNT,stage_2_evidence_candidates,P0_latest_consolidated_financial_statement,Latest consolidated financial statement if available.,latest_available,quarterly_or_semiannual,financial_statement,1_user_manual_seed_vietstock_category_page,1,True,True,EVIDENCE_SLOT_PLANNED_ONLY_NO_DOWNLOAD_FORCED
TNT,stage_2_evidence_candidates,P1_latest_audited_annual_financial_statement,Latest audited annual financial statement if available.,latest_audited_annual,annual,financial_statement,1_user_manual_seed_vietstock_category_page,1,True,True,EVIDENCE_SLOT_PLANNED_ONLY_NO_DOWNLOAD_FORCED
TDC,stage_2_evidence_candidates,P0_latest_consolidated_financial_statement,Latest consolidated financial statement if available.,latest_available,quarterly_or_semiannual,financial_statement,1_user_manual_seed_vietstock_category_page,1,True,True,EVIDENCE_SLOT_PLANNED_ONLY_NO_DOWNLOAD_FORCED
TDC,stage_2_evidence_candidates,P1_latest_audited_annual_financial_statement,Latest audited annual financial statement if available.,latest_audited_annual,annual,financial_statement,1_user_manual_seed_vietstock_category_page,1,True,True,EVIDENCE_SLOT_PLANNED_ONLY_NO_DOWNLOAD_FORCED
VC2,stage_2_evidence_candidates,P0_latest_consolidated_financial_statement,Latest consolidated financial statement if available.,latest_available,quarterly_or_semiannual,financial_statement,1_user_manual_seed_vietstock_category_page,1,True,True,EVIDENCE_SLOT_PLANNED_ONLY_NO_DOWNLOAD_FORCED
VC2,stage_2_evidence_candidates,P1_latest_audited_annual_financial_statement,Latest audited annual financial statement if available.,latest_audited_annual,annual,financial_statement,1_user_manual_seed_vietstock_category_page,1,True,True,EVIDENCE_SLOT_PLANNED_ONLY_NO_DOWNLOAD_FORCED
TV1,stage_2_evidence_candidates,P0_latest_consolidated_financial_statement,Latest consolidated financial statement if available.,latest_available,quarterly_or_semiannual,financial_statement,1_user_manual_seed_vietstock_category_page,1,True,True,EVIDENCE_SLOT_PLANNED_ONLY_NO_DOWNLOAD_FORCED
TV1,stage_2_evidence_candidates,P1_latest_audited_annual_financial_statement,Latest audited annual financial statement if available.,latest_audited_annual,annual,financial_statement,1_user_manual_seed_vietstock_category_page,1,True,True,EVIDENCE_SLOT_PLANNED_ONLY_NO_DOWNLOAD_FORCED
VUA,stage_2_evidence_candidates,P0_latest_consolidated_financial_statement,Latest consolidated financial statement if available.,latest_available,quarterly_or_semiannual,financial_statement,1_user_manual_seed_vietstock_category_page,1,True,True,EVIDENCE_SLOT_PLANNED_ONLY_NO_DOWNLOAD_FORCED
VUA,stage_2_evidence_candidates,P1_latest_audited_annual_financial_statement,Latest audited annual financial statement if available.,latest_audited_annual,annual,financial_statement,1_user_manual_seed_vietstock_category_page,1,True,True,EVIDENCE_SLOT_PLANNED_ONLY_NO_DOWNLOAD_FORCED
TTH,stage_2_evidence_candidates,P0_latest_consolidated_financial_statement,Latest consolidated financial statement if available.,latest_available,quarterly_or_semiannual,financial_statement,1_user_manual_seed_vietstock_category_page,1,True,True,EVIDENCE_SLOT_PLANNED_ONLY_NO_DOWNLOAD_FORCED
TTH,stage_2_evidence_candidates,P1_latest_audited_annual_financial_statement,Latest audited annual financial statement if available.,latest_audited_annual,annual,financial_statement,1_user_manual_seed_vietstock_category_page,1,True,True,EVIDENCE_SLOT_PLANNED_ONLY_NO_DOWNLOAD_FORCED
TDH,stage_2_evidence_candidates,P0_latest_consolidated_financial_statement,Latest consolidated financial statement if available.,latest_available,quarterly_or_semiannual,financial_statement,1_user_manual_seed_vietstock_category_page,1,True,True,EVIDENCE_SLOT_PLANNED_ONLY_NO_DOWNLOAD_FORCED
TDH,stage_2_evidence_candidates,P1_latest_audited_annual_financial_statement,Latest audited annual financial statement if available.,latest_audited_annual,annual,financial_statement,1_user_manual_seed_vietstock_category_page,1,True,True,EVIDENCE_SLOT_PLANNED_ONLY_NO_DOWNLOAD_FORCED
VNH,stage_2_evidence_candidates,P0_latest_consolidated_financial_statement,Latest consolidated financial statement if available.,latest_available,quarterly_or_semiannual,financial_statement,1_user_manual_seed_vietstock_category_page,1,True,True,EVIDENCE_SLOT_PLANNED_ONLY_NO_DOWNLOAD_FORCED
VNH,stage_2_evidence_candidates,P1_latest_audited_annual_financial_statement,Latest audited annual financial statement if available.,latest_audited_annual,annual,financial_statement,1_user_manual_seed_vietstock_category_page,1,True,True,EVIDENCE_SLOT_PLANNED_ONLY_NO_DOWNLOAD_FORCED
TVD,stage_2_evidence_candidates,P0_latest_consolidated_financial_statement,Latest consolidated financial statement if available.,latest_available,quarterly_or_semiannual,financial_statement,1_user_manual_seed_vietstock_category_page,1,True,True,EVIDENCE_SLOT_PLANNED_ONLY_NO_DOWNLOAD_FORCED
TVD,stage_2_evidence_candidates,P1_latest_audited_annual_financial_statement,Latest audited annual financial statement if available.,latest_audited_annual,annual,financial_statement,1_user_manual_seed_vietstock_category_page,1,True,True,EVIDENCE_SLOT_PLANNED_ONLY_NO_DOWNLOAD_FORCED
TPC,stage_2_evidence_candidates,P0_latest_consolidated_financial_statement,Latest consolidated financial statement if available.,latest_available,quarterly_or_semiannual,financial_statement,1_user_manual_seed_vietstock_category_page,1,True,True,EVIDENCE_SLOT_PLANNED_ONLY_NO_DOWNLOAD_FORCED
TPC,stage_2_evidence_candidates,P1_latest_audited_annual_financial_statement,Latest audited annual financial statement if available.,latest_audited_annual,annual,financial_statement,1_user_manual_seed_vietstock_category_page,1,True,True,EVIDENCE_SLOT_PLANNED_ONLY_NO_DOWNLOAD_FORCED
VPH,stage_2_evidence_candidates,P0_latest_consolidated_financial_statement,Latest consolidated financial statement if available.,latest_available,quarterly_or_semiannual,financial_statement,1_user_manual_seed_vietstock_category_page,1,True,True,EVIDENCE_SLOT_PLANNED_ONLY_NO_DOWNLOAD_FORCED
VPH,stage_2_evidence_candidates,P1_latest_audited_annual_financial_statement,Latest audited annual financial statement if available.,latest_audited_annual,annual,financial_statement,1_user_manual_seed_vietstock_category_page,1,True,True,EVIDENCE_SLOT_PLANNED_ONLY_NO_DOWNLOAD_FORCED
THD,stage_2_evidence_candidates,P0_latest_consolidated_financial_statement,Latest consolidated financial statement if available.,latest_available,quarterly_or_semiannual,financial_statement,1_user_manual_seed_vietstock_category_page,1,True,True,EVIDENCE_SLOT_PLANNED_ONLY_NO_DOWNLOAD_FORCED
THD,stage_2_evidence_candidates,P1_latest_audited_annual_financial_statement,Latest audited annual financial statement if available.,latest_audited_annual,annual,financial_statement,1_user_manual_seed_vietstock_category_page,1,True,True,EVIDENCE_SLOT_PLANNED_ONLY_NO_DOWNLOAD_FORCED
XMC,stage_2_evidence_candidates,P0_latest_consolidated_financial_statement,Latest consolidated financial statement if available.,latest_available,quarterly_or_semiannual,financial_statement,1_user_manual_seed_vietstock_category_page,1,True,True,EVIDENCE_SLOT_PLANNED_ONLY_NO_DOWNLOAD_FORCED
XMC,stage_2_evidence_candidates,P1_latest_audited_annual_financial_statement,Latest audited annual financial statement if available.,latest_audited_annual,annual,financial_statement,1_user_manual_seed_vietstock_category_page,1,True,True,EVIDENCE_SLOT_PLANNED_ONLY_NO_DOWNLOAD_FORCED
VTV,stage_2_evidence_candidates,P0_latest_consolidated_financial_statement,Latest consolidated financial statement if available.,latest_available,quarterly_or_semiannual,financial_statement,1_user_manual_seed_vietstock_category_page,1,True,True,EVIDENCE_SLOT_PLANNED_ONLY_NO_DOWNLOAD_FORCED
VTV,stage_2_evidence_candidates,P1_latest_audited_annual_financial_statement,Latest audited annual financial statement if available.,latest_audited_annual,annual,financial_statement,1_user_manual_seed_vietstock_category_page,1,True,True,EVIDENCE_SLOT_PLANNED_ONLY_NO_DOWNLOAD_FORCED
TV4,stage_2_evidence_candidates,P0_latest_consolidated_financial_statement,Latest consolidated financial statement if available.,latest_available,quarterly_or_semiannual,financial_statement,1_user_manual_seed_vietstock_category_page,1,True,True,EVIDENCE_SLOT_PLANNED_ONLY_NO_DOWNLOAD_FORCED
TV4,stage_2_evidence_candidates,P1_latest_audited_annual_financial_statement,Latest audited annual financial statement if available.,latest_audited_annual,annual,financial_statement,1_user_manual_seed_vietstock_category_page,1,True,True,EVIDENCE_SLOT_PLANNED_ONLY_NO_DOWNLOAD_FORCED
VNP,stage_2_evidence_candidates,P0_latest_consolidated_financial_statement,Latest consolidated financial statement if available.,latest_available,quarterly_or_semiannual,financial_statement,1_user_manual_seed_vietstock_category_page,1,True,True,EVIDENCE_SLOT_PLANNED_ONLY_NO_DOWNLOAD_FORCED
VNP,stage_2_evidence_candidates,P1_latest_audited_annual_financial_statement,Latest audited annual financial statement if available.,latest_audited_annual,annual,financial_statement,1_user_manual_seed_vietstock_category_page,1,True,True,EVIDENCE_SLOT_PLANNED_ONLY_NO_DOWNLOAD_FORCED
VCS,stage_2_evidence_candidates,P0_latest_consolidated_financial_statement,Latest consolidated financial statement if available.,latest_available,quarterly_or_semiannual,financial_statement,1_user_manual_seed_vietstock_category_page,1,True,True,EVIDENCE_SLOT_PLANNED_ONLY_NO_DOWNLOAD_FORCED
VCS,stage_2_evidence_candidates,P1_latest_audited_annual_financial_statement,Latest audited annual financial statement if available.,latest_audited_annual,annual,financial_statement,1_user_manual_seed_vietstock_category_page,1,True,True,EVIDENCE_SLOT_PLANNED_ONLY_NO_DOWNLOAD_FORCED
VLF,stage_2_evidence_candidates,P0_latest_consolidated_financial_statement,Latest consolidated financial statement if available.,latest_available,quarterly_or_semiannual,financial_statement,1_user_manual_seed_vietstock_category_page,1,True,True,EVIDENCE_SLOT_PLANNED_ONLY_NO_DOWNLOAD_FORCED
VLF,stage_2_evidence_candidates,P1_latest_audited_annual_financial_statement,Latest audited annual financial statement if available.,latest_audited_annual,annual,financial_statement,1_user_manual_seed_vietstock_category_page,1,True,True,EVIDENCE_SLOT_PLANNED_ONLY_NO_DOWNLOAD_FORCED
VIS,stage_2_evidence_candidates,P0_latest_consolidated_financial_statement,Latest consolidated financial statement if available.,latest_available,quarterly_or_semiannual,financial_statement,1_user_manual_seed_vietstock_category_page,1,True,True,EVIDENCE_SLOT_PLANNED_ONLY_NO_DOWNLOAD_FORCED
VIS,stage_2_evidence_candidates,P1_latest_audited_annual_financial_statement,Latest audited annual financial statement if available.,latest_audited_annual,annual,financial_statement,1_user_manual_seed_vietstock_category_page,1,True,True,EVIDENCE_SLOT_PLANNED_ONLY_NO_DOWNLOAD_FORCED
THT,stage_2_evidence_candidates,P0_latest_consolidated_financial_statement,Latest consolidated financial statement if available.,latest_available,quarterly_or_semiannual,financial_statement,1_user_manual_seed_vietstock_category_page,1,True,True,EVIDENCE_SLOT_PLANNED_ONLY_NO_DOWNLOAD_FORCED
THT,stage_2_evidence_candidates,P1_latest_audited_annual_financial_statement,Latest audited annual financial statement if available.,latest_audited_annual,annual,financial_statement,1_user_manual_seed_vietstock_category_page,1,True,True,EVIDENCE_SLOT_PLANNED_ONLY_NO_DOWNLOAD_FORCED
TDT,stage_2_evidence_candidates,P0_latest_consolidated_financial_statement,Latest consolidated financial statement if available.,latest_available,quarterly_or_semiannual,financial_statement,1_user_manual_seed_vietstock_category_page,1,True,True,EVIDENCE_SLOT_PLANNED_ONLY_NO_DOWNLOAD_FORCED
TDT,stage_2_evidence_candidates,P1_latest_audited_annual_financial_statement,Latest audited annual financial statement if available.,latest_audited_annual,annual,financial_statement,1_user_manual_seed_vietstock_category_page,1,True,True,EVIDENCE_SLOT_PLANNED_ONLY_NO_DOWNLOAD_FORCED
TRC,stage_2_evidence_candidates,P0_latest_consolidated_financial_statement,Latest consolidated financial statement if available.,latest_available,quarterly_or_semiannual,financial_statement,1_user_manual_seed_vietstock_category_page,1,True,True,EVIDENCE_SLOT_PLANNED_ONLY_NO_DOWNLOAD_FORCED
TRC,stage_2_evidence_candidates,P1_latest_audited_annual_financial_statement,Latest audited annual financial statement if available.,latest_audited_annual,annual,financial_statement,1_user_manual_seed_vietstock_category_page,1,True,True,EVIDENCE_SLOT_PLANNED_ONLY_NO_DOWNLOAD_FORCED
TIP,stage_2_evidence_candidates,P0_latest_consolidated_financial_statement,Latest consolidated financial statement if available.,latest_available,quarterly_or_semiannual,financial_statement,1_user_manual_seed_vietstock_category_page,1,True,True,EVIDENCE_SLOT_PLANNED_ONLY_NO_DOWNLOAD_FORCED
TIP,stage_2_evidence_candidates,P1_latest_audited_annual_financial_statement,Latest audited annual financial statement if available.,latest_audited_annual,annual,financial_statement,1_user_manual_seed_vietstock_category_page,1,True,True,EVIDENCE_SLOT_PLANNED_ONLY_NO_DOWNLOAD_FORCED
VNR,stage_2_evidence_candidates,P0_latest_consolidated_financial_statement,Latest consolidated financial statement if available.,latest_available,quarterly_or_semiannual,financial_statement,1_user_manual_seed_vietstock_category_page,1,True,True,EVIDENCE_SLOT_PLANNED_ONLY_NO_DOWNLOAD_FORCED
VNR,stage_2_evidence_candidates,P1_latest_audited_annual_financial_statement,Latest audited annual financial statement if available.,latest_audited_annual,annual,financial_statement,1_user_manual_seed_vietstock_category_page,1,True,True,EVIDENCE_SLOT_PLANNED_ONLY_NO_DOWNLOAD_FORCED
TNS,stage_2_evidence_candidates,P0_latest_consolidated_financial_statement,Latest consolidated financial statement if available.,latest_available,quarterly_or_semiannual,financial_statement,1_user_manual_seed_vietstock_category_page,1,True,True,EVIDENCE_SLOT_PLANNED_ONLY_NO_DOWNLOAD_FORCED
TNS,stage_2_evidence_candidates,P1_latest_audited_annual_financial_statement,Latest audited annual financial statement if available.,latest_audited_annual,annual,financial_statement,1_user_manual_seed_vietstock_category_page,1,True,True,EVIDENCE_SLOT_PLANNED_ONLY_NO_DOWNLOAD_FORCED
TEG,stage_2_evidence_candidates,P0_latest_consolidated_financial_statement,Latest consolidated financial statement if available.,latest_available,quarterly_or_semiannual,financial_statement,1_user_manual_seed_vietstock_category_page,1,True,True,EVIDENCE_SLOT_PLANNED_ONLY_NO_DOWNLOAD_FORCED
TEG,stage_2_evidence_candidates,P1_latest_audited_annual_financial_statement,Latest audited annual financial statement if available.,latest_audited_annual,annual,financial_statement,1_user_manual_seed_vietstock_category_page,1,True,True,EVIDENCE_SLOT_PLANNED_ONLY_NO_DOWNLOAD_FORCED
VLB,stage_2_evidence_candidates,P0_latest_consolidated_financial_statement,Latest consolidated financial statement if available.,latest_available,quarterly_or_semiannual,financial_statement,1_user_manual_seed_vietstock_category_page,1,True,True,EVIDENCE_SLOT_PLANNED_ONLY_NO_DOWNLOAD_FORCED
VLB,stage_2_evidence_candidates,P1_latest_audited_annual_financial_statement,Latest audited annual financial statement if available.,latest_audited_annual,annual,financial_statement,1_user_manual_seed_vietstock_category_page,1,True,True,EVIDENCE_SLOT_PLANNED_ONLY_NO_DOWNLOAD_FORCED
VTK,stage_2_evidence_candidates,P0_latest_consolidated_financial_statement,Latest consolidated financial statement if available.,latest_available,quarterly_or_semiannual,financial_statement,1_user_manual_seed_vietstock_category_page,1,True,True,EVIDENCE_SLOT_PLANNED_ONLY_NO_DOWNLOAD_FORCED
VTK,stage_2_evidence_candidates,P1_latest_audited_annual_financial_statement,Latest audited annual financial statement if available.,latest_audited_annual,annual,financial_statement,1_user_manual_seed_vietstock_category_page,1,True,True,EVIDENCE_SLOT_PLANNED_ONLY_NO_DOWNLOAD_FORCED
TMT,stage_2_evidence_candidates,P0_latest_consolidated_financial_statement,Latest consolidated financial statement if available.,latest_available,quarterly_or_semiannual,financial_statement,1_user_manual_seed_vietstock_category_page,1,True,True,EVIDENCE_SLOT_PLANNED_ONLY_NO_DOWNLOAD_FORCED
TMT,stage_2_evidence_candidates,P1_latest_audited_annual_financial_statement,Latest audited annual financial statement if available.,latest_audited_annual,annual,financial_statement,1_user_manual_seed_vietstock_category_page,1,True,True,EVIDENCE_SLOT_PLANNED_ONLY_NO_DOWNLOAD_FORCED
VRC,stage_2_evidence_candidates,P0_latest_consolidated_financial_statement,Latest consolidated financial statement if available.,latest_available,quarterly_or_semiannual,financial_statement,1_user_manual_seed_vietstock_category_page,1,True,True,EVIDENCE_SLOT_PLANNED_ONLY_NO_DOWNLOAD_FORCED
VRC,stage_2_evidence_candidates,P1_latest_audited_annual_financial_statement,Latest audited annual financial statement if available.,latest_audited_annual,annual,financial_statement,1_user_manual_seed_vietstock_category_page,1,True,True,EVIDENCE_SLOT_PLANNED_ONLY_NO_DOWNLOAD_FORCED
VC9,stage_2_evidence_candidates,P0_latest_consolidated_financial_statement,Latest consolidated financial statement if available.,latest_available,quarterly_or_semiannual,financial_statement,1_user_manual_seed_vietstock_category_page,1,True,True,EVIDENCE_SLOT_PLANNED_ONLY_NO_DOWNLOAD_FORCED
VC9,stage_2_evidence_candidates,P1_latest_audited_annual_financial_statement,Latest audited annual financial statement if available.,latest_audited_annual,annual,financial_statement,1_user_manual_seed_vietstock_category_page,1,True,True,EVIDENCE_SLOT_PLANNED_ONLY_NO_DOWNLOAD_FORCED
TIS,stage_2_evidence_candidates,P0_latest_consolidated_financial_statement,Latest consolidated financial statement if available.,latest_available,quarterly_or_semiannual,financial_statement,1_user_manual_seed_vietstock_category_page,1,True,True,EVIDENCE_SLOT_PLANNED_ONLY_NO_DOWNLOAD_FORCED
TIS,stage_2_evidence_candidates,P1_latest_audited_annual_financial_statement,Latest audited annual financial statement if available.,latest_audited_annual,annual,financial_statement,1_user_manual_seed_vietstock_category_page,1,True,True,EVIDENCE_SLOT_PLANNED_ONLY_NO_DOWNLOAD_FORCED
VKC,stage_2_evidence_candidates,P0_latest_consolidated_financial_statement,Latest consolidated financial statement if available.,latest_available,quarterly_or_semiannual,financial_statement,1_user_manual_seed_vietstock_category_page,1,True,True,EVIDENCE_SLOT_PLANNED_ONLY_NO_DOWNLOAD_FORCED
VKC,stage_2_evidence_candidates,P1_latest_audited_annual_financial_statement,Latest audited annual financial statement if available.,latest_audited_annual,annual,financial_statement,1_user_manual_seed_vietstock_category_page,1,True,True,EVIDENCE_SLOT_PLANNED_ONLY_NO_DOWNLOAD_FORCED
VGP,stage_2_evidence_candidates,P0_latest_consolidated_financial_statement,Latest consolidated financial statement if available.,latest_available,quarterly_or_semiannual,financial_statement,1_user_manual_seed_vietstock_category_page,1,True,True,EVIDENCE_SLOT_PLANNED_ONLY_NO_DOWNLOAD_FORCED
VGP,stage_2_evidence_candidates,P1_latest_audited_annual_financial_statement,Latest audited annual financial statement if available.,latest_audited_annual,annual,financial_statement,1_user_manual_seed_vietstock_category_page,1,True,True,EVIDENCE_SLOT_PLANNED_ONLY_NO_DOWNLOAD_FORCED
UDJ,stage_2_evidence_candidates,P0_latest_consolidated_financial_statement,Latest consolidated financial statement if available.,latest_available,quarterly_or_semiannual,financial_statement,1_user_manual_seed_vietstock_category_page,1,True,True,EVIDENCE_SLOT_PLANNED_ONLY_NO_DOWNLOAD_FORCED
UDJ,stage_2_evidence_candidates,P1_latest_audited_annual_financial_statement,Latest audited annual financial statement if available.,latest_audited_annual,annual,financial_statement,1_user_manual_seed_vietstock_category_page,1,True,True,EVIDENCE_SLOT_PLANNED_ONLY_NO_DOWNLOAD_FORCED
THI,stage_2_evidence_candidates,P0_latest_consolidated_financial_statement,Latest consolidated financial statement if available.,latest_available,quarterly_or_semiannual,financial_statement,1_user_manual_seed_vietstock_category_page,1,True,True,EVIDENCE_SLOT_PLANNED_ONLY_NO_DOWNLOAD_FORCED
THI,stage_2_evidence_candidates,P1_latest_audited_annual_financial_statement,Latest audited annual financial statement if available.,latest_audited_annual,annual,financial_statement,1_user_manual_seed_vietstock_category_page,1,True,True,EVIDENCE_SLOT_PLANNED_ONLY_NO_DOWNLOAD_FORCED
TV6,stage_2_evidence_candidates,P0_latest_consolidated_financial_statement,Latest consolidated financial statement if available.,latest_available,quarterly_or_semiannual,financial_statement,1_user_manual_seed_vietstock_category_page,1,True,True,EVIDENCE_SLOT_PLANNED_ONLY_NO_DOWNLOAD_FORCED
TV6,stage_2_evidence_candidates,P1_latest_audited_annual_financial_statement,Latest audited annual financial statement if available.,latest_audited_annual,annual,financial_statement,1_user_manual_seed_vietstock_category_page,1,True,True,EVIDENCE_SLOT_PLANNED_ONLY_NO_DOWNLOAD_FORCED
VW3,stage_2_evidence_candidates,P0_latest_consolidated_financial_statement,Latest consolidated financial statement if available.,latest_available,quarterly_or_semiannual,financial_statement,1_user_manual_seed_vietstock_category_page,1,True,True,EVIDENCE_SLOT_PLANNED_ONLY_NO_DOWNLOAD_FORCED
VW3,stage_2_evidence_candidates,P1_latest_audited_annual_financial_statement,Latest audited annual financial statement if available.,latest_audited_annual,annual,financial_statement,1_user_manual_seed_vietstock_category_page,1,True,True,EVIDENCE_SLOT_PLANNED_ONLY_NO_DOWNLOAD_FORCED
THG,stage_2_evidence_candidates,P0_latest_consolidated_financial_statement,Latest consolidated financial statement if available.,latest_available,quarterly_or_semiannual,financial_statement,1_user_manual_seed_vietstock_category_page,1,True,True,EVIDENCE_SLOT_PLANNED_ONLY_NO_DOWNLOAD_FORCED
THG,stage_2_evidence_candidates,P1_latest_audited_annual_financial_statement,Latest audited annual financial statement if available.,latest_audited_annual,annual,financial_statement,1_user_manual_seed_vietstock_category_page,1,True,True,EVIDENCE_SLOT_PLANNED_ONLY_NO_DOWNLOAD_FORCED
VRG,stage_2_evidence_candidates,P0_latest_consolidated_financial_statement,Latest consolidated financial statement if available.,latest_available,quarterly_or_semiannual,financial_statement,1_user_manual_seed_vietstock_category_page,1,True,True,EVIDENCE_SLOT_PLANNED_ONLY_NO_DOWNLOAD_FORCED
VRG,stage_2_evidence_candidates,P1_latest_audited_annual_financial_statement,Latest audited annual financial statement if available.,latest_audited_annual,annual,financial_statement,1_user_manual_seed_vietstock_category_page,1,True,True,EVIDENCE_SLOT_PLANNED_ONLY_NO_DOWNLOAD_FORCED
TTG,stage_2_evidence_candidates,P0_latest_consolidated_financial_statement,Latest consolidated financial statement if available.,latest_available,quarterly_or_semiannual,financial_statement,1_user_manual_seed_vietstock_category_page,1,True,True,EVIDENCE_SLOT_PLANNED_ONLY_NO_DOWNLOAD_FORCED
TTG,stage_2_evidence_candidates,P1_latest_audited_annual_financial_statement,Latest audited annual financial statement if available.,latest_audited_annual,annual,financial_statement,1_user_manual_seed_vietstock_category_page,1,True,True,EVIDENCE_SLOT_PLANNED_ONLY_NO_DOWNLOAD_FORCED
TRA,stage_2_evidence_candidates,P0_latest_consolidated_financial_statement,Latest consolidated financial statement if available.,latest_available,quarterly_or_semiannual,financial_statement,1_user_manual_seed_vietstock_category_page,1,True,True,EVIDENCE_SLOT_PLANNED_ONLY_NO_DOWNLOAD_FORCED
TRA,stage_2_evidence_candidates,P1_latest_audited_annual_financial_statement,Latest audited annual financial statement if available.,latest_audited_annual,annual,financial_statement,1_user_manual_seed_vietstock_category_page,1,True,True,EVIDENCE_SLOT_PLANNED_ONLY_NO_DOWNLOAD_FORCED
TH1,stage_2_evidence_candidates,P0_latest_consolidated_financial_statement,Latest consolidated financial statement if available.,latest_available,quarterly_or_semiannual,financial_statement,1_user_manual_seed_vietstock_category_page,1,True,True,EVIDENCE_SLOT_PLANNED_ONLY_NO_DOWNLOAD_FORCED
TH1,stage_2_evidence_candidates,P1_latest_audited_annual_financial_statement,Latest audited annual financial statement if available.,latest_audited_annual,annual,financial_statement,1_user_manual_seed_vietstock_category_page,1,True,True,EVIDENCE_SLOT_PLANNED_ONLY_NO_DOWNLOAD_FORCED
UDC,stage_2_evidence_candidates,P0_latest_consolidated_financial_statement,Latest consolidated financial statement if available.,latest_available,quarterly_or_semiannual,financial_statement,1_user_manual_seed_vietstock_category_page,1,True,True,EVIDENCE_SLOT_PLANNED_ONLY_NO_DOWNLOAD_FORCED
UDC,stage_2_evidence_candidates,P1_latest_audited_annual_financial_statement,Latest audited annual financial statement if available.,latest_audited_annual,annual,financial_statement,1_user_manual_seed_vietstock_category_page,1,True,True,EVIDENCE_SLOT_PLANNED_ONLY_NO_DOWNLOAD_FORCED
VAF,stage_2_evidence_candidates,P0_latest_consolidated_financial_statement,Latest consolidated financial statement if available.,latest_available,quarterly_or_semiannual,financial_statement,1_user_manual_seed_vietstock_category_page,1,True,True,EVIDENCE_SLOT_PLANNED_ONLY_NO_DOWNLOAD_FORCED
VAF,stage_2_evidence_candidates,P1_latest_audited_annual_financial_statement,Latest audited annual financial statement if available.,latest_audited_annual,annual,financial_statement,1_user_manual_seed_vietstock_category_page,1,True,True,EVIDENCE_SLOT_PLANNED_ONLY_NO_DOWNLOAD_FORCED
VSH,stage_2_evidence_candidates,P0_latest_consolidated_financial_statement,Latest consolidated financial statement if available.,latest_available,quarterly_or_semiannual,financial_statement,1_user_manual_seed_vietstock_category_page,1,True,True,EVIDENCE_SLOT_PLANNED_ONLY_NO_DOWNLOAD_FORCED
VSH,stage_2_evidence_candidates,P1_latest_audited_annual_financial_statement,Latest audited annual financial statement if available.,latest_audited_annual,annual,financial_statement,1_user_manual_seed_vietstock_category_page,1,True,True,EVIDENCE_SLOT_PLANNED_ONLY_NO_DOWNLOAD_FORCED
VFG,stage_2_evidence_candidates,P0_latest_consolidated_financial_statement,Latest consolidated financial statement if available.,latest_available,quarterly_or_semiannual,financial_statement,1_user_manual_seed_vietstock_category_page,1,True,True,EVIDENCE_SLOT_PLANNED_ONLY_NO_DOWNLOAD_FORCED
VFG,stage_2_evidence_candidates,P1_latest_audited_annual_financial_statement,Latest audited annual financial statement if available.,latest_audited_annual,annual,financial_statement,1_user_manual_seed_vietstock_category_page,1,True,True,EVIDENCE_SLOT_PLANNED_ONLY_NO_DOWNLOAD_FORCED
VEF,stage_2_evidence_candidates,P0_latest_consolidated_financial_statement,Latest consolidated financial statement if available.,latest_available,quarterly_or_semiannual,financial_statement,1_user_manual_seed_vietstock_category_page,1,True,True,EVIDENCE_SLOT_PLANNED_ONLY_NO_DOWNLOAD_FORCED
VEF,stage_2_evidence_candidates,P1_latest_audited_annual_financial_statement,Latest audited annual financial statement if available.,latest_audited_annual,annual,financial_statement,1_user_manual_seed_vietstock_category_page,1,True,True,EVIDENCE_SLOT_PLANNED_ONLY_NO_DOWNLOAD_FORCED
VPL,stage_2_evidence_candidates,P0_latest_consolidated_financial_statement,Latest consolidated financial statement if available.,latest_available,quarterly_or_semiannual,financial_statement,1_user_manual_seed_vietstock_category_page,1,True,True,EVIDENCE_SLOT_PLANNED_ONLY_NO_DOWNLOAD_FORCED
VPL,stage_2_evidence_candidates,P1_latest_audited_annual_financial_statement,Latest audited annual financial statement if available.,latest_audited_annual,annual,financial_statement,1_user_manual_seed_vietstock_category_page,1,True,True,EVIDENCE_SLOT_PLANNED_ONLY_NO_DOWNLOAD_FORCED
TFC,stage_2_evidence_candidates,P0_latest_consolidated_financial_statement,Latest consolidated financial statement if available.,latest_available,quarterly_or_semiannual,financial_statement,1_user_manual_seed_vietstock_category_page,1,True,True,EVIDENCE_SLOT_PLANNED_ONLY_NO_DOWNLOAD_FORCED
TFC,stage_2_evidence_candidates,P1_latest_audited_annual_financial_statement,Latest audited annual financial statement if available.,latest_audited_annual,annual,financial_statement,1_user_manual_seed_vietstock_category_page,1,True,True,EVIDENCE_SLOT_PLANNED_ONLY_NO_DOWNLOAD_FORCED
VPD,stage_2_evidence_candidates,P0_latest_consolidated_financial_statement,Latest consolidated financial statement if available.,latest_available,quarterly_or_semiannual,financial_statement,1_user_manual_seed_vietstock_category_page,1,True,True,EVIDENCE_SLOT_PLANNED_ONLY_NO_DOWNLOAD_FORCED
VPD,stage_2_evidence_candidates,P1_latest_audited_annual_financial_statement,Latest audited annual financial statement if available.,latest_audited_annual,annual,financial_statement,1_user_manual_seed_vietstock_category_page,1,True,True,EVIDENCE_SLOT_PLANNED_ONLY_NO_DOWNLOAD_FORCED
TID,stage_2_evidence_candidates,P0_latest_consolidated_financial_statement,Latest consolidated financial statement if available.,latest_available,quarterly_or_semiannual,financial_statement,1_user_manual_seed_vietstock_category_page,1,True,True,EVIDENCE_SLOT_PLANNED_ONLY_NO_DOWNLOAD_FORCED
TID,stage_2_evidence_candidates,P1_latest_audited_annual_financial_statement,Latest audited annual financial statement if available.,latest_audited_annual,annual,financial_statement,1_user_manual_seed_vietstock_category_page,1,True,True,EVIDENCE_SLOT_PLANNED_ONLY_NO_DOWNLOAD_FORCED
TMP,stage_2_evidence_candidates,P0_latest_consolidated_financial_statement,Latest consolidated financial statement if available.,latest_available,quarterly_or_semiannual,financial_statement,1_user_manual_seed_vietstock_category_page,1,True,True,EVIDENCE_SLOT_PLANNED_ONLY_NO_DOWNLOAD_FORCED
TMP,stage_2_evidence_candidates,P1_latest_audited_annual_financial_statement,Latest audited annual financial statement if available.,latest_audited_annual,annual,financial_statement,1_user_manual_seed_vietstock_category_page,1,True,True,EVIDENCE_SLOT_PLANNED_ONLY_NO_DOWNLOAD_FORCED
VPR,stage_2_evidence_candidates,P0_latest_consolidated_financial_statement,Latest consolidated financial statement if available.,latest_available,quarterly_or_semiannual,financial_statement,1_user_manual_seed_vietstock_category_page,1,True,True,EVIDENCE_SLOT_PLANNED_ONLY_NO_DOWNLOAD_FORCED
VPR,stage_2_evidence_candidates,P1_latest_audited_annual_financial_statement,Latest audited annual financial statement if available.,latest_audited_annual,annual,financial_statement,1_user_manual_seed_vietstock_category_page,1,True,True,EVIDENCE_SLOT_PLANNED_ONLY_NO_DOWNLOAD_FORCED
TNW,stage_2_evidence_candidates,P0_latest_consolidated_financial_statement,Latest consolidated financial statement if available.,latest_available,quarterly_or_semiannual,financial_statement,1_user_manual_seed_vietstock_category_page,1,True,True,EVIDENCE_SLOT_PLANNED_ONLY_NO_DOWNLOAD_FORCED
TNW,stage_2_evidence_candidates,P1_latest_audited_annual_financial_statement,Latest audited annual financial statement if available.,latest_audited_annual,annual,financial_statement,1_user_manual_seed_vietstock_category_page,1,True,True,EVIDENCE_SLOT_PLANNED_ONLY_NO_DOWNLOAD_FORCED
VIF,stage_2_evidence_candidates,P0_latest_consolidated_financial_statement,Latest consolidated financial statement if available.,latest_available,quarterly_or_semiannual,financial_statement,1_user_manual_seed_vietstock_category_page,1,True,True,EVIDENCE_SLOT_PLANNED_ONLY_NO_DOWNLOAD_FORCED
VIF,stage_2_evidence_candidates,P1_latest_audited_annual_financial_statement,Latest audited annual financial statement if available.,latest_audited_annual,annual,financial_statement,1_user_manual_seed_vietstock_category_page,1,True,True,EVIDENCE_SLOT_PLANNED_ONLY_NO_DOWNLOAD_FORCED
VGG,stage_2_evidence_candidates,P0_latest_consolidated_financial_statement,Latest consolidated financial statement if available.,latest_available,quarterly_or_semiannual,financial_statement,1_user_manual_seed_vietstock_category_page,1,True,True,EVIDENCE_SLOT_PLANNED_ONLY_NO_DOWNLOAD_FORCED
VGG,stage_2_evidence_candidates,P1_latest_audited_annual_financial_statement,Latest audited annual financial statement if available.,latest_audited_annual,annual,financial_statement,1_user_manual_seed_vietstock_category_page,1,True,True,EVIDENCE_SLOT_PLANNED_ONLY_NO_DOWNLOAD_FORCED
VLA,stage_2_evidence_candidates,P0_latest_consolidated_financial_statement,Latest consolidated financial statement if available.,latest_available,quarterly_or_semiannual,financial_statement,1_user_manual_seed_vietstock_category_page,1,True,True,EVIDENCE_SLOT_PLANNED_ONLY_NO_DOWNLOAD_FORCED
VLA,stage_2_evidence_candidates,P1_latest_audited_annual_financial_statement,Latest audited annual financial statement if available.,latest_audited_annual,annual,financial_statement,1_user_manual_seed_vietstock_category_page,1,True,True,EVIDENCE_SLOT_PLANNED_ONLY_NO_DOWNLOAD_FORCED
UNI,stage_2_evidence_candidates,P0_latest_consolidated_financial_statement,Latest consolidated financial statement if available.,latest_available,quarterly_or_semiannual,financial_statement,1_user_manual_seed_vietstock_category_page,1,True,True,EVIDENCE_SLOT_PLANNED_ONLY_NO_DOWNLOAD_FORCED
UNI,stage_2_evidence_candidates,P1_latest_audited_annual_financial_statement,Latest audited annual financial statement if available.,latest_audited_annual,annual,financial_statement,1_user_manual_seed_vietstock_category_page,1,True,True,EVIDENCE_SLOT_PLANNED_ONLY_NO_DOWNLOAD_FORCED
VPS,stage_2_evidence_candidates,P0_latest_consolidated_financial_statement,Latest consolidated financial statement if available.,latest_available,quarterly_or_semiannual,financial_statement,1_user_manual_seed_vietstock_category_page,1,True,True,EVIDENCE_SLOT_PLANNED_ONLY_NO_DOWNLOAD_FORCED
VPS,stage_2_evidence_candidates,P1_latest_audited_annual_financial_statement,Latest audited annual financial statement if available.,latest_audited_annual,annual,financial_statement,1_user_manual_seed_vietstock_category_page,1,True,True,EVIDENCE_SLOT_PLANNED_ONLY_NO_DOWNLOAD_FORCED
VID,stage_2_evidence_candidates,P0_latest_consolidated_financial_statement,Latest consolidated financial statement if available.,latest_available,quarterly_or_semiannual,financial_statement,1_user_manual_seed_vietstock_category_page,1,True,True,EVIDENCE_SLOT_PLANNED_ONLY_NO_DOWNLOAD_FORCED
VID,stage_2_evidence_candidates,P1_latest_audited_annual_financial_statement,Latest audited annual financial statement if available.,latest_audited_annual,annual,financial_statement,1_user_manual_seed_vietstock_category_page,1,True,True,EVIDENCE_SLOT_PLANNED_ONLY_NO_DOWNLOAD_FORCED
UPH,stage_2_evidence_candidates,P0_latest_consolidated_financial_statement,Latest consolidated financial statement if available.,latest_available,quarterly_or_semiannual,financial_statement,1_user_manual_seed_vietstock_category_page,1,True,True,EVIDENCE_SLOT_PLANNED_ONLY_NO_DOWNLOAD_FORCED
UPH,stage_2_evidence_candidates,P1_latest_audited_annual_financial_statement,Latest audited annual financial statement if available.,latest_audited_annual,annual,financial_statement,1_user_manual_seed_vietstock_category_page,1,True,True,EVIDENCE_SLOT_PLANNED_ONLY_NO_DOWNLOAD_FORCED
VNG,stage_2_evidence_candidates,P0_latest_consolidated_financial_statement,Latest consolidated financial statement if available.,latest_available,quarterly_or_semiannual,financial_statement,1_user_manual_seed_vietstock_category_page,1,True,True,EVIDENCE_SLOT_PLANNED_ONLY_NO_DOWNLOAD_FORCED
VNG,stage_2_evidence_candidates,P1_latest_audited_annual_financial_statement,Latest audited annual financial statement if available.,latest_audited_annual,annual,financial_statement,1_user_manual_seed_vietstock_category_page,1,True,True,EVIDENCE_SLOT_PLANNED_ONLY_NO_DOWNLOAD_FORCED
WSB,stage_2_evidence_candidates,P0_latest_consolidated_financial_statement,Latest consolidated financial statement if available.,latest_available,quarterly_or_semiannual,financial_statement,1_user_manual_seed_vietstock_category_page,1,True,True,EVIDENCE_SLOT_PLANNED_ONLY_NO_DOWNLOAD_FORCED
WSB,stage_2_evidence_candidates,P1_latest_audited_annual_financial_statement,Latest audited annual financial statement if available.,latest_audited_annual,annual,financial_statement,1_user_manual_seed_vietstock_category_page,1,True,True,EVIDENCE_SLOT_PLANNED_ONLY_NO_DOWNLOAD_FORCED
UIC,stage_2_evidence_candidates,P0_latest_consolidated_financial_statement,Latest consolidated financial statement if available.,latest_available,quarterly_or_semiannual,financial_statement,1_user_manual_seed_vietstock_category_page,1,True,True,EVIDENCE_SLOT_PLANNED_ONLY_NO_DOWNLOAD_FORCED
UIC,stage_2_evidence_candidates,P1_latest_audited_annual_financial_statement,Latest audited annual financial statement if available.,latest_audited_annual,annual,financial_statement,1_user_manual_seed_vietstock_category_page,1,True,True,EVIDENCE_SLOT_PLANNED_ONLY_NO_DOWNLOAD_FORCED
TST,stage_2_evidence_candidates,P0_latest_consolidated_financial_statement,Latest consolidated financial statement if available.,latest_available,quarterly_or_semiannual,financial_statement,1_user_manual_seed_vietstock_category_page,1,True,True,EVIDENCE_SLOT_PLANNED_ONLY_NO_DOWNLOAD_FORCED
TST,stage_2_evidence_candidates,P1_latest_audited_annual_financial_statement,Latest audited annual financial statement if available.,latest_audited_annual,annual,financial_statement,1_user_manual_seed_vietstock_category_page,1,True,True,EVIDENCE_SLOT_PLANNED_ONLY_NO_DOWNLOAD_FORCED
VEC,stage_2_evidence_candidates,P0_latest_consolidated_financial_statement,Latest consolidated financial statement if available.,latest_available,quarterly_or_semiannual,financial_statement,1_user_manual_seed_vietstock_category_page,1,True,True,EVIDENCE_SLOT_PLANNED_ONLY_NO_DOWNLOAD_FORCED
VEC,stage_2_evidence_candidates,P1_latest_audited_annual_financial_statement,Latest audited annual financial statement if available.,latest_audited_annual,annual,financial_statement,1_user_manual_seed_vietstock_category_page,1,True,True,EVIDENCE_SLOT_PLANNED_ONLY_NO_DOWNLOAD_FORCED
VCA,stage_2_evidence_candidates,P0_latest_consolidated_financial_statement,Latest consolidated financial statement if available.,latest_available,quarterly_or_semiannual,financial_statement,1_user_manual_seed_vietstock_category_page,1,True,True,EVIDENCE_SLOT_PLANNED_ONLY_NO_DOWNLOAD_FORCED
VCA,stage_2_evidence_candidates,P1_latest_audited_annual_financial_statement,Latest audited annual financial statement if available.,latest_audited_annual,annual,financial_statement,1_user_manual_seed_vietstock_category_page,1,True,True,EVIDENCE_SLOT_PLANNED_ONLY_NO_DOWNLOAD_FORCED
YBM,stage_2_evidence_candidates,P0_latest_consolidated_financial_statement,Latest consolidated financial statement if available.,latest_available,quarterly_or_semiannual,financial_statement,1_user_manual_seed_vietstock_category_page,1,True,True,EVIDENCE_SLOT_PLANNED_ONLY_NO_DOWNLOAD_FORCED
YBM,stage_2_evidence_candidates,P1_latest_audited_annual_financial_statement,Latest audited annual financial statement if available.,latest_audited_annual,annual,financial_statement,1_user_manual_seed_vietstock_category_page,1,True,True,EVIDENCE_SLOT_PLANNED_ONLY_NO_DOWNLOAD_FORCED
VMG,stage_2_evidence_candidates,P0_latest_consolidated_financial_statement,Latest consolidated financial statement if available.,latest_available,quarterly_or_semiannual,financial_statement,1_user_manual_seed_vietstock_category_page,1,True,True,EVIDENCE_SLOT_PLANNED_ONLY_NO_DOWNLOAD_FORCED
VMG,stage_2_evidence_candidates,P1_latest_audited_annual_financial_statement,Latest audited annual financial statement if available.,latest_audited_annual,annual,financial_statement,1_user_manual_seed_vietstock_category_page,1,True,True,EVIDENCE_SLOT_PLANNED_ONLY_NO_DOWNLOAD_FORCED
TDW,stage_2_evidence_candidates,P0_latest_consolidated_financial_statement,Latest consolidated financial statement if available.,latest_available,quarterly_or_semiannual,financial_statement,1_user_manual_seed_vietstock_category_page,1,True,True,EVIDENCE_SLOT_PLANNED_ONLY_NO_DOWNLOAD_FORCED
TDW,stage_2_evidence_candidates,P1_latest_audited_annual_financial_statement,Latest audited annual financial statement if available.,latest_audited_annual,annual,financial_statement,1_user_manual_seed_vietstock_category_page,1,True,True,EVIDENCE_SLOT_PLANNED_ONLY_NO_DOWNLOAD_FORCED
VTL,stage_2_evidence_candidates,P0_latest_consolidated_financial_statement,Latest consolidated financial statement if available.,latest_available,quarterly_or_semiannual,financial_statement,1_user_manual_seed_vietstock_category_page,1,True,True,EVIDENCE_SLOT_PLANNED_ONLY_NO_DOWNLOAD_FORCED
VTL,stage_2_evidence_candidates,P1_latest_audited_annual_financial_statement,Latest audited annual financial statement if available.,latest_audited_annual,annual,financial_statement,1_user_manual_seed_vietstock_category_page,1,True,True,EVIDENCE_SLOT_PLANNED_ONLY_NO_DOWNLOAD_FORCED
THB,stage_2_evidence_candidates,P0_latest_consolidated_financial_statement,Latest consolidated financial statement if available.,latest_available,quarterly_or_semiannual,financial_statement,1_user_manual_seed_vietstock_category_page,1,True,True,EVIDENCE_SLOT_PLANNED_ONLY_NO_DOWNLOAD_FORCED
THB,stage_2_evidence_candidates,P1_latest_audited_annual_financial_statement,Latest audited annual financial statement if available.,latest_audited_annual,annual,financial_statement,1_user_manual_seed_vietstock_category_page,1,True,True,EVIDENCE_SLOT_PLANNED_ONLY_NO_DOWNLOAD_FORCED
TMB,stage_2_evidence_candidates,P0_latest_consolidated_financial_statement,Latest consolidated financial statement if available.,latest_available,quarterly_or_semiannual,financial_statement,1_user_manual_seed_vietstock_category_page,1,True,True,EVIDENCE_SLOT_PLANNED_ONLY_NO_DOWNLOAD_FORCED
TMB,stage_2_evidence_candidates,P1_latest_audited_annual_financial_statement,Latest audited annual financial statement if available.,latest_audited_annual,annual,financial_statement,1_user_manual_seed_vietstock_category_page,1,True,True,EVIDENCE_SLOT_PLANNED_ONLY_NO_DOWNLOAD_FORCED
TVT,stage_2_evidence_candidates,P0_latest_consolidated_financial_statement,Latest consolidated financial statement if available.,latest_available,quarterly_or_semiannual,financial_statement,1_user_manual_seed_vietstock_category_page,1,True,True,EVIDENCE_SLOT_PLANNED_ONLY_NO_DOWNLOAD_FORCED
TVT,stage_2_evidence_candidates,P1_latest_audited_annual_financial_statement,Latest audited annual financial statement if available.,latest_audited_annual,annual,financial_statement,1_user_manual_seed_vietstock_category_page,1,True,True,EVIDENCE_SLOT_PLANNED_ONLY_NO_DOWNLOAD_FORCED
VET,stage_2_evidence_candidates,P0_latest_consolidated_financial_statement,Latest consolidated financial statement if available.,latest_available,quarterly_or_semiannual,financial_statement,1_user_manual_seed_vietstock_category_page,1,True,True,EVIDENCE_SLOT_PLANNED_ONLY_NO_DOWNLOAD_FORCED
VET,stage_2_evidence_candidates,P1_latest_audited_annual_financial_statement,Latest audited annual financial statement if available.,latest_audited_annual,annual,financial_statement,1_user_manual_seed_vietstock_category_page,1,True,True,EVIDENCE_SLOT_PLANNED_ONLY_NO_DOWNLOAD_FORCED
TVW,stage_2_evidence_candidates,P0_latest_consolidated_financial_statement,Latest consolidated financial statement if available.,latest_available,quarterly_or_semiannual,financial_statement,1_user_manual_seed_vietstock_category_page,1,True,True,EVIDENCE_SLOT_PLANNED_ONLY_NO_DOWNLOAD_FORCED
TVW,stage_2_evidence_candidates,P1_latest_audited_annual_financial_statement,Latest audited annual financial statement if available.,latest_audited_annual,annual,financial_statement,1_user_manual_seed_vietstock_category_page,1,True,True,EVIDENCE_SLOT_PLANNED_ONLY_NO_DOWNLOAD_FORCED
TMC,stage_2_evidence_candidates,P0_latest_consolidated_financial_statement,Latest consolidated financial statement if available.,latest_available,quarterly_or_semiannual,financial_statement,1_user_manual_seed_vietstock_category_page,1,True,True,EVIDENCE_SLOT_PLANNED_ONLY_NO_DOWNLOAD_FORCED
TMC,stage_2_evidence_candidates,P1_latest_audited_annual_financial_statement,Latest audited annual financial statement if available.,latest_audited_annual,annual,financial_statement,1_user_manual_seed_vietstock_category_page,1,True,True,EVIDENCE_SLOT_PLANNED_ONLY_NO_DOWNLOAD_FORCED
VPB,stage_2_evidence_candidates,P0_latest_consolidated_financial_statement,Latest consolidated financial statement if available.,latest_available,quarterly_or_semiannual,financial_statement,1_user_manual_seed_vietstock_category_page,1,True,True,EVIDENCE_SLOT_PLANNED_ONLY_NO_DOWNLOAD_FORCED
VPB,stage_2_evidence_candidates,P1_latest_audited_annual_financial_statement,Latest audited annual financial statement if available.,latest_audited_annual,annual,financial_statement,1_user_manual_seed_vietstock_category_page,1,True,True,EVIDENCE_SLOT_PLANNED_ONLY_NO_DOWNLOAD_FORCED
UPC,stage_2_evidence_candidates,P0_latest_consolidated_financial_statement,Latest consolidated financial statement if available.,latest_available,quarterly_or_semiannual,financial_statement,1_user_manual_seed_vietstock_category_page,1,True,True,EVIDENCE_SLOT_PLANNED_ONLY_NO_DOWNLOAD_FORCED
UPC,stage_2_evidence_candidates,P1_latest_audited_annual_financial_statement,Latest audited annual financial statement if available.,latest_audited_annual,annual,financial_statement,1_user_manual_seed_vietstock_category_page,1,True,True,EVIDENCE_SLOT_PLANNED_ONLY_NO_DOWNLOAD_FORCED
VTE,stage_2_evidence_candidates,P0_latest_consolidated_financial_statement,Latest consolidated financial statement if available.,latest_available,quarterly_or_semiannual,financial_statement,1_user_manual_seed_vietstock_category_page,1,True,True,EVIDENCE_SLOT_PLANNED_ONLY_NO_DOWNLOAD_FORCED
VTE,stage_2_evidence_candidates,P1_latest_audited_annual_financial_statement,Latest audited annual financial statement if available.,latest_audited_annual,annual,financial_statement,1_user_manual_seed_vietstock_category_page,1,True,True,EVIDENCE_SLOT_PLANNED_ONLY_NO_DOWNLOAD_FORCED
VSN,stage_2_evidence_candidates,P0_latest_consolidated_financial_statement,Latest consolidated financial statement if available.,latest_available,quarterly_or_semiannual,financial_statement,1_user_manual_seed_vietstock_category_page,1,True,True,EVIDENCE_SLOT_PLANNED_ONLY_NO_DOWNLOAD_FORCED
VSN,stage_2_evidence_candidates,P1_latest_audited_annual_financial_statement,Latest audited annual financial statement if available.,latest_audited_annual,annual,financial_statement,1_user_manual_seed_vietstock_category_page,1,True,True,EVIDENCE_SLOT_PLANNED_ONLY_NO_DOWNLOAD_FORCED
TLP,stage_2_evidence_candidates,P0_latest_consolidated_financial_statement,Latest consolidated financial statement if available.,latest_available,quarterly_or_semiannual,financial_statement,1_user_manual_seed_vietstock_category_page,1,True,True,EVIDENCE_SLOT_PLANNED_ONLY_NO_DOWNLOAD_FORCED
TLP,stage_2_evidence_candidates,P1_latest_audited_annual_financial_statement,Latest audited annual financial statement if available.,latest_audited_annual,annual,financial_statement,1_user_manual_seed_vietstock_category_page,1,True,True,EVIDENCE_SLOT_PLANNED_ONLY_NO_DOWNLOAD_FORCED
VNZ,stage_2_evidence_candidates,P0_latest_consolidated_financial_statement,Latest consolidated financial statement if available.,latest_available,quarterly_or_semiannual,financial_statement,1_user_manual_seed_vietstock_category_page,1,True,True,EVIDENCE_SLOT_PLANNED_ONLY_NO_DOWNLOAD_FORCED
VNZ,stage_2_evidence_candidates,P1_latest_audited_annual_financial_statement,Latest audited annual financial statement if available.,latest_audited_annual,annual,financial_statement,1_user_manual_seed_vietstock_category_page,1,True,True,EVIDENCE_SLOT_PLANNED_ONLY_NO_DOWNLOAD_FORCED
VAV,stage_2_evidence_candidates,P0_latest_consolidated_financial_statement,Latest consolidated financial statement if available.,latest_available,quarterly_or_semiannual,financial_statement,1_user_manual_seed_vietstock_category_page,1,True,True,EVIDENCE_SLOT_PLANNED_ONLY_NO_DOWNLOAD_FORCED
VAV,stage_2_evidence_candidates,P1_latest_audited_annual_financial_statement,Latest audited annual financial statement if available.,latest_audited_annual,annual,financial_statement,1_user_manual_seed_vietstock_category_page,1,True,True,EVIDENCE_SLOT_PLANNED_ONLY_NO_DOWNLOAD_FORCED
VCF,stage_2_evidence_candidates,P0_latest_consolidated_financial_statement,Latest consolidated financial statement if available.,latest_available,quarterly_or_semiannual,financial_statement,1_user_manual_seed_vietstock_category_page,1,True,True,EVIDENCE_SLOT_PLANNED_ONLY_NO_DOWNLOAD_FORCED
VCF,stage_2_evidence_candidates,P1_latest_audited_annual_financial_statement,Latest audited annual financial statement if available.,latest_audited_annual,annual,financial_statement,1_user_manual_seed_vietstock_category_page,1,True,True,EVIDENCE_SLOT_PLANNED_ONLY_NO_DOWNLOAD_FORCED
VCB,stage_2_evidence_candidates,P0_latest_consolidated_financial_statement,Latest consolidated financial statement if available.,latest_available,quarterly_or_semiannual,financial_statement,1_user_manual_seed_vietstock_category_page,1,True,True,EVIDENCE_SLOT_PLANNED_ONLY_NO_DOWNLOAD_FORCED
VCB,stage_2_evidence_candidates,P1_latest_audited_annual_financial_statement,Latest audited annual financial statement if available.,latest_audited_annual,annual,financial_statement,1_user_manual_seed_vietstock_category_page,1,True,True,EVIDENCE_SLOT_PLANNED_ONLY_NO_DOWNLOAD_FORCED
VMD,stage_2_evidence_candidates,P0_latest_consolidated_financial_statement,Latest consolidated financial statement if available.,latest_available,quarterly_or_semiannual,financial_statement,1_user_manual_seed_vietstock_category_page,1,True,True,EVIDENCE_SLOT_PLANNED_ONLY_NO_DOWNLOAD_FORCED
VMD,stage_2_evidence_candidates,P1_latest_audited_annual_financial_statement,Latest audited annual financial statement if available.,latest_audited_annual,annual,financial_statement,1_user_manual_seed_vietstock_category_page,1,True,True,EVIDENCE_SLOT_PLANNED_ONLY_NO_DOWNLOAD_FORCED
THP,stage_2_evidence_candidates,P0_latest_consolidated_financial_statement,Latest consolidated financial statement if available.,latest_available,quarterly_or_semiannual,financial_statement,1_user_manual_seed_vietstock_category_page,1,True,True,EVIDENCE_SLOT_PLANNED_ONLY_NO_DOWNLOAD_FORCED
THP,stage_2_evidence_candidates,P1_latest_audited_annual_financial_statement,Latest audited annual financial statement if available.,latest_audited_annual,annual,financial_statement,1_user_manual_seed_vietstock_category_page,1,True,True,EVIDENCE_SLOT_PLANNED_ONLY_NO_DOWNLOAD_FORCED
VTQ,stage_2_evidence_candidates,P0_latest_consolidated_financial_statement,Latest consolidated financial statement if available.,latest_available,quarterly_or_semiannual,financial_statement,1_user_manual_seed_vietstock_category_page,1,True,True,EVIDENCE_SLOT_PLANNED_ONLY_NO_DOWNLOAD_FORCED
VTQ,stage_2_evidence_candidates,P1_latest_audited_annual_financial_statement,Latest audited annual financial statement if available.,latest_audited_annual,annual,financial_statement,1_user_manual_seed_vietstock_category_page,1,True,True,EVIDENCE_SLOT_PLANNED_ONLY_NO_DOWNLOAD_FORCED
TKU,stage_2_evidence_candidates,P0_latest_consolidated_financial_statement,Latest consolidated financial statement if available.,latest_available,quarterly_or_semiannual,financial_statement,1_user_manual_seed_vietstock_category_page,1,True,True,EVIDENCE_SLOT_PLANNED_ONLY_NO_DOWNLOAD_FORCED
TKU,stage_2_evidence_candidates,P1_latest_audited_annual_financial_statement,Latest audited annual financial statement if available.,latest_audited_annual,annual,financial_statement,1_user_manual_seed_vietstock_category_page,1,True,True,EVIDENCE_SLOT_PLANNED_ONLY_NO_DOWNLOAD_FORCED
TTT,stage_2_evidence_candidates,P0_latest_consolidated_financial_statement,Latest consolidated financial statement if available.,latest_available,quarterly_or_semiannual,financial_statement,1_user_manual_seed_vietstock_category_page,1,True,True,EVIDENCE_SLOT_PLANNED_ONLY_NO_DOWNLOAD_FORCED
TTT,stage_2_evidence_candidates,P1_latest_audited_annual_financial_statement,Latest audited annual financial statement if available.,latest_audited_annual,annual,financial_statement,1_user_manual_seed_vietstock_category_page,1,True,True,EVIDENCE_SLOT_PLANNED_ONLY_NO_DOWNLOAD_FORCED
TDB,stage_2_evidence_candidates,P0_latest_consolidated_financial_statement,Latest consolidated financial statement if available.,latest_available,quarterly_or_semiannual,financial_statement,1_user_manual_seed_vietstock_category_page,1,True,True,EVIDENCE_SLOT_PLANNED_ONLY_NO_DOWNLOAD_FORCED
TDB,stage_2_evidence_candidates,P1_latest_audited_annual_financial_statement,Latest audited annual financial statement if available.,latest_audited_annual,annual,financial_statement,1_user_manual_seed_vietstock_category_page,1,True,True,EVIDENCE_SLOT_PLANNED_ONLY_NO_DOWNLOAD_FORCED
TOW,stage_2_evidence_candidates,P0_latest_consolidated_financial_statement,Latest consolidated financial statement if available.,latest_available,quarterly_or_semiannual,financial_statement,1_user_manual_seed_vietstock_category_page,1,True,True,EVIDENCE_SLOT_PLANNED_ONLY_NO_DOWNLOAD_FORCED
TOW,stage_2_evidence_candidates,P1_latest_audited_annual_financial_statement,Latest audited annual financial statement if available.,latest_audited_annual,annual,financial_statement,1_user_manual_seed_vietstock_category_page,1,True,True,EVIDENCE_SLOT_PLANNED_ONLY_NO_DOWNLOAD_FORCED
VWS,stage_2_evidence_candidates,P0_latest_consolidated_financial_statement,Latest consolidated financial statement if available.,latest_available,quarterly_or_semiannual,financial_statement,1_user_manual_seed_vietstock_category_page,1,True,True,EVIDENCE_SLOT_PLANNED_ONLY_NO_DOWNLOAD_FORCED
VWS,stage_2_evidence_candidates,P1_latest_audited_annual_financial_statement,Latest audited annual financial statement if available.,latest_audited_annual,annual,financial_statement,1_user_manual_seed_vietstock_category_page,1,True,True,EVIDENCE_SLOT_PLANNED_ONLY_NO_DOWNLOAD_FORCED
VSF,stage_2_evidence_candidates,P0_latest_consolidated_financial_statement,Latest consolidated financial statement if available.,latest_available,quarterly_or_semiannual,financial_statement,1_user_manual_seed_vietstock_category_page,1,True,True,EVIDENCE_SLOT_PLANNED_ONLY_NO_DOWNLOAD_FORCED
VSF,stage_2_evidence_candidates,P1_latest_audited_annual_financial_statement,Latest audited annual financial statement if available.,latest_audited_annual,annual,financial_statement,1_user_manual_seed_vietstock_category_page,1,True,True,EVIDENCE_SLOT_PLANNED_ONLY_NO_DOWNLOAD_FORCED
TPB,stage_2_evidence_candidates,P0_latest_consolidated_financial_statement,Latest consolidated financial statement if available.,latest_available,quarterly_or_semiannual,financial_statement,1_user_manual_seed_vietstock_category_page,1,True,True,EVIDENCE_SLOT_PLANNED_ONLY_NO_DOWNLOAD_FORCED
TPB,stage_2_evidence_candidates,P1_latest_audited_annual_financial_statement,Latest audited annual financial statement if available.,latest_audited_annual,annual,financial_statement,1_user_manual_seed_vietstock_category_page,1,True,True,EVIDENCE_SLOT_PLANNED_ONLY_NO_DOWNLOAD_FORCED
TDS,stage_2_evidence_candidates,P0_latest_consolidated_financial_statement,Latest consolidated financial statement if available.,latest_available,quarterly_or_semiannual,financial_statement,1_user_manual_seed_vietstock_category_page,1,True,True,EVIDENCE_SLOT_PLANNED_ONLY_NO_DOWNLOAD_FORCED
TDS,stage_2_evidence_candidates,P1_latest_audited_annual_financial_statement,Latest audited annual financial statement if available.,latest_audited_annual,annual,financial_statement,1_user_manual_seed_vietstock_category_page,1,True,True,EVIDENCE_SLOT_PLANNED_ONLY_NO_DOWNLOAD_FORCED
TET,stage_2_evidence_candidates,P0_latest_consolidated_financial_statement,Latest consolidated financial statement if available.,latest_available,quarterly_or_semiannual,financial_statement,1_user_manual_seed_vietstock_category_page,1,True,True,EVIDENCE_SLOT_PLANNED_ONLY_NO_DOWNLOAD_FORCED
TET,stage_2_evidence_candidates,P1_latest_audited_annual_financial_statement,Latest audited annual financial statement if available.,latest_audited_annual,annual,financial_statement,1_user_manual_seed_vietstock_category_page,1,True,True,EVIDENCE_SLOT_PLANNED_ONLY_NO_DOWNLOAD_FORCED
VIM,stage_2_evidence_candidates,P0_latest_consolidated_financial_statement,Latest consolidated financial statement if available.,latest_available,quarterly_or_semiannual,financial_statement,1_user_manual_seed_vietstock_category_page,1,True,True,EVIDENCE_SLOT_PLANNED_ONLY_NO_DOWNLOAD_FORCED
VIM,stage_2_evidence_candidates,P1_latest_audited_annual_financial_statement,Latest audited annual financial statement if available.,latest_audited_annual,annual,financial_statement,1_user_manual_seed_vietstock_category_page,1,True,True,EVIDENCE_SLOT_PLANNED_ONLY_NO_DOWNLOAD_FORCED
X20,stage_2_evidence_candidates,P0_latest_consolidated_financial_statement,Latest consolidated financial statement if available.,latest_available,quarterly_or_semiannual,financial_statement,1_user_manual_seed_vietstock_category_page,1,True,True,EVIDENCE_SLOT_PLANNED_ONLY_NO_DOWNLOAD_FORCED
X20,stage_2_evidence_candidates,P1_latest_audited_annual_financial_statement,Latest audited annual financial statement if available.,latest_audited_annual,annual,financial_statement,1_user_manual_seed_vietstock_category_page,1,True,True,EVIDENCE_SLOT_PLANNED_ONLY_NO_DOWNLOAD_FORCED
TSJ,stage_2_evidence_candidates,P0_latest_consolidated_financial_statement,Latest consolidated financial statement if available.,latest_available,quarterly_or_semiannual,financial_statement,1_user_manual_seed_vietstock_category_page,1,True,True,EVIDENCE_SLOT_PLANNED_ONLY_NO_DOWNLOAD_FORCED
TSJ,stage_2_evidence_candidates,P1_latest_audited_annual_financial_statement,Latest audited annual financial statement if available.,latest_audited_annual,annual,financial_statement,1_user_manual_seed_vietstock_category_page,1,True,True,EVIDENCE_SLOT_PLANNED_ONLY_NO_DOWNLOAD_FORCED
VIB,stage_2_evidence_candidates,P0_latest_consolidated_financial_statement,Latest consolidated financial statement if available.,latest_available,quarterly_or_semiannual,financial_statement,1_user_manual_seed_vietstock_category_page,1,True,True,EVIDENCE_SLOT_PLANNED_ONLY_NO_DOWNLOAD_FORCED
VIB,stage_2_evidence_candidates,P1_latest_audited_annual_financial_statement,Latest audited annual financial statement if available.,latest_audited_annual,annual,financial_statement,1_user_manual_seed_vietstock_category_page,1,True,True,EVIDENCE_SLOT_PLANNED_ONLY_NO_DOWNLOAD_FORCED
VDN,stage_2_evidence_candidates,P0_latest_consolidated_financial_statement,Latest consolidated financial statement if available.,latest_available,quarterly_or_semiannual,financial_statement,1_user_manual_seed_vietstock_category_page,1,True,True,EVIDENCE_SLOT_PLANNED_ONLY_NO_DOWNLOAD_FORCED
VDN,stage_2_evidence_candidates,P1_latest_audited_annual_financial_statement,Latest audited annual financial statement if available.,latest_audited_annual,annual,financial_statement,1_user_manual_seed_vietstock_category_page,1,True,True,EVIDENCE_SLOT_PLANNED_ONLY_NO_DOWNLOAD_FORCED
TPH,stage_2_evidence_candidates,P0_latest_consolidated_financial_statement,Latest consolidated financial statement if available.,latest_available,quarterly_or_semiannual,financial_statement,1_user_manual_seed_vietstock_category_page,1,True,True,EVIDENCE_SLOT_PLANNED_ONLY_NO_DOWNLOAD_FORCED
TPH,stage_2_evidence_candidates,P1_latest_audited_annual_financial_statement,Latest audited annual financial statement if available.,latest_audited_annual,annual,financial_statement,1_user_manual_seed_vietstock_category_page,1,True,True,EVIDENCE_SLOT_PLANNED_ONLY_NO_DOWNLOAD_FORCED
XMP,stage_2_evidence_candidates,P0_latest_consolidated_financial_statement,Latest consolidated financial statement if available.,latest_available,quarterly_or_semiannual,financial_statement,1_user_manual_seed_vietstock_category_page,1,True,True,EVIDENCE_SLOT_PLANNED_ONLY_NO_DOWNLOAD_FORCED
XMP,stage_2_evidence_candidates,P1_latest_audited_annual_financial_statement,Latest audited annual financial statement if available.,latest_audited_annual,annual,financial_statement,1_user_manual_seed_vietstock_category_page,1,True,True,EVIDENCE_SLOT_PLANNED_ONLY_NO_DOWNLOAD_FORCED
TLI,stage_2_evidence_candidates,P0_latest_consolidated_financial_statement,Latest consolidated financial statement if available.,latest_available,quarterly_or_semiannual,financial_statement,1_user_manual_seed_vietstock_category_page,1,True,True,EVIDENCE_SLOT_PLANNED_ONLY_NO_DOWNLOAD_FORCED
TLI,stage_2_evidence_candidates,P1_latest_audited_annual_financial_statement,Latest audited annual financial statement if available.,latest_audited_annual,annual,financial_statement,1_user_manual_seed_vietstock_category_page,1,True,True,EVIDENCE_SLOT_PLANNED_ONLY_NO_DOWNLOAD_FORCED
VIE,stage_2_evidence_candidates,P0_latest_consolidated_financial_statement,Latest consolidated financial statement if available.,latest_available,quarterly_or_semiannual,financial_statement,1_user_manual_seed_vietstock_category_page,1,True,True,EVIDENCE_SLOT_PLANNED_ONLY_NO_DOWNLOAD_FORCED
VIE,stage_2_evidence_candidates,P1_latest_audited_annual_financial_statement,Latest audited annual financial statement if available.,latest_audited_annual,annual,financial_statement,1_user_manual_seed_vietstock_category_page,1,True,True,EVIDENCE_SLOT_PLANNED_ONLY_NO_DOWNLOAD_FORCED
VAB,stage_2_evidence_candidates,P0_latest_consolidated_financial_statement,Latest consolidated financial statement if available.,latest_available,quarterly_or_semiannual,financial_statement,1_user_manual_seed_vietstock_category_page,1,True,True,EVIDENCE_SLOT_PLANNED_ONLY_NO_DOWNLOAD_FORCED
VAB,stage_2_evidence_candidates,P1_latest_audited_annual_financial_statement,Latest audited annual financial statement if available.,latest_audited_annual,annual,financial_statement,1_user_manual_seed_vietstock_category_page,1,True,True,EVIDENCE_SLOT_PLANNED_ONLY_NO_DOWNLOAD_FORCED
VHI,stage_2_evidence_candidates,P0_latest_consolidated_financial_statement,Latest consolidated financial statement if available.,latest_available,quarterly_or_semiannual,financial_statement,1_user_manual_seed_vietstock_category_page,1,True,True,EVIDENCE_SLOT_PLANNED_ONLY_NO_DOWNLOAD_FORCED
VHI,stage_2_evidence_candidates,P1_latest_audited_annual_financial_statement,Latest audited annual financial statement if available.,latest_audited_annual,annual,financial_statement,1_user_manual_seed_vietstock_category_page,1,True,True,EVIDENCE_SLOT_PLANNED_ONLY_NO_DOWNLOAD_FORCED
VDP,stage_2_evidence_candidates,P0_latest_consolidated_financial_statement,Latest consolidated financial statement if available.,latest_available,quarterly_or_semiannual,financial_statement,1_user_manual_seed_vietstock_category_page,1,True,True,EVIDENCE_SLOT_PLANNED_ONLY_NO_DOWNLOAD_FORCED
VDP,stage_2_evidence_candidates,P1_latest_audited_annual_financial_statement,Latest audited annual financial statement if available.,latest_audited_annual,annual,financial_statement,1_user_manual_seed_vietstock_category_page,1,True,True,EVIDENCE_SLOT_PLANNED_ONLY_NO_DOWNLOAD_FORCED
THW,stage_2_evidence_candidates,P0_latest_consolidated_financial_statement,Latest consolidated financial statement if available.,latest_available,quarterly_or_semiannual,financial_statement,1_user_manual_seed_vietstock_category_page,1,True,True,EVIDENCE_SLOT_PLANNED_ONLY_NO_DOWNLOAD_FORCED
THW,stage_2_evidence_candidates,P1_latest_audited_annual_financial_statement,Latest audited annual financial statement if available.,latest_audited_annual,annual,financial_statement,1_user_manual_seed_vietstock_category_page,1,True,True,EVIDENCE_SLOT_PLANNED_ONLY_NO_DOWNLOAD_FORCED
VTJ,stage_2_evidence_candidates,P0_latest_consolidated_financial_statement,Latest consolidated financial statement if available.,latest_available,quarterly_or_semiannual,financial_statement,1_user_manual_seed_vietstock_category_page,1,True,True,EVIDENCE_SLOT_PLANNED_ONLY_NO_DOWNLOAD_FORCED
VTJ,stage_2_evidence_candidates,P1_latest_audited_annual_financial_statement,Latest audited annual financial statement if available.,latest_audited_annual,annual,financial_statement,1_user_manual_seed_vietstock_category_page,1,True,True,EVIDENCE_SLOT_PLANNED_ONLY_NO_DOWNLOAD_FORCED
TSD,stage_2_evidence_candidates,P0_latest_consolidated_financial_statement,Latest consolidated financial statement if available.,latest_available,quarterly_or_semiannual,financial_statement,1_user_manual_seed_vietstock_category_page,1,True,True,EVIDENCE_SLOT_PLANNED_ONLY_NO_DOWNLOAD_FORCED
TSD,stage_2_evidence_candidates,P1_latest_audited_annual_financial_statement,Latest audited annual financial statement if available.,latest_audited_annual,annual,financial_statement,1_user_manual_seed_vietstock_category_page,1,True,True,EVIDENCE_SLOT_PLANNED_ONLY_NO_DOWNLOAD_FORCED
VDM,stage_2_evidence_candidates,P0_latest_consolidated_financial_statement,Latest consolidated financial statement if available.,latest_available,quarterly_or_semiannual,financial_statement,1_user_manual_seed_vietstock_category_page,1,True,True,EVIDENCE_SLOT_PLANNED_ONLY_NO_DOWNLOAD_FORCED
VDM,stage_2_evidence_candidates,P1_latest_audited_annual_financial_statement,Latest audited annual financial statement if available.,latest_audited_annual,annual,financial_statement,1_user_manual_seed_vietstock_category_page,1,True,True,EVIDENCE_SLOT_PLANNED_ONLY_NO_DOWNLOAD_FORCED
VBB,stage_2_evidence_candidates,P0_latest_consolidated_financial_statement,Latest consolidated financial statement if available.,latest_available,quarterly_or_semiannual,financial_statement,1_user_manual_seed_vietstock_category_page,1,True,True,EVIDENCE_SLOT_PLANNED_ONLY_NO_DOWNLOAD_FORCED
VBB,stage_2_evidence_candidates,P1_latest_audited_annual_financial_statement,Latest audited annual financial statement if available.,latest_audited_annual,annual,financial_statement,1_user_manual_seed_vietstock_category_page,1,True,True,EVIDENCE_SLOT_PLANNED_ONLY_NO_DOWNLOAD_FORCED
VTG,stage_2_evidence_candidates,P0_latest_consolidated_financial_statement,Latest consolidated financial statement if available.,latest_available,quarterly_or_semiannual,financial_statement,1_user_manual_seed_vietstock_category_page,1,True,True,EVIDENCE_SLOT_PLANNED_ONLY_NO_DOWNLOAD_FORCED
VTG,stage_2_evidence_candidates,P1_latest_audited_annual_financial_statement,Latest audited annual financial statement if available.,latest_audited_annual,annual,financial_statement,1_user_manual_seed_vietstock_category_page,1,True,True,EVIDENCE_SLOT_PLANNED_ONLY_NO_DOWNLOAD_FORCED
THN,stage_2_evidence_candidates,P0_latest_consolidated_financial_statement,Latest consolidated financial statement if available.,latest_available,quarterly_or_semiannual,financial_statement,1_user_manual_seed_vietstock_category_page,1,True,True,EVIDENCE_SLOT_PLANNED_ONLY_NO_DOWNLOAD_FORCED
THN,stage_2_evidence_candidates,P1_latest_audited_annual_financial_statement,Latest audited annual financial statement if available.,latest_audited_annual,annual,financial_statement,1_user_manual_seed_vietstock_category_page,1,True,True,EVIDENCE_SLOT_PLANNED_ONLY_NO_DOWNLOAD_FORCED
THS,stage_2_evidence_candidates,P0_latest_consolidated_financial_statement,Latest consolidated financial statement if available.,latest_available,quarterly_or_semiannual,financial_statement,1_user_manual_seed_vietstock_category_page,1,True,True,EVIDENCE_SLOT_PLANNED_ONLY_NO_DOWNLOAD_FORCED
THS,stage_2_evidence_candidates,P1_latest_audited_annual_financial_statement,Latest audited annual financial statement if available.,latest_audited_annual,annual,financial_statement,1_user_manual_seed_vietstock_category_page,1,True,True,EVIDENCE_SLOT_PLANNED_ONLY_NO_DOWNLOAD_FORCED
TOP,stage_2_evidence_candidates,P0_latest_consolidated_financial_statement,Latest consolidated financial statement if available.,latest_available,quarterly_or_semiannual,financial_statement,1_user_manual_seed_vietstock_category_page,1,True,True,EVIDENCE_SLOT_PLANNED_ONLY_NO_DOWNLOAD_FORCED
TOP,stage_2_evidence_candidates,P1_latest_audited_annual_financial_statement,Latest audited annual financial statement if available.,latest_audited_annual,annual,financial_statement,1_user_manual_seed_vietstock_category_page,1,True,True,EVIDENCE_SLOT_PLANNED_ONLY_NO_DOWNLOAD_FORCED
TPS,stage_2_evidence_candidates,P0_latest_consolidated_financial_statement,Latest consolidated financial statement if available.,latest_available,quarterly_or_semiannual,financial_statement,1_user_manual_seed_vietstock_category_page,1,True,True,EVIDENCE_SLOT_PLANNED_ONLY_NO_DOWNLOAD_FORCED
TPS,stage_2_evidence_candidates,P1_latest_audited_annual_financial_statement,Latest audited annual financial statement if available.,latest_audited_annual,annual,financial_statement,1_user_manual_seed_vietstock_category_page,1,True,True,EVIDENCE_SLOT_PLANNED_ONLY_NO_DOWNLOAD_FORCED
TQW,stage_2_evidence_candidates,P0_latest_consolidated_financial_statement,Latest consolidated financial statement if available.,latest_available,quarterly_or_semiannual,financial_statement,1_user_manual_seed_vietstock_category_page,1,True,True,EVIDENCE_SLOT_PLANNED_ONLY_NO_DOWNLOAD_FORCED
TQW,stage_2_evidence_candidates,P1_latest_audited_annual_financial_statement,Latest audited annual financial statement if available.,latest_audited_annual,annual,financial_statement,1_user_manual_seed_vietstock_category_page,1,True,True,EVIDENCE_SLOT_PLANNED_ONLY_NO_DOWNLOAD_FORCED
TTD,stage_2_evidence_candidates,P0_latest_consolidated_financial_statement,Latest consolidated financial statement if available.,latest_available,quarterly_or_semiannual,financial_statement,1_user_manual_seed_vietstock_category_page,1,True,True,EVIDENCE_SLOT_PLANNED_ONLY_NO_DOWNLOAD_FORCED
TTD,stage_2_evidence_candidates,P1_latest_audited_annual_financial_statement,Latest audited annual financial statement if available.,latest_audited_annual,annual,financial_statement,1_user_manual_seed_vietstock_category_page,1,True,True,EVIDENCE_SLOT_PLANNED_ONLY_NO_DOWNLOAD_FORCED
TTE,stage_2_evidence_candidates,P0_latest_consolidated_financial_statement,Latest consolidated financial statement if available.,latest_available,quarterly_or_semiannual,financial_statement,1_user_manual_seed_vietstock_category_page,1,True,True,EVIDENCE_SLOT_PLANNED_ONLY_NO_DOWNLOAD_FORCED
TTE,stage_2_evidence_candidates,P1_latest_audited_annual_financial_statement,Latest audited annual financial statement if available.,latest_audited_annual,annual,financial_statement,1_user_manual_seed_vietstock_category_page,1,True,True,EVIDENCE_SLOT_PLANNED_ONLY_NO_DOWNLOAD_FORCED
TW3,stage_2_evidence_candidates,P0_latest_consolidated_financial_statement,Latest consolidated financial statement if available.,latest_available,quarterly_or_semiannual,financial_statement,1_user_manual_seed_vietstock_category_page,1,True,True,EVIDENCE_SLOT_PLANNED_ONLY_NO_DOWNLOAD_FORCED
TW3,stage_2_evidence_candidates,P1_latest_audited_annual_financial_statement,Latest audited annual financial statement if available.,latest_audited_annual,annual,financial_statement,1_user_manual_seed_vietstock_category_page,1,True,True,EVIDENCE_SLOT_PLANNED_ONLY_NO_DOWNLOAD_FORCED
VAT,stage_2_evidence_candidates,P0_latest_consolidated_financial_statement,Latest consolidated financial statement if available.,latest_available,quarterly_or_semiannual,financial_statement,1_user_manual_seed_vietstock_category_page,1,True,True,EVIDENCE_SLOT_PLANNED_ONLY_NO_DOWNLOAD_FORCED
VAT,stage_2_evidence_candidates,P1_latest_audited_annual_financial_statement,Latest audited annual financial statement if available.,latest_audited_annual,annual,financial_statement,1_user_manual_seed_vietstock_category_page,1,True,True,EVIDENCE_SLOT_PLANNED_ONLY_NO_DOWNLOAD_FORCED
VIR,stage_2_evidence_candidates,P0_latest_consolidated_financial_statement,Latest consolidated financial statement if available.,latest_available,quarterly_or_semiannual,financial_statement,1_user_manual_seed_vietstock_category_page,1,True,True,EVIDENCE_SLOT_PLANNED_ONLY_NO_DOWNLOAD_FORCED
VIR,stage_2_evidence_candidates,P1_latest_audited_annual_financial_statement,Latest audited annual financial statement if available.,latest_audited_annual,annual,financial_statement,1_user_manual_seed_vietstock_category_page,1,True,True,EVIDENCE_SLOT_PLANNED_ONLY_NO_DOWNLOAD_FORCED
VLW,stage_2_evidence_candidates,P0_latest_consolidated_financial_statement,Latest consolidated financial statement if available.,latest_available,quarterly_or_semiannual,financial_statement,1_user_manual_seed_vietstock_category_page,1,True,True,EVIDENCE_SLOT_PLANNED_ONLY_NO_DOWNLOAD_FORCED
VLW,stage_2_evidence_candidates,P1_latest_audited_annual_financial_statement,Latest audited annual financial statement if available.,latest_audited_annual,annual,financial_statement,1_user_manual_seed_vietstock_category_page,1,True,True,EVIDENCE_SLOT_PLANNED_ONLY_NO_DOWNLOAD_FORCED
VNX,stage_2_evidence_candidates,P0_latest_consolidated_financial_statement,Latest consolidated financial statement if available.,latest_available,quarterly_or_semiannual,financial_statement,1_user_manual_seed_vietstock_category_page,1,True,True,EVIDENCE_SLOT_PLANNED_ONLY_NO_DOWNLOAD_FORCED
VNX,stage_2_evidence_candidates,P1_latest_audited_annual_financial_statement,Latest audited annual financial statement if available.,latest_audited_annual,annual,financial_statement,1_user_manual_seed_vietstock_category_page,1,True,True,EVIDENCE_SLOT_PLANNED_ONLY_NO_DOWNLOAD_FORCED
VPW,stage_2_evidence_candidates,P0_latest_consolidated_financial_statement,Latest consolidated financial statement if available.,latest_available,quarterly_or_semiannual,financial_statement,1_user_manual_seed_vietstock_category_page,1,True,True,EVIDENCE_SLOT_PLANNED_ONLY_NO_DOWNLOAD_FORCED
VPW,stage_2_evidence_candidates,P1_latest_audited_annual_financial_statement,Latest audited annual financial statement if available.,latest_audited_annual,annual,financial_statement,1_user_manual_seed_vietstock_category_page,1,True,True,EVIDENCE_SLOT_PLANNED_ONLY_NO_DOWNLOAD_FORCED
VTM,stage_2_evidence_candidates,P0_latest_consolidated_financial_statement,Latest consolidated financial statement if available.,latest_available,quarterly_or_semiannual,financial_statement,1_user_manual_seed_vietstock_category_page,1,True,True,EVIDENCE_SLOT_PLANNED_ONLY_NO_DOWNLOAD_FORCED
VTM,stage_2_evidence_candidates,P1_latest_audited_annual_financial_statement,Latest audited annual financial statement if available.,latest_audited_annual,annual,financial_statement,1_user_manual_seed_vietstock_category_page,1,True,True,EVIDENCE_SLOT_PLANNED_ONLY_NO_DOWNLOAD_FORCED
YTC,stage_2_evidence_candidates,P0_latest_consolidated_financial_statement,Latest consolidated financial statement if available.,latest_available,quarterly_or_semiannual,financial_statement,1_user_manual_seed_vietstock_category_page,1,True,True,EVIDENCE_SLOT_PLANNED_ONLY_NO_DOWNLOAD_FORCED
YTC,stage_2_evidence_candidates,P1_latest_audited_annual_financial_statement,Latest audited annual financial statement if available.,latest_audited_annual,annual,financial_statement,1_user_manual_seed_vietstock_category_page,1,True,True,EVIDENCE_SLOT_PLANNED_ONLY_NO_DOWNLOAD_FORCED
TDN,stage_2_evidence_candidates,P0_latest_consolidated_financial_statement,Latest consolidated financial statement if available.,latest_available,quarterly_or_semiannual,financial_statement,1_user_manual_seed_vietstock_category_page,1,True,True,EVIDENCE_SLOT_PLANNED_ONLY_NO_DOWNLOAD_FORCED
TDN,stage_2_evidence_candidates,P1_latest_audited_annual_financial_statement,Latest audited annual financial statement if available.,latest_audited_annual,annual,financial_statement,1_user_manual_seed_vietstock_category_page,1,True,True,EVIDENCE_SLOT_PLANNED_ONLY_NO_DOWNLOAD_FORCED
ABB,stage_2_evidence_candidates,P0_latest_consolidated_financial_statement,Latest consolidated financial statement if available.,latest_available,quarterly_or_semiannual,financial_statement,1_user_manual_seed_vietstock_category_page,1,True,True,EVIDENCE_SLOT_PLANNED_ONLY_NO_DOWNLOAD_FORCED
ABB,stage_2_evidence_candidates,P1_latest_audited_annual_financial_statement,Latest audited annual financial statement if available.,latest_audited_annual,annual,financial_statement,1_user_manual_seed_vietstock_category_page,1,True,True,EVIDENCE_SLOT_PLANNED_ONLY_NO_DOWNLOAD_FORCED
ABC,stage_2_evidence_candidates,P0_latest_consolidated_financial_statement,Latest consolidated financial statement if available.,latest_available,quarterly_or_semiannual,financial_statement,1_user_manual_seed_vietstock_category_page,1,True,True,EVIDENCE_SLOT_PLANNED_ONLY_NO_DOWNLOAD_FORCED
ABC,stage_2_evidence_candidates,P1_latest_audited_annual_financial_statement,Latest audited annual financial statement if available.,latest_audited_annual,annual,financial_statement,1_user_manual_seed_vietstock_category_page,1,True,True,EVIDENCE_SLOT_PLANNED_ONLY_NO_DOWNLOAD_FORCED
ACB,stage_2_evidence_candidates,P0_latest_consolidated_financial_statement,Latest consolidated financial statement if available.,latest_available,quarterly_or_semiannual,financial_statement,1_user_manual_seed_vietstock_category_page,1,True,True,EVIDENCE_SLOT_PLANNED_ONLY_NO_DOWNLOAD_FORCED
ACB,stage_2_evidence_candidates,P1_latest_audited_annual_financial_statement,Latest audited annual financial statement if available.,latest_audited_annual,annual,financial_statement,1_user_manual_seed_vietstock_category_page,1,True,True,EVIDENCE_SLOT_PLANNED_ONLY_NO_DOWNLOAD_FORCED
