ticker,stage,required_slots,slots_filled,slots_missing,latest_bctc_available,latest_audited_annual_fs_available,latest_bctn_available,same_period_previous_year_available,three_year_history_available,evidence_pack_status,manual_review_required,next_action
VIX,stage_4_deep_dive_shortlist,7,0,7,False,False,False,False,False,EVIDENCE_QUEUE_CREATED,True,Collect only staged manual seeds/links; do not bulk download PDFs.
VND,stage_4_deep_dive_shortlist,7,0,7,False,False,False,False,False,EVIDENCE_QUEUE_CREATED,True,Collect only staged manual seeds/links; do not bulk download PDFs.
VSC,stage_4_deep_dive_shortlist,7,0,7,False,False,False,False,False,EVIDENCE_QUEUE_CREATED,True,Collect only staged manual seeds/links; do not bulk download PDFs.
VGI,stage_4_deep_dive_shortlist,7,0,7,False,False,False,False,False,EVIDENCE_QUEUE_CREATED,True,Collect only staged manual seeds/links; do not bulk download PDFs.
VCG,stage_4_deep_dive_shortlist,7,0,7,False,False,False,False,False,EVIDENCE_QUEUE_CREATED,True,Collect only staged manual seeds/links; do not bulk download PDFs.
VNM,stage_4_deep_dive_shortlist,7,0,7,False,False,False,False,False,EVIDENCE_QUEUE_CREATED,True,Collect only staged manual seeds/links; do not bulk download PDFs.
TVN,stage_4_deep_dive_shortlist,7,0,7,False,False,False,False,False,EVIDENCE_QUEUE_CREATED,True,Collect only staged manual seeds/links; do not bulk download PDFs.
VJC,stage_4_deep_dive_shortlist,7,0,7,False,False,False,False,False,EVIDENCE_QUEUE_CREATED,True,Collect only staged manual seeds/links; do not bulk download PDFs.
VTZ,stage_4_deep_dive_shortlist,7,0,7,False,False,False,False,False,EVIDENCE_QUEUE_CREATED,True,Collect only staged manual seeds/links; do not bulk download PDFs.
YEG,stage_4_deep_dive_shortlist,7,0,7,False,False,False,False,False,EVIDENCE_QUEUE_CREATED,True,Collect only staged manual seeds/links; do not bulk download PDFs.
VCI,stage_3_final_watchlist,3,0,3,False,False,False,False,False,EVIDENCE_QUEUE_CREATED,True,Collect only staged manual seeds/links; do not bulk download PDFs.
VFS,stage_3_final_watchlist,3,0,3,False,False,False,False,False,EVIDENCE_QUEUE_CREATED,True,Collect only staged manual seeds/links; do not bulk download PDFs.
VDS,stage_3_final_watchlist,3,0,3,False,False,False,False,False,EVIDENCE_QUEUE_CREATED,True,Collect only staged manual seeds/links; do not bulk download PDFs.
VIG,stage_3_final_watchlist,3,0,3,False,False,False,False,False,EVIDENCE_QUEUE_CREATED,True,Collect only staged manual seeds/links; do not bulk download PDFs.
TVS,stage_3_final_watchlist,3,0,3,False,False,False,False,False,EVIDENCE_QUEUE_CREATED,True,Collect only staged manual seeds/links; do not bulk download PDFs.
VRE,stage_3_final_watchlist,3,0,3,False,False,False,False,False,EVIDENCE_QUEUE_CREATED,True,Collect only staged manual seeds/links; do not bulk download PDFs.
VNE,stage_3_final_watchlist,3,0,3,False,False,False,False,False,EVIDENCE_QUEUE_CREATED,True,Collect only staged manual seeds/links; do not bulk download PDFs.
VOS,stage_3_final_watchlist,3,0,3,False,False,False,False,False,EVIDENCE_QUEUE_CREATED,True,Collect only staged manual seeds/links; do not bulk download PDFs.
VTP,stage_3_final_watchlist,3,0,3,False,False,False,False,False,EVIDENCE_QUEUE_CREATED,True,Collect only staged manual seeds/links; do not bulk download PDFs.
TLH,stage_3_final_watchlist,3,0,3,False,False,False,False,False,EVIDENCE_QUEUE_CREATED,True,Collect only staged manual seeds/links; do not bulk download PDFs.
TTF,stage_3_final_watchlist,3,0,3,False,False,False,False,False,EVIDENCE_QUEUE_CREATED,True,Collect only staged manual seeds/links; do not bulk download PDFs.
VGC,stage_3_final_watchlist,3,2,1,True,False,True,False,False,MINIMUM_EVIDENCE_PACK_READY,False,Evidence-file-ready only; parsed finance readiness still requires value extraction.
TNG,stage_3_final_watchlist,3,0,3,False,False,False,False,False,EVIDENCE_QUEUE_CREATED,True,Collect only staged manual seeds/links; do not bulk download PDFs.
VHC,stage_3_final_watchlist,3,0,3,False,False,False,False,False,EVIDENCE_QUEUE_CREATED,True,Collect only staged manual seeds/links; do not bulk download PDFs.
VGT,stage_3_final_watchlist,3,0,3,False,False,False,False,False,EVIDENCE_QUEUE_CREATED,True,Collect only staged manual seeds/links; do not bulk download PDFs.
VEA,stage_3_final_watchlist,3,0,3,False,False,False,False,False,EVIDENCE_QUEUE_CREATED,True,Collect only staged manual seeds/links; do not bulk download PDFs.
TV2,stage_3_final_watchlist,3,0,3,False,False,False,False,False,EVIDENCE_QUEUE_CREATED,True,Collect only staged manual seeds/links; do not bulk download PDFs.
VPG,stage_3_final_watchlist,3,0,3,False,False,False,False,False,EVIDENCE_QUEUE_CREATED,True,Collect only staged manual seeds/links; do not bulk download PDFs.
TTA,stage_3_final_watchlist,3,0,3,False,False,False,False,False,EVIDENCE_QUEUE_CREATED,True,Collect only staged manual seeds/links; do not bulk download PDFs.
VGS,stage_3_final_watchlist,3,0,3,False,False,False,False,False,EVIDENCE_QUEUE_CREATED,True,Collect only staged manual seeds/links; do not bulk download PDFs.
VTD,stage_3_final_watchlist,3,0,3,False,False,False,False,False,EVIDENCE_QUEUE_CREATED,True,Collect only staged manual seeds/links; do not bulk download PDFs.
VHE,stage_3_final_watchlist,3,0,3,False,False,False,False,False,EVIDENCE_QUEUE_CREATED,True,Collect only staged manual seeds/links; do not bulk download PDFs.
TNI,stage_3_final_watchlist,3,0,3,False,False,False,False,False,EVIDENCE_QUEUE_CREATED,True,Collect only staged manual seeds/links; do not bulk download PDFs.
VVS,stage_3_final_watchlist,3,0,3,False,False,False,False,False,EVIDENCE_QUEUE_CREATED,True,Collect only staged manual seeds/links; do not bulk download PDFs.
TSC,stage_3_final_watchlist,3,0,3,False,False,False,False,False,EVIDENCE_QUEUE_CREATED,True,Collect only staged manual seeds/links; do not bulk download PDFs.
TNH,stage_3_final_watchlist,3,0,3,False,False,False,False,False,EVIDENCE_QUEUE_CREATED,True,Collect only staged manual seeds/links; do not bulk download PDFs.
TLG,stage_3_final_watchlist,3,0,3,False,False,False,False,False,EVIDENCE_QUEUE_CREATED,True,Collect only staged manual seeds/links; do not bulk download PDFs.
TDG,stage_3_final_watchlist,3,0,3,False,False,False,False,False,EVIDENCE_QUEUE_CREATED,True,Collect only staged manual seeds/links; do not bulk download PDFs.
VLC,stage_3_final_watchlist,3,0,3,False,False,False,False,False,EVIDENCE_QUEUE_CREATED,True,Collect only staged manual seeds/links; do not bulk download PDFs.
VNB,stage_3_final_watchlist,3,0,3,False,False,False,False,False,EVIDENCE_QUEUE_CREATED,True,Collect only staged manual seeds/links; do not bulk download PDFs.
VOC,stage_3_final_watchlist,3,0,3,False,False,False,False,False,EVIDENCE_QUEUE_CREATED,True,Collect only staged manual seeds/links; do not bulk download PDFs.
TDM,stage_3_final_watchlist,3,0,3,False,False,False,False,False,EVIDENCE_QUEUE_CREATED,True,Collect only staged manual seeds/links; do not bulk download PDFs.
VTC,stage_3_final_watchlist,3,0,3,False,False,False,False,False,EVIDENCE_QUEUE_CREATED,True,Collect only staged manual seeds/links; do not bulk download PDFs.
TTN,stage_3_final_watchlist,3,0,3,False,False,False,False,False,EVIDENCE_QUEUE_CREATED,True,Collect only staged manual seeds/links; do not bulk download PDFs.
VCW,stage_3_final_watchlist,3,0,3,False,False,False,False,False,EVIDENCE_QUEUE_CREATED,True,Collect only staged manual seeds/links; do not bulk download PDFs.
VTR,stage_3_final_watchlist,3,0,3,False,False,False,False,False,EVIDENCE_QUEUE_CREATED,True,Collect only staged manual seeds/links; do not bulk download PDFs.
VCP,stage_3_final_watchlist,3,0,3,False,False,False,False,False,EVIDENCE_QUEUE_CREATED,True,Collect only staged manual seeds/links; do not bulk download PDFs.
TOS,stage_3_final_watchlist,3,0,3,False,False,False,False,False,EVIDENCE_QUEUE_CREATED,True,Collect only staged manual seeds/links; do not bulk download PDFs.
TVP,stage_3_final_watchlist,3,0,3,False,False,False,False,False,EVIDENCE_QUEUE_CREATED,True,Collect only staged manual seeds/links; do not bulk download PDFs.
VNS,stage_3_final_watchlist,3,0,3,False,False,False,False,False,EVIDENCE_QUEUE_CREATED,True,Collect only staged manual seeds/links; do not bulk download PDFs.
VHM,stage_2_evidence_candidates,2,0,2,False,False,False,False,False,EVIDENCE_QUEUE_CREATED,True,Collect only staged manual seeds/links; do not bulk download PDFs.
VIC,stage_2_evidence_candidates,2,0,2,False,False,False,False,False,EVIDENCE_QUEUE_CREATED,True,Collect only staged manual seeds/links; do not bulk download PDFs.
VPI,stage_2_evidence_candidates,2,0,2,False,False,False,False,False,EVIDENCE_QUEUE_CREATED,True,Collect only staged manual seeds/links; do not bulk download PDFs.
TVB,stage_2_evidence_candidates,2,0,2,False,False,False,False,False,EVIDENCE_QUEUE_CREATED,True,Collect only staged manual seeds/links; do not bulk download PDFs.
WSS,stage_2_evidence_candidates,2,0,2,False,False,False,False,False,EVIDENCE_QUEUE_CREATED,True,Collect only staged manual seeds/links; do not bulk download PDFs.
VC3,stage_2_evidence_candidates,2,0,2,False,False,False,False,False,EVIDENCE_QUEUE_CREATED,True,Collect only staged manual seeds/links; do not bulk download PDFs.
TIG,stage_2_evidence_candidates,2,0,2,False,False,False,False,False,EVIDENCE_QUEUE_CREATED,True,Collect only staged manual seeds/links; do not bulk download PDFs.
TLD,stage_2_evidence_candidates,2,0,2,False,False,False,False,False,EVIDENCE_QUEUE_CREATED,True,Collect only staged manual seeds/links; do not bulk download PDFs.
VC7,stage_2_evidence_candidates,2,0,2,False,False,False,False,False,EVIDENCE_QUEUE_CREATED,True,Collect only staged manual seeds/links; do not bulk download PDFs.
VHG,stage_2_evidence_candidates,2,0,2,False,False,False,False,False,EVIDENCE_QUEUE_CREATED,True,Collect only staged manual seeds/links; do not bulk download PDFs.
VTO,stage_2_evidence_candidates,2,0,2,False,False,False,False,False,EVIDENCE_QUEUE_CREATED,True,Collect only staged manual seeds/links; do not bulk download PDFs.
VIP,stage_2_evidence_candidates,2,0,2,False,False,False,False,False,EVIDENCE_QUEUE_CREATED,True,Collect only staged manual seeds/links; do not bulk download PDFs.
TVC,stage_2_evidence_candidates,2,0,2,False,False,False,False,False,EVIDENCE_QUEUE_CREATED,True,Collect only staged manual seeds/links; do not bulk download PDFs.
TDP,stage_2_evidence_candidates,2,0,2,False,False,False,False,False,EVIDENCE_QUEUE_CREATED,True,Collect only staged manual seeds/links; do not bulk download PDFs.
TNT,stage_2_evidence_candidates,2,0,2,False,False,False,False,False,EVIDENCE_QUEUE_CREATED,True,Collect only staged manual seeds/links; do not bulk download PDFs.
TDC,stage_2_evidence_candidates,2,0,2,False,False,False,False,False,EVIDENCE_QUEUE_CREATED,True,Collect only staged manual seeds/links; do not bulk download PDFs.
VC2,stage_2_evidence_candidates,2,0,2,False,False,False,False,False,EVIDENCE_QUEUE_CREATED,True,Collect only staged manual seeds/links; do not bulk download PDFs.
TV1,stage_2_evidence_candidates,2,0,2,False,False,False,False,False,EVIDENCE_QUEUE_CREATED,True,Collect only staged manual seeds/links; do not bulk download PDFs.
VUA,stage_2_evidence_candidates,2,0,2,False,False,False,False,False,EVIDENCE_QUEUE_CREATED,True,Collect only staged manual seeds/links; do not bulk download PDFs.
TTH,stage_2_evidence_candidates,2,0,2,False,False,False,False,False,EVIDENCE_QUEUE_CREATED,True,Collect only staged manual seeds/links; do not bulk download PDFs.
TDH,stage_2_evidence_candidates,2,0,2,False,False,False,False,False,EVIDENCE_QUEUE_CREATED,True,Collect only staged manual seeds/links; do not bulk download PDFs.
VNH,stage_2_evidence_candidates,2,0,2,False,False,False,False,False,EVIDENCE_QUEUE_CREATED,True,Collect only staged manual seeds/links; do not bulk download PDFs.
TVD,stage_2_evidence_candidates,2,0,2,False,False,False,False,False,EVIDENCE_QUEUE_CREATED,True,Collect only staged manual seeds/links; do not bulk download PDFs.
TPC,stage_2_evidence_candidates,2,0,2,False,False,False,False,False,EVIDENCE_QUEUE_CREATED,True,Collect only staged manual seeds/links; do not bulk download PDFs.
VPH,stage_2_evidence_candidates,2,0,2,False,False,False,False,False,EVIDENCE_QUEUE_CREATED,True,Collect only staged manual seeds/links; do not bulk download PDFs.
THD,stage_2_evidence_candidates,2,0,2,False,False,False,False,False,EVIDENCE_QUEUE_CREATED,True,Collect only staged manual seeds/links; do not bulk download PDFs.
XMC,stage_2_evidence_candidates,2,0,2,False,False,False,False,False,EVIDENCE_QUEUE_CREATED,True,Collect only staged manual seeds/links; do not bulk download PDFs.
VTV,stage_2_evidence_candidates,2,0,2,False,False,False,False,False,EVIDENCE_QUEUE_CREATED,True,Collect only staged manual seeds/links; do not bulk download PDFs.
TV4,stage_2_evidence_candidates,2,0,2,False,False,False,False,False,EVIDENCE_QUEUE_CREATED,True,Collect only staged manual seeds/links; do not bulk download PDFs.
VNP,stage_2_evidence_candidates,2,0,2,False,False,False,False,False,EVIDENCE_QUEUE_CREATED,True,Collect only staged manual seeds/links; do not bulk download PDFs.
VCS,stage_2_evidence_candidates,2,0,2,False,False,False,False,False,EVIDENCE_QUEUE_CREATED,True,Collect only staged manual seeds/links; do not bulk download PDFs.
VLF,stage_2_evidence_candidates,2,0,2,False,False,False,False,False,EVIDENCE_QUEUE_CREATED,True,Collect only staged manual seeds/links; do not bulk download PDFs.
VIS,stage_2_evidence_candidates,2,0,2,False,False,False,False,False,EVIDENCE_QUEUE_CREATED,True,Collect only staged manual seeds/links; do not bulk download PDFs.
THT,stage_2_evidence_candidates,2,0,2,False,False,False,False,False,EVIDENCE_QUEUE_CREATED,True,Collect only staged manual seeds/links; do not bulk download PDFs.
TDT,stage_2_evidence_candidates,2,0,2,False,False,False,False,False,EVIDENCE_QUEUE_CREATED,True,Collect only staged manual seeds/links; do not bulk download PDFs.
TRC,stage_2_evidence_candidates,2,0,2,False,False,False,False,False,EVIDENCE_QUEUE_CREATED,True,Collect only staged manual seeds/links; do not bulk download PDFs.
TIP,stage_2_evidence_candidates,2,0,2,False,False,False,False,False,EVIDENCE_QUEUE_CREATED,True,Collect only staged manual seeds/links; do not bulk download PDFs.
VNR,stage_2_evidence_candidates,2,0,2,False,False,False,False,False,EVIDENCE_QUEUE_CREATED,True,Collect only staged manual seeds/links; do not bulk download PDFs.
TNS,stage_2_evidence_candidates,2,0,2,False,False,False,False,False,EVIDENCE_QUEUE_CREATED,True,Collect only staged manual seeds/links; do not bulk download PDFs.
TEG,stage_2_evidence_candidates,2,0,2,False,False,False,False,False,EVIDENCE_QUEUE_CREATED,True,Collect only staged manual seeds/links; do not bulk download PDFs.
VLB,stage_2_evidence_candidates,2,0,2,False,False,False,False,False,EVIDENCE_QUEUE_CREATED,True,Collect only staged manual seeds/links; do not bulk download PDFs.
VTK,stage_2_evidence_candidates,2,0,2,False,False,False,False,False,EVIDENCE_QUEUE_CREATED,True,Collect only staged manual seeds/links; do not bulk download PDFs.
TMT,stage_2_evidence_candidates,2,0,2,False,False,False,False,False,EVIDENCE_QUEUE_CREATED,True,Collect only staged manual seeds/links; do not bulk download PDFs.
VRC,stage_2_evidence_candidates,2,0,2,False,False,False,False,False,EVIDENCE_QUEUE_CREATED,True,Collect only staged manual seeds/links; do not bulk download PDFs.
VC9,stage_2_evidence_candidates,2,0,2,False,False,False,False,False,EVIDENCE_QUEUE_CREATED,True,Collect only staged manual seeds/links; do not bulk download PDFs.
TIS,stage_2_evidence_candidates,2,0,2,False,False,False,False,False,EVIDENCE_QUEUE_CREATED,True,Collect only staged manual seeds/links; do not bulk download PDFs.
VKC,stage_2_evidence_candidates,2,0,2,False,False,False,False,False,EVIDENCE_QUEUE_CREATED,True,Collect only staged manual seeds/links; do not bulk download PDFs.
VGP,stage_2_evidence_candidates,2,0,2,False,False,False,False,False,EVIDENCE_QUEUE_CREATED,True,Collect only staged manual seeds/links; do not bulk download PDFs.
UDJ,stage_2_evidence_candidates,2,0,2,False,False,False,False,False,EVIDENCE_QUEUE_CREATED,True,Collect only staged manual seeds/links; do not bulk download PDFs.
THI,stage_2_evidence_candidates,2,0,2,False,False,False,False,False,EVIDENCE_QUEUE_CREATED,True,Collect only staged manual seeds/links; do not bulk download PDFs.
TV6,stage_2_evidence_candidates,2,0,2,False,False,False,False,False,EVIDENCE_QUEUE_CREATED,True,Collect only staged manual seeds/links; do not bulk download PDFs.
VW3,stage_2_evidence_candidates,2,0,2,False,False,False,False,False,EVIDENCE_QUEUE_CREATED,True,Collect only staged manual seeds/links; do not bulk download PDFs.
THG,stage_2_evidence_candidates,2,0,2,False,False,False,False,False,EVIDENCE_QUEUE_CREATED,True,Collect only staged manual seeds/links; do not bulk download PDFs.
VRG,stage_2_evidence_candidates,2,0,2,False,False,False,False,False,EVIDENCE_QUEUE_CREATED,True,Collect only staged manual seeds/links; do not bulk download PDFs.
TTG,stage_2_evidence_candidates,2,0,2,False,False,False,False,False,EVIDENCE_QUEUE_CREATED,True,Collect only staged manual seeds/links; do not bulk download PDFs.
TRA,stage_2_evidence_candidates,2,0,2,False,False,False,False,False,EVIDENCE_QUEUE_CREATED,True,Collect only staged manual seeds/links; do not bulk download PDFs.
TH1,stage_2_evidence_candidates,2,0,2,False,False,False,False,False,EVIDENCE_QUEUE_CREATED,True,Collect only staged manual seeds/links; do not bulk download PDFs.
UDC,stage_2_evidence_candidates,2,0,2,False,False,False,False,False,EVIDENCE_QUEUE_CREATED,True,Collect only staged manual seeds/links; do not bulk download PDFs.
VAF,stage_2_evidence_candidates,2,0,2,False,False,False,False,False,EVIDENCE_QUEUE_CREATED,True,Collect only staged manual seeds/links; do not bulk download PDFs.
VSH,stage_2_evidence_candidates,2,0,2,False,False,False,False,False,EVIDENCE_QUEUE_CREATED,True,Collect only staged manual seeds/links; do not bulk download PDFs.
VFG,stage_2_evidence_candidates,2,0,2,False,False,False,False,False,EVIDENCE_QUEUE_CREATED,True,Collect only staged manual seeds/links; do not bulk download PDFs.
VEF,stage_2_evidence_candidates,2,0,2,False,False,False,False,False,EVIDENCE_QUEUE_CREATED,True,Collect only staged manual seeds/links; do not bulk download PDFs.
VPL,stage_2_evidence_candidates,2,0,2,False,False,False,False,False,EVIDENCE_QUEUE_CREATED,True,Collect only staged manual seeds/links; do not bulk download PDFs.
TFC,stage_2_evidence_candidates,2,0,2,False,False,False,False,False,EVIDENCE_QUEUE_CREATED,True,Collect only staged manual seeds/links; do not bulk download PDFs.
VPD,stage_2_evidence_candidates,2,0,2,False,False,False,False,False,EVIDENCE_QUEUE_CREATED,True,Collect only staged manual seeds/links; do not bulk download PDFs.
TID,stage_2_evidence_candidates,2,0,2,False,False,False,False,False,EVIDENCE_QUEUE_CREATED,True,Collect only staged manual seeds/links; do not bulk download PDFs.
TMP,stage_2_evidence_candidates,2,0,2,False,False,False,False,False,EVIDENCE_QUEUE_CREATED,True,Collect only staged manual seeds/links; do not bulk download PDFs.
VPR,stage_2_evidence_candidates,2,0,2,False,False,False,False,False,EVIDENCE_QUEUE_CREATED,True,Collect only staged manual seeds/links; do not bulk download PDFs.
TNW,stage_2_evidence_candidates,2,0,2,False,False,False,False,False,EVIDENCE_QUEUE_CREATED,True,Collect only staged manual seeds/links; do not bulk download PDFs.
VIF,stage_2_evidence_candidates,2,0,2,False,False,False,False,False,EVIDENCE_QUEUE_CREATED,True,Collect only staged manual seeds/links; do not bulk download PDFs.
VGG,stage_2_evidence_candidates,2,0,2,False,False,False,False,False,EVIDENCE_QUEUE_CREATED,True,Collect only staged manual seeds/links; do not bulk download PDFs.
VLA,stage_2_evidence_candidates,2,0,2,False,False,False,False,False,EVIDENCE_QUEUE_CREATED,True,Collect only staged manual seeds/links; do not bulk download PDFs.
UNI,stage_2_evidence_candidates,2,0,2,False,False,False,False,False,EVIDENCE_QUEUE_CREATED,True,Collect only staged manual seeds/links; do not bulk download PDFs.
VPS,stage_2_evidence_candidates,2,0,2,False,False,False,False,False,EVIDENCE_QUEUE_CREATED,True,Collect only staged manual seeds/links; do not bulk download PDFs.
VID,stage_2_evidence_candidates,2,0,2,False,False,False,False,False,EVIDENCE_QUEUE_CREATED,True,Collect only staged manual seeds/links; do not bulk download PDFs.
UPH,stage_2_evidence_candidates,2,0,2,False,False,False,False,False,EVIDENCE_QUEUE_CREATED,True,Collect only staged manual seeds/links; do not bulk download PDFs.
VNG,stage_2_evidence_candidates,2,0,2,False,False,False,False,False,EVIDENCE_QUEUE_CREATED,True,Collect only staged manual seeds/links; do not bulk download PDFs.
WSB,stage_2_evidence_candidates,2,0,2,False,False,False,False,False,EVIDENCE_QUEUE_CREATED,True,Collect only staged manual seeds/links; do not bulk download PDFs.
UIC,stage_2_evidence_candidates,2,0,2,False,False,False,False,False,EVIDENCE_QUEUE_CREATED,True,Collect only staged manual seeds/links; do not bulk download PDFs.
TST,stage_2_evidence_candidates,2,0,2,False,False,False,False,False,EVIDENCE_QUEUE_CREATED,True,Collect only staged manual seeds/links; do not bulk download PDFs.
VEC,stage_2_evidence_candidates,2,0,2,False,False,False,False,False,EVIDENCE_QUEUE_CREATED,True,Collect only staged manual seeds/links; do not bulk download PDFs.
VCA,stage_2_evidence_candidates,2,0,2,False,False,False,False,False,EVIDENCE_QUEUE_CREATED,True,Collect only staged manual seeds/links; do not bulk download PDFs.
YBM,stage_2_evidence_candidates,2,0,2,False,False,False,False,False,EVIDENCE_QUEUE_CREATED,True,Collect only staged manual seeds/links; do not bulk download PDFs.
VMG,stage_2_evidence_candidates,2,0,2,False,False,False,False,False,EVIDENCE_QUEUE_CREATED,True,Collect only staged manual seeds/links; do not bulk download PDFs.
TDW,stage_2_evidence_candidates,2,0,2,False,False,False,False,False,EVIDENCE_QUEUE_CREATED,True,Collect only staged manual seeds/links; do not bulk download PDFs.
VTL,stage_2_evidence_candidates,2,0,2,False,False,False,False,False,EVIDENCE_QUEUE_CREATED,True,Collect only staged manual seeds/links; do not bulk download PDFs.
THB,stage_2_evidence_candidates,2,0,2,False,False,False,False,False,EVIDENCE_QUEUE_CREATED,True,Collect only staged manual seeds/links; do not bulk download PDFs.
TMB,stage_2_evidence_candidates,2,0,2,False,False,False,False,False,EVIDENCE_QUEUE_CREATED,True,Collect only staged manual seeds/links; do not bulk download PDFs.
TVT,stage_2_evidence_candidates,2,0,2,False,False,False,False,False,EVIDENCE_QUEUE_CREATED,True,Collect only staged manual seeds/links; do not bulk download PDFs.
VET,stage_2_evidence_candidates,2,0,2,False,False,False,False,False,EVIDENCE_QUEUE_CREATED,True,Collect only staged manual seeds/links; do not bulk download PDFs.
TVW,stage_2_evidence_candidates,2,0,2,False,False,False,False,False,EVIDENCE_QUEUE_CREATED,True,Collect only staged manual seeds/links; do not bulk download PDFs.
TMC,stage_2_evidence_candidates,2,0,2,False,False,False,False,False,EVIDENCE_QUEUE_CREATED,True,Collect only staged manual seeds/links; do not bulk download PDFs.
VPB,stage_2_evidence_candidates,2,0,2,False,False,False,False,False,EVIDENCE_QUEUE_CREATED,True,Collect only staged manual seeds/links; do not bulk download PDFs.
UPC,stage_2_evidence_candidates,2,0,2,False,False,False,False,False,EVIDENCE_QUEUE_CREATED,True,Collect only staged manual seeds/links; do not bulk download PDFs.
VTE,stage_2_evidence_candidates,2,0,2,False,False,False,False,False,EVIDENCE_QUEUE_CREATED,True,Collect only staged manual seeds/links; do not bulk download PDFs.
VSN,stage_2_evidence_candidates,2,0,2,False,False,False,False,False,EVIDENCE_QUEUE_CREATED,True,Collect only staged manual seeds/links; do not bulk download PDFs.
TLP,stage_2_evidence_candidates,2,0,2,False,False,False,False,False,EVIDENCE_QUEUE_CREATED,True,Collect only staged manual seeds/links; do not bulk download PDFs.
VNZ,stage_2_evidence_candidates,2,0,2,False,False,False,False,False,EVIDENCE_QUEUE_CREATED,True,Collect only staged manual seeds/links; do not bulk download PDFs.
VAV,stage_2_evidence_candidates,2,0,2,False,False,False,False,False,EVIDENCE_QUEUE_CREATED,True,Collect only staged manual seeds/links; do not bulk download PDFs.
VCF,stage_2_evidence_candidates,2,0,2,False,False,False,False,False,EVIDENCE_QUEUE_CREATED,True,Collect only staged manual seeds/links; do not bulk download PDFs.
VCB,stage_2_evidence_candidates,2,0,2,False,False,False,False,False,EVIDENCE_QUEUE_CREATED,True,Collect only staged manual seeds/links; do not bulk download PDFs.
VMD,stage_2_evidence_candidates,2,0,2,False,False,False,False,False,EVIDENCE_QUEUE_CREATED,True,Collect only staged manual seeds/links; do not bulk download PDFs.
THP,stage_2_evidence_candidates,2,0,2,False,False,False,False,False,EVIDENCE_QUEUE_CREATED,True,Collect only staged manual seeds/links; do not bulk download PDFs.
VTQ,stage_2_evidence_candidates,2,0,2,False,False,False,False,False,EVIDENCE_QUEUE_CREATED,True,Collect only staged manual seeds/links; do not bulk download PDFs.
TKU,stage_2_evidence_candidates,2,0,2,False,False,False,False,False,EVIDENCE_QUEUE_CREATED,True,Collect only staged manual seeds/links; do not bulk download PDFs.
TTT,stage_2_evidence_candidates,2,0,2,False,False,False,False,False,EVIDENCE_QUEUE_CREATED,True,Collect only staged manual seeds/links; do not bulk download PDFs.
TDB,stage_2_evidence_candidates,2,0,2,False,False,False,False,False,EVIDENCE_QUEUE_CREATED,True,Collect only staged manual seeds/links; do not bulk download PDFs.
TOW,stage_2_evidence_candidates,2,0,2,False,False,False,False,False,EVIDENCE_QUEUE_CREATED,True,Collect only staged manual seeds/links; do not bulk download PDFs.
VWS,stage_2_evidence_candidates,2,0,2,False,False,False,False,False,EVIDENCE_QUEUE_CREATED,True,Collect only staged manual seeds/links; do not bulk download PDFs.
VSF,stage_2_evidence_candidates,2,0,2,False,False,False,False,False,EVIDENCE_QUEUE_CREATED,True,Collect only staged manual seeds/links; do not bulk download PDFs.
TPB,stage_2_evidence_candidates,2,0,2,False,False,False,False,False,EVIDENCE_QUEUE_CREATED,True,Collect only staged manual seeds/links; do not bulk download PDFs.
TDS,stage_2_evidence_candidates,2,0,2,False,False,False,False,False,EVIDENCE_QUEUE_CREATED,True,Collect only staged manual seeds/links; do not bulk download PDFs.
TET,stage_2_evidence_candidates,2,0,2,False,False,False,False,False,EVIDENCE_QUEUE_CREATED,True,Collect only staged manual seeds/links; do not bulk download PDFs.
VIM,stage_2_evidence_candidates,2,0,2,False,False,False,False,False,EVIDENCE_QUEUE_CREATED,True,Collect only staged manual seeds/links; do not bulk download PDFs.
X20,stage_2_evidence_candidates,2,0,2,False,False,False,False,False,EVIDENCE_QUEUE_CREATED,True,Collect only staged manual seeds/links; do not bulk download PDFs.
TSJ,stage_2_evidence_candidates,2,0,2,False,False,False,False,False,EVIDENCE_QUEUE_CREATED,True,Collect only staged manual seeds/links; do not bulk download PDFs.
VIB,stage_2_evidence_candidates,2,0,2,False,False,False,False,False,EVIDENCE_QUEUE_CREATED,True,Collect only staged manual seeds/links; do not bulk download PDFs.
VDN,stage_2_evidence_candidates,2,0,2,False,False,False,False,False,EVIDENCE_QUEUE_CREATED,True,Collect only staged manual seeds/links; do not bulk download PDFs.
TPH,stage_2_evidence_candidates,2,0,2,False,False,False,False,False,EVIDENCE_QUEUE_CREATED,True,Collect only staged manual seeds/links; do not bulk download PDFs.
XMP,stage_2_evidence_candidates,2,0,2,False,False,False,False,False,EVIDENCE_QUEUE_CREATED,True,Collect only staged manual seeds/links; do not bulk download PDFs.
TLI,stage_2_evidence_candidates,2,0,2,False,False,False,False,False,EVIDENCE_QUEUE_CREATED,True,Collect only staged manual seeds/links; do not bulk download PDFs.
VIE,stage_2_evidence_candidates,2,0,2,False,False,False,False,False,EVIDENCE_QUEUE_CREATED,True,Collect only staged manual seeds/links; do not bulk download PDFs.
VAB,stage_2_evidence_candidates,2,0,2,False,False,False,False,False,EVIDENCE_QUEUE_CREATED,True,Collect only staged manual seeds/links; do not bulk download PDFs.
VHI,stage_2_evidence_candidates,2,0,2,False,False,False,False,False,EVIDENCE_QUEUE_CREATED,True,Collect only staged manual seeds/links; do not bulk download PDFs.
VDP,stage_2_evidence_candidates,2,0,2,False,False,False,False,False,EVIDENCE_QUEUE_CREATED,True,Collect only staged manual seeds/links; do not bulk download PDFs.
THW,stage_2_evidence_candidates,2,0,2,False,False,False,False,False,EVIDENCE_QUEUE_CREATED,True,Collect only staged manual seeds/links; do not bulk download PDFs.
VTJ,stage_2_evidence_candidates,2,0,2,False,False,False,False,False,EVIDENCE_QUEUE_CREATED,True,Collect only staged manual seeds/links; do not bulk download PDFs.
TSD,stage_2_evidence_candidates,2,0,2,False,False,False,False,False,EVIDENCE_QUEUE_CREATED,True,Collect only staged manual seeds/links; do not bulk download PDFs.
VDM,stage_2_evidence_candidates,2,0,2,False,False,False,False,False,EVIDENCE_QUEUE_CREATED,True,Collect only staged manual seeds/links; do not bulk download PDFs.
VBB,stage_2_evidence_candidates,2,0,2,False,False,False,False,False,EVIDENCE_QUEUE_CREATED,True,Collect only staged manual seeds/links; do not bulk download PDFs.
VTG,stage_2_evidence_candidates,2,0,2,False,False,False,False,False,EVIDENCE_QUEUE_CREATED,True,Collect only staged manual seeds/links; do not bulk download PDFs.
THN,stage_2_evidence_candidates,2,0,2,False,False,False,False,False,EVIDENCE_QUEUE_CREATED,True,Collect only staged manual seeds/links; do not bulk download PDFs.
THS,stage_2_evidence_candidates,2,0,2,False,False,False,False,False,EVIDENCE_QUEUE_CREATED,True,Collect only staged manual seeds/links; do not bulk download PDFs.
TOP,stage_2_evidence_candidates,2,0,2,False,False,False,False,False,EVIDENCE_QUEUE_CREATED,True,Collect only staged manual seeds/links; do not bulk download PDFs.
TPS,stage_2_evidence_candidates,2,0,2,False,False,False,False,False,EVIDENCE_QUEUE_CREATED,True,Collect only staged manual seeds/links; do not bulk download PDFs.
TQW,stage_2_evidence_candidates,2,0,2,False,False,False,False,False,EVIDENCE_QUEUE_CREATED,True,Collect only staged manual seeds/links; do not bulk download PDFs.
TTD,stage_2_evidence_candidates,2,0,2,False,False,False,False,False,EVIDENCE_QUEUE_CREATED,True,Collect only staged manual seeds/links; do not bulk download PDFs.
TTE,stage_2_evidence_candidates,2,0,2,False,False,False,False,False,EVIDENCE_QUEUE_CREATED,True,Collect only staged manual seeds/links; do not bulk download PDFs.
TW3,stage_2_evidence_candidates,2,0,2,False,False,False,False,False,EVIDENCE_QUEUE_CREATED,True,Collect only staged manual seeds/links; do not bulk download PDFs.
VAT,stage_2_evidence_candidates,2,0,2,False,False,False,False,False,EVIDENCE_QUEUE_CREATED,True,Collect only staged manual seeds/links; do not bulk download PDFs.
VIR,stage_2_evidence_candidates,2,0,2,False,False,False,False,False,EVIDENCE_QUEUE_CREATED,True,Collect only staged manual seeds/links; do not bulk download PDFs.
VLW,stage_2_evidence_candidates,2,0,2,False,False,False,False,False,EVIDENCE_QUEUE_CREATED,True,Collect only staged manual seeds/links; do not bulk download PDFs.
VNX,stage_2_evidence_candidates,2,0,2,False,False,False,False,False,EVIDENCE_QUEUE_CREATED,True,Collect only staged manual seeds/links; do not bulk download PDFs.
VPW,stage_2_evidence_candidates,2,0,2,False,False,False,False,False,EVIDENCE_QUEUE_CREATED,True,Collect only staged manual seeds/links; do not bulk download PDFs.
VTM,stage_2_evidence_candidates,2,0,2,False,False,False,False,False,EVIDENCE_QUEUE_CREATED,True,Collect only staged manual seeds/links; do not bulk download PDFs.
YTC,stage_2_evidence_candidates,2,0,2,False,False,False,False,False,EVIDENCE_QUEUE_CREATED,True,Collect only staged manual seeds/links; do not bulk download PDFs.
TDN,stage_2_evidence_candidates,2,0,2,False,False,False,False,False,EVIDENCE_QUEUE_CREATED,True,Collect only staged manual seeds/links; do not bulk download PDFs.
ABB,stage_2_evidence_candidates,2,0,2,False,False,False,False,False,EVIDENCE_QUEUE_CREATED,True,Collect only staged manual seeds/links; do not bulk download PDFs.
ABC,stage_2_evidence_candidates,2,0,2,False,False,False,False,False,EVIDENCE_QUEUE_CREATED,True,Collect only staged manual seeds/links; do not bulk download PDFs.
ACB,stage_2_evidence_candidates,2,0,2,False,False,False,False,False,EVIDENCE_QUEUE_CREATED,True,Collect only staged manual seeds/links; do not bulk download PDFs.
TYA,stage_1_provisional_shortlist,0,0,0,False,False,False,False,False,NO_OFFICIAL_EVIDENCE_NEEDED_YET,False,Keep using cheap/provisional data; no official document collection yet.
VGR,stage_1_provisional_shortlist,0,0,0,False,False,False,False,False,NO_OFFICIAL_EVIDENCE_NEEDED_YET,False,Keep using cheap/provisional data; no official document collection yet.
VSE,stage_1_provisional_shortlist,0,0,0,False,False,False,False,False,NO_OFFICIAL_EVIDENCE_NEEDED_YET,False,Keep using cheap/provisional data; no official document collection yet.
TJC,stage_1_provisional_shortlist,0,0,0,False,False,False,False,False,NO_OFFICIAL_EVIDENCE_NEEDED_YET,False,Keep using cheap/provisional data; no official document collection yet.
TSB,stage_1_provisional_shortlist,0,0,0,False,False,False,False,False,NO_OFFICIAL_EVIDENCE_NEEDED_YET,False,Keep using cheap/provisional data; no official document collection yet.
USD,stage_1_provisional_shortlist,0,0,0,False,False,False,False,False,NO_OFFICIAL_EVIDENCE_NEEDED_YET,False,Keep using cheap/provisional data; no official document collection yet.
VTB,stage_1_provisional_shortlist,0,0,0,False,False,False,False,False,NO_OFFICIAL_EVIDENCE_NEEDED_YET,False,Keep using cheap/provisional data; no official document collection yet.
VMC,stage_1_provisional_shortlist,0,0,0,False,False,False,False,False,NO_OFFICIAL_EVIDENCE_NEEDED_YET,False,Keep using cheap/provisional data; no official document collection yet.
VNA,stage_1_provisional_shortlist,0,0,0,False,False,False,False,False,NO_OFFICIAL_EVIDENCE_NEEDED_YET,False,Keep using cheap/provisional data; no official document collection yet.
VLG,stage_1_provisional_shortlist,0,0,0,False,False,False,False,False,NO_OFFICIAL_EVIDENCE_NEEDED_YET,False,Keep using cheap/provisional data; no official document collection yet.
TN1,stage_1_provisional_shortlist,0,0,0,False,False,False,False,False,NO_OFFICIAL_EVIDENCE_NEEDED_YET,False,Keep using cheap/provisional data; no official document collection yet.
TDF,stage_1_provisional_shortlist,0,0,0,False,False,False,False,False,NO_OFFICIAL_EVIDENCE_NEEDED_YET,False,Keep using cheap/provisional data; no official document collection yet.
VNF,stage_1_provisional_shortlist,0,0,0,False,False,False,False,False,NO_OFFICIAL_EVIDENCE_NEEDED_YET,False,Keep using cheap/provisional data; no official document collection yet.
TTP,stage_1_provisional_shortlist,0,0,0,False,False,False,False,False,NO_OFFICIAL_EVIDENCE_NEEDED_YET,False,Keep using cheap/provisional data; no official document collection yet.
VSM,stage_1_provisional_shortlist,0,0,0,False,False,False,False,False,NO_OFFICIAL_EVIDENCE_NEEDED_YET,False,Keep using cheap/provisional data; no official document collection yet.
VST,stage_1_provisional_shortlist,0,0,0,False,False,False,False,False,NO_OFFICIAL_EVIDENCE_NEEDED_YET,False,Keep using cheap/provisional data; no official document collection yet.
TMS,stage_1_provisional_shortlist,0,0,0,False,False,False,False,False,NO_OFFICIAL_EVIDENCE_NEEDED_YET,False,Keep using cheap/provisional data; no official document collection yet.
XMD,stage_1_provisional_shortlist,0,0,0,False,False,False,False,False,NO_OFFICIAL_EVIDENCE_NEEDED_YET,False,Keep using cheap/provisional data; no official document collection yet.
V12,stage_1_provisional_shortlist,0,0,0,False,False,False,False,False,NO_OFFICIAL_EVIDENCE_NEEDED_YET,False,Keep using cheap/provisional data; no official document collection yet.
TXM,stage_1_provisional_shortlist,0,0,0,False,False,False,False,False,NO_OFFICIAL_EVIDENCE_NEEDED_YET,False,Keep using cheap/provisional data; no official document collection yet.
VNL,stage_1_provisional_shortlist,0,0,0,False,False,False,False,False,NO_OFFICIAL_EVIDENCE_NEEDED_YET,False,Keep using cheap/provisional data; no official document collection yet.
TS3,stage_1_provisional_shortlist,0,0,0,False,False,False,False,False,NO_OFFICIAL_EVIDENCE_NEEDED_YET,False,Keep using cheap/provisional data; no official document collection yet.
VSI,stage_1_provisional_shortlist,0,0,0,False,False,False,False,False,NO_OFFICIAL_EVIDENCE_NEEDED_YET,False,Keep using cheap/provisional data; no official document collection yet.
VE1,stage_1_provisional_shortlist,0,0,0,False,False,False,False,False,NO_OFFICIAL_EVIDENCE_NEEDED_YET,False,Keep using cheap/provisional data; no official document collection yet.
TIE,stage_1_provisional_shortlist,0,0,0,False,False,False,False,False,NO_OFFICIAL_EVIDENCE_NEEDED_YET,False,Keep using cheap/provisional data; no official document collection yet.
VCC,stage_1_provisional_shortlist,0,0,0,False,False,False,False,False,NO_OFFICIAL_EVIDENCE_NEEDED_YET,False,Keep using cheap/provisional data; no official document collection yet.
VNC,stage_1_provisional_shortlist,0,0,0,False,False,False,False,False,NO_OFFICIAL_EVIDENCE_NEEDED_YET,False,Keep using cheap/provisional data; no official document collection yet.
VE9,stage_1_provisional_shortlist,0,0,0,False,False,False,False,False,NO_OFFICIAL_EVIDENCE_NEEDED_YET,False,Keep using cheap/provisional data; no official document collection yet.
VIT,stage_1_provisional_shortlist,0,0,0,False,False,False,False,False,NO_OFFICIAL_EVIDENCE_NEEDED_YET,False,Keep using cheap/provisional data; no official document collection yet.
VC6,stage_1_provisional_shortlist,0,0,0,False,False,False,False,False,NO_OFFICIAL_EVIDENCE_NEEDED_YET,False,Keep using cheap/provisional data; no official document collection yet.
V11,stage_1_provisional_shortlist,0,0,0,False,False,False,False,False,NO_OFFICIAL_EVIDENCE_NEEDED_YET,False,Keep using cheap/provisional data; no official document collection yet.
TTC,stage_1_provisional_shortlist,0,0,0,False,False,False,False,False,NO_OFFICIAL_EVIDENCE_NEEDED_YET,False,Keep using cheap/provisional data; no official document collection yet.
USC,stage_1_provisional_shortlist,0,0,0,False,False,False,False,False,NO_OFFICIAL_EVIDENCE_NEEDED_YET,False,Keep using cheap/provisional data; no official document collection yet.
TOT,stage_1_provisional_shortlist,0,0,0,False,False,False,False,False,NO_OFFICIAL_EVIDENCE_NEEDED_YET,False,Keep using cheap/provisional data; no official document collection yet.
VCX,stage_1_provisional_shortlist,0,0,0,False,False,False,False,False,NO_OFFICIAL_EVIDENCE_NEEDED_YET,False,Keep using cheap/provisional data; no official document collection yet.
TV3,stage_1_provisional_shortlist,0,0,0,False,False,False,False,False,NO_OFFICIAL_EVIDENCE_NEEDED_YET,False,Keep using cheap/provisional data; no official document collection yet.
YBC,stage_1_provisional_shortlist,0,0,0,False,False,False,False,False,NO_OFFICIAL_EVIDENCE_NEEDED_YET,False,Keep using cheap/provisional data; no official document collection yet.
VGV,stage_1_provisional_shortlist,0,0,0,False,False,False,False,False,NO_OFFICIAL_EVIDENCE_NEEDED_YET,False,Keep using cheap/provisional data; no official document collection yet.
TTL,stage_1_provisional_shortlist,0,0,0,False,False,False,False,False,NO_OFFICIAL_EVIDENCE_NEEDED_YET,False,Keep using cheap/provisional data; no official document collection yet.
WTC,stage_1_provisional_shortlist,0,0,0,False,False,False,False,False,NO_OFFICIAL_EVIDENCE_NEEDED_YET,False,Keep using cheap/provisional data; no official document collection yet.
VTH,stage_1_provisional_shortlist,0,0,0,False,False,False,False,False,NO_OFFICIAL_EVIDENCE_NEEDED_YET,False,Keep using cheap/provisional data; no official document collection yet.
XLV,stage_1_provisional_shortlist,0,0,0,False,False,False,False,False,NO_OFFICIAL_EVIDENCE_NEEDED_YET,False,Keep using cheap/provisional data; no official document collection yet.
XDH,stage_1_provisional_shortlist,0,0,0,False,False,False,False,False,NO_OFFICIAL_EVIDENCE_NEEDED_YET,False,Keep using cheap/provisional data; no official document collection yet.
VPA,stage_1_provisional_shortlist,0,0,0,False,False,False,False,False,NO_OFFICIAL_EVIDENCE_NEEDED_YET,False,Keep using cheap/provisional data; no official document collection yet.
WCS,stage_1_provisional_shortlist,0,0,0,False,False,False,False,False,NO_OFFICIAL_EVIDENCE_NEEDED_YET,False,Keep using cheap/provisional data; no official document collection yet.
VPC,stage_1_provisional_shortlist,0,0,0,False,False,False,False,False,NO_OFFICIAL_EVIDENCE_NEEDED_YET,False,Keep using cheap/provisional data; no official document collection yet.
VFR,stage_1_provisional_shortlist,0,0,0,False,False,False,False,False,NO_OFFICIAL_EVIDENCE_NEEDED_YET,False,Keep using cheap/provisional data; no official document collection yet.
V21,stage_1_provisional_shortlist,0,0,0,False,False,False,False,False,NO_OFFICIAL_EVIDENCE_NEEDED_YET,False,Keep using cheap/provisional data; no official document collection yet.
TRS,stage_1_provisional_shortlist,0,0,0,False,False,False,False,False,NO_OFFICIAL_EVIDENCE_NEEDED_YET,False,Keep using cheap/provisional data; no official document collection yet.
VC1,stage_1_provisional_shortlist,0,0,0,False,False,False,False,False,NO_OFFICIAL_EVIDENCE_NEEDED_YET,False,Keep using cheap/provisional data; no official document collection yet.
VTA,stage_1_provisional_shortlist,0,0,0,False,False,False,False,False,NO_OFFICIAL_EVIDENCE_NEEDED_YET,False,Keep using cheap/provisional data; no official document collection yet.
TMX,stage_1_provisional_shortlist,0,0,0,False,False,False,False,False,NO_OFFICIAL_EVIDENCE_NEEDED_YET,False,Keep using cheap/provisional data; no official document collection yet.
VCR,stage_1_provisional_shortlist,0,0,0,False,False,False,False,False,NO_OFFICIAL_EVIDENCE_NEEDED_YET,False,Keep using cheap/provisional data; no official document collection yet.
TNC,stage_1_provisional_shortlist,0,0,0,False,False,False,False,False,NO_OFFICIAL_EVIDENCE_NEEDED_YET,False,Keep using cheap/provisional data; no official document collection yet.
VNI,stage_1_provisional_shortlist,0,0,0,False,False,False,False,False,NO_OFFICIAL_EVIDENCE_NEEDED_YET,False,Keep using cheap/provisional data; no official document collection yet.
VGL,stage_1_provisional_shortlist,0,0,0,False,False,False,False,False,NO_OFFICIAL_EVIDENCE_NEEDED_YET,False,Keep using cheap/provisional data; no official document collection yet.
VSA,stage_1_provisional_shortlist,0,0,0,False,False,False,False,False,NO_OFFICIAL_EVIDENCE_NEEDED_YET,False,Keep using cheap/provisional data; no official document collection yet.
TGP,stage_1_provisional_shortlist,0,0,0,False,False,False,False,False,NO_OFFICIAL_EVIDENCE_NEEDED_YET,False,Keep using cheap/provisional data; no official document collection yet.
UDL,stage_1_provisional_shortlist,0,0,0,False,False,False,False,False,NO_OFFICIAL_EVIDENCE_NEEDED_YET,False,Keep using cheap/provisional data; no official document collection yet.
VNY,stage_1_provisional_shortlist,0,0,0,False,False,False,False,False,NO_OFFICIAL_EVIDENCE_NEEDED_YET,False,Keep using cheap/provisional data; no official document collection yet.
VBC,stage_1_provisional_shortlist,0,0,0,False,False,False,False,False,NO_OFFICIAL_EVIDENCE_NEEDED_YET,False,Keep using cheap/provisional data; no official document collection yet.
VQC,stage_1_provisional_shortlist,0,0,0,False,False,False,False,False,NO_OFFICIAL_EVIDENCE_NEEDED_YET,False,Keep using cheap/provisional data; no official document collection yet.
TED,stage_1_provisional_shortlist,0,0,0,False,False,False,False,False,NO_OFFICIAL_EVIDENCE_NEEDED_YET,False,Keep using cheap/provisional data; no official document collection yet.
TVH,stage_1_provisional_shortlist,0,0,0,False,False,False,False,False,NO_OFFICIAL_EVIDENCE_NEEDED_YET,False,Keep using cheap/provisional data; no official document collection yet.
VMS,stage_1_provisional_shortlist,0,0,0,False,False,False,False,False,NO_OFFICIAL_EVIDENCE_NEEDED_YET,False,Keep using cheap/provisional data; no official document collection yet.
VHL,stage_1_provisional_shortlist,0,0,0,False,False,False,False,False,NO_OFFICIAL_EVIDENCE_NEEDED_YET,False,Keep using cheap/provisional data; no official document collection yet.
TTS,stage_1_provisional_shortlist,0,0,0,False,False,False,False,False,NO_OFFICIAL_EVIDENCE_NEEDED_YET,False,Keep using cheap/provisional data; no official document collection yet.
VCM,stage_1_provisional_shortlist,0,0,0,False,False,False,False,False,NO_OFFICIAL_EVIDENCE_NEEDED_YET,False,Keep using cheap/provisional data; no official document collection yet.
TNB,stage_1_provisional_shortlist,0,0,0,False,False,False,False,False,NO_OFFICIAL_EVIDENCE_NEEDED_YET,False,Keep using cheap/provisional data; no official document collection yet.
TIX,stage_1_provisional_shortlist,0,0,0,False,False,False,False,False,NO_OFFICIAL_EVIDENCE_NEEDED_YET,False,Keep using cheap/provisional data; no official document collection yet.
TMG,stage_1_provisional_shortlist,0,0,0,False,False,False,False,False,NO_OFFICIAL_EVIDENCE_NEEDED_YET,False,Keep using cheap/provisional data; no official document collection yet.
TNP,stage_1_provisional_shortlist,0,0,0,False,False,False,False,False,NO_OFFICIAL_EVIDENCE_NEEDED_YET,False,Keep using cheap/provisional data; no official document collection yet.
VIN,stage_1_provisional_shortlist,0,0,0,False,False,False,False,False,NO_OFFICIAL_EVIDENCE_NEEDED_YET,False,Keep using cheap/provisional data; no official document collection yet.
VTX,stage_1_provisional_shortlist,0,0,0,False,False,False,False,False,NO_OFFICIAL_EVIDENCE_NEEDED_YET,False,Keep using cheap/provisional data; no official document collection yet.
XHC,stage_1_provisional_shortlist,0,0,0,False,False,False,False,False,NO_OFFICIAL_EVIDENCE_NEEDED_YET,False,Keep using cheap/provisional data; no official document collection yet.
VHD,stage_1_provisional_shortlist,0,0,0,False,False,False,False,False,NO_OFFICIAL_EVIDENCE_NEEDED_YET,False,Keep using cheap/provisional data; no official document collection yet.
VSG,stage_1_provisional_shortlist,0,0,0,False,False,False,False,False,NO_OFFICIAL_EVIDENCE_NEEDED_YET,False,Keep using cheap/provisional data; no official document collection yet.
VVN,stage_1_provisional_shortlist,0,0,0,False,False,False,False,False,NO_OFFICIAL_EVIDENCE_NEEDED_YET,False,Keep using cheap/provisional data; no official document collection yet.
UPS,stage_1_provisional_shortlist,0,0,0,False,False,False,False,False,NO_OFFICIAL_EVIDENCE_NEEDED_YET,False,Keep using cheap/provisional data; no official document collection yet.
VCK,stage_1_provisional_shortlist,0,0,0,False,False,False,False,False,NO_OFFICIAL_EVIDENCE_NEEDED_YET,False,Keep using cheap/provisional data; no official document collection yet.
VPX,stage_1_provisional_shortlist,0,0,0,False,False,False,False,False,NO_OFFICIAL_EVIDENCE_NEEDED_YET,False,Keep using cheap/provisional data; no official document collection yet.
VDL,stage_1_provisional_shortlist,0,0,0,False,False,False,False,False,NO_OFFICIAL_EVIDENCE_NEEDED_YET,False,Keep using cheap/provisional data; no official document collection yet.
TD6,stage_1_provisional_shortlist,0,0,0,False,False,False,False,False,NO_OFFICIAL_EVIDENCE_NEEDED_YET,False,Keep using cheap/provisional data; no official document collection yet.
TDI,stage_1_provisional_shortlist,0,0,0,False,False,False,False,False,NO_OFFICIAL_EVIDENCE_NEEDED_YET,False,Keep using cheap/provisional data; no official document collection yet.
TEC,stage_1_provisional_shortlist,0,0,0,False,False,False,False,False,NO_OFFICIAL_EVIDENCE_NEEDED_YET,False,Keep using cheap/provisional data; no official document collection yet.
TEL,stage_1_provisional_shortlist,0,0,0,False,False,False,False,False,NO_OFFICIAL_EVIDENCE_NEEDED_YET,False,Keep using cheap/provisional data; no official document collection yet.
TGG,stage_1_provisional_shortlist,0,0,0,False,False,False,False,False,NO_OFFICIAL_EVIDENCE_NEEDED_YET,False,Keep using cheap/provisional data; no official document collection yet.
THM,stage_1_provisional_shortlist,0,0,0,False,False,False,False,False,NO_OFFICIAL_EVIDENCE_NEEDED_YET,False,Keep using cheap/provisional data; no official document collection yet.
THU,stage_1_provisional_shortlist,0,0,0,False,False,False,False,False,NO_OFFICIAL_EVIDENCE_NEEDED_YET,False,Keep using cheap/provisional data; no official document collection yet.
TKA,stage_1_provisional_shortlist,0,0,0,False,False,False,False,False,NO_OFFICIAL_EVIDENCE_NEEDED_YET,False,Keep using cheap/provisional data; no official document collection yet.
TKG,stage_1_provisional_shortlist,0,0,0,False,False,False,False,False,NO_OFFICIAL_EVIDENCE_NEEDED_YET,False,Keep using cheap/provisional data; no official document collection yet.
TL4,stage_1_provisional_shortlist,0,0,0,False,False,False,False,False,NO_OFFICIAL_EVIDENCE_NEEDED_YET,False,Keep using cheap/provisional data; no official document collection yet.
TLT,stage_1_provisional_shortlist,0,0,0,False,False,False,False,False,NO_OFFICIAL_EVIDENCE_NEEDED_YET,False,Keep using cheap/provisional data; no official document collection yet.
TMW,stage_1_provisional_shortlist,0,0,0,False,False,False,False,False,NO_OFFICIAL_EVIDENCE_NEEDED_YET,False,Keep using cheap/provisional data; no official document collection yet.
TNA,stage_1_provisional_shortlist,0,0,0,False,False,False,False,False,NO_OFFICIAL_EVIDENCE_NEEDED_YET,False,Keep using cheap/provisional data; no official document collection yet.
TNV,stage_1_provisional_shortlist,0,0,0,False,False,False,False,False,NO_OFFICIAL_EVIDENCE_NEEDED_YET,False,Keep using cheap/provisional data; no official document collection yet.
TPP,stage_1_provisional_shortlist,0,0,0,False,False,False,False,False,NO_OFFICIAL_EVIDENCE_NEEDED_YET,False,Keep using cheap/provisional data; no official document collection yet.
TQN,stage_1_provisional_shortlist,0,0,0,False,False,False,False,False,NO_OFFICIAL_EVIDENCE_NEEDED_YET,False,Keep using cheap/provisional data; no official document collection yet.
TR1,stage_1_provisional_shortlist,0,0,0,False,False,False,False,False,NO_OFFICIAL_EVIDENCE_NEEDED_YET,False,Keep using cheap/provisional data; no official document collection yet.
TRT,stage_1_provisional_shortlist,0,0,0,False,False,False,False,False,NO_OFFICIAL_EVIDENCE_NEEDED_YET,False,Keep using cheap/provisional data; no official document collection yet.
TRV,stage_1_provisional_shortlist,0,0,0,False,False,False,False,False,NO_OFFICIAL_EVIDENCE_NEEDED_YET,False,Keep using cheap/provisional data; no official document collection yet.
TSA,stage_1_provisional_shortlist,0,0,0,False,False,False,False,False,NO_OFFICIAL_EVIDENCE_NEEDED_YET,False,Keep using cheap/provisional data; no official document collection yet.
TSG,stage_1_provisional_shortlist,0,0,0,False,False,False,False,False,NO_OFFICIAL_EVIDENCE_NEEDED_YET,False,Keep using cheap/provisional data; no official document collection yet.
TT6,stage_1_provisional_shortlist,0,0,0,False,False,False,False,False,NO_OFFICIAL_EVIDENCE_NEEDED_YET,False,Keep using cheap/provisional data; no official document collection yet.
TTB,stage_1_provisional_shortlist,0,0,0,False,False,False,False,False,NO_OFFICIAL_EVIDENCE_NEEDED_YET,False,Keep using cheap/provisional data; no official document collection yet.
TTZ,stage_1_provisional_shortlist,0,0,0,False,False,False,False,False,NO_OFFICIAL_EVIDENCE_NEEDED_YET,False,Keep using cheap/provisional data; no official document collection yet.
TUG,stage_1_provisional_shortlist,0,0,0,False,False,False,False,False,NO_OFFICIAL_EVIDENCE_NEEDED_YET,False,Keep using cheap/provisional data; no official document collection yet.
TVA,stage_1_provisional_shortlist,0,0,0,False,False,False,False,False,NO_OFFICIAL_EVIDENCE_NEEDED_YET,False,Keep using cheap/provisional data; no official document collection yet.
TVG,stage_1_provisional_shortlist,0,0,0,False,False,False,False,False,NO_OFFICIAL_EVIDENCE_NEEDED_YET,False,Keep using cheap/provisional data; no official document collection yet.
TVM,stage_1_provisional_shortlist,0,0,0,False,False,False,False,False,NO_OFFICIAL_EVIDENCE_NEEDED_YET,False,Keep using cheap/provisional data; no official document collection yet.
UCT,stage_1_provisional_shortlist,0,0,0,False,False,False,False,False,NO_OFFICIAL_EVIDENCE_NEEDED_YET,False,Keep using cheap/provisional data; no official document collection yet.
UEM,stage_1_provisional_shortlist,0,0,0,False,False,False,False,False,NO_OFFICIAL_EVIDENCE_NEEDED_YET,False,Keep using cheap/provisional data; no official document collection yet.
UMC,stage_1_provisional_shortlist,0,0,0,False,False,False,False,False,NO_OFFICIAL_EVIDENCE_NEEDED_YET,False,Keep using cheap/provisional data; no official document collection yet.
UTT,stage_1_provisional_shortlist,0,0,0,False,False,False,False,False,NO_OFFICIAL_EVIDENCE_NEEDED_YET,False,Keep using cheap/provisional data; no official document collection yet.
VBG,stage_1_provisional_shortlist,0,0,0,False,False,False,False,False,NO_OFFICIAL_EVIDENCE_NEEDED_YET,False,Keep using cheap/provisional data; no official document collection yet.
VBH,stage_1_provisional_shortlist,0,0,0,False,False,False,False,False,NO_OFFICIAL_EVIDENCE_NEEDED_YET,False,Keep using cheap/provisional data; no official document collection yet.
VBT,stage_1_provisional_shortlist,0,0,0,False,False,False,False,False,NO_OFFICIAL_EVIDENCE_NEEDED_YET,False,Keep using cheap/provisional data; no official document collection yet.
VCE,stage_1_provisional_shortlist,0,0,0,False,False,False,False,False,NO_OFFICIAL_EVIDENCE_NEEDED_YET,False,Keep using cheap/provisional data; no official document collection yet.
VDB,stage_1_provisional_shortlist,0,0,0,False,False,False,False,False,NO_OFFICIAL_EVIDENCE_NEEDED_YET,False,Keep using cheap/provisional data; no official document collection yet.
VDG,stage_1_provisional_shortlist,0,0,0,False,False,False,False,False,NO_OFFICIAL_EVIDENCE_NEEDED_YET,False,Keep using cheap/provisional data; no official document collection yet.
VDT,stage_1_provisional_shortlist,0,0,0,False,False,False,False,False,NO_OFFICIAL_EVIDENCE_NEEDED_YET,False,Keep using cheap/provisional data; no official document collection yet.
VE2,stage_1_provisional_shortlist,0,0,0,False,False,False,False,False,NO_OFFICIAL_EVIDENCE_NEEDED_YET,False,Keep using cheap/provisional data; no official document collection yet.
VE3,stage_1_provisional_shortlist,0,0,0,False,False,False,False,False,NO_OFFICIAL_EVIDENCE_NEEDED_YET,False,Keep using cheap/provisional data; no official document collection yet.
VE4,stage_1_provisional_shortlist,0,0,0,False,False,False,False,False,NO_OFFICIAL_EVIDENCE_NEEDED_YET,False,Keep using cheap/provisional data; no official document collection yet.
VES,stage_1_provisional_shortlist,0,0,0,False,False,False,False,False,NO_OFFICIAL_EVIDENCE_NEEDED_YET,False,Keep using cheap/provisional data; no official document collection yet.
VFC,stage_1_provisional_shortlist,0,0,0,False,False,False,False,False,NO_OFFICIAL_EVIDENCE_NEEDED_YET,False,Keep using cheap/provisional data; no official document collection yet.
VHF,stage_1_provisional_shortlist,0,0,0,False,False,False,False,False,NO_OFFICIAL_EVIDENCE_NEEDED_YET,False,Keep using cheap/provisional data; no official document collection yet.
VHH,stage_1_provisional_shortlist,0,0,0,False,False,False,False,False,NO_OFFICIAL_EVIDENCE_NEEDED_YET,False,Keep using cheap/provisional data; no official document collection yet.
VIH,stage_1_provisional_shortlist,0,0,0,False,False,False,False,False,NO_OFFICIAL_EVIDENCE_NEEDED_YET,False,Keep using cheap/provisional data; no official document collection yet.
VIW,stage_1_provisional_shortlist,0,0,0,False,False,False,False,False,NO_OFFICIAL_EVIDENCE_NEEDED_YET,False,Keep using cheap/provisional data; no official document collection yet.
VKD,stage_1_provisional_shortlist,0,0,0,False,False,False,False,False,NO_OFFICIAL_EVIDENCE_NEEDED_YET,False,Keep using cheap/provisional data; no official document collection yet.
VLP,stage_1_provisional_shortlist,0,0,0,False,False,False,False,False,NO_OFFICIAL_EVIDENCE_NEEDED_YET,False,Keep using cheap/provisional data; no official document collection yet.
VLS,stage_1_provisional_shortlist,0,0,0,False,False,False,False,False,NO_OFFICIAL_EVIDENCE_NEEDED_YET,False,Keep using cheap/provisional data; no official document collection yet.
VMA,stage_1_provisional_shortlist,0,0,0,False,False,False,False,False,NO_OFFICIAL_EVIDENCE_NEEDED_YET,False,Keep using cheap/provisional data; no official document collection yet.
VMK,stage_1_provisional_shortlist,0,0,0,False,False,False,False,False,NO_OFFICIAL_EVIDENCE_NEEDED_YET,False,Keep using cheap/provisional data; no official document collection yet.
VMT,stage_1_provisional_shortlist,0,0,0,False,False,False,False,False,NO_OFFICIAL_EVIDENCE_NEEDED_YET,False,Keep using cheap/provisional data; no official document collection yet.
VNT,stage_1_provisional_shortlist,0,0,0,False,False,False,False,False,NO_OFFICIAL_EVIDENCE_NEEDED_YET,False,Keep using cheap/provisional data; no official document collection yet.
VTS,stage_1_provisional_shortlist,0,0,0,False,False,False,False,False,NO_OFFICIAL_EVIDENCE_NEEDED_YET,False,Keep using cheap/provisional data; no official document collection yet.
VXP,stage_1_provisional_shortlist,0,0,0,False,False,False,False,False,NO_OFFICIAL_EVIDENCE_NEEDED_YET,False,Keep using cheap/provisional data; no official document collection yet.
VXT,stage_1_provisional_shortlist,0,0,0,False,False,False,False,False,NO_OFFICIAL_EVIDENCE_NEEDED_YET,False,Keep using cheap/provisional data; no official document collection yet.
X26,stage_1_provisional_shortlist,0,0,0,False,False,False,False,False,NO_OFFICIAL_EVIDENCE_NEEDED_YET,False,Keep using cheap/provisional data; no official document collection yet.
XDC,stage_1_provisional_shortlist,0,0,0,False,False,False,False,False,NO_OFFICIAL_EVIDENCE_NEEDED_YET,False,Keep using cheap/provisional data; no official document collection yet.
XPH,stage_1_provisional_shortlist,0,0,0,False,False,False,False,False,NO_OFFICIAL_EVIDENCE_NEEDED_YET,False,Keep using cheap/provisional data; no official document collection yet.
TKC,stage_1_provisional_shortlist,0,0,0,False,False,False,False,False,NO_OFFICIAL_EVIDENCE_NEEDED_YET,False,Keep using cheap/provisional data; no official document collection yet.
TS4,stage_1_provisional_shortlist,0,0,0,False,False,False,False,False,NO_OFFICIAL_EVIDENCE_NEEDED_YET,False,Keep using cheap/provisional data; no official document collection yet.
UXC,stage_1_provisional_shortlist,0,0,0,False,False,False,False,False,NO_OFFICIAL_EVIDENCE_NEEDED_YET,False,Keep using cheap/provisional data; no official document collection yet.
VC5,stage_1_provisional_shortlist,0,0,0,False,False,False,False,False,NO_OFFICIAL_EVIDENCE_NEEDED_YET,False,Keep using cheap/provisional data; no official document collection yet.
VCT,stage_1_provisional_shortlist,0,0,0,False,False,False,False,False,NO_OFFICIAL_EVIDENCE_NEEDED_YET,False,Keep using cheap/provisional data; no official document collection yet.
VE8,stage_1_provisional_shortlist,0,0,0,False,False,False,False,False,NO_OFFICIAL_EVIDENCE_NEEDED_YET,False,Keep using cheap/provisional data; no official document collection yet.
VTI,stage_1_provisional_shortlist,0,0,0,False,False,False,False,False,NO_OFFICIAL_EVIDENCE_NEEDED_YET,False,Keep using cheap/provisional data; no official document collection yet.
VXB,stage_1_provisional_shortlist,0,0,0,False,False,False,False,False,NO_OFFICIAL_EVIDENCE_NEEDED_YET,False,Keep using cheap/provisional data; no official document collection yet.
X77,stage_1_provisional_shortlist,0,0,0,False,False,False,False,False,NO_OFFICIAL_EVIDENCE_NEEDED_YET,False,Keep using cheap/provisional data; no official document collection yet.
TNM,stage_1_provisional_shortlist,0,0,0,False,False,False,False,False,NO_OFFICIAL_EVIDENCE_NEEDED_YET,False,Keep using cheap/provisional data; no official document collection yet.
TIN,stage_1_provisional_shortlist,0,0,0,False,False,False,False,False,NO_OFFICIAL_EVIDENCE_NEEDED_YET,False,Keep using cheap/provisional data; no official document collection yet.
V15,stage_1_provisional_shortlist,0,0,0,False,False,False,False,False,NO_OFFICIAL_EVIDENCE_NEEDED_YET,False,Keep using cheap/provisional data; no official document collection yet.
VKP,stage_1_provisional_shortlist,0,0,0,False,False,False,False,False,NO_OFFICIAL_EVIDENCE_NEEDED_YET,False,Keep using cheap/provisional data; no official document collection yet.
A32,stage_1_provisional_shortlist,0,0,0,False,False,False,False,False,NO_OFFICIAL_EVIDENCE_NEEDED_YET,False,Keep using cheap/provisional data; no official document collection yet.
AAA,stage_1_provisional_shortlist,0,0,0,False,False,False,False,False,NO_OFFICIAL_EVIDENCE_NEEDED_YET,False,Keep using cheap/provisional data; no official document collection yet.
AAH,stage_1_provisional_shortlist,0,0,0,False,False,False,False,False,NO_OFFICIAL_EVIDENCE_NEEDED_YET,False,Keep using cheap/provisional data; no official document collection yet.
AAM,stage_1_provisional_shortlist,0,0,0,False,False,False,False,False,NO_OFFICIAL_EVIDENCE_NEEDED_YET,False,Keep using cheap/provisional data; no official document collection yet.
AAN,stage_1_provisional_shortlist,0,0,0,False,False,False,False,False,NO_OFFICIAL_EVIDENCE_NEEDED_YET,False,Keep using cheap/provisional data; no official document collection yet.
AAS,stage_1_provisional_shortlist,0,0,0,False,False,False,False,False,NO_OFFICIAL_EVIDENCE_NEEDED_YET,False,Keep using cheap/provisional data; no official document collection yet.
AAT,stage_1_provisional_shortlist,0,0,0,False,False,False,False,False,NO_OFFICIAL_EVIDENCE_NEEDED_YET,False,Keep using cheap/provisional data; no official document collection yet.
AAV,stage_1_provisional_shortlist,0,0,0,False,False,False,False,False,NO_OFFICIAL_EVIDENCE_NEEDED_YET,False,Keep using cheap/provisional data; no official document collection yet.
ABI,stage_1_provisional_shortlist,0,0,0,False,False,False,False,False,NO_OFFICIAL_EVIDENCE_NEEDED_YET,False,Keep using cheap/provisional data; no official document collection yet.
ABR,stage_1_provisional_shortlist,0,0,0,False,False,False,False,False,NO_OFFICIAL_EVIDENCE_NEEDED_YET,False,Keep using cheap/provisional data; no official document collection yet.
ABS,stage_1_provisional_shortlist,0,0,0,False,False,False,False,False,NO_OFFICIAL_EVIDENCE_NEEDED_YET,False,Keep using cheap/provisional data; no official document collection yet.
ABT,stage_1_provisional_shortlist,0,0,0,False,False,False,False,False,NO_OFFICIAL_EVIDENCE_NEEDED_YET,False,Keep using cheap/provisional data; no official document collection yet.
ABW,stage_1_provisional_shortlist,0,0,0,False,False,False,False,False,NO_OFFICIAL_EVIDENCE_NEEDED_YET,False,Keep using cheap/provisional data; no official document collection yet.
AC4,stage_1_provisional_shortlist,0,0,0,False,False,False,False,False,NO_OFFICIAL_EVIDENCE_NEEDED_YET,False,Keep using cheap/provisional data; no official document collection yet.
ACC,stage_1_provisional_shortlist,0,0,0,False,False,False,False,False,NO_OFFICIAL_EVIDENCE_NEEDED_YET,False,Keep using cheap/provisional data; no official document collection yet.
ACE,stage_1_provisional_shortlist,0,0,0,False,False,False,False,False,NO_OFFICIAL_EVIDENCE_NEEDED_YET,False,Keep using cheap/provisional data; no official document collection yet.
ACG,stage_1_provisional_shortlist,0,0,0,False,False,False,False,False,NO_OFFICIAL_EVIDENCE_NEEDED_YET,False,Keep using cheap/provisional data; no official document collection yet.
ACL,stage_1_provisional_shortlist,0,0,0,False,False,False,False,False,NO_OFFICIAL_EVIDENCE_NEEDED_YET,False,Keep using cheap/provisional data; no official document collection yet.
ACM,stage_1_provisional_shortlist,0,0,0,False,False,False,False,False,NO_OFFICIAL_EVIDENCE_NEEDED_YET,False,Keep using cheap/provisional data; no official document collection yet.
ACS,stage_1_provisional_shortlist,0,0,0,False,False,False,False,False,NO_OFFICIAL_EVIDENCE_NEEDED_YET,False,Keep using cheap/provisional data; no official document collection yet.
ACV,stage_1_provisional_shortlist,0,0,0,False,False,False,False,False,NO_OFFICIAL_EVIDENCE_NEEDED_YET,False,Keep using cheap/provisional data; no official document collection yet.
ADC,stage_1_provisional_shortlist,0,0,0,False,False,False,False,False,NO_OFFICIAL_EVIDENCE_NEEDED_YET,False,Keep using cheap/provisional data; no official document collection yet.
ADG,stage_1_provisional_shortlist,0,0,0,False,False,False,False,False,NO_OFFICIAL_EVIDENCE_NEEDED_YET,False,Keep using cheap/provisional data; no official document collection yet.
ADP,stage_1_provisional_shortlist,0,0,0,False,False,False,False,False,NO_OFFICIAL_EVIDENCE_NEEDED_YET,False,Keep using cheap/provisional data; no official document collection yet.
ADS,stage_1_provisional_shortlist,0,0,0,False,False,False,False,False,NO_OFFICIAL_EVIDENCE_NEEDED_YET,False,Keep using cheap/provisional data; no official document collection yet.
AFC,stage_1_provisional_shortlist,0,0,0,False,False,False,False,False,NO_OFFICIAL_EVIDENCE_NEEDED_YET,False,Keep using cheap/provisional data; no official document collection yet.
AFX,stage_1_provisional_shortlist,0,0,0,False,False,False,False,False,NO_OFFICIAL_EVIDENCE_NEEDED_YET,False,Keep using cheap/provisional data; no official document collection yet.
AG1,stage_1_provisional_shortlist,0,0,0,False,False,False,False,False,NO_OFFICIAL_EVIDENCE_NEEDED_YET,False,Keep using cheap/provisional data; no official document collection yet.
AGC,stage_1_provisional_shortlist,0,0,0,False,False,False,False,False,NO_OFFICIAL_EVIDENCE_NEEDED_YET,False,Keep using cheap/provisional data; no official document collection yet.
AGD,stage_1_provisional_shortlist,0,0,0,False,False,False,False,False,NO_OFFICIAL_EVIDENCE_NEEDED_YET,False,Keep using cheap/provisional data; no official document collection yet.
AGE,stage_1_provisional_shortlist,0,0,0,False,False,False,False,False,NO_OFFICIAL_EVIDENCE_NEEDED_YET,False,Keep using cheap/provisional data; no official document collection yet.
AGF,stage_1_provisional_shortlist,0,0,0,False,False,False,False,False,NO_OFFICIAL_EVIDENCE_NEEDED_YET,False,Keep using cheap/provisional data; no official document collection yet.
AGG,stage_1_provisional_shortlist,0,0,0,False,False,False,False,False,NO_OFFICIAL_EVIDENCE_NEEDED_YET,False,Keep using cheap/provisional data; no official document collection yet.
AGM,stage_1_provisional_shortlist,0,0,0,False,False,False,False,False,NO_OFFICIAL_EVIDENCE_NEEDED_YET,False,Keep using cheap/provisional data; no official document collection yet.
AGP,stage_1_provisional_shortlist,0,0,0,False,False,False,False,False,NO_OFFICIAL_EVIDENCE_NEEDED_YET,False,Keep using cheap/provisional data; no official document collection yet.
AGR,stage_1_provisional_shortlist,0,0,0,False,False,False,False,False,NO_OFFICIAL_EVIDENCE_NEEDED_YET,False,Keep using cheap/provisional data; no official document collection yet.
AGX,stage_1_provisional_shortlist,0,0,0,False,False,False,False,False,NO_OFFICIAL_EVIDENCE_NEEDED_YET,False,Keep using cheap/provisional data; no official document collection yet.
AIC,stage_1_provisional_shortlist,0,0,0,False,False,False,False,False,NO_OFFICIAL_EVIDENCE_NEEDED_YET,False,Keep using cheap/provisional data; no official document collection yet.
AIG,stage_1_provisional_shortlist,0,0,0,False,False,False,False,False,NO_OFFICIAL_EVIDENCE_NEEDED_YET,False,Keep using cheap/provisional data; no official document collection yet.
ALC,stage_1_provisional_shortlist,0,0,0,False,False,False,False,False,NO_OFFICIAL_EVIDENCE_NEEDED_YET,False,Keep using cheap/provisional data; no official document collection yet.
ALP,stage_1_provisional_shortlist,0,0,0,False,False,False,False,False,NO_OFFICIAL_EVIDENCE_NEEDED_YET,False,Keep using cheap/provisional data; no official document collection yet.
ALT,stage_1_provisional_shortlist,0,0,0,False,False,False,False,False,NO_OFFICIAL_EVIDENCE_NEEDED_YET,False,Keep using cheap/provisional data; no official document collection yet.
ALV,stage_1_provisional_shortlist,0,0,0,False,False,False,False,False,NO_OFFICIAL_EVIDENCE_NEEDED_YET,False,Keep using cheap/provisional data; no official document collection yet.
AMC,stage_1_provisional_shortlist,0,0,0,False,False,False,False,False,NO_OFFICIAL_EVIDENCE_NEEDED_YET,False,Keep using cheap/provisional data; no official document collection yet.
AMD,stage_1_provisional_shortlist,0,0,0,False,False,False,False,False,NO_OFFICIAL_EVIDENCE_NEEDED_YET,False,Keep using cheap/provisional data; no official document collection yet.
AME,stage_1_provisional_shortlist,0,0,0,False,False,False,False,False,NO_OFFICIAL_EVIDENCE_NEEDED_YET,False,Keep using cheap/provisional data; no official document collection yet.
AMP,stage_1_provisional_shortlist,0,0,0,False,False,False,False,False,NO_OFFICIAL_EVIDENCE_NEEDED_YET,False,Keep using cheap/provisional data; no official document collection yet.
AMS,stage_1_provisional_shortlist,0,0,0,False,False,False,False,False,NO_OFFICIAL_EVIDENCE_NEEDED_YET,False,Keep using cheap/provisional data; no official document collection yet.
AMV,stage_1_provisional_shortlist,0,0,0,False,False,False,False,False,NO_OFFICIAL_EVIDENCE_NEEDED_YET,False,Keep using cheap/provisional data; no official document collection yet.
ANC11601,stage_1_provisional_shortlist,0,0,0,False,False,False,False,False,NO_OFFICIAL_EVIDENCE_NEEDED_YET,False,Keep using cheap/provisional data; no official document collection yet.
ANT,stage_1_provisional_shortlist,0,0,0,False,False,False,False,False,NO_OFFICIAL_EVIDENCE_NEEDED_YET,False,Keep using cheap/provisional data; no official document collection yet.
ANV,stage_1_provisional_shortlist,0,0,0,False,False,False,False,False,NO_OFFICIAL_EVIDENCE_NEEDED_YET,False,Keep using cheap/provisional data; no official document collection yet.
APC,stage_1_provisional_shortlist,0,0,0,False,False,False,False,False,NO_OFFICIAL_EVIDENCE_NEEDED_YET,False,Keep using cheap/provisional data; no official document collection yet.
APF,stage_1_provisional_shortlist,0,0,0,False,False,False,False,False,NO_OFFICIAL_EVIDENCE_NEEDED_YET,False,Keep using cheap/provisional data; no official document collection yet.
APG,stage_1_provisional_shortlist,0,0,0,False,False,False,False,False,NO_OFFICIAL_EVIDENCE_NEEDED_YET,False,Keep using cheap/provisional data; no official document collection yet.
APH,stage_1_provisional_shortlist,0,0,0,False,False,False,False,False,NO_OFFICIAL_EVIDENCE_NEEDED_YET,False,Keep using cheap/provisional data; no official document collection yet.
API,stage_1_provisional_shortlist,0,0,0,False,False,False,False,False,NO_OFFICIAL_EVIDENCE_NEEDED_YET,False,Keep using cheap/provisional data; no official document collection yet.
APL,stage_1_provisional_shortlist,0,0,0,False,False,False,False,False,NO_OFFICIAL_EVIDENCE_NEEDED_YET,False,Keep using cheap/provisional data; no official document collection yet.
APP,stage_1_provisional_shortlist,0,0,0,False,False,False,False,False,NO_OFFICIAL_EVIDENCE_NEEDED_YET,False,Keep using cheap/provisional data; no official document collection yet.
APS,stage_1_provisional_shortlist,0,0,0,False,False,False,False,False,NO_OFFICIAL_EVIDENCE_NEEDED_YET,False,Keep using cheap/provisional data; no official document collection yet.
APT,stage_1_provisional_shortlist,0,0,0,False,False,False,False,False,NO_OFFICIAL_EVIDENCE_NEEDED_YET,False,Keep using cheap/provisional data; no official document collection yet.
AQN,stage_1_provisional_shortlist,0,0,0,False,False,False,False,False,NO_OFFICIAL_EVIDENCE_NEEDED_YET,False,Keep using cheap/provisional data; no official document collection yet.
ARM,stage_1_provisional_shortlist,0,0,0,False,False,False,False,False,NO_OFFICIAL_EVIDENCE_NEEDED_YET,False,Keep using cheap/provisional data; no official document collection yet.
ART,stage_1_provisional_shortlist,0,0,0,False,False,False,False,False,NO_OFFICIAL_EVIDENCE_NEEDED_YET,False,Keep using cheap/provisional data; no official document collection yet.
ASA,stage_1_provisional_shortlist,0,0,0,False,False,False,False,False,NO_OFFICIAL_EVIDENCE_NEEDED_YET,False,Keep using cheap/provisional data; no official document collection yet.
ASD,stage_1_provisional_shortlist,0,0,0,False,False,False,False,False,NO_OFFICIAL_EVIDENCE_NEEDED_YET,False,Keep using cheap/provisional data; no official document collection yet.
ASG,stage_1_provisional_shortlist,0,0,0,False,False,False,False,False,NO_OFFICIAL_EVIDENCE_NEEDED_YET,False,Keep using cheap/provisional data; no official document collection yet.
ASIAGF,stage_1_provisional_shortlist,0,0,0,False,False,False,False,False,NO_OFFICIAL_EVIDENCE_NEEDED_YET,False,Keep using cheap/provisional data; no official document collection yet.
ASM,stage_1_provisional_shortlist,0,0,0,False,False,False,False,False,NO_OFFICIAL_EVIDENCE_NEEDED_YET,False,Keep using cheap/provisional data; no official document collection yet.
ASP,stage_1_provisional_shortlist,0,0,0,False,False,False,False,False,NO_OFFICIAL_EVIDENCE_NEEDED_YET,False,Keep using cheap/provisional data; no official document collection yet.
AST,stage_1_provisional_shortlist,0,0,0,False,False,False,False,False,NO_OFFICIAL_EVIDENCE_NEEDED_YET,False,Keep using cheap/provisional data; no official document collection yet.
ATA,stage_1_provisional_shortlist,0,0,0,False,False,False,False,False,NO_OFFICIAL_EVIDENCE_NEEDED_YET,False,Keep using cheap/provisional data; no official document collection yet.
ATB,stage_1_provisional_shortlist,0,0,0,False,False,False,False,False,NO_OFFICIAL_EVIDENCE_NEEDED_YET,False,Keep using cheap/provisional data; no official document collection yet.
ATD,stage_1_provisional_shortlist,0,0,0,False,False,False,False,False,NO_OFFICIAL_EVIDENCE_NEEDED_YET,False,Keep using cheap/provisional data; no official document collection yet.
ATG,stage_1_provisional_shortlist,0,0,0,False,False,False,False,False,NO_OFFICIAL_EVIDENCE_NEEDED_YET,False,Keep using cheap/provisional data; no official document collection yet.
ATS,stage_1_provisional_shortlist,0,0,0,False,False,False,False,False,NO_OFFICIAL_EVIDENCE_NEEDED_YET,False,Keep using cheap/provisional data; no official document collection yet.
AUM,stage_1_provisional_shortlist,0,0,0,False,False,False,False,False,NO_OFFICIAL_EVIDENCE_NEEDED_YET,False,Keep using cheap/provisional data; no official document collection yet.
AVC,stage_1_provisional_shortlist,0,0,0,False,False,False,False,False,NO_OFFICIAL_EVIDENCE_NEEDED_YET,False,Keep using cheap/provisional data; no official document collection yet.
AVF,stage_1_provisional_shortlist,0,0,0,False,False,False,False,False,NO_OFFICIAL_EVIDENCE_NEEDED_YET,False,Keep using cheap/provisional data; no official document collection yet.
AVG,stage_1_provisional_shortlist,0,0,0,False,False,False,False,False,NO_OFFICIAL_EVIDENCE_NEEDED_YET,False,Keep using cheap/provisional data; no official document collection yet.
AVS,stage_1_provisional_shortlist,0,0,0,False,False,False,False,False,NO_OFFICIAL_EVIDENCE_NEEDED_YET,False,Keep using cheap/provisional data; no official document collection yet.
B82,stage_1_provisional_shortlist,0,0,0,False,False,False,False,False,NO_OFFICIAL_EVIDENCE_NEEDED_YET,False,Keep using cheap/provisional data; no official document collection yet.
BAB,stage_1_provisional_shortlist,0,0,0,False,False,False,False,False,NO_OFFICIAL_EVIDENCE_NEEDED_YET,False,Keep using cheap/provisional data; no official document collection yet.
BAF,stage_1_provisional_shortlist,0,0,0,False,False,False,False,False,NO_OFFICIAL_EVIDENCE_NEEDED_YET,False,Keep using cheap/provisional data; no official document collection yet.
BAL,stage_1_provisional_shortlist,0,0,0,False,False,False,False,False,NO_OFFICIAL_EVIDENCE_NEEDED_YET,False,Keep using cheap/provisional data; no official document collection yet.
BAM,stage_1_provisional_shortlist,0,0,0,False,False,False,False,False,NO_OFFICIAL_EVIDENCE_NEEDED_YET,False,Keep using cheap/provisional data; no official document collection yet.
BAOMINH,stage_1_provisional_shortlist,0,0,0,False,False,False,False,False,NO_OFFICIAL_EVIDENCE_NEEDED_YET,False,Keep using cheap/provisional data; no official document collection yet.
BAS,stage_1_provisional_shortlist,0,0,0,False,False,False,False,False,NO_OFFICIAL_EVIDENCE_NEEDED_YET,False,Keep using cheap/provisional data; no official document collection yet.
BAX,stage_1_provisional_shortlist,0,0,0,False,False,False,False,False,NO_OFFICIAL_EVIDENCE_NEEDED_YET,False,Keep using cheap/provisional data; no official document collection yet.
BB,stage_1_provisional_shortlist,0,0,0,False,False,False,False,False,NO_OFFICIAL_EVIDENCE_NEEDED_YET,False,Keep using cheap/provisional data; no official document collection yet.
BBC,stage_1_provisional_shortlist,0,0,0,False,False,False,False,False,NO_OFFICIAL_EVIDENCE_NEEDED_YET,False,Keep using cheap/provisional data; no official document collection yet.
BBH,stage_1_provisional_shortlist,0,0,0,False,False,False,False,False,NO_OFFICIAL_EVIDENCE_NEEDED_YET,False,Keep using cheap/provisional data; no official document collection yet.
BBM,stage_1_provisional_shortlist,0,0,0,False,False,False,False,False,NO_OFFICIAL_EVIDENCE_NEEDED_YET,False,Keep using cheap/provisional data; no official document collection yet.
BBS,stage_1_provisional_shortlist,0,0,0,False,False,False,False,False,NO_OFFICIAL_EVIDENCE_NEEDED_YET,False,Keep using cheap/provisional data; no official document collection yet.
BBT,stage_1_provisional_shortlist,0,0,0,False,False,False,False,False,NO_OFFICIAL_EVIDENCE_NEEDED_YET,False,Keep using cheap/provisional data; no official document collection yet.
BCA,stage_1_provisional_shortlist,0,0,0,False,False,False,False,False,NO_OFFICIAL_EVIDENCE_NEEDED_YET,False,Keep using cheap/provisional data; no official document collection yet.
BCB,stage_1_provisional_shortlist,0,0,0,False,False,False,False,False,NO_OFFICIAL_EVIDENCE_NEEDED_YET,False,Keep using cheap/provisional data; no official document collection yet.
BCC,stage_1_provisional_shortlist,0,0,0,False,False,False,False,False,NO_OFFICIAL_EVIDENCE_NEEDED_YET,False,Keep using cheap/provisional data; no official document collection yet.
BCE,stage_1_provisional_shortlist,0,0,0,False,False,False,False,False,NO_OFFICIAL_EVIDENCE_NEEDED_YET,False,Keep using cheap/provisional data; no official document collection yet.
BCF,stage_1_provisional_shortlist,0,0,0,False,False,False,False,False,NO_OFFICIAL_EVIDENCE_NEEDED_YET,False,Keep using cheap/provisional data; no official document collection yet.
BCG,stage_1_provisional_shortlist,0,0,0,False,False,False,False,False,NO_OFFICIAL_EVIDENCE_NEEDED_YET,False,Keep using cheap/provisional data; no official document collection yet.
BCI,stage_1_provisional_shortlist,0,0,0,False,False,False,False,False,NO_OFFICIAL_EVIDENCE_NEEDED_YET,False,Keep using cheap/provisional data; no official document collection yet.
BCM,stage_1_provisional_shortlist,0,0,0,False,False,False,False,False,NO_OFFICIAL_EVIDENCE_NEEDED_YET,False,Keep using cheap/provisional data; no official document collection yet.
BCO,stage_1_provisional_shortlist,0,0,0,False,False,False,False,False,NO_OFFICIAL_EVIDENCE_NEEDED_YET,False,Keep using cheap/provisional data; no official document collection yet.
BCP,stage_1_provisional_shortlist,0,0,0,False,False,False,False,False,NO_OFFICIAL_EVIDENCE_NEEDED_YET,False,Keep using cheap/provisional data; no official document collection yet.
BCR,stage_1_provisional_shortlist,0,0,0,False,False,False,False,False,NO_OFFICIAL_EVIDENCE_NEEDED_YET,False,Keep using cheap/provisional data; no official document collection yet.
BCV,stage_1_provisional_shortlist,0,0,0,False,False,False,False,False,NO_OFFICIAL_EVIDENCE_NEEDED_YET,False,Keep using cheap/provisional data; no official document collection yet.
BDB,stage_1_provisional_shortlist,0,0,0,False,False,False,False,False,NO_OFFICIAL_EVIDENCE_NEEDED_YET,False,Keep using cheap/provisional data; no official document collection yet.
BDC,stage_1_provisional_shortlist,0,0,0,False,False,False,False,False,NO_OFFICIAL_EVIDENCE_NEEDED_YET,False,Keep using cheap/provisional data; no official document collection yet.
BDF,stage_1_provisional_shortlist,0,0,0,False,False,False,False,False,NO_OFFICIAL_EVIDENCE_NEEDED_YET,False,Keep using cheap/provisional data; no official document collection yet.
BDG,stage_1_provisional_shortlist,0,0,0,False,False,False,False,False,NO_OFFICIAL_EVIDENCE_NEEDED_YET,False,Keep using cheap/provisional data; no official document collection yet.
BDT,stage_1_provisional_shortlist,0,0,0,False,False,False,False,False,NO_OFFICIAL_EVIDENCE_NEEDED_YET,False,Keep using cheap/provisional data; no official document collection yet.
BDW,stage_1_provisional_shortlist,0,0,0,False,False,False,False,False,NO_OFFICIAL_EVIDENCE_NEEDED_YET,False,Keep using cheap/provisional data; no official document collection yet.
BED,stage_1_provisional_shortlist,0,0,0,False,False,False,False,False,NO_OFFICIAL_EVIDENCE_NEEDED_YET,False,Keep using cheap/provisional data; no official document collection yet.
BEL,stage_1_provisional_shortlist,0,0,0,False,False,False,False,False,NO_OFFICIAL_EVIDENCE_NEEDED_YET,False,Keep using cheap/provisional data; no official document collection yet.
BFC,stage_1_provisional_shortlist,0,0,0,False,False,False,False,False,NO_OFFICIAL_EVIDENCE_NEEDED_YET,False,Keep using cheap/provisional data; no official document collection yet.
BGE,stage_1_provisional_shortlist,0,0,0,False,False,False,False,False,NO_OFFICIAL_EVIDENCE_NEEDED_YET,False,Keep using cheap/provisional data; no official document collection yet.
BGM,stage_1_provisional_shortlist,0,0,0,False,False,False,False,False,NO_OFFICIAL_EVIDENCE_NEEDED_YET,False,Keep using cheap/provisional data; no official document collection yet.
BGW,stage_1_provisional_shortlist,0,0,0,False,False,False,False,False,NO_OFFICIAL_EVIDENCE_NEEDED_YET,False,Keep using cheap/provisional data; no official document collection yet.
BHA,stage_1_provisional_shortlist,0,0,0,False,False,False,False,False,NO_OFFICIAL_EVIDENCE_NEEDED_YET,False,Keep using cheap/provisional data; no official document collection yet.
BHC,stage_1_provisional_shortlist,0,0,0,False,False,False,False,False,NO_OFFICIAL_EVIDENCE_NEEDED_YET,False,Keep using cheap/provisional data; no official document collection yet.
BHG,stage_1_provisional_shortlist,0,0,0,False,False,False,False,False,NO_OFFICIAL_EVIDENCE_NEEDED_YET,False,Keep using cheap/provisional data; no official document collection yet.
BHH,stage_1_provisional_shortlist,0,0,0,False,False,False,False,False,NO_OFFICIAL_EVIDENCE_NEEDED_YET,False,Keep using cheap/provisional data; no official document collection yet.
BHI,stage_1_provisional_shortlist,0,0,0,False,False,False,False,False,NO_OFFICIAL_EVIDENCE_NEEDED_YET,False,Keep using cheap/provisional data; no official document collection yet.
BHK,stage_1_provisional_shortlist,0,0,0,False,False,False,False,False,NO_OFFICIAL_EVIDENCE_NEEDED_YET,False,Keep using cheap/provisional data; no official document collection yet.
BHN,stage_1_provisional_shortlist,0,0,0,False,False,False,False,False,NO_OFFICIAL_EVIDENCE_NEEDED_YET,False,Keep using cheap/provisional data; no official document collection yet.
BHP,stage_1_provisional_shortlist,0,0,0,False,False,False,False,False,NO_OFFICIAL_EVIDENCE_NEEDED_YET,False,Keep using cheap/provisional data; no official document collection yet.
BHS,stage_1_provisional_shortlist,0,0,0,False,False,False,False,False,NO_OFFICIAL_EVIDENCE_NEEDED_YET,False,Keep using cheap/provisional data; no official document collection yet.
BHT,stage_1_provisional_shortlist,0,0,0,False,False,False,False,False,NO_OFFICIAL_EVIDENCE_NEEDED_YET,False,Keep using cheap/provisional data; no official document collection yet.
BHV,stage_1_provisional_shortlist,0,0,0,False,False,False,False,False,NO_OFFICIAL_EVIDENCE_NEEDED_YET,False,Keep using cheap/provisional data; no official document collection yet.
BIC,stage_1_provisional_shortlist,0,0,0,False,False,False,False,False,NO_OFFICIAL_EVIDENCE_NEEDED_YET,False,Keep using cheap/provisional data; no official document collection yet.
BID,stage_1_provisional_shortlist,0,0,0,False,False,False,False,False,NO_OFFICIAL_EVIDENCE_NEEDED_YET,False,Keep using cheap/provisional data; no official document collection yet.
BIG,stage_1_provisional_shortlist,0,0,0,False,False,False,False,False,NO_OFFICIAL_EVIDENCE_NEEDED_YET,False,Keep using cheap/provisional data; no official document collection yet.
BII,stage_1_provisional_shortlist,0,0,0,False,False,False,False,False,NO_OFFICIAL_EVIDENCE_NEEDED_YET,False,Keep using cheap/provisional data; no official document collection yet.
BIO,stage_1_provisional_shortlist,0,0,0,False,False,False,False,False,NO_OFFICIAL_EVIDENCE_NEEDED_YET,False,Keep using cheap/provisional data; no official document collection yet.
BKC,stage_1_provisional_shortlist,0,0,0,False,False,False,False,False,NO_OFFICIAL_EVIDENCE_NEEDED_YET,False,Keep using cheap/provisional data; no official document collection yet.
BKG,stage_1_provisional_shortlist,0,0,0,False,False,False,False,False,NO_OFFICIAL_EVIDENCE_NEEDED_YET,False,Keep using cheap/provisional data; no official document collection yet.
BKH,stage_1_provisional_shortlist,0,0,0,False,False,False,False,False,NO_OFFICIAL_EVIDENCE_NEEDED_YET,False,Keep using cheap/provisional data; no official document collection yet.
BLF,stage_1_provisional_shortlist,0,0,0,False,False,False,False,False,NO_OFFICIAL_EVIDENCE_NEEDED_YET,False,Keep using cheap/provisional data; no official document collection yet.
BLI,stage_1_provisional_shortlist,0,0,0,False,False,False,False,False,NO_OFFICIAL_EVIDENCE_NEEDED_YET,False,Keep using cheap/provisional data; no official document collection yet.
BLN,stage_1_provisional_shortlist,0,0,0,False,False,False,False,False,NO_OFFICIAL_EVIDENCE_NEEDED_YET,False,Keep using cheap/provisional data; no official document collection yet.
BLT,stage_1_provisional_shortlist,0,0,0,False,False,False,False,False,NO_OFFICIAL_EVIDENCE_NEEDED_YET,False,Keep using cheap/provisional data; no official document collection yet.
BLU,stage_1_provisional_shortlist,0,0,0,False,False,False,False,False,NO_OFFICIAL_EVIDENCE_NEEDED_YET,False,Keep using cheap/provisional data; no official document collection yet.
BLW,stage_1_provisional_shortlist,0,0,0,False,False,False,False,False,NO_OFFICIAL_EVIDENCE_NEEDED_YET,False,Keep using cheap/provisional data; no official document collection yet.
BM9,stage_0_full_universe,0,0,0,False,False,False,False,False,NO_OFFICIAL_EVIDENCE_NEEDED_YET,False,Keep using cheap/provisional data; no official document collection yet.
BMC,stage_0_full_universe,0,0,0,False,False,False,False,False,NO_OFFICIAL_EVIDENCE_NEEDED_YET,False,Keep using cheap/provisional data; no official document collection yet.
BMD,stage_0_full_universe,0,0,0,False,False,False,False,False,NO_OFFICIAL_EVIDENCE_NEEDED_YET,False,Keep using cheap/provisional data; no official document collection yet.
BMF,stage_0_full_universe,0,0,0,False,False,False,False,False,NO_OFFICIAL_EVIDENCE_NEEDED_YET,False,Keep using cheap/provisional data; no official document collection yet.
BMG,stage_0_full_universe,0,0,0,False,False,False,False,False,NO_OFFICIAL_EVIDENCE_NEEDED_YET,False,Keep using cheap/provisional data; no official document collection yet.
BMI,stage_0_full_universe,0,0,0,False,False,False,False,False,NO_OFFICIAL_EVIDENCE_NEEDED_YET,False,Keep using cheap/provisional data; no official document collection yet.
BMJ,stage_0_full_universe,0,0,0,False,False,False,False,False,NO_OFFICIAL_EVIDENCE_NEEDED_YET,False,Keep using cheap/provisional data; no official document collection yet.
BMK,stage_0_full_universe,0,0,0,False,False,False,False,False,NO_OFFICIAL_EVIDENCE_NEEDED_YET,False,Keep using cheap/provisional data; no official document collection yet.
BMN,stage_0_full_universe,0,0,0,False,False,False,False,False,NO_OFFICIAL_EVIDENCE_NEEDED_YET,False,Keep using cheap/provisional data; no official document collection yet.
BMP,stage_0_full_universe,0,0,0,False,False,False,False,False,NO_OFFICIAL_EVIDENCE_NEEDED_YET,False,Keep using cheap/provisional data; no official document collection yet.
BMS,stage_0_full_universe,0,0,0,False,False,False,False,False,NO_OFFICIAL_EVIDENCE_NEEDED_YET,False,Keep using cheap/provisional data; no official document collection yet.
BMV,stage_0_full_universe,0,0,0,False,False,False,False,False,NO_OFFICIAL_EVIDENCE_NEEDED_YET,False,Keep using cheap/provisional data; no official document collection yet.
BNA,stage_0_full_universe,0,0,0,False,False,False,False,False,NO_OFFICIAL_EVIDENCE_NEEDED_YET,False,Keep using cheap/provisional data; no official document collection yet.
BNW,stage_0_full_universe,0,0,0,False,False,False,False,False,NO_OFFICIAL_EVIDENCE_NEEDED_YET,False,Keep using cheap/provisional data; no official document collection yet.
BOT,stage_0_full_universe,0,0,0,False,False,False,False,False,NO_OFFICIAL_EVIDENCE_NEEDED_YET,False,Keep using cheap/provisional data; no official document collection yet.
BPC,stage_0_full_universe,0,0,0,False,False,False,False,False,NO_OFFICIAL_EVIDENCE_NEEDED_YET,False,Keep using cheap/provisional data; no official document collection yet.
BPW,stage_0_full_universe,0,0,0,False,False,False,False,False,NO_OFFICIAL_EVIDENCE_NEEDED_YET,False,Keep using cheap/provisional data; no official document collection yet.
BQB,stage_0_full_universe,0,0,0,False,False,False,False,False,NO_OFFICIAL_EVIDENCE_NEEDED_YET,False,Keep using cheap/provisional data; no official document collection yet.
BQP,stage_0_full_universe,0,0,0,False,False,False,False,False,NO_OFFICIAL_EVIDENCE_NEEDED_YET,False,Keep using cheap/provisional data; no official document collection yet.
BRC,stage_0_full_universe,0,0,0,False,False,False,False,False,NO_OFFICIAL_EVIDENCE_NEEDED_YET,False,Keep using cheap/provisional data; no official document collection yet.
BRR,stage_0_full_universe,0,0,0,False,False,False,False,False,NO_OFFICIAL_EVIDENCE_NEEDED_YET,False,Keep using cheap/provisional data; no official document collection yet.
BRS,stage_0_full_universe,0,0,0,False,False,False,False,False,NO_OFFICIAL_EVIDENCE_NEEDED_YET,False,Keep using cheap/provisional data; no official document collection yet.
BSA,stage_0_full_universe,0,0,0,False,False,False,False,False,NO_OFFICIAL_EVIDENCE_NEEDED_YET,False,Keep using cheap/provisional data; no official document collection yet.
BSC,stage_0_full_universe,0,0,0,False,False,False,False,False,NO_OFFICIAL_EVIDENCE_NEEDED_YET,False,Keep using cheap/provisional data; no official document collection yet.
BSD,stage_0_full_universe,0,0,0,False,False,False,False,False,NO_OFFICIAL_EVIDENCE_NEEDED_YET,False,Keep using cheap/provisional data; no official document collection yet.
BSG,stage_0_full_universe,0,0,0,False,False,False,False,False,NO_OFFICIAL_EVIDENCE_NEEDED_YET,False,Keep using cheap/provisional data; no official document collection yet.
BSH,stage_0_full_universe,0,0,0,False,False,False,False,False,NO_OFFICIAL_EVIDENCE_NEEDED_YET,False,Keep using cheap/provisional data; no official document collection yet.
BSI,stage_0_full_universe,0,0,0,False,False,False,False,False,NO_OFFICIAL_EVIDENCE_NEEDED_YET,False,Keep using cheap/provisional data; no official document collection yet.
BSL,stage_0_full_universe,0,0,0,False,False,False,False,False,NO_OFFICIAL_EVIDENCE_NEEDED_YET,False,Keep using cheap/provisional data; no official document collection yet.
BSP,stage_0_full_universe,0,0,0,False,False,False,False,False,NO_OFFICIAL_EVIDENCE_NEEDED_YET,False,Keep using cheap/provisional data; no official document collection yet.
BSQ,stage_0_full_universe,0,0,0,False,False,False,False,False,NO_OFFICIAL_EVIDENCE_NEEDED_YET,False,Keep using cheap/provisional data; no official document collection yet.
BSR,stage_0_full_universe,0,0,0,False,False,False,False,False,NO_OFFICIAL_EVIDENCE_NEEDED_YET,False,Keep using cheap/provisional data; no official document collection yet.
BST,stage_0_full_universe,0,0,0,False,False,False,False,False,NO_OFFICIAL_EVIDENCE_NEEDED_YET,False,Keep using cheap/provisional data; no official document collection yet.
BT1,stage_0_full_universe,0,0,0,False,False,False,False,False,NO_OFFICIAL_EVIDENCE_NEEDED_YET,False,Keep using cheap/provisional data; no official document collection yet.
BT6,stage_0_full_universe,0,0,0,False,False,False,False,False,NO_OFFICIAL_EVIDENCE_NEEDED_YET,False,Keep using cheap/provisional data; no official document collection yet.
BTB,stage_0_full_universe,0,0,0,False,False,False,False,False,NO_OFFICIAL_EVIDENCE_NEEDED_YET,False,Keep using cheap/provisional data; no official document collection yet.
BTC,stage_0_full_universe,0,0,0,False,False,False,False,False,NO_OFFICIAL_EVIDENCE_NEEDED_YET,False,Keep using cheap/provisional data; no official document collection yet.
BTD,stage_0_full_universe,0,0,0,False,False,False,False,False,NO_OFFICIAL_EVIDENCE_NEEDED_YET,False,Keep using cheap/provisional data; no official document collection yet.
BTG,stage_0_full_universe,0,0,0,False,False,False,False,False,NO_OFFICIAL_EVIDENCE_NEEDED_YET,False,Keep using cheap/provisional data; no official document collection yet.
BTH,stage_0_full_universe,0,0,0,False,False,False,False,False,NO_OFFICIAL_EVIDENCE_NEEDED_YET,False,Keep using cheap/provisional data; no official document collection yet.
BTN,stage_0_full_universe,0,0,0,False,False,False,False,False,NO_OFFICIAL_EVIDENCE_NEEDED_YET,False,Keep using cheap/provisional data; no official document collection yet.
BTP,stage_0_full_universe,0,0,0,False,False,False,False,False,NO_OFFICIAL_EVIDENCE_NEEDED_YET,False,Keep using cheap/provisional data; no official document collection yet.
BTR,stage_0_full_universe,0,0,0,False,False,False,False,False,NO_OFFICIAL_EVIDENCE_NEEDED_YET,False,Keep using cheap/provisional data; no official document collection yet.
BTS,stage_0_full_universe,0,0,0,False,False,False,False,False,NO_OFFICIAL_EVIDENCE_NEEDED_YET,False,Keep using cheap/provisional data; no official document collection yet.
BTT,stage_0_full_universe,0,0,0,False,False,False,False,False,NO_OFFICIAL_EVIDENCE_NEEDED_YET,False,Keep using cheap/provisional data; no official document collection yet.
BTU,stage_0_full_universe,0,0,0,False,False,False,False,False,NO_OFFICIAL_EVIDENCE_NEEDED_YET,False,Keep using cheap/provisional data; no official document collection yet.
BTV,stage_0_full_universe,0,0,0,False,False,False,False,False,NO_OFFICIAL_EVIDENCE_NEEDED_YET,False,Keep using cheap/provisional data; no official document collection yet.
BTW,stage_0_full_universe,0,0,0,False,False,False,False,False,NO_OFFICIAL_EVIDENCE_NEEDED_YET,False,Keep using cheap/provisional data; no official document collection yet.
BUD,stage_0_full_universe,0,0,0,False,False,False,False,False,NO_OFFICIAL_EVIDENCE_NEEDED_YET,False,Keep using cheap/provisional data; no official document collection yet.
BVB,stage_0_full_universe,0,0,0,False,False,False,False,False,NO_OFFICIAL_EVIDENCE_NEEDED_YET,False,Keep using cheap/provisional data; no official document collection yet.
BVG,stage_0_full_universe,0,0,0,False,False,False,False,False,NO_OFFICIAL_EVIDENCE_NEEDED_YET,False,Keep using cheap/provisional data; no official document collection yet.
BVH,stage_0_full_universe,0,0,0,False,False,False,False,False,NO_OFFICIAL_EVIDENCE_NEEDED_YET,False,Keep using cheap/provisional data; no official document collection yet.
BVL,stage_0_full_universe,0,0,0,False,False,False,False,False,NO_OFFICIAL_EVIDENCE_NEEDED_YET,False,Keep using cheap/provisional data; no official document collection yet.
BVN,stage_0_full_universe,0,0,0,False,False,False,False,False,NO_OFFICIAL_EVIDENCE_NEEDED_YET,False,Keep using cheap/provisional data; no official document collection yet.
BVS,stage_0_full_universe,0,0,0,False,False,False,False,False,NO_OFFICIAL_EVIDENCE_NEEDED_YET,False,Keep using cheap/provisional data; no official document collection yet.
BWA,stage_0_full_universe,0,0,0,False,False,False,False,False,NO_OFFICIAL_EVIDENCE_NEEDED_YET,False,Keep using cheap/provisional data; no official document collection yet.
BWE,stage_0_full_universe,0,0,0,False,False,False,False,False,NO_OFFICIAL_EVIDENCE_NEEDED_YET,False,Keep using cheap/provisional data; no official document collection yet.
BWS,stage_0_full_universe,0,0,0,False,False,False,False,False,NO_OFFICIAL_EVIDENCE_NEEDED_YET,False,Keep using cheap/provisional data; no official document collection yet.
BXD,stage_0_full_universe,0,0,0,False,False,False,False,False,NO_OFFICIAL_EVIDENCE_NEEDED_YET,False,Keep using cheap/provisional data; no official document collection yet.
BXH,stage_0_full_universe,0,0,0,False,False,False,False,False,NO_OFFICIAL_EVIDENCE_NEEDED_YET,False,Keep using cheap/provisional data; no official document collection yet.
BXT,stage_0_full_universe,0,0,0,False,False,False,False,False,NO_OFFICIAL_EVIDENCE_NEEDED_YET,False,Keep using cheap/provisional data; no official document collection yet.
C12,stage_0_full_universe,0,0,0,False,False,False,False,False,NO_OFFICIAL_EVIDENCE_NEEDED_YET,False,Keep using cheap/provisional data; no official document collection yet.
C21,stage_0_full_universe,0,0,0,False,False,False,False,False,NO_OFFICIAL_EVIDENCE_NEEDED_YET,False,Keep using cheap/provisional data; no official document collection yet.
C22,stage_0_full_universe,0,0,0,False,False,False,False,False,NO_OFFICIAL_EVIDENCE_NEEDED_YET,False,Keep using cheap/provisional data; no official document collection yet.
C32,stage_0_full_universe,0,0,0,False,False,False,False,False,NO_OFFICIAL_EVIDENCE_NEEDED_YET,False,Keep using cheap/provisional data; no official document collection yet.
C36,stage_0_full_universe,0,0,0,False,False,False,False,False,NO_OFFICIAL_EVIDENCE_NEEDED_YET,False,Keep using cheap/provisional data; no official document collection yet.
C47,stage_0_full_universe,0,0,0,False,False,False,False,False,NO_OFFICIAL_EVIDENCE_NEEDED_YET,False,Keep using cheap/provisional data; no official document collection yet.
C4G,stage_0_full_universe,0,0,0,False,False,False,False,False,NO_OFFICIAL_EVIDENCE_NEEDED_YET,False,Keep using cheap/provisional data; no official document collection yet.
C69,stage_0_full_universe,0,0,0,False,False,False,False,False,NO_OFFICIAL_EVIDENCE_NEEDED_YET,False,Keep using cheap/provisional data; no official document collection yet.
C71,stage_0_full_universe,0,0,0,False,False,False,False,False,NO_OFFICIAL_EVIDENCE_NEEDED_YET,False,Keep using cheap/provisional data; no official document collection yet.
C92,stage_0_full_universe,0,0,0,False,False,False,False,False,NO_OFFICIAL_EVIDENCE_NEEDED_YET,False,Keep using cheap/provisional data; no official document collection yet.
CAB,stage_0_full_universe,0,0,0,False,False,False,False,False,NO_OFFICIAL_EVIDENCE_NEEDED_YET,False,Keep using cheap/provisional data; no official document collection yet.
CACB2304,stage_0_full_universe,0,0,0,False,False,False,False,False,NO_OFFICIAL_EVIDENCE_NEEDED_YET,False,Keep using cheap/provisional data; no official document collection yet.
CACB2305,stage_0_full_universe,0,0,0,False,False,False,False,False,NO_OFFICIAL_EVIDENCE_NEEDED_YET,False,Keep using cheap/provisional data; no official document collection yet.
CAD,stage_0_full_universe,0,0,0,False,False,False,False,False,NO_OFFICIAL_EVIDENCE_NEEDED_YET,False,Keep using cheap/provisional data; no official document collection yet.
CAG,stage_0_full_universe,0,0,0,False,False,False,False,False,NO_OFFICIAL_EVIDENCE_NEEDED_YET,False,Keep using cheap/provisional data; no official document collection yet.
CAM,stage_0_full_universe,0,0,0,False,False,False,False,False,NO_OFFICIAL_EVIDENCE_NEEDED_YET,False,Keep using cheap/provisional data; no official document collection yet.
CAN,stage_0_full_universe,0,0,0,False,False,False,False,False,NO_OFFICIAL_EVIDENCE_NEEDED_YET,False,Keep using cheap/provisional data; no official document collection yet.
CAP,stage_0_full_universe,0,0,0,False,False,False,False,False,NO_OFFICIAL_EVIDENCE_NEEDED_YET,False,Keep using cheap/provisional data; no official document collection yet.
CAR,stage_0_full_universe,0,0,0,False,False,False,False,False,NO_OFFICIAL_EVIDENCE_NEEDED_YET,False,Keep using cheap/provisional data; no official document collection yet.
CAT,stage_0_full_universe,0,0,0,False,False,False,False,False,NO_OFFICIAL_EVIDENCE_NEEDED_YET,False,Keep using cheap/provisional data; no official document collection yet.
CAV,stage_0_full_universe,0,0,0,False,False,False,False,False,NO_OFFICIAL_EVIDENCE_NEEDED_YET,False,Keep using cheap/provisional data; no official document collection yet.
CBC,stage_0_full_universe,0,0,0,False,False,False,False,False,NO_OFFICIAL_EVIDENCE_NEEDED_YET,False,Keep using cheap/provisional data; no official document collection yet.
CBI,stage_0_full_universe,0,0,0,False,False,False,False,False,NO_OFFICIAL_EVIDENCE_NEEDED_YET,False,Keep using cheap/provisional data; no official document collection yet.
CBS,stage_0_full_universe,0,0,0,False,False,False,False,False,NO_OFFICIAL_EVIDENCE_NEEDED_YET,False,Keep using cheap/provisional data; no official document collection yet.
CC1,stage_0_full_universe,0,0,0,False,False,False,False,False,NO_OFFICIAL_EVIDENCE_NEEDED_YET,False,Keep using cheap/provisional data; no official document collection yet.
CC4,stage_0_full_universe,0,0,0,False,False,False,False,False,NO_OFFICIAL_EVIDENCE_NEEDED_YET,False,Keep using cheap/provisional data; no official document collection yet.
CCA,stage_0_full_universe,0,0,0,False,False,False,False,False,NO_OFFICIAL_EVIDENCE_NEEDED_YET,False,Keep using cheap/provisional data; no official document collection yet.
CCC,stage_0_full_universe,0,0,0,False,False,False,False,False,NO_OFFICIAL_EVIDENCE_NEEDED_YET,False,Keep using cheap/provisional data; no official document collection yet.
CCH,stage_0_full_universe,0,0,0,False,False,False,False,False,NO_OFFICIAL_EVIDENCE_NEEDED_YET,False,Keep using cheap/provisional data; no official document collection yet.
CCI,stage_0_full_universe,0,0,0,False,False,False,False,False,NO_OFFICIAL_EVIDENCE_NEEDED_YET,False,Keep using cheap/provisional data; no official document collection yet.
CCL,stage_0_full_universe,0,0,0,False,False,False,False,False,NO_OFFICIAL_EVIDENCE_NEEDED_YET,False,Keep using cheap/provisional data; no official document collection yet.
CCM,stage_0_full_universe,0,0,0,False,False,False,False,False,NO_OFFICIAL_EVIDENCE_NEEDED_YET,False,Keep using cheap/provisional data; no official document collection yet.
CCP,stage_0_full_universe,0,0,0,False,False,False,False,False,NO_OFFICIAL_EVIDENCE_NEEDED_YET,False,Keep using cheap/provisional data; no official document collection yet.
CCR,stage_0_full_universe,0,0,0,False,False,False,False,False,NO_OFFICIAL_EVIDENCE_NEEDED_YET,False,Keep using cheap/provisional data; no official document collection yet.
CCS,stage_0_full_universe,0,0,0,False,False,False,False,False,NO_OFFICIAL_EVIDENCE_NEEDED_YET,False,Keep using cheap/provisional data; no official document collection yet.
CCT,stage_0_full_universe,0,0,0,False,False,False,False,False,NO_OFFICIAL_EVIDENCE_NEEDED_YET,False,Keep using cheap/provisional data; no official document collection yet.
CCV,stage_0_full_universe,0,0,0,False,False,False,False,False,NO_OFFICIAL_EVIDENCE_NEEDED_YET,False,Keep using cheap/provisional data; no official document collection yet.
CDC,stage_0_full_universe,0,0,0,False,False,False,False,False,NO_OFFICIAL_EVIDENCE_NEEDED_YET,False,Keep using cheap/provisional data; no official document collection yet.
CDG,stage_0_full_universe,0,0,0,False,False,False,False,False,NO_OFFICIAL_EVIDENCE_NEEDED_YET,False,Keep using cheap/provisional data; no official document collection yet.
CDH,stage_0_full_universe,0,0,0,False,False,False,False,False,NO_OFFICIAL_EVIDENCE_NEEDED_YET,False,Keep using cheap/provisional data; no official document collection yet.
CDN,stage_0_full_universe,0,0,0,False,False,False,False,False,NO_OFFICIAL_EVIDENCE_NEEDED_YET,False,Keep using cheap/provisional data; no official document collection yet.
CDO,stage_0_full_universe,0,0,0,False,False,False,False,False,NO_OFFICIAL_EVIDENCE_NEEDED_YET,False,Keep using cheap/provisional data; no official document collection yet.
CDP,stage_0_full_universe,0,0,0,False,False,False,False,False,NO_OFFICIAL_EVIDENCE_NEEDED_YET,False,Keep using cheap/provisional data; no official document collection yet.
CDR,stage_0_full_universe,0,0,0,False,False,False,False,False,NO_OFFICIAL_EVIDENCE_NEEDED_YET,False,Keep using cheap/provisional data; no official document collection yet.
CE1,stage_0_full_universe,0,0,0,False,False,False,False,False,NO_OFFICIAL_EVIDENCE_NEEDED_YET,False,Keep using cheap/provisional data; no official document collection yet.
CEC,stage_0_full_universe,0,0,0,False,False,False,False,False,NO_OFFICIAL_EVIDENCE_NEEDED_YET,False,Keep using cheap/provisional data; no official document collection yet.
CEE,stage_0_full_universe,0,0,0,False,False,False,False,False,NO_OFFICIAL_EVIDENCE_NEEDED_YET,False,Keep using cheap/provisional data; no official document collection yet.
CEG,stage_0_full_universe,0,0,0,False,False,False,False,False,NO_OFFICIAL_EVIDENCE_NEEDED_YET,False,Keep using cheap/provisional data; no official document collection yet.
CEN,stage_0_full_universe,0,0,0,False,False,False,False,False,NO_OFFICIAL_EVIDENCE_NEEDED_YET,False,Keep using cheap/provisional data; no official document collection yet.
CEO,stage_0_full_universe,0,0,0,False,False,False,False,False,NO_OFFICIAL_EVIDENCE_NEEDED_YET,False,Keep using cheap/provisional data; no official document collection yet.
CER,stage_0_full_universe,0,0,0,False,False,False,False,False,NO_OFFICIAL_EVIDENCE_NEEDED_YET,False,Keep using cheap/provisional data; no official document collection yet.
CET,stage_0_full_universe,0,0,0,False,False,False,False,False,NO_OFFICIAL_EVIDENCE_NEEDED_YET,False,Keep using cheap/provisional data; no official document collection yet.
CFC,stage_0_full_universe,0,0,0,False,False,False,False,False,NO_OFFICIAL_EVIDENCE_NEEDED_YET,False,Keep using cheap/provisional data; no official document collection yet.
CFM,stage_0_full_universe,0,0,0,False,False,False,False,False,NO_OFFICIAL_EVIDENCE_NEEDED_YET,False,Keep using cheap/provisional data; no official document collection yet.
CFPT2016,stage_0_full_universe,0,0,0,False,False,False,False,False,NO_OFFICIAL_EVIDENCE_NEEDED_YET,False,Keep using cheap/provisional data; no official document collection yet.
CFPT2101,stage_0_full_universe,0,0,0,False,False,False,False,False,NO_OFFICIAL_EVIDENCE_NEEDED_YET,False,Keep using cheap/provisional data; no official document collection yet.
CFPT2102,stage_0_full_universe,0,0,0,False,False,False,False,False,NO_OFFICIAL_EVIDENCE_NEEDED_YET,False,Keep using cheap/provisional data; no official document collection yet.
CFPT2103,stage_0_full_universe,0,0,0,False,False,False,False,False,NO_OFFICIAL_EVIDENCE_NEEDED_YET,False,Keep using cheap/provisional data; no official document collection yet.
CFPT2104,stage_0_full_universe,0,0,0,False,False,False,False,False,NO_OFFICIAL_EVIDENCE_NEEDED_YET,False,Keep using cheap/provisional data; no official document collection yet.
CFPT2105,stage_0_full_universe,0,0,0,False,False,False,False,False,NO_OFFICIAL_EVIDENCE_NEEDED_YET,False,Keep using cheap/provisional data; no official document collection yet.
CFPT2214,stage_0_full_universe,0,0,0,False,False,False,False,False,NO_OFFICIAL_EVIDENCE_NEEDED_YET,False,Keep using cheap/provisional data; no official document collection yet.
CFPT2303,stage_0_full_universe,0,0,0,False,False,False,False,False,NO_OFFICIAL_EVIDENCE_NEEDED_YET,False,Keep using cheap/provisional data; no official document collection yet.
CFPT2313,stage_0_full_universe,0,0,0,False,False,False,False,False,NO_OFFICIAL_EVIDENCE_NEEDED_YET,False,Keep using cheap/provisional data; no official document collection yet.
CFPT2314,stage_0_full_universe,0,0,0,False,False,False,False,False,NO_OFFICIAL_EVIDENCE_NEEDED_YET,False,Keep using cheap/provisional data; no official document collection yet.
CFV,stage_0_full_universe,0,0,0,False,False,False,False,False,NO_OFFICIAL_EVIDENCE_NEEDED_YET,False,Keep using cheap/provisional data; no official document collection yet.
CGL,stage_0_full_universe,0,0,0,False,False,False,False,False,NO_OFFICIAL_EVIDENCE_NEEDED_YET,False,Keep using cheap/provisional data; no official document collection yet.
CGP,stage_0_full_universe,0,0,0,False,False,False,False,False,NO_OFFICIAL_EVIDENCE_NEEDED_YET,False,Keep using cheap/provisional data; no official document collection yet.
CGV,stage_0_full_universe,0,0,0,False,False,False,False,False,NO_OFFICIAL_EVIDENCE_NEEDED_YET,False,Keep using cheap/provisional data; no official document collection yet.
CH5,stage_0_full_universe,0,0,0,False,False,False,False,False,NO_OFFICIAL_EVIDENCE_NEEDED_YET,False,Keep using cheap/provisional data; no official document collection yet.
CHC,stage_0_full_universe,0,0,0,False,False,False,False,False,NO_OFFICIAL_EVIDENCE_NEEDED_YET,False,Keep using cheap/provisional data; no official document collection yet.
CHDB2101,stage_0_full_universe,0,0,0,False,False,False,False,False,NO_OFFICIAL_EVIDENCE_NEEDED_YET,False,Keep using cheap/provisional data; no official document collection yet.
CHDB2102,stage_0_full_universe,0,0,0,False,False,False,False,False,NO_OFFICIAL_EVIDENCE_NEEDED_YET,False,Keep using cheap/provisional data; no official document collection yet.
CHP,stage_0_full_universe,0,0,0,False,False,False,False,False,NO_OFFICIAL_EVIDENCE_NEEDED_YET,False,Keep using cheap/provisional data; no official document collection yet.
CHPG2020,stage_0_full_universe,0,0,0,False,False,False,False,False,NO_OFFICIAL_EVIDENCE_NEEDED_YET,False,Keep using cheap/provisional data; no official document collection yet.
CHPG2101,stage_0_full_universe,0,0,0,False,False,False,False,False,NO_OFFICIAL_EVIDENCE_NEEDED_YET,False,Keep using cheap/provisional data; no official document collection yet.
CHS,stage_0_full_universe,0,0,0,False,False,False,False,False,NO_OFFICIAL_EVIDENCE_NEEDED_YET,False,Keep using cheap/provisional data; no official document collection yet.
CI5,stage_0_full_universe,0,0,0,False,False,False,False,False,NO_OFFICIAL_EVIDENCE_NEEDED_YET,False,Keep using cheap/provisional data; no official document collection yet.
CIA,stage_0_full_universe,0,0,0,False,False,False,False,False,NO_OFFICIAL_EVIDENCE_NEEDED_YET,False,Keep using cheap/provisional data; no official document collection yet.
CIC,stage_0_full_universe,0,0,0,False,False,False,False,False,NO_OFFICIAL_EVIDENCE_NEEDED_YET,False,Keep using cheap/provisional data; no official document collection yet.
CID,stage_0_full_universe,0,0,0,False,False,False,False,False,NO_OFFICIAL_EVIDENCE_NEEDED_YET,False,Keep using cheap/provisional data; no official document collection yet.
CIG,stage_0_full_universe,0,0,0,False,False,False,False,False,NO_OFFICIAL_EVIDENCE_NEEDED_YET,False,Keep using cheap/provisional data; no official document collection yet.
CII,stage_0_full_universe,0,0,0,False,False,False,False,False,NO_OFFICIAL_EVIDENCE_NEEDED_YET,False,Keep using cheap/provisional data; no official document collection yet.
CIP,stage_0_full_universe,0,0,0,False,False,False,False,False,NO_OFFICIAL_EVIDENCE_NEEDED_YET,False,Keep using cheap/provisional data; no official document collection yet.
CJC,stage_0_full_universe,0,0,0,False,False,False,False,False,NO_OFFICIAL_EVIDENCE_NEEDED_YET,False,Keep using cheap/provisional data; no official document collection yet.
CK8,stage_0_full_universe,0,0,0,False,False,False,False,False,NO_OFFICIAL_EVIDENCE_NEEDED_YET,False,Keep using cheap/provisional data; no official document collection yet.
CKA,stage_0_full_universe,0,0,0,False,False,False,False,False,NO_OFFICIAL_EVIDENCE_NEEDED_YET,False,Keep using cheap/provisional data; no official document collection yet.
CKD,stage_0_full_universe,0,0,0,False,False,False,False,False,NO_OFFICIAL_EVIDENCE_NEEDED_YET,False,Keep using cheap/provisional data; no official document collection yet.
CKG,stage_0_full_universe,0,0,0,False,False,False,False,False,NO_OFFICIAL_EVIDENCE_NEEDED_YET,False,Keep using cheap/provisional data; no official document collection yet.
CKH,stage_0_full_universe,0,0,0,False,False,False,False,False,NO_OFFICIAL_EVIDENCE_NEEDED_YET,False,Keep using cheap/provisional data; no official document collection yet.
CKV,stage_0_full_universe,0,0,0,False,False,False,False,False,NO_OFFICIAL_EVIDENCE_NEEDED_YET,False,Keep using cheap/provisional data; no official document collection yet.
CL1,stage_0_full_universe,0,0,0,False,False,False,False,False,NO_OFFICIAL_EVIDENCE_NEEDED_YET,False,Keep using cheap/provisional data; no official document collection yet.
CLC,stage_0_full_universe,0,0,0,False,False,False,False,False,NO_OFFICIAL_EVIDENCE_NEEDED_YET,False,Keep using cheap/provisional data; no official document collection yet.
CLG,stage_0_full_universe,0,0,0,False,False,False,False,False,NO_OFFICIAL_EVIDENCE_NEEDED_YET,False,Keep using cheap/provisional data; no official document collection yet.
CLH,stage_0_full_universe,0,0,0,False,False,False,False,False,NO_OFFICIAL_EVIDENCE_NEEDED_YET,False,Keep using cheap/provisional data; no official document collection yet.
CLI,stage_0_full_universe,0,0,0,False,False,False,False,False,NO_OFFICIAL_EVIDENCE_NEEDED_YET,False,Keep using cheap/provisional data; no official document collection yet.
CLL,stage_0_full_universe,0,0,0,False,False,False,False,False,NO_OFFICIAL_EVIDENCE_NEEDED_YET,False,Keep using cheap/provisional data; no official document collection yet.
CLM,stage_0_full_universe,0,0,0,False,False,False,False,False,NO_OFFICIAL_EVIDENCE_NEEDED_YET,False,Keep using cheap/provisional data; no official document collection yet.
CLP,stage_0_full_universe,0,0,0,False,False,False,False,False,NO_OFFICIAL_EVIDENCE_NEEDED_YET,False,Keep using cheap/provisional data; no official document collection yet.
CLS,stage_0_full_universe,0,0,0,False,False,False,False,False,NO_OFFICIAL_EVIDENCE_NEEDED_YET,False,Keep using cheap/provisional data; no official document collection yet.
CLW,stage_0_full_universe,0,0,0,False,False,False,False,False,NO_OFFICIAL_EVIDENCE_NEEDED_YET,False,Keep using cheap/provisional data; no official document collection yet.
CLX,stage_0_full_universe,0,0,0,False,False,False,False,False,NO_OFFICIAL_EVIDENCE_NEEDED_YET,False,Keep using cheap/provisional data; no official document collection yet.
CMC,stage_0_full_universe,0,0,0,False,False,False,False,False,NO_OFFICIAL_EVIDENCE_NEEDED_YET,False,Keep using cheap/provisional data; no official document collection yet.
CMD,stage_0_full_universe,0,0,0,False,False,False,False,False,NO_OFFICIAL_EVIDENCE_NEEDED_YET,False,Keep using cheap/provisional data; no official document collection yet.
CMF,stage_0_full_universe,0,0,0,False,False,False,False,False,NO_OFFICIAL_EVIDENCE_NEEDED_YET,False,Keep using cheap/provisional data; no official document collection yet.
CMG,stage_0_full_universe,0,0,0,False,False,False,False,False,NO_OFFICIAL_EVIDENCE_NEEDED_YET,False,Keep using cheap/provisional data; no official document collection yet.
CMI,stage_0_full_universe,0,0,0,False,False,False,False,False,NO_OFFICIAL_EVIDENCE_NEEDED_YET,False,Keep using cheap/provisional data; no official document collection yet.
CMK,stage_0_full_universe,0,0,0,False,False,False,False,False,NO_OFFICIAL_EVIDENCE_NEEDED_YET,False,Keep using cheap/provisional data; no official document collection yet.
CMM,stage_0_full_universe,0,0,0,False,False,False,False,False,NO_OFFICIAL_EVIDENCE_NEEDED_YET,False,Keep using cheap/provisional data; no official document collection yet.
CMMN,stage_0_full_universe,0,0,0,False,False,False,False,False,NO_OFFICIAL_EVIDENCE_NEEDED_YET,False,Keep using cheap/provisional data; no official document collection yet.
CMN,stage_0_full_universe,0,0,0,False,False,False,False,False,NO_OFFICIAL_EVIDENCE_NEEDED_YET,False,Keep using cheap/provisional data; no official document collection yet.
CMNN1,stage_0_full_universe,0,0,0,False,False,False,False,False,NO_OFFICIAL_EVIDENCE_NEEDED_YET,False,Keep using cheap/provisional data; no official document collection yet.
CMP,stage_0_full_universe,0,0,0,False,False,False,False,False,NO_OFFICIAL_EVIDENCE_NEEDED_YET,False,Keep using cheap/provisional data; no official document collection yet.
CMS,stage_0_full_universe,0,0,0,False,False,False,False,False,NO_OFFICIAL_EVIDENCE_NEEDED_YET,False,Keep using cheap/provisional data; no official document collection yet.
CMT,stage_0_full_universe,0,0,0,False,False,False,False,False,NO_OFFICIAL_EVIDENCE_NEEDED_YET,False,Keep using cheap/provisional data; no official document collection yet.
CMV,stage_0_full_universe,0,0,0,False,False,False,False,False,NO_OFFICIAL_EVIDENCE_NEEDED_YET,False,Keep using cheap/provisional data; no official document collection yet.
CMW,stage_0_full_universe,0,0,0,False,False,False,False,False,NO_OFFICIAL_EVIDENCE_NEEDED_YET,False,Keep using cheap/provisional data; no official document collection yet.
CMX,stage_0_full_universe,0,0,0,False,False,False,False,False,NO_OFFICIAL_EVIDENCE_NEEDED_YET,False,Keep using cheap/provisional data; no official document collection yet.
CNA,stage_0_full_universe,0,0,0,False,False,False,False,False,NO_OFFICIAL_EVIDENCE_NEEDED_YET,False,Keep using cheap/provisional data; no official document collection yet.
CNC,stage_0_full_universe,0,0,0,False,False,False,False,False,NO_OFFICIAL_EVIDENCE_NEEDED_YET,False,Keep using cheap/provisional data; no official document collection yet.
CNG,stage_0_full_universe,0,0,0,False,False,False,False,False,NO_OFFICIAL_EVIDENCE_NEEDED_YET,False,Keep using cheap/provisional data; no official document collection yet.
CNN,stage_0_full_universe,0,0,0,False,False,False,False,False,NO_OFFICIAL_EVIDENCE_NEEDED_YET,False,Keep using cheap/provisional data; no official document collection yet.
CNT,stage_0_full_universe,0,0,0,False,False,False,False,False,NO_OFFICIAL_EVIDENCE_NEEDED_YET,False,Keep using cheap/provisional data; no official document collection yet.
COM,stage_0_full_universe,0,0,0,False,False,False,False,False,NO_OFFICIAL_EVIDENCE_NEEDED_YET,False,Keep using cheap/provisional data; no official document collection yet.
CPA,stage_0_full_universe,0,0,0,False,False,False,False,False,NO_OFFICIAL_EVIDENCE_NEEDED_YET,False,Keep using cheap/provisional data; no official document collection yet.
CPC,stage_0_full_universe,0,0,0,False,False,False,False,False,NO_OFFICIAL_EVIDENCE_NEEDED_YET,False,Keep using cheap/provisional data; no official document collection yet.
CPH,stage_0_full_universe,0,0,0,False,False,False,False,False,NO_OFFICIAL_EVIDENCE_NEEDED_YET,False,Keep using cheap/provisional data; no official document collection yet.
CPI,stage_0_full_universe,0,0,0,False,False,False,False,False,NO_OFFICIAL_EVIDENCE_NEEDED_YET,False,Keep using cheap/provisional data; no official document collection yet.
CQN,stage_0_full_universe,0,0,0,False,False,False,False,False,NO_OFFICIAL_EVIDENCE_NEEDED_YET,False,Keep using cheap/provisional data; no official document collection yet.
CQT,stage_0_full_universe,0,0,0,False,False,False,False,False,NO_OFFICIAL_EVIDENCE_NEEDED_YET,False,Keep using cheap/provisional data; no official document collection yet.
CRC,stage_0_full_universe,0,0,0,False,False,False,False,False,NO_OFFICIAL_EVIDENCE_NEEDED_YET,False,Keep using cheap/provisional data; no official document collection yet.
CRE,stage_0_full_universe,0,0,0,False,False,False,False,False,NO_OFFICIAL_EVIDENCE_NEEDED_YET,False,Keep using cheap/provisional data; no official document collection yet.
CRV,stage_0_full_universe,0,0,0,False,False,False,False,False,NO_OFFICIAL_EVIDENCE_NEEDED_YET,False,Keep using cheap/provisional data; no official document collection yet.
CSC,stage_0_full_universe,0,0,0,False,False,False,False,False,NO_OFFICIAL_EVIDENCE_NEEDED_YET,False,Keep using cheap/provisional data; no official document collection yet.
CSI,stage_0_full_universe,0,0,0,False,False,False,False,False,NO_OFFICIAL_EVIDENCE_NEEDED_YET,False,Keep using cheap/provisional data; no official document collection yet.
CSM,stage_0_full_universe,0,0,0,False,False,False,False,False,NO_OFFICIAL_EVIDENCE_NEEDED_YET,False,Keep using cheap/provisional data; no official document collection yet.
CST,stage_0_full_universe,0,0,0,False,False,False,False,False,NO_OFFICIAL_EVIDENCE_NEEDED_YET,False,Keep using cheap/provisional data; no official document collection yet.
CSV,stage_0_full_universe,0,0,0,False,False,False,False,False,NO_OFFICIAL_EVIDENCE_NEEDED_YET,False,Keep using cheap/provisional data; no official document collection yet.
CT3,stage_0_full_universe,0,0,0,False,False,False,False,False,NO_OFFICIAL_EVIDENCE_NEEDED_YET,False,Keep using cheap/provisional data; no official document collection yet.
CT5,stage_0_full_universe,0,0,0,False,False,False,False,False,NO_OFFICIAL_EVIDENCE_NEEDED_YET,False,Keep using cheap/provisional data; no official document collection yet.
CT6,stage_0_full_universe,0,0,0,False,False,False,False,False,NO_OFFICIAL_EVIDENCE_NEEDED_YET,False,Keep using cheap/provisional data; no official document collection yet.
CTA,stage_0_full_universe,0,0,0,False,False,False,False,False,NO_OFFICIAL_EVIDENCE_NEEDED_YET,False,Keep using cheap/provisional data; no official document collection yet.
CTB,stage_0_full_universe,0,0,0,False,False,False,False,False,NO_OFFICIAL_EVIDENCE_NEEDED_YET,False,Keep using cheap/provisional data; no official document collection yet.
CTC,stage_0_full_universe,0,0,0,False,False,False,False,False,NO_OFFICIAL_EVIDENCE_NEEDED_YET,False,Keep using cheap/provisional data; no official document collection yet.
CTD,stage_0_full_universe,0,0,0,False,False,False,False,False,NO_OFFICIAL_EVIDENCE_NEEDED_YET,False,Keep using cheap/provisional data; no official document collection yet.
CTF,stage_0_full_universe,0,0,0,False,False,False,False,False,NO_OFFICIAL_EVIDENCE_NEEDED_YET,False,Keep using cheap/provisional data; no official document collection yet.
CTG,stage_0_full_universe,0,0,0,False,False,False,False,False,NO_OFFICIAL_EVIDENCE_NEEDED_YET,False,Keep using cheap/provisional data; no official document collection yet.
CTI,stage_0_full_universe,0,0,0,False,False,False,False,False,NO_OFFICIAL_EVIDENCE_NEEDED_YET,False,Keep using cheap/provisional data; no official document collection yet.
CTN,stage_0_full_universe,0,0,0,False,False,False,False,False,NO_OFFICIAL_EVIDENCE_NEEDED_YET,False,Keep using cheap/provisional data; no official document collection yet.
CTP,stage_0_full_universe,0,0,0,False,False,False,False,False,NO_OFFICIAL_EVIDENCE_NEEDED_YET,False,Keep using cheap/provisional data; no official document collection yet.
CTR,stage_0_full_universe,0,0,0,False,False,False,False,False,NO_OFFICIAL_EVIDENCE_NEEDED_YET,False,Keep using cheap/provisional data; no official document collection yet.
CTS,stage_0_full_universe,0,0,0,False,False,False,False,False,NO_OFFICIAL_EVIDENCE_NEEDED_YET,False,Keep using cheap/provisional data; no official document collection yet.
CTT,stage_0_full_universe,0,0,0,False,False,False,False,False,NO_OFFICIAL_EVIDENCE_NEEDED_YET,False,Keep using cheap/provisional data; no official document collection yet.
CTW,stage_0_full_universe,0,0,0,False,False,False,False,False,NO_OFFICIAL_EVIDENCE_NEEDED_YET,False,Keep using cheap/provisional data; no official document collection yet.
CTX,stage_0_full_universe,0,0,0,False,False,False,False,False,NO_OFFICIAL_EVIDENCE_NEEDED_YET,False,Keep using cheap/provisional data; no official document collection yet.
CVN,stage_0_full_universe,0,0,0,False,False,False,False,False,NO_OFFICIAL_EVIDENCE_NEEDED_YET,False,Keep using cheap/provisional data; no official document collection yet.
CVP,stage_0_full_universe,0,0,0,False,False,False,False,False,NO_OFFICIAL_EVIDENCE_NEEDED_YET,False,Keep using cheap/provisional data; no official document collection yet.
CVT,stage_0_full_universe,0,0,0,False,False,False,False,False,NO_OFFICIAL_EVIDENCE_NEEDED_YET,False,Keep using cheap/provisional data; no official document collection yet.
CX8,stage_0_full_universe,0,0,0,False,False,False,False,False,NO_OFFICIAL_EVIDENCE_NEEDED_YET,False,Keep using cheap/provisional data; no official document collection yet.
CYC,stage_0_full_universe,0,0,0,False,False,False,False,False,NO_OFFICIAL_EVIDENCE_NEEDED_YET,False,Keep using cheap/provisional data; no official document collection yet.
D11,stage_0_full_universe,0,0,0,False,False,False,False,False,NO_OFFICIAL_EVIDENCE_NEEDED_YET,False,Keep using cheap/provisional data; no official document collection yet.
D17,stage_0_full_universe,0,0,0,False,False,False,False,False,NO_OFFICIAL_EVIDENCE_NEEDED_YET,False,Keep using cheap/provisional data; no official document collection yet.
D2D,stage_0_full_universe,0,0,0,False,False,False,False,False,NO_OFFICIAL_EVIDENCE_NEEDED_YET,False,Keep using cheap/provisional data; no official document collection yet.
DAC,stage_0_full_universe,0,0,0,False,False,False,False,False,NO_OFFICIAL_EVIDENCE_NEEDED_YET,False,Keep using cheap/provisional data; no official document collection yet.
DAD,stage_0_full_universe,0,0,0,False,False,False,False,False,NO_OFFICIAL_EVIDENCE_NEEDED_YET,False,Keep using cheap/provisional data; no official document collection yet.
DAE,stage_0_full_universe,0,0,0,False,False,False,False,False,NO_OFFICIAL_EVIDENCE_NEEDED_YET,False,Keep using cheap/provisional data; no official document collection yet.
DAG,stage_0_full_universe,0,0,0,False,False,False,False,False,NO_OFFICIAL_EVIDENCE_NEEDED_YET,False,Keep using cheap/provisional data; no official document collection yet.
DAH,stage_0_full_universe,0,0,0,False,False,False,False,False,NO_OFFICIAL_EVIDENCE_NEEDED_YET,False,Keep using cheap/provisional data; no official document collection yet.
DAN,stage_0_full_universe,0,0,0,False,False,False,False,False,NO_OFFICIAL_EVIDENCE_NEEDED_YET,False,Keep using cheap/provisional data; no official document collection yet.
DAR,stage_0_full_universe,0,0,0,False,False,False,False,False,NO_OFFICIAL_EVIDENCE_NEEDED_YET,False,Keep using cheap/provisional data; no official document collection yet.
DAS,stage_0_full_universe,0,0,0,False,False,False,False,False,NO_OFFICIAL_EVIDENCE_NEEDED_YET,False,Keep using cheap/provisional data; no official document collection yet.
DAT,stage_0_full_universe,0,0,0,False,False,False,False,False,NO_OFFICIAL_EVIDENCE_NEEDED_YET,False,Keep using cheap/provisional data; no official document collection yet.
DBC,stage_0_full_universe,0,0,0,False,False,False,False,False,NO_OFFICIAL_EVIDENCE_NEEDED_YET,False,Keep using cheap/provisional data; no official document collection yet.
DBD,stage_0_full_universe,0,0,0,False,False,False,False,False,NO_OFFICIAL_EVIDENCE_NEEDED_YET,False,Keep using cheap/provisional data; no official document collection yet.
DBH,stage_0_full_universe,0,0,0,False,False,False,False,False,NO_OFFICIAL_EVIDENCE_NEEDED_YET,False,Keep using cheap/provisional data; no official document collection yet.
DBM,stage_0_full_universe,0,0,0,False,False,False,False,False,NO_OFFICIAL_EVIDENCE_NEEDED_YET,False,Keep using cheap/provisional data; no official document collection yet.
DBT,stage_0_full_universe,0,0,0,False,False,False,False,False,NO_OFFICIAL_EVIDENCE_NEEDED_YET,False,Keep using cheap/provisional data; no official document collection yet.
DBW,stage_0_full_universe,0,0,0,False,False,False,False,False,NO_OFFICIAL_EVIDENCE_NEEDED_YET,False,Keep using cheap/provisional data; no official document collection yet.
DC1,stage_0_full_universe,0,0,0,False,False,False,False,False,NO_OFFICIAL_EVIDENCE_NEEDED_YET,False,Keep using cheap/provisional data; no official document collection yet.
DC2,stage_0_full_universe,0,0,0,False,False,False,False,False,NO_OFFICIAL_EVIDENCE_NEEDED_YET,False,Keep using cheap/provisional data; no official document collection yet.
DC4,stage_0_full_universe,0,0,0,False,False,False,False,False,NO_OFFICIAL_EVIDENCE_NEEDED_YET,False,Keep using cheap/provisional data; no official document collection yet.
DCF,stage_0_full_universe,0,0,0,False,False,False,False,False,NO_OFFICIAL_EVIDENCE_NEEDED_YET,False,Keep using cheap/provisional data; no official document collection yet.
DCG,stage_0_full_universe,0,0,0,False,False,False,False,False,NO_OFFICIAL_EVIDENCE_NEEDED_YET,False,Keep using cheap/provisional data; no official document collection yet.
DCH,stage_0_full_universe,0,0,0,False,False,False,False,False,NO_OFFICIAL_EVIDENCE_NEEDED_YET,False,Keep using cheap/provisional data; no official document collection yet.
DCL,stage_0_full_universe,0,0,0,False,False,False,False,False,NO_OFFICIAL_EVIDENCE_NEEDED_YET,False,Keep using cheap/provisional data; no official document collection yet.
DCM,stage_0_full_universe,0,0,0,False,False,False,False,False,NO_OFFICIAL_EVIDENCE_NEEDED_YET,False,Keep using cheap/provisional data; no official document collection yet.
DCR,stage_0_full_universe,0,0,0,False,False,False,False,False,NO_OFFICIAL_EVIDENCE_NEEDED_YET,False,Keep using cheap/provisional data; no official document collection yet.
DCS,stage_0_full_universe,0,0,0,False,False,False,False,False,NO_OFFICIAL_EVIDENCE_NEEDED_YET,False,Keep using cheap/provisional data; no official document collection yet.
DCT,stage_0_full_universe,0,0,0,False,False,False,False,False,NO_OFFICIAL_EVIDENCE_NEEDED_YET,False,Keep using cheap/provisional data; no official document collection yet.
DCV,stage_0_full_universe,0,0,0,False,False,False,False,False,NO_OFFICIAL_EVIDENCE_NEEDED_YET,False,Keep using cheap/provisional data; no official document collection yet.
DDB,stage_0_full_universe,0,0,0,False,False,False,False,False,NO_OFFICIAL_EVIDENCE_NEEDED_YET,False,Keep using cheap/provisional data; no official document collection yet.
DDG,stage_0_full_universe,0,0,0,False,False,False,False,False,NO_OFFICIAL_EVIDENCE_NEEDED_YET,False,Keep using cheap/provisional data; no official document collection yet.
DDH,stage_0_full_universe,0,0,0,False,False,False,False,False,NO_OFFICIAL_EVIDENCE_NEEDED_YET,False,Keep using cheap/provisional data; no official document collection yet.
DDM,stage_0_full_universe,0,0,0,False,False,False,False,False,NO_OFFICIAL_EVIDENCE_NEEDED_YET,False,Keep using cheap/provisional data; no official document collection yet.
DDN,stage_0_full_universe,0,0,0,False,False,False,False,False,NO_OFFICIAL_EVIDENCE_NEEDED_YET,False,Keep using cheap/provisional data; no official document collection yet.
DDV,stage_0_full_universe,0,0,0,False,False,False,False,False,NO_OFFICIAL_EVIDENCE_NEEDED_YET,False,Keep using cheap/provisional data; no official document collection yet.
DFC,stage_0_full_universe,0,0,0,False,False,False,False,False,NO_OFFICIAL_EVIDENCE_NEEDED_YET,False,Keep using cheap/provisional data; no official document collection yet.
DFF,stage_0_full_universe,0,0,0,False,False,False,False,False,NO_OFFICIAL_EVIDENCE_NEEDED_YET,False,Keep using cheap/provisional data; no official document collection yet.
DGC,stage_0_full_universe,0,0,0,False,False,False,False,False,NO_OFFICIAL_EVIDENCE_NEEDED_YET,False,Keep using cheap/provisional data; no official document collection yet.
DGT,stage_0_full_universe,0,0,0,False,False,False,False,False,NO_OFFICIAL_EVIDENCE_NEEDED_YET,False,Keep using cheap/provisional data; no official document collection yet.
DGW,stage_0_full_universe,0,0,0,False,False,False,False,False,NO_OFFICIAL_EVIDENCE_NEEDED_YET,False,Keep using cheap/provisional data; no official document collection yet.
DHA,stage_0_full_universe,0,0,0,False,False,False,False,False,NO_OFFICIAL_EVIDENCE_NEEDED_YET,False,Keep using cheap/provisional data; no official document collection yet.
DHB,stage_0_full_universe,0,0,0,False,False,False,False,False,NO_OFFICIAL_EVIDENCE_NEEDED_YET,False,Keep using cheap/provisional data; no official document collection yet.
DHC,stage_0_full_universe,0,0,0,False,False,False,False,False,NO_OFFICIAL_EVIDENCE_NEEDED_YET,False,Keep using cheap/provisional data; no official document collection yet.
DHD,stage_0_full_universe,0,0,0,False,False,False,False,False,NO_OFFICIAL_EVIDENCE_NEEDED_YET,False,Keep using cheap/provisional data; no official document collection yet.
DHG,stage_0_full_universe,0,0,0,False,False,False,False,False,NO_OFFICIAL_EVIDENCE_NEEDED_YET,False,Keep using cheap/provisional data; no official document collection yet.
DHM,stage_0_full_universe,0,0,0,False,False,False,False,False,NO_OFFICIAL_EVIDENCE_NEEDED_YET,False,Keep using cheap/provisional data; no official document collection yet.
DHN,stage_0_full_universe,0,0,0,False,False,False,False,False,NO_OFFICIAL_EVIDENCE_NEEDED_YET,False,Keep using cheap/provisional data; no official document collection yet.
DHP,stage_0_full_universe,0,0,0,False,False,False,False,False,NO_OFFICIAL_EVIDENCE_NEEDED_YET,False,Keep using cheap/provisional data; no official document collection yet.
DHT,stage_0_full_universe,0,0,0,False,False,False,False,False,NO_OFFICIAL_EVIDENCE_NEEDED_YET,False,Keep using cheap/provisional data; no official document collection yet.
DIC,stage_0_full_universe,0,0,0,False,False,False,False,False,NO_OFFICIAL_EVIDENCE_NEEDED_YET,False,Keep using cheap/provisional data; no official document collection yet.
DID,stage_0_full_universe,0,0,0,False,False,False,False,False,NO_OFFICIAL_EVIDENCE_NEEDED_YET,False,Keep using cheap/provisional data; no official document collection yet.
DIG,stage_0_full_universe,0,0,0,False,False,False,False,False,NO_OFFICIAL_EVIDENCE_NEEDED_YET,False,Keep using cheap/provisional data; no official document collection yet.
DIH,stage_0_full_universe,0,0,0,False,False,False,False,False,NO_OFFICIAL_EVIDENCE_NEEDED_YET,False,Keep using cheap/provisional data; no official document collection yet.
DKC,stage_0_full_universe,0,0,0,False,False,False,False,False,NO_OFFICIAL_EVIDENCE_NEEDED_YET,False,Keep using cheap/provisional data; no official document collection yet.
DKG,stage_0_full_universe,0,0,0,False,False,False,False,False,NO_OFFICIAL_EVIDENCE_NEEDED_YET,False,Keep using cheap/provisional data; no official document collection yet.
DKH,stage_0_full_universe,0,0,0,False,False,False,False,False,NO_OFFICIAL_EVIDENCE_NEEDED_YET,False,Keep using cheap/provisional data; no official document collection yet.
DKW,stage_0_full_universe,0,0,0,False,False,False,False,False,NO_OFFICIAL_EVIDENCE_NEEDED_YET,False,Keep using cheap/provisional data; no official document collection yet.
DL1,stage_0_full_universe,0,0,0,False,False,False,False,False,NO_OFFICIAL_EVIDENCE_NEEDED_YET,False,Keep using cheap/provisional data; no official document collection yet.
DLD,stage_0_full_universe,0,0,0,False,False,False,False,False,NO_OFFICIAL_EVIDENCE_NEEDED_YET,False,Keep using cheap/provisional data; no official document collection yet.
DLG,stage_0_full_universe,0,0,0,False,False,False,False,False,NO_OFFICIAL_EVIDENCE_NEEDED_YET,False,Keep using cheap/provisional data; no official document collection yet.
DLM,stage_0_full_universe,0,0,0,False,False,False,False,False,NO_OFFICIAL_EVIDENCE_NEEDED_YET,False,Keep using cheap/provisional data; no official document collection yet.
DLR,stage_0_full_universe,0,0,0,False,False,False,False,False,NO_OFFICIAL_EVIDENCE_NEEDED_YET,False,Keep using cheap/provisional data; no official document collection yet.
DLT,stage_0_full_universe,0,0,0,False,False,False,False,False,NO_OFFICIAL_EVIDENCE_NEEDED_YET,False,Keep using cheap/provisional data; no official document collection yet.
DM7,stage_0_full_universe,0,0,0,False,False,False,False,False,NO_OFFICIAL_EVIDENCE_NEEDED_YET,False,Keep using cheap/provisional data; no official document collection yet.
DMC,stage_0_full_universe,0,0,0,False,False,False,False,False,NO_OFFICIAL_EVIDENCE_NEEDED_YET,False,Keep using cheap/provisional data; no official document collection yet.
DMN,stage_0_full_universe,0,0,0,False,False,False,False,False,NO_OFFICIAL_EVIDENCE_NEEDED_YET,False,Keep using cheap/provisional data; no official document collection yet.
DMS,stage_0_full_universe,0,0,0,False,False,False,False,False,NO_OFFICIAL_EVIDENCE_NEEDED_YET,False,Keep using cheap/provisional data; no official document collection yet.
DNA,stage_0_full_universe,0,0,0,False,False,False,False,False,NO_OFFICIAL_EVIDENCE_NEEDED_YET,False,Keep using cheap/provisional data; no official document collection yet.
DNB,stage_0_full_universe,0,0,0,False,False,False,False,False,NO_OFFICIAL_EVIDENCE_NEEDED_YET,False,Keep using cheap/provisional data; no official document collection yet.
DNC,stage_0_full_universe,0,0,0,False,False,False,False,False,NO_OFFICIAL_EVIDENCE_NEEDED_YET,False,Keep using cheap/provisional data; no official document collection yet.
DND,stage_0_full_universe,0,0,0,False,False,False,False,False,NO_OFFICIAL_EVIDENCE_NEEDED_YET,False,Keep using cheap/provisional data; no official document collection yet.
DNE,stage_0_full_universe,0,0,0,False,False,False,False,False,NO_OFFICIAL_EVIDENCE_NEEDED_YET,False,Keep using cheap/provisional data; no official document collection yet.
DNH,stage_0_full_universe,0,0,0,False,False,False,False,False,NO_OFFICIAL_EVIDENCE_NEEDED_YET,False,Keep using cheap/provisional data; no official document collection yet.
DNL,stage_0_full_universe,0,0,0,False,False,False,False,False,NO_OFFICIAL_EVIDENCE_NEEDED_YET,False,Keep using cheap/provisional data; no official document collection yet.
DNM,stage_0_full_universe,0,0,0,False,False,False,False,False,NO_OFFICIAL_EVIDENCE_NEEDED_YET,False,Keep using cheap/provisional data; no official document collection yet.
DNN,stage_0_full_universe,0,0,0,False,False,False,False,False,NO_OFFICIAL_EVIDENCE_NEEDED_YET,False,Keep using cheap/provisional data; no official document collection yet.
DNP,stage_0_full_universe,0,0,0,False,False,False,False,False,NO_OFFICIAL_EVIDENCE_NEEDED_YET,False,Keep using cheap/provisional data; no official document collection yet.
DNT,stage_0_full_universe,0,0,0,False,False,False,False,False,NO_OFFICIAL_EVIDENCE_NEEDED_YET,False,Keep using cheap/provisional data; no official document collection yet.
DNW,stage_0_full_universe,0,0,0,False,False,False,False,False,NO_OFFICIAL_EVIDENCE_NEEDED_YET,False,Keep using cheap/provisional data; no official document collection yet.
DOC,stage_0_full_universe,0,0,0,False,False,False,False,False,NO_OFFICIAL_EVIDENCE_NEEDED_YET,False,Keep using cheap/provisional data; no official document collection yet.
DOP,stage_0_full_universe,0,0,0,False,False,False,False,False,NO_OFFICIAL_EVIDENCE_NEEDED_YET,False,Keep using cheap/provisional data; no official document collection yet.
DP1,stage_0_full_universe,0,0,0,False,False,False,False,False,NO_OFFICIAL_EVIDENCE_NEEDED_YET,False,Keep using cheap/provisional data; no official document collection yet.
DP2,stage_0_full_universe,0,0,0,False,False,False,False,False,NO_OFFICIAL_EVIDENCE_NEEDED_YET,False,Keep using cheap/provisional data; no official document collection yet.
DP3,stage_0_full_universe,0,0,0,False,False,False,False,False,NO_OFFICIAL_EVIDENCE_NEEDED_YET,False,Keep using cheap/provisional data; no official document collection yet.
DPC,stage_0_full_universe,0,0,0,False,False,False,False,False,NO_OFFICIAL_EVIDENCE_NEEDED_YET,False,Keep using cheap/provisional data; no official document collection yet.
DPD,stage_0_full_universe,0,0,0,False,False,False,False,False,NO_OFFICIAL_EVIDENCE_NEEDED_YET,False,Keep using cheap/provisional data; no official document collection yet.
DPG,stage_0_full_universe,0,0,0,False,False,False,False,False,NO_OFFICIAL_EVIDENCE_NEEDED_YET,False,Keep using cheap/provisional data; no official document collection yet.
DPH,stage_0_full_universe,0,0,0,False,False,False,False,False,NO_OFFICIAL_EVIDENCE_NEEDED_YET,False,Keep using cheap/provisional data; no official document collection yet.
DPM,stage_0_full_universe,0,0,0,False,False,False,False,False,NO_OFFICIAL_EVIDENCE_NEEDED_YET,False,Keep using cheap/provisional data; no official document collection yet.
DPP,stage_0_full_universe,0,0,0,False,False,False,False,False,NO_OFFICIAL_EVIDENCE_NEEDED_YET,False,Keep using cheap/provisional data; no official document collection yet.
DPR,stage_0_full_universe,0,0,0,False,False,False,False,False,NO_OFFICIAL_EVIDENCE_NEEDED_YET,False,Keep using cheap/provisional data; no official document collection yet.
DPS,stage_0_full_universe,0,0,0,False,False,False,False,False,NO_OFFICIAL_EVIDENCE_NEEDED_YET,False,Keep using cheap/provisional data; no official document collection yet.
DQC,stage_0_full_universe,0,0,0,False,False,False,False,False,NO_OFFICIAL_EVIDENCE_NEEDED_YET,False,Keep using cheap/provisional data; no official document collection yet.
DRC,stage_0_full_universe,0,0,0,False,False,False,False,False,NO_OFFICIAL_EVIDENCE_NEEDED_YET,False,Keep using cheap/provisional data; no official document collection yet.
DRG,stage_0_full_universe,0,0,0,False,False,False,False,False,NO_OFFICIAL_EVIDENCE_NEEDED_YET,False,Keep using cheap/provisional data; no official document collection yet.
DRH,stage_0_full_universe,0,0,0,False,False,False,False,False,NO_OFFICIAL_EVIDENCE_NEEDED_YET,False,Keep using cheap/provisional data; no official document collection yet.
DRI,stage_0_full_universe,0,0,0,False,False,False,False,False,NO_OFFICIAL_EVIDENCE_NEEDED_YET,False,Keep using cheap/provisional data; no official document collection yet.
DRL,stage_0_full_universe,0,0,0,False,False,False,False,False,NO_OFFICIAL_EVIDENCE_NEEDED_YET,False,Keep using cheap/provisional data; no official document collection yet.
DS3,stage_0_full_universe,0,0,0,False,False,False,False,False,NO_OFFICIAL_EVIDENCE_NEEDED_YET,False,Keep using cheap/provisional data; no official document collection yet.
DSC,stage_0_full_universe,0,0,0,False,False,False,False,False,NO_OFFICIAL_EVIDENCE_NEEDED_YET,False,Keep using cheap/provisional data; no official document collection yet.
DSD,stage_0_full_universe,0,0,0,False,False,False,False,False,NO_OFFICIAL_EVIDENCE_NEEDED_YET,False,Keep using cheap/provisional data; no official document collection yet.
DSE,stage_0_full_universe,0,0,0,False,False,False,False,False,NO_OFFICIAL_EVIDENCE_NEEDED_YET,False,Keep using cheap/provisional data; no official document collection yet.
DSG,stage_0_full_universe,0,0,0,False,False,False,False,False,NO_OFFICIAL_EVIDENCE_NEEDED_YET,False,Keep using cheap/provisional data; no official document collection yet.
DSH,stage_0_full_universe,0,0,0,False,False,False,False,False,NO_OFFICIAL_EVIDENCE_NEEDED_YET,False,Keep using cheap/provisional data; no official document collection yet.
DSN,stage_0_full_universe,0,0,0,False,False,False,False,False,NO_OFFICIAL_EVIDENCE_NEEDED_YET,False,Keep using cheap/provisional data; no official document collection yet.
DSP,stage_0_full_universe,0,0,0,False,False,False,False,False,NO_OFFICIAL_EVIDENCE_NEEDED_YET,False,Keep using cheap/provisional data; no official document collection yet.
DST,stage_0_full_universe,0,0,0,False,False,False,False,False,NO_OFFICIAL_EVIDENCE_NEEDED_YET,False,Keep using cheap/provisional data; no official document collection yet.
DSV,stage_0_full_universe,0,0,0,False,False,False,False,False,NO_OFFICIAL_EVIDENCE_NEEDED_YET,False,Keep using cheap/provisional data; no official document collection yet.
DT4,stage_0_full_universe,0,0,0,False,False,False,False,False,NO_OFFICIAL_EVIDENCE_NEEDED_YET,False,Keep using cheap/provisional data; no official document collection yet.
DTA,stage_0_full_universe,0,0,0,False,False,False,False,False,NO_OFFICIAL_EVIDENCE_NEEDED_YET,False,Keep using cheap/provisional data; no official document collection yet.
DTB,stage_0_full_universe,0,0,0,False,False,False,False,False,NO_OFFICIAL_EVIDENCE_NEEDED_YET,False,Keep using cheap/provisional data; no official document collection yet.
DTC,stage_0_full_universe,0,0,0,False,False,False,False,False,NO_OFFICIAL_EVIDENCE_NEEDED_YET,False,Keep using cheap/provisional data; no official document collection yet.
DTD,stage_0_full_universe,0,0,0,False,False,False,False,False,NO_OFFICIAL_EVIDENCE_NEEDED_YET,False,Keep using cheap/provisional data; no official document collection yet.
DTE,stage_0_full_universe,0,0,0,False,False,False,False,False,NO_OFFICIAL_EVIDENCE_NEEDED_YET,False,Keep using cheap/provisional data; no official document collection yet.
DTG,stage_0_full_universe,0,0,0,False,False,False,False,False,NO_OFFICIAL_EVIDENCE_NEEDED_YET,False,Keep using cheap/provisional data; no official document collection yet.
DTH,stage_0_full_universe,0,0,0,False,False,False,False,False,NO_OFFICIAL_EVIDENCE_NEEDED_YET,False,Keep using cheap/provisional data; no official document collection yet.
DTI,stage_0_full_universe,0,0,0,False,False,False,False,False,NO_OFFICIAL_EVIDENCE_NEEDED_YET,False,Keep using cheap/provisional data; no official document collection yet.
DTK,stage_0_full_universe,0,0,0,False,False,False,False,False,NO_OFFICIAL_EVIDENCE_NEEDED_YET,False,Keep using cheap/provisional data; no official document collection yet.
DTL,stage_0_full_universe,0,0,0,False,False,False,False,False,NO_OFFICIAL_EVIDENCE_NEEDED_YET,False,Keep using cheap/provisional data; no official document collection yet.
DTP,stage_0_full_universe,0,0,0,False,False,False,False,False,NO_OFFICIAL_EVIDENCE_NEEDED_YET,False,Keep using cheap/provisional data; no official document collection yet.
DTT,stage_0_full_universe,0,0,0,False,False,False,False,False,NO_OFFICIAL_EVIDENCE_NEEDED_YET,False,Keep using cheap/provisional data; no official document collection yet.
DTV,stage_0_full_universe,0,0,0,False,False,False,False,False,NO_OFFICIAL_EVIDENCE_NEEDED_YET,False,Keep using cheap/provisional data; no official document collection yet.
DUS,stage_0_full_universe,0,0,0,False,False,False,False,False,NO_OFFICIAL_EVIDENCE_NEEDED_YET,False,Keep using cheap/provisional data; no official document collection yet.
DVC,stage_0_full_universe,0,0,0,False,False,False,False,False,NO_OFFICIAL_EVIDENCE_NEEDED_YET,False,Keep using cheap/provisional data; no official document collection yet.
DVG,stage_0_full_universe,0,0,0,False,False,False,False,False,NO_OFFICIAL_EVIDENCE_NEEDED_YET,False,Keep using cheap/provisional data; no official document collection yet.
DVM,stage_0_full_universe,0,0,0,False,False,False,False,False,NO_OFFICIAL_EVIDENCE_NEEDED_YET,False,Keep using cheap/provisional data; no official document collection yet.
DVN,stage_0_full_universe,0,0,0,False,False,False,False,False,NO_OFFICIAL_EVIDENCE_NEEDED_YET,False,Keep using cheap/provisional data; no official document collection yet.
DVP,stage_0_full_universe,0,0,0,False,False,False,False,False,NO_OFFICIAL_EVIDENCE_NEEDED_YET,False,Keep using cheap/provisional data; no official document collection yet.
DVT,stage_0_full_universe,0,0,0,False,False,False,False,False,NO_OFFICIAL_EVIDENCE_NEEDED_YET,False,Keep using cheap/provisional data; no official document collection yet.
DVW,stage_0_full_universe,0,0,0,False,False,False,False,False,NO_OFFICIAL_EVIDENCE_NEEDED_YET,False,Keep using cheap/provisional data; no official document collection yet.
DWC,stage_0_full_universe,0,0,0,False,False,False,False,False,NO_OFFICIAL_EVIDENCE_NEEDED_YET,False,Keep using cheap/provisional data; no official document collection yet.
DWS,stage_0_full_universe,0,0,0,False,False,False,False,False,NO_OFFICIAL_EVIDENCE_NEEDED_YET,False,Keep using cheap/provisional data; no official document collection yet.
DX2,stage_0_full_universe,0,0,0,False,False,False,False,False,NO_OFFICIAL_EVIDENCE_NEEDED_YET,False,Keep using cheap/provisional data; no official document collection yet.
DXG,stage_0_full_universe,0,0,0,False,False,False,False,False,NO_OFFICIAL_EVIDENCE_NEEDED_YET,False,Keep using cheap/provisional data; no official document collection yet.
DXL,stage_0_full_universe,0,0,0,False,False,False,False,False,NO_OFFICIAL_EVIDENCE_NEEDED_YET,False,Keep using cheap/provisional data; no official document collection yet.
DXP,stage_0_full_universe,0,0,0,False,False,False,False,False,NO_OFFICIAL_EVIDENCE_NEEDED_YET,False,Keep using cheap/provisional data; no official document collection yet.
DXS,stage_0_full_universe,0,0,0,False,False,False,False,False,NO_OFFICIAL_EVIDENCE_NEEDED_YET,False,Keep using cheap/provisional data; no official document collection yet.
DXV,stage_0_full_universe,0,0,0,False,False,False,False,False,NO_OFFICIAL_EVIDENCE_NEEDED_YET,False,Keep using cheap/provisional data; no official document collection yet.
DZM,stage_0_full_universe,0,0,0,False,False,False,False,False,NO_OFFICIAL_EVIDENCE_NEEDED_YET,False,Keep using cheap/provisional data; no official document collection yet.
E12,stage_0_full_universe,0,0,0,False,False,False,False,False,NO_OFFICIAL_EVIDENCE_NEEDED_YET,False,Keep using cheap/provisional data; no official document collection yet.
E29,stage_0_full_universe,0,0,0,False,False,False,False,False,NO_OFFICIAL_EVIDENCE_NEEDED_YET,False,Keep using cheap/provisional data; no official document collection yet.
EAD,stage_0_full_universe,0,0,0,False,False,False,False,False,NO_OFFICIAL_EVIDENCE_NEEDED_YET,False,Keep using cheap/provisional data; no official document collection yet.
EBS,stage_0_full_universe,0,0,0,False,False,False,False,False,NO_OFFICIAL_EVIDENCE_NEEDED_YET,False,Keep using cheap/provisional data; no official document collection yet.
ECI,stage_0_full_universe,0,0,0,False,False,False,False,False,NO_OFFICIAL_EVIDENCE_NEEDED_YET,False,Keep using cheap/provisional data; no official document collection yet.
ECO,stage_0_full_universe,0,0,0,False,False,False,False,False,NO_OFFICIAL_EVIDENCE_NEEDED_YET,False,Keep using cheap/provisional data; no official document collection yet.
EFI,stage_0_full_universe,0,0,0,False,False,False,False,False,NO_OFFICIAL_EVIDENCE_NEEDED_YET,False,Keep using cheap/provisional data; no official document collection yet.
EGL,stage_0_full_universe,0,0,0,False,False,False,False,False,NO_OFFICIAL_EVIDENCE_NEEDED_YET,False,Keep using cheap/provisional data; no official document collection yet.
EIB,stage_0_full_universe,0,0,0,False,False,False,False,False,NO_OFFICIAL_EVIDENCE_NEEDED_YET,False,Keep using cheap/provisional data; no official document collection yet.
EIC,stage_0_full_universe,0,0,0,False,False,False,False,False,NO_OFFICIAL_EVIDENCE_NEEDED_YET,False,Keep using cheap/provisional data; no official document collection yet.
EID,stage_0_full_universe,0,0,0,False,False,False,False,False,NO_OFFICIAL_EVIDENCE_NEEDED_YET,False,Keep using cheap/provisional data; no official document collection yet.
EIN,stage_0_full_universe,0,0,0,False,False,False,False,False,NO_OFFICIAL_EVIDENCE_NEEDED_YET,False,Keep using cheap/provisional data; no official document collection yet.
ELC,stage_0_full_universe,0,0,0,False,False,False,False,False,NO_OFFICIAL_EVIDENCE_NEEDED_YET,False,Keep using cheap/provisional data; no official document collection yet.
EMC,stage_0_full_universe,0,0,0,False,False,False,False,False,NO_OFFICIAL_EVIDENCE_NEEDED_YET,False,Keep using cheap/provisional data; no official document collection yet.
EME,stage_0_full_universe,0,0,0,False,False,False,False,False,NO_OFFICIAL_EVIDENCE_NEEDED_YET,False,Keep using cheap/provisional data; no official document collection yet.
EMG,stage_0_full_universe,0,0,0,False,False,False,False,False,NO_OFFICIAL_EVIDENCE_NEEDED_YET,False,Keep using cheap/provisional data; no official document collection yet.
EMS,stage_0_full_universe,0,0,0,False,False,False,False,False,NO_OFFICIAL_EVIDENCE_NEEDED_YET,False,Keep using cheap/provisional data; no official document collection yet.
EPC,stage_0_full_universe,0,0,0,False,False,False,False,False,NO_OFFICIAL_EVIDENCE_NEEDED_YET,False,Keep using cheap/provisional data; no official document collection yet.
EPH,stage_0_full_universe,0,0,0,False,False,False,False,False,NO_OFFICIAL_EVIDENCE_NEEDED_YET,False,Keep using cheap/provisional data; no official document collection yet.
EVE,stage_0_full_universe,0,0,0,False,False,False,False,False,NO_OFFICIAL_EVIDENCE_NEEDED_YET,False,Keep using cheap/provisional data; no official document collection yet.
EVF,stage_0_full_universe,0,0,0,False,False,False,False,False,NO_OFFICIAL_EVIDENCE_NEEDED_YET,False,Keep using cheap/provisional data; no official document collection yet.
EVG,stage_0_full_universe,0,0,0,False,False,False,False,False,NO_OFFICIAL_EVIDENCE_NEEDED_YET,False,Keep using cheap/provisional data; no official document collection yet.
EVS,stage_0_full_universe,0,0,0,False,False,False,False,False,NO_OFFICIAL_EVIDENCE_NEEDED_YET,False,Keep using cheap/provisional data; no official document collection yet.
F88,stage_0_full_universe,0,0,0,False,False,False,False,False,NO_OFFICIAL_EVIDENCE_NEEDED_YET,False,Keep using cheap/provisional data; no official document collection yet.
FBA,stage_0_full_universe,0,0,0,False,False,False,False,False,NO_OFFICIAL_EVIDENCE_NEEDED_YET,False,Keep using cheap/provisional data; no official document collection yet.
FBC,stage_0_full_universe,0,0,0,False,False,False,False,False,NO_OFFICIAL_EVIDENCE_NEEDED_YET,False,Keep using cheap/provisional data; no official document collection yet.
FCC,stage_0_full_universe,0,0,0,False,False,False,False,False,NO_OFFICIAL_EVIDENCE_NEEDED_YET,False,Keep using cheap/provisional data; no official document collection yet.
FCM,stage_0_full_universe,0,0,0,False,False,False,False,False,NO_OFFICIAL_EVIDENCE_NEEDED_YET,False,Keep using cheap/provisional data; no official document collection yet.
FCN,stage_0_full_universe,0,0,0,False,False,False,False,False,NO_OFFICIAL_EVIDENCE_NEEDED_YET,False,Keep using cheap/provisional data; no official document collection yet.
FCS,stage_0_full_universe,0,0,0,False,False,False,False,False,NO_OFFICIAL_EVIDENCE_NEEDED_YET,False,Keep using cheap/provisional data; no official document collection yet.
FDC,stage_0_full_universe,0,0,0,False,False,False,False,False,NO_OFFICIAL_EVIDENCE_NEEDED_YET,False,Keep using cheap/provisional data; no official document collection yet.
FDG,stage_0_full_universe,0,0,0,False,False,False,False,False,NO_OFFICIAL_EVIDENCE_NEEDED_YET,False,Keep using cheap/provisional data; no official document collection yet.
FGL,stage_0_full_universe,0,0,0,False,False,False,False,False,NO_OFFICIAL_EVIDENCE_NEEDED_YET,False,Keep using cheap/provisional data; no official document collection yet.
FHN,stage_0_full_universe,0,0,0,False,False,False,False,False,NO_OFFICIAL_EVIDENCE_NEEDED_YET,False,Keep using cheap/provisional data; no official document collection yet.
FHS,stage_0_full_universe,0,0,0,False,False,False,False,False,NO_OFFICIAL_EVIDENCE_NEEDED_YET,False,Keep using cheap/provisional data; no official document collection yet.
FIC,stage_0_full_universe,0,0,0,False,False,False,False,False,NO_OFFICIAL_EVIDENCE_NEEDED_YET,False,Keep using cheap/provisional data; no official document collection yet.
FID,stage_0_full_universe,0,0,0,False,False,False,False,False,NO_OFFICIAL_EVIDENCE_NEEDED_YET,False,Keep using cheap/provisional data; no official document collection yet.
FIR,stage_0_full_universe,0,0,0,False,False,False,False,False,NO_OFFICIAL_EVIDENCE_NEEDED_YET,False,Keep using cheap/provisional data; no official document collection yet.
FIT,stage_0_full_universe,0,0,0,False,False,False,False,False,NO_OFFICIAL_EVIDENCE_NEEDED_YET,False,Keep using cheap/provisional data; no official document collection yet.
FLC,stage_0_full_universe,0,0,0,False,False,False,False,False,NO_OFFICIAL_EVIDENCE_NEEDED_YET,False,Keep using cheap/provisional data; no official document collection yet.
FMC,stage_0_full_universe,0,0,0,False,False,False,False,False,NO_OFFICIAL_EVIDENCE_NEEDED_YET,False,Keep using cheap/provisional data; no official document collection yet.
FOC,stage_0_full_universe,0,0,0,False,False,False,False,False,NO_OFFICIAL_EVIDENCE_NEEDED_YET,False,Keep using cheap/provisional data; no official document collection yet.
FOX,stage_0_full_universe,0,0,0,False,False,False,False,False,NO_OFFICIAL_EVIDENCE_NEEDED_YET,False,Keep using cheap/provisional data; no official document collection yet.
FPT,stage_0_full_universe,0,0,0,True,False,True,False,False,NO_OFFICIAL_EVIDENCE_NEEDED_YET,False,Keep using cheap/provisional data; no official document collection yet.
FRC,stage_0_full_universe,0,0,0,False,False,False,False,False,NO_OFFICIAL_EVIDENCE_NEEDED_YET,False,Keep using cheap/provisional data; no official document collection yet.
FRM,stage_0_full_universe,0,0,0,False,False,False,False,False,NO_OFFICIAL_EVIDENCE_NEEDED_YET,False,Keep using cheap/provisional data; no official document collection yet.
FRT,stage_0_full_universe,0,0,0,False,False,False,False,False,NO_OFFICIAL_EVIDENCE_NEEDED_YET,False,Keep using cheap/provisional data; no official document collection yet.
FSO,stage_0_full_universe,0,0,0,False,False,False,False,False,NO_OFFICIAL_EVIDENCE_NEEDED_YET,False,Keep using cheap/provisional data; no official document collection yet.
FT1,stage_0_full_universe,0,0,0,False,False,False,False,False,NO_OFFICIAL_EVIDENCE_NEEDED_YET,False,Keep using cheap/provisional data; no official document collection yet.
FTI,stage_0_full_universe,0,0,0,False,False,False,False,False,NO_OFFICIAL_EVIDENCE_NEEDED_YET,False,Keep using cheap/provisional data; no official document collection yet.
FTM,stage_0_full_universe,0,0,0,False,False,False,False,False,NO_OFFICIAL_EVIDENCE_NEEDED_YET,False,Keep using cheap/provisional data; no official document collection yet.
FTS,stage_0_full_universe,0,0,0,False,False,False,False,False,NO_OFFICIAL_EVIDENCE_NEEDED_YET,False,Keep using cheap/provisional data; no official document collection yet.
G20,stage_0_full_universe,0,0,0,False,False,False,False,False,NO_OFFICIAL_EVIDENCE_NEEDED_YET,False,Keep using cheap/provisional data; no official document collection yet.
G36,stage_0_full_universe,0,0,0,False,False,False,False,False,NO_OFFICIAL_EVIDENCE_NEEDED_YET,False,Keep using cheap/provisional data; no official document collection yet.
GAB,stage_0_full_universe,0,0,0,False,False,False,False,False,NO_OFFICIAL_EVIDENCE_NEEDED_YET,False,Keep using cheap/provisional data; no official document collection yet.
GAS,stage_0_full_universe,0,0,0,False,False,False,False,False,NO_OFFICIAL_EVIDENCE_NEEDED_YET,False,Keep using cheap/provisional data; no official document collection yet.
GCB,stage_0_full_universe,0,0,0,False,False,False,False,False,NO_OFFICIAL_EVIDENCE_NEEDED_YET,False,Keep using cheap/provisional data; no official document collection yet.
GCF,stage_0_full_universe,0,0,0,False,False,False,False,False,NO_OFFICIAL_EVIDENCE_NEEDED_YET,False,Keep using cheap/provisional data; no official document collection yet.
GDA,stage_0_full_universe,0,0,0,False,False,False,False,False,NO_OFFICIAL_EVIDENCE_NEEDED_YET,False,Keep using cheap/provisional data; no official document collection yet.
GDH,stage_0_full_universe,0,0,0,False,False,False,False,False,NO_OFFICIAL_EVIDENCE_NEEDED_YET,False,Keep using cheap/provisional data; no official document collection yet.
GDT,stage_0_full_universe,0,0,0,False,False,False,False,False,NO_OFFICIAL_EVIDENCE_NEEDED_YET,False,Keep using cheap/provisional data; no official document collection yet.
GDW,stage_0_full_universe,0,0,0,False,False,False,False,False,NO_OFFICIAL_EVIDENCE_NEEDED_YET,False,Keep using cheap/provisional data; no official document collection yet.
GE2,stage_0_full_universe,0,0,0,False,False,False,False,False,NO_OFFICIAL_EVIDENCE_NEEDED_YET,False,Keep using cheap/provisional data; no official document collection yet.
GEE,stage_0_full_universe,0,0,0,False,False,False,False,False,NO_OFFICIAL_EVIDENCE_NEEDED_YET,False,Keep using cheap/provisional data; no official document collection yet.
GEG,stage_0_full_universe,0,0,0,False,False,False,False,False,NO_OFFICIAL_EVIDENCE_NEEDED_YET,False,Keep using cheap/provisional data; no official document collection yet.
GEL,stage_0_full_universe,0,0,0,False,False,False,False,False,NO_OFFICIAL_EVIDENCE_NEEDED_YET,False,Keep using cheap/provisional data; no official document collection yet.
GER,stage_0_full_universe,0,0,0,False,False,False,False,False,NO_OFFICIAL_EVIDENCE_NEEDED_YET,False,Keep using cheap/provisional data; no official document collection yet.
GEX,stage_0_full_universe,0,0,0,False,False,False,False,False,NO_OFFICIAL_EVIDENCE_NEEDED_YET,False,Keep using cheap/provisional data; no official document collection yet.
GGG,stage_0_full_universe,0,0,0,False,False,False,False,False,NO_OFFICIAL_EVIDENCE_NEEDED_YET,False,Keep using cheap/provisional data; no official document collection yet.
GH3,stage_0_full_universe,0,0,0,False,False,False,False,False,NO_OFFICIAL_EVIDENCE_NEEDED_YET,False,Keep using cheap/provisional data; no official document collection yet.
GHC,stage_0_full_universe,0,0,0,False,False,False,False,False,NO_OFFICIAL_EVIDENCE_NEEDED_YET,False,Keep using cheap/provisional data; no official document collection yet.
GIC,stage_0_full_universe,0,0,0,False,False,False,False,False,NO_OFFICIAL_EVIDENCE_NEEDED_YET,False,Keep using cheap/provisional data; no official document collection yet.
GIL,stage_0_full_universe,0,0,0,False,False,False,False,False,NO_OFFICIAL_EVIDENCE_NEEDED_YET,False,Keep using cheap/provisional data; no official document collection yet.
GKM,stage_0_full_universe,0,0,0,False,False,False,False,False,NO_OFFICIAL_EVIDENCE_NEEDED_YET,False,Keep using cheap/provisional data; no official document collection yet.
GLC,stage_0_full_universe,0,0,0,False,False,False,False,False,NO_OFFICIAL_EVIDENCE_NEEDED_YET,False,Keep using cheap/provisional data; no official document collection yet.
GLT,stage_0_full_universe,0,0,0,False,False,False,False,False,NO_OFFICIAL_EVIDENCE_NEEDED_YET,False,Keep using cheap/provisional data; no official document collection yet.
GLW,stage_0_full_universe,0,0,0,False,False,False,False,False,NO_OFFICIAL_EVIDENCE_NEEDED_YET,False,Keep using cheap/provisional data; no official document collection yet.
GMA,stage_0_full_universe,0,0,0,False,False,False,False,False,NO_OFFICIAL_EVIDENCE_NEEDED_YET,False,Keep using cheap/provisional data; no official document collection yet.
GMC,stage_0_full_universe,0,0,0,False,False,False,False,False,NO_OFFICIAL_EVIDENCE_NEEDED_YET,False,Keep using cheap/provisional data; no official document collection yet.
GMD,stage_0_full_universe,0,0,0,True,True,False,True,False,NO_OFFICIAL_EVIDENCE_NEEDED_YET,False,Keep using cheap/provisional data; no official document collection yet.
GMH,stage_0_full_universe,0,0,0,False,False,False,False,False,NO_OFFICIAL_EVIDENCE_NEEDED_YET,False,Keep using cheap/provisional data; no official document collection yet.
GMX,stage_0_full_universe,0,0,0,False,False,False,False,False,NO_OFFICIAL_EVIDENCE_NEEDED_YET,False,Keep using cheap/provisional data; no official document collection yet.
GND,stage_0_full_universe,0,0,0,False,False,False,False,False,NO_OFFICIAL_EVIDENCE_NEEDED_YET,False,Keep using cheap/provisional data; no official document collection yet.
GPC,stage_0_full_universe,0,0,0,False,False,False,False,False,NO_OFFICIAL_EVIDENCE_NEEDED_YET,False,Keep using cheap/provisional data; no official document collection yet.
GQN,stage_0_full_universe,0,0,0,False,False,False,False,False,NO_OFFICIAL_EVIDENCE_NEEDED_YET,False,Keep using cheap/provisional data; no official document collection yet.
GSM,stage_0_full_universe,0,0,0,False,False,False,False,False,NO_OFFICIAL_EVIDENCE_NEEDED_YET,False,Keep using cheap/provisional data; no official document collection yet.
GSP,stage_0_full_universe,0,0,0,False,False,False,False,False,NO_OFFICIAL_EVIDENCE_NEEDED_YET,False,Keep using cheap/provisional data; no official document collection yet.
GTA,stage_0_full_universe,0,0,0,False,False,False,False,False,NO_OFFICIAL_EVIDENCE_NEEDED_YET,False,Keep using cheap/provisional data; no official document collection yet.
GTD,stage_0_full_universe,0,0,0,False,False,False,False,False,NO_OFFICIAL_EVIDENCE_NEEDED_YET,False,Keep using cheap/provisional data; no official document collection yet.
GTH,stage_0_full_universe,0,0,0,False,False,False,False,False,NO_OFFICIAL_EVIDENCE_NEEDED_YET,False,Keep using cheap/provisional data; no official document collection yet.
GTK,stage_0_full_universe,0,0,0,False,False,False,False,False,NO_OFFICIAL_EVIDENCE_NEEDED_YET,False,Keep using cheap/provisional data; no official document collection yet.
GTS,stage_0_full_universe,0,0,0,False,False,False,False,False,NO_OFFICIAL_EVIDENCE_NEEDED_YET,False,Keep using cheap/provisional data; no official document collection yet.
GTT,stage_0_full_universe,0,0,0,False,False,False,False,False,NO_OFFICIAL_EVIDENCE_NEEDED_YET,False,Keep using cheap/provisional data; no official document collection yet.
GVR,stage_0_full_universe,0,0,0,False,False,False,False,False,NO_OFFICIAL_EVIDENCE_NEEDED_YET,False,Keep using cheap/provisional data; no official document collection yet.
GVT,stage_0_full_universe,0,0,0,False,False,False,False,False,NO_OFFICIAL_EVIDENCE_NEEDED_YET,False,Keep using cheap/provisional data; no official document collection yet.
H11,stage_0_full_universe,0,0,0,False,False,False,False,False,NO_OFFICIAL_EVIDENCE_NEEDED_YET,False,Keep using cheap/provisional data; no official document collection yet.
HAB,stage_0_full_universe,0,0,0,False,False,False,False,False,NO_OFFICIAL_EVIDENCE_NEEDED_YET,False,Keep using cheap/provisional data; no official document collection yet.
HAC,stage_0_full_universe,0,0,0,False,False,False,False,False,NO_OFFICIAL_EVIDENCE_NEEDED_YET,False,Keep using cheap/provisional data; no official document collection yet.
HAD,stage_0_full_universe,0,0,0,False,False,False,False,False,NO_OFFICIAL_EVIDENCE_NEEDED_YET,False,Keep using cheap/provisional data; no official document collection yet.
HAF,stage_0_full_universe,0,0,0,False,False,False,False,False,NO_OFFICIAL_EVIDENCE_NEEDED_YET,False,Keep using cheap/provisional data; no official document collection yet.
HAG,stage_0_full_universe,0,0,0,False,False,False,False,False,NO_OFFICIAL_EVIDENCE_NEEDED_YET,False,Keep using cheap/provisional data; no official document collection yet.
HAH,stage_0_full_universe,0,0,0,False,False,False,False,False,NO_OFFICIAL_EVIDENCE_NEEDED_YET,False,Keep using cheap/provisional data; no official document collection yet.
HAI,stage_0_full_universe,0,0,0,False,False,False,False,False,NO_OFFICIAL_EVIDENCE_NEEDED_YET,False,Keep using cheap/provisional data; no official document collection yet.
HAM,stage_0_full_universe,0,0,0,False,False,False,False,False,NO_OFFICIAL_EVIDENCE_NEEDED_YET,False,Keep using cheap/provisional data; no official document collection yet.
HAN,stage_0_full_universe,0,0,0,False,False,False,False,False,NO_OFFICIAL_EVIDENCE_NEEDED_YET,False,Keep using cheap/provisional data; no official document collection yet.
HAP,stage_0_full_universe,0,0,0,False,False,False,False,False,NO_OFFICIAL_EVIDENCE_NEEDED_YET,False,Keep using cheap/provisional data; no official document collection yet.
HAR,stage_0_full_universe,0,0,0,False,False,False,False,False,NO_OFFICIAL_EVIDENCE_NEEDED_YET,False,Keep using cheap/provisional data; no official document collection yet.
HAS,stage_0_full_universe,0,0,0,False,False,False,False,False,NO_OFFICIAL_EVIDENCE_NEEDED_YET,False,Keep using cheap/provisional data; no official document collection yet.
HAT,stage_0_full_universe,0,0,0,False,False,False,False,False,NO_OFFICIAL_EVIDENCE_NEEDED_YET,False,Keep using cheap/provisional data; no official document collection yet.
HAV,stage_0_full_universe,0,0,0,False,False,False,False,False,NO_OFFICIAL_EVIDENCE_NEEDED_YET,False,Keep using cheap/provisional data; no official document collection yet.
HAW,stage_0_full_universe,0,0,0,False,False,False,False,False,NO_OFFICIAL_EVIDENCE_NEEDED_YET,False,Keep using cheap/provisional data; no official document collection yet.
HAX,stage_0_full_universe,0,0,0,False,False,False,False,False,NO_OFFICIAL_EVIDENCE_NEEDED_YET,False,Keep using cheap/provisional data; no official document collection yet.
HBC,stage_0_full_universe,0,0,0,False,False,False,False,False,NO_OFFICIAL_EVIDENCE_NEEDED_YET,False,Keep using cheap/provisional data; no official document collection yet.
HBD,stage_0_full_universe,0,0,0,False,False,False,False,False,NO_OFFICIAL_EVIDENCE_NEEDED_YET,False,Keep using cheap/provisional data; no official document collection yet.
HBH,stage_0_full_universe,0,0,0,False,False,False,False,False,NO_OFFICIAL_EVIDENCE_NEEDED_YET,False,Keep using cheap/provisional data; no official document collection yet.
HBS,stage_0_full_universe,0,0,0,False,False,False,False,False,NO_OFFICIAL_EVIDENCE_NEEDED_YET,False,Keep using cheap/provisional data; no official document collection yet.
HC1,stage_0_full_universe,0,0,0,False,False,False,False,False,NO_OFFICIAL_EVIDENCE_NEEDED_YET,False,Keep using cheap/provisional data; no official document collection yet.
HC3,stage_0_full_universe,0,0,0,False,False,False,False,False,NO_OFFICIAL_EVIDENCE_NEEDED_YET,False,Keep using cheap/provisional data; no official document collection yet.
HCB,stage_0_full_universe,0,0,0,False,False,False,False,False,NO_OFFICIAL_EVIDENCE_NEEDED_YET,False,Keep using cheap/provisional data; no official document collection yet.
HCC,stage_0_full_universe,0,0,0,False,False,False,False,False,NO_OFFICIAL_EVIDENCE_NEEDED_YET,False,Keep using cheap/provisional data; no official document collection yet.
HCD,stage_0_full_universe,0,0,0,False,False,False,False,False,NO_OFFICIAL_EVIDENCE_NEEDED_YET,False,Keep using cheap/provisional data; no official document collection yet.
HCI,stage_0_full_universe,0,0,0,False,False,False,False,False,NO_OFFICIAL_EVIDENCE_NEEDED_YET,False,Keep using cheap/provisional data; no official document collection yet.
HCM,stage_0_full_universe,0,0,0,False,False,False,False,False,NO_OFFICIAL_EVIDENCE_NEEDED_YET,False,Keep using cheap/provisional data; no official document collection yet.
HCT,stage_0_full_universe,0,0,0,False,False,False,False,False,NO_OFFICIAL_EVIDENCE_NEEDED_YET,False,Keep using cheap/provisional data; no official document collection yet.
HD2,stage_0_full_universe,0,0,0,False,False,False,False,False,NO_OFFICIAL_EVIDENCE_NEEDED_YET,False,Keep using cheap/provisional data; no official document collection yet.
HD6,stage_0_full_universe,0,0,0,False,False,False,False,False,NO_OFFICIAL_EVIDENCE_NEEDED_YET,False,Keep using cheap/provisional data; no official document collection yet.
HD8,stage_0_full_universe,0,0,0,False,False,False,False,False,NO_OFFICIAL_EVIDENCE_NEEDED_YET,False,Keep using cheap/provisional data; no official document collection yet.
HDA,stage_0_full_universe,0,0,0,False,False,False,False,False,NO_OFFICIAL_EVIDENCE_NEEDED_YET,False,Keep using cheap/provisional data; no official document collection yet.
HDB,stage_0_full_universe,0,0,0,False,False,False,False,False,NO_OFFICIAL_EVIDENCE_NEEDED_YET,False,Keep using cheap/provisional data; no official document collection yet.
HDC,stage_0_full_universe,0,0,0,False,False,False,False,False,NO_OFFICIAL_EVIDENCE_NEEDED_YET,False,Keep using cheap/provisional data; no official document collection yet.
HDG,stage_0_full_universe,0,0,0,False,False,False,False,False,NO_OFFICIAL_EVIDENCE_NEEDED_YET,False,Keep using cheap/provisional data; no official document collection yet.
HDM,stage_0_full_universe,0,0,0,False,False,False,False,False,NO_OFFICIAL_EVIDENCE_NEEDED_YET,False,Keep using cheap/provisional data; no official document collection yet.
HDO,stage_0_full_universe,0,0,0,False,False,False,False,False,NO_OFFICIAL_EVIDENCE_NEEDED_YET,False,Keep using cheap/provisional data; no official document collection yet.
HDP,stage_0_full_universe,0,0,0,False,False,False,False,False,NO_OFFICIAL_EVIDENCE_NEEDED_YET,False,Keep using cheap/provisional data; no official document collection yet.
HDS,stage_0_full_universe,0,0,0,False,False,False,False,False,NO_OFFICIAL_EVIDENCE_NEEDED_YET,False,Keep using cheap/provisional data; no official document collection yet.
HDW,stage_0_full_universe,0,0,0,False,False,False,False,False,NO_OFFICIAL_EVIDENCE_NEEDED_YET,False,Keep using cheap/provisional data; no official document collection yet.
HEC,stage_0_full_universe,0,0,0,False,False,False,False,False,NO_OFFICIAL_EVIDENCE_NEEDED_YET,False,Keep using cheap/provisional data; no official document collection yet.
HEJ,stage_0_full_universe,0,0,0,False,False,False,False,False,NO_OFFICIAL_EVIDENCE_NEEDED_YET,False,Keep using cheap/provisional data; no official document collection yet.
HEM,stage_0_full_universe,0,0,0,False,False,False,False,False,NO_OFFICIAL_EVIDENCE_NEEDED_YET,False,Keep using cheap/provisional data; no official document collection yet.
HEP,stage_0_full_universe,0,0,0,False,False,False,False,False,NO_OFFICIAL_EVIDENCE_NEEDED_YET,False,Keep using cheap/provisional data; no official document collection yet.
HES,stage_0_full_universe,0,0,0,False,False,False,False,False,NO_OFFICIAL_EVIDENCE_NEEDED_YET,False,Keep using cheap/provisional data; no official document collection yet.
HEV,stage_0_full_universe,0,0,0,False,False,False,False,False,NO_OFFICIAL_EVIDENCE_NEEDED_YET,False,Keep using cheap/provisional data; no official document collection yet.
HFB,stage_0_full_universe,0,0,0,False,False,False,False,False,NO_OFFICIAL_EVIDENCE_NEEDED_YET,False,Keep using cheap/provisional data; no official document collection yet.
HFC,stage_0_full_universe,0,0,0,False,False,False,False,False,NO_OFFICIAL_EVIDENCE_NEEDED_YET,False,Keep using cheap/provisional data; no official document collection yet.
HFX,stage_0_full_universe,0,0,0,False,False,False,False,False,NO_OFFICIAL_EVIDENCE_NEEDED_YET,False,Keep using cheap/provisional data; no official document collection yet.
HGA,stage_0_full_universe,0,0,0,False,False,False,False,False,NO_OFFICIAL_EVIDENCE_NEEDED_YET,False,Keep using cheap/provisional data; no official document collection yet.
HGC,stage_0_full_universe,0,0,0,False,False,False,False,False,NO_OFFICIAL_EVIDENCE_NEEDED_YET,False,Keep using cheap/provisional data; no official document collection yet.
HGM,stage_0_full_universe,0,0,0,False,False,False,False,False,NO_OFFICIAL_EVIDENCE_NEEDED_YET,False,Keep using cheap/provisional data; no official document collection yet.
HGR,stage_0_full_universe,0,0,0,False,False,False,False,False,NO_OFFICIAL_EVIDENCE_NEEDED_YET,False,Keep using cheap/provisional data; no official document collection yet.
HGT,stage_0_full_universe,0,0,0,False,False,False,False,False,NO_OFFICIAL_EVIDENCE_NEEDED_YET,False,Keep using cheap/provisional data; no official document collection yet.
HGW,stage_0_full_universe,0,0,0,False,False,False,False,False,NO_OFFICIAL_EVIDENCE_NEEDED_YET,False,Keep using cheap/provisional data; no official document collection yet.
HHB,stage_0_full_universe,0,0,0,False,False,False,False,False,NO_OFFICIAL_EVIDENCE_NEEDED_YET,False,Keep using cheap/provisional data; no official document collection yet.
HHC,stage_0_full_universe,0,0,0,False,False,False,False,False,NO_OFFICIAL_EVIDENCE_NEEDED_YET,False,Keep using cheap/provisional data; no official document collection yet.
HHG,stage_0_full_universe,0,0,0,False,False,False,False,False,NO_OFFICIAL_EVIDENCE_NEEDED_YET,False,Keep using cheap/provisional data; no official document collection yet.
HHN,stage_0_full_universe,0,0,0,False,False,False,False,False,NO_OFFICIAL_EVIDENCE_NEEDED_YET,False,Keep using cheap/provisional data; no official document collection yet.
HHP,stage_0_full_universe,0,0,0,False,False,False,False,False,NO_OFFICIAL_EVIDENCE_NEEDED_YET,False,Keep using cheap/provisional data; no official document collection yet.
HHR,stage_0_full_universe,0,0,0,False,False,False,False,False,NO_OFFICIAL_EVIDENCE_NEEDED_YET,False,Keep using cheap/provisional data; no official document collection yet.
HHS,stage_0_full_universe,0,0,0,False,False,False,False,False,NO_OFFICIAL_EVIDENCE_NEEDED_YET,False,Keep using cheap/provisional data; no official document collection yet.
HHV,stage_0_full_universe,0,0,0,False,False,False,False,False,NO_OFFICIAL_EVIDENCE_NEEDED_YET,False,Keep using cheap/provisional data; no official document collection yet.
HID,stage_0_full_universe,0,0,0,False,False,False,False,False,NO_OFFICIAL_EVIDENCE_NEEDED_YET,False,Keep using cheap/provisional data; no official document collection yet.
HIG,stage_0_full_universe,0,0,0,False,False,False,False,False,NO_OFFICIAL_EVIDENCE_NEEDED_YET,False,Keep using cheap/provisional data; no official document collection yet.
HII,stage_0_full_universe,0,0,0,False,False,False,False,False,NO_OFFICIAL_EVIDENCE_NEEDED_YET,False,Keep using cheap/provisional data; no official document collection yet.
HIO,stage_0_full_universe,0,0,0,False,False,False,False,False,NO_OFFICIAL_EVIDENCE_NEEDED_YET,False,Keep using cheap/provisional data; no official document collection yet.
HJC,stage_0_full_universe,0,0,0,False,False,False,False,False,NO_OFFICIAL_EVIDENCE_NEEDED_YET,False,Keep using cheap/provisional data; no official document collection yet.
HJS,stage_0_full_universe,0,0,0,False,False,False,False,False,NO_OFFICIAL_EVIDENCE_NEEDED_YET,False,Keep using cheap/provisional data; no official document collection yet.
HKB,stage_0_full_universe,0,0,0,False,False,False,False,False,NO_OFFICIAL_EVIDENCE_NEEDED_YET,False,Keep using cheap/provisional data; no official document collection yet.
HKP,stage_0_full_universe,0,0,0,False,False,False,False,False,NO_OFFICIAL_EVIDENCE_NEEDED_YET,False,Keep using cheap/provisional data; no official document collection yet.
HKT,stage_0_full_universe,0,0,0,False,False,False,False,False,NO_OFFICIAL_EVIDENCE_NEEDED_YET,False,Keep using cheap/provisional data; no official document collection yet.
HLA,stage_0_full_universe,0,0,0,False,False,False,False,False,NO_OFFICIAL_EVIDENCE_NEEDED_YET,False,Keep using cheap/provisional data; no official document collection yet.
HLB,stage_0_full_universe,0,0,0,False,False,False,False,False,NO_OFFICIAL_EVIDENCE_NEEDED_YET,False,Keep using cheap/provisional data; no official document collection yet.
HLC,stage_0_full_universe,0,0,0,False,False,False,False,False,NO_OFFICIAL_EVIDENCE_NEEDED_YET,False,Keep using cheap/provisional data; no official document collection yet.
HLD,stage_0_full_universe,0,0,0,False,False,False,False,False,NO_OFFICIAL_EVIDENCE_NEEDED_YET,False,Keep using cheap/provisional data; no official document collection yet.
HLE,stage_0_full_universe,0,0,0,False,False,False,False,False,NO_OFFICIAL_EVIDENCE_NEEDED_YET,False,Keep using cheap/provisional data; no official document collection yet.
HLG,stage_0_full_universe,0,0,0,False,False,False,False,False,NO_OFFICIAL_EVIDENCE_NEEDED_YET,False,Keep using cheap/provisional data; no official document collection yet.
HLO,stage_0_full_universe,0,0,0,False,False,False,False,False,NO_OFFICIAL_EVIDENCE_NEEDED_YET,False,Keep using cheap/provisional data; no official document collection yet.
HLR,stage_0_full_universe,0,0,0,False,False,False,False,False,NO_OFFICIAL_EVIDENCE_NEEDED_YET,False,Keep using cheap/provisional data; no official document collection yet.
HLS,stage_0_full_universe,0,0,0,False,False,False,False,False,NO_OFFICIAL_EVIDENCE_NEEDED_YET,False,Keep using cheap/provisional data; no official document collection yet.
HLT,stage_0_full_universe,0,0,0,False,False,False,False,False,NO_OFFICIAL_EVIDENCE_NEEDED_YET,False,Keep using cheap/provisional data; no official document collection yet.
HLY,stage_0_full_universe,0,0,0,False,False,False,False,False,NO_OFFICIAL_EVIDENCE_NEEDED_YET,False,Keep using cheap/provisional data; no official document collection yet.
HMC,stage_0_full_universe,0,0,0,False,False,False,False,False,NO_OFFICIAL_EVIDENCE_NEEDED_YET,False,Keep using cheap/provisional data; no official document collection yet.
HMD,stage_0_full_universe,0,0,0,False,False,False,False,False,NO_OFFICIAL_EVIDENCE_NEEDED_YET,False,Keep using cheap/provisional data; no official document collection yet.
HMG,stage_0_full_universe,0,0,0,False,False,False,False,False,NO_OFFICIAL_EVIDENCE_NEEDED_YET,False,Keep using cheap/provisional data; no official document collection yet.
HMH,stage_0_full_universe,0,0,0,False,False,False,False,False,NO_OFFICIAL_EVIDENCE_NEEDED_YET,False,Keep using cheap/provisional data; no official document collection yet.
HMR,stage_0_full_universe,0,0,0,False,False,False,False,False,NO_OFFICIAL_EVIDENCE_NEEDED_YET,False,Keep using cheap/provisional data; no official document collection yet.
HMS,stage_0_full_universe,0,0,0,False,False,False,False,False,NO_OFFICIAL_EVIDENCE_NEEDED_YET,False,Keep using cheap/provisional data; no official document collection yet.
HNA,stage_0_full_universe,0,0,0,False,False,False,False,False,NO_OFFICIAL_EVIDENCE_NEEDED_YET,False,Keep using cheap/provisional data; no official document collection yet.
HNB,stage_0_full_universe,0,0,0,False,False,False,False,False,NO_OFFICIAL_EVIDENCE_NEEDED_YET,False,Keep using cheap/provisional data; no official document collection yet.
HND,stage_0_full_universe,0,0,0,False,False,False,False,False,NO_OFFICIAL_EVIDENCE_NEEDED_YET,False,Keep using cheap/provisional data; no official document collection yet.
HNE,stage_0_full_universe,0,0,0,False,False,False,False,False,NO_OFFICIAL_EVIDENCE_NEEDED_YET,False,Keep using cheap/provisional data; no official document collection yet.
HNF,stage_0_full_universe,0,0,0,False,False,False,False,False,NO_OFFICIAL_EVIDENCE_NEEDED_YET,False,Keep using cheap/provisional data; no official document collection yet.
HNG,stage_0_full_universe,0,0,0,False,False,False,False,False,NO_OFFICIAL_EVIDENCE_NEEDED_YET,False,Keep using cheap/provisional data; no official document collection yet.
HNI,stage_0_full_universe,0,0,0,False,False,False,False,False,NO_OFFICIAL_EVIDENCE_NEEDED_YET,False,Keep using cheap/provisional data; no official document collection yet.
HNM,stage_0_full_universe,0,0,0,False,False,False,False,False,NO_OFFICIAL_EVIDENCE_NEEDED_YET,False,Keep using cheap/provisional data; no official document collection yet.
HNP,stage_0_full_universe,0,0,0,False,False,False,False,False,NO_OFFICIAL_EVIDENCE_NEEDED_YET,False,Keep using cheap/provisional data; no official document collection yet.
HNR,stage_0_full_universe,0,0,0,False,False,False,False,False,NO_OFFICIAL_EVIDENCE_NEEDED_YET,False,Keep using cheap/provisional data; no official document collection yet.
HNT,stage_0_full_universe,0,0,0,False,False,False,False,False,NO_OFFICIAL_EVIDENCE_NEEDED_YET,False,Keep using cheap/provisional data; no official document collection yet.
HOM,stage_0_full_universe,0,0,0,False,False,False,False,False,NO_OFFICIAL_EVIDENCE_NEEDED_YET,False,Keep using cheap/provisional data; no official document collection yet.
HOT,stage_0_full_universe,0,0,0,False,False,False,False,False,NO_OFFICIAL_EVIDENCE_NEEDED_YET,False,Keep using cheap/provisional data; no official document collection yet.
HPA,stage_0_full_universe,0,0,0,False,False,False,False,False,NO_OFFICIAL_EVIDENCE_NEEDED_YET,False,Keep using cheap/provisional data; no official document collection yet.
HPB,stage_0_full_universe,0,0,0,False,False,False,False,False,NO_OFFICIAL_EVIDENCE_NEEDED_YET,False,Keep using cheap/provisional data; no official document collection yet.
HPD,stage_0_full_universe,0,0,0,False,False,False,False,False,NO_OFFICIAL_EVIDENCE_NEEDED_YET,False,Keep using cheap/provisional data; no official document collection yet.
HPG,stage_0_full_universe,0,0,0,False,False,False,False,False,NO_OFFICIAL_EVIDENCE_NEEDED_YET,False,Keep using cheap/provisional data; no official document collection yet.
HPH,stage_0_full_universe,0,0,0,False,False,False,False,False,NO_OFFICIAL_EVIDENCE_NEEDED_YET,False,Keep using cheap/provisional data; no official document collection yet.
HPI,stage_0_full_universe,0,0,0,False,False,False,False,False,NO_OFFICIAL_EVIDENCE_NEEDED_YET,False,Keep using cheap/provisional data; no official document collection yet.
HPM,stage_0_full_universe,0,0,0,False,False,False,False,False,NO_OFFICIAL_EVIDENCE_NEEDED_YET,False,Keep using cheap/provisional data; no official document collection yet.
HPO,stage_0_full_universe,0,0,0,False,False,False,False,False,NO_OFFICIAL_EVIDENCE_NEEDED_YET,False,Keep using cheap/provisional data; no official document collection yet.
HPP,stage_0_full_universe,0,0,0,False,False,False,False,False,NO_OFFICIAL_EVIDENCE_NEEDED_YET,False,Keep using cheap/provisional data; no official document collection yet.
HPT,stage_0_full_universe,0,0,0,False,False,False,False,False,NO_OFFICIAL_EVIDENCE_NEEDED_YET,False,Keep using cheap/provisional data; no official document collection yet.
HPW,stage_0_full_universe,0,0,0,False,False,False,False,False,NO_OFFICIAL_EVIDENCE_NEEDED_YET,False,Keep using cheap/provisional data; no official document collection yet.
HPX,stage_0_full_universe,0,0,0,False,False,False,False,False,NO_OFFICIAL_EVIDENCE_NEEDED_YET,False,Keep using cheap/provisional data; no official document collection yet.
HQC,stage_0_full_universe,0,0,0,False,False,False,False,False,NO_OFFICIAL_EVIDENCE_NEEDED_YET,False,Keep using cheap/provisional data; no official document collection yet.
HRB,stage_0_full_universe,0,0,0,False,False,False,False,False,NO_OFFICIAL_EVIDENCE_NEEDED_YET,False,Keep using cheap/provisional data; no official document collection yet.
HRC,stage_0_full_universe,0,0,0,False,False,False,False,False,NO_OFFICIAL_EVIDENCE_NEEDED_YET,False,Keep using cheap/provisional data; no official document collection yet.
HRT,stage_0_full_universe,0,0,0,False,False,False,False,False,NO_OFFICIAL_EVIDENCE_NEEDED_YET,False,Keep using cheap/provisional data; no official document collection yet.
HSA,stage_0_full_universe,0,0,0,False,False,False,False,False,NO_OFFICIAL_EVIDENCE_NEEDED_YET,False,Keep using cheap/provisional data; no official document collection yet.
HSG,stage_0_full_universe,0,0,0,True,True,False,True,False,NO_OFFICIAL_EVIDENCE_NEEDED_YET,False,Keep using cheap/provisional data; no official document collection yet.
HSI,stage_0_full_universe,0,0,0,False,False,False,False,False,NO_OFFICIAL_EVIDENCE_NEEDED_YET,False,Keep using cheap/provisional data; no official document collection yet.
HSL,stage_0_full_universe,0,0,0,False,False,False,False,False,NO_OFFICIAL_EVIDENCE_NEEDED_YET,False,Keep using cheap/provisional data; no official document collection yet.
HSM,stage_0_full_universe,0,0,0,False,False,False,False,False,NO_OFFICIAL_EVIDENCE_NEEDED_YET,False,Keep using cheap/provisional data; no official document collection yet.
HSP,stage_0_full_universe,0,0,0,False,False,False,False,False,NO_OFFICIAL_EVIDENCE_NEEDED_YET,False,Keep using cheap/provisional data; no official document collection yet.
HSV,stage_0_full_universe,0,0,0,False,False,False,False,False,NO_OFFICIAL_EVIDENCE_NEEDED_YET,False,Keep using cheap/provisional data; no official document collection yet.
HT1,stage_0_full_universe,0,0,0,False,False,False,False,False,NO_OFFICIAL_EVIDENCE_NEEDED_YET,False,Keep using cheap/provisional data; no official document collection yet.
HTC,stage_0_full_universe,0,0,0,False,False,False,False,False,NO_OFFICIAL_EVIDENCE_NEEDED_YET,False,Keep using cheap/provisional data; no official document collection yet.
HTE,stage_0_full_universe,0,0,0,False,False,False,False,False,NO_OFFICIAL_EVIDENCE_NEEDED_YET,False,Keep using cheap/provisional data; no official document collection yet.
HTG,stage_0_full_universe,0,0,0,False,False,False,False,False,NO_OFFICIAL_EVIDENCE_NEEDED_YET,False,Keep using cheap/provisional data; no official document collection yet.
HTH,stage_0_full_universe,0,0,0,False,False,False,False,False,NO_OFFICIAL_EVIDENCE_NEEDED_YET,False,Keep using cheap/provisional data; no official document collection yet.
HTI,stage_0_full_universe,0,0,0,False,False,False,False,False,NO_OFFICIAL_EVIDENCE_NEEDED_YET,False,Keep using cheap/provisional data; no official document collection yet.
HTK,stage_0_full_universe,0,0,0,False,False,False,False,False,NO_OFFICIAL_EVIDENCE_NEEDED_YET,False,Keep using cheap/provisional data; no official document collection yet.
HTL,stage_0_full_universe,0,0,0,False,False,False,False,False,NO_OFFICIAL_EVIDENCE_NEEDED_YET,False,Keep using cheap/provisional data; no official document collection yet.
HTM,stage_0_full_universe,0,0,0,False,False,False,False,False,NO_OFFICIAL_EVIDENCE_NEEDED_YET,False,Keep using cheap/provisional data; no official document collection yet.
HTN,stage_0_full_universe,0,0,0,False,False,False,False,False,NO_OFFICIAL_EVIDENCE_NEEDED_YET,False,Keep using cheap/provisional data; no official document collection yet.
HTP,stage_0_full_universe,0,0,0,False,False,False,False,False,NO_OFFICIAL_EVIDENCE_NEEDED_YET,False,Keep using cheap/provisional data; no official document collection yet.
HTR,stage_0_full_universe,0,0,0,False,False,False,False,False,NO_OFFICIAL_EVIDENCE_NEEDED_YET,False,Keep using cheap/provisional data; no official document collection yet.
HTT,stage_0_full_universe,0,0,0,False,False,False,False,False,NO_OFFICIAL_EVIDENCE_NEEDED_YET,False,Keep using cheap/provisional data; no official document collection yet.
HTV,stage_0_full_universe,0,0,0,False,False,False,False,False,NO_OFFICIAL_EVIDENCE_NEEDED_YET,False,Keep using cheap/provisional data; no official document collection yet.
HTW,stage_0_full_universe,0,0,0,False,False,False,False,False,NO_OFFICIAL_EVIDENCE_NEEDED_YET,False,Keep using cheap/provisional data; no official document collection yet.
HU1,stage_0_full_universe,0,0,0,False,False,False,False,False,NO_OFFICIAL_EVIDENCE_NEEDED_YET,False,Keep using cheap/provisional data; no official document collection yet.
HU3,stage_0_full_universe,0,0,0,False,False,False,False,False,NO_OFFICIAL_EVIDENCE_NEEDED_YET,False,Keep using cheap/provisional data; no official document collection yet.
HU4,stage_0_full_universe,0,0,0,False,False,False,False,False,NO_OFFICIAL_EVIDENCE_NEEDED_YET,False,Keep using cheap/provisional data; no official document collection yet.
HU6,stage_0_full_universe,0,0,0,False,False,False,False,False,NO_OFFICIAL_EVIDENCE_NEEDED_YET,False,Keep using cheap/provisional data; no official document collection yet.
HUB,stage_0_full_universe,0,0,0,False,False,False,False,False,NO_OFFICIAL_EVIDENCE_NEEDED_YET,False,Keep using cheap/provisional data; no official document collection yet.
HUG,stage_0_full_universe,0,0,0,False,False,False,False,False,NO_OFFICIAL_EVIDENCE_NEEDED_YET,False,Keep using cheap/provisional data; no official document collection yet.
HUT,stage_0_full_universe,0,0,0,False,False,False,False,False,NO_OFFICIAL_EVIDENCE_NEEDED_YET,False,Keep using cheap/provisional data; no official document collection yet.
HUX,stage_0_full_universe,0,0,0,False,False,False,False,False,NO_OFFICIAL_EVIDENCE_NEEDED_YET,False,Keep using cheap/provisional data; no official document collection yet.
HVA,stage_0_full_universe,0,0,0,False,False,False,False,False,NO_OFFICIAL_EVIDENCE_NEEDED_YET,False,Keep using cheap/provisional data; no official document collection yet.
HVG,stage_0_full_universe,0,0,0,False,False,False,False,False,NO_OFFICIAL_EVIDENCE_NEEDED_YET,False,Keep using cheap/provisional data; no official document collection yet.
HVH,stage_0_full_universe,0,0,0,False,False,False,False,False,NO_OFFICIAL_EVIDENCE_NEEDED_YET,False,Keep using cheap/provisional data; no official document collection yet.
HVN,stage_0_full_universe,0,0,0,False,False,False,False,False,NO_OFFICIAL_EVIDENCE_NEEDED_YET,False,Keep using cheap/provisional data; no official document collection yet.
HVT,stage_0_full_universe,0,0,0,False,False,False,False,False,NO_OFFICIAL_EVIDENCE_NEEDED_YET,False,Keep using cheap/provisional data; no official document collection yet.
HVX,stage_0_full_universe,0,0,0,False,False,False,False,False,NO_OFFICIAL_EVIDENCE_NEEDED_YET,False,Keep using cheap/provisional data; no official document collection yet.
HWS,stage_0_full_universe,0,0,0,False,False,False,False,False,NO_OFFICIAL_EVIDENCE_NEEDED_YET,False,Keep using cheap/provisional data; no official document collection yet.
IBC,stage_0_full_universe,0,0,0,False,False,False,False,False,NO_OFFICIAL_EVIDENCE_NEEDED_YET,False,Keep using cheap/provisional data; no official document collection yet.
IBD,stage_0_full_universe,0,0,0,False,False,False,False,False,NO_OFFICIAL_EVIDENCE_NEEDED_YET,False,Keep using cheap/provisional data; no official document collection yet.
IBN,stage_0_full_universe,0,0,0,False,False,False,False,False,NO_OFFICIAL_EVIDENCE_NEEDED_YET,False,Keep using cheap/provisional data; no official document collection yet.
ICC,stage_0_full_universe,0,0,0,False,False,False,False,False,NO_OFFICIAL_EVIDENCE_NEEDED_YET,False,Keep using cheap/provisional data; no official document collection yet.
ICF,stage_0_full_universe,0,0,0,False,False,False,False,False,NO_OFFICIAL_EVIDENCE_NEEDED_YET,False,Keep using cheap/provisional data; no official document collection yet.
ICG,stage_0_full_universe,0,0,0,False,False,False,False,False,NO_OFFICIAL_EVIDENCE_NEEDED_YET,False,Keep using cheap/provisional data; no official document collection yet.
ICI,stage_0_full_universe,0,0,0,False,False,False,False,False,NO_OFFICIAL_EVIDENCE_NEEDED_YET,False,Keep using cheap/provisional data; no official document collection yet.
ICN,stage_0_full_universe,0,0,0,False,False,False,False,False,NO_OFFICIAL_EVIDENCE_NEEDED_YET,False,Keep using cheap/provisional data; no official document collection yet.
ICT,stage_0_full_universe,0,0,0,False,False,False,False,False,NO_OFFICIAL_EVIDENCE_NEEDED_YET,False,Keep using cheap/provisional data; no official document collection yet.
IDC,stage_0_full_universe,0,0,0,False,False,False,False,False,NO_OFFICIAL_EVIDENCE_NEEDED_YET,False,Keep using cheap/provisional data; no official document collection yet.
IDI,stage_0_full_universe,0,0,0,False,False,False,False,False,NO_OFFICIAL_EVIDENCE_NEEDED_YET,False,Keep using cheap/provisional data; no official document collection yet.
IDJ,stage_0_full_universe,0,0,0,False,False,False,False,False,NO_OFFICIAL_EVIDENCE_NEEDED_YET,False,Keep using cheap/provisional data; no official document collection yet.
IDP,stage_0_full_universe,0,0,0,False,False,False,False,False,NO_OFFICIAL_EVIDENCE_NEEDED_YET,False,Keep using cheap/provisional data; no official document collection yet.
IDV,stage_0_full_universe,0,0,0,False,False,False,False,False,NO_OFFICIAL_EVIDENCE_NEEDED_YET,False,Keep using cheap/provisional data; no official document collection yet.
IFS,stage_0_full_universe,0,0,0,False,False,False,False,False,NO_OFFICIAL_EVIDENCE_NEEDED_YET,False,Keep using cheap/provisional data; no official document collection yet.
IHK,stage_0_full_universe,0,0,0,False,False,False,False,False,NO_OFFICIAL_EVIDENCE_NEEDED_YET,False,Keep using cheap/provisional data; no official document collection yet.
IJC,stage_0_full_universe,0,0,0,False,False,False,False,False,NO_OFFICIAL_EVIDENCE_NEEDED_YET,False,Keep using cheap/provisional data; no official document collection yet.
ILA,stage_0_full_universe,0,0,0,False,False,False,False,False,NO_OFFICIAL_EVIDENCE_NEEDED_YET,False,Keep using cheap/provisional data; no official document collection yet.
ILB,stage_0_full_universe,0,0,0,False,False,False,False,False,NO_OFFICIAL_EVIDENCE_NEEDED_YET,False,Keep using cheap/provisional data; no official document collection yet.
ILC,stage_0_full_universe,0,0,0,False,False,False,False,False,NO_OFFICIAL_EVIDENCE_NEEDED_YET,False,Keep using cheap/provisional data; no official document collection yet.
ILS,stage_0_full_universe,0,0,0,False,False,False,False,False,NO_OFFICIAL_EVIDENCE_NEEDED_YET,False,Keep using cheap/provisional data; no official document collection yet.
IME,stage_0_full_universe,0,0,0,False,False,False,False,False,NO_OFFICIAL_EVIDENCE_NEEDED_YET,False,Keep using cheap/provisional data; no official document collection yet.
IMP,stage_0_full_universe,0,0,0,False,False,False,False,False,NO_OFFICIAL_EVIDENCE_NEEDED_YET,False,Keep using cheap/provisional data; no official document collection yet.
IN4,stage_0_full_universe,0,0,0,False,False,False,False,False,NO_OFFICIAL_EVIDENCE_NEEDED_YET,False,Keep using cheap/provisional data; no official document collection yet.
INC,stage_0_full_universe,0,0,0,False,False,False,False,False,NO_OFFICIAL_EVIDENCE_NEEDED_YET,False,Keep using cheap/provisional data; no official document collection yet.
ING,stage_0_full_universe,0,0,0,False,False,False,False,False,NO_OFFICIAL_EVIDENCE_NEEDED_YET,False,Keep using cheap/provisional data; no official document collection yet.
INN,stage_0_full_universe,0,0,0,False,False,False,False,False,NO_OFFICIAL_EVIDENCE_NEEDED_YET,False,Keep using cheap/provisional data; no official document collection yet.
IPA,stage_0_full_universe,0,0,0,False,False,False,False,False,NO_OFFICIAL_EVIDENCE_NEEDED_YET,False,Keep using cheap/provisional data; no official document collection yet.
IPH,stage_0_full_universe,0,0,0,False,False,False,False,False,NO_OFFICIAL_EVIDENCE_NEEDED_YET,False,Keep using cheap/provisional data; no official document collection yet.
IRC,stage_0_full_universe,0,0,0,False,False,False,False,False,NO_OFFICIAL_EVIDENCE_NEEDED_YET,False,Keep using cheap/provisional data; no official document collection yet.
ISG,stage_0_full_universe,0,0,0,False,False,False,False,False,NO_OFFICIAL_EVIDENCE_NEEDED_YET,False,Keep using cheap/provisional data; no official document collection yet.
ISH,stage_0_full_universe,0,0,0,False,False,False,False,False,NO_OFFICIAL_EVIDENCE_NEEDED_YET,False,Keep using cheap/provisional data; no official document collection yet.
IST,stage_0_full_universe,0,0,0,False,False,False,False,False,NO_OFFICIAL_EVIDENCE_NEEDED_YET,False,Keep using cheap/provisional data; no official document collection yet.
ITA,stage_0_full_universe,0,0,0,False,False,False,False,False,NO_OFFICIAL_EVIDENCE_NEEDED_YET,False,Keep using cheap/provisional data; no official document collection yet.
ITC,stage_0_full_universe,0,0,0,False,False,False,False,False,NO_OFFICIAL_EVIDENCE_NEEDED_YET,False,Keep using cheap/provisional data; no official document collection yet.
ITD,stage_0_full_universe,0,0,0,False,False,False,False,False,NO_OFFICIAL_EVIDENCE_NEEDED_YET,False,Keep using cheap/provisional data; no official document collection yet.
ITQ,stage_0_full_universe,0,0,0,False,False,False,False,False,NO_OFFICIAL_EVIDENCE_NEEDED_YET,False,Keep using cheap/provisional data; no official document collection yet.
ITS,stage_0_full_universe,0,0,0,False,False,False,False,False,NO_OFFICIAL_EVIDENCE_NEEDED_YET,False,Keep using cheap/provisional data; no official document collection yet.
IVS,stage_0_full_universe,0,0,0,False,False,False,False,False,NO_OFFICIAL_EVIDENCE_NEEDED_YET,False,Keep using cheap/provisional data; no official document collection yet.
JOS,stage_0_full_universe,0,0,0,False,False,False,False,False,NO_OFFICIAL_EVIDENCE_NEEDED_YET,False,Keep using cheap/provisional data; no official document collection yet.
JVC,stage_0_full_universe,0,0,0,False,False,False,False,False,NO_OFFICIAL_EVIDENCE_NEEDED_YET,False,Keep using cheap/provisional data; no official document collection yet.
KAC,stage_0_full_universe,0,0,0,False,False,False,False,False,NO_OFFICIAL_EVIDENCE_NEEDED_YET,False,Keep using cheap/provisional data; no official document collection yet.
KBC,stage_0_full_universe,0,0,0,False,False,False,False,False,NO_OFFICIAL_EVIDENCE_NEEDED_YET,False,Keep using cheap/provisional data; no official document collection yet.
KCB,stage_0_full_universe,0,0,0,False,False,False,False,False,NO_OFFICIAL_EVIDENCE_NEEDED_YET,False,Keep using cheap/provisional data; no official document collection yet.
KCE,stage_0_full_universe,0,0,0,False,False,False,False,False,NO_OFFICIAL_EVIDENCE_NEEDED_YET,False,Keep using cheap/provisional data; no official document collection yet.
KDC,stage_0_full_universe,0,0,0,False,False,False,False,False,NO_OFFICIAL_EVIDENCE_NEEDED_YET,False,Keep using cheap/provisional data; no official document collection yet.
KDH,stage_0_full_universe,0,0,0,True,False,False,False,False,NO_OFFICIAL_EVIDENCE_NEEDED_YET,False,Keep using cheap/provisional data; no official document collection yet.
KDM,stage_0_full_universe,0,0,0,False,False,False,False,False,NO_OFFICIAL_EVIDENCE_NEEDED_YET,False,Keep using cheap/provisional data; no official document collection yet.
KGM,stage_0_full_universe,0,0,0,False,False,False,False,False,NO_OFFICIAL_EVIDENCE_NEEDED_YET,False,Keep using cheap/provisional data; no official document collection yet.
KHA,stage_0_full_universe,0,0,0,False,False,False,False,False,NO_OFFICIAL_EVIDENCE_NEEDED_YET,False,Keep using cheap/provisional data; no official document collection yet.
KHB,stage_0_full_universe,0,0,0,False,False,False,False,False,NO_OFFICIAL_EVIDENCE_NEEDED_YET,False,Keep using cheap/provisional data; no official document collection yet.
KHD,stage_0_full_universe,0,0,0,False,False,False,False,False,NO_OFFICIAL_EVIDENCE_NEEDED_YET,False,Keep using cheap/provisional data; no official document collection yet.
KHG,stage_0_full_universe,0,0,0,False,False,False,False,False,NO_OFFICIAL_EVIDENCE_NEEDED_YET,False,Keep using cheap/provisional data; no official document collection yet.
KHL,stage_0_full_universe,0,0,0,False,False,False,False,False,NO_OFFICIAL_EVIDENCE_NEEDED_YET,False,Keep using cheap/provisional data; no official document collection yet.
KHP,stage_0_full_universe,0,0,0,False,False,False,False,False,NO_OFFICIAL_EVIDENCE_NEEDED_YET,False,Keep using cheap/provisional data; no official document collection yet.
KHS,stage_0_full_universe,0,0,0,False,False,False,False,False,NO_OFFICIAL_EVIDENCE_NEEDED_YET,False,Keep using cheap/provisional data; no official document collection yet.
KHW,stage_0_full_universe,0,0,0,False,False,False,False,False,NO_OFFICIAL_EVIDENCE_NEEDED_YET,False,Keep using cheap/provisional data; no official document collection yet.
KHX,stage_0_full_universe,0,0,0,False,False,False,False,False,NO_OFFICIAL_EVIDENCE_NEEDED_YET,False,Keep using cheap/provisional data; no official document collection yet.
KIP,stage_0_full_universe,0,0,0,False,False,False,False,False,NO_OFFICIAL_EVIDENCE_NEEDED_YET,False,Keep using cheap/provisional data; no official document collection yet.
KKC,stage_0_full_universe,0,0,0,False,False,False,False,False,NO_OFFICIAL_EVIDENCE_NEEDED_YET,False,Keep using cheap/provisional data; no official document collection yet.
KLB,stage_0_full_universe,0,0,0,False,False,False,False,False,NO_OFFICIAL_EVIDENCE_NEEDED_YET,False,Keep using cheap/provisional data; no official document collection yet.
KLF,stage_0_full_universe,0,0,0,False,False,False,False,False,NO_OFFICIAL_EVIDENCE_NEEDED_YET,False,Keep using cheap/provisional data; no official document collection yet.
KLM,stage_0_full_universe,0,0,0,False,False,False,False,False,NO_OFFICIAL_EVIDENCE_NEEDED_YET,False,Keep using cheap/provisional data; no official document collection yet.
KMR,stage_0_full_universe,0,0,0,False,False,False,False,False,NO_OFFICIAL_EVIDENCE_NEEDED_YET,False,Keep using cheap/provisional data; no official document collection yet.
KMT,stage_0_full_universe,0,0,0,False,False,False,False,False,NO_OFFICIAL_EVIDENCE_NEEDED_YET,False,Keep using cheap/provisional data; no official document collection yet.
KOS,stage_0_full_universe,0,0,0,False,False,False,False,False,NO_OFFICIAL_EVIDENCE_NEEDED_YET,False,Keep using cheap/provisional data; no official document collection yet.
KPF,stage_0_full_universe,0,0,0,False,False,False,False,False,NO_OFFICIAL_EVIDENCE_NEEDED_YET,False,Keep using cheap/provisional data; no official document collection yet.
KSB,stage_0_full_universe,0,0,0,False,False,False,False,False,NO_OFFICIAL_EVIDENCE_NEEDED_YET,False,Keep using cheap/provisional data; no official document collection yet.
KSD,stage_0_full_universe,0,0,0,False,False,False,False,False,NO_OFFICIAL_EVIDENCE_NEEDED_YET,False,Keep using cheap/provisional data; no official document collection yet.
KSF,stage_0_full_universe,0,0,0,False,False,False,False,False,NO_OFFICIAL_EVIDENCE_NEEDED_YET,False,Keep using cheap/provisional data; no official document collection yet.
KSH,stage_0_full_universe,0,0,0,False,False,False,False,False,NO_OFFICIAL_EVIDENCE_NEEDED_YET,False,Keep using cheap/provisional data; no official document collection yet.
KSQ,stage_0_full_universe,0,0,0,False,False,False,False,False,NO_OFFICIAL_EVIDENCE_NEEDED_YET,False,Keep using cheap/provisional data; no official document collection yet.
KSS,stage_0_full_universe,0,0,0,False,False,False,False,False,NO_OFFICIAL_EVIDENCE_NEEDED_YET,False,Keep using cheap/provisional data; no official document collection yet.
KST,stage_0_full_universe,0,0,0,False,False,False,False,False,NO_OFFICIAL_EVIDENCE_NEEDED_YET,False,Keep using cheap/provisional data; no official document collection yet.
KSV,stage_0_full_universe,0,0,0,False,False,False,False,False,NO_OFFICIAL_EVIDENCE_NEEDED_YET,False,Keep using cheap/provisional data; no official document collection yet.
KTC,stage_0_full_universe,0,0,0,False,False,False,False,False,NO_OFFICIAL_EVIDENCE_NEEDED_YET,False,Keep using cheap/provisional data; no official document collection yet.
KTL,stage_0_full_universe,0,0,0,False,False,False,False,False,NO_OFFICIAL_EVIDENCE_NEEDED_YET,False,Keep using cheap/provisional data; no official document collection yet.
KTS,stage_0_full_universe,0,0,0,False,False,False,False,False,NO_OFFICIAL_EVIDENCE_NEEDED_YET,False,Keep using cheap/provisional data; no official document collection yet.
KTT,stage_0_full_universe,0,0,0,False,False,False,False,False,NO_OFFICIAL_EVIDENCE_NEEDED_YET,False,Keep using cheap/provisional data; no official document collection yet.
KTW,stage_0_full_universe,0,0,0,False,False,False,False,False,NO_OFFICIAL_EVIDENCE_NEEDED_YET,False,Keep using cheap/provisional data; no official document collection yet.
KVC,stage_0_full_universe,0,0,0,False,False,False,False,False,NO_OFFICIAL_EVIDENCE_NEEDED_YET,False,Keep using cheap/provisional data; no official document collection yet.
KWA,stage_0_full_universe,0,0,0,False,False,False,False,False,NO_OFFICIAL_EVIDENCE_NEEDED_YET,False,Keep using cheap/provisional data; no official document collection yet.
L10,stage_0_full_universe,0,0,0,False,False,False,False,False,NO_OFFICIAL_EVIDENCE_NEEDED_YET,False,Keep using cheap/provisional data; no official document collection yet.
L12,stage_0_full_universe,0,0,0,False,False,False,False,False,NO_OFFICIAL_EVIDENCE_NEEDED_YET,False,Keep using cheap/provisional data; no official document collection yet.
L14,stage_0_full_universe,0,0,0,False,False,False,False,False,NO_OFFICIAL_EVIDENCE_NEEDED_YET,False,Keep using cheap/provisional data; no official document collection yet.
L18,stage_0_full_universe,0,0,0,False,False,False,False,False,NO_OFFICIAL_EVIDENCE_NEEDED_YET,False,Keep using cheap/provisional data; no official document collection yet.
L35,stage_0_full_universe,0,0,0,False,False,False,False,False,NO_OFFICIAL_EVIDENCE_NEEDED_YET,False,Keep using cheap/provisional data; no official document collection yet.
L40,stage_0_full_universe,0,0,0,False,False,False,False,False,NO_OFFICIAL_EVIDENCE_NEEDED_YET,False,Keep using cheap/provisional data; no official document collection yet.
L43,stage_0_full_universe,0,0,0,False,False,False,False,False,NO_OFFICIAL_EVIDENCE_NEEDED_YET,False,Keep using cheap/provisional data; no official document collection yet.
L44,stage_0_full_universe,0,0,0,False,False,False,False,False,NO_OFFICIAL_EVIDENCE_NEEDED_YET,False,Keep using cheap/provisional data; no official document collection yet.
L45,stage_0_full_universe,0,0,0,False,False,False,False,False,NO_OFFICIAL_EVIDENCE_NEEDED_YET,False,Keep using cheap/provisional data; no official document collection yet.
L61,stage_0_full_universe,0,0,0,False,False,False,False,False,NO_OFFICIAL_EVIDENCE_NEEDED_YET,False,Keep using cheap/provisional data; no official document collection yet.
L62,stage_0_full_universe,0,0,0,False,False,False,False,False,NO_OFFICIAL_EVIDENCE_NEEDED_YET,False,Keep using cheap/provisional data; no official document collection yet.
L63,stage_0_full_universe,0,0,0,False,False,False,False,False,NO_OFFICIAL_EVIDENCE_NEEDED_YET,False,Keep using cheap/provisional data; no official document collection yet.
LAF,stage_0_full_universe,0,0,0,False,False,False,False,False,NO_OFFICIAL_EVIDENCE_NEEDED_YET,False,Keep using cheap/provisional data; no official document collection yet.
LAI,stage_0_full_universe,0,0,0,False,False,False,False,False,NO_OFFICIAL_EVIDENCE_NEEDED_YET,False,Keep using cheap/provisional data; no official document collection yet.
LAS,stage_0_full_universe,0,0,0,False,False,False,False,False,NO_OFFICIAL_EVIDENCE_NEEDED_YET,False,Keep using cheap/provisional data; no official document collection yet.
LAW,stage_0_full_universe,0,0,0,False,False,False,False,False,NO_OFFICIAL_EVIDENCE_NEEDED_YET,False,Keep using cheap/provisional data; no official document collection yet.
LBC,stage_0_full_universe,0,0,0,False,False,False,False,False,NO_OFFICIAL_EVIDENCE_NEEDED_YET,False,Keep using cheap/provisional data; no official document collection yet.
LBE,stage_0_full_universe,0,0,0,False,False,False,False,False,NO_OFFICIAL_EVIDENCE_NEEDED_YET,False,Keep using cheap/provisional data; no official document collection yet.
LBM,stage_0_full_universe,0,0,0,False,False,False,False,False,NO_OFFICIAL_EVIDENCE_NEEDED_YET,False,Keep using cheap/provisional data; no official document collection yet.
LCC,stage_0_full_universe,0,0,0,False,False,False,False,False,NO_OFFICIAL_EVIDENCE_NEEDED_YET,False,Keep using cheap/provisional data; no official document collection yet.
LCD,stage_0_full_universe,0,0,0,False,False,False,False,False,NO_OFFICIAL_EVIDENCE_NEEDED_YET,False,Keep using cheap/provisional data; no official document collection yet.
LCG,stage_0_full_universe,0,0,0,False,False,False,False,False,NO_OFFICIAL_EVIDENCE_NEEDED_YET,False,Keep using cheap/provisional data; no official document collection yet.
LCM,stage_0_full_universe,0,0,0,False,False,False,False,False,NO_OFFICIAL_EVIDENCE_NEEDED_YET,False,Keep using cheap/provisional data; no official document collection yet.
LCS,stage_0_full_universe,0,0,0,False,False,False,False,False,NO_OFFICIAL_EVIDENCE_NEEDED_YET,False,Keep using cheap/provisional data; no official document collection yet.
LCW,stage_0_full_universe,0,0,0,False,False,False,False,False,NO_OFFICIAL_EVIDENCE_NEEDED_YET,False,Keep using cheap/provisional data; no official document collection yet.
LDG,stage_0_full_universe,0,0,0,False,False,False,False,False,NO_OFFICIAL_EVIDENCE_NEEDED_YET,False,Keep using cheap/provisional data; no official document collection yet.
LDP,stage_0_full_universe,0,0,0,False,False,False,False,False,NO_OFFICIAL_EVIDENCE_NEEDED_YET,False,Keep using cheap/provisional data; no official document collection yet.
LDW,stage_0_full_universe,0,0,0,False,False,False,False,False,NO_OFFICIAL_EVIDENCE_NEEDED_YET,False,Keep using cheap/provisional data; no official document collection yet.
LEC,stage_0_full_universe,0,0,0,False,False,False,False,False,NO_OFFICIAL_EVIDENCE_NEEDED_YET,False,Keep using cheap/provisional data; no official document collection yet.
LG9,stage_0_full_universe,0,0,0,False,False,False,False,False,NO_OFFICIAL_EVIDENCE_NEEDED_YET,False,Keep using cheap/provisional data; no official document collection yet.
LGC,stage_0_full_universe,0,0,0,False,False,False,False,False,NO_OFFICIAL_EVIDENCE_NEEDED_YET,False,Keep using cheap/provisional data; no official document collection yet.
LGL,stage_0_full_universe,0,0,0,False,False,False,False,False,NO_OFFICIAL_EVIDENCE_NEEDED_YET,False,Keep using cheap/provisional data; no official document collection yet.
LGM,stage_0_full_universe,0,0,0,False,False,False,False,False,NO_OFFICIAL_EVIDENCE_NEEDED_YET,False,Keep using cheap/provisional data; no official document collection yet.
LHC,stage_0_full_universe,0,0,0,False,False,False,False,False,NO_OFFICIAL_EVIDENCE_NEEDED_YET,False,Keep using cheap/provisional data; no official document collection yet.
LHG,stage_0_full_universe,0,0,0,False,False,False,False,False,NO_OFFICIAL_EVIDENCE_NEEDED_YET,False,Keep using cheap/provisional data; no official document collection yet.
LIC,stage_0_full_universe,0,0,0,False,False,False,False,False,NO_OFFICIAL_EVIDENCE_NEEDED_YET,False,Keep using cheap/provisional data; no official document collection yet.
LIG,stage_0_full_universe,0,0,0,False,False,False,False,False,NO_OFFICIAL_EVIDENCE_NEEDED_YET,False,Keep using cheap/provisional data; no official document collection yet.
LIX,stage_0_full_universe,0,0,0,False,False,False,False,False,NO_OFFICIAL_EVIDENCE_NEEDED_YET,False,Keep using cheap/provisional data; no official document collection yet.
LKW,stage_0_full_universe,0,0,0,False,False,False,False,False,NO_OFFICIAL_EVIDENCE_NEEDED_YET,False,Keep using cheap/provisional data; no official document collection yet.
LLM,stage_0_full_universe,0,0,0,False,False,False,False,False,NO_OFFICIAL_EVIDENCE_NEEDED_YET,False,Keep using cheap/provisional data; no official document collection yet.
LM3,stage_0_full_universe,0,0,0,False,False,False,False,False,NO_OFFICIAL_EVIDENCE_NEEDED_YET,False,Keep using cheap/provisional data; no official document collection yet.
LM7,stage_0_full_universe,0,0,0,False,False,False,False,False,NO_OFFICIAL_EVIDENCE_NEEDED_YET,False,Keep using cheap/provisional data; no official document collection yet.
LM8,stage_0_full_universe,0,0,0,False,False,False,False,False,NO_OFFICIAL_EVIDENCE_NEEDED_YET,False,Keep using cheap/provisional data; no official document collection yet.
LMC,stage_0_full_universe,0,0,0,False,False,False,False,False,NO_OFFICIAL_EVIDENCE_NEEDED_YET,False,Keep using cheap/provisional data; no official document collection yet.
LMH,stage_0_full_universe,0,0,0,False,False,False,False,False,NO_OFFICIAL_EVIDENCE_NEEDED_YET,False,Keep using cheap/provisional data; no official document collection yet.
LMI,stage_0_full_universe,0,0,0,False,False,False,False,False,NO_OFFICIAL_EVIDENCE_NEEDED_YET,False,Keep using cheap/provisional data; no official document collection yet.
LNC,stage_0_full_universe,0,0,0,False,False,False,False,False,NO_OFFICIAL_EVIDENCE_NEEDED_YET,False,Keep using cheap/provisional data; no official document collection yet.
LO5,stage_0_full_universe,0,0,0,False,False,False,False,False,NO_OFFICIAL_EVIDENCE_NEEDED_YET,False,Keep using cheap/provisional data; no official document collection yet.
LPB,stage_0_full_universe,0,0,0,False,False,False,False,False,NO_OFFICIAL_EVIDENCE_NEEDED_YET,False,Keep using cheap/provisional data; no official document collection yet.
LPT,stage_0_full_universe,0,0,0,False,False,False,False,False,NO_OFFICIAL_EVIDENCE_NEEDED_YET,False,Keep using cheap/provisional data; no official document collection yet.
LQN,stage_0_full_universe,0,0,0,False,False,False,False,False,NO_OFFICIAL_EVIDENCE_NEEDED_YET,False,Keep using cheap/provisional data; no official document collection yet.
LSG,stage_0_full_universe,0,0,0,False,False,False,False,False,NO_OFFICIAL_EVIDENCE_NEEDED_YET,False,Keep using cheap/provisional data; no official document collection yet.
LSS,stage_0_full_universe,0,0,0,False,False,False,False,False,NO_OFFICIAL_EVIDENCE_NEEDED_YET,False,Keep using cheap/provisional data; no official document collection yet.
LTC,stage_0_full_universe,0,0,0,False,False,False,False,False,NO_OFFICIAL_EVIDENCE_NEEDED_YET,False,Keep using cheap/provisional data; no official document collection yet.
LTG,stage_0_full_universe,0,0,0,False,False,False,False,False,NO_OFFICIAL_EVIDENCE_NEEDED_YET,False,Keep using cheap/provisional data; no official document collection yet.
LUT,stage_0_full_universe,0,0,0,False,False,False,False,False,NO_OFFICIAL_EVIDENCE_NEEDED_YET,False,Keep using cheap/provisional data; no official document collection yet.
LWS,stage_0_full_universe,0,0,0,False,False,False,False,False,NO_OFFICIAL_EVIDENCE_NEEDED_YET,False,Keep using cheap/provisional data; no official document collection yet.
LYF,stage_0_full_universe,0,0,0,False,False,False,False,False,NO_OFFICIAL_EVIDENCE_NEEDED_YET,False,Keep using cheap/provisional data; no official document collection yet.
M10,stage_0_full_universe,0,0,0,False,False,False,False,False,NO_OFFICIAL_EVIDENCE_NEEDED_YET,False,Keep using cheap/provisional data; no official document collection yet.
MA1,stage_0_full_universe,0,0,0,False,False,False,False,False,NO_OFFICIAL_EVIDENCE_NEEDED_YET,False,Keep using cheap/provisional data; no official document collection yet.
MAC,stage_0_full_universe,0,0,0,False,False,False,False,False,NO_OFFICIAL_EVIDENCE_NEEDED_YET,False,Keep using cheap/provisional data; no official document collection yet.
MAS,stage_0_full_universe,0,0,0,False,False,False,False,False,NO_OFFICIAL_EVIDENCE_NEEDED_YET,False,Keep using cheap/provisional data; no official document collection yet.
MBB,stage_0_full_universe,0,0,0,False,False,False,False,False,NO_OFFICIAL_EVIDENCE_NEEDED_YET,False,Keep using cheap/provisional data; no official document collection yet.
MBG,stage_0_full_universe,0,0,0,False,False,False,False,False,NO_OFFICIAL_EVIDENCE_NEEDED_YET,False,Keep using cheap/provisional data; no official document collection yet.
MBN,stage_0_full_universe,0,0,0,False,False,False,False,False,NO_OFFICIAL_EVIDENCE_NEEDED_YET,False,Keep using cheap/provisional data; no official document collection yet.
MBS,stage_0_full_universe,0,0,0,False,False,False,False,False,NO_OFFICIAL_EVIDENCE_NEEDED_YET,False,Keep using cheap/provisional data; no official document collection yet.
MBT,stage_0_full_universe,0,0,0,False,False,False,False,False,NO_OFFICIAL_EVIDENCE_NEEDED_YET,False,Keep using cheap/provisional data; no official document collection yet.
MC3,stage_0_full_universe,0,0,0,False,False,False,False,False,NO_OFFICIAL_EVIDENCE_NEEDED_YET,False,Keep using cheap/provisional data; no official document collection yet.
MCC,stage_0_full_universe,0,0,0,False,False,False,False,False,NO_OFFICIAL_EVIDENCE_NEEDED_YET,False,Keep using cheap/provisional data; no official document collection yet.
MCD,stage_0_full_universe,0,0,0,False,False,False,False,False,NO_OFFICIAL_EVIDENCE_NEEDED_YET,False,Keep using cheap/provisional data; no official document collection yet.
MCF,stage_0_full_universe,0,0,0,False,False,False,False,False,NO_OFFICIAL_EVIDENCE_NEEDED_YET,False,Keep using cheap/provisional data; no official document collection yet.
MCG,stage_0_full_universe,0,0,0,False,False,False,False,False,NO_OFFICIAL_EVIDENCE_NEEDED_YET,False,Keep using cheap/provisional data; no official document collection yet.
MCH,stage_0_full_universe,0,0,0,False,False,False,False,False,NO_OFFICIAL_EVIDENCE_NEEDED_YET,False,Keep using cheap/provisional data; no official document collection yet.
MCI,stage_0_full_universe,0,0,0,False,False,False,False,False,NO_OFFICIAL_EVIDENCE_NEEDED_YET,False,Keep using cheap/provisional data; no official document collection yet.
MCM,stage_0_full_universe,0,0,0,False,False,False,False,False,NO_OFFICIAL_EVIDENCE_NEEDED_YET,False,Keep using cheap/provisional data; no official document collection yet.
MCO,stage_0_full_universe,0,0,0,False,False,False,False,False,NO_OFFICIAL_EVIDENCE_NEEDED_YET,False,Keep using cheap/provisional data; no official document collection yet.
MCP,stage_0_full_universe,0,0,0,False,False,False,False,False,NO_OFFICIAL_EVIDENCE_NEEDED_YET,False,Keep using cheap/provisional data; no official document collection yet.
MDA,stage_0_full_universe,0,0,0,False,False,False,False,False,NO_OFFICIAL_EVIDENCE_NEEDED_YET,False,Keep using cheap/provisional data; no official document collection yet.
MDC,stage_0_full_universe,0,0,0,False,False,False,False,False,NO_OFFICIAL_EVIDENCE_NEEDED_YET,False,Keep using cheap/provisional data; no official document collection yet.
MDF,stage_0_full_universe,0,0,0,False,False,False,False,False,NO_OFFICIAL_EVIDENCE_NEEDED_YET,False,Keep using cheap/provisional data; no official document collection yet.
MDG,stage_0_full_universe,0,0,0,False,False,False,False,False,NO_OFFICIAL_EVIDENCE_NEEDED_YET,False,Keep using cheap/provisional data; no official document collection yet.
MEC,stage_0_full_universe,0,0,0,False,False,False,False,False,NO_OFFICIAL_EVIDENCE_NEEDED_YET,False,Keep using cheap/provisional data; no official document collection yet.
MED,stage_0_full_universe,0,0,0,False,False,False,False,False,NO_OFFICIAL_EVIDENCE_NEEDED_YET,False,Keep using cheap/provisional data; no official document collection yet.
MEF,stage_0_full_universe,0,0,0,False,False,False,False,False,NO_OFFICIAL_EVIDENCE_NEEDED_YET,False,Keep using cheap/provisional data; no official document collection yet.
MEG,stage_0_full_universe,0,0,0,False,False,False,False,False,NO_OFFICIAL_EVIDENCE_NEEDED_YET,False,Keep using cheap/provisional data; no official document collection yet.
MEL,stage_0_full_universe,0,0,0,False,False,False,False,False,NO_OFFICIAL_EVIDENCE_NEEDED_YET,False,Keep using cheap/provisional data; no official document collection yet.
MES,stage_0_full_universe,0,0,0,False,False,False,False,False,NO_OFFICIAL_EVIDENCE_NEEDED_YET,False,Keep using cheap/provisional data; no official document collection yet.
MFS,stage_0_full_universe,0,0,0,False,False,False,False,False,NO_OFFICIAL_EVIDENCE_NEEDED_YET,False,Keep using cheap/provisional data; no official document collection yet.
MGC,stage_0_full_universe,0,0,0,False,False,False,False,False,NO_OFFICIAL_EVIDENCE_NEEDED_YET,False,Keep using cheap/provisional data; no official document collection yet.
MGG,stage_0_full_universe,0,0,0,False,False,False,False,False,NO_OFFICIAL_EVIDENCE_NEEDED_YET,False,Keep using cheap/provisional data; no official document collection yet.
MGR,stage_0_full_universe,0,0,0,False,False,False,False,False,NO_OFFICIAL_EVIDENCE_NEEDED_YET,False,Keep using cheap/provisional data; no official document collection yet.
MH3,stage_0_full_universe,0,0,0,False,False,False,False,False,NO_OFFICIAL_EVIDENCE_NEEDED_YET,False,Keep using cheap/provisional data; no official document collection yet.
MHC,stage_0_full_universe,0,0,0,False,False,False,False,False,NO_OFFICIAL_EVIDENCE_NEEDED_YET,False,Keep using cheap/provisional data; no official document collection yet.
MHL,stage_0_full_universe,0,0,0,False,False,False,False,False,NO_OFFICIAL_EVIDENCE_NEEDED_YET,False,Keep using cheap/provisional data; no official document collection yet.
MIC,stage_0_full_universe,0,0,0,False,False,False,False,False,NO_OFFICIAL_EVIDENCE_NEEDED_YET,False,Keep using cheap/provisional data; no official document collection yet.
MIE,stage_0_full_universe,0,0,0,False,False,False,False,False,NO_OFFICIAL_EVIDENCE_NEEDED_YET,False,Keep using cheap/provisional data; no official document collection yet.
MIG,stage_0_full_universe,0,0,0,False,False,False,False,False,NO_OFFICIAL_EVIDENCE_NEEDED_YET,False,Keep using cheap/provisional data; no official document collection yet.
MIM,stage_0_full_universe,0,0,0,False,False,False,False,False,NO_OFFICIAL_EVIDENCE_NEEDED_YET,False,Keep using cheap/provisional data; no official document collection yet.
MKP,stage_0_full_universe,0,0,0,False,False,False,False,False,NO_OFFICIAL_EVIDENCE_NEEDED_YET,False,Keep using cheap/provisional data; no official document collection yet.
MKV,stage_0_full_universe,0,0,0,False,False,False,False,False,NO_OFFICIAL_EVIDENCE_NEEDED_YET,False,Keep using cheap/provisional data; no official document collection yet.
MLC,stage_0_full_universe,0,0,0,False,False,False,False,False,NO_OFFICIAL_EVIDENCE_NEEDED_YET,False,Keep using cheap/provisional data; no official document collection yet.
MLS,stage_0_full_universe,0,0,0,False,False,False,False,False,NO_OFFICIAL_EVIDENCE_NEEDED_YET,False,Keep using cheap/provisional data; no official document collection yet.
MML,stage_0_full_universe,0,0,0,False,False,False,False,False,NO_OFFICIAL_EVIDENCE_NEEDED_YET,False,Keep using cheap/provisional data; no official document collection yet.
MNB,stage_0_full_universe,0,0,0,False,False,False,False,False,NO_OFFICIAL_EVIDENCE_NEEDED_YET,False,Keep using cheap/provisional data; no official document collection yet.
MND,stage_0_full_universe,0,0,0,False,False,False,False,False,NO_OFFICIAL_EVIDENCE_NEEDED_YET,False,Keep using cheap/provisional data; no official document collection yet.
MPC,stage_0_full_universe,0,0,0,False,False,False,False,False,NO_OFFICIAL_EVIDENCE_NEEDED_YET,False,Keep using cheap/provisional data; no official document collection yet.
MPT,stage_0_full_universe,0,0,0,False,False,False,False,False,NO_OFFICIAL_EVIDENCE_NEEDED_YET,False,Keep using cheap/provisional data; no official document collection yet.
MPY,stage_0_full_universe,0,0,0,False,False,False,False,False,NO_OFFICIAL_EVIDENCE_NEEDED_YET,False,Keep using cheap/provisional data; no official document collection yet.
MQB,stage_0_full_universe,0,0,0,False,False,False,False,False,NO_OFFICIAL_EVIDENCE_NEEDED_YET,False,Keep using cheap/provisional data; no official document collection yet.
MQN,stage_0_full_universe,0,0,0,False,False,False,False,False,NO_OFFICIAL_EVIDENCE_NEEDED_YET,False,Keep using cheap/provisional data; no official document collection yet.
MRF,stage_0_full_universe,0,0,0,False,False,False,False,False,NO_OFFICIAL_EVIDENCE_NEEDED_YET,False,Keep using cheap/provisional data; no official document collection yet.
MSB,stage_0_full_universe,0,0,0,False,False,False,False,False,NO_OFFICIAL_EVIDENCE_NEEDED_YET,False,Keep using cheap/provisional data; no official document collection yet.
MSH,stage_0_full_universe,0,0,0,False,False,False,False,False,NO_OFFICIAL_EVIDENCE_NEEDED_YET,False,Keep using cheap/provisional data; no official document collection yet.
MSN,stage_0_full_universe,0,0,0,False,False,False,False,False,NO_OFFICIAL_EVIDENCE_NEEDED_YET,False,Keep using cheap/provisional data; no official document collection yet.
MSR,stage_0_full_universe,0,0,0,False,False,False,False,False,NO_OFFICIAL_EVIDENCE_NEEDED_YET,False,Keep using cheap/provisional data; no official document collection yet.
MST,stage_0_full_universe,0,0,0,False,False,False,False,False,NO_OFFICIAL_EVIDENCE_NEEDED_YET,False,Keep using cheap/provisional data; no official document collection yet.
MTA,stage_0_full_universe,0,0,0,False,False,False,False,False,NO_OFFICIAL_EVIDENCE_NEEDED_YET,False,Keep using cheap/provisional data; no official document collection yet.
MTB,stage_0_full_universe,0,0,0,False,False,False,False,False,NO_OFFICIAL_EVIDENCE_NEEDED_YET,False,Keep using cheap/provisional data; no official document collection yet.
MTC,stage_0_full_universe,0,0,0,False,False,False,False,False,NO_OFFICIAL_EVIDENCE_NEEDED_YET,False,Keep using cheap/provisional data; no official document collection yet.
MTG,stage_0_full_universe,0,0,0,False,False,False,False,False,NO_OFFICIAL_EVIDENCE_NEEDED_YET,False,Keep using cheap/provisional data; no official document collection yet.
MTH,stage_0_full_universe,0,0,0,False,False,False,False,False,NO_OFFICIAL_EVIDENCE_NEEDED_YET,False,Keep using cheap/provisional data; no official document collection yet.
MTL,stage_0_full_universe,0,0,0,False,False,False,False,False,NO_OFFICIAL_EVIDENCE_NEEDED_YET,False,Keep using cheap/provisional data; no official document collection yet.
MTP,stage_0_full_universe,0,0,0,False,False,False,False,False,NO_OFFICIAL_EVIDENCE_NEEDED_YET,False,Keep using cheap/provisional data; no official document collection yet.
MTS,stage_0_full_universe,0,0,0,False,False,False,False,False,NO_OFFICIAL_EVIDENCE_NEEDED_YET,False,Keep using cheap/provisional data; no official document collection yet.
MTV,stage_0_full_universe,0,0,0,False,False,False,False,False,NO_OFFICIAL_EVIDENCE_NEEDED_YET,False,Keep using cheap/provisional data; no official document collection yet.
MTX,stage_0_full_universe,0,0,0,False,False,False,False,False,NO_OFFICIAL_EVIDENCE_NEEDED_YET,False,Keep using cheap/provisional data; no official document collection yet.
MVB,stage_0_full_universe,0,0,0,False,False,False,False,False,NO_OFFICIAL_EVIDENCE_NEEDED_YET,False,Keep using cheap/provisional data; no official document collection yet.
MVC,stage_0_full_universe,0,0,0,False,False,False,False,False,NO_OFFICIAL_EVIDENCE_NEEDED_YET,False,Keep using cheap/provisional data; no official document collection yet.
MVN,stage_0_full_universe,0,0,0,False,False,False,False,False,NO_OFFICIAL_EVIDENCE_NEEDED_YET,False,Keep using cheap/provisional data; no official document collection yet.
MWG,stage_0_full_universe,0,0,0,False,False,False,False,False,NO_OFFICIAL_EVIDENCE_NEEDED_YET,False,Keep using cheap/provisional data; no official document collection yet.
MXC,stage_0_full_universe,0,0,0,False,False,False,False,False,NO_OFFICIAL_EVIDENCE_NEEDED_YET,False,Keep using cheap/provisional data; no official document collection yet.
MZG,stage_0_full_universe,0,0,0,False,False,False,False,False,NO_OFFICIAL_EVIDENCE_NEEDED_YET,False,Keep using cheap/provisional data; no official document collection yet.
NAB,stage_0_full_universe,0,0,0,False,False,False,False,False,NO_OFFICIAL_EVIDENCE_NEEDED_YET,False,Keep using cheap/provisional data; no official document collection yet.
NAC,stage_0_full_universe,0,0,0,False,False,False,False,False,NO_OFFICIAL_EVIDENCE_NEEDED_YET,False,Keep using cheap/provisional data; no official document collection yet.
NAF,stage_0_full_universe,0,0,0,False,False,False,False,False,NO_OFFICIAL_EVIDENCE_NEEDED_YET,False,Keep using cheap/provisional data; no official document collection yet.
NAG,stage_0_full_universe,0,0,0,False,False,False,False,False,NO_OFFICIAL_EVIDENCE_NEEDED_YET,False,Keep using cheap/provisional data; no official document collection yet.
NAP,stage_0_full_universe,0,0,0,False,False,False,False,False,NO_OFFICIAL_EVIDENCE_NEEDED_YET,False,Keep using cheap/provisional data; no official document collection yet.
NAS,stage_0_full_universe,0,0,0,False,False,False,False,False,NO_OFFICIAL_EVIDENCE_NEEDED_YET,False,Keep using cheap/provisional data; no official document collection yet.
NAU,stage_0_full_universe,0,0,0,False,False,False,False,False,NO_OFFICIAL_EVIDENCE_NEEDED_YET,False,Keep using cheap/provisional data; no official document collection yet.
NAV,stage_0_full_universe,0,0,0,False,False,False,False,False,NO_OFFICIAL_EVIDENCE_NEEDED_YET,False,Keep using cheap/provisional data; no official document collection yet.
NAW,stage_0_full_universe,0,0,0,False,False,False,False,False,NO_OFFICIAL_EVIDENCE_NEEDED_YET,False,Keep using cheap/provisional data; no official document collection yet.
NBB,stage_0_full_universe,0,0,0,False,False,False,False,False,NO_OFFICIAL_EVIDENCE_NEEDED_YET,False,Keep using cheap/provisional data; no official document collection yet.
NBC,stage_0_full_universe,0,0,0,False,False,False,False,False,NO_OFFICIAL_EVIDENCE_NEEDED_YET,False,Keep using cheap/provisional data; no official document collection yet.
NBE,stage_0_full_universe,0,0,0,False,False,False,False,False,NO_OFFICIAL_EVIDENCE_NEEDED_YET,False,Keep using cheap/provisional data; no official document collection yet.
NBP,stage_0_full_universe,0,0,0,False,False,False,False,False,NO_OFFICIAL_EVIDENCE_NEEDED_YET,False,Keep using cheap/provisional data; no official document collection yet.
NBT,stage_0_full_universe,0,0,0,False,False,False,False,False,NO_OFFICIAL_EVIDENCE_NEEDED_YET,False,Keep using cheap/provisional data; no official document collection yet.
NBW,stage_0_full_universe,0,0,0,False,False,False,False,False,NO_OFFICIAL_EVIDENCE_NEEDED_YET,False,Keep using cheap/provisional data; no official document collection yet.
NCG,stage_0_full_universe,0,0,0,False,False,False,False,False,NO_OFFICIAL_EVIDENCE_NEEDED_YET,False,Keep using cheap/provisional data; no official document collection yet.
NCS,stage_0_full_universe,0,0,0,False,False,False,False,False,NO_OFFICIAL_EVIDENCE_NEEDED_YET,False,Keep using cheap/provisional data; no official document collection yet.
NCT,stage_0_full_universe,0,0,0,False,False,False,False,False,NO_OFFICIAL_EVIDENCE_NEEDED_YET,False,Keep using cheap/provisional data; no official document collection yet.
ND2,stage_0_full_universe,0,0,0,False,False,False,False,False,NO_OFFICIAL_EVIDENCE_NEEDED_YET,False,Keep using cheap/provisional data; no official document collection yet.
NDC,stage_0_full_universe,0,0,0,False,False,False,False,False,NO_OFFICIAL_EVIDENCE_NEEDED_YET,False,Keep using cheap/provisional data; no official document collection yet.
NDF,stage_0_full_universe,0,0,0,False,False,False,False,False,NO_OFFICIAL_EVIDENCE_NEEDED_YET,False,Keep using cheap/provisional data; no official document collection yet.
NDN,stage_0_full_universe,0,0,0,False,False,False,False,False,NO_OFFICIAL_EVIDENCE_NEEDED_YET,False,Keep using cheap/provisional data; no official document collection yet.
NDP,stage_0_full_universe,0,0,0,False,False,False,False,False,NO_OFFICIAL_EVIDENCE_NEEDED_YET,False,Keep using cheap/provisional data; no official document collection yet.
NDT,stage_0_full_universe,0,0,0,False,False,False,False,False,NO_OFFICIAL_EVIDENCE_NEEDED_YET,False,Keep using cheap/provisional data; no official document collection yet.
NDW,stage_0_full_universe,0,0,0,False,False,False,False,False,NO_OFFICIAL_EVIDENCE_NEEDED_YET,False,Keep using cheap/provisional data; no official document collection yet.
NDX,stage_0_full_universe,0,0,0,False,False,False,False,False,NO_OFFICIAL_EVIDENCE_NEEDED_YET,False,Keep using cheap/provisional data; no official document collection yet.
NED,stage_0_full_universe,0,0,0,False,False,False,False,False,NO_OFFICIAL_EVIDENCE_NEEDED_YET,False,Keep using cheap/provisional data; no official document collection yet.
NEM,stage_0_full_universe,0,0,0,False,False,False,False,False,NO_OFFICIAL_EVIDENCE_NEEDED_YET,False,Keep using cheap/provisional data; no official document collection yet.
NET,stage_0_full_universe,0,0,0,False,False,False,False,False,NO_OFFICIAL_EVIDENCE_NEEDED_YET,False,Keep using cheap/provisional data; no official document collection yet.
NFC,stage_0_full_universe,0,0,0,False,False,False,False,False,NO_OFFICIAL_EVIDENCE_NEEDED_YET,False,Keep using cheap/provisional data; no official document collection yet.
NGC,stage_0_full_universe,0,0,0,False,False,False,False,False,NO_OFFICIAL_EVIDENCE_NEEDED_YET,False,Keep using cheap/provisional data; no official document collection yet.
NHA,stage_0_full_universe,0,0,0,False,False,False,False,False,NO_OFFICIAL_EVIDENCE_NEEDED_YET,False,Keep using cheap/provisional data; no official document collection yet.
NHC,stage_0_full_universe,0,0,0,False,False,False,False,False,NO_OFFICIAL_EVIDENCE_NEEDED_YET,False,Keep using cheap/provisional data; no official document collection yet.
NHH,stage_0_full_universe,0,0,0,False,False,False,False,False,NO_OFFICIAL_EVIDENCE_NEEDED_YET,False,Keep using cheap/provisional data; no official document collection yet.
NHP,stage_0_full_universe,0,0,0,False,False,False,False,False,NO_OFFICIAL_EVIDENCE_NEEDED_YET,False,Keep using cheap/provisional data; no official document collection yet.
NHT,stage_0_full_universe,0,0,0,False,False,False,False,False,NO_OFFICIAL_EVIDENCE_NEEDED_YET,False,Keep using cheap/provisional data; no official document collection yet.
NHV,stage_0_full_universe,0,0,0,False,False,False,False,False,NO_OFFICIAL_EVIDENCE_NEEDED_YET,False,Keep using cheap/provisional data; no official document collection yet.
NJC,stage_0_full_universe,0,0,0,False,False,False,False,False,NO_OFFICIAL_EVIDENCE_NEEDED_YET,False,Keep using cheap/provisional data; no official document collection yet.
NKG,stage_0_full_universe,0,0,0,False,False,False,False,False,NO_OFFICIAL_EVIDENCE_NEEDED_YET,False,Keep using cheap/provisional data; no official document collection yet.
NLG,stage_0_full_universe,0,0,0,True,True,False,True,False,NO_OFFICIAL_EVIDENCE_NEEDED_YET,False,Keep using cheap/provisional data; no official document collection yet.
NLS,stage_0_full_universe,0,0,0,False,False,False,False,False,NO_OFFICIAL_EVIDENCE_NEEDED_YET,False,Keep using cheap/provisional data; no official document collection yet.
NNC,stage_0_full_universe,0,0,0,False,False,False,False,False,NO_OFFICIAL_EVIDENCE_NEEDED_YET,False,Keep using cheap/provisional data; no official document collection yet.
NNG,stage_0_full_universe,0,0,0,False,False,False,False,False,NO_OFFICIAL_EVIDENCE_NEEDED_YET,False,Keep using cheap/provisional data; no official document collection yet.
NNQ,stage_0_full_universe,0,0,0,False,False,False,False,False,NO_OFFICIAL_EVIDENCE_NEEDED_YET,False,Keep using cheap/provisional data; no official document collection yet.
NNT,stage_0_full_universe,0,0,0,False,False,False,False,False,NO_OFFICIAL_EVIDENCE_NEEDED_YET,False,Keep using cheap/provisional data; no official document collection yet.
NO1,stage_0_full_universe,0,0,0,False,False,False,False,False,NO_OFFICIAL_EVIDENCE_NEEDED_YET,False,Keep using cheap/provisional data; no official document collection yet.
NOS,stage_0_full_universe,0,0,0,False,False,False,False,False,NO_OFFICIAL_EVIDENCE_NEEDED_YET,False,Keep using cheap/provisional data; no official document collection yet.
NQB,stage_0_full_universe,0,0,0,False,False,False,False,False,NO_OFFICIAL_EVIDENCE_NEEDED_YET,False,Keep using cheap/provisional data; no official document collection yet.
NQN,stage_0_full_universe,0,0,0,False,False,False,False,False,NO_OFFICIAL_EVIDENCE_NEEDED_YET,False,Keep using cheap/provisional data; no official document collection yet.
NQT,stage_0_full_universe,0,0,0,False,False,False,False,False,NO_OFFICIAL_EVIDENCE_NEEDED_YET,False,Keep using cheap/provisional data; no official document collection yet.
NRC,stage_0_full_universe,0,0,0,False,False,False,False,False,NO_OFFICIAL_EVIDENCE_NEEDED_YET,False,Keep using cheap/provisional data; no official document collection yet.
NS2,stage_0_full_universe,0,0,0,False,False,False,False,False,NO_OFFICIAL_EVIDENCE_NEEDED_YET,False,Keep using cheap/provisional data; no official document collection yet.
NS3,stage_0_full_universe,0,0,0,False,False,False,False,False,NO_OFFICIAL_EVIDENCE_NEEDED_YET,False,Keep using cheap/provisional data; no official document collection yet.
NSC,stage_0_full_universe,0,0,0,False,False,False,False,False,NO_OFFICIAL_EVIDENCE_NEEDED_YET,False,Keep using cheap/provisional data; no official document collection yet.
NSG,stage_0_full_universe,0,0,0,False,False,False,False,False,NO_OFFICIAL_EVIDENCE_NEEDED_YET,False,Keep using cheap/provisional data; no official document collection yet.
NSH,stage_0_full_universe,0,0,0,False,False,False,False,False,NO_OFFICIAL_EVIDENCE_NEEDED_YET,False,Keep using cheap/provisional data; no official document collection yet.
NSL,stage_0_full_universe,0,0,0,False,False,False,False,False,NO_OFFICIAL_EVIDENCE_NEEDED_YET,False,Keep using cheap/provisional data; no official document collection yet.
NSS,stage_0_full_universe,0,0,0,False,False,False,False,False,NO_OFFICIAL_EVIDENCE_NEEDED_YET,False,Keep using cheap/provisional data; no official document collection yet.
NST,stage_0_full_universe,0,0,0,False,False,False,False,False,NO_OFFICIAL_EVIDENCE_NEEDED_YET,False,Keep using cheap/provisional data; no official document collection yet.
NT2,stage_0_full_universe,0,0,0,False,False,False,False,False,NO_OFFICIAL_EVIDENCE_NEEDED_YET,False,Keep using cheap/provisional data; no official document collection yet.
NTB,stage_0_full_universe,0,0,0,False,False,False,False,False,NO_OFFICIAL_EVIDENCE_NEEDED_YET,False,Keep using cheap/provisional data; no official document collection yet.
NTC,stage_0_full_universe,0,0,0,False,False,False,False,False,NO_OFFICIAL_EVIDENCE_NEEDED_YET,False,Keep using cheap/provisional data; no official document collection yet.
NTF,stage_0_full_universe,0,0,0,False,False,False,False,False,NO_OFFICIAL_EVIDENCE_NEEDED_YET,False,Keep using cheap/provisional data; no official document collection yet.
NTH,stage_0_full_universe,0,0,0,False,False,False,False,False,NO_OFFICIAL_EVIDENCE_NEEDED_YET,False,Keep using cheap/provisional data; no official document collection yet.
NTL,stage_0_full_universe,0,0,0,False,False,False,False,False,NO_OFFICIAL_EVIDENCE_NEEDED_YET,False,Keep using cheap/provisional data; no official document collection yet.
NTP,stage_0_full_universe,0,0,0,False,False,False,False,False,NO_OFFICIAL_EVIDENCE_NEEDED_YET,False,Keep using cheap/provisional data; no official document collection yet.
NTT,stage_0_full_universe,0,0,0,False,False,False,False,False,NO_OFFICIAL_EVIDENCE_NEEDED_YET,False,Keep using cheap/provisional data; no official document collection yet.
NTW,stage_0_full_universe,0,0,0,False,False,False,False,False,NO_OFFICIAL_EVIDENCE_NEEDED_YET,False,Keep using cheap/provisional data; no official document collection yet.
NUE,stage_0_full_universe,0,0,0,False,False,False,False,False,NO_OFFICIAL_EVIDENCE_NEEDED_YET,False,Keep using cheap/provisional data; no official document collection yet.
NVB,stage_0_full_universe,0,0,0,False,False,False,False,False,NO_OFFICIAL_EVIDENCE_NEEDED_YET,False,Keep using cheap/provisional data; no official document collection yet.
NVL,stage_0_full_universe,0,0,0,False,False,False,False,False,NO_OFFICIAL_EVIDENCE_NEEDED_YET,False,Keep using cheap/provisional data; no official document collection yet.
NVP,stage_0_full_universe,0,0,0,False,False,False,False,False,NO_OFFICIAL_EVIDENCE_NEEDED_YET,False,Keep using cheap/provisional data; no official document collection yet.
NVT,stage_0_full_universe,0,0,0,False,False,False,False,False,NO_OFFICIAL_EVIDENCE_NEEDED_YET,False,Keep using cheap/provisional data; no official document collection yet.
NWT,stage_0_full_universe,0,0,0,False,False,False,False,False,NO_OFFICIAL_EVIDENCE_NEEDED_YET,False,Keep using cheap/provisional data; no official document collection yet.
NXT,stage_0_full_universe,0,0,0,False,False,False,False,False,NO_OFFICIAL_EVIDENCE_NEEDED_YET,False,Keep using cheap/provisional data; no official document collection yet.
OCB,stage_0_full_universe,0,0,0,False,False,False,False,False,NO_OFFICIAL_EVIDENCE_NEEDED_YET,False,Keep using cheap/provisional data; no official document collection yet.
OCH,stage_0_full_universe,0,0,0,False,False,False,False,False,NO_OFFICIAL_EVIDENCE_NEEDED_YET,False,Keep using cheap/provisional data; no official document collection yet.
ODE,stage_0_full_universe,0,0,0,False,False,False,False,False,NO_OFFICIAL_EVIDENCE_NEEDED_YET,False,Keep using cheap/provisional data; no official document collection yet.
OGC,stage_0_full_universe,0,0,0,False,False,False,False,False,NO_OFFICIAL_EVIDENCE_NEEDED_YET,False,Keep using cheap/provisional data; no official document collection yet.
OIL,stage_0_full_universe,0,0,0,False,False,False,False,False,NO_OFFICIAL_EVIDENCE_NEEDED_YET,False,Keep using cheap/provisional data; no official document collection yet.
ONE,stage_0_full_universe,0,0,0,False,False,False,False,False,NO_OFFICIAL_EVIDENCE_NEEDED_YET,False,Keep using cheap/provisional data; no official document collection yet.
ONW,stage_0_full_universe,0,0,0,False,False,False,False,False,NO_OFFICIAL_EVIDENCE_NEEDED_YET,False,Keep using cheap/provisional data; no official document collection yet.
OPC,stage_0_full_universe,0,0,0,False,False,False,False,False,NO_OFFICIAL_EVIDENCE_NEEDED_YET,False,Keep using cheap/provisional data; no official document collection yet.
ORS,stage_0_full_universe,0,0,0,False,False,False,False,False,NO_OFFICIAL_EVIDENCE_NEEDED_YET,False,Keep using cheap/provisional data; no official document collection yet.
PAC,stage_0_full_universe,0,0,0,False,False,False,False,False,NO_OFFICIAL_EVIDENCE_NEEDED_YET,False,Keep using cheap/provisional data; no official document collection yet.
PAI,stage_0_full_universe,0,0,0,False,False,False,False,False,NO_OFFICIAL_EVIDENCE_NEEDED_YET,False,Keep using cheap/provisional data; no official document collection yet.
PAN,stage_0_full_universe,0,0,0,False,False,False,False,False,NO_OFFICIAL_EVIDENCE_NEEDED_YET,False,Keep using cheap/provisional data; no official document collection yet.
PAP,stage_0_full_universe,0,0,0,False,False,False,False,False,NO_OFFICIAL_EVIDENCE_NEEDED_YET,False,Keep using cheap/provisional data; no official document collection yet.
PAS,stage_0_full_universe,0,0,0,False,False,False,False,False,NO_OFFICIAL_EVIDENCE_NEEDED_YET,False,Keep using cheap/provisional data; no official document collection yet.
PAT,stage_0_full_universe,0,0,0,False,False,False,False,False,NO_OFFICIAL_EVIDENCE_NEEDED_YET,False,Keep using cheap/provisional data; no official document collection yet.
PBC,stage_0_full_universe,0,0,0,False,False,False,False,False,NO_OFFICIAL_EVIDENCE_NEEDED_YET,False,Keep using cheap/provisional data; no official document collection yet.
PBP,stage_0_full_universe,0,0,0,False,False,False,False,False,NO_OFFICIAL_EVIDENCE_NEEDED_YET,False,Keep using cheap/provisional data; no official document collection yet.
PBT,stage_0_full_universe,0,0,0,False,False,False,False,False,NO_OFFICIAL_EVIDENCE_NEEDED_YET,False,Keep using cheap/provisional data; no official document collection yet.
PC1,stage_0_full_universe,0,0,0,False,False,False,False,False,NO_OFFICIAL_EVIDENCE_NEEDED_YET,False,Keep using cheap/provisional data; no official document collection yet.
PCC,stage_0_full_universe,0,0,0,False,False,False,False,False,NO_OFFICIAL_EVIDENCE_NEEDED_YET,False,Keep using cheap/provisional data; no official document collection yet.
PCE,stage_0_full_universe,0,0,0,False,False,False,False,False,NO_OFFICIAL_EVIDENCE_NEEDED_YET,False,Keep using cheap/provisional data; no official document collection yet.
PCF,stage_0_full_universe,0,0,0,False,False,False,False,False,NO_OFFICIAL_EVIDENCE_NEEDED_YET,False,Keep using cheap/provisional data; no official document collection yet.
PCG,stage_0_full_universe,0,0,0,False,False,False,False,False,NO_OFFICIAL_EVIDENCE_NEEDED_YET,False,Keep using cheap/provisional data; no official document collection yet.
PCH,stage_0_full_universe,0,0,0,False,False,False,False,False,NO_OFFICIAL_EVIDENCE_NEEDED_YET,False,Keep using cheap/provisional data; no official document collection yet.
PCM,stage_0_full_universe,0,0,0,False,False,False,False,False,NO_OFFICIAL_EVIDENCE_NEEDED_YET,False,Keep using cheap/provisional data; no official document collection yet.
PCN,stage_0_full_universe,0,0,0,False,False,False,False,False,NO_OFFICIAL_EVIDENCE_NEEDED_YET,False,Keep using cheap/provisional data; no official document collection yet.
PCT,stage_0_full_universe,0,0,0,False,False,False,False,False,NO_OFFICIAL_EVIDENCE_NEEDED_YET,False,Keep using cheap/provisional data; no official document collection yet.
PDB,stage_0_full_universe,0,0,0,False,False,False,False,False,NO_OFFICIAL_EVIDENCE_NEEDED_YET,False,Keep using cheap/provisional data; no official document collection yet.
PDC,stage_0_full_universe,0,0,0,False,False,False,False,False,NO_OFFICIAL_EVIDENCE_NEEDED_YET,False,Keep using cheap/provisional data; no official document collection yet.
PDN,stage_0_full_universe,0,0,0,False,False,False,False,False,NO_OFFICIAL_EVIDENCE_NEEDED_YET,False,Keep using cheap/provisional data; no official document collection yet.
PDR,stage_0_full_universe,0,0,0,False,False,False,False,False,NO_OFFICIAL_EVIDENCE_NEEDED_YET,False,Keep using cheap/provisional data; no official document collection yet.
PDT,stage_0_full_universe,0,0,0,False,False,False,False,False,NO_OFFICIAL_EVIDENCE_NEEDED_YET,False,Keep using cheap/provisional data; no official document collection yet.
PDV,stage_0_full_universe,0,0,0,False,False,False,False,False,NO_OFFICIAL_EVIDENCE_NEEDED_YET,False,Keep using cheap/provisional data; no official document collection yet.
PEC,stage_0_full_universe,0,0,0,False,False,False,False,False,NO_OFFICIAL_EVIDENCE_NEEDED_YET,False,Keep using cheap/provisional data; no official document collection yet.
PEG,stage_0_full_universe,0,0,0,False,False,False,False,False,NO_OFFICIAL_EVIDENCE_NEEDED_YET,False,Keep using cheap/provisional data; no official document collection yet.
PEN,stage_0_full_universe,0,0,0,False,False,False,False,False,NO_OFFICIAL_EVIDENCE_NEEDED_YET,False,Keep using cheap/provisional data; no official document collection yet.
PEQ,stage_0_full_universe,0,0,0,False,False,False,False,False,NO_OFFICIAL_EVIDENCE_NEEDED_YET,False,Keep using cheap/provisional data; no official document collection yet.
PET,stage_0_full_universe,0,0,0,False,False,False,False,False,NO_OFFICIAL_EVIDENCE_NEEDED_YET,False,Keep using cheap/provisional data; no official document collection yet.
PFL,stage_0_full_universe,0,0,0,False,False,False,False,False,NO_OFFICIAL_EVIDENCE_NEEDED_YET,False,Keep using cheap/provisional data; no official document collection yet.
PGB,stage_0_full_universe,0,0,0,False,False,False,False,False,NO_OFFICIAL_EVIDENCE_NEEDED_YET,False,Keep using cheap/provisional data; no official document collection yet.
PGC,stage_0_full_universe,0,0,0,False,False,False,False,False,NO_OFFICIAL_EVIDENCE_NEEDED_YET,False,Keep using cheap/provisional data; no official document collection yet.
PGD,stage_0_full_universe,0,0,0,False,False,False,False,False,NO_OFFICIAL_EVIDENCE_NEEDED_YET,False,Keep using cheap/provisional data; no official document collection yet.
PGI,stage_0_full_universe,0,0,0,False,False,False,False,False,NO_OFFICIAL_EVIDENCE_NEEDED_YET,False,Keep using cheap/provisional data; no official document collection yet.
PGN,stage_0_full_universe,0,0,0,False,False,False,False,False,NO_OFFICIAL_EVIDENCE_NEEDED_YET,False,Keep using cheap/provisional data; no official document collection yet.
PGS,stage_0_full_universe,0,0,0,False,False,False,False,False,NO_OFFICIAL_EVIDENCE_NEEDED_YET,False,Keep using cheap/provisional data; no official document collection yet.
PGT,stage_0_full_universe,0,0,0,False,False,False,False,False,NO_OFFICIAL_EVIDENCE_NEEDED_YET,False,Keep using cheap/provisional data; no official document collection yet.
PGV,stage_0_full_universe,0,0,0,False,False,False,False,False,NO_OFFICIAL_EVIDENCE_NEEDED_YET,False,Keep using cheap/provisional data; no official document collection yet.
PHC,stage_0_full_universe,0,0,0,False,False,False,False,False,NO_OFFICIAL_EVIDENCE_NEEDED_YET,False,Keep using cheap/provisional data; no official document collection yet.
PHH,stage_0_full_universe,0,0,0,False,False,False,False,False,NO_OFFICIAL_EVIDENCE_NEEDED_YET,False,Keep using cheap/provisional data; no official document collection yet.
PHN,stage_0_full_universe,0,0,0,False,False,False,False,False,NO_OFFICIAL_EVIDENCE_NEEDED_YET,False,Keep using cheap/provisional data; no official document collection yet.
PHP,stage_0_full_universe,0,0,0,False,False,False,False,False,NO_OFFICIAL_EVIDENCE_NEEDED_YET,False,Keep using cheap/provisional data; no official document collection yet.
PHR,stage_0_full_universe,0,0,0,False,False,False,False,False,NO_OFFICIAL_EVIDENCE_NEEDED_YET,False,Keep using cheap/provisional data; no official document collection yet.
PHS,stage_0_full_universe,0,0,0,False,False,False,False,False,NO_OFFICIAL_EVIDENCE_NEEDED_YET,False,Keep using cheap/provisional data; no official document collection yet.
PIA,stage_0_full_universe,0,0,0,False,False,False,False,False,NO_OFFICIAL_EVIDENCE_NEEDED_YET,False,Keep using cheap/provisional data; no official document collection yet.
PIC,stage_0_full_universe,0,0,0,False,False,False,False,False,NO_OFFICIAL_EVIDENCE_NEEDED_YET,False,Keep using cheap/provisional data; no official document collection yet.
PID,stage_0_full_universe,0,0,0,False,False,False,False,False,NO_OFFICIAL_EVIDENCE_NEEDED_YET,False,Keep using cheap/provisional data; no official document collection yet.
PIS,stage_0_full_universe,0,0,0,False,False,False,False,False,NO_OFFICIAL_EVIDENCE_NEEDED_YET,False,Keep using cheap/provisional data; no official document collection yet.
PIT,stage_0_full_universe,0,0,0,False,False,False,False,False,NO_OFFICIAL_EVIDENCE_NEEDED_YET,False,Keep using cheap/provisional data; no official document collection yet.
PIV,stage_0_full_universe,0,0,0,False,False,False,False,False,NO_OFFICIAL_EVIDENCE_NEEDED_YET,False,Keep using cheap/provisional data; no official document collection yet.
PJC,stage_0_full_universe,0,0,0,False,False,False,False,False,NO_OFFICIAL_EVIDENCE_NEEDED_YET,False,Keep using cheap/provisional data; no official document collection yet.
PJS,stage_0_full_universe,0,0,0,False,False,False,False,False,NO_OFFICIAL_EVIDENCE_NEEDED_YET,False,Keep using cheap/provisional data; no official document collection yet.
PJT,stage_0_full_universe,0,0,0,False,False,False,False,False,NO_OFFICIAL_EVIDENCE_NEEDED_YET,False,Keep using cheap/provisional data; no official document collection yet.
PLA,stage_0_full_universe,0,0,0,False,False,False,False,False,NO_OFFICIAL_EVIDENCE_NEEDED_YET,False,Keep using cheap/provisional data; no official document collection yet.
PLC,stage_0_full_universe,0,0,0,False,False,False,False,False,NO_OFFICIAL_EVIDENCE_NEEDED_YET,False,Keep using cheap/provisional data; no official document collection yet.
PLE,stage_0_full_universe,0,0,0,False,False,False,False,False,NO_OFFICIAL_EVIDENCE_NEEDED_YET,False,Keep using cheap/provisional data; no official document collection yet.
PLO,stage_0_full_universe,0,0,0,False,False,False,False,False,NO_OFFICIAL_EVIDENCE_NEEDED_YET,False,Keep using cheap/provisional data; no official document collection yet.
PLP,stage_0_full_universe,0,0,0,False,False,False,False,False,NO_OFFICIAL_EVIDENCE_NEEDED_YET,False,Keep using cheap/provisional data; no official document collection yet.
PLX,stage_0_full_universe,0,0,0,False,False,False,False,False,NO_OFFICIAL_EVIDENCE_NEEDED_YET,False,Keep using cheap/provisional data; no official document collection yet.
PMB,stage_0_full_universe,0,0,0,False,False,False,False,False,NO_OFFICIAL_EVIDENCE_NEEDED_YET,False,Keep using cheap/provisional data; no official document collection yet.
PMC,stage_0_full_universe,0,0,0,False,False,False,False,False,NO_OFFICIAL_EVIDENCE_NEEDED_YET,False,Keep using cheap/provisional data; no official document collection yet.
PMG,stage_0_full_universe,0,0,0,False,False,False,False,False,NO_OFFICIAL_EVIDENCE_NEEDED_YET,False,Keep using cheap/provisional data; no official document collection yet.
PMJ,stage_0_full_universe,0,0,0,False,False,False,False,False,NO_OFFICIAL_EVIDENCE_NEEDED_YET,False,Keep using cheap/provisional data; no official document collection yet.
PMP,stage_0_full_universe,0,0,0,False,False,False,False,False,NO_OFFICIAL_EVIDENCE_NEEDED_YET,False,Keep using cheap/provisional data; no official document collection yet.
PMS,stage_0_full_universe,0,0,0,False,False,False,False,False,NO_OFFICIAL_EVIDENCE_NEEDED_YET,False,Keep using cheap/provisional data; no official document collection yet.
PMT,stage_0_full_universe,0,0,0,False,False,False,False,False,NO_OFFICIAL_EVIDENCE_NEEDED_YET,False,Keep using cheap/provisional data; no official document collection yet.
PMW,stage_0_full_universe,0,0,0,False,False,False,False,False,NO_OFFICIAL_EVIDENCE_NEEDED_YET,False,Keep using cheap/provisional data; no official document collection yet.
PNC,stage_0_full_universe,0,0,0,False,False,False,False,False,NO_OFFICIAL_EVIDENCE_NEEDED_YET,False,Keep using cheap/provisional data; no official document collection yet.
PND,stage_0_full_universe,0,0,0,False,False,False,False,False,NO_OFFICIAL_EVIDENCE_NEEDED_YET,False,Keep using cheap/provisional data; no official document collection yet.
PNG,stage_0_full_universe,0,0,0,False,False,False,False,False,NO_OFFICIAL_EVIDENCE_NEEDED_YET,False,Keep using cheap/provisional data; no official document collection yet.
PNJ,stage_0_full_universe,0,0,0,False,False,False,False,False,NO_OFFICIAL_EVIDENCE_NEEDED_YET,False,Keep using cheap/provisional data; no official document collection yet.
PNP,stage_0_full_universe,0,0,0,False,False,False,False,False,NO_OFFICIAL_EVIDENCE_NEEDED_YET,False,Keep using cheap/provisional data; no official document collection yet.
PNT,stage_0_full_universe,0,0,0,False,False,False,False,False,NO_OFFICIAL_EVIDENCE_NEEDED_YET,False,Keep using cheap/provisional data; no official document collection yet.
POB,stage_0_full_universe,0,0,0,False,False,False,False,False,NO_OFFICIAL_EVIDENCE_NEEDED_YET,False,Keep using cheap/provisional data; no official document collection yet.
POM,stage_0_full_universe,0,0,0,False,False,False,False,False,NO_OFFICIAL_EVIDENCE_NEEDED_YET,False,Keep using cheap/provisional data; no official document collection yet.
POS,stage_0_full_universe,0,0,0,False,False,False,False,False,NO_OFFICIAL_EVIDENCE_NEEDED_YET,False,Keep using cheap/provisional data; no official document collection yet.
POT,stage_0_full_universe,0,0,0,False,False,False,False,False,NO_OFFICIAL_EVIDENCE_NEEDED_YET,False,Keep using cheap/provisional data; no official document collection yet.
POV,stage_0_full_universe,0,0,0,False,False,False,False,False,NO_OFFICIAL_EVIDENCE_NEEDED_YET,False,Keep using cheap/provisional data; no official document collection yet.
POW,stage_0_full_universe,0,0,0,False,False,False,False,False,NO_OFFICIAL_EVIDENCE_NEEDED_YET,False,Keep using cheap/provisional data; no official document collection yet.
PPC,stage_0_full_universe,0,0,0,False,False,False,False,False,NO_OFFICIAL_EVIDENCE_NEEDED_YET,False,Keep using cheap/provisional data; no official document collection yet.
PPE,stage_0_full_universe,0,0,0,False,False,False,False,False,NO_OFFICIAL_EVIDENCE_NEEDED_YET,False,Keep using cheap/provisional data; no official document collection yet.
PPH,stage_0_full_universe,0,0,0,False,False,False,False,False,NO_OFFICIAL_EVIDENCE_NEEDED_YET,False,Keep using cheap/provisional data; no official document collection yet.
PPI,stage_0_full_universe,0,0,0,False,False,False,False,False,NO_OFFICIAL_EVIDENCE_NEEDED_YET,False,Keep using cheap/provisional data; no official document collection yet.
PPP,stage_0_full_universe,0,0,0,False,False,False,False,False,NO_OFFICIAL_EVIDENCE_NEEDED_YET,False,Keep using cheap/provisional data; no official document collection yet.
PPS,stage_0_full_universe,0,0,0,False,False,False,False,False,NO_OFFICIAL_EVIDENCE_NEEDED_YET,False,Keep using cheap/provisional data; no official document collection yet.
PPT,stage_0_full_universe,0,0,0,False,False,False,False,False,NO_OFFICIAL_EVIDENCE_NEEDED_YET,False,Keep using cheap/provisional data; no official document collection yet.
PPY,stage_0_full_universe,0,0,0,False,False,False,False,False,NO_OFFICIAL_EVIDENCE_NEEDED_YET,False,Keep using cheap/provisional data; no official document collection yet.
PQN,stage_0_full_universe,0,0,0,False,False,False,False,False,NO_OFFICIAL_EVIDENCE_NEEDED_YET,False,Keep using cheap/provisional data; no official document collection yet.
PRC,stage_0_full_universe,0,0,0,False,False,False,False,False,NO_OFFICIAL_EVIDENCE_NEEDED_YET,False,Keep using cheap/provisional data; no official document collection yet.
PRE,stage_0_full_universe,0,0,0,False,False,False,False,False,NO_OFFICIAL_EVIDENCE_NEEDED_YET,False,Keep using cheap/provisional data; no official document collection yet.
PRO,stage_0_full_universe,0,0,0,False,False,False,False,False,NO_OFFICIAL_EVIDENCE_NEEDED_YET,False,Keep using cheap/provisional data; no official document collection yet.
PRT,stage_0_full_universe,0,0,0,False,False,False,False,False,NO_OFFICIAL_EVIDENCE_NEEDED_YET,False,Keep using cheap/provisional data; no official document collection yet.
PSB,stage_0_full_universe,0,0,0,False,False,False,False,False,NO_OFFICIAL_EVIDENCE_NEEDED_YET,False,Keep using cheap/provisional data; no official document collection yet.
PSC,stage_0_full_universe,0,0,0,False,False,False,False,False,NO_OFFICIAL_EVIDENCE_NEEDED_YET,False,Keep using cheap/provisional data; no official document collection yet.
PSD,stage_0_full_universe,0,0,0,False,False,False,False,False,NO_OFFICIAL_EVIDENCE_NEEDED_YET,False,Keep using cheap/provisional data; no official document collection yet.
PSE,stage_0_full_universe,0,0,0,False,False,False,False,False,NO_OFFICIAL_EVIDENCE_NEEDED_YET,False,Keep using cheap/provisional data; no official document collection yet.
PSG,stage_0_full_universe,0,0,0,False,False,False,False,False,NO_OFFICIAL_EVIDENCE_NEEDED_YET,False,Keep using cheap/provisional data; no official document collection yet.
PSH,stage_0_full_universe,0,0,0,False,False,False,False,False,NO_OFFICIAL_EVIDENCE_NEEDED_YET,False,Keep using cheap/provisional data; no official document collection yet.
PSI,stage_0_full_universe,0,0,0,False,False,False,False,False,NO_OFFICIAL_EVIDENCE_NEEDED_YET,False,Keep using cheap/provisional data; no official document collection yet.
PSL,stage_0_full_universe,0,0,0,False,False,False,False,False,NO_OFFICIAL_EVIDENCE_NEEDED_YET,False,Keep using cheap/provisional data; no official document collection yet.
PSN,stage_0_full_universe,0,0,0,False,False,False,False,False,NO_OFFICIAL_EVIDENCE_NEEDED_YET,False,Keep using cheap/provisional data; no official document collection yet.
PSP,stage_0_full_universe,0,0,0,False,False,False,False,False,NO_OFFICIAL_EVIDENCE_NEEDED_YET,False,Keep using cheap/provisional data; no official document collection yet.
PSW,stage_0_full_universe,0,0,0,False,False,False,False,False,NO_OFFICIAL_EVIDENCE_NEEDED_YET,False,Keep using cheap/provisional data; no official document collection yet.
PTB,stage_0_full_universe,0,0,0,False,False,False,False,False,NO_OFFICIAL_EVIDENCE_NEEDED_YET,False,Keep using cheap/provisional data; no official document collection yet.
PTC,stage_0_full_universe,0,0,0,False,False,False,False,False,NO_OFFICIAL_EVIDENCE_NEEDED_YET,False,Keep using cheap/provisional data; no official document collection yet.
PTD,stage_0_full_universe,0,0,0,False,False,False,False,False,NO_OFFICIAL_EVIDENCE_NEEDED_YET,False,Keep using cheap/provisional data; no official document collection yet.
PTE,stage_0_full_universe,0,0,0,False,False,False,False,False,NO_OFFICIAL_EVIDENCE_NEEDED_YET,False,Keep using cheap/provisional data; no official document collection yet.
PTG,stage_0_full_universe,0,0,0,False,False,False,False,False,NO_OFFICIAL_EVIDENCE_NEEDED_YET,False,Keep using cheap/provisional data; no official document collection yet.
PTH,stage_0_full_universe,0,0,0,False,False,False,False,False,NO_OFFICIAL_EVIDENCE_NEEDED_YET,False,Keep using cheap/provisional data; no official document collection yet.
PTI,stage_0_full_universe,0,0,0,False,False,False,False,False,NO_OFFICIAL_EVIDENCE_NEEDED_YET,False,Keep using cheap/provisional data; no official document collection yet.
PTL,stage_0_full_universe,0,0,0,False,False,False,False,False,NO_OFFICIAL_EVIDENCE_NEEDED_YET,False,Keep using cheap/provisional data; no official document collection yet.
PTM,stage_0_full_universe,0,0,0,False,False,False,False,False,NO_OFFICIAL_EVIDENCE_NEEDED_YET,False,Keep using cheap/provisional data; no official document collection yet.
PTN,stage_0_full_universe,0,0,0,False,False,False,False,False,NO_OFFICIAL_EVIDENCE_NEEDED_YET,False,Keep using cheap/provisional data; no official document collection yet.
PTO,stage_0_full_universe,0,0,0,False,False,False,False,False,NO_OFFICIAL_EVIDENCE_NEEDED_YET,False,Keep using cheap/provisional data; no official document collection yet.
PTP,stage_0_full_universe,0,0,0,False,False,False,False,False,NO_OFFICIAL_EVIDENCE_NEEDED_YET,False,Keep using cheap/provisional data; no official document collection yet.
PTS,stage_0_full_universe,0,0,0,False,False,False,False,False,NO_OFFICIAL_EVIDENCE_NEEDED_YET,False,Keep using cheap/provisional data; no official document collection yet.
PTT,stage_0_full_universe,0,0,0,False,False,False,False,False,NO_OFFICIAL_EVIDENCE_NEEDED_YET,False,Keep using cheap/provisional data; no official document collection yet.
PTV,stage_0_full_universe,0,0,0,False,False,False,False,False,NO_OFFICIAL_EVIDENCE_NEEDED_YET,False,Keep using cheap/provisional data; no official document collection yet.
PTX,stage_0_full_universe,0,0,0,False,False,False,False,False,NO_OFFICIAL_EVIDENCE_NEEDED_YET,False,Keep using cheap/provisional data; no official document collection yet.
PV2,stage_0_full_universe,0,0,0,False,False,False,False,False,NO_OFFICIAL_EVIDENCE_NEEDED_YET,False,Keep using cheap/provisional data; no official document collection yet.
PVA,stage_0_full_universe,0,0,0,False,False,False,False,False,NO_OFFICIAL_EVIDENCE_NEEDED_YET,False,Keep using cheap/provisional data; no official document collection yet.
PVB,stage_0_full_universe,0,0,0,False,False,False,False,False,NO_OFFICIAL_EVIDENCE_NEEDED_YET,False,Keep using cheap/provisional data; no official document collection yet.
PVC,stage_0_full_universe,0,0,0,False,False,False,False,False,NO_OFFICIAL_EVIDENCE_NEEDED_YET,False,Keep using cheap/provisional data; no official document collection yet.
PVD,stage_0_full_universe,0,0,0,False,False,False,False,False,NO_OFFICIAL_EVIDENCE_NEEDED_YET,False,Keep using cheap/provisional data; no official document collection yet.
PVE,stage_0_full_universe,0,0,0,False,False,False,False,False,NO_OFFICIAL_EVIDENCE_NEEDED_YET,False,Keep using cheap/provisional data; no official document collection yet.
PVG,stage_0_full_universe,0,0,0,False,False,False,False,False,NO_OFFICIAL_EVIDENCE_NEEDED_YET,False,Keep using cheap/provisional data; no official document collection yet.
PVH,stage_0_full_universe,0,0,0,False,False,False,False,False,NO_OFFICIAL_EVIDENCE_NEEDED_YET,False,Keep using cheap/provisional data; no official document collection yet.
PVI,stage_0_full_universe,0,0,0,False,False,False,False,False,NO_OFFICIAL_EVIDENCE_NEEDED_YET,False,Keep using cheap/provisional data; no official document collection yet.
PVL,stage_0_full_universe,0,0,0,False,False,False,False,False,NO_OFFICIAL_EVIDENCE_NEEDED_YET,False,Keep using cheap/provisional data; no official document collection yet.
PVM,stage_0_full_universe,0,0,0,False,False,False,False,False,NO_OFFICIAL_EVIDENCE_NEEDED_YET,False,Keep using cheap/provisional data; no official document collection yet.
PVO,stage_0_full_universe,0,0,0,False,False,False,False,False,NO_OFFICIAL_EVIDENCE_NEEDED_YET,False,Keep using cheap/provisional data; no official document collection yet.
PVP,stage_0_full_universe,0,0,0,False,False,False,False,False,NO_OFFICIAL_EVIDENCE_NEEDED_YET,False,Keep using cheap/provisional data; no official document collection yet.
PVR,stage_0_full_universe,0,0,0,False,False,False,False,False,NO_OFFICIAL_EVIDENCE_NEEDED_YET,False,Keep using cheap/provisional data; no official document collection yet.
PVS,stage_0_full_universe,0,0,0,True,True,False,True,False,NO_OFFICIAL_EVIDENCE_NEEDED_YET,False,Keep using cheap/provisional data; no official document collection yet.
PVT,stage_0_full_universe,0,0,0,False,False,False,False,False,NO_OFFICIAL_EVIDENCE_NEEDED_YET,False,Keep using cheap/provisional data; no official document collection yet.
PVV,stage_0_full_universe,0,0,0,False,False,False,False,False,NO_OFFICIAL_EVIDENCE_NEEDED_YET,False,Keep using cheap/provisional data; no official document collection yet.
PVX,stage_0_full_universe,0,0,0,False,False,False,False,False,NO_OFFICIAL_EVIDENCE_NEEDED_YET,False,Keep using cheap/provisional data; no official document collection yet.
PVY,stage_0_full_universe,0,0,0,False,False,False,False,False,NO_OFFICIAL_EVIDENCE_NEEDED_YET,False,Keep using cheap/provisional data; no official document collection yet.
PWA,stage_0_full_universe,0,0,0,False,False,False,False,False,NO_OFFICIAL_EVIDENCE_NEEDED_YET,False,Keep using cheap/provisional data; no official document collection yet.
PWS,stage_0_full_universe,0,0,0,False,False,False,False,False,NO_OFFICIAL_EVIDENCE_NEEDED_YET,False,Keep using cheap/provisional data; no official document collection yet.
PX1,stage_0_full_universe,0,0,0,False,False,False,False,False,NO_OFFICIAL_EVIDENCE_NEEDED_YET,False,Keep using cheap/provisional data; no official document collection yet.
PXA,stage_0_full_universe,0,0,0,False,False,False,False,False,NO_OFFICIAL_EVIDENCE_NEEDED_YET,False,Keep using cheap/provisional data; no official document collection yet.
PXC,stage_0_full_universe,0,0,0,False,False,False,False,False,NO_OFFICIAL_EVIDENCE_NEEDED_YET,False,Keep using cheap/provisional data; no official document collection yet.
PXI,stage_0_full_universe,0,0,0,False,False,False,False,False,NO_OFFICIAL_EVIDENCE_NEEDED_YET,False,Keep using cheap/provisional data; no official document collection yet.
PXL,stage_0_full_universe,0,0,0,False,False,False,False,False,NO_OFFICIAL_EVIDENCE_NEEDED_YET,False,Keep using cheap/provisional data; no official document collection yet.
PXM,stage_0_full_universe,0,0,0,False,False,False,False,False,NO_OFFICIAL_EVIDENCE_NEEDED_YET,False,Keep using cheap/provisional data; no official document collection yet.
PXS,stage_0_full_universe,0,0,0,False,False,False,False,False,NO_OFFICIAL_EVIDENCE_NEEDED_YET,False,Keep using cheap/provisional data; no official document collection yet.
PXT,stage_0_full_universe,0,0,0,False,False,False,False,False,NO_OFFICIAL_EVIDENCE_NEEDED_YET,False,Keep using cheap/provisional data; no official document collection yet.
PYU,stage_0_full_universe,0,0,0,False,False,False,False,False,NO_OFFICIAL_EVIDENCE_NEEDED_YET,False,Keep using cheap/provisional data; no official document collection yet.
QBS,stage_0_full_universe,0,0,0,False,False,False,False,False,NO_OFFICIAL_EVIDENCE_NEEDED_YET,False,Keep using cheap/provisional data; no official document collection yet.
QCC,stage_0_full_universe,0,0,0,False,False,False,False,False,NO_OFFICIAL_EVIDENCE_NEEDED_YET,False,Keep using cheap/provisional data; no official document collection yet.
QCG,stage_0_full_universe,0,0,0,False,False,False,False,False,NO_OFFICIAL_EVIDENCE_NEEDED_YET,False,Keep using cheap/provisional data; no official document collection yet.
QHD,stage_0_full_universe,0,0,0,False,False,False,False,False,NO_OFFICIAL_EVIDENCE_NEEDED_YET,False,Keep using cheap/provisional data; no official document collection yet.
QHW,stage_0_full_universe,0,0,0,False,False,False,False,False,NO_OFFICIAL_EVIDENCE_NEEDED_YET,False,Keep using cheap/provisional data; no official document collection yet.
QLD,stage_0_full_universe,0,0,0,False,False,False,False,False,NO_OFFICIAL_EVIDENCE_NEEDED_YET,False,Keep using cheap/provisional data; no official document collection yet.
QLT,stage_0_full_universe,0,0,0,False,False,False,False,False,NO_OFFICIAL_EVIDENCE_NEEDED_YET,False,Keep using cheap/provisional data; no official document collection yet.
QNC,stage_0_full_universe,0,0,0,False,False,False,False,False,NO_OFFICIAL_EVIDENCE_NEEDED_YET,False,Keep using cheap/provisional data; no official document collection yet.
QNP,stage_0_full_universe,0,0,0,False,False,False,False,False,NO_OFFICIAL_EVIDENCE_NEEDED_YET,False,Keep using cheap/provisional data; no official document collection yet.
QNS,stage_0_full_universe,0,0,0,False,False,False,False,False,NO_OFFICIAL_EVIDENCE_NEEDED_YET,False,Keep using cheap/provisional data; no official document collection yet.
QNT,stage_0_full_universe,0,0,0,False,False,False,False,False,NO_OFFICIAL_EVIDENCE_NEEDED_YET,False,Keep using cheap/provisional data; no official document collection yet.
QNU,stage_0_full_universe,0,0,0,False,False,False,False,False,NO_OFFICIAL_EVIDENCE_NEEDED_YET,False,Keep using cheap/provisional data; no official document collection yet.
QNW,stage_0_full_universe,0,0,0,False,False,False,False,False,NO_OFFICIAL_EVIDENCE_NEEDED_YET,False,Keep using cheap/provisional data; no official document collection yet.
QPH,stage_0_full_universe,0,0,0,False,False,False,False,False,NO_OFFICIAL_EVIDENCE_NEEDED_YET,False,Keep using cheap/provisional data; no official document collection yet.
QSP,stage_0_full_universe,0,0,0,False,False,False,False,False,NO_OFFICIAL_EVIDENCE_NEEDED_YET,False,Keep using cheap/provisional data; no official document collection yet.
QST,stage_0_full_universe,0,0,0,False,False,False,False,False,NO_OFFICIAL_EVIDENCE_NEEDED_YET,False,Keep using cheap/provisional data; no official document collection yet.
QTC,stage_0_full_universe,0,0,0,False,False,False,False,False,NO_OFFICIAL_EVIDENCE_NEEDED_YET,False,Keep using cheap/provisional data; no official document collection yet.
QTP,stage_0_full_universe,0,0,0,False,False,False,False,False,NO_OFFICIAL_EVIDENCE_NEEDED_YET,False,Keep using cheap/provisional data; no official document collection yet.
RAL,stage_0_full_universe,0,0,0,False,False,False,False,False,NO_OFFICIAL_EVIDENCE_NEEDED_YET,False,Keep using cheap/provisional data; no official document collection yet.
RAT,stage_0_full_universe,0,0,0,False,False,False,False,False,NO_OFFICIAL_EVIDENCE_NEEDED_YET,False,Keep using cheap/provisional data; no official document collection yet.
RBC,stage_0_full_universe,0,0,0,False,False,False,False,False,NO_OFFICIAL_EVIDENCE_NEEDED_YET,False,Keep using cheap/provisional data; no official document collection yet.
RCC,stage_0_full_universe,0,0,0,False,False,False,False,False,NO_OFFICIAL_EVIDENCE_NEEDED_YET,False,Keep using cheap/provisional data; no official document collection yet.
RCD,stage_0_full_universe,0,0,0,False,False,False,False,False,NO_OFFICIAL_EVIDENCE_NEEDED_YET,False,Keep using cheap/provisional data; no official document collection yet.
RCL,stage_0_full_universe,0,0,0,False,False,False,False,False,NO_OFFICIAL_EVIDENCE_NEEDED_YET,False,Keep using cheap/provisional data; no official document collection yet.
RDP,stage_0_full_universe,0,0,0,False,False,False,False,False,NO_OFFICIAL_EVIDENCE_NEEDED_YET,False,Keep using cheap/provisional data; no official document collection yet.
REE,stage_0_full_universe,0,0,0,False,False,False,False,False,NO_OFFICIAL_EVIDENCE_NEEDED_YET,False,Keep using cheap/provisional data; no official document collection yet.
RGC,stage_0_full_universe,0,0,0,False,False,False,False,False,NO_OFFICIAL_EVIDENCE_NEEDED_YET,False,Keep using cheap/provisional data; no official document collection yet.
RGG,stage_0_full_universe,0,0,0,False,False,False,False,False,NO_OFFICIAL_EVIDENCE_NEEDED_YET,False,Keep using cheap/provisional data; no official document collection yet.
RIC,stage_0_full_universe,0,0,0,False,False,False,False,False,NO_OFFICIAL_EVIDENCE_NEEDED_YET,False,Keep using cheap/provisional data; no official document collection yet.
ROS,stage_0_full_universe,0,0,0,False,False,False,False,False,NO_OFFICIAL_EVIDENCE_NEEDED_YET,False,Keep using cheap/provisional data; no official document collection yet.
RTB,stage_0_full_universe,0,0,0,False,False,False,False,False,NO_OFFICIAL_EVIDENCE_NEEDED_YET,False,Keep using cheap/provisional data; no official document collection yet.
RYG,stage_0_full_universe,0,0,0,False,False,False,False,False,NO_OFFICIAL_EVIDENCE_NEEDED_YET,False,Keep using cheap/provisional data; no official document collection yet.
S12,stage_0_full_universe,0,0,0,False,False,False,False,False,NO_OFFICIAL_EVIDENCE_NEEDED_YET,False,Keep using cheap/provisional data; no official document collection yet.
S27,stage_0_full_universe,0,0,0,False,False,False,False,False,NO_OFFICIAL_EVIDENCE_NEEDED_YET,False,Keep using cheap/provisional data; no official document collection yet.
S4A,stage_0_full_universe,0,0,0,False,False,False,False,False,NO_OFFICIAL_EVIDENCE_NEEDED_YET,False,Keep using cheap/provisional data; no official document collection yet.
S55,stage_0_full_universe,0,0,0,False,False,False,False,False,NO_OFFICIAL_EVIDENCE_NEEDED_YET,False,Keep using cheap/provisional data; no official document collection yet.
S72,stage_0_full_universe,0,0,0,False,False,False,False,False,NO_OFFICIAL_EVIDENCE_NEEDED_YET,False,Keep using cheap/provisional data; no official document collection yet.
S74,stage_0_full_universe,0,0,0,False,False,False,False,False,NO_OFFICIAL_EVIDENCE_NEEDED_YET,False,Keep using cheap/provisional data; no official document collection yet.
S96,stage_0_full_universe,0,0,0,False,False,False,False,False,NO_OFFICIAL_EVIDENCE_NEEDED_YET,False,Keep using cheap/provisional data; no official document collection yet.
S99,stage_0_full_universe,0,0,0,False,False,False,False,False,NO_OFFICIAL_EVIDENCE_NEEDED_YET,False,Keep using cheap/provisional data; no official document collection yet.
SAB,stage_0_full_universe,0,0,0,False,False,False,False,False,NO_OFFICIAL_EVIDENCE_NEEDED_YET,False,Keep using cheap/provisional data; no official document collection yet.
SAC,stage_0_full_universe,0,0,0,False,False,False,False,False,NO_OFFICIAL_EVIDENCE_NEEDED_YET,False,Keep using cheap/provisional data; no official document collection yet.
SAF,stage_0_full_universe,0,0,0,False,False,False,False,False,NO_OFFICIAL_EVIDENCE_NEEDED_YET,False,Keep using cheap/provisional data; no official document collection yet.
SAL,stage_0_full_universe,0,0,0,False,False,False,False,False,NO_OFFICIAL_EVIDENCE_NEEDED_YET,False,Keep using cheap/provisional data; no official document collection yet.
SAM,stage_0_full_universe,0,0,0,False,False,False,False,False,NO_OFFICIAL_EVIDENCE_NEEDED_YET,False,Keep using cheap/provisional data; no official document collection yet.
SAP,stage_0_full_universe,0,0,0,False,False,False,False,False,NO_OFFICIAL_EVIDENCE_NEEDED_YET,False,Keep using cheap/provisional data; no official document collection yet.
SAS,stage_0_full_universe,0,0,0,False,False,False,False,False,NO_OFFICIAL_EVIDENCE_NEEDED_YET,False,Keep using cheap/provisional data; no official document collection yet.
SAV,stage_0_full_universe,0,0,0,False,False,False,False,False,NO_OFFICIAL_EVIDENCE_NEEDED_YET,False,Keep using cheap/provisional data; no official document collection yet.
SB1,stage_0_full_universe,0,0,0,False,False,False,False,False,NO_OFFICIAL_EVIDENCE_NEEDED_YET,False,Keep using cheap/provisional data; no official document collection yet.
SBA,stage_0_full_universe,0,0,0,False,False,False,False,False,NO_OFFICIAL_EVIDENCE_NEEDED_YET,False,Keep using cheap/provisional data; no official document collection yet.
SBB,stage_0_full_universe,0,0,0,False,False,False,False,False,NO_OFFICIAL_EVIDENCE_NEEDED_YET,False,Keep using cheap/provisional data; no official document collection yet.
SBD,stage_0_full_universe,0,0,0,False,False,False,False,False,NO_OFFICIAL_EVIDENCE_NEEDED_YET,False,Keep using cheap/provisional data; no official document collection yet.
SBG,stage_0_full_universe,0,0,0,False,False,False,False,False,NO_OFFICIAL_EVIDENCE_NEEDED_YET,False,Keep using cheap/provisional data; no official document collection yet.
SBH,stage_0_full_universe,0,0,0,False,False,False,False,False,NO_OFFICIAL_EVIDENCE_NEEDED_YET,False,Keep using cheap/provisional data; no official document collection yet.
SBL,stage_0_full_universe,0,0,0,False,False,False,False,False,NO_OFFICIAL_EVIDENCE_NEEDED_YET,False,Keep using cheap/provisional data; no official document collection yet.
SBM,stage_0_full_universe,0,0,0,False,False,False,False,False,NO_OFFICIAL_EVIDENCE_NEEDED_YET,False,Keep using cheap/provisional data; no official document collection yet.
SBR,stage_0_full_universe,0,0,0,False,False,False,False,False,NO_OFFICIAL_EVIDENCE_NEEDED_YET,False,Keep using cheap/provisional data; no official document collection yet.
SBS,stage_0_full_universe,0,0,0,False,False,False,False,False,NO_OFFICIAL_EVIDENCE_NEEDED_YET,False,Keep using cheap/provisional data; no official document collection yet.
SBT,stage_0_full_universe,0,0,0,False,False,False,False,False,NO_OFFICIAL_EVIDENCE_NEEDED_YET,False,Keep using cheap/provisional data; no official document collection yet.
SBV,stage_0_full_universe,0,0,0,False,False,False,False,False,NO_OFFICIAL_EVIDENCE_NEEDED_YET,False,Keep using cheap/provisional data; no official document collection yet.
SC5,stage_0_full_universe,0,0,0,False,False,False,False,False,NO_OFFICIAL_EVIDENCE_NEEDED_YET,False,Keep using cheap/provisional data; no official document collection yet.
SCA,stage_0_full_universe,0,0,0,False,False,False,False,False,NO_OFFICIAL_EVIDENCE_NEEDED_YET,False,Keep using cheap/provisional data; no official document collection yet.
SCC,stage_0_full_universe,0,0,0,False,False,False,False,False,NO_OFFICIAL_EVIDENCE_NEEDED_YET,False,Keep using cheap/provisional data; no official document collection yet.
SCD,stage_0_full_universe,0,0,0,False,False,False,False,False,NO_OFFICIAL_EVIDENCE_NEEDED_YET,False,Keep using cheap/provisional data; no official document collection yet.
SCG,stage_0_full_universe,0,0,0,False,False,False,False,False,NO_OFFICIAL_EVIDENCE_NEEDED_YET,False,Keep using cheap/provisional data; no official document collection yet.
SCI,stage_0_full_universe,0,0,0,False,False,False,False,False,NO_OFFICIAL_EVIDENCE_NEEDED_YET,False,Keep using cheap/provisional data; no official document collection yet.
SCJ,stage_0_full_universe,0,0,0,False,False,False,False,False,NO_OFFICIAL_EVIDENCE_NEEDED_YET,False,Keep using cheap/provisional data; no official document collection yet.
SCL,stage_0_full_universe,0,0,0,False,False,False,False,False,NO_OFFICIAL_EVIDENCE_NEEDED_YET,False,Keep using cheap/provisional data; no official document collection yet.
SCO,stage_0_full_universe,0,0,0,False,False,False,False,False,NO_OFFICIAL_EVIDENCE_NEEDED_YET,False,Keep using cheap/provisional data; no official document collection yet.
SCR,stage_0_full_universe,0,0,0,False,False,False,False,False,NO_OFFICIAL_EVIDENCE_NEEDED_YET,False,Keep using cheap/provisional data; no official document collection yet.
SCS,stage_0_full_universe,0,0,0,False,False,False,False,False,NO_OFFICIAL_EVIDENCE_NEEDED_YET,False,Keep using cheap/provisional data; no official document collection yet.
SCV,stage_0_full_universe,0,0,0,False,False,False,False,False,NO_OFFICIAL_EVIDENCE_NEEDED_YET,False,Keep using cheap/provisional data; no official document collection yet.
SCY,stage_0_full_universe,0,0,0,False,False,False,False,False,NO_OFFICIAL_EVIDENCE_NEEDED_YET,False,Keep using cheap/provisional data; no official document collection yet.
SD1,stage_0_full_universe,0,0,0,False,False,False,False,False,NO_OFFICIAL_EVIDENCE_NEEDED_YET,False,Keep using cheap/provisional data; no official document collection yet.
SD2,stage_0_full_universe,0,0,0,False,False,False,False,False,NO_OFFICIAL_EVIDENCE_NEEDED_YET,False,Keep using cheap/provisional data; no official document collection yet.
SD3,stage_0_full_universe,0,0,0,False,False,False,False,False,NO_OFFICIAL_EVIDENCE_NEEDED_YET,False,Keep using cheap/provisional data; no official document collection yet.
SD4,stage_0_full_universe,0,0,0,False,False,False,False,False,NO_OFFICIAL_EVIDENCE_NEEDED_YET,False,Keep using cheap/provisional data; no official document collection yet.
SD5,stage_0_full_universe,0,0,0,False,False,False,False,False,NO_OFFICIAL_EVIDENCE_NEEDED_YET,False,Keep using cheap/provisional data; no official document collection yet.
SD6,stage_0_full_universe,0,0,0,False,False,False,False,False,NO_OFFICIAL_EVIDENCE_NEEDED_YET,False,Keep using cheap/provisional data; no official document collection yet.
SD7,stage_0_full_universe,0,0,0,False,False,False,False,False,NO_OFFICIAL_EVIDENCE_NEEDED_YET,False,Keep using cheap/provisional data; no official document collection yet.
SD8,stage_0_full_universe,0,0,0,False,False,False,False,False,NO_OFFICIAL_EVIDENCE_NEEDED_YET,False,Keep using cheap/provisional data; no official document collection yet.
SD9,stage_0_full_universe,0,0,0,False,False,False,False,False,NO_OFFICIAL_EVIDENCE_NEEDED_YET,False,Keep using cheap/provisional data; no official document collection yet.
SDA,stage_0_full_universe,0,0,0,False,False,False,False,False,NO_OFFICIAL_EVIDENCE_NEEDED_YET,False,Keep using cheap/provisional data; no official document collection yet.
SDB,stage_0_full_universe,0,0,0,False,False,False,False,False,NO_OFFICIAL_EVIDENCE_NEEDED_YET,False,Keep using cheap/provisional data; no official document collection yet.
SDC,stage_0_full_universe,0,0,0,False,False,False,False,False,NO_OFFICIAL_EVIDENCE_NEEDED_YET,False,Keep using cheap/provisional data; no official document collection yet.
SDD,stage_0_full_universe,0,0,0,False,False,False,False,False,NO_OFFICIAL_EVIDENCE_NEEDED_YET,False,Keep using cheap/provisional data; no official document collection yet.
SDG,stage_0_full_universe,0,0,0,False,False,False,False,False,NO_OFFICIAL_EVIDENCE_NEEDED_YET,False,Keep using cheap/provisional data; no official document collection yet.
SDH,stage_0_full_universe,0,0,0,False,False,False,False,False,NO_OFFICIAL_EVIDENCE_NEEDED_YET,False,Keep using cheap/provisional data; no official document collection yet.
SDJ,stage_0_full_universe,0,0,0,False,False,False,False,False,NO_OFFICIAL_EVIDENCE_NEEDED_YET,False,Keep using cheap/provisional data; no official document collection yet.
SDK,stage_0_full_universe,0,0,0,False,False,False,False,False,NO_OFFICIAL_EVIDENCE_NEEDED_YET,False,Keep using cheap/provisional data; no official document collection yet.
SDN,stage_0_full_universe,0,0,0,False,False,False,False,False,NO_OFFICIAL_EVIDENCE_NEEDED_YET,False,Keep using cheap/provisional data; no official document collection yet.
SDP,stage_0_full_universe,0,0,0,False,False,False,False,False,NO_OFFICIAL_EVIDENCE_NEEDED_YET,False,Keep using cheap/provisional data; no official document collection yet.
SDT,stage_0_full_universe,0,0,0,False,False,False,False,False,NO_OFFICIAL_EVIDENCE_NEEDED_YET,False,Keep using cheap/provisional data; no official document collection yet.
SDU,stage_0_full_universe,0,0,0,False,False,False,False,False,NO_OFFICIAL_EVIDENCE_NEEDED_YET,False,Keep using cheap/provisional data; no official document collection yet.
SDV,stage_0_full_universe,0,0,0,False,False,False,False,False,NO_OFFICIAL_EVIDENCE_NEEDED_YET,False,Keep using cheap/provisional data; no official document collection yet.
SDX,stage_0_full_universe,0,0,0,False,False,False,False,False,NO_OFFICIAL_EVIDENCE_NEEDED_YET,False,Keep using cheap/provisional data; no official document collection yet.
SDY,stage_0_full_universe,0,0,0,False,False,False,False,False,NO_OFFICIAL_EVIDENCE_NEEDED_YET,False,Keep using cheap/provisional data; no official document collection yet.
SEA,stage_0_full_universe,0,0,0,False,False,False,False,False,NO_OFFICIAL_EVIDENCE_NEEDED_YET,False,Keep using cheap/provisional data; no official document collection yet.
SEB,stage_0_full_universe,0,0,0,False,False,False,False,False,NO_OFFICIAL_EVIDENCE_NEEDED_YET,False,Keep using cheap/provisional data; no official document collection yet.
SED,stage_0_full_universe,0,0,0,False,False,False,False,False,NO_OFFICIAL_EVIDENCE_NEEDED_YET,False,Keep using cheap/provisional data; no official document collection yet.
SEP,stage_0_full_universe,0,0,0,False,False,False,False,False,NO_OFFICIAL_EVIDENCE_NEEDED_YET,False,Keep using cheap/provisional data; no official document collection yet.
SFC,stage_0_full_universe,0,0,0,False,False,False,False,False,NO_OFFICIAL_EVIDENCE_NEEDED_YET,False,Keep using cheap/provisional data; no official document collection yet.
SFG,stage_0_full_universe,0,0,0,False,False,False,False,False,NO_OFFICIAL_EVIDENCE_NEEDED_YET,False,Keep using cheap/provisional data; no official document collection yet.
SFI,stage_0_full_universe,0,0,0,False,False,False,False,False,NO_OFFICIAL_EVIDENCE_NEEDED_YET,False,Keep using cheap/provisional data; no official document collection yet.
SFN,stage_0_full_universe,0,0,0,False,False,False,False,False,NO_OFFICIAL_EVIDENCE_NEEDED_YET,False,Keep using cheap/provisional data; no official document collection yet.
SGB,stage_0_full_universe,0,0,0,False,False,False,False,False,NO_OFFICIAL_EVIDENCE_NEEDED_YET,False,Keep using cheap/provisional data; no official document collection yet.
SGC,stage_0_full_universe,0,0,0,False,False,False,False,False,NO_OFFICIAL_EVIDENCE_NEEDED_YET,False,Keep using cheap/provisional data; no official document collection yet.
SGD,stage_0_full_universe,0,0,0,False,False,False,False,False,NO_OFFICIAL_EVIDENCE_NEEDED_YET,False,Keep using cheap/provisional data; no official document collection yet.
SGH,stage_0_full_universe,0,0,0,False,False,False,False,False,NO_OFFICIAL_EVIDENCE_NEEDED_YET,False,Keep using cheap/provisional data; no official document collection yet.
SGI,stage_0_full_universe,0,0,0,False,False,False,False,False,NO_OFFICIAL_EVIDENCE_NEEDED_YET,False,Keep using cheap/provisional data; no official document collection yet.
SGN,stage_0_full_universe,0,0,0,False,False,False,False,False,NO_OFFICIAL_EVIDENCE_NEEDED_YET,False,Keep using cheap/provisional data; no official document collection yet.
SGO,stage_0_full_universe,0,0,0,False,False,False,False,False,NO_OFFICIAL_EVIDENCE_NEEDED_YET,False,Keep using cheap/provisional data; no official document collection yet.
SGP,stage_0_full_universe,0,0,0,False,False,False,False,False,NO_OFFICIAL_EVIDENCE_NEEDED_YET,False,Keep using cheap/provisional data; no official document collection yet.
SGR,stage_0_full_universe,0,0,0,False,False,False,False,False,NO_OFFICIAL_EVIDENCE_NEEDED_YET,False,Keep using cheap/provisional data; no official document collection yet.
SGS,stage_0_full_universe,0,0,0,False,False,False,False,False,NO_OFFICIAL_EVIDENCE_NEEDED_YET,False,Keep using cheap/provisional data; no official document collection yet.
SGT,stage_0_full_universe,0,0,0,False,False,False,False,False,NO_OFFICIAL_EVIDENCE_NEEDED_YET,False,Keep using cheap/provisional data; no official document collection yet.
SHA,stage_0_full_universe,0,0,0,False,False,False,False,False,NO_OFFICIAL_EVIDENCE_NEEDED_YET,False,Keep using cheap/provisional data; no official document collection yet.
SHB,stage_0_full_universe,0,0,0,False,False,False,False,False,NO_OFFICIAL_EVIDENCE_NEEDED_YET,False,Keep using cheap/provisional data; no official document collection yet.
SHC,stage_0_full_universe,0,0,0,False,False,False,False,False,NO_OFFICIAL_EVIDENCE_NEEDED_YET,False,Keep using cheap/provisional data; no official document collection yet.
SHE,stage_0_full_universe,0,0,0,False,False,False,False,False,NO_OFFICIAL_EVIDENCE_NEEDED_YET,False,Keep using cheap/provisional data; no official document collection yet.
SHG,stage_0_full_universe,0,0,0,False,False,False,False,False,NO_OFFICIAL_EVIDENCE_NEEDED_YET,False,Keep using cheap/provisional data; no official document collection yet.
SHI,stage_0_full_universe,0,0,0,False,False,False,False,False,NO_OFFICIAL_EVIDENCE_NEEDED_YET,False,Keep using cheap/provisional data; no official document collection yet.
SHN,stage_0_full_universe,0,0,0,False,False,False,False,False,NO_OFFICIAL_EVIDENCE_NEEDED_YET,False,Keep using cheap/provisional data; no official document collection yet.
SHP,stage_0_full_universe,0,0,0,False,False,False,False,False,NO_OFFICIAL_EVIDENCE_NEEDED_YET,False,Keep using cheap/provisional data; no official document collection yet.
SHS,stage_0_full_universe,0,0,0,False,False,False,False,False,NO_OFFICIAL_EVIDENCE_NEEDED_YET,False,Keep using cheap/provisional data; no official document collection yet.
SHX,stage_0_full_universe,0,0,0,False,False,False,False,False,NO_OFFICIAL_EVIDENCE_NEEDED_YET,False,Keep using cheap/provisional data; no official document collection yet.
SIC,stage_0_full_universe,0,0,0,False,False,False,False,False,NO_OFFICIAL_EVIDENCE_NEEDED_YET,False,Keep using cheap/provisional data; no official document collection yet.
SID,stage_0_full_universe,0,0,0,False,False,False,False,False,NO_OFFICIAL_EVIDENCE_NEEDED_YET,False,Keep using cheap/provisional data; no official document collection yet.
SIG,stage_0_full_universe,0,0,0,False,False,False,False,False,NO_OFFICIAL_EVIDENCE_NEEDED_YET,False,Keep using cheap/provisional data; no official document collection yet.
SII,stage_0_full_universe,0,0,0,False,False,False,False,False,NO_OFFICIAL_EVIDENCE_NEEDED_YET,False,Keep using cheap/provisional data; no official document collection yet.
SIP,stage_0_full_universe,0,0,0,False,False,False,False,False,NO_OFFICIAL_EVIDENCE_NEEDED_YET,False,Keep using cheap/provisional data; no official document collection yet.
SIV,stage_0_full_universe,0,0,0,False,False,False,False,False,NO_OFFICIAL_EVIDENCE_NEEDED_YET,False,Keep using cheap/provisional data; no official document collection yet.
SJ1,stage_0_full_universe,0,0,0,False,False,False,False,False,NO_OFFICIAL_EVIDENCE_NEEDED_YET,False,Keep using cheap/provisional data; no official document collection yet.
SJC,stage_0_full_universe,0,0,0,False,False,False,False,False,NO_OFFICIAL_EVIDENCE_NEEDED_YET,False,Keep using cheap/provisional data; no official document collection yet.
SJD,stage_0_full_universe,0,0,0,False,False,False,False,False,NO_OFFICIAL_EVIDENCE_NEEDED_YET,False,Keep using cheap/provisional data; no official document collection yet.
SJE,stage_0_full_universe,0,0,0,False,False,False,False,False,NO_OFFICIAL_EVIDENCE_NEEDED_YET,False,Keep using cheap/provisional data; no official document collection yet.
SJF,stage_0_full_universe,0,0,0,False,False,False,False,False,NO_OFFICIAL_EVIDENCE_NEEDED_YET,False,Keep using cheap/provisional data; no official document collection yet.
SJG,stage_0_full_universe,0,0,0,False,False,False,False,False,NO_OFFICIAL_EVIDENCE_NEEDED_YET,False,Keep using cheap/provisional data; no official document collection yet.
SJM,stage_0_full_universe,0,0,0,False,False,False,False,False,NO_OFFICIAL_EVIDENCE_NEEDED_YET,False,Keep using cheap/provisional data; no official document collection yet.
SJS,stage_0_full_universe,0,0,0,False,False,False,False,False,NO_OFFICIAL_EVIDENCE_NEEDED_YET,False,Keep using cheap/provisional data; no official document collection yet.
SKG,stage_0_full_universe,0,0,0,False,False,False,False,False,NO_OFFICIAL_EVIDENCE_NEEDED_YET,False,Keep using cheap/provisional data; no official document collection yet.
SKH,stage_0_full_universe,0,0,0,False,False,False,False,False,NO_OFFICIAL_EVIDENCE_NEEDED_YET,False,Keep using cheap/provisional data; no official document collection yet.
SKN,stage_0_full_universe,0,0,0,False,False,False,False,False,NO_OFFICIAL_EVIDENCE_NEEDED_YET,False,Keep using cheap/provisional data; no official document collection yet.
SKV,stage_0_full_universe,0,0,0,False,False,False,False,False,NO_OFFICIAL_EVIDENCE_NEEDED_YET,False,Keep using cheap/provisional data; no official document collection yet.
SLD,stage_0_full_universe,0,0,0,False,False,False,False,False,NO_OFFICIAL_EVIDENCE_NEEDED_YET,False,Keep using cheap/provisional data; no official document collection yet.
SLS,stage_0_full_universe,0,0,0,False,False,False,False,False,NO_OFFICIAL_EVIDENCE_NEEDED_YET,False,Keep using cheap/provisional data; no official document collection yet.
SMA,stage_0_full_universe,0,0,0,False,False,False,False,False,NO_OFFICIAL_EVIDENCE_NEEDED_YET,False,Keep using cheap/provisional data; no official document collection yet.
SMB,stage_0_full_universe,0,0,0,False,False,False,False,False,NO_OFFICIAL_EVIDENCE_NEEDED_YET,False,Keep using cheap/provisional data; no official document collection yet.
SMC,stage_0_full_universe,0,0,0,False,False,False,False,False,NO_OFFICIAL_EVIDENCE_NEEDED_YET,False,Keep using cheap/provisional data; no official document collection yet.
SMN,stage_0_full_universe,0,0,0,False,False,False,False,False,NO_OFFICIAL_EVIDENCE_NEEDED_YET,False,Keep using cheap/provisional data; no official document collection yet.
SMT,stage_0_full_universe,0,0,0,False,False,False,False,False,NO_OFFICIAL_EVIDENCE_NEEDED_YET,False,Keep using cheap/provisional data; no official document collection yet.
SNC,stage_0_full_universe,0,0,0,False,False,False,False,False,NO_OFFICIAL_EVIDENCE_NEEDED_YET,False,Keep using cheap/provisional data; no official document collection yet.
SNZ,stage_0_full_universe,0,0,0,False,False,False,False,False,NO_OFFICIAL_EVIDENCE_NEEDED_YET,False,Keep using cheap/provisional data; no official document collection yet.
SON,stage_0_full_universe,0,0,0,False,False,False,False,False,NO_OFFICIAL_EVIDENCE_NEEDED_YET,False,Keep using cheap/provisional data; no official document collection yet.
SP2,stage_0_full_universe,0,0,0,False,False,False,False,False,NO_OFFICIAL_EVIDENCE_NEEDED_YET,False,Keep using cheap/provisional data; no official document collection yet.
SPA,stage_0_full_universe,0,0,0,False,False,False,False,False,NO_OFFICIAL_EVIDENCE_NEEDED_YET,False,Keep using cheap/provisional data; no official document collection yet.
SPB,stage_0_full_universe,0,0,0,False,False,False,False,False,NO_OFFICIAL_EVIDENCE_NEEDED_YET,False,Keep using cheap/provisional data; no official document collection yet.
SPC,stage_0_full_universe,0,0,0,False,False,False,False,False,NO_OFFICIAL_EVIDENCE_NEEDED_YET,False,Keep using cheap/provisional data; no official document collection yet.
SPD,stage_0_full_universe,0,0,0,False,False,False,False,False,NO_OFFICIAL_EVIDENCE_NEEDED_YET,False,Keep using cheap/provisional data; no official document collection yet.
SPH,stage_0_full_universe,0,0,0,False,False,False,False,False,NO_OFFICIAL_EVIDENCE_NEEDED_YET,False,Keep using cheap/provisional data; no official document collection yet.
SPI,stage_0_full_universe,0,0,0,False,False,False,False,False,NO_OFFICIAL_EVIDENCE_NEEDED_YET,False,Keep using cheap/provisional data; no official document collection yet.
SPM,stage_0_full_universe,0,0,0,False,False,False,False,False,NO_OFFICIAL_EVIDENCE_NEEDED_YET,False,Keep using cheap/provisional data; no official document collection yet.
SPP,stage_0_full_universe,0,0,0,False,False,False,False,False,NO_OFFICIAL_EVIDENCE_NEEDED_YET,False,Keep using cheap/provisional data; no official document collection yet.
SPV,stage_0_full_universe,0,0,0,False,False,False,False,False,NO_OFFICIAL_EVIDENCE_NEEDED_YET,False,Keep using cheap/provisional data; no official document collection yet.
SQC,stage_0_full_universe,0,0,0,False,False,False,False,False,NO_OFFICIAL_EVIDENCE_NEEDED_YET,False,Keep using cheap/provisional data; no official document collection yet.
SRA,stage_0_full_universe,0,0,0,False,False,False,False,False,NO_OFFICIAL_EVIDENCE_NEEDED_YET,False,Keep using cheap/provisional data; no official document collection yet.
SRB,stage_0_full_universe,0,0,0,False,False,False,False,False,NO_OFFICIAL_EVIDENCE_NEEDED_YET,False,Keep using cheap/provisional data; no official document collection yet.
SRC,stage_0_full_universe,0,0,0,False,False,False,False,False,NO_OFFICIAL_EVIDENCE_NEEDED_YET,False,Keep using cheap/provisional data; no official document collection yet.
SRF,stage_0_full_universe,0,0,0,False,False,False,False,False,NO_OFFICIAL_EVIDENCE_NEEDED_YET,False,Keep using cheap/provisional data; no official document collection yet.
SRT,stage_0_full_universe,0,0,0,False,False,False,False,False,NO_OFFICIAL_EVIDENCE_NEEDED_YET,False,Keep using cheap/provisional data; no official document collection yet.
SSB,stage_0_full_universe,0,0,0,False,False,False,False,False,NO_OFFICIAL_EVIDENCE_NEEDED_YET,False,Keep using cheap/provisional data; no official document collection yet.
SSC,stage_0_full_universe,0,0,0,False,False,False,False,False,NO_OFFICIAL_EVIDENCE_NEEDED_YET,False,Keep using cheap/provisional data; no official document collection yet.
SSF,stage_0_full_universe,0,0,0,False,False,False,False,False,NO_OFFICIAL_EVIDENCE_NEEDED_YET,False,Keep using cheap/provisional data; no official document collection yet.
SSG,stage_0_full_universe,0,0,0,False,False,False,False,False,NO_OFFICIAL_EVIDENCE_NEEDED_YET,False,Keep using cheap/provisional data; no official document collection yet.
SSH,stage_0_full_universe,0,0,0,False,False,False,False,False,NO_OFFICIAL_EVIDENCE_NEEDED_YET,False,Keep using cheap/provisional data; no official document collection yet.
SSI,stage_0_full_universe,0,0,0,True,True,False,True,False,NO_OFFICIAL_EVIDENCE_NEEDED_YET,False,Keep using cheap/provisional data; no official document collection yet.
SSM,stage_0_full_universe,0,0,0,False,False,False,False,False,NO_OFFICIAL_EVIDENCE_NEEDED_YET,False,Keep using cheap/provisional data; no official document collection yet.
SSN,stage_0_full_universe,0,0,0,False,False,False,False,False,NO_OFFICIAL_EVIDENCE_NEEDED_YET,False,Keep using cheap/provisional data; no official document collection yet.
SSU,stage_0_full_universe,0,0,0,False,False,False,False,False,NO_OFFICIAL_EVIDENCE_NEEDED_YET,False,Keep using cheap/provisional data; no official document collection yet.
ST8,stage_0_full_universe,0,0,0,False,False,False,False,False,NO_OFFICIAL_EVIDENCE_NEEDED_YET,False,Keep using cheap/provisional data; no official document collection yet.
STB,stage_0_full_universe,0,0,0,False,False,False,False,False,NO_OFFICIAL_EVIDENCE_NEEDED_YET,False,Keep using cheap/provisional data; no official document collection yet.
STC,stage_0_full_universe,0,0,0,False,False,False,False,False,NO_OFFICIAL_EVIDENCE_NEEDED_YET,False,Keep using cheap/provisional data; no official document collection yet.
STD,stage_0_full_universe,0,0,0,False,False,False,False,False,NO_OFFICIAL_EVIDENCE_NEEDED_YET,False,Keep using cheap/provisional data; no official document collection yet.
STG,stage_0_full_universe,0,0,0,False,False,False,False,False,NO_OFFICIAL_EVIDENCE_NEEDED_YET,False,Keep using cheap/provisional data; no official document collection yet.
STH,stage_0_full_universe,0,0,0,False,False,False,False,False,NO_OFFICIAL_EVIDENCE_NEEDED_YET,False,Keep using cheap/provisional data; no official document collection yet.
STK,stage_0_full_universe,0,0,0,False,False,False,False,False,NO_OFFICIAL_EVIDENCE_NEEDED_YET,False,Keep using cheap/provisional data; no official document collection yet.
STL,stage_0_full_universe,0,0,0,False,False,False,False,False,NO_OFFICIAL_EVIDENCE_NEEDED_YET,False,Keep using cheap/provisional data; no official document collection yet.
STP,stage_0_full_universe,0,0,0,False,False,False,False,False,NO_OFFICIAL_EVIDENCE_NEEDED_YET,False,Keep using cheap/provisional data; no official document collection yet.
STS,stage_0_full_universe,0,0,0,False,False,False,False,False,NO_OFFICIAL_EVIDENCE_NEEDED_YET,False,Keep using cheap/provisional data; no official document collection yet.
STT,stage_0_full_universe,0,0,0,False,False,False,False,False,NO_OFFICIAL_EVIDENCE_NEEDED_YET,False,Keep using cheap/provisional data; no official document collection yet.
STW,stage_0_full_universe,0,0,0,False,False,False,False,False,NO_OFFICIAL_EVIDENCE_NEEDED_YET,False,Keep using cheap/provisional data; no official document collection yet.
SVC,stage_0_full_universe,0,0,0,False,False,False,False,False,NO_OFFICIAL_EVIDENCE_NEEDED_YET,False,Keep using cheap/provisional data; no official document collection yet.
SVD,stage_0_full_universe,0,0,0,False,False,False,False,False,NO_OFFICIAL_EVIDENCE_NEEDED_YET,False,Keep using cheap/provisional data; no official document collection yet.
SVG,stage_0_full_universe,0,0,0,False,False,False,False,False,NO_OFFICIAL_EVIDENCE_NEEDED_YET,False,Keep using cheap/provisional data; no official document collection yet.
SVH,stage_0_full_universe,0,0,0,False,False,False,False,False,NO_OFFICIAL_EVIDENCE_NEEDED_YET,False,Keep using cheap/provisional data; no official document collection yet.
SVI,stage_0_full_universe,0,0,0,False,False,False,False,False,NO_OFFICIAL_EVIDENCE_NEEDED_YET,False,Keep using cheap/provisional data; no official document collection yet.
SVL,stage_0_full_universe,0,0,0,False,False,False,False,False,NO_OFFICIAL_EVIDENCE_NEEDED_YET,False,Keep using cheap/provisional data; no official document collection yet.
SVN,stage_0_full_universe,0,0,0,False,False,False,False,False,NO_OFFICIAL_EVIDENCE_NEEDED_YET,False,Keep using cheap/provisional data; no official document collection yet.
SVT,stage_0_full_universe,0,0,0,False,False,False,False,False,NO_OFFICIAL_EVIDENCE_NEEDED_YET,False,Keep using cheap/provisional data; no official document collection yet.
SWC,stage_0_full_universe,0,0,0,False,False,False,False,False,NO_OFFICIAL_EVIDENCE_NEEDED_YET,False,Keep using cheap/provisional data; no official document collection yet.
SZB,stage_0_full_universe,0,0,0,False,False,False,False,False,NO_OFFICIAL_EVIDENCE_NEEDED_YET,False,Keep using cheap/provisional data; no official document collection yet.
SZC,stage_0_full_universe,0,0,0,False,False,False,False,False,NO_OFFICIAL_EVIDENCE_NEEDED_YET,False,Keep using cheap/provisional data; no official document collection yet.
SZE,stage_0_full_universe,0,0,0,False,False,False,False,False,NO_OFFICIAL_EVIDENCE_NEEDED_YET,False,Keep using cheap/provisional data; no official document collection yet.
SZG,stage_0_full_universe,0,0,0,False,False,False,False,False,NO_OFFICIAL_EVIDENCE_NEEDED_YET,False,Keep using cheap/provisional data; no official document collection yet.
SZL,stage_0_full_universe,0,0,0,False,False,False,False,False,NO_OFFICIAL_EVIDENCE_NEEDED_YET,False,Keep using cheap/provisional data; no official document collection yet.
T12,stage_0_full_universe,0,0,0,False,False,False,False,False,NO_OFFICIAL_EVIDENCE_NEEDED_YET,False,Keep using cheap/provisional data; no official document collection yet.
TA3,stage_0_full_universe,0,0,0,False,False,False,False,False,NO_OFFICIAL_EVIDENCE_NEEDED_YET,False,Keep using cheap/provisional data; no official document collection yet.
TA6,stage_0_full_universe,0,0,0,False,False,False,False,False,NO_OFFICIAL_EVIDENCE_NEEDED_YET,False,Keep using cheap/provisional data; no official document collection yet.
TA9,stage_0_full_universe,0,0,0,False,False,False,False,False,NO_OFFICIAL_EVIDENCE_NEEDED_YET,False,Keep using cheap/provisional data; no official document collection yet.
TAB,stage_0_full_universe,0,0,0,False,False,False,False,False,NO_OFFICIAL_EVIDENCE_NEEDED_YET,False,Keep using cheap/provisional data; no official document collection yet.
TAC,stage_0_full_universe,0,0,0,False,False,False,False,False,NO_OFFICIAL_EVIDENCE_NEEDED_YET,False,Keep using cheap/provisional data; no official document collection yet.
TAG,stage_0_full_universe,0,0,0,False,False,False,False,False,NO_OFFICIAL_EVIDENCE_NEEDED_YET,False,Keep using cheap/provisional data; no official document collection yet.
TAL,stage_0_full_universe,0,0,0,False,False,False,False,False,NO_OFFICIAL_EVIDENCE_NEEDED_YET,False,Keep using cheap/provisional data; no official document collection yet.
TAN,stage_0_full_universe,0,0,0,False,False,False,False,False,NO_OFFICIAL_EVIDENCE_NEEDED_YET,False,Keep using cheap/provisional data; no official document collection yet.
TAP,stage_0_full_universe,0,0,0,False,False,False,False,False,NO_OFFICIAL_EVIDENCE_NEEDED_YET,False,Keep using cheap/provisional data; no official document collection yet.
TAR,stage_0_full_universe,0,0,0,False,False,False,False,False,NO_OFFICIAL_EVIDENCE_NEEDED_YET,False,Keep using cheap/provisional data; no official document collection yet.
TAW,stage_0_full_universe,0,0,0,False,False,False,False,False,NO_OFFICIAL_EVIDENCE_NEEDED_YET,False,Keep using cheap/provisional data; no official document collection yet.
TB8,stage_0_full_universe,0,0,0,False,False,False,False,False,NO_OFFICIAL_EVIDENCE_NEEDED_YET,False,Keep using cheap/provisional data; no official document collection yet.
TBC,stage_0_full_universe,0,0,0,False,False,False,False,False,NO_OFFICIAL_EVIDENCE_NEEDED_YET,False,Keep using cheap/provisional data; no official document collection yet.
TBD,stage_0_full_universe,0,0,0,False,False,False,False,False,NO_OFFICIAL_EVIDENCE_NEEDED_YET,False,Keep using cheap/provisional data; no official document collection yet.
TBH,stage_0_full_universe,0,0,0,False,False,False,False,False,NO_OFFICIAL_EVIDENCE_NEEDED_YET,False,Keep using cheap/provisional data; no official document collection yet.
TBR,stage_0_full_universe,0,0,0,False,False,False,False,False,NO_OFFICIAL_EVIDENCE_NEEDED_YET,False,Keep using cheap/provisional data; no official document collection yet.
TBT,stage_0_full_universe,0,0,0,False,False,False,False,False,NO_OFFICIAL_EVIDENCE_NEEDED_YET,False,Keep using cheap/provisional data; no official document collection yet.
TBW,stage_0_full_universe,0,0,0,False,False,False,False,False,NO_OFFICIAL_EVIDENCE_NEEDED_YET,False,Keep using cheap/provisional data; no official document collection yet.
TBX,stage_0_full_universe,0,0,0,False,False,False,False,False,NO_OFFICIAL_EVIDENCE_NEEDED_YET,False,Keep using cheap/provisional data; no official document collection yet.
TC6,stage_0_full_universe,0,0,0,False,False,False,False,False,NO_OFFICIAL_EVIDENCE_NEEDED_YET,False,Keep using cheap/provisional data; no official document collection yet.
TCB,stage_0_full_universe,0,0,0,False,False,False,False,False,NO_OFFICIAL_EVIDENCE_NEEDED_YET,False,Keep using cheap/provisional data; no official document collection yet.
TCD,stage_0_full_universe,0,0,0,False,False,False,False,False,NO_OFFICIAL_EVIDENCE_NEEDED_YET,False,Keep using cheap/provisional data; no official document collection yet.
TCH,stage_0_full_universe,0,0,0,False,False,False,False,False,NO_OFFICIAL_EVIDENCE_NEEDED_YET,False,Keep using cheap/provisional data; no official document collection yet.
TCI,stage_0_full_universe,0,0,0,False,False,False,False,False,NO_OFFICIAL_EVIDENCE_NEEDED_YET,False,Keep using cheap/provisional data; no official document collection yet.
TCJ,stage_0_full_universe,0,0,0,False,False,False,False,False,NO_OFFICIAL_EVIDENCE_NEEDED_YET,False,Keep using cheap/provisional data; no official document collection yet.
TCK,stage_0_full_universe,0,0,0,False,False,False,False,False,NO_OFFICIAL_EVIDENCE_NEEDED_YET,False,Keep using cheap/provisional data; no official document collection yet.
TCL,stage_0_full_universe,0,0,0,False,False,False,False,False,NO_OFFICIAL_EVIDENCE_NEEDED_YET,False,Keep using cheap/provisional data; no official document collection yet.
TCM,stage_0_full_universe,0,0,0,False,False,False,False,False,NO_OFFICIAL_EVIDENCE_NEEDED_YET,False,Keep using cheap/provisional data; no official document collection yet.
TCO,stage_0_full_universe,0,0,0,False,False,False,False,False,NO_OFFICIAL_EVIDENCE_NEEDED_YET,False,Keep using cheap/provisional data; no official document collection yet.
TCR,stage_0_full_universe,0,0,0,False,False,False,False,False,NO_OFFICIAL_EVIDENCE_NEEDED_YET,False,Keep using cheap/provisional data; no official document collection yet.
TCT,stage_0_full_universe,0,0,0,False,False,False,False,False,NO_OFFICIAL_EVIDENCE_NEEDED_YET,False,Keep using cheap/provisional data; no official document collection yet.
TCW,stage_0_full_universe,0,0,0,False,False,False,False,False,NO_OFFICIAL_EVIDENCE_NEEDED_YET,False,Keep using cheap/provisional data; no official document collection yet.
TCX,stage_0_full_universe,0,0,0,False,False,False,False,False,NO_OFFICIAL_EVIDENCE_NEEDED_YET,False,Keep using cheap/provisional data; no official document collection yet.
TS5,stage_0_full_universe,0,0,0,False,False,False,False,False,NO_OFFICIAL_EVIDENCE_NEEDED_YET,False,Keep using cheap/provisional data; no official document collection yet.
VMI,stage_0_full_universe,0,0,0,False,False,False,False,False,NO_OFFICIAL_EVIDENCE_NEEDED_YET,False,Keep using cheap/provisional data; no official document collection yet.
VSP,stage_0_full_universe,0,0,0,False,False,False,False,False,NO_OFFICIAL_EVIDENCE_NEEDED_YET,False,Keep using cheap/provisional data; no official document collection yet.
