ticker,stage,needed_document,where_to_get_it,suggested_category,document_priority,reason
VIX,stage_4_deep_dive_shortlist,P0_latest_consolidated_financial_statement,"Vietstock > Tai lieu > Bao cao tai chinh/Bao cao thuong nien, or company IR direct link",Bao cao tai chinh,P0_latest_consolidated_financial_statement,Manual seed requested only for staged evidence slots; no automated bulk download.
VIX,stage_4_deep_dive_shortlist,P1_latest_audited_annual_financial_statement,"Vietstock > Tai lieu > Bao cao tai chinh/Bao cao thuong nien, or company IR direct link",Bao cao tai chinh,P1_latest_audited_annual_financial_statement,Manual seed requested only for staged evidence slots; no automated bulk download.
VIX,stage_4_deep_dive_shortlist,P2_latest_annual_report,"Vietstock > Tai lieu > Bao cao tai chinh/Bao cao thuong nien, or company IR direct link",Bao cao thuong nien,P2_latest_annual_report,Manual seed requested only for staged evidence slots; no automated bulk download.
VIX,stage_4_deep_dive_shortlist,P3_same_period_previous_year_financial_statement,"Vietstock > Tai lieu > Bao cao tai chinh/Bao cao thuong nien, or company IR direct link",Bao cao tai chinh,P3_same_period_previous_year_financial_statement,Manual seed requested only for staged evidence slots; no automated bulk download.
VIX,stage_4_deep_dive_shortlist,P4_three_year_audited_annual_statements,"Vietstock > Tai lieu > Bao cao tai chinh/Bao cao thuong nien, or company IR direct link",Bao cao tai chinh,P4_three_year_audited_annual_statements,Manual seed requested only for staged evidence slots; no automated bulk download.
VND,stage_4_deep_dive_shortlist,P0_latest_consolidated_financial_statement,"Vietstock > Tai lieu > Bao cao tai chinh/Bao cao thuong nien, or company IR direct link",Bao cao tai chinh,P0_latest_consolidated_financial_statement,Manual seed requested only for staged evidence slots; no automated bulk download.
VND,stage_4_deep_dive_shortlist,P1_latest_audited_annual_financial_statement,"Vietstock > Tai lieu > Bao cao tai chinh/Bao cao thuong nien, or company IR direct link",Bao cao tai chinh,P1_latest_audited_annual_financial_statement,Manual seed requested only for staged evidence slots; no automated bulk download.
VND,stage_4_deep_dive_shortlist,P2_latest_annual_report,"Vietstock > Tai lieu > Bao cao tai chinh/Bao cao thuong nien, or company IR direct link",Bao cao thuong nien,P2_latest_annual_report,Manual seed requested only for staged evidence slots; no automated bulk download.
VND,stage_4_deep_dive_shortlist,P3_same_period_previous_year_financial_statement,"Vietstock > Tai lieu > Bao cao tai chinh/Bao cao thuong nien, or company IR direct link",Bao cao tai chinh,P3_same_period_previous_year_financial_statement,Manual seed requested only for staged evidence slots; no automated bulk download.
VND,stage_4_deep_dive_shortlist,P4_three_year_audited_annual_statements,"Vietstock > Tai lieu > Bao cao tai chinh/Bao cao thuong nien, or company IR direct link",Bao cao tai chinh,P4_three_year_audited_annual_statements,Manual seed requested only for staged evidence slots; no automated bulk download.
VSC,stage_4_deep_dive_shortlist,P0_latest_consolidated_financial_statement,"Vietstock > Tai lieu > Bao cao tai chinh/Bao cao thuong nien, or company IR direct link",Bao cao tai chinh,P0_latest_consolidated_financial_statement,Manual seed requested only for staged evidence slots; no automated bulk download.
VSC,stage_4_deep_dive_shortlist,P1_latest_audited_annual_financial_statement,"Vietstock > Tai lieu > Bao cao tai chinh/Bao cao thuong nien, or company IR direct link",Bao cao tai chinh,P1_latest_audited_annual_financial_statement,Manual seed requested only for staged evidence slots; no automated bulk download.
VSC,stage_4_deep_dive_shortlist,P2_latest_annual_report,"Vietstock > Tai lieu > Bao cao tai chinh/Bao cao thuong nien, or company IR direct link",Bao cao thuong nien,P2_latest_annual_report,Manual seed requested only for staged evidence slots; no automated bulk download.
VSC,stage_4_deep_dive_shortlist,P3_same_period_previous_year_financial_statement,"Vietstock > Tai lieu > Bao cao tai chinh/Bao cao thuong nien, or company IR direct link",Bao cao tai chinh,P3_same_period_previous_year_financial_statement,Manual seed requested only for staged evidence slots; no automated bulk download.
VSC,stage_4_deep_dive_shortlist,P4_three_year_audited_annual_statements,"Vietstock > Tai lieu > Bao cao tai chinh/Bao cao thuong nien, or company IR direct link",Bao cao tai chinh,P4_three_year_audited_annual_statements,Manual seed requested only for staged evidence slots; no automated bulk download.
VGI,stage_4_deep_dive_shortlist,P0_latest_consolidated_financial_statement,"Vietstock > Tai lieu > Bao cao tai chinh/Bao cao thuong nien, or company IR direct link",Bao cao tai chinh,P0_latest_consolidated_financial_statement,Manual seed requested only for staged evidence slots; no automated bulk download.
VGI,stage_4_deep_dive_shortlist,P1_latest_audited_annual_financial_statement,"Vietstock > Tai lieu > Bao cao tai chinh/Bao cao thuong nien, or company IR direct link",Bao cao tai chinh,P1_latest_audited_annual_financial_statement,Manual seed requested only for staged evidence slots; no automated bulk download.
VGI,stage_4_deep_dive_shortlist,P2_latest_annual_report,"Vietstock > Tai lieu > Bao cao tai chinh/Bao cao thuong nien, or company IR direct link",Bao cao thuong nien,P2_latest_annual_report,Manual seed requested only for staged evidence slots; no automated bulk download.
VGI,stage_4_deep_dive_shortlist,P3_same_period_previous_year_financial_statement,"Vietstock > Tai lieu > Bao cao tai chinh/Bao cao thuong nien, or company IR direct link",Bao cao tai chinh,P3_same_period_previous_year_financial_statement,Manual seed requested only for staged evidence slots; no automated bulk download.
VGI,stage_4_deep_dive_shortlist,P4_three_year_audited_annual_statements,"Vietstock > Tai lieu > Bao cao tai chinh/Bao cao thuong nien, or company IR direct link",Bao cao tai chinh,P4_three_year_audited_annual_statements,Manual seed requested only for staged evidence slots; no automated bulk download.
VCG,stage_4_deep_dive_shortlist,P0_latest_consolidated_financial_statement,"Vietstock > Tai lieu > Bao cao tai chinh/Bao cao thuong nien, or company IR direct link",Bao cao tai chinh,P0_latest_consolidated_financial_statement,Manual seed requested only for staged evidence slots; no automated bulk download.
VCG,stage_4_deep_dive_shortlist,P1_latest_audited_annual_financial_statement,"Vietstock > Tai lieu > Bao cao tai chinh/Bao cao thuong nien, or company IR direct link",Bao cao tai chinh,P1_latest_audited_annual_financial_statement,Manual seed requested only for staged evidence slots; no automated bulk download.
VCG,stage_4_deep_dive_shortlist,P2_latest_annual_report,"Vietstock > Tai lieu > Bao cao tai chinh/Bao cao thuong nien, or company IR direct link",Bao cao thuong nien,P2_latest_annual_report,Manual seed requested only for staged evidence slots; no automated bulk download.
VCG,stage_4_deep_dive_shortlist,P3_same_period_previous_year_financial_statement,"Vietstock > Tai lieu > Bao cao tai chinh/Bao cao thuong nien, or company IR direct link",Bao cao tai chinh,P3_same_period_previous_year_financial_statement,Manual seed requested only for staged evidence slots; no automated bulk download.
VCG,stage_4_deep_dive_shortlist,P4_three_year_audited_annual_statements,"Vietstock > Tai lieu > Bao cao tai chinh/Bao cao thuong nien, or company IR direct link",Bao cao tai chinh,P4_three_year_audited_annual_statements,Manual seed requested only for staged evidence slots; no automated bulk download.
VNM,stage_4_deep_dive_shortlist,P0_latest_consolidated_financial_statement,"Vietstock > Tai lieu > Bao cao tai chinh/Bao cao thuong nien, or company IR direct link",Bao cao tai chinh,P0_latest_consolidated_financial_statement,Manual seed requested only for staged evidence slots; no automated bulk download.
VNM,stage_4_deep_dive_shortlist,P1_latest_audited_annual_financial_statement,"Vietstock > Tai lieu > Bao cao tai chinh/Bao cao thuong nien, or company IR direct link",Bao cao tai chinh,P1_latest_audited_annual_financial_statement,Manual seed requested only for staged evidence slots; no automated bulk download.
VNM,stage_4_deep_dive_shortlist,P2_latest_annual_report,"Vietstock > Tai lieu > Bao cao tai chinh/Bao cao thuong nien, or company IR direct link",Bao cao thuong nien,P2_latest_annual_report,Manual seed requested only for staged evidence slots; no automated bulk download.
VNM,stage_4_deep_dive_shortlist,P3_same_period_previous_year_financial_statement,"Vietstock > Tai lieu > Bao cao tai chinh/Bao cao thuong nien, or company IR direct link",Bao cao tai chinh,P3_same_period_previous_year_financial_statement,Manual seed requested only for staged evidence slots; no automated bulk download.
VNM,stage_4_deep_dive_shortlist,P4_three_year_audited_annual_statements,"Vietstock > Tai lieu > Bao cao tai chinh/Bao cao thuong nien, or company IR direct link",Bao cao tai chinh,P4_three_year_audited_annual_statements,Manual seed requested only for staged evidence slots; no automated bulk download.
TVN,stage_4_deep_dive_shortlist,P0_latest_consolidated_financial_statement,"Vietstock > Tai lieu > Bao cao tai chinh/Bao cao thuong nien, or company IR direct link",Bao cao tai chinh,P0_latest_consolidated_financial_statement,Manual seed requested only for staged evidence slots; no automated bulk download.
TVN,stage_4_deep_dive_shortlist,P1_latest_audited_annual_financial_statement,"Vietstock > Tai lieu > Bao cao tai chinh/Bao cao thuong nien, or company IR direct link",Bao cao tai chinh,P1_latest_audited_annual_financial_statement,Manual seed requested only for staged evidence slots; no automated bulk download.
TVN,stage_4_deep_dive_shortlist,P2_latest_annual_report,"Vietstock > Tai lieu > Bao cao tai chinh/Bao cao thuong nien, or company IR direct link",Bao cao thuong nien,P2_latest_annual_report,Manual seed requested only for staged evidence slots; no automated bulk download.
TVN,stage_4_deep_dive_shortlist,P3_same_period_previous_year_financial_statement,"Vietstock > Tai lieu > Bao cao tai chinh/Bao cao thuong nien, or company IR direct link",Bao cao tai chinh,P3_same_period_previous_year_financial_statement,Manual seed requested only for staged evidence slots; no automated bulk download.
TVN,stage_4_deep_dive_shortlist,P4_three_year_audited_annual_statements,"Vietstock > Tai lieu > Bao cao tai chinh/Bao cao thuong nien, or company IR direct link",Bao cao tai chinh,P4_three_year_audited_annual_statements,Manual seed requested only for staged evidence slots; no automated bulk download.
VJC,stage_4_deep_dive_shortlist,P0_latest_consolidated_financial_statement,"Vietstock > Tai lieu > Bao cao tai chinh/Bao cao thuong nien, or company IR direct link",Bao cao tai chinh,P0_latest_consolidated_financial_statement,Manual seed requested only for staged evidence slots; no automated bulk download.
VJC,stage_4_deep_dive_shortlist,P1_latest_audited_annual_financial_statement,"Vietstock > Tai lieu > Bao cao tai chinh/Bao cao thuong nien, or company IR direct link",Bao cao tai chinh,P1_latest_audited_annual_financial_statement,Manual seed requested only for staged evidence slots; no automated bulk download.
VJC,stage_4_deep_dive_shortlist,P2_latest_annual_report,"Vietstock > Tai lieu > Bao cao tai chinh/Bao cao thuong nien, or company IR direct link",Bao cao thuong nien,P2_latest_annual_report,Manual seed requested only for staged evidence slots; no automated bulk download.
VJC,stage_4_deep_dive_shortlist,P3_same_period_previous_year_financial_statement,"Vietstock > Tai lieu > Bao cao tai chinh/Bao cao thuong nien, or company IR direct link",Bao cao tai chinh,P3_same_period_previous_year_financial_statement,Manual seed requested only for staged evidence slots; no automated bulk download.
VJC,stage_4_deep_dive_shortlist,P4_three_year_audited_annual_statements,"Vietstock > Tai lieu > Bao cao tai chinh/Bao cao thuong nien, or company IR direct link",Bao cao tai chinh,P4_three_year_audited_annual_statements,Manual seed requested only for staged evidence slots; no automated bulk download.
VTZ,stage_4_deep_dive_shortlist,P0_latest_consolidated_financial_statement,"Vietstock > Tai lieu > Bao cao tai chinh/Bao cao thuong nien, or company IR direct link",Bao cao tai chinh,P0_latest_consolidated_financial_statement,Manual seed requested only for staged evidence slots; no automated bulk download.
VTZ,stage_4_deep_dive_shortlist,P1_latest_audited_annual_financial_statement,"Vietstock > Tai lieu > Bao cao tai chinh/Bao cao thuong nien, or company IR direct link",Bao cao tai chinh,P1_latest_audited_annual_financial_statement,Manual seed requested only for staged evidence slots; no automated bulk download.
VTZ,stage_4_deep_dive_shortlist,P2_latest_annual_report,"Vietstock > Tai lieu > Bao cao tai chinh/Bao cao thuong nien, or company IR direct link",Bao cao thuong nien,P2_latest_annual_report,Manual seed requested only for staged evidence slots; no automated bulk download.
VTZ,stage_4_deep_dive_shortlist,P3_same_period_previous_year_financial_statement,"Vietstock > Tai lieu > Bao cao tai chinh/Bao cao thuong nien, or company IR direct link",Bao cao tai chinh,P3_same_period_previous_year_financial_statement,Manual seed requested only for staged evidence slots; no automated bulk download.
VTZ,stage_4_deep_dive_shortlist,P4_three_year_audited_annual_statements,"Vietstock > Tai lieu > Bao cao tai chinh/Bao cao thuong nien, or company IR direct link",Bao cao tai chinh,P4_three_year_audited_annual_statements,Manual seed requested only for staged evidence slots; no automated bulk download.
YEG,stage_4_deep_dive_shortlist,P0_latest_consolidated_financial_statement,"Vietstock > Tai lieu > Bao cao tai chinh/Bao cao thuong nien, or company IR direct link",Bao cao tai chinh,P0_latest_consolidated_financial_statement,Manual seed requested only for staged evidence slots; no automated bulk download.
YEG,stage_4_deep_dive_shortlist,P1_latest_audited_annual_financial_statement,"Vietstock > Tai lieu > Bao cao tai chinh/Bao cao thuong nien, or company IR direct link",Bao cao tai chinh,P1_latest_audited_annual_financial_statement,Manual seed requested only for staged evidence slots; no automated bulk download.
YEG,stage_4_deep_dive_shortlist,P2_latest_annual_report,"Vietstock > Tai lieu > Bao cao tai chinh/Bao cao thuong nien, or company IR direct link",Bao cao thuong nien,P2_latest_annual_report,Manual seed requested only for staged evidence slots; no automated bulk download.
YEG,stage_4_deep_dive_shortlist,P3_same_period_previous_year_financial_statement,"Vietstock > Tai lieu > Bao cao tai chinh/Bao cao thuong nien, or company IR direct link",Bao cao tai chinh,P3_same_period_previous_year_financial_statement,Manual seed requested only for staged evidence slots; no automated bulk download.
YEG,stage_4_deep_dive_shortlist,P4_three_year_audited_annual_statements,"Vietstock > Tai lieu > Bao cao tai chinh/Bao cao thuong nien, or company IR direct link",Bao cao tai chinh,P4_three_year_audited_annual_statements,Manual seed requested only for staged evidence slots; no automated bulk download.
VCI,stage_3_final_watchlist,P0_latest_consolidated_financial_statement,"Vietstock > Tai lieu > Bao cao tai chinh/Bao cao thuong nien, or company IR direct link",Bao cao tai chinh,P0_latest_consolidated_financial_statement,Manual seed requested only for staged evidence slots; no automated bulk download.
VCI,stage_3_final_watchlist,P1_latest_audited_annual_financial_statement,"Vietstock > Tai lieu > Bao cao tai chinh/Bao cao thuong nien, or company IR direct link",Bao cao tai chinh,P1_latest_audited_annual_financial_statement,Manual seed requested only for staged evidence slots; no automated bulk download.
VCI,stage_3_final_watchlist,P2_latest_annual_report,"Vietstock > Tai lieu > Bao cao tai chinh/Bao cao thuong nien, or company IR direct link",Bao cao thuong nien,P2_latest_annual_report,Manual seed requested only for staged evidence slots; no automated bulk download.
VFS,stage_3_final_watchlist,P0_latest_consolidated_financial_statement,"Vietstock > Tai lieu > Bao cao tai chinh/Bao cao thuong nien, or company IR direct link",Bao cao tai chinh,P0_latest_consolidated_financial_statement,Manual seed requested only for staged evidence slots; no automated bulk download.
VFS,stage_3_final_watchlist,P1_latest_audited_annual_financial_statement,"Vietstock > Tai lieu > Bao cao tai chinh/Bao cao thuong nien, or company IR direct link",Bao cao tai chinh,P1_latest_audited_annual_financial_statement,Manual seed requested only for staged evidence slots; no automated bulk download.
VFS,stage_3_final_watchlist,P2_latest_annual_report,"Vietstock > Tai lieu > Bao cao tai chinh/Bao cao thuong nien, or company IR direct link",Bao cao thuong nien,P2_latest_annual_report,Manual seed requested only for staged evidence slots; no automated bulk download.
VDS,stage_3_final_watchlist,P0_latest_consolidated_financial_statement,"Vietstock > Tai lieu > Bao cao tai chinh/Bao cao thuong nien, or company IR direct link",Bao cao tai chinh,P0_latest_consolidated_financial_statement,Manual seed requested only for staged evidence slots; no automated bulk download.
VDS,stage_3_final_watchlist,P1_latest_audited_annual_financial_statement,"Vietstock > Tai lieu > Bao cao tai chinh/Bao cao thuong nien, or company IR direct link",Bao cao tai chinh,P1_latest_audited_annual_financial_statement,Manual seed requested only for staged evidence slots; no automated bulk download.
VDS,stage_3_final_watchlist,P2_latest_annual_report,"Vietstock > Tai lieu > Bao cao tai chinh/Bao cao thuong nien, or company IR direct link",Bao cao thuong nien,P2_latest_annual_report,Manual seed requested only for staged evidence slots; no automated bulk download.
VIG,stage_3_final_watchlist,P0_latest_consolidated_financial_statement,"Vietstock > Tai lieu > Bao cao tai chinh/Bao cao thuong nien, or company IR direct link",Bao cao tai chinh,P0_latest_consolidated_financial_statement,Manual seed requested only for staged evidence slots; no automated bulk download.
VIG,stage_3_final_watchlist,P1_latest_audited_annual_financial_statement,"Vietstock > Tai lieu > Bao cao tai chinh/Bao cao thuong nien, or company IR direct link",Bao cao tai chinh,P1_latest_audited_annual_financial_statement,Manual seed requested only for staged evidence slots; no automated bulk download.
VIG,stage_3_final_watchlist,P2_latest_annual_report,"Vietstock > Tai lieu > Bao cao tai chinh/Bao cao thuong nien, or company IR direct link",Bao cao thuong nien,P2_latest_annual_report,Manual seed requested only for staged evidence slots; no automated bulk download.
TVS,stage_3_final_watchlist,P0_latest_consolidated_financial_statement,"Vietstock > Tai lieu > Bao cao tai chinh/Bao cao thuong nien, or company IR direct link",Bao cao tai chinh,P0_latest_consolidated_financial_statement,Manual seed requested only for staged evidence slots; no automated bulk download.
TVS,stage_3_final_watchlist,P1_latest_audited_annual_financial_statement,"Vietstock > Tai lieu > Bao cao tai chinh/Bao cao thuong nien, or company IR direct link",Bao cao tai chinh,P1_latest_audited_annual_financial_statement,Manual seed requested only for staged evidence slots; no automated bulk download.
TVS,stage_3_final_watchlist,P2_latest_annual_report,"Vietstock > Tai lieu > Bao cao tai chinh/Bao cao thuong nien, or company IR direct link",Bao cao thuong nien,P2_latest_annual_report,Manual seed requested only for staged evidence slots; no automated bulk download.
VRE,stage_3_final_watchlist,P0_latest_consolidated_financial_statement,"Vietstock > Tai lieu > Bao cao tai chinh/Bao cao thuong nien, or company IR direct link",Bao cao tai chinh,P0_latest_consolidated_financial_statement,Manual seed requested only for staged evidence slots; no automated bulk download.
VRE,stage_3_final_watchlist,P1_latest_audited_annual_financial_statement,"Vietstock > Tai lieu > Bao cao tai chinh/Bao cao thuong nien, or company IR direct link",Bao cao tai chinh,P1_latest_audited_annual_financial_statement,Manual seed requested only for staged evidence slots; no automated bulk download.
VRE,stage_3_final_watchlist,P2_latest_annual_report,"Vietstock > Tai lieu > Bao cao tai chinh/Bao cao thuong nien, or company IR direct link",Bao cao thuong nien,P2_latest_annual_report,Manual seed requested only for staged evidence slots; no automated bulk download.
VNE,stage_3_final_watchlist,P0_latest_consolidated_financial_statement,"Vietstock > Tai lieu > Bao cao tai chinh/Bao cao thuong nien, or company IR direct link",Bao cao tai chinh,P0_latest_consolidated_financial_statement,Manual seed requested only for staged evidence slots; no automated bulk download.
VNE,stage_3_final_watchlist,P1_latest_audited_annual_financial_statement,"Vietstock > Tai lieu > Bao cao tai chinh/Bao cao thuong nien, or company IR direct link",Bao cao tai chinh,P1_latest_audited_annual_financial_statement,Manual seed requested only for staged evidence slots; no automated bulk download.
VNE,stage_3_final_watchlist,P2_latest_annual_report,"Vietstock > Tai lieu > Bao cao tai chinh/Bao cao thuong nien, or company IR direct link",Bao cao thuong nien,P2_latest_annual_report,Manual seed requested only for staged evidence slots; no automated bulk download.
VOS,stage_3_final_watchlist,P0_latest_consolidated_financial_statement,"Vietstock > Tai lieu > Bao cao tai chinh/Bao cao thuong nien, or company IR direct link",Bao cao tai chinh,P0_latest_consolidated_financial_statement,Manual seed requested only for staged evidence slots; no automated bulk download.
VOS,stage_3_final_watchlist,P1_latest_audited_annual_financial_statement,"Vietstock > Tai lieu > Bao cao tai chinh/Bao cao thuong nien, or company IR direct link",Bao cao tai chinh,P1_latest_audited_annual_financial_statement,Manual seed requested only for staged evidence slots; no automated bulk download.
VOS,stage_3_final_watchlist,P2_latest_annual_report,"Vietstock > Tai lieu > Bao cao tai chinh/Bao cao thuong nien, or company IR direct link",Bao cao thuong nien,P2_latest_annual_report,Manual seed requested only for staged evidence slots; no automated bulk download.
VTP,stage_3_final_watchlist,P0_latest_consolidated_financial_statement,"Vietstock > Tai lieu > Bao cao tai chinh/Bao cao thuong nien, or company IR direct link",Bao cao tai chinh,P0_latest_consolidated_financial_statement,Manual seed requested only for staged evidence slots; no automated bulk download.
VTP,stage_3_final_watchlist,P1_latest_audited_annual_financial_statement,"Vietstock > Tai lieu > Bao cao tai chinh/Bao cao thuong nien, or company IR direct link",Bao cao tai chinh,P1_latest_audited_annual_financial_statement,Manual seed requested only for staged evidence slots; no automated bulk download.
VTP,stage_3_final_watchlist,P2_latest_annual_report,"Vietstock > Tai lieu > Bao cao tai chinh/Bao cao thuong nien, or company IR direct link",Bao cao thuong nien,P2_latest_annual_report,Manual seed requested only for staged evidence slots; no automated bulk download.
TLH,stage_3_final_watchlist,P0_latest_consolidated_financial_statement,"Vietstock > Tai lieu > Bao cao tai chinh/Bao cao thuong nien, or company IR direct link",Bao cao tai chinh,P0_latest_consolidated_financial_statement,Manual seed requested only for staged evidence slots; no automated bulk download.
TLH,stage_3_final_watchlist,P1_latest_audited_annual_financial_statement,"Vietstock > Tai lieu > Bao cao tai chinh/Bao cao thuong nien, or company IR direct link",Bao cao tai chinh,P1_latest_audited_annual_financial_statement,Manual seed requested only for staged evidence slots; no automated bulk download.
TLH,stage_3_final_watchlist,P2_latest_annual_report,"Vietstock > Tai lieu > Bao cao tai chinh/Bao cao thuong nien, or company IR direct link",Bao cao thuong nien,P2_latest_annual_report,Manual seed requested only for staged evidence slots; no automated bulk download.
TTF,stage_3_final_watchlist,P0_latest_consolidated_financial_statement,"Vietstock > Tai lieu > Bao cao tai chinh/Bao cao thuong nien, or company IR direct link",Bao cao tai chinh,P0_latest_consolidated_financial_statement,Manual seed requested only for staged evidence slots; no automated bulk download.
TTF,stage_3_final_watchlist,P1_latest_audited_annual_financial_statement,"Vietstock > Tai lieu > Bao cao tai chinh/Bao cao thuong nien, or company IR direct link",Bao cao tai chinh,P1_latest_audited_annual_financial_statement,Manual seed requested only for staged evidence slots; no automated bulk download.
TTF,stage_3_final_watchlist,P2_latest_annual_report,"Vietstock > Tai lieu > Bao cao tai chinh/Bao cao thuong nien, or company IR direct link",Bao cao thuong nien,P2_latest_annual_report,Manual seed requested only for staged evidence slots; no automated bulk download.
VGC,stage_3_final_watchlist,P0_latest_consolidated_financial_statement,"Vietstock > Tai lieu > Bao cao tai chinh/Bao cao thuong nien, or company IR direct link",Bao cao tai chinh,P0_latest_consolidated_financial_statement,Manual seed requested only for staged evidence slots; no automated bulk download.
VGC,stage_3_final_watchlist,P1_latest_audited_annual_financial_statement,"Vietstock > Tai lieu > Bao cao tai chinh/Bao cao thuong nien, or company IR direct link",Bao cao tai chinh,P1_latest_audited_annual_financial_statement,Manual seed requested only for staged evidence slots; no automated bulk download.
VGC,stage_3_final_watchlist,P2_latest_annual_report,"Vietstock > Tai lieu > Bao cao tai chinh/Bao cao thuong nien, or company IR direct link",Bao cao thuong nien,P2_latest_annual_report,Manual seed requested only for staged evidence slots; no automated bulk download.
TNG,stage_3_final_watchlist,P0_latest_consolidated_financial_statement,"Vietstock > Tai lieu > Bao cao tai chinh/Bao cao thuong nien, or company IR direct link",Bao cao tai chinh,P0_latest_consolidated_financial_statement,Manual seed requested only for staged evidence slots; no automated bulk download.
TNG,stage_3_final_watchlist,P1_latest_audited_annual_financial_statement,"Vietstock > Tai lieu > Bao cao tai chinh/Bao cao thuong nien, or company IR direct link",Bao cao tai chinh,P1_latest_audited_annual_financial_statement,Manual seed requested only for staged evidence slots; no automated bulk download.
TNG,stage_3_final_watchlist,P2_latest_annual_report,"Vietstock > Tai lieu > Bao cao tai chinh/Bao cao thuong nien, or company IR direct link",Bao cao thuong nien,P2_latest_annual_report,Manual seed requested only for staged evidence slots; no automated bulk download.
VHC,stage_3_final_watchlist,P0_latest_consolidated_financial_statement,"Vietstock > Tai lieu > Bao cao tai chinh/Bao cao thuong nien, or company IR direct link",Bao cao tai chinh,P0_latest_consolidated_financial_statement,Manual seed requested only for staged evidence slots; no automated bulk download.
VHC,stage_3_final_watchlist,P1_latest_audited_annual_financial_statement,"Vietstock > Tai lieu > Bao cao tai chinh/Bao cao thuong nien, or company IR direct link",Bao cao tai chinh,P1_latest_audited_annual_financial_statement,Manual seed requested only for staged evidence slots; no automated bulk download.
VHC,stage_3_final_watchlist,P2_latest_annual_report,"Vietstock > Tai lieu > Bao cao tai chinh/Bao cao thuong nien, or company IR direct link",Bao cao thuong nien,P2_latest_annual_report,Manual seed requested only for staged evidence slots; no automated bulk download.
VGT,stage_3_final_watchlist,P0_latest_consolidated_financial_statement,"Vietstock > Tai lieu > Bao cao tai chinh/Bao cao thuong nien, or company IR direct link",Bao cao tai chinh,P0_latest_consolidated_financial_statement,Manual seed requested only for staged evidence slots; no automated bulk download.
VGT,stage_3_final_watchlist,P1_latest_audited_annual_financial_statement,"Vietstock > Tai lieu > Bao cao tai chinh/Bao cao thuong nien, or company IR direct link",Bao cao tai chinh,P1_latest_audited_annual_financial_statement,Manual seed requested only for staged evidence slots; no automated bulk download.
VGT,stage_3_final_watchlist,P2_latest_annual_report,"Vietstock > Tai lieu > Bao cao tai chinh/Bao cao thuong nien, or company IR direct link",Bao cao thuong nien,P2_latest_annual_report,Manual seed requested only for staged evidence slots; no automated bulk download.
VEA,stage_3_final_watchlist,P0_latest_consolidated_financial_statement,"Vietstock > Tai lieu > Bao cao tai chinh/Bao cao thuong nien, or company IR direct link",Bao cao tai chinh,P0_latest_consolidated_financial_statement,Manual seed requested only for staged evidence slots; no automated bulk download.
VEA,stage_3_final_watchlist,P1_latest_audited_annual_financial_statement,"Vietstock > Tai lieu > Bao cao tai chinh/Bao cao thuong nien, or company IR direct link",Bao cao tai chinh,P1_latest_audited_annual_financial_statement,Manual seed requested only for staged evidence slots; no automated bulk download.
VEA,stage_3_final_watchlist,P2_latest_annual_report,"Vietstock > Tai lieu > Bao cao tai chinh/Bao cao thuong nien, or company IR direct link",Bao cao thuong nien,P2_latest_annual_report,Manual seed requested only for staged evidence slots; no automated bulk download.
TV2,stage_3_final_watchlist,P0_latest_consolidated_financial_statement,"Vietstock > Tai lieu > Bao cao tai chinh/Bao cao thuong nien, or company IR direct link",Bao cao tai chinh,P0_latest_consolidated_financial_statement,Manual seed requested only for staged evidence slots; no automated bulk download.
TV2,stage_3_final_watchlist,P1_latest_audited_annual_financial_statement,"Vietstock > Tai lieu > Bao cao tai chinh/Bao cao thuong nien, or company IR direct link",Bao cao tai chinh,P1_latest_audited_annual_financial_statement,Manual seed requested only for staged evidence slots; no automated bulk download.
TV2,stage_3_final_watchlist,P2_latest_annual_report,"Vietstock > Tai lieu > Bao cao tai chinh/Bao cao thuong nien, or company IR direct link",Bao cao thuong nien,P2_latest_annual_report,Manual seed requested only for staged evidence slots; no automated bulk download.
VPG,stage_3_final_watchlist,P0_latest_consolidated_financial_statement,"Vietstock > Tai lieu > Bao cao tai chinh/Bao cao thuong nien, or company IR direct link",Bao cao tai chinh,P0_latest_consolidated_financial_statement,Manual seed requested only for staged evidence slots; no automated bulk download.
VPG,stage_3_final_watchlist,P1_latest_audited_annual_financial_statement,"Vietstock > Tai lieu > Bao cao tai chinh/Bao cao thuong nien, or company IR direct link",Bao cao tai chinh,P1_latest_audited_annual_financial_statement,Manual seed requested only for staged evidence slots; no automated bulk download.
VPG,stage_3_final_watchlist,P2_latest_annual_report,"Vietstock > Tai lieu > Bao cao tai chinh/Bao cao thuong nien, or company IR direct link",Bao cao thuong nien,P2_latest_annual_report,Manual seed requested only for staged evidence slots; no automated bulk download.
TTA,stage_3_final_watchlist,P0_latest_consolidated_financial_statement,"Vietstock > Tai lieu > Bao cao tai chinh/Bao cao thuong nien, or company IR direct link",Bao cao tai chinh,P0_latest_consolidated_financial_statement,Manual seed requested only for staged evidence slots; no automated bulk download.
TTA,stage_3_final_watchlist,P1_latest_audited_annual_financial_statement,"Vietstock > Tai lieu > Bao cao tai chinh/Bao cao thuong nien, or company IR direct link",Bao cao tai chinh,P1_latest_audited_annual_financial_statement,Manual seed requested only for staged evidence slots; no automated bulk download.
TTA,stage_3_final_watchlist,P2_latest_annual_report,"Vietstock > Tai lieu > Bao cao tai chinh/Bao cao thuong nien, or company IR direct link",Bao cao thuong nien,P2_latest_annual_report,Manual seed requested only for staged evidence slots; no automated bulk download.
VGS,stage_3_final_watchlist,P0_latest_consolidated_financial_statement,"Vietstock > Tai lieu > Bao cao tai chinh/Bao cao thuong nien, or company IR direct link",Bao cao tai chinh,P0_latest_consolidated_financial_statement,Manual seed requested only for staged evidence slots; no automated bulk download.
VGS,stage_3_final_watchlist,P1_latest_audited_annual_financial_statement,"Vietstock > Tai lieu > Bao cao tai chinh/Bao cao thuong nien, or company IR direct link",Bao cao tai chinh,P1_latest_audited_annual_financial_statement,Manual seed requested only for staged evidence slots; no automated bulk download.
VGS,stage_3_final_watchlist,P2_latest_annual_report,"Vietstock > Tai lieu > Bao cao tai chinh/Bao cao thuong nien, or company IR direct link",Bao cao thuong nien,P2_latest_annual_report,Manual seed requested only for staged evidence slots; no automated bulk download.
VTD,stage_3_final_watchlist,P0_latest_consolidated_financial_statement,"Vietstock > Tai lieu > Bao cao tai chinh/Bao cao thuong nien, or company IR direct link",Bao cao tai chinh,P0_latest_consolidated_financial_statement,Manual seed requested only for staged evidence slots; no automated bulk download.
VTD,stage_3_final_watchlist,P1_latest_audited_annual_financial_statement,"Vietstock > Tai lieu > Bao cao tai chinh/Bao cao thuong nien, or company IR direct link",Bao cao tai chinh,P1_latest_audited_annual_financial_statement,Manual seed requested only for staged evidence slots; no automated bulk download.
VTD,stage_3_final_watchlist,P2_latest_annual_report,"Vietstock > Tai lieu > Bao cao tai chinh/Bao cao thuong nien, or company IR direct link",Bao cao thuong nien,P2_latest_annual_report,Manual seed requested only for staged evidence slots; no automated bulk download.
VHE,stage_3_final_watchlist,P0_latest_consolidated_financial_statement,"Vietstock > Tai lieu > Bao cao tai chinh/Bao cao thuong nien, or company IR direct link",Bao cao tai chinh,P0_latest_consolidated_financial_statement,Manual seed requested only for staged evidence slots; no automated bulk download.
VHE,stage_3_final_watchlist,P1_latest_audited_annual_financial_statement,"Vietstock > Tai lieu > Bao cao tai chinh/Bao cao thuong nien, or company IR direct link",Bao cao tai chinh,P1_latest_audited_annual_financial_statement,Manual seed requested only for staged evidence slots; no automated bulk download.
VHE,stage_3_final_watchlist,P2_latest_annual_report,"Vietstock > Tai lieu > Bao cao tai chinh/Bao cao thuong nien, or company IR direct link",Bao cao thuong nien,P2_latest_annual_report,Manual seed requested only for staged evidence slots; no automated bulk download.
TNI,stage_3_final_watchlist,P0_latest_consolidated_financial_statement,"Vietstock > Tai lieu > Bao cao tai chinh/Bao cao thuong nien, or company IR direct link",Bao cao tai chinh,P0_latest_consolidated_financial_statement,Manual seed requested only for staged evidence slots; no automated bulk download.
TNI,stage_3_final_watchlist,P1_latest_audited_annual_financial_statement,"Vietstock > Tai lieu > Bao cao tai chinh/Bao cao thuong nien, or company IR direct link",Bao cao tai chinh,P1_latest_audited_annual_financial_statement,Manual seed requested only for staged evidence slots; no automated bulk download.
TNI,stage_3_final_watchlist,P2_latest_annual_report,"Vietstock > Tai lieu > Bao cao tai chinh/Bao cao thuong nien, or company IR direct link",Bao cao thuong nien,P2_latest_annual_report,Manual seed requested only for staged evidence slots; no automated bulk download.
VVS,stage_3_final_watchlist,P0_latest_consolidated_financial_statement,"Vietstock > Tai lieu > Bao cao tai chinh/Bao cao thuong nien, or company IR direct link",Bao cao tai chinh,P0_latest_consolidated_financial_statement,Manual seed requested only for staged evidence slots; no automated bulk download.
VVS,stage_3_final_watchlist,P1_latest_audited_annual_financial_statement,"Vietstock > Tai lieu > Bao cao tai chinh/Bao cao thuong nien, or company IR direct link",Bao cao tai chinh,P1_latest_audited_annual_financial_statement,Manual seed requested only for staged evidence slots; no automated bulk download.
VVS,stage_3_final_watchlist,P2_latest_annual_report,"Vietstock > Tai lieu > Bao cao tai chinh/Bao cao thuong nien, or company IR direct link",Bao cao thuong nien,P2_latest_annual_report,Manual seed requested only for staged evidence slots; no automated bulk download.
TSC,stage_3_final_watchlist,P0_latest_consolidated_financial_statement,"Vietstock > Tai lieu > Bao cao tai chinh/Bao cao thuong nien, or company IR direct link",Bao cao tai chinh,P0_latest_consolidated_financial_statement,Manual seed requested only for staged evidence slots; no automated bulk download.
TSC,stage_3_final_watchlist,P1_latest_audited_annual_financial_statement,"Vietstock > Tai lieu > Bao cao tai chinh/Bao cao thuong nien, or company IR direct link",Bao cao tai chinh,P1_latest_audited_annual_financial_statement,Manual seed requested only for staged evidence slots; no automated bulk download.
TSC,stage_3_final_watchlist,P2_latest_annual_report,"Vietstock > Tai lieu > Bao cao tai chinh/Bao cao thuong nien, or company IR direct link",Bao cao thuong nien,P2_latest_annual_report,Manual seed requested only for staged evidence slots; no automated bulk download.
TNH,stage_3_final_watchlist,P0_latest_consolidated_financial_statement,"Vietstock > Tai lieu > Bao cao tai chinh/Bao cao thuong nien, or company IR direct link",Bao cao tai chinh,P0_latest_consolidated_financial_statement,Manual seed requested only for staged evidence slots; no automated bulk download.
TNH,stage_3_final_watchlist,P1_latest_audited_annual_financial_statement,"Vietstock > Tai lieu > Bao cao tai chinh/Bao cao thuong nien, or company IR direct link",Bao cao tai chinh,P1_latest_audited_annual_financial_statement,Manual seed requested only for staged evidence slots; no automated bulk download.
TNH,stage_3_final_watchlist,P2_latest_annual_report,"Vietstock > Tai lieu > Bao cao tai chinh/Bao cao thuong nien, or company IR direct link",Bao cao thuong nien,P2_latest_annual_report,Manual seed requested only for staged evidence slots; no automated bulk download.
TLG,stage_3_final_watchlist,P0_latest_consolidated_financial_statement,"Vietstock > Tai lieu > Bao cao tai chinh/Bao cao thuong nien, or company IR direct link",Bao cao tai chinh,P0_latest_consolidated_financial_statement,Manual seed requested only for staged evidence slots; no automated bulk download.
TLG,stage_3_final_watchlist,P1_latest_audited_annual_financial_statement,"Vietstock > Tai lieu > Bao cao tai chinh/Bao cao thuong nien, or company IR direct link",Bao cao tai chinh,P1_latest_audited_annual_financial_statement,Manual seed requested only for staged evidence slots; no automated bulk download.
TLG,stage_3_final_watchlist,P2_latest_annual_report,"Vietstock > Tai lieu > Bao cao tai chinh/Bao cao thuong nien, or company IR direct link",Bao cao thuong nien,P2_latest_annual_report,Manual seed requested only for staged evidence slots; no automated bulk download.
TDG,stage_3_final_watchlist,P0_latest_consolidated_financial_statement,"Vietstock > Tai lieu > Bao cao tai chinh/Bao cao thuong nien, or company IR direct link",Bao cao tai chinh,P0_latest_consolidated_financial_statement,Manual seed requested only for staged evidence slots; no automated bulk download.
TDG,stage_3_final_watchlist,P1_latest_audited_annual_financial_statement,"Vietstock > Tai lieu > Bao cao tai chinh/Bao cao thuong nien, or company IR direct link",Bao cao tai chinh,P1_latest_audited_annual_financial_statement,Manual seed requested only for staged evidence slots; no automated bulk download.
TDG,stage_3_final_watchlist,P2_latest_annual_report,"Vietstock > Tai lieu > Bao cao tai chinh/Bao cao thuong nien, or company IR direct link",Bao cao thuong nien,P2_latest_annual_report,Manual seed requested only for staged evidence slots; no automated bulk download.
VLC,stage_3_final_watchlist,P0_latest_consolidated_financial_statement,"Vietstock > Tai lieu > Bao cao tai chinh/Bao cao thuong nien, or company IR direct link",Bao cao tai chinh,P0_latest_consolidated_financial_statement,Manual seed requested only for staged evidence slots; no automated bulk download.
VLC,stage_3_final_watchlist,P1_latest_audited_annual_financial_statement,"Vietstock > Tai lieu > Bao cao tai chinh/Bao cao thuong nien, or company IR direct link",Bao cao tai chinh,P1_latest_audited_annual_financial_statement,Manual seed requested only for staged evidence slots; no automated bulk download.
VLC,stage_3_final_watchlist,P2_latest_annual_report,"Vietstock > Tai lieu > Bao cao tai chinh/Bao cao thuong nien, or company IR direct link",Bao cao thuong nien,P2_latest_annual_report,Manual seed requested only for staged evidence slots; no automated bulk download.
VNB,stage_3_final_watchlist,P0_latest_consolidated_financial_statement,"Vietstock > Tai lieu > Bao cao tai chinh/Bao cao thuong nien, or company IR direct link",Bao cao tai chinh,P0_latest_consolidated_financial_statement,Manual seed requested only for staged evidence slots; no automated bulk download.
VNB,stage_3_final_watchlist,P1_latest_audited_annual_financial_statement,"Vietstock > Tai lieu > Bao cao tai chinh/Bao cao thuong nien, or company IR direct link",Bao cao tai chinh,P1_latest_audited_annual_financial_statement,Manual seed requested only for staged evidence slots; no automated bulk download.
VNB,stage_3_final_watchlist,P2_latest_annual_report,"Vietstock > Tai lieu > Bao cao tai chinh/Bao cao thuong nien, or company IR direct link",Bao cao thuong nien,P2_latest_annual_report,Manual seed requested only for staged evidence slots; no automated bulk download.
VOC,stage_3_final_watchlist,P0_latest_consolidated_financial_statement,"Vietstock > Tai lieu > Bao cao tai chinh/Bao cao thuong nien, or company IR direct link",Bao cao tai chinh,P0_latest_consolidated_financial_statement,Manual seed requested only for staged evidence slots; no automated bulk download.
VOC,stage_3_final_watchlist,P1_latest_audited_annual_financial_statement,"Vietstock > Tai lieu > Bao cao tai chinh/Bao cao thuong nien, or company IR direct link",Bao cao tai chinh,P1_latest_audited_annual_financial_statement,Manual seed requested only for staged evidence slots; no automated bulk download.
VOC,stage_3_final_watchlist,P2_latest_annual_report,"Vietstock > Tai lieu > Bao cao tai chinh/Bao cao thuong nien, or company IR direct link",Bao cao thuong nien,P2_latest_annual_report,Manual seed requested only for staged evidence slots; no automated bulk download.
TDM,stage_3_final_watchlist,P0_latest_consolidated_financial_statement,"Vietstock > Tai lieu > Bao cao tai chinh/Bao cao thuong nien, or company IR direct link",Bao cao tai chinh,P0_latest_consolidated_financial_statement,Manual seed requested only for staged evidence slots; no automated bulk download.
TDM,stage_3_final_watchlist,P1_latest_audited_annual_financial_statement,"Vietstock > Tai lieu > Bao cao tai chinh/Bao cao thuong nien, or company IR direct link",Bao cao tai chinh,P1_latest_audited_annual_financial_statement,Manual seed requested only for staged evidence slots; no automated bulk download.
TDM,stage_3_final_watchlist,P2_latest_annual_report,"Vietstock > Tai lieu > Bao cao tai chinh/Bao cao thuong nien, or company IR direct link",Bao cao thuong nien,P2_latest_annual_report,Manual seed requested only for staged evidence slots; no automated bulk download.
VTC,stage_3_final_watchlist,P0_latest_consolidated_financial_statement,"Vietstock > Tai lieu > Bao cao tai chinh/Bao cao thuong nien, or company IR direct link",Bao cao tai chinh,P0_latest_consolidated_financial_statement,Manual seed requested only for staged evidence slots; no automated bulk download.
VTC,stage_3_final_watchlist,P1_latest_audited_annual_financial_statement,"Vietstock > Tai lieu > Bao cao tai chinh/Bao cao thuong nien, or company IR direct link",Bao cao tai chinh,P1_latest_audited_annual_financial_statement,Manual seed requested only for staged evidence slots; no automated bulk download.
VTC,stage_3_final_watchlist,P2_latest_annual_report,"Vietstock > Tai lieu > Bao cao tai chinh/Bao cao thuong nien, or company IR direct link",Bao cao thuong nien,P2_latest_annual_report,Manual seed requested only for staged evidence slots; no automated bulk download.
TTN,stage_3_final_watchlist,P0_latest_consolidated_financial_statement,"Vietstock > Tai lieu > Bao cao tai chinh/Bao cao thuong nien, or company IR direct link",Bao cao tai chinh,P0_latest_consolidated_financial_statement,Manual seed requested only for staged evidence slots; no automated bulk download.
TTN,stage_3_final_watchlist,P1_latest_audited_annual_financial_statement,"Vietstock > Tai lieu > Bao cao tai chinh/Bao cao thuong nien, or company IR direct link",Bao cao tai chinh,P1_latest_audited_annual_financial_statement,Manual seed requested only for staged evidence slots; no automated bulk download.
TTN,stage_3_final_watchlist,P2_latest_annual_report,"Vietstock > Tai lieu > Bao cao tai chinh/Bao cao thuong nien, or company IR direct link",Bao cao thuong nien,P2_latest_annual_report,Manual seed requested only for staged evidence slots; no automated bulk download.
VCW,stage_3_final_watchlist,P0_latest_consolidated_financial_statement,"Vietstock > Tai lieu > Bao cao tai chinh/Bao cao thuong nien, or company IR direct link",Bao cao tai chinh,P0_latest_consolidated_financial_statement,Manual seed requested only for staged evidence slots; no automated bulk download.
VCW,stage_3_final_watchlist,P1_latest_audited_annual_financial_statement,"Vietstock > Tai lieu > Bao cao tai chinh/Bao cao thuong nien, or company IR direct link",Bao cao tai chinh,P1_latest_audited_annual_financial_statement,Manual seed requested only for staged evidence slots; no automated bulk download.
VCW,stage_3_final_watchlist,P2_latest_annual_report,"Vietstock > Tai lieu > Bao cao tai chinh/Bao cao thuong nien, or company IR direct link",Bao cao thuong nien,P2_latest_annual_report,Manual seed requested only for staged evidence slots; no automated bulk download.
VTR,stage_3_final_watchlist,P0_latest_consolidated_financial_statement,"Vietstock > Tai lieu > Bao cao tai chinh/Bao cao thuong nien, or company IR direct link",Bao cao tai chinh,P0_latest_consolidated_financial_statement,Manual seed requested only for staged evidence slots; no automated bulk download.
VTR,stage_3_final_watchlist,P1_latest_audited_annual_financial_statement,"Vietstock > Tai lieu > Bao cao tai chinh/Bao cao thuong nien, or company IR direct link",Bao cao tai chinh,P1_latest_audited_annual_financial_statement,Manual seed requested only for staged evidence slots; no automated bulk download.
VTR,stage_3_final_watchlist,P2_latest_annual_report,"Vietstock > Tai lieu > Bao cao tai chinh/Bao cao thuong nien, or company IR direct link",Bao cao thuong nien,P2_latest_annual_report,Manual seed requested only for staged evidence slots; no automated bulk download.
VCP,stage_3_final_watchlist,P0_latest_consolidated_financial_statement,"Vietstock > Tai lieu > Bao cao tai chinh/Bao cao thuong nien, or company IR direct link",Bao cao tai chinh,P0_latest_consolidated_financial_statement,Manual seed requested only for staged evidence slots; no automated bulk download.
VCP,stage_3_final_watchlist,P1_latest_audited_annual_financial_statement,"Vietstock > Tai lieu > Bao cao tai chinh/Bao cao thuong nien, or company IR direct link",Bao cao tai chinh,P1_latest_audited_annual_financial_statement,Manual seed requested only for staged evidence slots; no automated bulk download.
VCP,stage_3_final_watchlist,P2_latest_annual_report,"Vietstock > Tai lieu > Bao cao tai chinh/Bao cao thuong nien, or company IR direct link",Bao cao thuong nien,P2_latest_annual_report,Manual seed requested only for staged evidence slots; no automated bulk download.
TOS,stage_3_final_watchlist,P0_latest_consolidated_financial_statement,"Vietstock > Tai lieu > Bao cao tai chinh/Bao cao thuong nien, or company IR direct link",Bao cao tai chinh,P0_latest_consolidated_financial_statement,Manual seed requested only for staged evidence slots; no automated bulk download.
TOS,stage_3_final_watchlist,P1_latest_audited_annual_financial_statement,"Vietstock > Tai lieu > Bao cao tai chinh/Bao cao thuong nien, or company IR direct link",Bao cao tai chinh,P1_latest_audited_annual_financial_statement,Manual seed requested only for staged evidence slots; no automated bulk download.
TOS,stage_3_final_watchlist,P2_latest_annual_report,"Vietstock > Tai lieu > Bao cao tai chinh/Bao cao thuong nien, or company IR direct link",Bao cao thuong nien,P2_latest_annual_report,Manual seed requested only for staged evidence slots; no automated bulk download.
TVP,stage_3_final_watchlist,P0_latest_consolidated_financial_statement,"Vietstock > Tai lieu > Bao cao tai chinh/Bao cao thuong nien, or company IR direct link",Bao cao tai chinh,P0_latest_consolidated_financial_statement,Manual seed requested only for staged evidence slots; no automated bulk download.
TVP,stage_3_final_watchlist,P1_latest_audited_annual_financial_statement,"Vietstock > Tai lieu > Bao cao tai chinh/Bao cao thuong nien, or company IR direct link",Bao cao tai chinh,P1_latest_audited_annual_financial_statement,Manual seed requested only for staged evidence slots; no automated bulk download.
TVP,stage_3_final_watchlist,P2_latest_annual_report,"Vietstock > Tai lieu > Bao cao tai chinh/Bao cao thuong nien, or company IR direct link",Bao cao thuong nien,P2_latest_annual_report,Manual seed requested only for staged evidence slots; no automated bulk download.
VNS,stage_3_final_watchlist,P0_latest_consolidated_financial_statement,"Vietstock > Tai lieu > Bao cao tai chinh/Bao cao thuong nien, or company IR direct link",Bao cao tai chinh,P0_latest_consolidated_financial_statement,Manual seed requested only for staged evidence slots; no automated bulk download.
VNS,stage_3_final_watchlist,P1_latest_audited_annual_financial_statement,"Vietstock > Tai lieu > Bao cao tai chinh/Bao cao thuong nien, or company IR direct link",Bao cao tai chinh,P1_latest_audited_annual_financial_statement,Manual seed requested only for staged evidence slots; no automated bulk download.
VNS,stage_3_final_watchlist,P2_latest_annual_report,"Vietstock > Tai lieu > Bao cao tai chinh/Bao cao thuong nien, or company IR direct link",Bao cao thuong nien,P2_latest_annual_report,Manual seed requested only for staged evidence slots; no automated bulk download.
VHM,stage_2_evidence_candidates,P0_latest_consolidated_financial_statement,"Vietstock > Tai lieu > Bao cao tai chinh/Bao cao thuong nien, or company IR direct link",Bao cao tai chinh,P0_latest_consolidated_financial_statement,Manual seed requested only for staged evidence slots; no automated bulk download.
VHM,stage_2_evidence_candidates,P1_latest_audited_annual_financial_statement,"Vietstock > Tai lieu > Bao cao tai chinh/Bao cao thuong nien, or company IR direct link",Bao cao tai chinh,P1_latest_audited_annual_financial_statement,Manual seed requested only for staged evidence slots; no automated bulk download.
VIC,stage_2_evidence_candidates,P0_latest_consolidated_financial_statement,"Vietstock > Tai lieu > Bao cao tai chinh/Bao cao thuong nien, or company IR direct link",Bao cao tai chinh,P0_latest_consolidated_financial_statement,Manual seed requested only for staged evidence slots; no automated bulk download.
VIC,stage_2_evidence_candidates,P1_latest_audited_annual_financial_statement,"Vietstock > Tai lieu > Bao cao tai chinh/Bao cao thuong nien, or company IR direct link",Bao cao tai chinh,P1_latest_audited_annual_financial_statement,Manual seed requested only for staged evidence slots; no automated bulk download.
VPI,stage_2_evidence_candidates,P0_latest_consolidated_financial_statement,"Vietstock > Tai lieu > Bao cao tai chinh/Bao cao thuong nien, or company IR direct link",Bao cao tai chinh,P0_latest_consolidated_financial_statement,Manual seed requested only for staged evidence slots; no automated bulk download.
VPI,stage_2_evidence_candidates,P1_latest_audited_annual_financial_statement,"Vietstock > Tai lieu > Bao cao tai chinh/Bao cao thuong nien, or company IR direct link",Bao cao tai chinh,P1_latest_audited_annual_financial_statement,Manual seed requested only for staged evidence slots; no automated bulk download.
TVB,stage_2_evidence_candidates,P0_latest_consolidated_financial_statement,"Vietstock > Tai lieu > Bao cao tai chinh/Bao cao thuong nien, or company IR direct link",Bao cao tai chinh,P0_latest_consolidated_financial_statement,Manual seed requested only for staged evidence slots; no automated bulk download.
TVB,stage_2_evidence_candidates,P1_latest_audited_annual_financial_statement,"Vietstock > Tai lieu > Bao cao tai chinh/Bao cao thuong nien, or company IR direct link",Bao cao tai chinh,P1_latest_audited_annual_financial_statement,Manual seed requested only for staged evidence slots; no automated bulk download.
WSS,stage_2_evidence_candidates,P0_latest_consolidated_financial_statement,"Vietstock > Tai lieu > Bao cao tai chinh/Bao cao thuong nien, or company IR direct link",Bao cao tai chinh,P0_latest_consolidated_financial_statement,Manual seed requested only for staged evidence slots; no automated bulk download.
WSS,stage_2_evidence_candidates,P1_latest_audited_annual_financial_statement,"Vietstock > Tai lieu > Bao cao tai chinh/Bao cao thuong nien, or company IR direct link",Bao cao tai chinh,P1_latest_audited_annual_financial_statement,Manual seed requested only for staged evidence slots; no automated bulk download.
VC3,stage_2_evidence_candidates,P0_latest_consolidated_financial_statement,"Vietstock > Tai lieu > Bao cao tai chinh/Bao cao thuong nien, or company IR direct link",Bao cao tai chinh,P0_latest_consolidated_financial_statement,Manual seed requested only for staged evidence slots; no automated bulk download.
VC3,stage_2_evidence_candidates,P1_latest_audited_annual_financial_statement,"Vietstock > Tai lieu > Bao cao tai chinh/Bao cao thuong nien, or company IR direct link",Bao cao tai chinh,P1_latest_audited_annual_financial_statement,Manual seed requested only for staged evidence slots; no automated bulk download.
TIG,stage_2_evidence_candidates,P0_latest_consolidated_financial_statement,"Vietstock > Tai lieu > Bao cao tai chinh/Bao cao thuong nien, or company IR direct link",Bao cao tai chinh,P0_latest_consolidated_financial_statement,Manual seed requested only for staged evidence slots; no automated bulk download.
TIG,stage_2_evidence_candidates,P1_latest_audited_annual_financial_statement,"Vietstock > Tai lieu > Bao cao tai chinh/Bao cao thuong nien, or company IR direct link",Bao cao tai chinh,P1_latest_audited_annual_financial_statement,Manual seed requested only for staged evidence slots; no automated bulk download.
TLD,stage_2_evidence_candidates,P0_latest_consolidated_financial_statement,"Vietstock > Tai lieu > Bao cao tai chinh/Bao cao thuong nien, or company IR direct link",Bao cao tai chinh,P0_latest_consolidated_financial_statement,Manual seed requested only for staged evidence slots; no automated bulk download.
TLD,stage_2_evidence_candidates,P1_latest_audited_annual_financial_statement,"Vietstock > Tai lieu > Bao cao tai chinh/Bao cao thuong nien, or company IR direct link",Bao cao tai chinh,P1_latest_audited_annual_financial_statement,Manual seed requested only for staged evidence slots; no automated bulk download.
VC7,stage_2_evidence_candidates,P0_latest_consolidated_financial_statement,"Vietstock > Tai lieu > Bao cao tai chinh/Bao cao thuong nien, or company IR direct link",Bao cao tai chinh,P0_latest_consolidated_financial_statement,Manual seed requested only for staged evidence slots; no automated bulk download.
VC7,stage_2_evidence_candidates,P1_latest_audited_annual_financial_statement,"Vietstock > Tai lieu > Bao cao tai chinh/Bao cao thuong nien, or company IR direct link",Bao cao tai chinh,P1_latest_audited_annual_financial_statement,Manual seed requested only for staged evidence slots; no automated bulk download.
VHG,stage_2_evidence_candidates,P0_latest_consolidated_financial_statement,"Vietstock > Tai lieu > Bao cao tai chinh/Bao cao thuong nien, or company IR direct link",Bao cao tai chinh,P0_latest_consolidated_financial_statement,Manual seed requested only for staged evidence slots; no automated bulk download.
VHG,stage_2_evidence_candidates,P1_latest_audited_annual_financial_statement,"Vietstock > Tai lieu > Bao cao tai chinh/Bao cao thuong nien, or company IR direct link",Bao cao tai chinh,P1_latest_audited_annual_financial_statement,Manual seed requested only for staged evidence slots; no automated bulk download.
VTO,stage_2_evidence_candidates,P0_latest_consolidated_financial_statement,"Vietstock > Tai lieu > Bao cao tai chinh/Bao cao thuong nien, or company IR direct link",Bao cao tai chinh,P0_latest_consolidated_financial_statement,Manual seed requested only for staged evidence slots; no automated bulk download.
VTO,stage_2_evidence_candidates,P1_latest_audited_annual_financial_statement,"Vietstock > Tai lieu > Bao cao tai chinh/Bao cao thuong nien, or company IR direct link",Bao cao tai chinh,P1_latest_audited_annual_financial_statement,Manual seed requested only for staged evidence slots; no automated bulk download.
VIP,stage_2_evidence_candidates,P0_latest_consolidated_financial_statement,"Vietstock > Tai lieu > Bao cao tai chinh/Bao cao thuong nien, or company IR direct link",Bao cao tai chinh,P0_latest_consolidated_financial_statement,Manual seed requested only for staged evidence slots; no automated bulk download.
VIP,stage_2_evidence_candidates,P1_latest_audited_annual_financial_statement,"Vietstock > Tai lieu > Bao cao tai chinh/Bao cao thuong nien, or company IR direct link",Bao cao tai chinh,P1_latest_audited_annual_financial_statement,Manual seed requested only for staged evidence slots; no automated bulk download.
TVC,stage_2_evidence_candidates,P0_latest_consolidated_financial_statement,"Vietstock > Tai lieu > Bao cao tai chinh/Bao cao thuong nien, or company IR direct link",Bao cao tai chinh,P0_latest_consolidated_financial_statement,Manual seed requested only for staged evidence slots; no automated bulk download.
TVC,stage_2_evidence_candidates,P1_latest_audited_annual_financial_statement,"Vietstock > Tai lieu > Bao cao tai chinh/Bao cao thuong nien, or company IR direct link",Bao cao tai chinh,P1_latest_audited_annual_financial_statement,Manual seed requested only for staged evidence slots; no automated bulk download.
TDP,stage_2_evidence_candidates,P0_latest_consolidated_financial_statement,"Vietstock > Tai lieu > Bao cao tai chinh/Bao cao thuong nien, or company IR direct link",Bao cao tai chinh,P0_latest_consolidated_financial_statement,Manual seed requested only for staged evidence slots; no automated bulk download.
TDP,stage_2_evidence_candidates,P1_latest_audited_annual_financial_statement,"Vietstock > Tai lieu > Bao cao tai chinh/Bao cao thuong nien, or company IR direct link",Bao cao tai chinh,P1_latest_audited_annual_financial_statement,Manual seed requested only for staged evidence slots; no automated bulk download.
TNT,stage_2_evidence_candidates,P0_latest_consolidated_financial_statement,"Vietstock > Tai lieu > Bao cao tai chinh/Bao cao thuong nien, or company IR direct link",Bao cao tai chinh,P0_latest_consolidated_financial_statement,Manual seed requested only for staged evidence slots; no automated bulk download.
TNT,stage_2_evidence_candidates,P1_latest_audited_annual_financial_statement,"Vietstock > Tai lieu > Bao cao tai chinh/Bao cao thuong nien, or company IR direct link",Bao cao tai chinh,P1_latest_audited_annual_financial_statement,Manual seed requested only for staged evidence slots; no automated bulk download.
TDC,stage_2_evidence_candidates,P0_latest_consolidated_financial_statement,"Vietstock > Tai lieu > Bao cao tai chinh/Bao cao thuong nien, or company IR direct link",Bao cao tai chinh,P0_latest_consolidated_financial_statement,Manual seed requested only for staged evidence slots; no automated bulk download.
TDC,stage_2_evidence_candidates,P1_latest_audited_annual_financial_statement,"Vietstock > Tai lieu > Bao cao tai chinh/Bao cao thuong nien, or company IR direct link",Bao cao tai chinh,P1_latest_audited_annual_financial_statement,Manual seed requested only for staged evidence slots; no automated bulk download.
VC2,stage_2_evidence_candidates,P0_latest_consolidated_financial_statement,"Vietstock > Tai lieu > Bao cao tai chinh/Bao cao thuong nien, or company IR direct link",Bao cao tai chinh,P0_latest_consolidated_financial_statement,Manual seed requested only for staged evidence slots; no automated bulk download.
VC2,stage_2_evidence_candidates,P1_latest_audited_annual_financial_statement,"Vietstock > Tai lieu > Bao cao tai chinh/Bao cao thuong nien, or company IR direct link",Bao cao tai chinh,P1_latest_audited_annual_financial_statement,Manual seed requested only for staged evidence slots; no automated bulk download.
TV1,stage_2_evidence_candidates,P0_latest_consolidated_financial_statement,"Vietstock > Tai lieu > Bao cao tai chinh/Bao cao thuong nien, or company IR direct link",Bao cao tai chinh,P0_latest_consolidated_financial_statement,Manual seed requested only for staged evidence slots; no automated bulk download.
TV1,stage_2_evidence_candidates,P1_latest_audited_annual_financial_statement,"Vietstock > Tai lieu > Bao cao tai chinh/Bao cao thuong nien, or company IR direct link",Bao cao tai chinh,P1_latest_audited_annual_financial_statement,Manual seed requested only for staged evidence slots; no automated bulk download.
VUA,stage_2_evidence_candidates,P0_latest_consolidated_financial_statement,"Vietstock > Tai lieu > Bao cao tai chinh/Bao cao thuong nien, or company IR direct link",Bao cao tai chinh,P0_latest_consolidated_financial_statement,Manual seed requested only for staged evidence slots; no automated bulk download.
VUA,stage_2_evidence_candidates,P1_latest_audited_annual_financial_statement,"Vietstock > Tai lieu > Bao cao tai chinh/Bao cao thuong nien, or company IR direct link",Bao cao tai chinh,P1_latest_audited_annual_financial_statement,Manual seed requested only for staged evidence slots; no automated bulk download.
TTH,stage_2_evidence_candidates,P0_latest_consolidated_financial_statement,"Vietstock > Tai lieu > Bao cao tai chinh/Bao cao thuong nien, or company IR direct link",Bao cao tai chinh,P0_latest_consolidated_financial_statement,Manual seed requested only for staged evidence slots; no automated bulk download.
TTH,stage_2_evidence_candidates,P1_latest_audited_annual_financial_statement,"Vietstock > Tai lieu > Bao cao tai chinh/Bao cao thuong nien, or company IR direct link",Bao cao tai chinh,P1_latest_audited_annual_financial_statement,Manual seed requested only for staged evidence slots; no automated bulk download.
TDH,stage_2_evidence_candidates,P0_latest_consolidated_financial_statement,"Vietstock > Tai lieu > Bao cao tai chinh/Bao cao thuong nien, or company IR direct link",Bao cao tai chinh,P0_latest_consolidated_financial_statement,Manual seed requested only for staged evidence slots; no automated bulk download.
TDH,stage_2_evidence_candidates,P1_latest_audited_annual_financial_statement,"Vietstock > Tai lieu > Bao cao tai chinh/Bao cao thuong nien, or company IR direct link",Bao cao tai chinh,P1_latest_audited_annual_financial_statement,Manual seed requested only for staged evidence slots; no automated bulk download.
VNH,stage_2_evidence_candidates,P0_latest_consolidated_financial_statement,"Vietstock > Tai lieu > Bao cao tai chinh/Bao cao thuong nien, or company IR direct link",Bao cao tai chinh,P0_latest_consolidated_financial_statement,Manual seed requested only for staged evidence slots; no automated bulk download.
VNH,stage_2_evidence_candidates,P1_latest_audited_annual_financial_statement,"Vietstock > Tai lieu > Bao cao tai chinh/Bao cao thuong nien, or company IR direct link",Bao cao tai chinh,P1_latest_audited_annual_financial_statement,Manual seed requested only for staged evidence slots; no automated bulk download.
TVD,stage_2_evidence_candidates,P0_latest_consolidated_financial_statement,"Vietstock > Tai lieu > Bao cao tai chinh/Bao cao thuong nien, or company IR direct link",Bao cao tai chinh,P0_latest_consolidated_financial_statement,Manual seed requested only for staged evidence slots; no automated bulk download.
TVD,stage_2_evidence_candidates,P1_latest_audited_annual_financial_statement,"Vietstock > Tai lieu > Bao cao tai chinh/Bao cao thuong nien, or company IR direct link",Bao cao tai chinh,P1_latest_audited_annual_financial_statement,Manual seed requested only for staged evidence slots; no automated bulk download.
TPC,stage_2_evidence_candidates,P0_latest_consolidated_financial_statement,"Vietstock > Tai lieu > Bao cao tai chinh/Bao cao thuong nien, or company IR direct link",Bao cao tai chinh,P0_latest_consolidated_financial_statement,Manual seed requested only for staged evidence slots; no automated bulk download.
TPC,stage_2_evidence_candidates,P1_latest_audited_annual_financial_statement,"Vietstock > Tai lieu > Bao cao tai chinh/Bao cao thuong nien, or company IR direct link",Bao cao tai chinh,P1_latest_audited_annual_financial_statement,Manual seed requested only for staged evidence slots; no automated bulk download.
VPH,stage_2_evidence_candidates,P0_latest_consolidated_financial_statement,"Vietstock > Tai lieu > Bao cao tai chinh/Bao cao thuong nien, or company IR direct link",Bao cao tai chinh,P0_latest_consolidated_financial_statement,Manual seed requested only for staged evidence slots; no automated bulk download.
VPH,stage_2_evidence_candidates,P1_latest_audited_annual_financial_statement,"Vietstock > Tai lieu > Bao cao tai chinh/Bao cao thuong nien, or company IR direct link",Bao cao tai chinh,P1_latest_audited_annual_financial_statement,Manual seed requested only for staged evidence slots; no automated bulk download.
THD,stage_2_evidence_candidates,P0_latest_consolidated_financial_statement,"Vietstock > Tai lieu > Bao cao tai chinh/Bao cao thuong nien, or company IR direct link",Bao cao tai chinh,P0_latest_consolidated_financial_statement,Manual seed requested only for staged evidence slots; no automated bulk download.
THD,stage_2_evidence_candidates,P1_latest_audited_annual_financial_statement,"Vietstock > Tai lieu > Bao cao tai chinh/Bao cao thuong nien, or company IR direct link",Bao cao tai chinh,P1_latest_audited_annual_financial_statement,Manual seed requested only for staged evidence slots; no automated bulk download.
XMC,stage_2_evidence_candidates,P0_latest_consolidated_financial_statement,"Vietstock > Tai lieu > Bao cao tai chinh/Bao cao thuong nien, or company IR direct link",Bao cao tai chinh,P0_latest_consolidated_financial_statement,Manual seed requested only for staged evidence slots; no automated bulk download.
XMC,stage_2_evidence_candidates,P1_latest_audited_annual_financial_statement,"Vietstock > Tai lieu > Bao cao tai chinh/Bao cao thuong nien, or company IR direct link",Bao cao tai chinh,P1_latest_audited_annual_financial_statement,Manual seed requested only for staged evidence slots; no automated bulk download.
VTV,stage_2_evidence_candidates,P0_latest_consolidated_financial_statement,"Vietstock > Tai lieu > Bao cao tai chinh/Bao cao thuong nien, or company IR direct link",Bao cao tai chinh,P0_latest_consolidated_financial_statement,Manual seed requested only for staged evidence slots; no automated bulk download.
VTV,stage_2_evidence_candidates,P1_latest_audited_annual_financial_statement,"Vietstock > Tai lieu > Bao cao tai chinh/Bao cao thuong nien, or company IR direct link",Bao cao tai chinh,P1_latest_audited_annual_financial_statement,Manual seed requested only for staged evidence slots; no automated bulk download.
TV4,stage_2_evidence_candidates,P0_latest_consolidated_financial_statement,"Vietstock > Tai lieu > Bao cao tai chinh/Bao cao thuong nien, or company IR direct link",Bao cao tai chinh,P0_latest_consolidated_financial_statement,Manual seed requested only for staged evidence slots; no automated bulk download.
TV4,stage_2_evidence_candidates,P1_latest_audited_annual_financial_statement,"Vietstock > Tai lieu > Bao cao tai chinh/Bao cao thuong nien, or company IR direct link",Bao cao tai chinh,P1_latest_audited_annual_financial_statement,Manual seed requested only for staged evidence slots; no automated bulk download.
VNP,stage_2_evidence_candidates,P0_latest_consolidated_financial_statement,"Vietstock > Tai lieu > Bao cao tai chinh/Bao cao thuong nien, or company IR direct link",Bao cao tai chinh,P0_latest_consolidated_financial_statement,Manual seed requested only for staged evidence slots; no automated bulk download.
VNP,stage_2_evidence_candidates,P1_latest_audited_annual_financial_statement,"Vietstock > Tai lieu > Bao cao tai chinh/Bao cao thuong nien, or company IR direct link",Bao cao tai chinh,P1_latest_audited_annual_financial_statement,Manual seed requested only for staged evidence slots; no automated bulk download.
VCS,stage_2_evidence_candidates,P0_latest_consolidated_financial_statement,"Vietstock > Tai lieu > Bao cao tai chinh/Bao cao thuong nien, or company IR direct link",Bao cao tai chinh,P0_latest_consolidated_financial_statement,Manual seed requested only for staged evidence slots; no automated bulk download.
VCS,stage_2_evidence_candidates,P1_latest_audited_annual_financial_statement,"Vietstock > Tai lieu > Bao cao tai chinh/Bao cao thuong nien, or company IR direct link",Bao cao tai chinh,P1_latest_audited_annual_financial_statement,Manual seed requested only for staged evidence slots; no automated bulk download.
VLF,stage_2_evidence_candidates,P0_latest_consolidated_financial_statement,"Vietstock > Tai lieu > Bao cao tai chinh/Bao cao thuong nien, or company IR direct link",Bao cao tai chinh,P0_latest_consolidated_financial_statement,Manual seed requested only for staged evidence slots; no automated bulk download.
VLF,stage_2_evidence_candidates,P1_latest_audited_annual_financial_statement,"Vietstock > Tai lieu > Bao cao tai chinh/Bao cao thuong nien, or company IR direct link",Bao cao tai chinh,P1_latest_audited_annual_financial_statement,Manual seed requested only for staged evidence slots; no automated bulk download.
VIS,stage_2_evidence_candidates,P0_latest_consolidated_financial_statement,"Vietstock > Tai lieu > Bao cao tai chinh/Bao cao thuong nien, or company IR direct link",Bao cao tai chinh,P0_latest_consolidated_financial_statement,Manual seed requested only for staged evidence slots; no automated bulk download.
VIS,stage_2_evidence_candidates,P1_latest_audited_annual_financial_statement,"Vietstock > Tai lieu > Bao cao tai chinh/Bao cao thuong nien, or company IR direct link",Bao cao tai chinh,P1_latest_audited_annual_financial_statement,Manual seed requested only for staged evidence slots; no automated bulk download.
THT,stage_2_evidence_candidates,P0_latest_consolidated_financial_statement,"Vietstock > Tai lieu > Bao cao tai chinh/Bao cao thuong nien, or company IR direct link",Bao cao tai chinh,P0_latest_consolidated_financial_statement,Manual seed requested only for staged evidence slots; no automated bulk download.
THT,stage_2_evidence_candidates,P1_latest_audited_annual_financial_statement,"Vietstock > Tai lieu > Bao cao tai chinh/Bao cao thuong nien, or company IR direct link",Bao cao tai chinh,P1_latest_audited_annual_financial_statement,Manual seed requested only for staged evidence slots; no automated bulk download.
TDT,stage_2_evidence_candidates,P0_latest_consolidated_financial_statement,"Vietstock > Tai lieu > Bao cao tai chinh/Bao cao thuong nien, or company IR direct link",Bao cao tai chinh,P0_latest_consolidated_financial_statement,Manual seed requested only for staged evidence slots; no automated bulk download.
TDT,stage_2_evidence_candidates,P1_latest_audited_annual_financial_statement,"Vietstock > Tai lieu > Bao cao tai chinh/Bao cao thuong nien, or company IR direct link",Bao cao tai chinh,P1_latest_audited_annual_financial_statement,Manual seed requested only for staged evidence slots; no automated bulk download.
TRC,stage_2_evidence_candidates,P0_latest_consolidated_financial_statement,"Vietstock > Tai lieu > Bao cao tai chinh/Bao cao thuong nien, or company IR direct link",Bao cao tai chinh,P0_latest_consolidated_financial_statement,Manual seed requested only for staged evidence slots; no automated bulk download.
TRC,stage_2_evidence_candidates,P1_latest_audited_annual_financial_statement,"Vietstock > Tai lieu > Bao cao tai chinh/Bao cao thuong nien, or company IR direct link",Bao cao tai chinh,P1_latest_audited_annual_financial_statement,Manual seed requested only for staged evidence slots; no automated bulk download.
TIP,stage_2_evidence_candidates,P0_latest_consolidated_financial_statement,"Vietstock > Tai lieu > Bao cao tai chinh/Bao cao thuong nien, or company IR direct link",Bao cao tai chinh,P0_latest_consolidated_financial_statement,Manual seed requested only for staged evidence slots; no automated bulk download.
TIP,stage_2_evidence_candidates,P1_latest_audited_annual_financial_statement,"Vietstock > Tai lieu > Bao cao tai chinh/Bao cao thuong nien, or company IR direct link",Bao cao tai chinh,P1_latest_audited_annual_financial_statement,Manual seed requested only for staged evidence slots; no automated bulk download.
VNR,stage_2_evidence_candidates,P0_latest_consolidated_financial_statement,"Vietstock > Tai lieu > Bao cao tai chinh/Bao cao thuong nien, or company IR direct link",Bao cao tai chinh,P0_latest_consolidated_financial_statement,Manual seed requested only for staged evidence slots; no automated bulk download.
VNR,stage_2_evidence_candidates,P1_latest_audited_annual_financial_statement,"Vietstock > Tai lieu > Bao cao tai chinh/Bao cao thuong nien, or company IR direct link",Bao cao tai chinh,P1_latest_audited_annual_financial_statement,Manual seed requested only for staged evidence slots; no automated bulk download.
TNS,stage_2_evidence_candidates,P0_latest_consolidated_financial_statement,"Vietstock > Tai lieu > Bao cao tai chinh/Bao cao thuong nien, or company IR direct link",Bao cao tai chinh,P0_latest_consolidated_financial_statement,Manual seed requested only for staged evidence slots; no automated bulk download.
TNS,stage_2_evidence_candidates,P1_latest_audited_annual_financial_statement,"Vietstock > Tai lieu > Bao cao tai chinh/Bao cao thuong nien, or company IR direct link",Bao cao tai chinh,P1_latest_audited_annual_financial_statement,Manual seed requested only for staged evidence slots; no automated bulk download.
TEG,stage_2_evidence_candidates,P0_latest_consolidated_financial_statement,"Vietstock > Tai lieu > Bao cao tai chinh/Bao cao thuong nien, or company IR direct link",Bao cao tai chinh,P0_latest_consolidated_financial_statement,Manual seed requested only for staged evidence slots; no automated bulk download.
TEG,stage_2_evidence_candidates,P1_latest_audited_annual_financial_statement,"Vietstock > Tai lieu > Bao cao tai chinh/Bao cao thuong nien, or company IR direct link",Bao cao tai chinh,P1_latest_audited_annual_financial_statement,Manual seed requested only for staged evidence slots; no automated bulk download.
VLB,stage_2_evidence_candidates,P0_latest_consolidated_financial_statement,"Vietstock > Tai lieu > Bao cao tai chinh/Bao cao thuong nien, or company IR direct link",Bao cao tai chinh,P0_latest_consolidated_financial_statement,Manual seed requested only for staged evidence slots; no automated bulk download.
VLB,stage_2_evidence_candidates,P1_latest_audited_annual_financial_statement,"Vietstock > Tai lieu > Bao cao tai chinh/Bao cao thuong nien, or company IR direct link",Bao cao tai chinh,P1_latest_audited_annual_financial_statement,Manual seed requested only for staged evidence slots; no automated bulk download.
VTK,stage_2_evidence_candidates,P0_latest_consolidated_financial_statement,"Vietstock > Tai lieu > Bao cao tai chinh/Bao cao thuong nien, or company IR direct link",Bao cao tai chinh,P0_latest_consolidated_financial_statement,Manual seed requested only for staged evidence slots; no automated bulk download.
VTK,stage_2_evidence_candidates,P1_latest_audited_annual_financial_statement,"Vietstock > Tai lieu > Bao cao tai chinh/Bao cao thuong nien, or company IR direct link",Bao cao tai chinh,P1_latest_audited_annual_financial_statement,Manual seed requested only for staged evidence slots; no automated bulk download.
TMT,stage_2_evidence_candidates,P0_latest_consolidated_financial_statement,"Vietstock > Tai lieu > Bao cao tai chinh/Bao cao thuong nien, or company IR direct link",Bao cao tai chinh,P0_latest_consolidated_financial_statement,Manual seed requested only for staged evidence slots; no automated bulk download.
TMT,stage_2_evidence_candidates,P1_latest_audited_annual_financial_statement,"Vietstock > Tai lieu > Bao cao tai chinh/Bao cao thuong nien, or company IR direct link",Bao cao tai chinh,P1_latest_audited_annual_financial_statement,Manual seed requested only for staged evidence slots; no automated bulk download.
VRC,stage_2_evidence_candidates,P0_latest_consolidated_financial_statement,"Vietstock > Tai lieu > Bao cao tai chinh/Bao cao thuong nien, or company IR direct link",Bao cao tai chinh,P0_latest_consolidated_financial_statement,Manual seed requested only for staged evidence slots; no automated bulk download.
VRC,stage_2_evidence_candidates,P1_latest_audited_annual_financial_statement,"Vietstock > Tai lieu > Bao cao tai chinh/Bao cao thuong nien, or company IR direct link",Bao cao tai chinh,P1_latest_audited_annual_financial_statement,Manual seed requested only for staged evidence slots; no automated bulk download.
VC9,stage_2_evidence_candidates,P0_latest_consolidated_financial_statement,"Vietstock > Tai lieu > Bao cao tai chinh/Bao cao thuong nien, or company IR direct link",Bao cao tai chinh,P0_latest_consolidated_financial_statement,Manual seed requested only for staged evidence slots; no automated bulk download.
VC9,stage_2_evidence_candidates,P1_latest_audited_annual_financial_statement,"Vietstock > Tai lieu > Bao cao tai chinh/Bao cao thuong nien, or company IR direct link",Bao cao tai chinh,P1_latest_audited_annual_financial_statement,Manual seed requested only for staged evidence slots; no automated bulk download.
TIS,stage_2_evidence_candidates,P0_latest_consolidated_financial_statement,"Vietstock > Tai lieu > Bao cao tai chinh/Bao cao thuong nien, or company IR direct link",Bao cao tai chinh,P0_latest_consolidated_financial_statement,Manual seed requested only for staged evidence slots; no automated bulk download.
TIS,stage_2_evidence_candidates,P1_latest_audited_annual_financial_statement,"Vietstock > Tai lieu > Bao cao tai chinh/Bao cao thuong nien, or company IR direct link",Bao cao tai chinh,P1_latest_audited_annual_financial_statement,Manual seed requested only for staged evidence slots; no automated bulk download.
VKC,stage_2_evidence_candidates,P0_latest_consolidated_financial_statement,"Vietstock > Tai lieu > Bao cao tai chinh/Bao cao thuong nien, or company IR direct link",Bao cao tai chinh,P0_latest_consolidated_financial_statement,Manual seed requested only for staged evidence slots; no automated bulk download.
VKC,stage_2_evidence_candidates,P1_latest_audited_annual_financial_statement,"Vietstock > Tai lieu > Bao cao tai chinh/Bao cao thuong nien, or company IR direct link",Bao cao tai chinh,P1_latest_audited_annual_financial_statement,Manual seed requested only for staged evidence slots; no automated bulk download.
VGP,stage_2_evidence_candidates,P0_latest_consolidated_financial_statement,"Vietstock > Tai lieu > Bao cao tai chinh/Bao cao thuong nien, or company IR direct link",Bao cao tai chinh,P0_latest_consolidated_financial_statement,Manual seed requested only for staged evidence slots; no automated bulk download.
VGP,stage_2_evidence_candidates,P1_latest_audited_annual_financial_statement,"Vietstock > Tai lieu > Bao cao tai chinh/Bao cao thuong nien, or company IR direct link",Bao cao tai chinh,P1_latest_audited_annual_financial_statement,Manual seed requested only for staged evidence slots; no automated bulk download.
UDJ,stage_2_evidence_candidates,P0_latest_consolidated_financial_statement,"Vietstock > Tai lieu > Bao cao tai chinh/Bao cao thuong nien, or company IR direct link",Bao cao tai chinh,P0_latest_consolidated_financial_statement,Manual seed requested only for staged evidence slots; no automated bulk download.
UDJ,stage_2_evidence_candidates,P1_latest_audited_annual_financial_statement,"Vietstock > Tai lieu > Bao cao tai chinh/Bao cao thuong nien, or company IR direct link",Bao cao tai chinh,P1_latest_audited_annual_financial_statement,Manual seed requested only for staged evidence slots; no automated bulk download.
THI,stage_2_evidence_candidates,P0_latest_consolidated_financial_statement,"Vietstock > Tai lieu > Bao cao tai chinh/Bao cao thuong nien, or company IR direct link",Bao cao tai chinh,P0_latest_consolidated_financial_statement,Manual seed requested only for staged evidence slots; no automated bulk download.
THI,stage_2_evidence_candidates,P1_latest_audited_annual_financial_statement,"Vietstock > Tai lieu > Bao cao tai chinh/Bao cao thuong nien, or company IR direct link",Bao cao tai chinh,P1_latest_audited_annual_financial_statement,Manual seed requested only for staged evidence slots; no automated bulk download.
TV6,stage_2_evidence_candidates,P0_latest_consolidated_financial_statement,"Vietstock > Tai lieu > Bao cao tai chinh/Bao cao thuong nien, or company IR direct link",Bao cao tai chinh,P0_latest_consolidated_financial_statement,Manual seed requested only for staged evidence slots; no automated bulk download.
TV6,stage_2_evidence_candidates,P1_latest_audited_annual_financial_statement,"Vietstock > Tai lieu > Bao cao tai chinh/Bao cao thuong nien, or company IR direct link",Bao cao tai chinh,P1_latest_audited_annual_financial_statement,Manual seed requested only for staged evidence slots; no automated bulk download.
VW3,stage_2_evidence_candidates,P0_latest_consolidated_financial_statement,"Vietstock > Tai lieu > Bao cao tai chinh/Bao cao thuong nien, or company IR direct link",Bao cao tai chinh,P0_latest_consolidated_financial_statement,Manual seed requested only for staged evidence slots; no automated bulk download.
VW3,stage_2_evidence_candidates,P1_latest_audited_annual_financial_statement,"Vietstock > Tai lieu > Bao cao tai chinh/Bao cao thuong nien, or company IR direct link",Bao cao tai chinh,P1_latest_audited_annual_financial_statement,Manual seed requested only for staged evidence slots; no automated bulk download.
THG,stage_2_evidence_candidates,P0_latest_consolidated_financial_statement,"Vietstock > Tai lieu > Bao cao tai chinh/Bao cao thuong nien, or company IR direct link",Bao cao tai chinh,P0_latest_consolidated_financial_statement,Manual seed requested only for staged evidence slots; no automated bulk download.
THG,stage_2_evidence_candidates,P1_latest_audited_annual_financial_statement,"Vietstock > Tai lieu > Bao cao tai chinh/Bao cao thuong nien, or company IR direct link",Bao cao tai chinh,P1_latest_audited_annual_financial_statement,Manual seed requested only for staged evidence slots; no automated bulk download.
VRG,stage_2_evidence_candidates,P0_latest_consolidated_financial_statement,"Vietstock > Tai lieu > Bao cao tai chinh/Bao cao thuong nien, or company IR direct link",Bao cao tai chinh,P0_latest_consolidated_financial_statement,Manual seed requested only for staged evidence slots; no automated bulk download.
VRG,stage_2_evidence_candidates,P1_latest_audited_annual_financial_statement,"Vietstock > Tai lieu > Bao cao tai chinh/Bao cao thuong nien, or company IR direct link",Bao cao tai chinh,P1_latest_audited_annual_financial_statement,Manual seed requested only for staged evidence slots; no automated bulk download.
TTG,stage_2_evidence_candidates,P0_latest_consolidated_financial_statement,"Vietstock > Tai lieu > Bao cao tai chinh/Bao cao thuong nien, or company IR direct link",Bao cao tai chinh,P0_latest_consolidated_financial_statement,Manual seed requested only for staged evidence slots; no automated bulk download.
TTG,stage_2_evidence_candidates,P1_latest_audited_annual_financial_statement,"Vietstock > Tai lieu > Bao cao tai chinh/Bao cao thuong nien, or company IR direct link",Bao cao tai chinh,P1_latest_audited_annual_financial_statement,Manual seed requested only for staged evidence slots; no automated bulk download.
TRA,stage_2_evidence_candidates,P0_latest_consolidated_financial_statement,"Vietstock > Tai lieu > Bao cao tai chinh/Bao cao thuong nien, or company IR direct link",Bao cao tai chinh,P0_latest_consolidated_financial_statement,Manual seed requested only for staged evidence slots; no automated bulk download.
TRA,stage_2_evidence_candidates,P1_latest_audited_annual_financial_statement,"Vietstock > Tai lieu > Bao cao tai chinh/Bao cao thuong nien, or company IR direct link",Bao cao tai chinh,P1_latest_audited_annual_financial_statement,Manual seed requested only for staged evidence slots; no automated bulk download.
TH1,stage_2_evidence_candidates,P0_latest_consolidated_financial_statement,"Vietstock > Tai lieu > Bao cao tai chinh/Bao cao thuong nien, or company IR direct link",Bao cao tai chinh,P0_latest_consolidated_financial_statement,Manual seed requested only for staged evidence slots; no automated bulk download.
TH1,stage_2_evidence_candidates,P1_latest_audited_annual_financial_statement,"Vietstock > Tai lieu > Bao cao tai chinh/Bao cao thuong nien, or company IR direct link",Bao cao tai chinh,P1_latest_audited_annual_financial_statement,Manual seed requested only for staged evidence slots; no automated bulk download.
UDC,stage_2_evidence_candidates,P0_latest_consolidated_financial_statement,"Vietstock > Tai lieu > Bao cao tai chinh/Bao cao thuong nien, or company IR direct link",Bao cao tai chinh,P0_latest_consolidated_financial_statement,Manual seed requested only for staged evidence slots; no automated bulk download.
UDC,stage_2_evidence_candidates,P1_latest_audited_annual_financial_statement,"Vietstock > Tai lieu > Bao cao tai chinh/Bao cao thuong nien, or company IR direct link",Bao cao tai chinh,P1_latest_audited_annual_financial_statement,Manual seed requested only for staged evidence slots; no automated bulk download.
VAF,stage_2_evidence_candidates,P0_latest_consolidated_financial_statement,"Vietstock > Tai lieu > Bao cao tai chinh/Bao cao thuong nien, or company IR direct link",Bao cao tai chinh,P0_latest_consolidated_financial_statement,Manual seed requested only for staged evidence slots; no automated bulk download.
VAF,stage_2_evidence_candidates,P1_latest_audited_annual_financial_statement,"Vietstock > Tai lieu > Bao cao tai chinh/Bao cao thuong nien, or company IR direct link",Bao cao tai chinh,P1_latest_audited_annual_financial_statement,Manual seed requested only for staged evidence slots; no automated bulk download.
VSH,stage_2_evidence_candidates,P0_latest_consolidated_financial_statement,"Vietstock > Tai lieu > Bao cao tai chinh/Bao cao thuong nien, or company IR direct link",Bao cao tai chinh,P0_latest_consolidated_financial_statement,Manual seed requested only for staged evidence slots; no automated bulk download.
VSH,stage_2_evidence_candidates,P1_latest_audited_annual_financial_statement,"Vietstock > Tai lieu > Bao cao tai chinh/Bao cao thuong nien, or company IR direct link",Bao cao tai chinh,P1_latest_audited_annual_financial_statement,Manual seed requested only for staged evidence slots; no automated bulk download.
VFG,stage_2_evidence_candidates,P0_latest_consolidated_financial_statement,"Vietstock > Tai lieu > Bao cao tai chinh/Bao cao thuong nien, or company IR direct link",Bao cao tai chinh,P0_latest_consolidated_financial_statement,Manual seed requested only for staged evidence slots; no automated bulk download.
VFG,stage_2_evidence_candidates,P1_latest_audited_annual_financial_statement,"Vietstock > Tai lieu > Bao cao tai chinh/Bao cao thuong nien, or company IR direct link",Bao cao tai chinh,P1_latest_audited_annual_financial_statement,Manual seed requested only for staged evidence slots; no automated bulk download.
VEF,stage_2_evidence_candidates,P0_latest_consolidated_financial_statement,"Vietstock > Tai lieu > Bao cao tai chinh/Bao cao thuong nien, or company IR direct link",Bao cao tai chinh,P0_latest_consolidated_financial_statement,Manual seed requested only for staged evidence slots; no automated bulk download.
VEF,stage_2_evidence_candidates,P1_latest_audited_annual_financial_statement,"Vietstock > Tai lieu > Bao cao tai chinh/Bao cao thuong nien, or company IR direct link",Bao cao tai chinh,P1_latest_audited_annual_financial_statement,Manual seed requested only for staged evidence slots; no automated bulk download.
VPL,stage_2_evidence_candidates,P0_latest_consolidated_financial_statement,"Vietstock > Tai lieu > Bao cao tai chinh/Bao cao thuong nien, or company IR direct link",Bao cao tai chinh,P0_latest_consolidated_financial_statement,Manual seed requested only for staged evidence slots; no automated bulk download.
VPL,stage_2_evidence_candidates,P1_latest_audited_annual_financial_statement,"Vietstock > Tai lieu > Bao cao tai chinh/Bao cao thuong nien, or company IR direct link",Bao cao tai chinh,P1_latest_audited_annual_financial_statement,Manual seed requested only for staged evidence slots; no automated bulk download.
TFC,stage_2_evidence_candidates,P0_latest_consolidated_financial_statement,"Vietstock > Tai lieu > Bao cao tai chinh/Bao cao thuong nien, or company IR direct link",Bao cao tai chinh,P0_latest_consolidated_financial_statement,Manual seed requested only for staged evidence slots; no automated bulk download.
TFC,stage_2_evidence_candidates,P1_latest_audited_annual_financial_statement,"Vietstock > Tai lieu > Bao cao tai chinh/Bao cao thuong nien, or company IR direct link",Bao cao tai chinh,P1_latest_audited_annual_financial_statement,Manual seed requested only for staged evidence slots; no automated bulk download.
VPD,stage_2_evidence_candidates,P0_latest_consolidated_financial_statement,"Vietstock > Tai lieu > Bao cao tai chinh/Bao cao thuong nien, or company IR direct link",Bao cao tai chinh,P0_latest_consolidated_financial_statement,Manual seed requested only for staged evidence slots; no automated bulk download.
VPD,stage_2_evidence_candidates,P1_latest_audited_annual_financial_statement,"Vietstock > Tai lieu > Bao cao tai chinh/Bao cao thuong nien, or company IR direct link",Bao cao tai chinh,P1_latest_audited_annual_financial_statement,Manual seed requested only for staged evidence slots; no automated bulk download.
TID,stage_2_evidence_candidates,P0_latest_consolidated_financial_statement,"Vietstock > Tai lieu > Bao cao tai chinh/Bao cao thuong nien, or company IR direct link",Bao cao tai chinh,P0_latest_consolidated_financial_statement,Manual seed requested only for staged evidence slots; no automated bulk download.
TID,stage_2_evidence_candidates,P1_latest_audited_annual_financial_statement,"Vietstock > Tai lieu > Bao cao tai chinh/Bao cao thuong nien, or company IR direct link",Bao cao tai chinh,P1_latest_audited_annual_financial_statement,Manual seed requested only for staged evidence slots; no automated bulk download.
TMP,stage_2_evidence_candidates,P0_latest_consolidated_financial_statement,"Vietstock > Tai lieu > Bao cao tai chinh/Bao cao thuong nien, or company IR direct link",Bao cao tai chinh,P0_latest_consolidated_financial_statement,Manual seed requested only for staged evidence slots; no automated bulk download.
TMP,stage_2_evidence_candidates,P1_latest_audited_annual_financial_statement,"Vietstock > Tai lieu > Bao cao tai chinh/Bao cao thuong nien, or company IR direct link",Bao cao tai chinh,P1_latest_audited_annual_financial_statement,Manual seed requested only for staged evidence slots; no automated bulk download.
VPR,stage_2_evidence_candidates,P0_latest_consolidated_financial_statement,"Vietstock > Tai lieu > Bao cao tai chinh/Bao cao thuong nien, or company IR direct link",Bao cao tai chinh,P0_latest_consolidated_financial_statement,Manual seed requested only for staged evidence slots; no automated bulk download.
VPR,stage_2_evidence_candidates,P1_latest_audited_annual_financial_statement,"Vietstock > Tai lieu > Bao cao tai chinh/Bao cao thuong nien, or company IR direct link",Bao cao tai chinh,P1_latest_audited_annual_financial_statement,Manual seed requested only for staged evidence slots; no automated bulk download.
TNW,stage_2_evidence_candidates,P0_latest_consolidated_financial_statement,"Vietstock > Tai lieu > Bao cao tai chinh/Bao cao thuong nien, or company IR direct link",Bao cao tai chinh,P0_latest_consolidated_financial_statement,Manual seed requested only for staged evidence slots; no automated bulk download.
TNW,stage_2_evidence_candidates,P1_latest_audited_annual_financial_statement,"Vietstock > Tai lieu > Bao cao tai chinh/Bao cao thuong nien, or company IR direct link",Bao cao tai chinh,P1_latest_audited_annual_financial_statement,Manual seed requested only for staged evidence slots; no automated bulk download.
VIF,stage_2_evidence_candidates,P0_latest_consolidated_financial_statement,"Vietstock > Tai lieu > Bao cao tai chinh/Bao cao thuong nien, or company IR direct link",Bao cao tai chinh,P0_latest_consolidated_financial_statement,Manual seed requested only for staged evidence slots; no automated bulk download.
VIF,stage_2_evidence_candidates,P1_latest_audited_annual_financial_statement,"Vietstock > Tai lieu > Bao cao tai chinh/Bao cao thuong nien, or company IR direct link",Bao cao tai chinh,P1_latest_audited_annual_financial_statement,Manual seed requested only for staged evidence slots; no automated bulk download.
VGG,stage_2_evidence_candidates,P0_latest_consolidated_financial_statement,"Vietstock > Tai lieu > Bao cao tai chinh/Bao cao thuong nien, or company IR direct link",Bao cao tai chinh,P0_latest_consolidated_financial_statement,Manual seed requested only for staged evidence slots; no automated bulk download.
VGG,stage_2_evidence_candidates,P1_latest_audited_annual_financial_statement,"Vietstock > Tai lieu > Bao cao tai chinh/Bao cao thuong nien, or company IR direct link",Bao cao tai chinh,P1_latest_audited_annual_financial_statement,Manual seed requested only for staged evidence slots; no automated bulk download.
VLA,stage_2_evidence_candidates,P0_latest_consolidated_financial_statement,"Vietstock > Tai lieu > Bao cao tai chinh/Bao cao thuong nien, or company IR direct link",Bao cao tai chinh,P0_latest_consolidated_financial_statement,Manual seed requested only for staged evidence slots; no automated bulk download.
VLA,stage_2_evidence_candidates,P1_latest_audited_annual_financial_statement,"Vietstock > Tai lieu > Bao cao tai chinh/Bao cao thuong nien, or company IR direct link",Bao cao tai chinh,P1_latest_audited_annual_financial_statement,Manual seed requested only for staged evidence slots; no automated bulk download.
UNI,stage_2_evidence_candidates,P0_latest_consolidated_financial_statement,"Vietstock > Tai lieu > Bao cao tai chinh/Bao cao thuong nien, or company IR direct link",Bao cao tai chinh,P0_latest_consolidated_financial_statement,Manual seed requested only for staged evidence slots; no automated bulk download.
UNI,stage_2_evidence_candidates,P1_latest_audited_annual_financial_statement,"Vietstock > Tai lieu > Bao cao tai chinh/Bao cao thuong nien, or company IR direct link",Bao cao tai chinh,P1_latest_audited_annual_financial_statement,Manual seed requested only for staged evidence slots; no automated bulk download.
VPS,stage_2_evidence_candidates,P0_latest_consolidated_financial_statement,"Vietstock > Tai lieu > Bao cao tai chinh/Bao cao thuong nien, or company IR direct link",Bao cao tai chinh,P0_latest_consolidated_financial_statement,Manual seed requested only for staged evidence slots; no automated bulk download.
VPS,stage_2_evidence_candidates,P1_latest_audited_annual_financial_statement,"Vietstock > Tai lieu > Bao cao tai chinh/Bao cao thuong nien, or company IR direct link",Bao cao tai chinh,P1_latest_audited_annual_financial_statement,Manual seed requested only for staged evidence slots; no automated bulk download.
VID,stage_2_evidence_candidates,P0_latest_consolidated_financial_statement,"Vietstock > Tai lieu > Bao cao tai chinh/Bao cao thuong nien, or company IR direct link",Bao cao tai chinh,P0_latest_consolidated_financial_statement,Manual seed requested only for staged evidence slots; no automated bulk download.
VID,stage_2_evidence_candidates,P1_latest_audited_annual_financial_statement,"Vietstock > Tai lieu > Bao cao tai chinh/Bao cao thuong nien, or company IR direct link",Bao cao tai chinh,P1_latest_audited_annual_financial_statement,Manual seed requested only for staged evidence slots; no automated bulk download.
UPH,stage_2_evidence_candidates,P0_latest_consolidated_financial_statement,"Vietstock > Tai lieu > Bao cao tai chinh/Bao cao thuong nien, or company IR direct link",Bao cao tai chinh,P0_latest_consolidated_financial_statement,Manual seed requested only for staged evidence slots; no automated bulk download.
UPH,stage_2_evidence_candidates,P1_latest_audited_annual_financial_statement,"Vietstock > Tai lieu > Bao cao tai chinh/Bao cao thuong nien, or company IR direct link",Bao cao tai chinh,P1_latest_audited_annual_financial_statement,Manual seed requested only for staged evidence slots; no automated bulk download.
VNG,stage_2_evidence_candidates,P0_latest_consolidated_financial_statement,"Vietstock > Tai lieu > Bao cao tai chinh/Bao cao thuong nien, or company IR direct link",Bao cao tai chinh,P0_latest_consolidated_financial_statement,Manual seed requested only for staged evidence slots; no automated bulk download.
VNG,stage_2_evidence_candidates,P1_latest_audited_annual_financial_statement,"Vietstock > Tai lieu > Bao cao tai chinh/Bao cao thuong nien, or company IR direct link",Bao cao tai chinh,P1_latest_audited_annual_financial_statement,Manual seed requested only for staged evidence slots; no automated bulk download.
WSB,stage_2_evidence_candidates,P0_latest_consolidated_financial_statement,"Vietstock > Tai lieu > Bao cao tai chinh/Bao cao thuong nien, or company IR direct link",Bao cao tai chinh,P0_latest_consolidated_financial_statement,Manual seed requested only for staged evidence slots; no automated bulk download.
WSB,stage_2_evidence_candidates,P1_latest_audited_annual_financial_statement,"Vietstock > Tai lieu > Bao cao tai chinh/Bao cao thuong nien, or company IR direct link",Bao cao tai chinh,P1_latest_audited_annual_financial_statement,Manual seed requested only for staged evidence slots; no automated bulk download.
UIC,stage_2_evidence_candidates,P0_latest_consolidated_financial_statement,"Vietstock > Tai lieu > Bao cao tai chinh/Bao cao thuong nien, or company IR direct link",Bao cao tai chinh,P0_latest_consolidated_financial_statement,Manual seed requested only for staged evidence slots; no automated bulk download.
UIC,stage_2_evidence_candidates,P1_latest_audited_annual_financial_statement,"Vietstock > Tai lieu > Bao cao tai chinh/Bao cao thuong nien, or company IR direct link",Bao cao tai chinh,P1_latest_audited_annual_financial_statement,Manual seed requested only for staged evidence slots; no automated bulk download.
TST,stage_2_evidence_candidates,P0_latest_consolidated_financial_statement,"Vietstock > Tai lieu > Bao cao tai chinh/Bao cao thuong nien, or company IR direct link",Bao cao tai chinh,P0_latest_consolidated_financial_statement,Manual seed requested only for staged evidence slots; no automated bulk download.
TST,stage_2_evidence_candidates,P1_latest_audited_annual_financial_statement,"Vietstock > Tai lieu > Bao cao tai chinh/Bao cao thuong nien, or company IR direct link",Bao cao tai chinh,P1_latest_audited_annual_financial_statement,Manual seed requested only for staged evidence slots; no automated bulk download.
VEC,stage_2_evidence_candidates,P0_latest_consolidated_financial_statement,"Vietstock > Tai lieu > Bao cao tai chinh/Bao cao thuong nien, or company IR direct link",Bao cao tai chinh,P0_latest_consolidated_financial_statement,Manual seed requested only for staged evidence slots; no automated bulk download.
VEC,stage_2_evidence_candidates,P1_latest_audited_annual_financial_statement,"Vietstock > Tai lieu > Bao cao tai chinh/Bao cao thuong nien, or company IR direct link",Bao cao tai chinh,P1_latest_audited_annual_financial_statement,Manual seed requested only for staged evidence slots; no automated bulk download.
VCA,stage_2_evidence_candidates,P0_latest_consolidated_financial_statement,"Vietstock > Tai lieu > Bao cao tai chinh/Bao cao thuong nien, or company IR direct link",Bao cao tai chinh,P0_latest_consolidated_financial_statement,Manual seed requested only for staged evidence slots; no automated bulk download.
VCA,stage_2_evidence_candidates,P1_latest_audited_annual_financial_statement,"Vietstock > Tai lieu > Bao cao tai chinh/Bao cao thuong nien, or company IR direct link",Bao cao tai chinh,P1_latest_audited_annual_financial_statement,Manual seed requested only for staged evidence slots; no automated bulk download.
YBM,stage_2_evidence_candidates,P0_latest_consolidated_financial_statement,"Vietstock > Tai lieu > Bao cao tai chinh/Bao cao thuong nien, or company IR direct link",Bao cao tai chinh,P0_latest_consolidated_financial_statement,Manual seed requested only for staged evidence slots; no automated bulk download.
YBM,stage_2_evidence_candidates,P1_latest_audited_annual_financial_statement,"Vietstock > Tai lieu > Bao cao tai chinh/Bao cao thuong nien, or company IR direct link",Bao cao tai chinh,P1_latest_audited_annual_financial_statement,Manual seed requested only for staged evidence slots; no automated bulk download.
VMG,stage_2_evidence_candidates,P0_latest_consolidated_financial_statement,"Vietstock > Tai lieu > Bao cao tai chinh/Bao cao thuong nien, or company IR direct link",Bao cao tai chinh,P0_latest_consolidated_financial_statement,Manual seed requested only for staged evidence slots; no automated bulk download.
VMG,stage_2_evidence_candidates,P1_latest_audited_annual_financial_statement,"Vietstock > Tai lieu > Bao cao tai chinh/Bao cao thuong nien, or company IR direct link",Bao cao tai chinh,P1_latest_audited_annual_financial_statement,Manual seed requested only for staged evidence slots; no automated bulk download.
TDW,stage_2_evidence_candidates,P0_latest_consolidated_financial_statement,"Vietstock > Tai lieu > Bao cao tai chinh/Bao cao thuong nien, or company IR direct link",Bao cao tai chinh,P0_latest_consolidated_financial_statement,Manual seed requested only for staged evidence slots; no automated bulk download.
TDW,stage_2_evidence_candidates,P1_latest_audited_annual_financial_statement,"Vietstock > Tai lieu > Bao cao tai chinh/Bao cao thuong nien, or company IR direct link",Bao cao tai chinh,P1_latest_audited_annual_financial_statement,Manual seed requested only for staged evidence slots; no automated bulk download.
VTL,stage_2_evidence_candidates,P0_latest_consolidated_financial_statement,"Vietstock > Tai lieu > Bao cao tai chinh/Bao cao thuong nien, or company IR direct link",Bao cao tai chinh,P0_latest_consolidated_financial_statement,Manual seed requested only for staged evidence slots; no automated bulk download.
VTL,stage_2_evidence_candidates,P1_latest_audited_annual_financial_statement,"Vietstock > Tai lieu > Bao cao tai chinh/Bao cao thuong nien, or company IR direct link",Bao cao tai chinh,P1_latest_audited_annual_financial_statement,Manual seed requested only for staged evidence slots; no automated bulk download.
THB,stage_2_evidence_candidates,P0_latest_consolidated_financial_statement,"Vietstock > Tai lieu > Bao cao tai chinh/Bao cao thuong nien, or company IR direct link",Bao cao tai chinh,P0_latest_consolidated_financial_statement,Manual seed requested only for staged evidence slots; no automated bulk download.
THB,stage_2_evidence_candidates,P1_latest_audited_annual_financial_statement,"Vietstock > Tai lieu > Bao cao tai chinh/Bao cao thuong nien, or company IR direct link",Bao cao tai chinh,P1_latest_audited_annual_financial_statement,Manual seed requested only for staged evidence slots; no automated bulk download.
TMB,stage_2_evidence_candidates,P0_latest_consolidated_financial_statement,"Vietstock > Tai lieu > Bao cao tai chinh/Bao cao thuong nien, or company IR direct link",Bao cao tai chinh,P0_latest_consolidated_financial_statement,Manual seed requested only for staged evidence slots; no automated bulk download.
TMB,stage_2_evidence_candidates,P1_latest_audited_annual_financial_statement,"Vietstock > Tai lieu > Bao cao tai chinh/Bao cao thuong nien, or company IR direct link",Bao cao tai chinh,P1_latest_audited_annual_financial_statement,Manual seed requested only for staged evidence slots; no automated bulk download.
TVT,stage_2_evidence_candidates,P0_latest_consolidated_financial_statement,"Vietstock > Tai lieu > Bao cao tai chinh/Bao cao thuong nien, or company IR direct link",Bao cao tai chinh,P0_latest_consolidated_financial_statement,Manual seed requested only for staged evidence slots; no automated bulk download.
TVT,stage_2_evidence_candidates,P1_latest_audited_annual_financial_statement,"Vietstock > Tai lieu > Bao cao tai chinh/Bao cao thuong nien, or company IR direct link",Bao cao tai chinh,P1_latest_audited_annual_financial_statement,Manual seed requested only for staged evidence slots; no automated bulk download.
VET,stage_2_evidence_candidates,P0_latest_consolidated_financial_statement,"Vietstock > Tai lieu > Bao cao tai chinh/Bao cao thuong nien, or company IR direct link",Bao cao tai chinh,P0_latest_consolidated_financial_statement,Manual seed requested only for staged evidence slots; no automated bulk download.
VET,stage_2_evidence_candidates,P1_latest_audited_annual_financial_statement,"Vietstock > Tai lieu > Bao cao tai chinh/Bao cao thuong nien, or company IR direct link",Bao cao tai chinh,P1_latest_audited_annual_financial_statement,Manual seed requested only for staged evidence slots; no automated bulk download.
TVW,stage_2_evidence_candidates,P0_latest_consolidated_financial_statement,"Vietstock > Tai lieu > Bao cao tai chinh/Bao cao thuong nien, or company IR direct link",Bao cao tai chinh,P0_latest_consolidated_financial_statement,Manual seed requested only for staged evidence slots; no automated bulk download.
TVW,stage_2_evidence_candidates,P1_latest_audited_annual_financial_statement,"Vietstock > Tai lieu > Bao cao tai chinh/Bao cao thuong nien, or company IR direct link",Bao cao tai chinh,P1_latest_audited_annual_financial_statement,Manual seed requested only for staged evidence slots; no automated bulk download.
TMC,stage_2_evidence_candidates,P0_latest_consolidated_financial_statement,"Vietstock > Tai lieu > Bao cao tai chinh/Bao cao thuong nien, or company IR direct link",Bao cao tai chinh,P0_latest_consolidated_financial_statement,Manual seed requested only for staged evidence slots; no automated bulk download.
TMC,stage_2_evidence_candidates,P1_latest_audited_annual_financial_statement,"Vietstock > Tai lieu > Bao cao tai chinh/Bao cao thuong nien, or company IR direct link",Bao cao tai chinh,P1_latest_audited_annual_financial_statement,Manual seed requested only for staged evidence slots; no automated bulk download.
VPB,stage_2_evidence_candidates,P0_latest_consolidated_financial_statement,"Vietstock > Tai lieu > Bao cao tai chinh/Bao cao thuong nien, or company IR direct link",Bao cao tai chinh,P0_latest_consolidated_financial_statement,Manual seed requested only for staged evidence slots; no automated bulk download.
VPB,stage_2_evidence_candidates,P1_latest_audited_annual_financial_statement,"Vietstock > Tai lieu > Bao cao tai chinh/Bao cao thuong nien, or company IR direct link",Bao cao tai chinh,P1_latest_audited_annual_financial_statement,Manual seed requested only for staged evidence slots; no automated bulk download.
UPC,stage_2_evidence_candidates,P0_latest_consolidated_financial_statement,"Vietstock > Tai lieu > Bao cao tai chinh/Bao cao thuong nien, or company IR direct link",Bao cao tai chinh,P0_latest_consolidated_financial_statement,Manual seed requested only for staged evidence slots; no automated bulk download.
UPC,stage_2_evidence_candidates,P1_latest_audited_annual_financial_statement,"Vietstock > Tai lieu > Bao cao tai chinh/Bao cao thuong nien, or company IR direct link",Bao cao tai chinh,P1_latest_audited_annual_financial_statement,Manual seed requested only for staged evidence slots; no automated bulk download.
VTE,stage_2_evidence_candidates,P0_latest_consolidated_financial_statement,"Vietstock > Tai lieu > Bao cao tai chinh/Bao cao thuong nien, or company IR direct link",Bao cao tai chinh,P0_latest_consolidated_financial_statement,Manual seed requested only for staged evidence slots; no automated bulk download.
VTE,stage_2_evidence_candidates,P1_latest_audited_annual_financial_statement,"Vietstock > Tai lieu > Bao cao tai chinh/Bao cao thuong nien, or company IR direct link",Bao cao tai chinh,P1_latest_audited_annual_financial_statement,Manual seed requested only for staged evidence slots; no automated bulk download.
VSN,stage_2_evidence_candidates,P0_latest_consolidated_financial_statement,"Vietstock > Tai lieu > Bao cao tai chinh/Bao cao thuong nien, or company IR direct link",Bao cao tai chinh,P0_latest_consolidated_financial_statement,Manual seed requested only for staged evidence slots; no automated bulk download.
VSN,stage_2_evidence_candidates,P1_latest_audited_annual_financial_statement,"Vietstock > Tai lieu > Bao cao tai chinh/Bao cao thuong nien, or company IR direct link",Bao cao tai chinh,P1_latest_audited_annual_financial_statement,Manual seed requested only for staged evidence slots; no automated bulk download.
TLP,stage_2_evidence_candidates,P0_latest_consolidated_financial_statement,"Vietstock > Tai lieu > Bao cao tai chinh/Bao cao thuong nien, or company IR direct link",Bao cao tai chinh,P0_latest_consolidated_financial_statement,Manual seed requested only for staged evidence slots; no automated bulk download.
TLP,stage_2_evidence_candidates,P1_latest_audited_annual_financial_statement,"Vietstock > Tai lieu > Bao cao tai chinh/Bao cao thuong nien, or company IR direct link",Bao cao tai chinh,P1_latest_audited_annual_financial_statement,Manual seed requested only for staged evidence slots; no automated bulk download.
VNZ,stage_2_evidence_candidates,P0_latest_consolidated_financial_statement,"Vietstock > Tai lieu > Bao cao tai chinh/Bao cao thuong nien, or company IR direct link",Bao cao tai chinh,P0_latest_consolidated_financial_statement,Manual seed requested only for staged evidence slots; no automated bulk download.
VNZ,stage_2_evidence_candidates,P1_latest_audited_annual_financial_statement,"Vietstock > Tai lieu > Bao cao tai chinh/Bao cao thuong nien, or company IR direct link",Bao cao tai chinh,P1_latest_audited_annual_financial_statement,Manual seed requested only for staged evidence slots; no automated bulk download.
VAV,stage_2_evidence_candidates,P0_latest_consolidated_financial_statement,"Vietstock > Tai lieu > Bao cao tai chinh/Bao cao thuong nien, or company IR direct link",Bao cao tai chinh,P0_latest_consolidated_financial_statement,Manual seed requested only for staged evidence slots; no automated bulk download.
VAV,stage_2_evidence_candidates,P1_latest_audited_annual_financial_statement,"Vietstock > Tai lieu > Bao cao tai chinh/Bao cao thuong nien, or company IR direct link",Bao cao tai chinh,P1_latest_audited_annual_financial_statement,Manual seed requested only for staged evidence slots; no automated bulk download.
VCF,stage_2_evidence_candidates,P0_latest_consolidated_financial_statement,"Vietstock > Tai lieu > Bao cao tai chinh/Bao cao thuong nien, or company IR direct link",Bao cao tai chinh,P0_latest_consolidated_financial_statement,Manual seed requested only for staged evidence slots; no automated bulk download.
VCF,stage_2_evidence_candidates,P1_latest_audited_annual_financial_statement,"Vietstock > Tai lieu > Bao cao tai chinh/Bao cao thuong nien, or company IR direct link",Bao cao tai chinh,P1_latest_audited_annual_financial_statement,Manual seed requested only for staged evidence slots; no automated bulk download.
VCB,stage_2_evidence_candidates,P0_latest_consolidated_financial_statement,"Vietstock > Tai lieu > Bao cao tai chinh/Bao cao thuong nien, or company IR direct link",Bao cao tai chinh,P0_latest_consolidated_financial_statement,Manual seed requested only for staged evidence slots; no automated bulk download.
VCB,stage_2_evidence_candidates,P1_latest_audited_annual_financial_statement,"Vietstock > Tai lieu > Bao cao tai chinh/Bao cao thuong nien, or company IR direct link",Bao cao tai chinh,P1_latest_audited_annual_financial_statement,Manual seed requested only for staged evidence slots; no automated bulk download.
VMD,stage_2_evidence_candidates,P0_latest_consolidated_financial_statement,"Vietstock > Tai lieu > Bao cao tai chinh/Bao cao thuong nien, or company IR direct link",Bao cao tai chinh,P0_latest_consolidated_financial_statement,Manual seed requested only for staged evidence slots; no automated bulk download.
VMD,stage_2_evidence_candidates,P1_latest_audited_annual_financial_statement,"Vietstock > Tai lieu > Bao cao tai chinh/Bao cao thuong nien, or company IR direct link",Bao cao tai chinh,P1_latest_audited_annual_financial_statement,Manual seed requested only for staged evidence slots; no automated bulk download.
THP,stage_2_evidence_candidates,P0_latest_consolidated_financial_statement,"Vietstock > Tai lieu > Bao cao tai chinh/Bao cao thuong nien, or company IR direct link",Bao cao tai chinh,P0_latest_consolidated_financial_statement,Manual seed requested only for staged evidence slots; no automated bulk download.
THP,stage_2_evidence_candidates,P1_latest_audited_annual_financial_statement,"Vietstock > Tai lieu > Bao cao tai chinh/Bao cao thuong nien, or company IR direct link",Bao cao tai chinh,P1_latest_audited_annual_financial_statement,Manual seed requested only for staged evidence slots; no automated bulk download.
VTQ,stage_2_evidence_candidates,P0_latest_consolidated_financial_statement,"Vietstock > Tai lieu > Bao cao tai chinh/Bao cao thuong nien, or company IR direct link",Bao cao tai chinh,P0_latest_consolidated_financial_statement,Manual seed requested only for staged evidence slots; no automated bulk download.
VTQ,stage_2_evidence_candidates,P1_latest_audited_annual_financial_statement,"Vietstock > Tai lieu > Bao cao tai chinh/Bao cao thuong nien, or company IR direct link",Bao cao tai chinh,P1_latest_audited_annual_financial_statement,Manual seed requested only for staged evidence slots; no automated bulk download.
TKU,stage_2_evidence_candidates,P0_latest_consolidated_financial_statement,"Vietstock > Tai lieu > Bao cao tai chinh/Bao cao thuong nien, or company IR direct link",Bao cao tai chinh,P0_latest_consolidated_financial_statement,Manual seed requested only for staged evidence slots; no automated bulk download.
TKU,stage_2_evidence_candidates,P1_latest_audited_annual_financial_statement,"Vietstock > Tai lieu > Bao cao tai chinh/Bao cao thuong nien, or company IR direct link",Bao cao tai chinh,P1_latest_audited_annual_financial_statement,Manual seed requested only for staged evidence slots; no automated bulk download.
TTT,stage_2_evidence_candidates,P0_latest_consolidated_financial_statement,"Vietstock > Tai lieu > Bao cao tai chinh/Bao cao thuong nien, or company IR direct link",Bao cao tai chinh,P0_latest_consolidated_financial_statement,Manual seed requested only for staged evidence slots; no automated bulk download.
TTT,stage_2_evidence_candidates,P1_latest_audited_annual_financial_statement,"Vietstock > Tai lieu > Bao cao tai chinh/Bao cao thuong nien, or company IR direct link",Bao cao tai chinh,P1_latest_audited_annual_financial_statement,Manual seed requested only for staged evidence slots; no automated bulk download.
TDB,stage_2_evidence_candidates,P0_latest_consolidated_financial_statement,"Vietstock > Tai lieu > Bao cao tai chinh/Bao cao thuong nien, or company IR direct link",Bao cao tai chinh,P0_latest_consolidated_financial_statement,Manual seed requested only for staged evidence slots; no automated bulk download.
TDB,stage_2_evidence_candidates,P1_latest_audited_annual_financial_statement,"Vietstock > Tai lieu > Bao cao tai chinh/Bao cao thuong nien, or company IR direct link",Bao cao tai chinh,P1_latest_audited_annual_financial_statement,Manual seed requested only for staged evidence slots; no automated bulk download.
TOW,stage_2_evidence_candidates,P0_latest_consolidated_financial_statement,"Vietstock > Tai lieu > Bao cao tai chinh/Bao cao thuong nien, or company IR direct link",Bao cao tai chinh,P0_latest_consolidated_financial_statement,Manual seed requested only for staged evidence slots; no automated bulk download.
TOW,stage_2_evidence_candidates,P1_latest_audited_annual_financial_statement,"Vietstock > Tai lieu > Bao cao tai chinh/Bao cao thuong nien, or company IR direct link",Bao cao tai chinh,P1_latest_audited_annual_financial_statement,Manual seed requested only for staged evidence slots; no automated bulk download.
VWS,stage_2_evidence_candidates,P0_latest_consolidated_financial_statement,"Vietstock > Tai lieu > Bao cao tai chinh/Bao cao thuong nien, or company IR direct link",Bao cao tai chinh,P0_latest_consolidated_financial_statement,Manual seed requested only for staged evidence slots; no automated bulk download.
VWS,stage_2_evidence_candidates,P1_latest_audited_annual_financial_statement,"Vietstock > Tai lieu > Bao cao tai chinh/Bao cao thuong nien, or company IR direct link",Bao cao tai chinh,P1_latest_audited_annual_financial_statement,Manual seed requested only for staged evidence slots; no automated bulk download.
VSF,stage_2_evidence_candidates,P0_latest_consolidated_financial_statement,"Vietstock > Tai lieu > Bao cao tai chinh/Bao cao thuong nien, or company IR direct link",Bao cao tai chinh,P0_latest_consolidated_financial_statement,Manual seed requested only for staged evidence slots; no automated bulk download.
VSF,stage_2_evidence_candidates,P1_latest_audited_annual_financial_statement,"Vietstock > Tai lieu > Bao cao tai chinh/Bao cao thuong nien, or company IR direct link",Bao cao tai chinh,P1_latest_audited_annual_financial_statement,Manual seed requested only for staged evidence slots; no automated bulk download.
TPB,stage_2_evidence_candidates,P0_latest_consolidated_financial_statement,"Vietstock > Tai lieu > Bao cao tai chinh/Bao cao thuong nien, or company IR direct link",Bao cao tai chinh,P0_latest_consolidated_financial_statement,Manual seed requested only for staged evidence slots; no automated bulk download.
TPB,stage_2_evidence_candidates,P1_latest_audited_annual_financial_statement,"Vietstock > Tai lieu > Bao cao tai chinh/Bao cao thuong nien, or company IR direct link",Bao cao tai chinh,P1_latest_audited_annual_financial_statement,Manual seed requested only for staged evidence slots; no automated bulk download.
TDS,stage_2_evidence_candidates,P0_latest_consolidated_financial_statement,"Vietstock > Tai lieu > Bao cao tai chinh/Bao cao thuong nien, or company IR direct link",Bao cao tai chinh,P0_latest_consolidated_financial_statement,Manual seed requested only for staged evidence slots; no automated bulk download.
TDS,stage_2_evidence_candidates,P1_latest_audited_annual_financial_statement,"Vietstock > Tai lieu > Bao cao tai chinh/Bao cao thuong nien, or company IR direct link",Bao cao tai chinh,P1_latest_audited_annual_financial_statement,Manual seed requested only for staged evidence slots; no automated bulk download.
TET,stage_2_evidence_candidates,P0_latest_consolidated_financial_statement,"Vietstock > Tai lieu > Bao cao tai chinh/Bao cao thuong nien, or company IR direct link",Bao cao tai chinh,P0_latest_consolidated_financial_statement,Manual seed requested only for staged evidence slots; no automated bulk download.
TET,stage_2_evidence_candidates,P1_latest_audited_annual_financial_statement,"Vietstock > Tai lieu > Bao cao tai chinh/Bao cao thuong nien, or company IR direct link",Bao cao tai chinh,P1_latest_audited_annual_financial_statement,Manual seed requested only for staged evidence slots; no automated bulk download.
VIM,stage_2_evidence_candidates,P0_latest_consolidated_financial_statement,"Vietstock > Tai lieu > Bao cao tai chinh/Bao cao thuong nien, or company IR direct link",Bao cao tai chinh,P0_latest_consolidated_financial_statement,Manual seed requested only for staged evidence slots; no automated bulk download.
VIM,stage_2_evidence_candidates,P1_latest_audited_annual_financial_statement,"Vietstock > Tai lieu > Bao cao tai chinh/Bao cao thuong nien, or company IR direct link",Bao cao tai chinh,P1_latest_audited_annual_financial_statement,Manual seed requested only for staged evidence slots; no automated bulk download.
X20,stage_2_evidence_candidates,P0_latest_consolidated_financial_statement,"Vietstock > Tai lieu > Bao cao tai chinh/Bao cao thuong nien, or company IR direct link",Bao cao tai chinh,P0_latest_consolidated_financial_statement,Manual seed requested only for staged evidence slots; no automated bulk download.
X20,stage_2_evidence_candidates,P1_latest_audited_annual_financial_statement,"Vietstock > Tai lieu > Bao cao tai chinh/Bao cao thuong nien, or company IR direct link",Bao cao tai chinh,P1_latest_audited_annual_financial_statement,Manual seed requested only for staged evidence slots; no automated bulk download.
TSJ,stage_2_evidence_candidates,P0_latest_consolidated_financial_statement,"Vietstock > Tai lieu > Bao cao tai chinh/Bao cao thuong nien, or company IR direct link",Bao cao tai chinh,P0_latest_consolidated_financial_statement,Manual seed requested only for staged evidence slots; no automated bulk download.
TSJ,stage_2_evidence_candidates,P1_latest_audited_annual_financial_statement,"Vietstock > Tai lieu > Bao cao tai chinh/Bao cao thuong nien, or company IR direct link",Bao cao tai chinh,P1_latest_audited_annual_financial_statement,Manual seed requested only for staged evidence slots; no automated bulk download.
VIB,stage_2_evidence_candidates,P0_latest_consolidated_financial_statement,"Vietstock > Tai lieu > Bao cao tai chinh/Bao cao thuong nien, or company IR direct link",Bao cao tai chinh,P0_latest_consolidated_financial_statement,Manual seed requested only for staged evidence slots; no automated bulk download.
VIB,stage_2_evidence_candidates,P1_latest_audited_annual_financial_statement,"Vietstock > Tai lieu > Bao cao tai chinh/Bao cao thuong nien, or company IR direct link",Bao cao tai chinh,P1_latest_audited_annual_financial_statement,Manual seed requested only for staged evidence slots; no automated bulk download.
VDN,stage_2_evidence_candidates,P0_latest_consolidated_financial_statement,"Vietstock > Tai lieu > Bao cao tai chinh/Bao cao thuong nien, or company IR direct link",Bao cao tai chinh,P0_latest_consolidated_financial_statement,Manual seed requested only for staged evidence slots; no automated bulk download.
VDN,stage_2_evidence_candidates,P1_latest_audited_annual_financial_statement,"Vietstock > Tai lieu > Bao cao tai chinh/Bao cao thuong nien, or company IR direct link",Bao cao tai chinh,P1_latest_audited_annual_financial_statement,Manual seed requested only for staged evidence slots; no automated bulk download.
TPH,stage_2_evidence_candidates,P0_latest_consolidated_financial_statement,"Vietstock > Tai lieu > Bao cao tai chinh/Bao cao thuong nien, or company IR direct link",Bao cao tai chinh,P0_latest_consolidated_financial_statement,Manual seed requested only for staged evidence slots; no automated bulk download.
TPH,stage_2_evidence_candidates,P1_latest_audited_annual_financial_statement,"Vietstock > Tai lieu > Bao cao tai chinh/Bao cao thuong nien, or company IR direct link",Bao cao tai chinh,P1_latest_audited_annual_financial_statement,Manual seed requested only for staged evidence slots; no automated bulk download.
XMP,stage_2_evidence_candidates,P0_latest_consolidated_financial_statement,"Vietstock > Tai lieu > Bao cao tai chinh/Bao cao thuong nien, or company IR direct link",Bao cao tai chinh,P0_latest_consolidated_financial_statement,Manual seed requested only for staged evidence slots; no automated bulk download.
XMP,stage_2_evidence_candidates,P1_latest_audited_annual_financial_statement,"Vietstock > Tai lieu > Bao cao tai chinh/Bao cao thuong nien, or company IR direct link",Bao cao tai chinh,P1_latest_audited_annual_financial_statement,Manual seed requested only for staged evidence slots; no automated bulk download.
TLI,stage_2_evidence_candidates,P0_latest_consolidated_financial_statement,"Vietstock > Tai lieu > Bao cao tai chinh/Bao cao thuong nien, or company IR direct link",Bao cao tai chinh,P0_latest_consolidated_financial_statement,Manual seed requested only for staged evidence slots; no automated bulk download.
TLI,stage_2_evidence_candidates,P1_latest_audited_annual_financial_statement,"Vietstock > Tai lieu > Bao cao tai chinh/Bao cao thuong nien, or company IR direct link",Bao cao tai chinh,P1_latest_audited_annual_financial_statement,Manual seed requested only for staged evidence slots; no automated bulk download.
VIE,stage_2_evidence_candidates,P0_latest_consolidated_financial_statement,"Vietstock > Tai lieu > Bao cao tai chinh/Bao cao thuong nien, or company IR direct link",Bao cao tai chinh,P0_latest_consolidated_financial_statement,Manual seed requested only for staged evidence slots; no automated bulk download.
VIE,stage_2_evidence_candidates,P1_latest_audited_annual_financial_statement,"Vietstock > Tai lieu > Bao cao tai chinh/Bao cao thuong nien, or company IR direct link",Bao cao tai chinh,P1_latest_audited_annual_financial_statement,Manual seed requested only for staged evidence slots; no automated bulk download.
VAB,stage_2_evidence_candidates,P0_latest_consolidated_financial_statement,"Vietstock > Tai lieu > Bao cao tai chinh/Bao cao thuong nien, or company IR direct link",Bao cao tai chinh,P0_latest_consolidated_financial_statement,Manual seed requested only for staged evidence slots; no automated bulk download.
VAB,stage_2_evidence_candidates,P1_latest_audited_annual_financial_statement,"Vietstock > Tai lieu > Bao cao tai chinh/Bao cao thuong nien, or company IR direct link",Bao cao tai chinh,P1_latest_audited_annual_financial_statement,Manual seed requested only for staged evidence slots; no automated bulk download.
VHI,stage_2_evidence_candidates,P0_latest_consolidated_financial_statement,"Vietstock > Tai lieu > Bao cao tai chinh/Bao cao thuong nien, or company IR direct link",Bao cao tai chinh,P0_latest_consolidated_financial_statement,Manual seed requested only for staged evidence slots; no automated bulk download.
VHI,stage_2_evidence_candidates,P1_latest_audited_annual_financial_statement,"Vietstock > Tai lieu > Bao cao tai chinh/Bao cao thuong nien, or company IR direct link",Bao cao tai chinh,P1_latest_audited_annual_financial_statement,Manual seed requested only for staged evidence slots; no automated bulk download.
VDP,stage_2_evidence_candidates,P0_latest_consolidated_financial_statement,"Vietstock > Tai lieu > Bao cao tai chinh/Bao cao thuong nien, or company IR direct link",Bao cao tai chinh,P0_latest_consolidated_financial_statement,Manual seed requested only for staged evidence slots; no automated bulk download.
VDP,stage_2_evidence_candidates,P1_latest_audited_annual_financial_statement,"Vietstock > Tai lieu > Bao cao tai chinh/Bao cao thuong nien, or company IR direct link",Bao cao tai chinh,P1_latest_audited_annual_financial_statement,Manual seed requested only for staged evidence slots; no automated bulk download.
THW,stage_2_evidence_candidates,P0_latest_consolidated_financial_statement,"Vietstock > Tai lieu > Bao cao tai chinh/Bao cao thuong nien, or company IR direct link",Bao cao tai chinh,P0_latest_consolidated_financial_statement,Manual seed requested only for staged evidence slots; no automated bulk download.
THW,stage_2_evidence_candidates,P1_latest_audited_annual_financial_statement,"Vietstock > Tai lieu > Bao cao tai chinh/Bao cao thuong nien, or company IR direct link",Bao cao tai chinh,P1_latest_audited_annual_financial_statement,Manual seed requested only for staged evidence slots; no automated bulk download.
VTJ,stage_2_evidence_candidates,P0_latest_consolidated_financial_statement,"Vietstock > Tai lieu > Bao cao tai chinh/Bao cao thuong nien, or company IR direct link",Bao cao tai chinh,P0_latest_consolidated_financial_statement,Manual seed requested only for staged evidence slots; no automated bulk download.
VTJ,stage_2_evidence_candidates,P1_latest_audited_annual_financial_statement,"Vietstock > Tai lieu > Bao cao tai chinh/Bao cao thuong nien, or company IR direct link",Bao cao tai chinh,P1_latest_audited_annual_financial_statement,Manual seed requested only for staged evidence slots; no automated bulk download.
TSD,stage_2_evidence_candidates,P0_latest_consolidated_financial_statement,"Vietstock > Tai lieu > Bao cao tai chinh/Bao cao thuong nien, or company IR direct link",Bao cao tai chinh,P0_latest_consolidated_financial_statement,Manual seed requested only for staged evidence slots; no automated bulk download.
TSD,stage_2_evidence_candidates,P1_latest_audited_annual_financial_statement,"Vietstock > Tai lieu > Bao cao tai chinh/Bao cao thuong nien, or company IR direct link",Bao cao tai chinh,P1_latest_audited_annual_financial_statement,Manual seed requested only for staged evidence slots; no automated bulk download.
VDM,stage_2_evidence_candidates,P0_latest_consolidated_financial_statement,"Vietstock > Tai lieu > Bao cao tai chinh/Bao cao thuong nien, or company IR direct link",Bao cao tai chinh,P0_latest_consolidated_financial_statement,Manual seed requested only for staged evidence slots; no automated bulk download.
VDM,stage_2_evidence_candidates,P1_latest_audited_annual_financial_statement,"Vietstock > Tai lieu > Bao cao tai chinh/Bao cao thuong nien, or company IR direct link",Bao cao tai chinh,P1_latest_audited_annual_financial_statement,Manual seed requested only for staged evidence slots; no automated bulk download.
VBB,stage_2_evidence_candidates,P0_latest_consolidated_financial_statement,"Vietstock > Tai lieu > Bao cao tai chinh/Bao cao thuong nien, or company IR direct link",Bao cao tai chinh,P0_latest_consolidated_financial_statement,Manual seed requested only for staged evidence slots; no automated bulk download.
VBB,stage_2_evidence_candidates,P1_latest_audited_annual_financial_statement,"Vietstock > Tai lieu > Bao cao tai chinh/Bao cao thuong nien, or company IR direct link",Bao cao tai chinh,P1_latest_audited_annual_financial_statement,Manual seed requested only for staged evidence slots; no automated bulk download.
VTG,stage_2_evidence_candidates,P0_latest_consolidated_financial_statement,"Vietstock > Tai lieu > Bao cao tai chinh/Bao cao thuong nien, or company IR direct link",Bao cao tai chinh,P0_latest_consolidated_financial_statement,Manual seed requested only for staged evidence slots; no automated bulk download.
VTG,stage_2_evidence_candidates,P1_latest_audited_annual_financial_statement,"Vietstock > Tai lieu > Bao cao tai chinh/Bao cao thuong nien, or company IR direct link",Bao cao tai chinh,P1_latest_audited_annual_financial_statement,Manual seed requested only for staged evidence slots; no automated bulk download.
THN,stage_2_evidence_candidates,P0_latest_consolidated_financial_statement,"Vietstock > Tai lieu > Bao cao tai chinh/Bao cao thuong nien, or company IR direct link",Bao cao tai chinh,P0_latest_consolidated_financial_statement,Manual seed requested only for staged evidence slots; no automated bulk download.
THN,stage_2_evidence_candidates,P1_latest_audited_annual_financial_statement,"Vietstock > Tai lieu > Bao cao tai chinh/Bao cao thuong nien, or company IR direct link",Bao cao tai chinh,P1_latest_audited_annual_financial_statement,Manual seed requested only for staged evidence slots; no automated bulk download.
THS,stage_2_evidence_candidates,P0_latest_consolidated_financial_statement,"Vietstock > Tai lieu > Bao cao tai chinh/Bao cao thuong nien, or company IR direct link",Bao cao tai chinh,P0_latest_consolidated_financial_statement,Manual seed requested only for staged evidence slots; no automated bulk download.
THS,stage_2_evidence_candidates,P1_latest_audited_annual_financial_statement,"Vietstock > Tai lieu > Bao cao tai chinh/Bao cao thuong nien, or company IR direct link",Bao cao tai chinh,P1_latest_audited_annual_financial_statement,Manual seed requested only for staged evidence slots; no automated bulk download.
TOP,stage_2_evidence_candidates,P0_latest_consolidated_financial_statement,"Vietstock > Tai lieu > Bao cao tai chinh/Bao cao thuong nien, or company IR direct link",Bao cao tai chinh,P0_latest_consolidated_financial_statement,Manual seed requested only for staged evidence slots; no automated bulk download.
TOP,stage_2_evidence_candidates,P1_latest_audited_annual_financial_statement,"Vietstock > Tai lieu > Bao cao tai chinh/Bao cao thuong nien, or company IR direct link",Bao cao tai chinh,P1_latest_audited_annual_financial_statement,Manual seed requested only for staged evidence slots; no automated bulk download.
TPS,stage_2_evidence_candidates,P0_latest_consolidated_financial_statement,"Vietstock > Tai lieu > Bao cao tai chinh/Bao cao thuong nien, or company IR direct link",Bao cao tai chinh,P0_latest_consolidated_financial_statement,Manual seed requested only for staged evidence slots; no automated bulk download.
TPS,stage_2_evidence_candidates,P1_latest_audited_annual_financial_statement,"Vietstock > Tai lieu > Bao cao tai chinh/Bao cao thuong nien, or company IR direct link",Bao cao tai chinh,P1_latest_audited_annual_financial_statement,Manual seed requested only for staged evidence slots; no automated bulk download.
TQW,stage_2_evidence_candidates,P0_latest_consolidated_financial_statement,"Vietstock > Tai lieu > Bao cao tai chinh/Bao cao thuong nien, or company IR direct link",Bao cao tai chinh,P0_latest_consolidated_financial_statement,Manual seed requested only for staged evidence slots; no automated bulk download.
TQW,stage_2_evidence_candidates,P1_latest_audited_annual_financial_statement,"Vietstock > Tai lieu > Bao cao tai chinh/Bao cao thuong nien, or company IR direct link",Bao cao tai chinh,P1_latest_audited_annual_financial_statement,Manual seed requested only for staged evidence slots; no automated bulk download.
TTD,stage_2_evidence_candidates,P0_latest_consolidated_financial_statement,"Vietstock > Tai lieu > Bao cao tai chinh/Bao cao thuong nien, or company IR direct link",Bao cao tai chinh,P0_latest_consolidated_financial_statement,Manual seed requested only for staged evidence slots; no automated bulk download.
TTD,stage_2_evidence_candidates,P1_latest_audited_annual_financial_statement,"Vietstock > Tai lieu > Bao cao tai chinh/Bao cao thuong nien, or company IR direct link",Bao cao tai chinh,P1_latest_audited_annual_financial_statement,Manual seed requested only for staged evidence slots; no automated bulk download.
TTE,stage_2_evidence_candidates,P0_latest_consolidated_financial_statement,"Vietstock > Tai lieu > Bao cao tai chinh/Bao cao thuong nien, or company IR direct link",Bao cao tai chinh,P0_latest_consolidated_financial_statement,Manual seed requested only for staged evidence slots; no automated bulk download.
TTE,stage_2_evidence_candidates,P1_latest_audited_annual_financial_statement,"Vietstock > Tai lieu > Bao cao tai chinh/Bao cao thuong nien, or company IR direct link",Bao cao tai chinh,P1_latest_audited_annual_financial_statement,Manual seed requested only for staged evidence slots; no automated bulk download.
TW3,stage_2_evidence_candidates,P0_latest_consolidated_financial_statement,"Vietstock > Tai lieu > Bao cao tai chinh/Bao cao thuong nien, or company IR direct link",Bao cao tai chinh,P0_latest_consolidated_financial_statement,Manual seed requested only for staged evidence slots; no automated bulk download.
TW3,stage_2_evidence_candidates,P1_latest_audited_annual_financial_statement,"Vietstock > Tai lieu > Bao cao tai chinh/Bao cao thuong nien, or company IR direct link",Bao cao tai chinh,P1_latest_audited_annual_financial_statement,Manual seed requested only for staged evidence slots; no automated bulk download.
VAT,stage_2_evidence_candidates,P0_latest_consolidated_financial_statement,"Vietstock > Tai lieu > Bao cao tai chinh/Bao cao thuong nien, or company IR direct link",Bao cao tai chinh,P0_latest_consolidated_financial_statement,Manual seed requested only for staged evidence slots; no automated bulk download.
VAT,stage_2_evidence_candidates,P1_latest_audited_annual_financial_statement,"Vietstock > Tai lieu > Bao cao tai chinh/Bao cao thuong nien, or company IR direct link",Bao cao tai chinh,P1_latest_audited_annual_financial_statement,Manual seed requested only for staged evidence slots; no automated bulk download.
VIR,stage_2_evidence_candidates,P0_latest_consolidated_financial_statement,"Vietstock > Tai lieu > Bao cao tai chinh/Bao cao thuong nien, or company IR direct link",Bao cao tai chinh,P0_latest_consolidated_financial_statement,Manual seed requested only for staged evidence slots; no automated bulk download.
VIR,stage_2_evidence_candidates,P1_latest_audited_annual_financial_statement,"Vietstock > Tai lieu > Bao cao tai chinh/Bao cao thuong nien, or company IR direct link",Bao cao tai chinh,P1_latest_audited_annual_financial_statement,Manual seed requested only for staged evidence slots; no automated bulk download.
VLW,stage_2_evidence_candidates,P0_latest_consolidated_financial_statement,"Vietstock > Tai lieu > Bao cao tai chinh/Bao cao thuong nien, or company IR direct link",Bao cao tai chinh,P0_latest_consolidated_financial_statement,Manual seed requested only for staged evidence slots; no automated bulk download.
VLW,stage_2_evidence_candidates,P1_latest_audited_annual_financial_statement,"Vietstock > Tai lieu > Bao cao tai chinh/Bao cao thuong nien, or company IR direct link",Bao cao tai chinh,P1_latest_audited_annual_financial_statement,Manual seed requested only for staged evidence slots; no automated bulk download.
VNX,stage_2_evidence_candidates,P0_latest_consolidated_financial_statement,"Vietstock > Tai lieu > Bao cao tai chinh/Bao cao thuong nien, or company IR direct link",Bao cao tai chinh,P0_latest_consolidated_financial_statement,Manual seed requested only for staged evidence slots; no automated bulk download.
VNX,stage_2_evidence_candidates,P1_latest_audited_annual_financial_statement,"Vietstock > Tai lieu > Bao cao tai chinh/Bao cao thuong nien, or company IR direct link",Bao cao tai chinh,P1_latest_audited_annual_financial_statement,Manual seed requested only for staged evidence slots; no automated bulk download.
VPW,stage_2_evidence_candidates,P0_latest_consolidated_financial_statement,"Vietstock > Tai lieu > Bao cao tai chinh/Bao cao thuong nien, or company IR direct link",Bao cao tai chinh,P0_latest_consolidated_financial_statement,Manual seed requested only for staged evidence slots; no automated bulk download.
VPW,stage_2_evidence_candidates,P1_latest_audited_annual_financial_statement,"Vietstock > Tai lieu > Bao cao tai chinh/Bao cao thuong nien, or company IR direct link",Bao cao tai chinh,P1_latest_audited_annual_financial_statement,Manual seed requested only for staged evidence slots; no automated bulk download.
VTM,stage_2_evidence_candidates,P0_latest_consolidated_financial_statement,"Vietstock > Tai lieu > Bao cao tai chinh/Bao cao thuong nien, or company IR direct link",Bao cao tai chinh,P0_latest_consolidated_financial_statement,Manual seed requested only for staged evidence slots; no automated bulk download.
VTM,stage_2_evidence_candidates,P1_latest_audited_annual_financial_statement,"Vietstock > Tai lieu > Bao cao tai chinh/Bao cao thuong nien, or company IR direct link",Bao cao tai chinh,P1_latest_audited_annual_financial_statement,Manual seed requested only for staged evidence slots; no automated bulk download.
YTC,stage_2_evidence_candidates,P0_latest_consolidated_financial_statement,"Vietstock > Tai lieu > Bao cao tai chinh/Bao cao thuong nien, or company IR direct link",Bao cao tai chinh,P0_latest_consolidated_financial_statement,Manual seed requested only for staged evidence slots; no automated bulk download.
YTC,stage_2_evidence_candidates,P1_latest_audited_annual_financial_statement,"Vietstock > Tai lieu > Bao cao tai chinh/Bao cao thuong nien, or company IR direct link",Bao cao tai chinh,P1_latest_audited_annual_financial_statement,Manual seed requested only for staged evidence slots; no automated bulk download.
TDN,stage_2_evidence_candidates,P0_latest_consolidated_financial_statement,"Vietstock > Tai lieu > Bao cao tai chinh/Bao cao thuong nien, or company IR direct link",Bao cao tai chinh,P0_latest_consolidated_financial_statement,Manual seed requested only for staged evidence slots; no automated bulk download.
TDN,stage_2_evidence_candidates,P1_latest_audited_annual_financial_statement,"Vietstock > Tai lieu > Bao cao tai chinh/Bao cao thuong nien, or company IR direct link",Bao cao tai chinh,P1_latest_audited_annual_financial_statement,Manual seed requested only for staged evidence slots; no automated bulk download.
ABB,stage_2_evidence_candidates,P0_latest_consolidated_financial_statement,"Vietstock > Tai lieu > Bao cao tai chinh/Bao cao thuong nien, or company IR direct link",Bao cao tai chinh,P0_latest_consolidated_financial_statement,Manual seed requested only for staged evidence slots; no automated bulk download.
ABB,stage_2_evidence_candidates,P1_latest_audited_annual_financial_statement,"Vietstock > Tai lieu > Bao cao tai chinh/Bao cao thuong nien, or company IR direct link",Bao cao tai chinh,P1_latest_audited_annual_financial_statement,Manual seed requested only for staged evidence slots; no automated bulk download.
ABC,stage_2_evidence_candidates,P0_latest_consolidated_financial_statement,"Vietstock > Tai lieu > Bao cao tai chinh/Bao cao thuong nien, or company IR direct link",Bao cao tai chinh,P0_latest_consolidated_financial_statement,Manual seed requested only for staged evidence slots; no automated bulk download.
ABC,stage_2_evidence_candidates,P1_latest_audited_annual_financial_statement,"Vietstock > Tai lieu > Bao cao tai chinh/Bao cao thuong nien, or company IR direct link",Bao cao tai chinh,P1_latest_audited_annual_financial_statement,Manual seed requested only for staged evidence slots; no automated bulk download.
ACB,stage_2_evidence_candidates,P0_latest_consolidated_financial_statement,"Vietstock > Tai lieu > Bao cao tai chinh/Bao cao thuong nien, or company IR direct link",Bao cao tai chinh,P0_latest_consolidated_financial_statement,Manual seed requested only for staged evidence slots; no automated bulk download.
ACB,stage_2_evidence_candidates,P1_latest_audited_annual_financial_statement,"Vietstock > Tai lieu > Bao cao tai chinh/Bao cao thuong nien, or company IR direct link",Bao cao tai chinh,P1_latest_audited_annual_financial_statement,Manual seed requested only for staged evidence slots; no automated bulk download.
