ticker,has_income_statement,has_balance_sheet,has_cash_flow,has_market_price,has_volume,finance_field_count,missing_required_fields,legacy_cache_status,export_status,notes,source_layer
A32,False,False,False,False,True,0,revenue;gross_profit;net_income;total_assets;total_liabilities;equity;cfo;capex,L4_CACHE_PRESENT,PARTIAL_PROVISIONAL_DATA,provisional structured data only; missing values were not zero-filled,provisional_structured
AAA,False,False,False,False,True,0,revenue;gross_profit;net_income;total_assets;total_liabilities;equity;cfo;capex,L4_CACHE_PRESENT,PARTIAL_PROVISIONAL_DATA,provisional structured data only; missing values were not zero-filled,provisional_structured
AAH,False,False,False,False,False,0,revenue;gross_profit;net_income;total_assets;total_liabilities;equity;cfo;capex,L4_CACHE_PRESENT,INSUFFICIENT_DATA,provisional structured data only; missing values were not zero-filled,provisional_structured
AAM,False,False,False,True,True,0,revenue;gross_profit;net_income;total_assets;total_liabilities;equity;cfo;capex,L4_CACHE_PRESENT,PARTIAL_PROVISIONAL_DATA,provisional structured data only; missing values were not zero-filled,provisional_structured
AAN,False,False,False,False,False,0,revenue;gross_profit;net_income;total_assets;total_liabilities;equity;cfo;capex,L4_CACHE_PRESENT,INSUFFICIENT_DATA,provisional structured data only; missing values were not zero-filled,provisional_structured
AAS,False,False,False,False,True,0,revenue;gross_profit;net_income;total_assets;total_liabilities;equity;cfo;capex,L4_CACHE_PRESENT,PARTIAL_PROVISIONAL_DATA,provisional structured data only; missing values were not zero-filled,provisional_structured
AAT,False,False,False,False,True,0,revenue;gross_profit;net_income;total_assets;total_liabilities;equity;cfo;capex,L4_CACHE_PRESENT,PARTIAL_PROVISIONAL_DATA,provisional structured data only; missing values were not zero-filled,provisional_structured
AAV,False,False,False,False,True,0,revenue;gross_profit;net_income;total_assets;total_liabilities;equity;cfo;capex,L4_CACHE_PRESENT,PARTIAL_PROVISIONAL_DATA,provisional structured data only; missing values were not zero-filled,provisional_structured
ABB,False,False,False,False,True,0,revenue;gross_profit;net_income;total_assets;total_liabilities;equity;cfo;capex,L4_CACHE_PRESENT,PARTIAL_PROVISIONAL_DATA,provisional structured data only; missing values were not zero-filled,provisional_structured
ABC,False,False,False,False,True,0,revenue;gross_profit;net_income;total_assets;total_liabilities;equity;cfo;capex,L4_CACHE_PRESENT,PARTIAL_PROVISIONAL_DATA,provisional structured data only; missing values were not zero-filled,provisional_structured
ABI,False,False,False,False,True,0,revenue;gross_profit;net_income;total_assets;total_liabilities;equity;cfo;capex,L4_CACHE_PRESENT,PARTIAL_PROVISIONAL_DATA,provisional structured data only; missing values were not zero-filled,provisional_structured
ABR,False,False,False,False,True,0,revenue;gross_profit;net_income;total_assets;total_liabilities;equity;cfo;capex,L4_CACHE_PRESENT,PARTIAL_PROVISIONAL_DATA,provisional structured data only; missing values were not zero-filled,provisional_structured
ABS,False,False,False,False,True,0,revenue;gross_profit;net_income;total_assets;total_liabilities;equity;cfo;capex,L4_CACHE_PRESENT,PARTIAL_PROVISIONAL_DATA,provisional structured data only; missing values were not zero-filled,provisional_structured
ABT,False,False,False,False,True,0,revenue;gross_profit;net_income;total_assets;total_liabilities;equity;cfo;capex,L4_CACHE_PRESENT,PARTIAL_PROVISIONAL_DATA,provisional structured data only; missing values were not zero-filled,provisional_structured
ABW,False,False,False,False,False,0,revenue;gross_profit;net_income;total_assets;total_liabilities;equity;cfo;capex,L4_CACHE_PRESENT,INSUFFICIENT_DATA,provisional structured data only; missing values were not zero-filled,provisional_structured
AC4,False,False,False,False,False,0,revenue;gross_profit;net_income;total_assets;total_liabilities;equity;cfo;capex,L4_CACHE_MISSING,CACHE_MISSING,provisional structured data only; missing values were not zero-filled,provisional_structured
ACB,False,False,False,False,True,0,revenue;gross_profit;net_income;total_assets;total_liabilities;equity;cfo;capex,L4_CACHE_PRESENT,PARTIAL_PROVISIONAL_DATA,provisional structured data only; missing values were not zero-filled,provisional_structured
ACC,False,False,False,False,True,0,revenue;gross_profit;net_income;total_assets;total_liabilities;equity;cfo;capex,L4_CACHE_PRESENT,PARTIAL_PROVISIONAL_DATA,provisional structured data only; missing values were not zero-filled,provisional_structured
ACE,False,False,False,False,True,0,revenue;gross_profit;net_income;total_assets;total_liabilities;equity;cfo;capex,L4_CACHE_PRESENT,PARTIAL_PROVISIONAL_DATA,provisional structured data only; missing values were not zero-filled,provisional_structured
ACG,False,False,False,False,True,0,revenue;gross_profit;net_income;total_assets;total_liabilities;equity;cfo;capex,L4_CACHE_PRESENT,PARTIAL_PROVISIONAL_DATA,provisional structured data only; missing values were not zero-filled,provisional_structured
ACL,False,False,False,False,True,0,revenue;gross_profit;net_income;total_assets;total_liabilities;equity;cfo;capex,L4_CACHE_PRESENT,PARTIAL_PROVISIONAL_DATA,provisional structured data only; missing values were not zero-filled,provisional_structured
ACM,False,False,False,False,True,0,revenue;gross_profit;net_income;total_assets;total_liabilities;equity;cfo;capex,L4_CACHE_PRESENT,PARTIAL_PROVISIONAL_DATA,provisional structured data only; missing values were not zero-filled,provisional_structured
ACS,False,False,False,False,True,0,revenue;gross_profit;net_income;total_assets;total_liabilities;equity;cfo;capex,L4_CACHE_PRESENT,PARTIAL_PROVISIONAL_DATA,provisional structured data only; missing values were not zero-filled,provisional_structured
ACV,False,False,False,False,True,0,revenue;gross_profit;net_income;total_assets;total_liabilities;equity;cfo;capex,L4_CACHE_PRESENT,PARTIAL_PROVISIONAL_DATA,provisional structured data only; missing values were not zero-filled,provisional_structured
ADC,False,False,False,False,True,0,revenue;gross_profit;net_income;total_assets;total_liabilities;equity;cfo;capex,L4_CACHE_PRESENT,PARTIAL_PROVISIONAL_DATA,provisional structured data only; missing values were not zero-filled,provisional_structured
ADG,False,False,False,False,True,0,revenue;gross_profit;net_income;total_assets;total_liabilities;equity;cfo;capex,L4_CACHE_PRESENT,PARTIAL_PROVISIONAL_DATA,provisional structured data only; missing values were not zero-filled,provisional_structured
ADP,False,False,False,False,True,0,revenue;gross_profit;net_income;total_assets;total_liabilities;equity;cfo;capex,L4_CACHE_PRESENT,PARTIAL_PROVISIONAL_DATA,provisional structured data only; missing values were not zero-filled,provisional_structured
ADS,False,False,False,False,True,0,revenue;gross_profit;net_income;total_assets;total_liabilities;equity;cfo;capex,L4_CACHE_PRESENT,PARTIAL_PROVISIONAL_DATA,provisional structured data only; missing values were not zero-filled,provisional_structured
AFC,False,False,False,False,False,0,revenue;gross_profit;net_income;total_assets;total_liabilities;equity;cfo;capex,L4_CACHE_MISSING,CACHE_MISSING,provisional structured data only; missing values were not zero-filled,provisional_structured
AFX,False,False,False,False,True,0,revenue;gross_profit;net_income;total_assets;total_liabilities;equity;cfo;capex,L4_CACHE_PRESENT,PARTIAL_PROVISIONAL_DATA,provisional structured data only; missing values were not zero-filled,provisional_structured
AG1,False,False,False,False,True,0,revenue;gross_profit;net_income;total_assets;total_liabilities;equity;cfo;capex,L4_CACHE_PRESENT,PARTIAL_PROVISIONAL_DATA,provisional structured data only; missing values were not zero-filled,provisional_structured
AGC,False,False,False,False,False,0,revenue;gross_profit;net_income;total_assets;total_liabilities;equity;cfo;capex,L4_CACHE_MISSING,CACHE_MISSING,provisional structured data only; missing values were not zero-filled,provisional_structured
AGD,False,False,False,False,False,0,revenue;gross_profit;net_income;total_assets;total_liabilities;equity;cfo;capex,L4_CACHE_MISSING,CACHE_MISSING,provisional structured data only; missing values were not zero-filled,provisional_structured
AGE,False,False,False,False,False,0,revenue;gross_profit;net_income;total_assets;total_liabilities;equity;cfo;capex,L4_CACHE_PRESENT,INSUFFICIENT_DATA,provisional structured data only; missing values were not zero-filled,provisional_structured
AGF,False,False,False,False,True,0,revenue;gross_profit;net_income;total_assets;total_liabilities;equity;cfo;capex,L4_CACHE_PRESENT,PARTIAL_PROVISIONAL_DATA,provisional structured data only; missing values were not zero-filled,provisional_structured
AGG,False,False,False,False,True,0,revenue;gross_profit;net_income;total_assets;total_liabilities;equity;cfo;capex,L4_CACHE_PRESENT,PARTIAL_PROVISIONAL_DATA,provisional structured data only; missing values were not zero-filled,provisional_structured
AGM,False,False,False,False,True,0,revenue;gross_profit;net_income;total_assets;total_liabilities;equity;cfo;capex,L4_CACHE_PRESENT,PARTIAL_PROVISIONAL_DATA,provisional structured data only; missing values were not zero-filled,provisional_structured
AGP,False,False,False,False,True,0,revenue;gross_profit;net_income;total_assets;total_liabilities;equity;cfo;capex,L4_CACHE_PRESENT,PARTIAL_PROVISIONAL_DATA,provisional structured data only; missing values were not zero-filled,provisional_structured
AGR,False,False,False,False,True,0,revenue;gross_profit;net_income;total_assets;total_liabilities;equity;cfo;capex,L4_CACHE_PRESENT,PARTIAL_PROVISIONAL_DATA,provisional structured data only; missing values were not zero-filled,provisional_structured
AGX,False,False,False,False,True,0,revenue;gross_profit;net_income;total_assets;total_liabilities;equity;cfo;capex,L4_CACHE_PRESENT,PARTIAL_PROVISIONAL_DATA,provisional structured data only; missing values were not zero-filled,provisional_structured
AIC,False,False,False,True,True,0,revenue;gross_profit;net_income;total_assets;total_liabilities;equity;cfo;capex,L4_CACHE_PRESENT,PARTIAL_PROVISIONAL_DATA,provisional structured data only; missing values were not zero-filled,provisional_structured
AIG,False,False,False,False,False,0,revenue;gross_profit;net_income;total_assets;total_liabilities;equity;cfo;capex,L4_CACHE_PRESENT,INSUFFICIENT_DATA,provisional structured data only; missing values were not zero-filled,provisional_structured
ALC,False,False,False,False,False,0,revenue;gross_profit;net_income;total_assets;total_liabilities;equity;cfo;capex,L4_CACHE_PRESENT,INSUFFICIENT_DATA,provisional structured data only; missing values were not zero-filled,provisional_structured
ALP,False,False,False,False,False,0,revenue;gross_profit;net_income;total_assets;total_liabilities;equity;cfo;capex,L4_CACHE_MISSING,CACHE_MISSING,provisional structured data only; missing values were not zero-filled,provisional_structured
ALT,False,False,False,False,True,0,revenue;gross_profit;net_income;total_assets;total_liabilities;equity;cfo;capex,L4_CACHE_PRESENT,PARTIAL_PROVISIONAL_DATA,provisional structured data only; missing values were not zero-filled,provisional_structured
ALV,False,False,False,False,True,0,revenue;gross_profit;net_income;total_assets;total_liabilities;equity;cfo;capex,L4_CACHE_PRESENT,PARTIAL_PROVISIONAL_DATA,provisional structured data only; missing values were not zero-filled,provisional_structured
AMC,False,False,False,False,True,0,revenue;gross_profit;net_income;total_assets;total_liabilities;equity;cfo;capex,L4_CACHE_PRESENT,PARTIAL_PROVISIONAL_DATA,provisional structured data only; missing values were not zero-filled,provisional_structured
AMD,False,False,False,False,False,0,revenue;gross_profit;net_income;total_assets;total_liabilities;equity;cfo;capex,L4_CACHE_PRESENT,INSUFFICIENT_DATA,provisional structured data only; missing values were not zero-filled,provisional_structured
AME,False,False,False,False,True,0,revenue;gross_profit;net_income;total_assets;total_liabilities;equity;cfo;capex,L4_CACHE_PRESENT,PARTIAL_PROVISIONAL_DATA,provisional structured data only; missing values were not zero-filled,provisional_structured
AMP,False,False,False,True,True,0,revenue;gross_profit;net_income;total_assets;total_liabilities;equity;cfo;capex,L4_CACHE_PRESENT,PARTIAL_PROVISIONAL_DATA,provisional structured data only; missing values were not zero-filled,provisional_structured
AMS,False,False,False,False,True,0,revenue;gross_profit;net_income;total_assets;total_liabilities;equity;cfo;capex,L4_CACHE_PRESENT,PARTIAL_PROVISIONAL_DATA,provisional structured data only; missing values were not zero-filled,provisional_structured
AMV,False,False,False,False,True,0,revenue;gross_profit;net_income;total_assets;total_liabilities;equity;cfo;capex,L4_CACHE_PRESENT,PARTIAL_PROVISIONAL_DATA,provisional structured data only; missing values were not zero-filled,provisional_structured
ANC11601,False,False,False,False,False,0,revenue;gross_profit;net_income;total_assets;total_liabilities;equity;cfo;capex,L4_CACHE_MISSING,CACHE_MISSING,provisional structured data only; missing values were not zero-filled,provisional_structured
ANT,False,False,False,False,True,0,revenue;gross_profit;net_income;total_assets;total_liabilities;equity;cfo;capex,L4_CACHE_PRESENT,PARTIAL_PROVISIONAL_DATA,provisional structured data only; missing values were not zero-filled,provisional_structured
ANV,False,False,False,False,True,0,revenue;gross_profit;net_income;total_assets;total_liabilities;equity;cfo;capex,L4_CACHE_PRESENT,PARTIAL_PROVISIONAL_DATA,provisional structured data only; missing values were not zero-filled,provisional_structured
APC,False,False,False,False,True,0,revenue;gross_profit;net_income;total_assets;total_liabilities;equity;cfo;capex,L4_CACHE_PRESENT,PARTIAL_PROVISIONAL_DATA,provisional structured data only; missing values were not zero-filled,provisional_structured
APF,False,False,False,False,True,0,revenue;gross_profit;net_income;total_assets;total_liabilities;equity;cfo;capex,L4_CACHE_PRESENT,PARTIAL_PROVISIONAL_DATA,provisional structured data only; missing values were not zero-filled,provisional_structured
APG,False,False,False,True,True,0,revenue;gross_profit;net_income;total_assets;total_liabilities;equity;cfo;capex,L4_CACHE_PRESENT,PARTIAL_PROVISIONAL_DATA,provisional structured data only; missing values were not zero-filled,provisional_structured
APH,False,False,False,False,True,0,revenue;gross_profit;net_income;total_assets;total_liabilities;equity;cfo;capex,L4_CACHE_PRESENT,PARTIAL_PROVISIONAL_DATA,provisional structured data only; missing values were not zero-filled,provisional_structured
API,False,False,False,False,True,0,revenue;gross_profit;net_income;total_assets;total_liabilities;equity;cfo;capex,L4_CACHE_PRESENT,PARTIAL_PROVISIONAL_DATA,provisional structured data only; missing values were not zero-filled,provisional_structured
APL,False,False,False,False,False,0,revenue;gross_profit;net_income;total_assets;total_liabilities;equity;cfo;capex,L4_CACHE_PRESENT,INSUFFICIENT_DATA,provisional structured data only; missing values were not zero-filled,provisional_structured
APP,False,False,False,False,True,0,revenue;gross_profit;net_income;total_assets;total_liabilities;equity;cfo;capex,L4_CACHE_PRESENT,PARTIAL_PROVISIONAL_DATA,provisional structured data only; missing values were not zero-filled,provisional_structured
APS,False,False,False,False,True,0,revenue;gross_profit;net_income;total_assets;total_liabilities;equity;cfo;capex,L4_CACHE_PRESENT,PARTIAL_PROVISIONAL_DATA,provisional structured data only; missing values were not zero-filled,provisional_structured
APT,False,False,False,False,False,0,revenue;gross_profit;net_income;total_assets;total_liabilities;equity;cfo;capex,L4_CACHE_PRESENT,INSUFFICIENT_DATA,provisional structured data only; missing values were not zero-filled,provisional_structured
AQN,False,False,False,False,False,0,revenue;gross_profit;net_income;total_assets;total_liabilities;equity;cfo;capex,L4_CACHE_MISSING,CACHE_MISSING,provisional structured data only; missing values were not zero-filled,provisional_structured
ARM,False,False,False,False,False,0,revenue;gross_profit;net_income;total_assets;total_liabilities;equity;cfo;capex,L4_CACHE_PRESENT,INSUFFICIENT_DATA,provisional structured data only; missing values were not zero-filled,provisional_structured
ART,False,False,False,False,False,0,revenue;gross_profit;net_income;total_assets;total_liabilities;equity;cfo;capex,L4_CACHE_PRESENT,INSUFFICIENT_DATA,provisional structured data only; missing values were not zero-filled,provisional_structured
ASA,False,False,False,False,False,0,revenue;gross_profit;net_income;total_assets;total_liabilities;equity;cfo;capex,L4_CACHE_PRESENT,INSUFFICIENT_DATA,provisional structured data only; missing values were not zero-filled,provisional_structured
ASD,False,False,False,False,False,0,revenue;gross_profit;net_income;total_assets;total_liabilities;equity;cfo;capex,L4_CACHE_MISSING,CACHE_MISSING,provisional structured data only; missing values were not zero-filled,provisional_structured
ASG,False,False,False,False,True,0,revenue;gross_profit;net_income;total_assets;total_liabilities;equity;cfo;capex,L4_CACHE_PRESENT,PARTIAL_PROVISIONAL_DATA,provisional structured data only; missing values were not zero-filled,provisional_structured
ASIAGF,False,False,False,False,False,0,revenue;gross_profit;net_income;total_assets;total_liabilities;equity;cfo;capex,L4_CACHE_MISSING,CACHE_MISSING,provisional structured data only; missing values were not zero-filled,provisional_structured
ASM,False,False,False,False,True,0,revenue;gross_profit;net_income;total_assets;total_liabilities;equity;cfo;capex,L4_CACHE_PRESENT,PARTIAL_PROVISIONAL_DATA,provisional structured data only; missing values were not zero-filled,provisional_structured
ASP,False,False,False,False,True,0,revenue;gross_profit;net_income;total_assets;total_liabilities;equity;cfo;capex,L4_CACHE_PRESENT,PARTIAL_PROVISIONAL_DATA,provisional structured data only; missing values were not zero-filled,provisional_structured
AST,False,False,False,False,True,0,revenue;gross_profit;net_income;total_assets;total_liabilities;equity;cfo;capex,L4_CACHE_PRESENT,PARTIAL_PROVISIONAL_DATA,provisional structured data only; missing values were not zero-filled,provisional_structured
ATA,False,False,False,False,True,0,revenue;gross_profit;net_income;total_assets;total_liabilities;equity;cfo;capex,L4_CACHE_PRESENT,PARTIAL_PROVISIONAL_DATA,provisional structured data only; missing values were not zero-filled,provisional_structured
ATB,False,False,False,False,True,0,revenue;gross_profit;net_income;total_assets;total_liabilities;equity;cfo;capex,L4_CACHE_PRESENT,PARTIAL_PROVISIONAL_DATA,provisional structured data only; missing values were not zero-filled,provisional_structured
ATD,False,False,False,False,False,0,revenue;gross_profit;net_income;total_assets;total_liabilities;equity;cfo;capex,L4_CACHE_MISSING,CACHE_MISSING,provisional structured data only; missing values were not zero-filled,provisional_structured
ATG,False,False,False,False,True,0,revenue;gross_profit;net_income;total_assets;total_liabilities;equity;cfo;capex,L4_CACHE_PRESENT,PARTIAL_PROVISIONAL_DATA,provisional structured data only; missing values were not zero-filled,provisional_structured
ATS,False,False,False,False,True,0,revenue;gross_profit;net_income;total_assets;total_liabilities;equity;cfo;capex,L4_CACHE_PRESENT,PARTIAL_PROVISIONAL_DATA,provisional structured data only; missing values were not zero-filled,provisional_structured
AUM,False,False,False,False,False,0,revenue;gross_profit;net_income;total_assets;total_liabilities;equity;cfo;capex,L4_CACHE_PRESENT,INSUFFICIENT_DATA,provisional structured data only; missing values were not zero-filled,provisional_structured
AVC,False,False,False,False,True,0,revenue;gross_profit;net_income;total_assets;total_liabilities;equity;cfo;capex,L4_CACHE_PRESENT,PARTIAL_PROVISIONAL_DATA,provisional structured data only; missing values were not zero-filled,provisional_structured
AVF,False,False,False,False,False,0,revenue;gross_profit;net_income;total_assets;total_liabilities;equity;cfo;capex,L4_CACHE_PRESENT,INSUFFICIENT_DATA,provisional structured data only; missing values were not zero-filled,provisional_structured
AVG,False,False,False,False,False,0,revenue;gross_profit;net_income;total_assets;total_liabilities;equity;cfo;capex,L4_CACHE_PRESENT,INSUFFICIENT_DATA,provisional structured data only; missing values were not zero-filled,provisional_structured
AVS,False,False,False,False,False,0,revenue;gross_profit;net_income;total_assets;total_liabilities;equity;cfo;capex,L4_CACHE_MISSING,CACHE_MISSING,provisional structured data only; missing values were not zero-filled,provisional_structured
B82,False,False,False,False,False,0,revenue;gross_profit;net_income;total_assets;total_liabilities;equity;cfo;capex,L4_CACHE_PRESENT,INSUFFICIENT_DATA,provisional structured data only; missing values were not zero-filled,provisional_structured
BAB,False,False,False,False,True,0,revenue;gross_profit;net_income;total_assets;total_liabilities;equity;cfo;capex,L4_CACHE_PRESENT,PARTIAL_PROVISIONAL_DATA,provisional structured data only; missing values were not zero-filled,provisional_structured
BAF,False,False,False,True,True,0,revenue;gross_profit;net_income;total_assets;total_liabilities;equity;cfo;capex,L4_CACHE_PRESENT,PARTIAL_PROVISIONAL_DATA,provisional structured data only; missing values were not zero-filled,provisional_structured
BAL,False,False,False,False,False,0,revenue;gross_profit;net_income;total_assets;total_liabilities;equity;cfo;capex,L4_CACHE_PRESENT,INSUFFICIENT_DATA,provisional structured data only; missing values were not zero-filled,provisional_structured
BAM,False,False,False,False,False,0,revenue;gross_profit;net_income;total_assets;total_liabilities;equity;cfo;capex,L4_CACHE_MISSING,CACHE_MISSING,provisional structured data only; missing values were not zero-filled,provisional_structured
BAOMINH,False,False,False,False,False,0,revenue;gross_profit;net_income;total_assets;total_liabilities;equity;cfo;capex,L4_CACHE_MISSING,CACHE_MISSING,provisional structured data only; missing values were not zero-filled,provisional_structured
BAS,False,False,False,False,False,0,revenue;gross_profit;net_income;total_assets;total_liabilities;equity;cfo;capex,L4_CACHE_MISSING,CACHE_MISSING,provisional structured data only; missing values were not zero-filled,provisional_structured
BAX,False,False,False,False,True,0,revenue;gross_profit;net_income;total_assets;total_liabilities;equity;cfo;capex,L4_CACHE_PRESENT,PARTIAL_PROVISIONAL_DATA,provisional structured data only; missing values were not zero-filled,provisional_structured
BB,False,False,False,False,False,0,revenue;gross_profit;net_income;total_assets;total_liabilities;equity;cfo;capex,L4_CACHE_MISSING,CACHE_MISSING,provisional structured data only; missing values were not zero-filled,provisional_structured
BBC,False,False,False,False,True,0,revenue;gross_profit;net_income;total_assets;total_liabilities;equity;cfo;capex,L4_CACHE_PRESENT,PARTIAL_PROVISIONAL_DATA,provisional structured data only; missing values were not zero-filled,provisional_structured
BBH,False,False,False,False,True,0,revenue;gross_profit;net_income;total_assets;total_liabilities;equity;cfo;capex,L4_CACHE_PRESENT,PARTIAL_PROVISIONAL_DATA,provisional structured data only; missing values were not zero-filled,provisional_structured
BBM,False,False,False,False,True,0,revenue;gross_profit;net_income;total_assets;total_liabilities;equity;cfo;capex,L4_CACHE_PRESENT,PARTIAL_PROVISIONAL_DATA,provisional structured data only; missing values were not zero-filled,provisional_structured
BBS,False,False,False,False,True,0,revenue;gross_profit;net_income;total_assets;total_liabilities;equity;cfo;capex,L4_CACHE_PRESENT,PARTIAL_PROVISIONAL_DATA,provisional structured data only; missing values were not zero-filled,provisional_structured
BBT,False,False,False,False,True,0,revenue;gross_profit;net_income;total_assets;total_liabilities;equity;cfo;capex,L4_CACHE_PRESENT,PARTIAL_PROVISIONAL_DATA,provisional structured data only; missing values were not zero-filled,provisional_structured
BCA,False,False,False,True,True,0,revenue;gross_profit;net_income;total_assets;total_liabilities;equity;cfo;capex,L4_CACHE_PRESENT,PARTIAL_PROVISIONAL_DATA,provisional structured data only; missing values were not zero-filled,provisional_structured
BCB,False,False,False,False,False,0,revenue;gross_profit;net_income;total_assets;total_liabilities;equity;cfo;capex,L4_CACHE_PRESENT,INSUFFICIENT_DATA,provisional structured data only; missing values were not zero-filled,provisional_structured
BCC,False,False,False,False,True,0,revenue;gross_profit;net_income;total_assets;total_liabilities;equity;cfo;capex,L4_CACHE_PRESENT,PARTIAL_PROVISIONAL_DATA,provisional structured data only; missing values were not zero-filled,provisional_structured
BCE,False,False,False,False,True,0,revenue;gross_profit;net_income;total_assets;total_liabilities;equity;cfo;capex,L4_CACHE_PRESENT,PARTIAL_PROVISIONAL_DATA,provisional structured data only; missing values were not zero-filled,provisional_structured
BCF,False,False,False,False,True,0,revenue;gross_profit;net_income;total_assets;total_liabilities;equity;cfo;capex,L4_CACHE_PRESENT,PARTIAL_PROVISIONAL_DATA,provisional structured data only; missing values were not zero-filled,provisional_structured
BCG,False,False,False,False,False,0,revenue;gross_profit;net_income;total_assets;total_liabilities;equity;cfo;capex,L4_CACHE_PRESENT,INSUFFICIENT_DATA,provisional structured data only; missing values were not zero-filled,provisional_structured
BCI,False,False,False,False,False,0,revenue;gross_profit;net_income;total_assets;total_liabilities;equity;cfo;capex,L4_CACHE_MISSING,CACHE_MISSING,provisional structured data only; missing values were not zero-filled,provisional_structured
BCM,False,False,False,False,True,0,revenue;gross_profit;net_income;total_assets;total_liabilities;equity;cfo;capex,L4_CACHE_PRESENT,PARTIAL_PROVISIONAL_DATA,provisional structured data only; missing values were not zero-filled,provisional_structured
BCO,False,False,False,False,False,0,revenue;gross_profit;net_income;total_assets;total_liabilities;equity;cfo;capex,L4_CACHE_PRESENT,INSUFFICIENT_DATA,provisional structured data only; missing values were not zero-filled,provisional_structured
BCP,False,False,False,False,True,0,revenue;gross_profit;net_income;total_assets;total_liabilities;equity;cfo;capex,L4_CACHE_PRESENT,PARTIAL_PROVISIONAL_DATA,provisional structured data only; missing values were not zero-filled,provisional_structured
BCR,False,False,False,False,False,0,revenue;gross_profit;net_income;total_assets;total_liabilities;equity;cfo;capex,L4_CACHE_PRESENT,INSUFFICIENT_DATA,provisional structured data only; missing values were not zero-filled,provisional_structured
BCV,False,False,False,False,False,0,revenue;gross_profit;net_income;total_assets;total_liabilities;equity;cfo;capex,L4_CACHE_PRESENT,INSUFFICIENT_DATA,provisional structured data only; missing values were not zero-filled,provisional_structured
BDB,False,False,False,False,True,0,revenue;gross_profit;net_income;total_assets;total_liabilities;equity;cfo;capex,L4_CACHE_PRESENT,PARTIAL_PROVISIONAL_DATA,provisional structured data only; missing values were not zero-filled,provisional_structured
BDC,False,False,False,False,False,0,revenue;gross_profit;net_income;total_assets;total_liabilities;equity;cfo;capex,L4_CACHE_MISSING,CACHE_MISSING,provisional structured data only; missing values were not zero-filled,provisional_structured
BDF,False,False,False,False,False,0,revenue;gross_profit;net_income;total_assets;total_liabilities;equity;cfo;capex,L4_CACHE_MISSING,CACHE_MISSING,provisional structured data only; missing values were not zero-filled,provisional_structured
BDG,False,False,False,False,True,0,revenue;gross_profit;net_income;total_assets;total_liabilities;equity;cfo;capex,L4_CACHE_PRESENT,PARTIAL_PROVISIONAL_DATA,provisional structured data only; missing values were not zero-filled,provisional_structured
BDT,False,False,False,False,True,0,revenue;gross_profit;net_income;total_assets;total_liabilities;equity;cfo;capex,L4_CACHE_PRESENT,PARTIAL_PROVISIONAL_DATA,provisional structured data only; missing values were not zero-filled,provisional_structured
BDW,False,False,False,False,True,0,revenue;gross_profit;net_income;total_assets;total_liabilities;equity;cfo;capex,L4_CACHE_PRESENT,PARTIAL_PROVISIONAL_DATA,provisional structured data only; missing values were not zero-filled,provisional_structured
BED,False,False,False,False,False,0,revenue;gross_profit;net_income;total_assets;total_liabilities;equity;cfo;capex,L4_CACHE_PRESENT,INSUFFICIENT_DATA,provisional structured data only; missing values were not zero-filled,provisional_structured
BEL,False,False,False,False,False,0,revenue;gross_profit;net_income;total_assets;total_liabilities;equity;cfo;capex,L4_CACHE_PRESENT,INSUFFICIENT_DATA,provisional structured data only; missing values were not zero-filled,provisional_structured
BFC,False,False,False,False,True,0,revenue;gross_profit;net_income;total_assets;total_liabilities;equity;cfo;capex,L4_CACHE_PRESENT,PARTIAL_PROVISIONAL_DATA,provisional structured data only; missing values were not zero-filled,provisional_structured
BGE,False,False,False,False,False,0,revenue;gross_profit;net_income;total_assets;total_liabilities;equity;cfo;capex,L4_CACHE_PRESENT,INSUFFICIENT_DATA,provisional structured data only; missing values were not zero-filled,provisional_structured
BGM,False,False,False,False,False,0,revenue;gross_profit;net_income;total_assets;total_liabilities;equity;cfo;capex,L4_CACHE_MISSING,CACHE_MISSING,provisional structured data only; missing values were not zero-filled,provisional_structured
BGW,False,False,False,False,True,0,revenue;gross_profit;net_income;total_assets;total_liabilities;equity;cfo;capex,L4_CACHE_PRESENT,PARTIAL_PROVISIONAL_DATA,provisional structured data only; missing values were not zero-filled,provisional_structured
BHA,False,False,False,False,True,0,revenue;gross_profit;net_income;total_assets;total_liabilities;equity;cfo;capex,L4_CACHE_PRESENT,PARTIAL_PROVISIONAL_DATA,provisional structured data only; missing values were not zero-filled,provisional_structured
BHC,False,False,False,False,True,0,revenue;gross_profit;net_income;total_assets;total_liabilities;equity;cfo;capex,L4_CACHE_PRESENT,PARTIAL_PROVISIONAL_DATA,provisional structured data only; missing values were not zero-filled,provisional_structured
BHG,False,False,False,False,False,0,revenue;gross_profit;net_income;total_assets;total_liabilities;equity;cfo;capex,L4_CACHE_PRESENT,INSUFFICIENT_DATA,provisional structured data only; missing values were not zero-filled,provisional_structured
BHH,False,False,False,False,False,0,revenue;gross_profit;net_income;total_assets;total_liabilities;equity;cfo;capex,L4_CACHE_PRESENT,INSUFFICIENT_DATA,provisional structured data only; missing values were not zero-filled,provisional_structured
BHI,False,False,False,False,False,0,revenue;gross_profit;net_income;total_assets;total_liabilities;equity;cfo;capex,L4_CACHE_PRESENT,INSUFFICIENT_DATA,provisional structured data only; missing values were not zero-filled,provisional_structured
BHK,False,False,False,False,False,0,revenue;gross_profit;net_income;total_assets;total_liabilities;equity;cfo;capex,L4_CACHE_PRESENT,INSUFFICIENT_DATA,provisional structured data only; missing values were not zero-filled,provisional_structured
BHN,False,False,False,False,True,0,revenue;gross_profit;net_income;total_assets;total_liabilities;equity;cfo;capex,L4_CACHE_PRESENT,PARTIAL_PROVISIONAL_DATA,provisional structured data only; missing values were not zero-filled,provisional_structured
BHP,False,False,False,False,True,0,revenue;gross_profit;net_income;total_assets;total_liabilities;equity;cfo;capex,L4_CACHE_PRESENT,PARTIAL_PROVISIONAL_DATA,provisional structured data only; missing values were not zero-filled,provisional_structured
BHS,False,False,False,False,False,0,revenue;gross_profit;net_income;total_assets;total_liabilities;equity;cfo;capex,L4_CACHE_MISSING,CACHE_MISSING,provisional structured data only; missing values were not zero-filled,provisional_structured
BHT,False,False,False,False,False,0,revenue;gross_profit;net_income;total_assets;total_liabilities;equity;cfo;capex,L4_CACHE_PRESENT,INSUFFICIENT_DATA,provisional structured data only; missing values were not zero-filled,provisional_structured
BHV,False,False,False,False,False,0,revenue;gross_profit;net_income;total_assets;total_liabilities;equity;cfo;capex,L4_CACHE_MISSING,CACHE_MISSING,provisional structured data only; missing values were not zero-filled,provisional_structured
BIC,False,False,False,False,True,0,revenue;gross_profit;net_income;total_assets;total_liabilities;equity;cfo;capex,L4_CACHE_PRESENT,PARTIAL_PROVISIONAL_DATA,provisional structured data only; missing values were not zero-filled,provisional_structured
BID,False,False,False,False,True,0,revenue;gross_profit;net_income;total_assets;total_liabilities;equity;cfo;capex,L4_CACHE_PRESENT,PARTIAL_PROVISIONAL_DATA,provisional structured data only; missing values were not zero-filled,provisional_structured
BIG,False,False,False,True,True,0,revenue;gross_profit;net_income;total_assets;total_liabilities;equity;cfo;capex,L4_CACHE_PRESENT,PARTIAL_PROVISIONAL_DATA,provisional structured data only; missing values were not zero-filled,provisional_structured
BII,False,False,False,False,True,0,revenue;gross_profit;net_income;total_assets;total_liabilities;equity;cfo;capex,L4_CACHE_PRESENT,PARTIAL_PROVISIONAL_DATA,provisional structured data only; missing values were not zero-filled,provisional_structured
BIO,False,False,False,False,True,0,revenue;gross_profit;net_income;total_assets;total_liabilities;equity;cfo;capex,L4_CACHE_PRESENT,PARTIAL_PROVISIONAL_DATA,provisional structured data only; missing values were not zero-filled,provisional_structured
BKC,False,False,False,False,True,0,revenue;gross_profit;net_income;total_assets;total_liabilities;equity;cfo;capex,L4_CACHE_PRESENT,PARTIAL_PROVISIONAL_DATA,provisional structured data only; missing values were not zero-filled,provisional_structured
BKG,False,False,False,False,True,0,revenue;gross_profit;net_income;total_assets;total_liabilities;equity;cfo;capex,L4_CACHE_PRESENT,PARTIAL_PROVISIONAL_DATA,provisional structured data only; missing values were not zero-filled,provisional_structured
BKH,False,False,False,False,True,0,revenue;gross_profit;net_income;total_assets;total_liabilities;equity;cfo;capex,L4_CACHE_PRESENT,PARTIAL_PROVISIONAL_DATA,provisional structured data only; missing values were not zero-filled,provisional_structured
BLF,False,False,False,True,True,0,revenue;gross_profit;net_income;total_assets;total_liabilities;equity;cfo;capex,L4_CACHE_PRESENT,PARTIAL_PROVISIONAL_DATA,provisional structured data only; missing values were not zero-filled,provisional_structured
BLI,False,False,False,False,True,0,revenue;gross_profit;net_income;total_assets;total_liabilities;equity;cfo;capex,L4_CACHE_PRESENT,PARTIAL_PROVISIONAL_DATA,provisional structured data only; missing values were not zero-filled,provisional_structured
BLN,False,False,False,False,True,0,revenue;gross_profit;net_income;total_assets;total_liabilities;equity;cfo;capex,L4_CACHE_PRESENT,PARTIAL_PROVISIONAL_DATA,provisional structured data only; missing values were not zero-filled,provisional_structured
BLT,False,False,False,False,True,0,revenue;gross_profit;net_income;total_assets;total_liabilities;equity;cfo;capex,L4_CACHE_PRESENT,PARTIAL_PROVISIONAL_DATA,provisional structured data only; missing values were not zero-filled,provisional_structured
BLU,False,False,False,False,False,0,revenue;gross_profit;net_income;total_assets;total_liabilities;equity;cfo;capex,L4_CACHE_PRESENT,INSUFFICIENT_DATA,provisional structured data only; missing values were not zero-filled,provisional_structured
BLW,False,False,False,False,False,0,revenue;gross_profit;net_income;total_assets;total_liabilities;equity;cfo;capex,L4_CACHE_PRESENT,INSUFFICIENT_DATA,provisional structured data only; missing values were not zero-filled,provisional_structured
BM9,False,False,False,False,False,0,revenue;gross_profit;net_income;total_assets;total_liabilities;equity;cfo;capex,L4_CACHE_MISSING,CACHE_MISSING,provisional structured data only; missing values were not zero-filled,provisional_structured
BMC,False,False,False,False,True,0,revenue;gross_profit;net_income;total_assets;total_liabilities;equity;cfo;capex,L4_CACHE_PRESENT,PARTIAL_PROVISIONAL_DATA,provisional structured data only; missing values were not zero-filled,provisional_structured
BMD,False,False,False,False,True,0,revenue;gross_profit;net_income;total_assets;total_liabilities;equity;cfo;capex,L4_CACHE_PRESENT,PARTIAL_PROVISIONAL_DATA,provisional structured data only; missing values were not zero-filled,provisional_structured
BMF,False,False,False,False,True,0,revenue;gross_profit;net_income;total_assets;total_liabilities;equity;cfo;capex,L4_CACHE_PRESENT,PARTIAL_PROVISIONAL_DATA,provisional structured data only; missing values were not zero-filled,provisional_structured
BMG,False,False,False,False,False,0,revenue;gross_profit;net_income;total_assets;total_liabilities;equity;cfo;capex,L4_CACHE_PRESENT,INSUFFICIENT_DATA,provisional structured data only; missing values were not zero-filled,provisional_structured
BMI,False,False,False,False,True,0,revenue;gross_profit;net_income;total_assets;total_liabilities;equity;cfo;capex,L4_CACHE_PRESENT,PARTIAL_PROVISIONAL_DATA,provisional structured data only; missing values were not zero-filled,provisional_structured
BMJ,False,False,False,False,True,0,revenue;gross_profit;net_income;total_assets;total_liabilities;equity;cfo;capex,L4_CACHE_PRESENT,PARTIAL_PROVISIONAL_DATA,provisional structured data only; missing values were not zero-filled,provisional_structured
BMK,False,False,False,False,False,0,revenue;gross_profit;net_income;total_assets;total_liabilities;equity;cfo;capex,L4_CACHE_PRESENT,INSUFFICIENT_DATA,provisional structured data only; missing values were not zero-filled,provisional_structured
BMN,False,False,False,False,True,0,revenue;gross_profit;net_income;total_assets;total_liabilities;equity;cfo;capex,L4_CACHE_PRESENT,PARTIAL_PROVISIONAL_DATA,provisional structured data only; missing values were not zero-filled,provisional_structured
BMP,False,False,False,False,True,0,revenue;gross_profit;net_income;total_assets;total_liabilities;equity;cfo;capex,L4_CACHE_PRESENT,PARTIAL_PROVISIONAL_DATA,provisional structured data only; missing values were not zero-filled,provisional_structured
BMS,False,False,False,False,True,0,revenue;gross_profit;net_income;total_assets;total_liabilities;equity;cfo;capex,L4_CACHE_PRESENT,PARTIAL_PROVISIONAL_DATA,provisional structured data only; missing values were not zero-filled,provisional_structured
BMV,False,False,False,False,True,0,revenue;gross_profit;net_income;total_assets;total_liabilities;equity;cfo;capex,L4_CACHE_PRESENT,PARTIAL_PROVISIONAL_DATA,provisional structured data only; missing values were not zero-filled,provisional_structured
BNA,False,False,False,False,True,0,revenue;gross_profit;net_income;total_assets;total_liabilities;equity;cfo;capex,L4_CACHE_PRESENT,PARTIAL_PROVISIONAL_DATA,provisional structured data only; missing values were not zero-filled,provisional_structured
BNW,False,False,False,False,True,0,revenue;gross_profit;net_income;total_assets;total_liabilities;equity;cfo;capex,L4_CACHE_PRESENT,PARTIAL_PROVISIONAL_DATA,provisional structured data only; missing values were not zero-filled,provisional_structured
BOT,False,False,False,False,True,0,revenue;gross_profit;net_income;total_assets;total_liabilities;equity;cfo;capex,L4_CACHE_PRESENT,PARTIAL_PROVISIONAL_DATA,provisional structured data only; missing values were not zero-filled,provisional_structured
BPC,False,False,False,False,False,0,revenue;gross_profit;net_income;total_assets;total_liabilities;equity;cfo;capex,L4_CACHE_PRESENT,INSUFFICIENT_DATA,provisional structured data only; missing values were not zero-filled,provisional_structured
BPW,False,False,False,False,True,0,revenue;gross_profit;net_income;total_assets;total_liabilities;equity;cfo;capex,L4_CACHE_PRESENT,PARTIAL_PROVISIONAL_DATA,provisional structured data only; missing values were not zero-filled,provisional_structured
BQB,False,False,False,False,True,0,revenue;gross_profit;net_income;total_assets;total_liabilities;equity;cfo;capex,L4_CACHE_PRESENT,PARTIAL_PROVISIONAL_DATA,provisional structured data only; missing values were not zero-filled,provisional_structured
BQP,False,False,False,False,False,0,revenue;gross_profit;net_income;total_assets;total_liabilities;equity;cfo;capex,L4_CACHE_PRESENT,INSUFFICIENT_DATA,provisional structured data only; missing values were not zero-filled,provisional_structured
BRC,False,False,False,False,True,0,revenue;gross_profit;net_income;total_assets;total_liabilities;equity;cfo;capex,L4_CACHE_PRESENT,PARTIAL_PROVISIONAL_DATA,provisional structured data only; missing values were not zero-filled,provisional_structured
BRR,False,False,False,False,True,0,revenue;gross_profit;net_income;total_assets;total_liabilities;equity;cfo;capex,L4_CACHE_PRESENT,PARTIAL_PROVISIONAL_DATA,provisional structured data only; missing values were not zero-filled,provisional_structured
BRS,False,False,False,False,True,0,revenue;gross_profit;net_income;total_assets;total_liabilities;equity;cfo;capex,L4_CACHE_PRESENT,PARTIAL_PROVISIONAL_DATA,provisional structured data only; missing values were not zero-filled,provisional_structured
BSA,False,False,False,False,True,0,revenue;gross_profit;net_income;total_assets;total_liabilities;equity;cfo;capex,L4_CACHE_PRESENT,PARTIAL_PROVISIONAL_DATA,provisional structured data only; missing values were not zero-filled,provisional_structured
BSC,False,False,False,False,True,0,revenue;gross_profit;net_income;total_assets;total_liabilities;equity;cfo;capex,L4_CACHE_PRESENT,PARTIAL_PROVISIONAL_DATA,provisional structured data only; missing values were not zero-filled,provisional_structured
BSD,False,False,False,False,False,0,revenue;gross_profit;net_income;total_assets;total_liabilities;equity;cfo;capex,L4_CACHE_PRESENT,INSUFFICIENT_DATA,provisional structured data only; missing values were not zero-filled,provisional_structured
BSG,False,False,False,False,True,0,revenue;gross_profit;net_income;total_assets;total_liabilities;equity;cfo;capex,L4_CACHE_PRESENT,PARTIAL_PROVISIONAL_DATA,provisional structured data only; missing values were not zero-filled,provisional_structured
BSH,False,False,False,False,True,0,revenue;gross_profit;net_income;total_assets;total_liabilities;equity;cfo;capex,L4_CACHE_PRESENT,PARTIAL_PROVISIONAL_DATA,provisional structured data only; missing values were not zero-filled,provisional_structured
BSI,False,False,False,True,True,0,revenue;gross_profit;net_income;total_assets;total_liabilities;equity;cfo;capex,L4_CACHE_PRESENT,PARTIAL_PROVISIONAL_DATA,provisional structured data only; missing values were not zero-filled,provisional_structured
BSL,False,False,False,False,True,0,revenue;gross_profit;net_income;total_assets;total_liabilities;equity;cfo;capex,L4_CACHE_PRESENT,PARTIAL_PROVISIONAL_DATA,provisional structured data only; missing values were not zero-filled,provisional_structured
BSP,False,False,False,False,True,0,revenue;gross_profit;net_income;total_assets;total_liabilities;equity;cfo;capex,L4_CACHE_PRESENT,PARTIAL_PROVISIONAL_DATA,provisional structured data only; missing values were not zero-filled,provisional_structured
BSQ,False,False,False,False,True,0,revenue;gross_profit;net_income;total_assets;total_liabilities;equity;cfo;capex,L4_CACHE_PRESENT,PARTIAL_PROVISIONAL_DATA,provisional structured data only; missing values were not zero-filled,provisional_structured
BSR,False,False,False,False,True,0,revenue;gross_profit;net_income;total_assets;total_liabilities;equity;cfo;capex,L4_CACHE_PRESENT,PARTIAL_PROVISIONAL_DATA,provisional structured data only; missing values were not zero-filled,provisional_structured
BST,False,False,False,False,True,0,revenue;gross_profit;net_income;total_assets;total_liabilities;equity;cfo;capex,L4_CACHE_PRESENT,PARTIAL_PROVISIONAL_DATA,provisional structured data only; missing values were not zero-filled,provisional_structured
BT1,False,False,False,False,True,0,revenue;gross_profit;net_income;total_assets;total_liabilities;equity;cfo;capex,L4_CACHE_PRESENT,PARTIAL_PROVISIONAL_DATA,provisional structured data only; missing values were not zero-filled,provisional_structured
BT6,False,False,False,False,False,0,revenue;gross_profit;net_income;total_assets;total_liabilities;equity;cfo;capex,L4_CACHE_PRESENT,INSUFFICIENT_DATA,provisional structured data only; missing values were not zero-filled,provisional_structured
BTB,False,False,False,False,True,0,revenue;gross_profit;net_income;total_assets;total_liabilities;equity;cfo;capex,L4_CACHE_PRESENT,PARTIAL_PROVISIONAL_DATA,provisional structured data only; missing values were not zero-filled,provisional_structured
BTC,False,False,False,False,False,0,revenue;gross_profit;net_income;total_assets;total_liabilities;equity;cfo;capex,L4_CACHE_MISSING,CACHE_MISSING,provisional structured data only; missing values were not zero-filled,provisional_structured
BTD,False,False,False,False,True,0,revenue;gross_profit;net_income;total_assets;total_liabilities;equity;cfo;capex,L4_CACHE_PRESENT,PARTIAL_PROVISIONAL_DATA,provisional structured data only; missing values were not zero-filled,provisional_structured
BTG,False,False,False,False,False,0,revenue;gross_profit;net_income;total_assets;total_liabilities;equity;cfo;capex,L4_CACHE_PRESENT,INSUFFICIENT_DATA,provisional structured data only; missing values were not zero-filled,provisional_structured
BTH,False,False,False,False,True,0,revenue;gross_profit;net_income;total_assets;total_liabilities;equity;cfo;capex,L4_CACHE_PRESENT,PARTIAL_PROVISIONAL_DATA,provisional structured data only; missing values were not zero-filled,provisional_structured
BTN,False,False,False,False,True,0,revenue;gross_profit;net_income;total_assets;total_liabilities;equity;cfo;capex,L4_CACHE_PRESENT,PARTIAL_PROVISIONAL_DATA,provisional structured data only; missing values were not zero-filled,provisional_structured
BTP,False,False,False,False,True,0,revenue;gross_profit;net_income;total_assets;total_liabilities;equity;cfo;capex,L4_CACHE_PRESENT,PARTIAL_PROVISIONAL_DATA,provisional structured data only; missing values were not zero-filled,provisional_structured
BTR,False,False,False,False,False,0,revenue;gross_profit;net_income;total_assets;total_liabilities;equity;cfo;capex,L4_CACHE_MISSING,CACHE_MISSING,provisional structured data only; missing values were not zero-filled,provisional_structured
BTS,False,False,False,False,True,0,revenue;gross_profit;net_income;total_assets;total_liabilities;equity;cfo;capex,L4_CACHE_PRESENT,PARTIAL_PROVISIONAL_DATA,provisional structured data only; missing values were not zero-filled,provisional_structured
BTT,False,False,False,False,True,0,revenue;gross_profit;net_income;total_assets;total_liabilities;equity;cfo;capex,L4_CACHE_PRESENT,PARTIAL_PROVISIONAL_DATA,provisional structured data only; missing values were not zero-filled,provisional_structured
BTU,False,False,False,False,True,0,revenue;gross_profit;net_income;total_assets;total_liabilities;equity;cfo;capex,L4_CACHE_PRESENT,PARTIAL_PROVISIONAL_DATA,provisional structured data only; missing values were not zero-filled,provisional_structured
BTV,False,False,False,False,True,0,revenue;gross_profit;net_income;total_assets;total_liabilities;equity;cfo;capex,L4_CACHE_PRESENT,PARTIAL_PROVISIONAL_DATA,provisional structured data only; missing values were not zero-filled,provisional_structured
BTW,False,False,False,False,True,0,revenue;gross_profit;net_income;total_assets;total_liabilities;equity;cfo;capex,L4_CACHE_PRESENT,PARTIAL_PROVISIONAL_DATA,provisional structured data only; missing values were not zero-filled,provisional_structured
BUD,False,False,False,False,True,0,revenue;gross_profit;net_income;total_assets;total_liabilities;equity;cfo;capex,L4_CACHE_PRESENT,PARTIAL_PROVISIONAL_DATA,provisional structured data only; missing values were not zero-filled,provisional_structured
BVB,False,False,False,False,True,0,revenue;gross_profit;net_income;total_assets;total_liabilities;equity;cfo;capex,L4_CACHE_PRESENT,PARTIAL_PROVISIONAL_DATA,provisional structured data only; missing values were not zero-filled,provisional_structured
BVG,False,False,False,False,True,0,revenue;gross_profit;net_income;total_assets;total_liabilities;equity;cfo;capex,L4_CACHE_PRESENT,PARTIAL_PROVISIONAL_DATA,provisional structured data only; missing values were not zero-filled,provisional_structured
BVH,False,False,False,False,True,0,revenue;gross_profit;net_income;total_assets;total_liabilities;equity;cfo;capex,L4_CACHE_PRESENT,PARTIAL_PROVISIONAL_DATA,provisional structured data only; missing values were not zero-filled,provisional_structured
BVL,False,False,False,False,True,0,revenue;gross_profit;net_income;total_assets;total_liabilities;equity;cfo;capex,L4_CACHE_PRESENT,PARTIAL_PROVISIONAL_DATA,provisional structured data only; missing values were not zero-filled,provisional_structured
BVN,False,False,False,False,True,0,revenue;gross_profit;net_income;total_assets;total_liabilities;equity;cfo;capex,L4_CACHE_PRESENT,PARTIAL_PROVISIONAL_DATA,provisional structured data only; missing values were not zero-filled,provisional_structured
BVS,False,False,False,False,True,0,revenue;gross_profit;net_income;total_assets;total_liabilities;equity;cfo;capex,L4_CACHE_PRESENT,PARTIAL_PROVISIONAL_DATA,provisional structured data only; missing values were not zero-filled,provisional_structured
BWA,False,False,False,False,False,0,revenue;gross_profit;net_income;total_assets;total_liabilities;equity;cfo;capex,L4_CACHE_PRESENT,INSUFFICIENT_DATA,provisional structured data only; missing values were not zero-filled,provisional_structured
BWE,False,False,False,False,True,0,revenue;gross_profit;net_income;total_assets;total_liabilities;equity;cfo;capex,L4_CACHE_PRESENT,PARTIAL_PROVISIONAL_DATA,provisional structured data only; missing values were not zero-filled,provisional_structured
BWS,False,False,False,False,True,0,revenue;gross_profit;net_income;total_assets;total_liabilities;equity;cfo;capex,L4_CACHE_PRESENT,PARTIAL_PROVISIONAL_DATA,provisional structured data only; missing values were not zero-filled,provisional_structured
BXD,False,False,False,False,False,0,revenue;gross_profit;net_income;total_assets;total_liabilities;equity;cfo;capex,L4_CACHE_MISSING,CACHE_MISSING,provisional structured data only; missing values were not zero-filled,provisional_structured
BXH,False,False,False,True,True,0,revenue;gross_profit;net_income;total_assets;total_liabilities;equity;cfo;capex,L4_CACHE_PRESENT,PARTIAL_PROVISIONAL_DATA,provisional structured data only; missing values were not zero-filled,provisional_structured
BXT,False,False,False,False,False,0,revenue;gross_profit;net_income;total_assets;total_liabilities;equity;cfo;capex,L4_CACHE_PRESENT,INSUFFICIENT_DATA,provisional structured data only; missing values were not zero-filled,provisional_structured
C12,False,False,False,False,False,0,revenue;gross_profit;net_income;total_assets;total_liabilities;equity;cfo;capex,L4_CACHE_PRESENT,INSUFFICIENT_DATA,provisional structured data only; missing values were not zero-filled,provisional_structured
C21,False,False,False,False,True,0,revenue;gross_profit;net_income;total_assets;total_liabilities;equity;cfo;capex,L4_CACHE_PRESENT,PARTIAL_PROVISIONAL_DATA,provisional structured data only; missing values were not zero-filled,provisional_structured
C22,False,False,False,False,True,0,revenue;gross_profit;net_income;total_assets;total_liabilities;equity;cfo;capex,L4_CACHE_PRESENT,PARTIAL_PROVISIONAL_DATA,provisional structured data only; missing values were not zero-filled,provisional_structured
C32,False,False,False,False,True,0,revenue;gross_profit;net_income;total_assets;total_liabilities;equity;cfo;capex,L4_CACHE_PRESENT,PARTIAL_PROVISIONAL_DATA,provisional structured data only; missing values were not zero-filled,provisional_structured
C36,False,False,False,False,False,0,revenue;gross_profit;net_income;total_assets;total_liabilities;equity;cfo;capex,L4_CACHE_MISSING,CACHE_MISSING,provisional structured data only; missing values were not zero-filled,provisional_structured
C47,False,False,False,False,True,0,revenue;gross_profit;net_income;total_assets;total_liabilities;equity;cfo;capex,L4_CACHE_PRESENT,PARTIAL_PROVISIONAL_DATA,provisional structured data only; missing values were not zero-filled,provisional_structured
C4G,False,False,False,False,True,0,revenue;gross_profit;net_income;total_assets;total_liabilities;equity;cfo;capex,L4_CACHE_PRESENT,PARTIAL_PROVISIONAL_DATA,provisional structured data only; missing values were not zero-filled,provisional_structured
C69,False,False,False,False,True,0,revenue;gross_profit;net_income;total_assets;total_liabilities;equity;cfo;capex,L4_CACHE_PRESENT,PARTIAL_PROVISIONAL_DATA,provisional structured data only; missing values were not zero-filled,provisional_structured
C71,False,False,False,False,False,0,revenue;gross_profit;net_income;total_assets;total_liabilities;equity;cfo;capex,L4_CACHE_MISSING,CACHE_MISSING,provisional structured data only; missing values were not zero-filled,provisional_structured
C92,False,False,False,False,True,0,revenue;gross_profit;net_income;total_assets;total_liabilities;equity;cfo;capex,L4_CACHE_PRESENT,PARTIAL_PROVISIONAL_DATA,provisional structured data only; missing values were not zero-filled,provisional_structured
CAB,False,False,False,False,True,0,revenue;gross_profit;net_income;total_assets;total_liabilities;equity;cfo;capex,L4_CACHE_PRESENT,PARTIAL_PROVISIONAL_DATA,provisional structured data only; missing values were not zero-filled,provisional_structured
CACB2304,False,False,False,False,False,0,revenue;gross_profit;net_income;total_assets;total_liabilities;equity;cfo;capex,L4_CACHE_MISSING,CACHE_MISSING,provisional structured data only; missing values were not zero-filled,provisional_structured
CACB2305,False,False,False,False,False,0,revenue;gross_profit;net_income;total_assets;total_liabilities;equity;cfo;capex,L4_CACHE_MISSING,CACHE_MISSING,provisional structured data only; missing values were not zero-filled,provisional_structured
CAD,False,False,False,False,True,0,revenue;gross_profit;net_income;total_assets;total_liabilities;equity;cfo;capex,L4_CACHE_PRESENT,PARTIAL_PROVISIONAL_DATA,provisional structured data only; missing values were not zero-filled,provisional_structured
CAG,False,False,False,False,True,0,revenue;gross_profit;net_income;total_assets;total_liabilities;equity;cfo;capex,L4_CACHE_PRESENT,PARTIAL_PROVISIONAL_DATA,provisional structured data only; missing values were not zero-filled,provisional_structured
CAM,False,False,False,False,False,0,revenue;gross_profit;net_income;total_assets;total_liabilities;equity;cfo;capex,L4_CACHE_MISSING,CACHE_MISSING,provisional structured data only; missing values were not zero-filled,provisional_structured
CAN,False,False,False,False,True,0,revenue;gross_profit;net_income;total_assets;total_liabilities;equity;cfo;capex,L4_CACHE_PRESENT,PARTIAL_PROVISIONAL_DATA,provisional structured data only; missing values were not zero-filled,provisional_structured
CAP,False,False,False,False,True,0,revenue;gross_profit;net_income;total_assets;total_liabilities;equity;cfo;capex,L4_CACHE_PRESENT,PARTIAL_PROVISIONAL_DATA,provisional structured data only; missing values were not zero-filled,provisional_structured
CAR,False,False,False,False,True,0,revenue;gross_profit;net_income;total_assets;total_liabilities;equity;cfo;capex,L4_CACHE_PRESENT,PARTIAL_PROVISIONAL_DATA,provisional structured data only; missing values were not zero-filled,provisional_structured
CAT,False,False,False,False,True,0,revenue;gross_profit;net_income;total_assets;total_liabilities;equity;cfo;capex,L4_CACHE_PRESENT,PARTIAL_PROVISIONAL_DATA,provisional structured data only; missing values were not zero-filled,provisional_structured
CAV,False,False,False,False,True,0,revenue;gross_profit;net_income;total_assets;total_liabilities;equity;cfo;capex,L4_CACHE_PRESENT,PARTIAL_PROVISIONAL_DATA,provisional structured data only; missing values were not zero-filled,provisional_structured
CBC,False,False,False,False,False,0,revenue;gross_profit;net_income;total_assets;total_liabilities;equity;cfo;capex,L4_CACHE_MISSING,CACHE_MISSING,provisional structured data only; missing values were not zero-filled,provisional_structured
CBI,False,False,False,False,True,0,revenue;gross_profit;net_income;total_assets;total_liabilities;equity;cfo;capex,L4_CACHE_PRESENT,PARTIAL_PROVISIONAL_DATA,provisional structured data only; missing values were not zero-filled,provisional_structured
CBS,False,False,False,False,True,0,revenue;gross_profit;net_income;total_assets;total_liabilities;equity;cfo;capex,L4_CACHE_PRESENT,PARTIAL_PROVISIONAL_DATA,provisional structured data only; missing values were not zero-filled,provisional_structured
CC1,False,False,False,False,True,0,revenue;gross_profit;net_income;total_assets;total_liabilities;equity;cfo;capex,L4_CACHE_PRESENT,PARTIAL_PROVISIONAL_DATA,provisional structured data only; missing values were not zero-filled,provisional_structured
CC4,False,False,False,False,True,0,revenue;gross_profit;net_income;total_assets;total_liabilities;equity;cfo;capex,L4_CACHE_PRESENT,PARTIAL_PROVISIONAL_DATA,provisional structured data only; missing values were not zero-filled,provisional_structured
CCA,False,False,False,False,True,0,revenue;gross_profit;net_income;total_assets;total_liabilities;equity;cfo;capex,L4_CACHE_PRESENT,PARTIAL_PROVISIONAL_DATA,provisional structured data only; missing values were not zero-filled,provisional_structured
CCC,False,False,False,False,False,0,revenue;gross_profit;net_income;total_assets;total_liabilities;equity;cfo;capex,L4_CACHE_PRESENT,INSUFFICIENT_DATA,provisional structured data only; missing values were not zero-filled,provisional_structured
CCH,False,False,False,False,False,0,revenue;gross_profit;net_income;total_assets;total_liabilities;equity;cfo;capex,L4_CACHE_MISSING,CACHE_MISSING,provisional structured data only; missing values were not zero-filled,provisional_structured
CCI,False,False,False,False,True,0,revenue;gross_profit;net_income;total_assets;total_liabilities;equity;cfo;capex,L4_CACHE_PRESENT,PARTIAL_PROVISIONAL_DATA,provisional structured data only; missing values were not zero-filled,provisional_structured
CCL,False,False,False,False,True,0,revenue;gross_profit;net_income;total_assets;total_liabilities;equity;cfo;capex,L4_CACHE_PRESENT,PARTIAL_PROVISIONAL_DATA,provisional structured data only; missing values were not zero-filled,provisional_structured
CCM,False,False,False,False,True,0,revenue;gross_profit;net_income;total_assets;total_liabilities;equity;cfo;capex,L4_CACHE_PRESENT,PARTIAL_PROVISIONAL_DATA,provisional structured data only; missing values were not zero-filled,provisional_structured
CCP,False,False,False,False,True,0,revenue;gross_profit;net_income;total_assets;total_liabilities;equity;cfo;capex,L4_CACHE_PRESENT,PARTIAL_PROVISIONAL_DATA,provisional structured data only; missing values were not zero-filled,provisional_structured
CCR,False,False,False,False,True,0,revenue;gross_profit;net_income;total_assets;total_liabilities;equity;cfo;capex,L4_CACHE_PRESENT,PARTIAL_PROVISIONAL_DATA,provisional structured data only; missing values were not zero-filled,provisional_structured
CCS,False,False,False,False,False,0,revenue;gross_profit;net_income;total_assets;total_liabilities;equity;cfo;capex,L4_CACHE_PRESENT,INSUFFICIENT_DATA,provisional structured data only; missing values were not zero-filled,provisional_structured
CCT,False,False,False,False,False,0,revenue;gross_profit;net_income;total_assets;total_liabilities;equity;cfo;capex,L4_CACHE_PRESENT,INSUFFICIENT_DATA,provisional structured data only; missing values were not zero-filled,provisional_structured
CCV,False,False,False,False,True,0,revenue;gross_profit;net_income;total_assets;total_liabilities;equity;cfo;capex,L4_CACHE_PRESENT,PARTIAL_PROVISIONAL_DATA,provisional structured data only; missing values were not zero-filled,provisional_structured
CDC,False,False,False,False,True,0,revenue;gross_profit;net_income;total_assets;total_liabilities;equity;cfo;capex,L4_CACHE_PRESENT,PARTIAL_PROVISIONAL_DATA,provisional structured data only; missing values were not zero-filled,provisional_structured
CDG,False,False,False,False,False,0,revenue;gross_profit;net_income;total_assets;total_liabilities;equity;cfo;capex,L4_CACHE_PRESENT,INSUFFICIENT_DATA,provisional structured data only; missing values were not zero-filled,provisional_structured
CDH,False,False,False,False,True,0,revenue;gross_profit;net_income;total_assets;total_liabilities;equity;cfo;capex,L4_CACHE_PRESENT,PARTIAL_PROVISIONAL_DATA,provisional structured data only; missing values were not zero-filled,provisional_structured
CDN,False,False,False,False,True,0,revenue;gross_profit;net_income;total_assets;total_liabilities;equity;cfo;capex,L4_CACHE_PRESENT,PARTIAL_PROVISIONAL_DATA,provisional structured data only; missing values were not zero-filled,provisional_structured
CDO,False,False,False,False,True,0,revenue;gross_profit;net_income;total_assets;total_liabilities;equity;cfo;capex,L4_CACHE_PRESENT,PARTIAL_PROVISIONAL_DATA,provisional structured data only; missing values were not zero-filled,provisional_structured
CDP,False,False,False,False,True,0,revenue;gross_profit;net_income;total_assets;total_liabilities;equity;cfo;capex,L4_CACHE_PRESENT,PARTIAL_PROVISIONAL_DATA,provisional structured data only; missing values were not zero-filled,provisional_structured
CDR,False,False,False,False,True,0,revenue;gross_profit;net_income;total_assets;total_liabilities;equity;cfo;capex,L4_CACHE_PRESENT,PARTIAL_PROVISIONAL_DATA,provisional structured data only; missing values were not zero-filled,provisional_structured
CE1,False,False,False,False,False,0,revenue;gross_profit;net_income;total_assets;total_liabilities;equity;cfo;capex,L4_CACHE_PRESENT,INSUFFICIENT_DATA,provisional structured data only; missing values were not zero-filled,provisional_structured
CEC,False,False,False,False,False,0,revenue;gross_profit;net_income;total_assets;total_liabilities;equity;cfo;capex,L4_CACHE_MISSING,CACHE_MISSING,provisional structured data only; missing values were not zero-filled,provisional_structured
CEE,False,False,False,False,True,0,revenue;gross_profit;net_income;total_assets;total_liabilities;equity;cfo;capex,L4_CACHE_PRESENT,PARTIAL_PROVISIONAL_DATA,provisional structured data only; missing values were not zero-filled,provisional_structured
CEG,False,False,False,False,False,0,revenue;gross_profit;net_income;total_assets;total_liabilities;equity;cfo;capex,L4_CACHE_PRESENT,INSUFFICIENT_DATA,provisional structured data only; missing values were not zero-filled,provisional_structured
CEN,False,False,False,True,True,0,revenue;gross_profit;net_income;total_assets;total_liabilities;equity;cfo;capex,L4_CACHE_PRESENT,PARTIAL_PROVISIONAL_DATA,provisional structured data only; missing values were not zero-filled,provisional_structured
CEO,False,False,False,False,True,0,revenue;gross_profit;net_income;total_assets;total_liabilities;equity;cfo;capex,L4_CACHE_PRESENT,PARTIAL_PROVISIONAL_DATA,provisional structured data only; missing values were not zero-filled,provisional_structured
CER,False,False,False,False,False,0,revenue;gross_profit;net_income;total_assets;total_liabilities;equity;cfo;capex,L4_CACHE_MISSING,CACHE_MISSING,provisional structured data only; missing values were not zero-filled,provisional_structured
CET,False,False,False,False,True,0,revenue;gross_profit;net_income;total_assets;total_liabilities;equity;cfo;capex,L4_CACHE_PRESENT,PARTIAL_PROVISIONAL_DATA,provisional structured data only; missing values were not zero-filled,provisional_structured
CFC,False,False,False,False,False,0,revenue;gross_profit;net_income;total_assets;total_liabilities;equity;cfo;capex,L4_CACHE_MISSING,CACHE_MISSING,provisional structured data only; missing values were not zero-filled,provisional_structured
CFM,False,False,False,False,True,0,revenue;gross_profit;net_income;total_assets;total_liabilities;equity;cfo;capex,L4_CACHE_PRESENT,PARTIAL_PROVISIONAL_DATA,provisional structured data only; missing values were not zero-filled,provisional_structured
CFPT2016,False,False,False,False,False,0,revenue;gross_profit;net_income;total_assets;total_liabilities;equity;cfo;capex,L4_CACHE_MISSING,CACHE_MISSING,provisional structured data only; missing values were not zero-filled,provisional_structured
CFPT2101,False,False,False,False,False,0,revenue;gross_profit;net_income;total_assets;total_liabilities;equity;cfo;capex,L4_CACHE_MISSING,CACHE_MISSING,provisional structured data only; missing values were not zero-filled,provisional_structured
CFPT2102,False,False,False,False,False,0,revenue;gross_profit;net_income;total_assets;total_liabilities;equity;cfo;capex,L4_CACHE_MISSING,CACHE_MISSING,provisional structured data only; missing values were not zero-filled,provisional_structured
CFPT2103,False,False,False,False,False,0,revenue;gross_profit;net_income;total_assets;total_liabilities;equity;cfo;capex,L4_CACHE_MISSING,CACHE_MISSING,provisional structured data only; missing values were not zero-filled,provisional_structured
CFPT2104,False,False,False,False,False,0,revenue;gross_profit;net_income;total_assets;total_liabilities;equity;cfo;capex,L4_CACHE_MISSING,CACHE_MISSING,provisional structured data only; missing values were not zero-filled,provisional_structured
CFPT2105,False,False,False,False,False,0,revenue;gross_profit;net_income;total_assets;total_liabilities;equity;cfo;capex,L4_CACHE_MISSING,CACHE_MISSING,provisional structured data only; missing values were not zero-filled,provisional_structured
CFPT2214,False,False,False,False,False,0,revenue;gross_profit;net_income;total_assets;total_liabilities;equity;cfo;capex,L4_CACHE_MISSING,CACHE_MISSING,provisional structured data only; missing values were not zero-filled,provisional_structured
CFPT2303,False,False,False,False,False,0,revenue;gross_profit;net_income;total_assets;total_liabilities;equity;cfo;capex,L4_CACHE_MISSING,CACHE_MISSING,provisional structured data only; missing values were not zero-filled,provisional_structured
CFPT2313,False,False,False,False,False,0,revenue;gross_profit;net_income;total_assets;total_liabilities;equity;cfo;capex,L4_CACHE_MISSING,CACHE_MISSING,provisional structured data only; missing values were not zero-filled,provisional_structured
CFPT2314,False,False,False,False,False,0,revenue;gross_profit;net_income;total_assets;total_liabilities;equity;cfo;capex,L4_CACHE_MISSING,CACHE_MISSING,provisional structured data only; missing values were not zero-filled,provisional_structured
CFV,False,False,False,False,True,0,revenue;gross_profit;net_income;total_assets;total_liabilities;equity;cfo;capex,L4_CACHE_PRESENT,PARTIAL_PROVISIONAL_DATA,provisional structured data only; missing values were not zero-filled,provisional_structured
CGL,False,False,False,False,False,0,revenue;gross_profit;net_income;total_assets;total_liabilities;equity;cfo;capex,L4_CACHE_PRESENT,INSUFFICIENT_DATA,provisional structured data only; missing values were not zero-filled,provisional_structured
CGP,False,False,False,False,False,0,revenue;gross_profit;net_income;total_assets;total_liabilities;equity;cfo;capex,L4_CACHE_MISSING,CACHE_MISSING,provisional structured data only; missing values were not zero-filled,provisional_structured
CGV,False,False,False,False,True,0,revenue;gross_profit;net_income;total_assets;total_liabilities;equity;cfo;capex,L4_CACHE_PRESENT,PARTIAL_PROVISIONAL_DATA,provisional structured data only; missing values were not zero-filled,provisional_structured
CH5,False,False,False,False,False,0,revenue;gross_profit;net_income;total_assets;total_liabilities;equity;cfo;capex,L4_CACHE_PRESENT,INSUFFICIENT_DATA,provisional structured data only; missing values were not zero-filled,provisional_structured
CHC,False,False,False,False,False,0,revenue;gross_profit;net_income;total_assets;total_liabilities;equity;cfo;capex,L4_CACHE_PRESENT,INSUFFICIENT_DATA,provisional structured data only; missing values were not zero-filled,provisional_structured
CHDB2101,False,False,False,False,False,0,revenue;gross_profit;net_income;total_assets;total_liabilities;equity;cfo;capex,L4_CACHE_MISSING,CACHE_MISSING,provisional structured data only; missing values were not zero-filled,provisional_structured
CHDB2102,False,False,False,False,False,0,revenue;gross_profit;net_income;total_assets;total_liabilities;equity;cfo;capex,L4_CACHE_MISSING,CACHE_MISSING,provisional structured data only; missing values were not zero-filled,provisional_structured
CHP,False,False,False,False,True,0,revenue;gross_profit;net_income;total_assets;total_liabilities;equity;cfo;capex,L4_CACHE_PRESENT,PARTIAL_PROVISIONAL_DATA,provisional structured data only; missing values were not zero-filled,provisional_structured
CHPG2020,False,False,False,False,False,0,revenue;gross_profit;net_income;total_assets;total_liabilities;equity;cfo;capex,L4_CACHE_MISSING,CACHE_MISSING,provisional structured data only; missing values were not zero-filled,provisional_structured
CHPG2101,False,False,False,False,False,0,revenue;gross_profit;net_income;total_assets;total_liabilities;equity;cfo;capex,L4_CACHE_MISSING,CACHE_MISSING,provisional structured data only; missing values were not zero-filled,provisional_structured
CHS,False,False,False,False,True,0,revenue;gross_profit;net_income;total_assets;total_liabilities;equity;cfo;capex,L4_CACHE_PRESENT,PARTIAL_PROVISIONAL_DATA,provisional structured data only; missing values were not zero-filled,provisional_structured
CI5,False,False,False,False,False,0,revenue;gross_profit;net_income;total_assets;total_liabilities;equity;cfo;capex,L4_CACHE_PRESENT,INSUFFICIENT_DATA,provisional structured data only; missing values were not zero-filled,provisional_structured
CIA,False,False,False,False,True,0,revenue;gross_profit;net_income;total_assets;total_liabilities;equity;cfo;capex,L4_CACHE_PRESENT,PARTIAL_PROVISIONAL_DATA,provisional structured data only; missing values were not zero-filled,provisional_structured
CIC,False,False,False,False,False,0,revenue;gross_profit;net_income;total_assets;total_liabilities;equity;cfo;capex,L4_CACHE_MISSING,CACHE_MISSING,provisional structured data only; missing values were not zero-filled,provisional_structured
CID,False,False,False,False,True,0,revenue;gross_profit;net_income;total_assets;total_liabilities;equity;cfo;capex,L4_CACHE_PRESENT,PARTIAL_PROVISIONAL_DATA,provisional structured data only; missing values were not zero-filled,provisional_structured
CIG,False,False,False,False,True,0,revenue;gross_profit;net_income;total_assets;total_liabilities;equity;cfo;capex,L4_CACHE_PRESENT,PARTIAL_PROVISIONAL_DATA,provisional structured data only; missing values were not zero-filled,provisional_structured
CII,False,False,False,False,True,0,revenue;gross_profit;net_income;total_assets;total_liabilities;equity;cfo;capex,L4_CACHE_PRESENT,PARTIAL_PROVISIONAL_DATA,provisional structured data only; missing values were not zero-filled,provisional_structured
CIP,False,False,False,False,True,0,revenue;gross_profit;net_income;total_assets;total_liabilities;equity;cfo;capex,L4_CACHE_PRESENT,PARTIAL_PROVISIONAL_DATA,provisional structured data only; missing values were not zero-filled,provisional_structured
CJC,False,False,False,False,False,0,revenue;gross_profit;net_income;total_assets;total_liabilities;equity;cfo;capex,L4_CACHE_PRESENT,INSUFFICIENT_DATA,provisional structured data only; missing values were not zero-filled,provisional_structured
CK8,False,False,False,False,False,0,revenue;gross_profit;net_income;total_assets;total_liabilities;equity;cfo;capex,L4_CACHE_PRESENT,INSUFFICIENT_DATA,provisional structured data only; missing values were not zero-filled,provisional_structured
CKA,False,False,False,False,True,0,revenue;gross_profit;net_income;total_assets;total_liabilities;equity;cfo;capex,L4_CACHE_PRESENT,PARTIAL_PROVISIONAL_DATA,provisional structured data only; missing values were not zero-filled,provisional_structured
CKD,False,False,False,False,True,0,revenue;gross_profit;net_income;total_assets;total_liabilities;equity;cfo;capex,L4_CACHE_PRESENT,PARTIAL_PROVISIONAL_DATA,provisional structured data only; missing values were not zero-filled,provisional_structured
CKG,False,False,False,False,True,0,revenue;gross_profit;net_income;total_assets;total_liabilities;equity;cfo;capex,L4_CACHE_PRESENT,PARTIAL_PROVISIONAL_DATA,provisional structured data only; missing values were not zero-filled,provisional_structured
CKH,False,False,False,False,False,0,revenue;gross_profit;net_income;total_assets;total_liabilities;equity;cfo;capex,L4_CACHE_MISSING,CACHE_MISSING,provisional structured data only; missing values were not zero-filled,provisional_structured
CKV,False,False,False,False,False,0,revenue;gross_profit;net_income;total_assets;total_liabilities;equity;cfo;capex,L4_CACHE_PRESENT,INSUFFICIENT_DATA,provisional structured data only; missing values were not zero-filled,provisional_structured
CL1,False,False,False,False,False,0,revenue;gross_profit;net_income;total_assets;total_liabilities;equity;cfo;capex,L4_CACHE_MISSING,CACHE_MISSING,provisional structured data only; missing values were not zero-filled,provisional_structured
CLC,False,False,False,False,True,0,revenue;gross_profit;net_income;total_assets;total_liabilities;equity;cfo;capex,L4_CACHE_PRESENT,PARTIAL_PROVISIONAL_DATA,provisional structured data only; missing values were not zero-filled,provisional_structured
CLG,False,False,False,False,False,0,revenue;gross_profit;net_income;total_assets;total_liabilities;equity;cfo;capex,L4_CACHE_PRESENT,INSUFFICIENT_DATA,provisional structured data only; missing values were not zero-filled,provisional_structured
CLH,False,False,False,False,True,0,revenue;gross_profit;net_income;total_assets;total_liabilities;equity;cfo;capex,L4_CACHE_PRESENT,PARTIAL_PROVISIONAL_DATA,provisional structured data only; missing values were not zero-filled,provisional_structured
CLI,False,False,False,False,False,0,revenue;gross_profit;net_income;total_assets;total_liabilities;equity;cfo;capex,L4_CACHE_PRESENT,INSUFFICIENT_DATA,provisional structured data only; missing values were not zero-filled,provisional_structured
CLL,False,False,False,False,True,0,revenue;gross_profit;net_income;total_assets;total_liabilities;equity;cfo;capex,L4_CACHE_PRESENT,PARTIAL_PROVISIONAL_DATA,provisional structured data only; missing values were not zero-filled,provisional_structured
CLM,False,False,False,False,True,0,revenue;gross_profit;net_income;total_assets;total_liabilities;equity;cfo;capex,L4_CACHE_PRESENT,PARTIAL_PROVISIONAL_DATA,provisional structured data only; missing values were not zero-filled,provisional_structured
CLP,False,False,False,False,False,0,revenue;gross_profit;net_income;total_assets;total_liabilities;equity;cfo;capex,L4_CACHE_MISSING,CACHE_MISSING,provisional structured data only; missing values were not zero-filled,provisional_structured
CLS,False,False,False,False,False,0,revenue;gross_profit;net_income;total_assets;total_liabilities;equity;cfo;capex,L4_CACHE_MISSING,CACHE_MISSING,provisional structured data only; missing values were not zero-filled,provisional_structured
CLW,False,False,False,False,False,0,revenue;gross_profit;net_income;total_assets;total_liabilities;equity;cfo;capex,L4_CACHE_PRESENT,INSUFFICIENT_DATA,provisional structured data only; missing values were not zero-filled,provisional_structured
CLX,False,False,False,False,True,0,revenue;gross_profit;net_income;total_assets;total_liabilities;equity;cfo;capex,L4_CACHE_PRESENT,PARTIAL_PROVISIONAL_DATA,provisional structured data only; missing values were not zero-filled,provisional_structured
CMC,False,False,False,False,True,0,revenue;gross_profit;net_income;total_assets;total_liabilities;equity;cfo;capex,L4_CACHE_PRESENT,PARTIAL_PROVISIONAL_DATA,provisional structured data only; missing values were not zero-filled,provisional_structured
CMD,False,False,False,False,True,0,revenue;gross_profit;net_income;total_assets;total_liabilities;equity;cfo;capex,L4_CACHE_PRESENT,PARTIAL_PROVISIONAL_DATA,provisional structured data only; missing values were not zero-filled,provisional_structured
CMF,False,False,False,False,True,0,revenue;gross_profit;net_income;total_assets;total_liabilities;equity;cfo;capex,L4_CACHE_PRESENT,PARTIAL_PROVISIONAL_DATA,provisional structured data only; missing values were not zero-filled,provisional_structured
CMG,False,False,False,False,True,0,revenue;gross_profit;net_income;total_assets;total_liabilities;equity;cfo;capex,L4_CACHE_PRESENT,PARTIAL_PROVISIONAL_DATA,provisional structured data only; missing values were not zero-filled,provisional_structured
CMI,False,False,False,False,True,0,revenue;gross_profit;net_income;total_assets;total_liabilities;equity;cfo;capex,L4_CACHE_PRESENT,PARTIAL_PROVISIONAL_DATA,provisional structured data only; missing values were not zero-filled,provisional_structured
CMK,False,False,False,False,False,0,revenue;gross_profit;net_income;total_assets;total_liabilities;equity;cfo;capex,L4_CACHE_PRESENT,INSUFFICIENT_DATA,provisional structured data only; missing values were not zero-filled,provisional_structured
CMM,False,False,False,False,True,0,revenue;gross_profit;net_income;total_assets;total_liabilities;equity;cfo;capex,L4_CACHE_PRESENT,PARTIAL_PROVISIONAL_DATA,provisional structured data only; missing values were not zero-filled,provisional_structured
CMMN,False,False,False,False,False,0,revenue;gross_profit;net_income;total_assets;total_liabilities;equity;cfo;capex,L4_CACHE_MISSING,CACHE_MISSING,provisional structured data only; missing values were not zero-filled,provisional_structured
CMN,False,False,False,False,True,0,revenue;gross_profit;net_income;total_assets;total_liabilities;equity;cfo;capex,L4_CACHE_PRESENT,PARTIAL_PROVISIONAL_DATA,provisional structured data only; missing values were not zero-filled,provisional_structured
CMNN1,False,False,False,False,False,0,revenue;gross_profit;net_income;total_assets;total_liabilities;equity;cfo;capex,L4_CACHE_MISSING,CACHE_MISSING,provisional structured data only; missing values were not zero-filled,provisional_structured
CMP,False,False,False,False,False,0,revenue;gross_profit;net_income;total_assets;total_liabilities;equity;cfo;capex,L4_CACHE_PRESENT,INSUFFICIENT_DATA,provisional structured data only; missing values were not zero-filled,provisional_structured
CMS,False,False,False,False,True,0,revenue;gross_profit;net_income;total_assets;total_liabilities;equity;cfo;capex,L4_CACHE_PRESENT,PARTIAL_PROVISIONAL_DATA,provisional structured data only; missing values were not zero-filled,provisional_structured
CMT,False,False,False,False,True,0,revenue;gross_profit;net_income;total_assets;total_liabilities;equity;cfo;capex,L4_CACHE_PRESENT,PARTIAL_PROVISIONAL_DATA,provisional structured data only; missing values were not zero-filled,provisional_structured
CMV,False,False,False,False,True,0,revenue;gross_profit;net_income;total_assets;total_liabilities;equity;cfo;capex,L4_CACHE_PRESENT,PARTIAL_PROVISIONAL_DATA,provisional structured data only; missing values were not zero-filled,provisional_structured
CMW,False,False,False,False,True,0,revenue;gross_profit;net_income;total_assets;total_liabilities;equity;cfo;capex,L4_CACHE_PRESENT,PARTIAL_PROVISIONAL_DATA,provisional structured data only; missing values were not zero-filled,provisional_structured
CMX,False,False,False,False,True,0,revenue;gross_profit;net_income;total_assets;total_liabilities;equity;cfo;capex,L4_CACHE_PRESENT,PARTIAL_PROVISIONAL_DATA,provisional structured data only; missing values were not zero-filled,provisional_structured
CNA,False,False,False,False,False,0,revenue;gross_profit;net_income;total_assets;total_liabilities;equity;cfo;capex,L4_CACHE_PRESENT,INSUFFICIENT_DATA,provisional structured data only; missing values were not zero-filled,provisional_structured
CNC,False,False,False,False,True,0,revenue;gross_profit;net_income;total_assets;total_liabilities;equity;cfo;capex,L4_CACHE_PRESENT,PARTIAL_PROVISIONAL_DATA,provisional structured data only; missing values were not zero-filled,provisional_structured
CNG,False,False,False,False,True,0,revenue;gross_profit;net_income;total_assets;total_liabilities;equity;cfo;capex,L4_CACHE_PRESENT,PARTIAL_PROVISIONAL_DATA,provisional structured data only; missing values were not zero-filled,provisional_structured
CNN,False,False,False,False,True,0,revenue;gross_profit;net_income;total_assets;total_liabilities;equity;cfo;capex,L4_CACHE_PRESENT,PARTIAL_PROVISIONAL_DATA,provisional structured data only; missing values were not zero-filled,provisional_structured
CNT,False,False,False,False,True,0,revenue;gross_profit;net_income;total_assets;total_liabilities;equity;cfo;capex,L4_CACHE_PRESENT,PARTIAL_PROVISIONAL_DATA,provisional structured data only; missing values were not zero-filled,provisional_structured
COM,False,False,False,False,True,0,revenue;gross_profit;net_income;total_assets;total_liabilities;equity;cfo;capex,L4_CACHE_PRESENT,PARTIAL_PROVISIONAL_DATA,provisional structured data only; missing values were not zero-filled,provisional_structured
CPA,False,False,False,False,False,0,revenue;gross_profit;net_income;total_assets;total_liabilities;equity;cfo;capex,L4_CACHE_PRESENT,INSUFFICIENT_DATA,provisional structured data only; missing values were not zero-filled,provisional_structured
CPC,False,False,False,False,True,0,revenue;gross_profit;net_income;total_assets;total_liabilities;equity;cfo;capex,L4_CACHE_PRESENT,PARTIAL_PROVISIONAL_DATA,provisional structured data only; missing values were not zero-filled,provisional_structured
CPH,False,False,False,False,False,0,revenue;gross_profit;net_income;total_assets;total_liabilities;equity;cfo;capex,L4_CACHE_PRESENT,INSUFFICIENT_DATA,provisional structured data only; missing values were not zero-filled,provisional_structured
CPI,False,False,False,True,True,0,revenue;gross_profit;net_income;total_assets;total_liabilities;equity;cfo;capex,L4_CACHE_PRESENT,PARTIAL_PROVISIONAL_DATA,provisional structured data only; missing values were not zero-filled,provisional_structured
CQN,False,False,False,False,True,0,revenue;gross_profit;net_income;total_assets;total_liabilities;equity;cfo;capex,L4_CACHE_PRESENT,PARTIAL_PROVISIONAL_DATA,provisional structured data only; missing values were not zero-filled,provisional_structured
CQT,False,False,False,False,True,0,revenue;gross_profit;net_income;total_assets;total_liabilities;equity;cfo;capex,L4_CACHE_PRESENT,PARTIAL_PROVISIONAL_DATA,provisional structured data only; missing values were not zero-filled,provisional_structured
CRC,False,False,False,False,True,0,revenue;gross_profit;net_income;total_assets;total_liabilities;equity;cfo;capex,L4_CACHE_PRESENT,PARTIAL_PROVISIONAL_DATA,provisional structured data only; missing values were not zero-filled,provisional_structured
CRE,False,False,False,False,True,0,revenue;gross_profit;net_income;total_assets;total_liabilities;equity;cfo;capex,L4_CACHE_PRESENT,PARTIAL_PROVISIONAL_DATA,provisional structured data only; missing values were not zero-filled,provisional_structured
CRV,False,False,False,False,False,0,revenue;gross_profit;net_income;total_assets;total_liabilities;equity;cfo;capex,L4_CACHE_PRESENT,INSUFFICIENT_DATA,provisional structured data only; missing values were not zero-filled,provisional_structured
CSC,False,False,False,False,True,0,revenue;gross_profit;net_income;total_assets;total_liabilities;equity;cfo;capex,L4_CACHE_PRESENT,PARTIAL_PROVISIONAL_DATA,provisional structured data only; missing values were not zero-filled,provisional_structured
CSI,False,False,False,False,True,0,revenue;gross_profit;net_income;total_assets;total_liabilities;equity;cfo;capex,L4_CACHE_PRESENT,PARTIAL_PROVISIONAL_DATA,provisional structured data only; missing values were not zero-filled,provisional_structured
CSM,False,False,False,False,True,0,revenue;gross_profit;net_income;total_assets;total_liabilities;equity;cfo;capex,L4_CACHE_PRESENT,PARTIAL_PROVISIONAL_DATA,provisional structured data only; missing values were not zero-filled,provisional_structured
CST,False,False,False,False,True,0,revenue;gross_profit;net_income;total_assets;total_liabilities;equity;cfo;capex,L4_CACHE_PRESENT,PARTIAL_PROVISIONAL_DATA,provisional structured data only; missing values were not zero-filled,provisional_structured
CSV,False,False,False,False,True,0,revenue;gross_profit;net_income;total_assets;total_liabilities;equity;cfo;capex,L4_CACHE_PRESENT,PARTIAL_PROVISIONAL_DATA,provisional structured data only; missing values were not zero-filled,provisional_structured
CT3,False,False,False,False,True,0,revenue;gross_profit;net_income;total_assets;total_liabilities;equity;cfo;capex,L4_CACHE_PRESENT,PARTIAL_PROVISIONAL_DATA,provisional structured data only; missing values were not zero-filled,provisional_structured
CT5,False,False,False,False,False,0,revenue;gross_profit;net_income;total_assets;total_liabilities;equity;cfo;capex,L4_CACHE_PRESENT,INSUFFICIENT_DATA,provisional structured data only; missing values were not zero-filled,provisional_structured
CT6,False,False,False,False,True,0,revenue;gross_profit;net_income;total_assets;total_liabilities;equity;cfo;capex,L4_CACHE_PRESENT,PARTIAL_PROVISIONAL_DATA,provisional structured data only; missing values were not zero-filled,provisional_structured
CTA,False,False,False,False,False,0,revenue;gross_profit;net_income;total_assets;total_liabilities;equity;cfo;capex,L4_CACHE_PRESENT,INSUFFICIENT_DATA,provisional structured data only; missing values were not zero-filled,provisional_structured
CTB,False,False,False,False,True,0,revenue;gross_profit;net_income;total_assets;total_liabilities;equity;cfo;capex,L4_CACHE_PRESENT,PARTIAL_PROVISIONAL_DATA,provisional structured data only; missing values were not zero-filled,provisional_structured
CTC,False,False,False,False,False,0,revenue;gross_profit;net_income;total_assets;total_liabilities;equity;cfo;capex,L4_CACHE_PRESENT,INSUFFICIENT_DATA,provisional structured data only; missing values were not zero-filled,provisional_structured
CTD,False,False,False,False,True,0,revenue;gross_profit;net_income;total_assets;total_liabilities;equity;cfo;capex,L4_CACHE_PRESENT,PARTIAL_PROVISIONAL_DATA,provisional structured data only; missing values were not zero-filled,provisional_structured
CTF,False,False,False,True,True,0,revenue;gross_profit;net_income;total_assets;total_liabilities;equity;cfo;capex,L4_CACHE_PRESENT,PARTIAL_PROVISIONAL_DATA,provisional structured data only; missing values were not zero-filled,provisional_structured
CTG,False,False,False,False,True,0,revenue;gross_profit;net_income;total_assets;total_liabilities;equity;cfo;capex,L4_CACHE_PRESENT,PARTIAL_PROVISIONAL_DATA,provisional structured data only; missing values were not zero-filled,provisional_structured
CTI,False,False,False,False,True,0,revenue;gross_profit;net_income;total_assets;total_liabilities;equity;cfo;capex,L4_CACHE_PRESENT,PARTIAL_PROVISIONAL_DATA,provisional structured data only; missing values were not zero-filled,provisional_structured
CTN,False,False,False,False,False,0,revenue;gross_profit;net_income;total_assets;total_liabilities;equity;cfo;capex,L4_CACHE_PRESENT,INSUFFICIENT_DATA,provisional structured data only; missing values were not zero-filled,provisional_structured
CTP,False,False,False,True,True,0,revenue;gross_profit;net_income;total_assets;total_liabilities;equity;cfo;capex,L4_CACHE_PRESENT,PARTIAL_PROVISIONAL_DATA,provisional structured data only; missing values were not zero-filled,provisional_structured
CTR,False,False,False,False,True,0,revenue;gross_profit;net_income;total_assets;total_liabilities;equity;cfo;capex,L4_CACHE_PRESENT,PARTIAL_PROVISIONAL_DATA,provisional structured data only; missing values were not zero-filled,provisional_structured
CTS,False,False,False,False,True,0,revenue;gross_profit;net_income;total_assets;total_liabilities;equity;cfo;capex,L4_CACHE_PRESENT,PARTIAL_PROVISIONAL_DATA,provisional structured data only; missing values were not zero-filled,provisional_structured
CTT,False,False,False,False,True,0,revenue;gross_profit;net_income;total_assets;total_liabilities;equity;cfo;capex,L4_CACHE_PRESENT,PARTIAL_PROVISIONAL_DATA,provisional structured data only; missing values were not zero-filled,provisional_structured
CTW,False,False,False,False,True,0,revenue;gross_profit;net_income;total_assets;total_liabilities;equity;cfo;capex,L4_CACHE_PRESENT,PARTIAL_PROVISIONAL_DATA,provisional structured data only; missing values were not zero-filled,provisional_structured
CTX,False,False,False,False,True,0,revenue;gross_profit;net_income;total_assets;total_liabilities;equity;cfo;capex,L4_CACHE_PRESENT,PARTIAL_PROVISIONAL_DATA,provisional structured data only; missing values were not zero-filled,provisional_structured
CVN,False,False,False,False,True,0,revenue;gross_profit;net_income;total_assets;total_liabilities;equity;cfo;capex,L4_CACHE_PRESENT,PARTIAL_PROVISIONAL_DATA,provisional structured data only; missing values were not zero-filled,provisional_structured
CVP,False,False,False,False,False,0,revenue;gross_profit;net_income;total_assets;total_liabilities;equity;cfo;capex,L4_CACHE_PRESENT,INSUFFICIENT_DATA,provisional structured data only; missing values were not zero-filled,provisional_structured
CVT,False,False,False,False,True,0,revenue;gross_profit;net_income;total_assets;total_liabilities;equity;cfo;capex,L4_CACHE_PRESENT,PARTIAL_PROVISIONAL_DATA,provisional structured data only; missing values were not zero-filled,provisional_structured
CX8,False,False,False,False,False,0,revenue;gross_profit;net_income;total_assets;total_liabilities;equity;cfo;capex,L4_CACHE_PRESENT,INSUFFICIENT_DATA,provisional structured data only; missing values were not zero-filled,provisional_structured
CYC,False,False,False,False,True,0,revenue;gross_profit;net_income;total_assets;total_liabilities;equity;cfo;capex,L4_CACHE_PRESENT,PARTIAL_PROVISIONAL_DATA,provisional structured data only; missing values were not zero-filled,provisional_structured
D11,False,False,False,False,True,0,revenue;gross_profit;net_income;total_assets;total_liabilities;equity;cfo;capex,L4_CACHE_PRESENT,PARTIAL_PROVISIONAL_DATA,provisional structured data only; missing values were not zero-filled,provisional_structured
D17,False,False,False,False,False,0,revenue;gross_profit;net_income;total_assets;total_liabilities;equity;cfo;capex,L4_CACHE_PRESENT,INSUFFICIENT_DATA,provisional structured data only; missing values were not zero-filled,provisional_structured
D2D,False,False,False,False,True,0,revenue;gross_profit;net_income;total_assets;total_liabilities;equity;cfo;capex,L4_CACHE_PRESENT,PARTIAL_PROVISIONAL_DATA,provisional structured data only; missing values were not zero-filled,provisional_structured
DAC,False,False,False,False,False,0,revenue;gross_profit;net_income;total_assets;total_liabilities;equity;cfo;capex,L4_CACHE_PRESENT,INSUFFICIENT_DATA,provisional structured data only; missing values were not zero-filled,provisional_structured
DAD,False,False,False,False,True,0,revenue;gross_profit;net_income;total_assets;total_liabilities;equity;cfo;capex,L4_CACHE_PRESENT,PARTIAL_PROVISIONAL_DATA,provisional structured data only; missing values were not zero-filled,provisional_structured
DAE,False,False,False,False,True,0,revenue;gross_profit;net_income;total_assets;total_liabilities;equity;cfo;capex,L4_CACHE_PRESENT,PARTIAL_PROVISIONAL_DATA,provisional structured data only; missing values were not zero-filled,provisional_structured
DAG,False,False,False,False,False,0,revenue;gross_profit;net_income;total_assets;total_liabilities;equity;cfo;capex,L4_CACHE_PRESENT,INSUFFICIENT_DATA,provisional structured data only; missing values were not zero-filled,provisional_structured
DAH,False,False,False,False,True,0,revenue;gross_profit;net_income;total_assets;total_liabilities;equity;cfo;capex,L4_CACHE_PRESENT,PARTIAL_PROVISIONAL_DATA,provisional structured data only; missing values were not zero-filled,provisional_structured
DAN,False,False,False,False,True,0,revenue;gross_profit;net_income;total_assets;total_liabilities;equity;cfo;capex,L4_CACHE_PRESENT,PARTIAL_PROVISIONAL_DATA,provisional structured data only; missing values were not zero-filled,provisional_structured
DAR,False,False,False,False,False,0,revenue;gross_profit;net_income;total_assets;total_liabilities;equity;cfo;capex,L4_CACHE_PRESENT,INSUFFICIENT_DATA,provisional structured data only; missing values were not zero-filled,provisional_structured
DAS,False,False,False,False,False,0,revenue;gross_profit;net_income;total_assets;total_liabilities;equity;cfo;capex,L4_CACHE_PRESENT,INSUFFICIENT_DATA,provisional structured data only; missing values were not zero-filled,provisional_structured
DAT,False,False,False,False,True,0,revenue;gross_profit;net_income;total_assets;total_liabilities;equity;cfo;capex,L4_CACHE_PRESENT,PARTIAL_PROVISIONAL_DATA,provisional structured data only; missing values were not zero-filled,provisional_structured
DBC,False,False,False,False,True,0,revenue;gross_profit;net_income;total_assets;total_liabilities;equity;cfo;capex,L4_CACHE_PRESENT,PARTIAL_PROVISIONAL_DATA,provisional structured data only; missing values were not zero-filled,provisional_structured
DBD,False,False,False,False,True,0,revenue;gross_profit;net_income;total_assets;total_liabilities;equity;cfo;capex,L4_CACHE_PRESENT,PARTIAL_PROVISIONAL_DATA,provisional structured data only; missing values were not zero-filled,provisional_structured
DBH,False,False,False,False,False,0,revenue;gross_profit;net_income;total_assets;total_liabilities;equity;cfo;capex,L4_CACHE_PRESENT,INSUFFICIENT_DATA,provisional structured data only; missing values were not zero-filled,provisional_structured
DBM,False,False,False,False,True,0,revenue;gross_profit;net_income;total_assets;total_liabilities;equity;cfo;capex,L4_CACHE_PRESENT,PARTIAL_PROVISIONAL_DATA,provisional structured data only; missing values were not zero-filled,provisional_structured
DBT,False,False,False,False,True,0,revenue;gross_profit;net_income;total_assets;total_liabilities;equity;cfo;capex,L4_CACHE_PRESENT,PARTIAL_PROVISIONAL_DATA,provisional structured data only; missing values were not zero-filled,provisional_structured
DBW,False,False,False,False,False,0,revenue;gross_profit;net_income;total_assets;total_liabilities;equity;cfo;capex,L4_CACHE_PRESENT,INSUFFICIENT_DATA,provisional structured data only; missing values were not zero-filled,provisional_structured
DC1,False,False,False,False,True,0,revenue;gross_profit;net_income;total_assets;total_liabilities;equity;cfo;capex,L4_CACHE_PRESENT,PARTIAL_PROVISIONAL_DATA,provisional structured data only; missing values were not zero-filled,provisional_structured
DC2,False,False,False,False,True,0,revenue;gross_profit;net_income;total_assets;total_liabilities;equity;cfo;capex,L4_CACHE_PRESENT,PARTIAL_PROVISIONAL_DATA,provisional structured data only; missing values were not zero-filled,provisional_structured
DC4,False,False,False,False,True,0,revenue;gross_profit;net_income;total_assets;total_liabilities;equity;cfo;capex,L4_CACHE_PRESENT,PARTIAL_PROVISIONAL_DATA,provisional structured data only; missing values were not zero-filled,provisional_structured
DCF,False,False,False,False,False,0,revenue;gross_profit;net_income;total_assets;total_liabilities;equity;cfo;capex,L4_CACHE_PRESENT,INSUFFICIENT_DATA,provisional structured data only; missing values were not zero-filled,provisional_structured
DCG,False,False,False,False,False,0,revenue;gross_profit;net_income;total_assets;total_liabilities;equity;cfo;capex,L4_CACHE_PRESENT,INSUFFICIENT_DATA,provisional structured data only; missing values were not zero-filled,provisional_structured
DCH,False,False,False,False,False,0,revenue;gross_profit;net_income;total_assets;total_liabilities;equity;cfo;capex,L4_CACHE_PRESENT,INSUFFICIENT_DATA,provisional structured data only; missing values were not zero-filled,provisional_structured
DCL,False,False,False,False,True,0,revenue;gross_profit;net_income;total_assets;total_liabilities;equity;cfo;capex,L4_CACHE_PRESENT,PARTIAL_PROVISIONAL_DATA,provisional structured data only; missing values were not zero-filled,provisional_structured
DCM,False,False,False,False,True,0,revenue;gross_profit;net_income;total_assets;total_liabilities;equity;cfo;capex,L4_CACHE_PRESENT,PARTIAL_PROVISIONAL_DATA,provisional structured data only; missing values were not zero-filled,provisional_structured
DCR,False,False,False,False,True,0,revenue;gross_profit;net_income;total_assets;total_liabilities;equity;cfo;capex,L4_CACHE_PRESENT,PARTIAL_PROVISIONAL_DATA,provisional structured data only; missing values were not zero-filled,provisional_structured
DCS,False,False,False,False,True,0,revenue;gross_profit;net_income;total_assets;total_liabilities;equity;cfo;capex,L4_CACHE_PRESENT,PARTIAL_PROVISIONAL_DATA,provisional structured data only; missing values were not zero-filled,provisional_structured
DCT,False,False,False,False,True,0,revenue;gross_profit;net_income;total_assets;total_liabilities;equity;cfo;capex,L4_CACHE_PRESENT,PARTIAL_PROVISIONAL_DATA,provisional structured data only; missing values were not zero-filled,provisional_structured
DCV,False,False,False,False,False,0,revenue;gross_profit;net_income;total_assets;total_liabilities;equity;cfo;capex,L4_CACHE_PRESENT,INSUFFICIENT_DATA,provisional structured data only; missing values were not zero-filled,provisional_structured
DDB,False,False,False,False,False,0,revenue;gross_profit;net_income;total_assets;total_liabilities;equity;cfo;capex,L4_CACHE_PRESENT,INSUFFICIENT_DATA,provisional structured data only; missing values were not zero-filled,provisional_structured
DDG,False,False,False,False,True,0,revenue;gross_profit;net_income;total_assets;total_liabilities;equity;cfo;capex,L4_CACHE_PRESENT,PARTIAL_PROVISIONAL_DATA,provisional structured data only; missing values were not zero-filled,provisional_structured
DDH,False,False,False,False,False,0,revenue;gross_profit;net_income;total_assets;total_liabilities;equity;cfo;capex,L4_CACHE_PRESENT,INSUFFICIENT_DATA,provisional structured data only; missing values were not zero-filled,provisional_structured
DDM,False,False,False,False,False,0,revenue;gross_profit;net_income;total_assets;total_liabilities;equity;cfo;capex,L4_CACHE_PRESENT,INSUFFICIENT_DATA,provisional structured data only; missing values were not zero-filled,provisional_structured
DDN,False,False,False,False,True,0,revenue;gross_profit;net_income;total_assets;total_liabilities;equity;cfo;capex,L4_CACHE_PRESENT,PARTIAL_PROVISIONAL_DATA,provisional structured data only; missing values were not zero-filled,provisional_structured
DDV,False,False,False,False,True,0,revenue;gross_profit;net_income;total_assets;total_liabilities;equity;cfo;capex,L4_CACHE_PRESENT,PARTIAL_PROVISIONAL_DATA,provisional structured data only; missing values were not zero-filled,provisional_structured
DFC,False,False,False,False,True,0,revenue;gross_profit;net_income;total_assets;total_liabilities;equity;cfo;capex,L4_CACHE_PRESENT,PARTIAL_PROVISIONAL_DATA,provisional structured data only; missing values were not zero-filled,provisional_structured
DFF,False,False,False,False,True,0,revenue;gross_profit;net_income;total_assets;total_liabilities;equity;cfo;capex,L4_CACHE_PRESENT,PARTIAL_PROVISIONAL_DATA,provisional structured data only; missing values were not zero-filled,provisional_structured
DGC,False,False,False,False,True,0,revenue;gross_profit;net_income;total_assets;total_liabilities;equity;cfo;capex,L4_CACHE_PRESENT,PARTIAL_PROVISIONAL_DATA,provisional structured data only; missing values were not zero-filled,provisional_structured
DGT,False,False,False,False,True,0,revenue;gross_profit;net_income;total_assets;total_liabilities;equity;cfo;capex,L4_CACHE_PRESENT,PARTIAL_PROVISIONAL_DATA,provisional structured data only; missing values were not zero-filled,provisional_structured
DGW,False,False,False,False,True,0,revenue;gross_profit;net_income;total_assets;total_liabilities;equity;cfo;capex,L4_CACHE_PRESENT,PARTIAL_PROVISIONAL_DATA,provisional structured data only; missing values were not zero-filled,provisional_structured
DHA,False,False,False,False,True,0,revenue;gross_profit;net_income;total_assets;total_liabilities;equity;cfo;capex,L4_CACHE_PRESENT,PARTIAL_PROVISIONAL_DATA,provisional structured data only; missing values were not zero-filled,provisional_structured
DHB,False,False,False,True,True,0,revenue;gross_profit;net_income;total_assets;total_liabilities;equity;cfo;capex,L4_CACHE_PRESENT,PARTIAL_PROVISIONAL_DATA,provisional structured data only; missing values were not zero-filled,provisional_structured
DHC,False,False,False,False,True,0,revenue;gross_profit;net_income;total_assets;total_liabilities;equity;cfo;capex,L4_CACHE_PRESENT,PARTIAL_PROVISIONAL_DATA,provisional structured data only; missing values were not zero-filled,provisional_structured
DHD,False,False,False,False,True,0,revenue;gross_profit;net_income;total_assets;total_liabilities;equity;cfo;capex,L4_CACHE_PRESENT,PARTIAL_PROVISIONAL_DATA,provisional structured data only; missing values were not zero-filled,provisional_structured
DHG,False,False,False,False,True,0,revenue;gross_profit;net_income;total_assets;total_liabilities;equity;cfo;capex,L4_CACHE_PRESENT,PARTIAL_PROVISIONAL_DATA,provisional structured data only; missing values were not zero-filled,provisional_structured
DHM,False,False,False,False,True,0,revenue;gross_profit;net_income;total_assets;total_liabilities;equity;cfo;capex,L4_CACHE_PRESENT,PARTIAL_PROVISIONAL_DATA,provisional structured data only; missing values were not zero-filled,provisional_structured
DHN,False,False,False,False,True,0,revenue;gross_profit;net_income;total_assets;total_liabilities;equity;cfo;capex,L4_CACHE_PRESENT,PARTIAL_PROVISIONAL_DATA,provisional structured data only; missing values were not zero-filled,provisional_structured
DHP,False,False,False,False,True,0,revenue;gross_profit;net_income;total_assets;total_liabilities;equity;cfo;capex,L4_CACHE_PRESENT,PARTIAL_PROVISIONAL_DATA,provisional structured data only; missing values were not zero-filled,provisional_structured
DHT,False,False,False,True,True,0,revenue;gross_profit;net_income;total_assets;total_liabilities;equity;cfo;capex,L4_CACHE_PRESENT,PARTIAL_PROVISIONAL_DATA,provisional structured data only; missing values were not zero-filled,provisional_structured
DIC,False,False,False,False,True,0,revenue;gross_profit;net_income;total_assets;total_liabilities;equity;cfo;capex,L4_CACHE_PRESENT,PARTIAL_PROVISIONAL_DATA,provisional structured data only; missing values were not zero-filled,provisional_structured
DID,False,False,False,False,True,0,revenue;gross_profit;net_income;total_assets;total_liabilities;equity;cfo;capex,L4_CACHE_PRESENT,PARTIAL_PROVISIONAL_DATA,provisional structured data only; missing values were not zero-filled,provisional_structured
DIG,False,False,False,False,True,0,revenue;gross_profit;net_income;total_assets;total_liabilities;equity;cfo;capex,L4_CACHE_PRESENT,PARTIAL_PROVISIONAL_DATA,provisional structured data only; missing values were not zero-filled,provisional_structured
DIH,False,False,False,False,True,0,revenue;gross_profit;net_income;total_assets;total_liabilities;equity;cfo;capex,L4_CACHE_PRESENT,PARTIAL_PROVISIONAL_DATA,provisional structured data only; missing values were not zero-filled,provisional_structured
DKC,False,False,False,False,False,0,revenue;gross_profit;net_income;total_assets;total_liabilities;equity;cfo;capex,L4_CACHE_PRESENT,INSUFFICIENT_DATA,provisional structured data only; missing values were not zero-filled,provisional_structured
DKG,False,False,False,False,False,0,revenue;gross_profit;net_income;total_assets;total_liabilities;equity;cfo;capex,L4_CACHE_PRESENT,INSUFFICIENT_DATA,provisional structured data only; missing values were not zero-filled,provisional_structured
DKH,False,False,False,False,False,0,revenue;gross_profit;net_income;total_assets;total_liabilities;equity;cfo;capex,L4_CACHE_PRESENT,INSUFFICIENT_DATA,provisional structured data only; missing values were not zero-filled,provisional_structured
DKW,False,False,False,False,False,0,revenue;gross_profit;net_income;total_assets;total_liabilities;equity;cfo;capex,L4_CACHE_PRESENT,INSUFFICIENT_DATA,provisional structured data only; missing values were not zero-filled,provisional_structured
DL1,False,False,False,False,True,0,revenue;gross_profit;net_income;total_assets;total_liabilities;equity;cfo;capex,L4_CACHE_PRESENT,PARTIAL_PROVISIONAL_DATA,provisional structured data only; missing values were not zero-filled,provisional_structured
DLD,False,False,False,False,True,0,revenue;gross_profit;net_income;total_assets;total_liabilities;equity;cfo;capex,L4_CACHE_PRESENT,PARTIAL_PROVISIONAL_DATA,provisional structured data only; missing values were not zero-filled,provisional_structured
DLG,False,False,False,False,True,0,revenue;gross_profit;net_income;total_assets;total_liabilities;equity;cfo;capex,L4_CACHE_PRESENT,PARTIAL_PROVISIONAL_DATA,provisional structured data only; missing values were not zero-filled,provisional_structured
DLM,False,False,False,False,False,0,revenue;gross_profit;net_income;total_assets;total_liabilities;equity;cfo;capex,L4_CACHE_PRESENT,INSUFFICIENT_DATA,provisional structured data only; missing values were not zero-filled,provisional_structured
DLR,False,False,False,False,False,0,revenue;gross_profit;net_income;total_assets;total_liabilities;equity;cfo;capex,L4_CACHE_PRESENT,INSUFFICIENT_DATA,provisional structured data only; missing values were not zero-filled,provisional_structured
DLT,False,False,False,False,False,0,revenue;gross_profit;net_income;total_assets;total_liabilities;equity;cfo;capex,L4_CACHE_PRESENT,INSUFFICIENT_DATA,provisional structured data only; missing values were not zero-filled,provisional_structured
DM7,False,False,False,False,False,0,revenue;gross_profit;net_income;total_assets;total_liabilities;equity;cfo;capex,L4_CACHE_PRESENT,INSUFFICIENT_DATA,provisional structured data only; missing values were not zero-filled,provisional_structured
DMC,False,False,False,False,True,0,revenue;gross_profit;net_income;total_assets;total_liabilities;equity;cfo;capex,L4_CACHE_PRESENT,PARTIAL_PROVISIONAL_DATA,provisional structured data only; missing values were not zero-filled,provisional_structured
DMN,False,False,False,False,True,0,revenue;gross_profit;net_income;total_assets;total_liabilities;equity;cfo;capex,L4_CACHE_PRESENT,PARTIAL_PROVISIONAL_DATA,provisional structured data only; missing values were not zero-filled,provisional_structured
DMS,False,False,False,False,False,0,revenue;gross_profit;net_income;total_assets;total_liabilities;equity;cfo;capex,L4_CACHE_PRESENT,INSUFFICIENT_DATA,provisional structured data only; missing values were not zero-filled,provisional_structured
DNA,False,False,False,False,True,0,revenue;gross_profit;net_income;total_assets;total_liabilities;equity;cfo;capex,L4_CACHE_PRESENT,PARTIAL_PROVISIONAL_DATA,provisional structured data only; missing values were not zero-filled,provisional_structured
DNB,False,False,False,False,False,0,revenue;gross_profit;net_income;total_assets;total_liabilities;equity;cfo;capex,L4_CACHE_PRESENT,INSUFFICIENT_DATA,provisional structured data only; missing values were not zero-filled,provisional_structured
DNC,False,False,False,False,True,0,revenue;gross_profit;net_income;total_assets;total_liabilities;equity;cfo;capex,L4_CACHE_PRESENT,PARTIAL_PROVISIONAL_DATA,provisional structured data only; missing values were not zero-filled,provisional_structured
DND,False,False,False,False,True,0,revenue;gross_profit;net_income;total_assets;total_liabilities;equity;cfo;capex,L4_CACHE_PRESENT,PARTIAL_PROVISIONAL_DATA,provisional structured data only; missing values were not zero-filled,provisional_structured
DNE,False,False,False,False,True,0,revenue;gross_profit;net_income;total_assets;total_liabilities;equity;cfo;capex,L4_CACHE_PRESENT,PARTIAL_PROVISIONAL_DATA,provisional structured data only; missing values were not zero-filled,provisional_structured
DNH,False,False,False,False,True,0,revenue;gross_profit;net_income;total_assets;total_liabilities;equity;cfo;capex,L4_CACHE_PRESENT,PARTIAL_PROVISIONAL_DATA,provisional structured data only; missing values were not zero-filled,provisional_structured
DNL,False,False,False,False,False,0,revenue;gross_profit;net_income;total_assets;total_liabilities;equity;cfo;capex,L4_CACHE_PRESENT,INSUFFICIENT_DATA,provisional structured data only; missing values were not zero-filled,provisional_structured
DNM,False,False,False,False,True,0,revenue;gross_profit;net_income;total_assets;total_liabilities;equity;cfo;capex,L4_CACHE_PRESENT,PARTIAL_PROVISIONAL_DATA,provisional structured data only; missing values were not zero-filled,provisional_structured
DNN,False,False,False,False,True,0,revenue;gross_profit;net_income;total_assets;total_liabilities;equity;cfo;capex,L4_CACHE_PRESENT,PARTIAL_PROVISIONAL_DATA,provisional structured data only; missing values were not zero-filled,provisional_structured
DNP,False,False,False,False,True,0,revenue;gross_profit;net_income;total_assets;total_liabilities;equity;cfo;capex,L4_CACHE_PRESENT,PARTIAL_PROVISIONAL_DATA,provisional structured data only; missing values were not zero-filled,provisional_structured
DNT,False,False,False,False,False,0,revenue;gross_profit;net_income;total_assets;total_liabilities;equity;cfo;capex,L4_CACHE_PRESENT,INSUFFICIENT_DATA,provisional structured data only; missing values were not zero-filled,provisional_structured
DNW,False,False,False,False,True,0,revenue;gross_profit;net_income;total_assets;total_liabilities;equity;cfo;capex,L4_CACHE_PRESENT,PARTIAL_PROVISIONAL_DATA,provisional structured data only; missing values were not zero-filled,provisional_structured
DOC,False,False,False,False,False,0,revenue;gross_profit;net_income;total_assets;total_liabilities;equity;cfo;capex,L4_CACHE_PRESENT,INSUFFICIENT_DATA,provisional structured data only; missing values were not zero-filled,provisional_structured
DOP,False,False,False,False,True,0,revenue;gross_profit;net_income;total_assets;total_liabilities;equity;cfo;capex,L4_CACHE_PRESENT,PARTIAL_PROVISIONAL_DATA,provisional structured data only; missing values were not zero-filled,provisional_structured
DP1,False,False,False,False,True,0,revenue;gross_profit;net_income;total_assets;total_liabilities;equity;cfo;capex,L4_CACHE_PRESENT,PARTIAL_PROVISIONAL_DATA,provisional structured data only; missing values were not zero-filled,provisional_structured
DP2,False,False,False,False,True,0,revenue;gross_profit;net_income;total_assets;total_liabilities;equity;cfo;capex,L4_CACHE_PRESENT,PARTIAL_PROVISIONAL_DATA,provisional structured data only; missing values were not zero-filled,provisional_structured
DP3,False,False,False,False,True,0,revenue;gross_profit;net_income;total_assets;total_liabilities;equity;cfo;capex,L4_CACHE_PRESENT,PARTIAL_PROVISIONAL_DATA,provisional structured data only; missing values were not zero-filled,provisional_structured
DPC,False,False,False,False,True,0,revenue;gross_profit;net_income;total_assets;total_liabilities;equity;cfo;capex,L4_CACHE_PRESENT,PARTIAL_PROVISIONAL_DATA,provisional structured data only; missing values were not zero-filled,provisional_structured
DPD,False,False,False,False,False,0,revenue;gross_profit;net_income;total_assets;total_liabilities;equity;cfo;capex,L4_CACHE_PRESENT,INSUFFICIENT_DATA,provisional structured data only; missing values were not zero-filled,provisional_structured
DPG,False,False,False,False,True,0,revenue;gross_profit;net_income;total_assets;total_liabilities;equity;cfo;capex,L4_CACHE_PRESENT,PARTIAL_PROVISIONAL_DATA,provisional structured data only; missing values were not zero-filled,provisional_structured
DPH,False,False,False,False,False,0,revenue;gross_profit;net_income;total_assets;total_liabilities;equity;cfo;capex,L4_CACHE_PRESENT,INSUFFICIENT_DATA,provisional structured data only; missing values were not zero-filled,provisional_structured
DPM,False,False,False,False,True,0,revenue;gross_profit;net_income;total_assets;total_liabilities;equity;cfo;capex,L4_CACHE_PRESENT,PARTIAL_PROVISIONAL_DATA,provisional structured data only; missing values were not zero-filled,provisional_structured
DPP,False,False,False,False,False,0,revenue;gross_profit;net_income;total_assets;total_liabilities;equity;cfo;capex,L4_CACHE_PRESENT,INSUFFICIENT_DATA,provisional structured data only; missing values were not zero-filled,provisional_structured
DPR,False,False,False,False,True,0,revenue;gross_profit;net_income;total_assets;total_liabilities;equity;cfo;capex,L4_CACHE_PRESENT,PARTIAL_PROVISIONAL_DATA,provisional structured data only; missing values were not zero-filled,provisional_structured
DPS,False,False,False,False,False,0,revenue;gross_profit;net_income;total_assets;total_liabilities;equity;cfo;capex,L4_CACHE_PRESENT,INSUFFICIENT_DATA,provisional structured data only; missing values were not zero-filled,provisional_structured
DQC,False,False,False,False,True,0,revenue;gross_profit;net_income;total_assets;total_liabilities;equity;cfo;capex,L4_CACHE_PRESENT,PARTIAL_PROVISIONAL_DATA,provisional structured data only; missing values were not zero-filled,provisional_structured
DRC,False,False,False,False,True,0,revenue;gross_profit;net_income;total_assets;total_liabilities;equity;cfo;capex,L4_CACHE_PRESENT,PARTIAL_PROVISIONAL_DATA,provisional structured data only; missing values were not zero-filled,provisional_structured
DRG,False,False,False,False,True,0,revenue;gross_profit;net_income;total_assets;total_liabilities;equity;cfo;capex,L4_CACHE_PRESENT,PARTIAL_PROVISIONAL_DATA,provisional structured data only; missing values were not zero-filled,provisional_structured
DRH,False,False,False,False,True,0,revenue;gross_profit;net_income;total_assets;total_liabilities;equity;cfo;capex,L4_CACHE_PRESENT,PARTIAL_PROVISIONAL_DATA,provisional structured data only; missing values were not zero-filled,provisional_structured
DRI,False,False,False,False,True,0,revenue;gross_profit;net_income;total_assets;total_liabilities;equity;cfo;capex,L4_CACHE_PRESENT,PARTIAL_PROVISIONAL_DATA,provisional structured data only; missing values were not zero-filled,provisional_structured
DRL,False,False,False,False,True,0,revenue;gross_profit;net_income;total_assets;total_liabilities;equity;cfo;capex,L4_CACHE_PRESENT,PARTIAL_PROVISIONAL_DATA,provisional structured data only; missing values were not zero-filled,provisional_structured
DS3,False,False,False,False,True,0,revenue;gross_profit;net_income;total_assets;total_liabilities;equity;cfo;capex,L4_CACHE_PRESENT,PARTIAL_PROVISIONAL_DATA,provisional structured data only; missing values were not zero-filled,provisional_structured
DSC,False,False,False,False,True,0,revenue;gross_profit;net_income;total_assets;total_liabilities;equity;cfo;capex,L4_CACHE_PRESENT,PARTIAL_PROVISIONAL_DATA,provisional structured data only; missing values were not zero-filled,provisional_structured
DSD,False,False,False,False,False,0,revenue;gross_profit;net_income;total_assets;total_liabilities;equity;cfo;capex,L4_CACHE_PRESENT,INSUFFICIENT_DATA,provisional structured data only; missing values were not zero-filled,provisional_structured
DSE,False,False,False,False,False,0,revenue;gross_profit;net_income;total_assets;total_liabilities;equity;cfo;capex,L4_CACHE_PRESENT,INSUFFICIENT_DATA,provisional structured data only; missing values were not zero-filled,provisional_structured
DSG,False,False,False,False,True,0,revenue;gross_profit;net_income;total_assets;total_liabilities;equity;cfo;capex,L4_CACHE_PRESENT,PARTIAL_PROVISIONAL_DATA,provisional structured data only; missing values were not zero-filled,provisional_structured
DSH,False,False,False,False,False,0,revenue;gross_profit;net_income;total_assets;total_liabilities;equity;cfo;capex,L4_CACHE_PRESENT,INSUFFICIENT_DATA,provisional structured data only; missing values were not zero-filled,provisional_structured
DSN,False,False,False,False,True,0,revenue;gross_profit;net_income;total_assets;total_liabilities;equity;cfo;capex,L4_CACHE_PRESENT,PARTIAL_PROVISIONAL_DATA,provisional structured data only; missing values were not zero-filled,provisional_structured
DSP,False,False,False,False,False,0,revenue;gross_profit;net_income;total_assets;total_liabilities;equity;cfo;capex,L4_CACHE_PRESENT,INSUFFICIENT_DATA,provisional structured data only; missing values were not zero-filled,provisional_structured
DST,False,False,False,True,True,0,revenue;gross_profit;net_income;total_assets;total_liabilities;equity;cfo;capex,L4_CACHE_PRESENT,PARTIAL_PROVISIONAL_DATA,provisional structured data only; missing values were not zero-filled,provisional_structured
DSV,False,False,False,False,True,0,revenue;gross_profit;net_income;total_assets;total_liabilities;equity;cfo;capex,L4_CACHE_PRESENT,PARTIAL_PROVISIONAL_DATA,provisional structured data only; missing values were not zero-filled,provisional_structured
DT4,False,False,False,False,True,0,revenue;gross_profit;net_income;total_assets;total_liabilities;equity;cfo;capex,L4_CACHE_PRESENT,PARTIAL_PROVISIONAL_DATA,provisional structured data only; missing values were not zero-filled,provisional_structured
DTA,False,False,False,False,True,0,revenue;gross_profit;net_income;total_assets;total_liabilities;equity;cfo;capex,L4_CACHE_PRESENT,PARTIAL_PROVISIONAL_DATA,provisional structured data only; missing values were not zero-filled,provisional_structured
DTB,False,False,False,False,True,0,revenue;gross_profit;net_income;total_assets;total_liabilities;equity;cfo;capex,L4_CACHE_PRESENT,PARTIAL_PROVISIONAL_DATA,provisional structured data only; missing values were not zero-filled,provisional_structured
DTC,False,False,False,False,True,0,revenue;gross_profit;net_income;total_assets;total_liabilities;equity;cfo;capex,L4_CACHE_PRESENT,PARTIAL_PROVISIONAL_DATA,provisional structured data only; missing values were not zero-filled,provisional_structured
DTD,False,False,False,False,True,0,revenue;gross_profit;net_income;total_assets;total_liabilities;equity;cfo;capex,L4_CACHE_PRESENT,PARTIAL_PROVISIONAL_DATA,provisional structured data only; missing values were not zero-filled,provisional_structured
DTE,False,False,False,False,True,0,revenue;gross_profit;net_income;total_assets;total_liabilities;equity;cfo;capex,L4_CACHE_PRESENT,PARTIAL_PROVISIONAL_DATA,provisional structured data only; missing values were not zero-filled,provisional_structured
DTG,False,False,False,False,True,0,revenue;gross_profit;net_income;total_assets;total_liabilities;equity;cfo;capex,L4_CACHE_PRESENT,PARTIAL_PROVISIONAL_DATA,provisional structured data only; missing values were not zero-filled,provisional_structured
DTH,False,False,False,False,True,0,revenue;gross_profit;net_income;total_assets;total_liabilities;equity;cfo;capex,L4_CACHE_PRESENT,PARTIAL_PROVISIONAL_DATA,provisional structured data only; missing values were not zero-filled,provisional_structured
DTI,False,False,False,True,True,0,revenue;gross_profit;net_income;total_assets;total_liabilities;equity;cfo;capex,L4_CACHE_PRESENT,PARTIAL_PROVISIONAL_DATA,provisional structured data only; missing values were not zero-filled,provisional_structured
DTK,False,False,False,False,True,0,revenue;gross_profit;net_income;total_assets;total_liabilities;equity;cfo;capex,L4_CACHE_PRESENT,PARTIAL_PROVISIONAL_DATA,provisional structured data only; missing values were not zero-filled,provisional_structured
DTL,False,False,False,False,True,0,revenue;gross_profit;net_income;total_assets;total_liabilities;equity;cfo;capex,L4_CACHE_PRESENT,PARTIAL_PROVISIONAL_DATA,provisional structured data only; missing values were not zero-filled,provisional_structured
DTP,False,False,False,False,True,0,revenue;gross_profit;net_income;total_assets;total_liabilities;equity;cfo;capex,L4_CACHE_PRESENT,PARTIAL_PROVISIONAL_DATA,provisional structured data only; missing values were not zero-filled,provisional_structured
DTT,False,False,False,False,False,0,revenue;gross_profit;net_income;total_assets;total_liabilities;equity;cfo;capex,L4_CACHE_PRESENT,INSUFFICIENT_DATA,provisional structured data only; missing values were not zero-filled,provisional_structured
DTV,False,False,False,False,True,0,revenue;gross_profit;net_income;total_assets;total_liabilities;equity;cfo;capex,L4_CACHE_PRESENT,PARTIAL_PROVISIONAL_DATA,provisional structured data only; missing values were not zero-filled,provisional_structured
DUS,False,False,False,False,False,0,revenue;gross_profit;net_income;total_assets;total_liabilities;equity;cfo;capex,L4_CACHE_PRESENT,INSUFFICIENT_DATA,provisional structured data only; missing values were not zero-filled,provisional_structured
DVC,False,False,False,False,False,0,revenue;gross_profit;net_income;total_assets;total_liabilities;equity;cfo;capex,L4_CACHE_PRESENT,INSUFFICIENT_DATA,provisional structured data only; missing values were not zero-filled,provisional_structured
DVG,False,False,False,False,True,0,revenue;gross_profit;net_income;total_assets;total_liabilities;equity;cfo;capex,L4_CACHE_PRESENT,PARTIAL_PROVISIONAL_DATA,provisional structured data only; missing values were not zero-filled,provisional_structured
DVM,False,False,False,False,True,0,revenue;gross_profit;net_income;total_assets;total_liabilities;equity;cfo;capex,L4_CACHE_PRESENT,PARTIAL_PROVISIONAL_DATA,provisional structured data only; missing values were not zero-filled,provisional_structured
DVN,False,False,False,False,True,0,revenue;gross_profit;net_income;total_assets;total_liabilities;equity;cfo;capex,L4_CACHE_PRESENT,PARTIAL_PROVISIONAL_DATA,provisional structured data only; missing values were not zero-filled,provisional_structured
DVP,False,False,False,False,True,0,revenue;gross_profit;net_income;total_assets;total_liabilities;equity;cfo;capex,L4_CACHE_PRESENT,PARTIAL_PROVISIONAL_DATA,provisional structured data only; missing values were not zero-filled,provisional_structured
DVT,False,False,False,False,False,0,revenue;gross_profit;net_income;total_assets;total_liabilities;equity;cfo;capex,L4_CACHE_PRESENT,INSUFFICIENT_DATA,provisional structured data only; missing values were not zero-filled,provisional_structured
DVW,False,False,False,False,False,0,revenue;gross_profit;net_income;total_assets;total_liabilities;equity;cfo;capex,L4_CACHE_PRESENT,INSUFFICIENT_DATA,provisional structured data only; missing values were not zero-filled,provisional_structured
DWC,False,False,False,False,False,0,revenue;gross_profit;net_income;total_assets;total_liabilities;equity;cfo;capex,L4_CACHE_PRESENT,INSUFFICIENT_DATA,provisional structured data only; missing values were not zero-filled,provisional_structured
DWS,False,False,False,False,False,0,revenue;gross_profit;net_income;total_assets;total_liabilities;equity;cfo;capex,L4_CACHE_PRESENT,INSUFFICIENT_DATA,provisional structured data only; missing values were not zero-filled,provisional_structured
DX2,False,False,False,False,True,0,revenue;gross_profit;net_income;total_assets;total_liabilities;equity;cfo;capex,L4_CACHE_PRESENT,PARTIAL_PROVISIONAL_DATA,provisional structured data only; missing values were not zero-filled,provisional_structured
DXG,False,False,False,False,True,0,revenue;gross_profit;net_income;total_assets;total_liabilities;equity;cfo;capex,L4_CACHE_PRESENT,PARTIAL_PROVISIONAL_DATA,provisional structured data only; missing values were not zero-filled,provisional_structured
DXL,False,False,False,False,False,0,revenue;gross_profit;net_income;total_assets;total_liabilities;equity;cfo;capex,L4_CACHE_PRESENT,INSUFFICIENT_DATA,provisional structured data only; missing values were not zero-filled,provisional_structured
DXP,False,False,False,False,True,0,revenue;gross_profit;net_income;total_assets;total_liabilities;equity;cfo;capex,L4_CACHE_PRESENT,PARTIAL_PROVISIONAL_DATA,provisional structured data only; missing values were not zero-filled,provisional_structured
DXS,False,False,False,False,True,0,revenue;gross_profit;net_income;total_assets;total_liabilities;equity;cfo;capex,L4_CACHE_PRESENT,PARTIAL_PROVISIONAL_DATA,provisional structured data only; missing values were not zero-filled,provisional_structured
DXV,False,False,False,False,True,0,revenue;gross_profit;net_income;total_assets;total_liabilities;equity;cfo;capex,L4_CACHE_PRESENT,PARTIAL_PROVISIONAL_DATA,provisional structured data only; missing values were not zero-filled,provisional_structured
DZM,False,False,False,False,False,0,revenue;gross_profit;net_income;total_assets;total_liabilities;equity;cfo;capex,L4_CACHE_PRESENT,INSUFFICIENT_DATA,provisional structured data only; missing values were not zero-filled,provisional_structured
E12,False,False,False,False,True,0,revenue;gross_profit;net_income;total_assets;total_liabilities;equity;cfo;capex,L4_CACHE_PRESENT,PARTIAL_PROVISIONAL_DATA,provisional structured data only; missing values were not zero-filled,provisional_structured
E29,False,False,False,False,False,0,revenue;gross_profit;net_income;total_assets;total_liabilities;equity;cfo;capex,L4_CACHE_PRESENT,INSUFFICIENT_DATA,provisional structured data only; missing values were not zero-filled,provisional_structured
EAD,False,False,False,False,True,0,revenue;gross_profit;net_income;total_assets;total_liabilities;equity;cfo;capex,L4_CACHE_PRESENT,PARTIAL_PROVISIONAL_DATA,provisional structured data only; missing values were not zero-filled,provisional_structured
EBS,False,False,False,False,True,0,revenue;gross_profit;net_income;total_assets;total_liabilities;equity;cfo;capex,L4_CACHE_PRESENT,PARTIAL_PROVISIONAL_DATA,provisional structured data only; missing values were not zero-filled,provisional_structured
ECI,False,False,False,False,False,0,revenue;gross_profit;net_income;total_assets;total_liabilities;equity;cfo;capex,L4_CACHE_PRESENT,INSUFFICIENT_DATA,provisional structured data only; missing values were not zero-filled,provisional_structured
ECO,False,False,False,False,False,0,revenue;gross_profit;net_income;total_assets;total_liabilities;equity;cfo;capex,L4_CACHE_PRESENT,INSUFFICIENT_DATA,provisional structured data only; missing values were not zero-filled,provisional_structured
EFI,False,False,False,False,True,0,revenue;gross_profit;net_income;total_assets;total_liabilities;equity;cfo;capex,L4_CACHE_PRESENT,PARTIAL_PROVISIONAL_DATA,provisional structured data only; missing values were not zero-filled,provisional_structured
EGL,False,False,False,False,False,0,revenue;gross_profit;net_income;total_assets;total_liabilities;equity;cfo;capex,L4_CACHE_PRESENT,INSUFFICIENT_DATA,provisional structured data only; missing values were not zero-filled,provisional_structured
EIB,False,False,False,False,True,0,revenue;gross_profit;net_income;total_assets;total_liabilities;equity;cfo;capex,L4_CACHE_PRESENT,PARTIAL_PROVISIONAL_DATA,provisional structured data only; missing values were not zero-filled,provisional_structured
EIC,False,False,False,False,True,0,revenue;gross_profit;net_income;total_assets;total_liabilities;equity;cfo;capex,L4_CACHE_PRESENT,PARTIAL_PROVISIONAL_DATA,provisional structured data only; missing values were not zero-filled,provisional_structured
EID,False,False,False,False,True,0,revenue;gross_profit;net_income;total_assets;total_liabilities;equity;cfo;capex,L4_CACHE_PRESENT,PARTIAL_PROVISIONAL_DATA,provisional structured data only; missing values were not zero-filled,provisional_structured
EIN,False,False,False,False,True,0,revenue;gross_profit;net_income;total_assets;total_liabilities;equity;cfo;capex,L4_CACHE_PRESENT,PARTIAL_PROVISIONAL_DATA,provisional structured data only; missing values were not zero-filled,provisional_structured
ELC,False,False,False,False,True,0,revenue;gross_profit;net_income;total_assets;total_liabilities;equity;cfo;capex,L4_CACHE_PRESENT,PARTIAL_PROVISIONAL_DATA,provisional structured data only; missing values were not zero-filled,provisional_structured
EMC,False,False,False,True,True,0,revenue;gross_profit;net_income;total_assets;total_liabilities;equity;cfo;capex,L4_CACHE_PRESENT,PARTIAL_PROVISIONAL_DATA,provisional structured data only; missing values were not zero-filled,provisional_structured
EME,False,False,False,False,False,0,revenue;gross_profit;net_income;total_assets;total_liabilities;equity;cfo;capex,L4_CACHE_PRESENT,INSUFFICIENT_DATA,provisional structured data only; missing values were not zero-filled,provisional_structured
EMG,False,False,False,False,False,0,revenue;gross_profit;net_income;total_assets;total_liabilities;equity;cfo;capex,L4_CACHE_PRESENT,INSUFFICIENT_DATA,provisional structured data only; missing values were not zero-filled,provisional_structured
EMS,False,False,False,False,True,0,revenue;gross_profit;net_income;total_assets;total_liabilities;equity;cfo;capex,L4_CACHE_PRESENT,PARTIAL_PROVISIONAL_DATA,provisional structured data only; missing values were not zero-filled,provisional_structured
EPC,False,False,False,False,True,0,revenue;gross_profit;net_income;total_assets;total_liabilities;equity;cfo;capex,L4_CACHE_PRESENT,PARTIAL_PROVISIONAL_DATA,provisional structured data only; missing values were not zero-filled,provisional_structured
EPH,False,False,False,False,True,0,revenue;gross_profit;net_income;total_assets;total_liabilities;equity;cfo;capex,L4_CACHE_PRESENT,PARTIAL_PROVISIONAL_DATA,provisional structured data only; missing values were not zero-filled,provisional_structured
EVE,False,False,False,False,True,0,revenue;gross_profit;net_income;total_assets;total_liabilities;equity;cfo;capex,L4_CACHE_PRESENT,PARTIAL_PROVISIONAL_DATA,provisional structured data only; missing values were not zero-filled,provisional_structured
EVF,False,False,False,False,True,0,revenue;gross_profit;net_income;total_assets;total_liabilities;equity;cfo;capex,L4_CACHE_PRESENT,PARTIAL_PROVISIONAL_DATA,provisional structured data only; missing values were not zero-filled,provisional_structured
EVG,False,False,False,False,True,0,revenue;gross_profit;net_income;total_assets;total_liabilities;equity;cfo;capex,L4_CACHE_PRESENT,PARTIAL_PROVISIONAL_DATA,provisional structured data only; missing values were not zero-filled,provisional_structured
EVS,False,False,False,False,True,0,revenue;gross_profit;net_income;total_assets;total_liabilities;equity;cfo;capex,L4_CACHE_PRESENT,PARTIAL_PROVISIONAL_DATA,provisional structured data only; missing values were not zero-filled,provisional_structured
F88,False,False,False,False,False,0,revenue;gross_profit;net_income;total_assets;total_liabilities;equity;cfo;capex,L4_CACHE_PRESENT,INSUFFICIENT_DATA,provisional structured data only; missing values were not zero-filled,provisional_structured
FBA,False,False,False,False,False,0,revenue;gross_profit;net_income;total_assets;total_liabilities;equity;cfo;capex,L4_CACHE_PRESENT,INSUFFICIENT_DATA,provisional structured data only; missing values were not zero-filled,provisional_structured
FBC,False,False,False,False,False,0,revenue;gross_profit;net_income;total_assets;total_liabilities;equity;cfo;capex,L4_CACHE_PRESENT,INSUFFICIENT_DATA,provisional structured data only; missing values were not zero-filled,provisional_structured
FCC,False,False,False,False,False,0,revenue;gross_profit;net_income;total_assets;total_liabilities;equity;cfo;capex,L4_CACHE_PRESENT,INSUFFICIENT_DATA,provisional structured data only; missing values were not zero-filled,provisional_structured
FCM,False,False,False,False,True,0,revenue;gross_profit;net_income;total_assets;total_liabilities;equity;cfo;capex,L4_CACHE_PRESENT,PARTIAL_PROVISIONAL_DATA,provisional structured data only; missing values were not zero-filled,provisional_structured
FCN,False,False,False,False,True,0,revenue;gross_profit;net_income;total_assets;total_liabilities;equity;cfo;capex,L4_CACHE_PRESENT,PARTIAL_PROVISIONAL_DATA,provisional structured data only; missing values were not zero-filled,provisional_structured
FCS,False,False,False,False,False,0,revenue;gross_profit;net_income;total_assets;total_liabilities;equity;cfo;capex,L4_CACHE_PRESENT,INSUFFICIENT_DATA,provisional structured data only; missing values were not zero-filled,provisional_structured
FDC,False,False,False,False,True,0,revenue;gross_profit;net_income;total_assets;total_liabilities;equity;cfo;capex,L4_CACHE_PRESENT,PARTIAL_PROVISIONAL_DATA,provisional structured data only; missing values were not zero-filled,provisional_structured
FDG,False,False,False,False,True,0,revenue;gross_profit;net_income;total_assets;total_liabilities;equity;cfo;capex,L4_CACHE_PRESENT,PARTIAL_PROVISIONAL_DATA,provisional structured data only; missing values were not zero-filled,provisional_structured
FGL,False,False,False,False,False,0,revenue;gross_profit;net_income;total_assets;total_liabilities;equity;cfo;capex,L4_CACHE_PRESENT,INSUFFICIENT_DATA,provisional structured data only; missing values were not zero-filled,provisional_structured
FHN,False,False,False,False,False,0,revenue;gross_profit;net_income;total_assets;total_liabilities;equity;cfo;capex,L4_CACHE_PRESENT,INSUFFICIENT_DATA,provisional structured data only; missing values were not zero-filled,provisional_structured
FHS,False,False,False,False,True,0,revenue;gross_profit;net_income;total_assets;total_liabilities;equity;cfo;capex,L4_CACHE_PRESENT,PARTIAL_PROVISIONAL_DATA,provisional structured data only; missing values were not zero-filled,provisional_structured
FIC,False,False,False,False,True,0,revenue;gross_profit;net_income;total_assets;total_liabilities;equity;cfo;capex,L4_CACHE_PRESENT,PARTIAL_PROVISIONAL_DATA,provisional structured data only; missing values were not zero-filled,provisional_structured
FID,False,False,False,False,True,0,revenue;gross_profit;net_income;total_assets;total_liabilities;equity;cfo;capex,L4_CACHE_PRESENT,PARTIAL_PROVISIONAL_DATA,provisional structured data only; missing values were not zero-filled,provisional_structured
FIR,False,False,False,False,True,0,revenue;gross_profit;net_income;total_assets;total_liabilities;equity;cfo;capex,L4_CACHE_PRESENT,PARTIAL_PROVISIONAL_DATA,provisional structured data only; missing values were not zero-filled,provisional_structured
FIT,False,False,False,True,True,0,revenue;gross_profit;net_income;total_assets;total_liabilities;equity;cfo;capex,L4_CACHE_PRESENT,PARTIAL_PROVISIONAL_DATA,provisional structured data only; missing values were not zero-filled,provisional_structured
FLC,False,False,False,False,False,0,revenue;gross_profit;net_income;total_assets;total_liabilities;equity;cfo;capex,L4_CACHE_PRESENT,INSUFFICIENT_DATA,provisional structured data only; missing values were not zero-filled,provisional_structured
FMC,False,False,False,False,True,0,revenue;gross_profit;net_income;total_assets;total_liabilities;equity;cfo;capex,L4_CACHE_PRESENT,PARTIAL_PROVISIONAL_DATA,provisional structured data only; missing values were not zero-filled,provisional_structured
FOC,False,False,False,False,True,0,revenue;gross_profit;net_income;total_assets;total_liabilities;equity;cfo;capex,L4_CACHE_PRESENT,PARTIAL_PROVISIONAL_DATA,provisional structured data only; missing values were not zero-filled,provisional_structured
FOX,False,False,False,False,True,0,revenue;gross_profit;net_income;total_assets;total_liabilities;equity;cfo;capex,L4_CACHE_PRESENT,PARTIAL_PROVISIONAL_DATA,provisional structured data only; missing values were not zero-filled,provisional_structured
FPT,False,False,False,False,True,0,revenue;gross_profit;net_income;total_assets;total_liabilities;equity;cfo;capex,L4_CACHE_PRESENT,PARTIAL_PROVISIONAL_DATA,provisional structured data only; missing values were not zero-filled,provisional_structured
FRC,False,False,False,False,True,0,revenue;gross_profit;net_income;total_assets;total_liabilities;equity;cfo;capex,L4_CACHE_PRESENT,PARTIAL_PROVISIONAL_DATA,provisional structured data only; missing values were not zero-filled,provisional_structured
FRM,False,False,False,False,True,0,revenue;gross_profit;net_income;total_assets;total_liabilities;equity;cfo;capex,L4_CACHE_PRESENT,PARTIAL_PROVISIONAL_DATA,provisional structured data only; missing values were not zero-filled,provisional_structured
FRT,False,False,False,False,True,0,revenue;gross_profit;net_income;total_assets;total_liabilities;equity;cfo;capex,L4_CACHE_PRESENT,PARTIAL_PROVISIONAL_DATA,provisional structured data only; missing values were not zero-filled,provisional_structured
FSO,False,False,False,False,True,0,revenue;gross_profit;net_income;total_assets;total_liabilities;equity;cfo;capex,L4_CACHE_PRESENT,PARTIAL_PROVISIONAL_DATA,provisional structured data only; missing values were not zero-filled,provisional_structured
FT1,False,False,False,False,True,0,revenue;gross_profit;net_income;total_assets;total_liabilities;equity;cfo;capex,L4_CACHE_PRESENT,PARTIAL_PROVISIONAL_DATA,provisional structured data only; missing values were not zero-filled,provisional_structured
FTI,False,False,False,False,False,0,revenue;gross_profit;net_income;total_assets;total_liabilities;equity;cfo;capex,L4_CACHE_PRESENT,INSUFFICIENT_DATA,provisional structured data only; missing values were not zero-filled,provisional_structured
FTM,False,False,False,False,True,0,revenue;gross_profit;net_income;total_assets;total_liabilities;equity;cfo;capex,L4_CACHE_PRESENT,PARTIAL_PROVISIONAL_DATA,provisional structured data only; missing values were not zero-filled,provisional_structured
FTS,False,False,False,False,True,0,revenue;gross_profit;net_income;total_assets;total_liabilities;equity;cfo;capex,L4_CACHE_PRESENT,PARTIAL_PROVISIONAL_DATA,provisional structured data only; missing values were not zero-filled,provisional_structured
G20,False,False,False,False,True,0,revenue;gross_profit;net_income;total_assets;total_liabilities;equity;cfo;capex,L4_CACHE_PRESENT,PARTIAL_PROVISIONAL_DATA,provisional structured data only; missing values were not zero-filled,provisional_structured
G36,False,False,False,False,True,0,revenue;gross_profit;net_income;total_assets;total_liabilities;equity;cfo;capex,L4_CACHE_PRESENT,PARTIAL_PROVISIONAL_DATA,provisional structured data only; missing values were not zero-filled,provisional_structured
GAB,False,False,False,False,False,0,revenue;gross_profit;net_income;total_assets;total_liabilities;equity;cfo;capex,L4_CACHE_PRESENT,INSUFFICIENT_DATA,provisional structured data only; missing values were not zero-filled,provisional_structured
GAS,False,False,False,False,True,0,revenue;gross_profit;net_income;total_assets;total_liabilities;equity;cfo;capex,L4_CACHE_PRESENT,PARTIAL_PROVISIONAL_DATA,provisional structured data only; missing values were not zero-filled,provisional_structured
GCB,False,False,False,False,True,0,revenue;gross_profit;net_income;total_assets;total_liabilities;equity;cfo;capex,L4_CACHE_PRESENT,PARTIAL_PROVISIONAL_DATA,provisional structured data only; missing values were not zero-filled,provisional_structured
GCF,False,False,False,False,True,0,revenue;gross_profit;net_income;total_assets;total_liabilities;equity;cfo;capex,L4_CACHE_PRESENT,PARTIAL_PROVISIONAL_DATA,provisional structured data only; missing values were not zero-filled,provisional_structured
GDA,False,False,False,False,True,0,revenue;gross_profit;net_income;total_assets;total_liabilities;equity;cfo;capex,L4_CACHE_PRESENT,PARTIAL_PROVISIONAL_DATA,provisional structured data only; missing values were not zero-filled,provisional_structured
GDH,False,False,False,False,False,0,revenue;gross_profit;net_income;total_assets;total_liabilities;equity;cfo;capex,L4_CACHE_PRESENT,INSUFFICIENT_DATA,provisional structured data only; missing values were not zero-filled,provisional_structured
GDT,False,False,False,False,True,0,revenue;gross_profit;net_income;total_assets;total_liabilities;equity;cfo;capex,L4_CACHE_PRESENT,PARTIAL_PROVISIONAL_DATA,provisional structured data only; missing values were not zero-filled,provisional_structured
GDW,False,False,False,False,False,0,revenue;gross_profit;net_income;total_assets;total_liabilities;equity;cfo;capex,L4_CACHE_PRESENT,INSUFFICIENT_DATA,provisional structured data only; missing values were not zero-filled,provisional_structured
GE2,False,False,False,False,True,0,revenue;gross_profit;net_income;total_assets;total_liabilities;equity;cfo;capex,L4_CACHE_PRESENT,PARTIAL_PROVISIONAL_DATA,provisional structured data only; missing values were not zero-filled,provisional_structured
GEE,False,False,False,False,True,0,revenue;gross_profit;net_income;total_assets;total_liabilities;equity;cfo;capex,L4_CACHE_PRESENT,PARTIAL_PROVISIONAL_DATA,provisional structured data only; missing values were not zero-filled,provisional_structured
GEG,False,False,False,False,True,0,revenue;gross_profit;net_income;total_assets;total_liabilities;equity;cfo;capex,L4_CACHE_PRESENT,PARTIAL_PROVISIONAL_DATA,provisional structured data only; missing values were not zero-filled,provisional_structured
GEL,False,False,False,False,False,0,revenue;gross_profit;net_income;total_assets;total_liabilities;equity;cfo;capex,L4_CACHE_PRESENT,INSUFFICIENT_DATA,provisional structured data only; missing values were not zero-filled,provisional_structured
GER,False,False,False,False,False,0,revenue;gross_profit;net_income;total_assets;total_liabilities;equity;cfo;capex,L4_CACHE_PRESENT,INSUFFICIENT_DATA,provisional structured data only; missing values were not zero-filled,provisional_structured
GEX,False,False,False,False,True,0,revenue;gross_profit;net_income;total_assets;total_liabilities;equity;cfo;capex,L4_CACHE_PRESENT,PARTIAL_PROVISIONAL_DATA,provisional structured data only; missing values were not zero-filled,provisional_structured
GGG,False,False,False,False,True,0,revenue;gross_profit;net_income;total_assets;total_liabilities;equity;cfo;capex,L4_CACHE_PRESENT,PARTIAL_PROVISIONAL_DATA,provisional structured data only; missing values were not zero-filled,provisional_structured
GH3,False,False,False,False,False,0,revenue;gross_profit;net_income;total_assets;total_liabilities;equity;cfo;capex,L4_CACHE_PRESENT,INSUFFICIENT_DATA,provisional structured data only; missing values were not zero-filled,provisional_structured
GHC,False,False,False,False,True,0,revenue;gross_profit;net_income;total_assets;total_liabilities;equity;cfo;capex,L4_CACHE_PRESENT,PARTIAL_PROVISIONAL_DATA,provisional structured data only; missing values were not zero-filled,provisional_structured
GIC,False,False,False,False,True,0,revenue;gross_profit;net_income;total_assets;total_liabilities;equity;cfo;capex,L4_CACHE_PRESENT,PARTIAL_PROVISIONAL_DATA,provisional structured data only; missing values were not zero-filled,provisional_structured
GIL,False,False,False,True,True,0,revenue;gross_profit;net_income;total_assets;total_liabilities;equity;cfo;capex,L4_CACHE_PRESENT,PARTIAL_PROVISIONAL_DATA,provisional structured data only; missing values were not zero-filled,provisional_structured
GKM,False,False,False,False,True,0,revenue;gross_profit;net_income;total_assets;total_liabilities;equity;cfo;capex,L4_CACHE_PRESENT,PARTIAL_PROVISIONAL_DATA,provisional structured data only; missing values were not zero-filled,provisional_structured
GLC,False,False,False,False,False,0,revenue;gross_profit;net_income;total_assets;total_liabilities;equity;cfo;capex,L4_CACHE_PRESENT,INSUFFICIENT_DATA,provisional structured data only; missing values were not zero-filled,provisional_structured
GLT,False,False,False,False,True,0,revenue;gross_profit;net_income;total_assets;total_liabilities;equity;cfo;capex,L4_CACHE_PRESENT,PARTIAL_PROVISIONAL_DATA,provisional structured data only; missing values were not zero-filled,provisional_structured
GLW,False,False,False,False,False,0,revenue;gross_profit;net_income;total_assets;total_liabilities;equity;cfo;capex,L4_CACHE_PRESENT,INSUFFICIENT_DATA,provisional structured data only; missing values were not zero-filled,provisional_structured
GMA,False,False,False,False,False,0,revenue;gross_profit;net_income;total_assets;total_liabilities;equity;cfo;capex,L4_CACHE_PRESENT,INSUFFICIENT_DATA,provisional structured data only; missing values were not zero-filled,provisional_structured
GMC,False,False,False,False,True,0,revenue;gross_profit;net_income;total_assets;total_liabilities;equity;cfo;capex,L4_CACHE_PRESENT,PARTIAL_PROVISIONAL_DATA,provisional structured data only; missing values were not zero-filled,provisional_structured
GMD,False,False,False,False,True,0,revenue;gross_profit;net_income;total_assets;total_liabilities;equity;cfo;capex,L4_CACHE_PRESENT,PARTIAL_PROVISIONAL_DATA,provisional structured data only; missing values were not zero-filled,provisional_structured
GMH,False,False,False,False,True,0,revenue;gross_profit;net_income;total_assets;total_liabilities;equity;cfo;capex,L4_CACHE_PRESENT,PARTIAL_PROVISIONAL_DATA,provisional structured data only; missing values were not zero-filled,provisional_structured
GMX,False,False,False,False,True,0,revenue;gross_profit;net_income;total_assets;total_liabilities;equity;cfo;capex,L4_CACHE_PRESENT,PARTIAL_PROVISIONAL_DATA,provisional structured data only; missing values were not zero-filled,provisional_structured
GND,False,False,False,False,True,0,revenue;gross_profit;net_income;total_assets;total_liabilities;equity;cfo;capex,L4_CACHE_PRESENT,PARTIAL_PROVISIONAL_DATA,provisional structured data only; missing values were not zero-filled,provisional_structured
GPC,False,False,False,False,True,0,revenue;gross_profit;net_income;total_assets;total_liabilities;equity;cfo;capex,L4_CACHE_PRESENT,PARTIAL_PROVISIONAL_DATA,provisional structured data only; missing values were not zero-filled,provisional_structured
GQN,False,False,False,False,False,0,revenue;gross_profit;net_income;total_assets;total_liabilities;equity;cfo;capex,L4_CACHE_PRESENT,INSUFFICIENT_DATA,provisional structured data only; missing values were not zero-filled,provisional_structured
GSM,False,False,False,False,True,0,revenue;gross_profit;net_income;total_assets;total_liabilities;equity;cfo;capex,L4_CACHE_PRESENT,PARTIAL_PROVISIONAL_DATA,provisional structured data only; missing values were not zero-filled,provisional_structured
GSP,False,False,False,False,True,0,revenue;gross_profit;net_income;total_assets;total_liabilities;equity;cfo;capex,L4_CACHE_PRESENT,PARTIAL_PROVISIONAL_DATA,provisional structured data only; missing values were not zero-filled,provisional_structured
GTA,False,False,False,False,True,0,revenue;gross_profit;net_income;total_assets;total_liabilities;equity;cfo;capex,L4_CACHE_PRESENT,PARTIAL_PROVISIONAL_DATA,provisional structured data only; missing values were not zero-filled,provisional_structured
GTD,False,False,False,False,False,0,revenue;gross_profit;net_income;total_assets;total_liabilities;equity;cfo;capex,L4_CACHE_PRESENT,INSUFFICIENT_DATA,provisional structured data only; missing values were not zero-filled,provisional_structured
GTH,False,False,False,False,True,0,revenue;gross_profit;net_income;total_assets;total_liabilities;equity;cfo;capex,L4_CACHE_PRESENT,PARTIAL_PROVISIONAL_DATA,provisional structured data only; missing values were not zero-filled,provisional_structured
GTK,False,False,False,False,False,0,revenue;gross_profit;net_income;total_assets;total_liabilities;equity;cfo;capex,L4_CACHE_PRESENT,INSUFFICIENT_DATA,provisional structured data only; missing values were not zero-filled,provisional_structured
GTS,False,False,False,False,True,0,revenue;gross_profit;net_income;total_assets;total_liabilities;equity;cfo;capex,L4_CACHE_PRESENT,PARTIAL_PROVISIONAL_DATA,provisional structured data only; missing values were not zero-filled,provisional_structured
GTT,False,False,False,False,False,0,revenue;gross_profit;net_income;total_assets;total_liabilities;equity;cfo;capex,L4_CACHE_PRESENT,INSUFFICIENT_DATA,provisional structured data only; missing values were not zero-filled,provisional_structured
GVR,False,False,False,False,True,0,revenue;gross_profit;net_income;total_assets;total_liabilities;equity;cfo;capex,L4_CACHE_PRESENT,PARTIAL_PROVISIONAL_DATA,provisional structured data only; missing values were not zero-filled,provisional_structured
GVT,False,False,False,False,True,0,revenue;gross_profit;net_income;total_assets;total_liabilities;equity;cfo;capex,L4_CACHE_PRESENT,PARTIAL_PROVISIONAL_DATA,provisional structured data only; missing values were not zero-filled,provisional_structured
H11,False,False,False,False,True,0,revenue;gross_profit;net_income;total_assets;total_liabilities;equity;cfo;capex,L4_CACHE_PRESENT,PARTIAL_PROVISIONAL_DATA,provisional structured data only; missing values were not zero-filled,provisional_structured
HAB,False,False,False,False,False,0,revenue;gross_profit;net_income;total_assets;total_liabilities;equity;cfo;capex,L4_CACHE_PRESENT,INSUFFICIENT_DATA,provisional structured data only; missing values were not zero-filled,provisional_structured
HAC,False,False,False,False,True,0,revenue;gross_profit;net_income;total_assets;total_liabilities;equity;cfo;capex,L4_CACHE_PRESENT,PARTIAL_PROVISIONAL_DATA,provisional structured data only; missing values were not zero-filled,provisional_structured
HAD,False,False,False,False,True,0,revenue;gross_profit;net_income;total_assets;total_liabilities;equity;cfo;capex,L4_CACHE_PRESENT,PARTIAL_PROVISIONAL_DATA,provisional structured data only; missing values were not zero-filled,provisional_structured
HAF,False,False,False,False,True,0,revenue;gross_profit;net_income;total_assets;total_liabilities;equity;cfo;capex,L4_CACHE_PRESENT,PARTIAL_PROVISIONAL_DATA,provisional structured data only; missing values were not zero-filled,provisional_structured
HAG,False,False,False,False,True,0,revenue;gross_profit;net_income;total_assets;total_liabilities;equity;cfo;capex,L4_CACHE_PRESENT,PARTIAL_PROVISIONAL_DATA,provisional structured data only; missing values were not zero-filled,provisional_structured
HAH,False,False,False,False,True,0,revenue;gross_profit;net_income;total_assets;total_liabilities;equity;cfo;capex,L4_CACHE_PRESENT,PARTIAL_PROVISIONAL_DATA,provisional structured data only; missing values were not zero-filled,provisional_structured
HAI,False,False,False,False,False,0,revenue;gross_profit;net_income;total_assets;total_liabilities;equity;cfo;capex,L4_CACHE_PRESENT,INSUFFICIENT_DATA,provisional structured data only; missing values were not zero-filled,provisional_structured
HAM,False,False,False,False,True,0,revenue;gross_profit;net_income;total_assets;total_liabilities;equity;cfo;capex,L4_CACHE_PRESENT,PARTIAL_PROVISIONAL_DATA,provisional structured data only; missing values were not zero-filled,provisional_structured
HAN,False,False,False,False,True,0,revenue;gross_profit;net_income;total_assets;total_liabilities;equity;cfo;capex,L4_CACHE_PRESENT,PARTIAL_PROVISIONAL_DATA,provisional structured data only; missing values were not zero-filled,provisional_structured
HAP,False,False,False,False,True,0,revenue;gross_profit;net_income;total_assets;total_liabilities;equity;cfo;capex,L4_CACHE_PRESENT,PARTIAL_PROVISIONAL_DATA,provisional structured data only; missing values were not zero-filled,provisional_structured
HAR,False,False,False,False,True,0,revenue;gross_profit;net_income;total_assets;total_liabilities;equity;cfo;capex,L4_CACHE_PRESENT,PARTIAL_PROVISIONAL_DATA,provisional structured data only; missing values were not zero-filled,provisional_structured
HAS,False,False,False,False,True,0,revenue;gross_profit;net_income;total_assets;total_liabilities;equity;cfo;capex,L4_CACHE_PRESENT,PARTIAL_PROVISIONAL_DATA,provisional structured data only; missing values were not zero-filled,provisional_structured
HAT,False,False,False,False,True,0,revenue;gross_profit;net_income;total_assets;total_liabilities;equity;cfo;capex,L4_CACHE_PRESENT,PARTIAL_PROVISIONAL_DATA,provisional structured data only; missing values were not zero-filled,provisional_structured
HAV,False,False,False,False,True,0,revenue;gross_profit;net_income;total_assets;total_liabilities;equity;cfo;capex,L4_CACHE_PRESENT,PARTIAL_PROVISIONAL_DATA,provisional structured data only; missing values were not zero-filled,provisional_structured
HAW,False,False,False,False,False,0,revenue;gross_profit;net_income;total_assets;total_liabilities;equity;cfo;capex,L4_CACHE_PRESENT,INSUFFICIENT_DATA,provisional structured data only; missing values were not zero-filled,provisional_structured
HAX,False,False,False,True,True,0,revenue;gross_profit;net_income;total_assets;total_liabilities;equity;cfo;capex,L4_CACHE_PRESENT,PARTIAL_PROVISIONAL_DATA,provisional structured data only; missing values were not zero-filled,provisional_structured
HBC,False,False,False,False,True,0,revenue;gross_profit;net_income;total_assets;total_liabilities;equity;cfo;capex,L4_CACHE_PRESENT,PARTIAL_PROVISIONAL_DATA,provisional structured data only; missing values were not zero-filled,provisional_structured
HBD,False,False,False,False,False,0,revenue;gross_profit;net_income;total_assets;total_liabilities;equity;cfo;capex,L4_CACHE_PRESENT,INSUFFICIENT_DATA,provisional structured data only; missing values were not zero-filled,provisional_structured
HBH,False,False,False,False,True,0,revenue;gross_profit;net_income;total_assets;total_liabilities;equity;cfo;capex,L4_CACHE_PRESENT,PARTIAL_PROVISIONAL_DATA,provisional structured data only; missing values were not zero-filled,provisional_structured
HBS,False,False,False,False,True,0,revenue;gross_profit;net_income;total_assets;total_liabilities;equity;cfo;capex,L4_CACHE_PRESENT,PARTIAL_PROVISIONAL_DATA,provisional structured data only; missing values were not zero-filled,provisional_structured
HC1,False,False,False,False,True,0,revenue;gross_profit;net_income;total_assets;total_liabilities;equity;cfo;capex,L4_CACHE_PRESENT,PARTIAL_PROVISIONAL_DATA,provisional structured data only; missing values were not zero-filled,provisional_structured
HC3,False,False,False,False,True,0,revenue;gross_profit;net_income;total_assets;total_liabilities;equity;cfo;capex,L4_CACHE_PRESENT,PARTIAL_PROVISIONAL_DATA,provisional structured data only; missing values were not zero-filled,provisional_structured
HCB,False,False,False,False,True,0,revenue;gross_profit;net_income;total_assets;total_liabilities;equity;cfo;capex,L4_CACHE_PRESENT,PARTIAL_PROVISIONAL_DATA,provisional structured data only; missing values were not zero-filled,provisional_structured
HCC,False,False,False,False,True,0,revenue;gross_profit;net_income;total_assets;total_liabilities;equity;cfo;capex,L4_CACHE_PRESENT,PARTIAL_PROVISIONAL_DATA,provisional structured data only; missing values were not zero-filled,provisional_structured
HCD,False,False,False,False,True,0,revenue;gross_profit;net_income;total_assets;total_liabilities;equity;cfo;capex,L4_CACHE_PRESENT,PARTIAL_PROVISIONAL_DATA,provisional structured data only; missing values were not zero-filled,provisional_structured
HCI,False,False,False,False,False,0,revenue;gross_profit;net_income;total_assets;total_liabilities;equity;cfo;capex,L4_CACHE_PRESENT,INSUFFICIENT_DATA,provisional structured data only; missing values were not zero-filled,provisional_structured
HCM,False,False,False,True,True,0,revenue;gross_profit;net_income;total_assets;total_liabilities;equity;cfo;capex,L4_CACHE_PRESENT,PARTIAL_PROVISIONAL_DATA,provisional structured data only; missing values were not zero-filled,provisional_structured
HCT,False,False,False,False,False,0,revenue;gross_profit;net_income;total_assets;total_liabilities;equity;cfo;capex,L4_CACHE_PRESENT,INSUFFICIENT_DATA,provisional structured data only; missing values were not zero-filled,provisional_structured
HD2,False,False,False,False,True,0,revenue;gross_profit;net_income;total_assets;total_liabilities;equity;cfo;capex,L4_CACHE_PRESENT,PARTIAL_PROVISIONAL_DATA,provisional structured data only; missing values were not zero-filled,provisional_structured
HD6,False,False,False,False,True,0,revenue;gross_profit;net_income;total_assets;total_liabilities;equity;cfo;capex,L4_CACHE_PRESENT,PARTIAL_PROVISIONAL_DATA,provisional structured data only; missing values were not zero-filled,provisional_structured
HD8,False,False,False,False,True,0,revenue;gross_profit;net_income;total_assets;total_liabilities;equity;cfo;capex,L4_CACHE_PRESENT,PARTIAL_PROVISIONAL_DATA,provisional structured data only; missing values were not zero-filled,provisional_structured
HDA,False,False,False,False,True,0,revenue;gross_profit;net_income;total_assets;total_liabilities;equity;cfo;capex,L4_CACHE_PRESENT,PARTIAL_PROVISIONAL_DATA,provisional structured data only; missing values were not zero-filled,provisional_structured
HDB,False,False,False,False,True,0,revenue;gross_profit;net_income;total_assets;total_liabilities;equity;cfo;capex,L4_CACHE_PRESENT,PARTIAL_PROVISIONAL_DATA,provisional structured data only; missing values were not zero-filled,provisional_structured
HDC,False,False,False,False,True,0,revenue;gross_profit;net_income;total_assets;total_liabilities;equity;cfo;capex,L4_CACHE_PRESENT,PARTIAL_PROVISIONAL_DATA,provisional structured data only; missing values were not zero-filled,provisional_structured
HDG,False,False,False,False,True,0,revenue;gross_profit;net_income;total_assets;total_liabilities;equity;cfo;capex,L4_CACHE_PRESENT,PARTIAL_PROVISIONAL_DATA,provisional structured data only; missing values were not zero-filled,provisional_structured
HDM,False,False,False,False,True,0,revenue;gross_profit;net_income;total_assets;total_liabilities;equity;cfo;capex,L4_CACHE_PRESENT,PARTIAL_PROVISIONAL_DATA,provisional structured data only; missing values were not zero-filled,provisional_structured
HDO,False,False,False,False,False,0,revenue;gross_profit;net_income;total_assets;total_liabilities;equity;cfo;capex,L4_CACHE_PRESENT,INSUFFICIENT_DATA,provisional structured data only; missing values were not zero-filled,provisional_structured
HDP,False,False,False,False,True,0,revenue;gross_profit;net_income;total_assets;total_liabilities;equity;cfo;capex,L4_CACHE_PRESENT,PARTIAL_PROVISIONAL_DATA,provisional structured data only; missing values were not zero-filled,provisional_structured
HDS,False,False,False,False,False,0,revenue;gross_profit;net_income;total_assets;total_liabilities;equity;cfo;capex,L4_CACHE_PRESENT,INSUFFICIENT_DATA,provisional structured data only; missing values were not zero-filled,provisional_structured
HDW,False,False,False,False,True,0,revenue;gross_profit;net_income;total_assets;total_liabilities;equity;cfo;capex,L4_CACHE_PRESENT,PARTIAL_PROVISIONAL_DATA,provisional structured data only; missing values were not zero-filled,provisional_structured
HEC,False,False,False,False,True,0,revenue;gross_profit;net_income;total_assets;total_liabilities;equity;cfo;capex,L4_CACHE_PRESENT,PARTIAL_PROVISIONAL_DATA,provisional structured data only; missing values were not zero-filled,provisional_structured
HEJ,False,False,False,False,True,0,revenue;gross_profit;net_income;total_assets;total_liabilities;equity;cfo;capex,L4_CACHE_PRESENT,PARTIAL_PROVISIONAL_DATA,provisional structured data only; missing values were not zero-filled,provisional_structured
HEM,False,False,False,False,True,0,revenue;gross_profit;net_income;total_assets;total_liabilities;equity;cfo;capex,L4_CACHE_PRESENT,PARTIAL_PROVISIONAL_DATA,provisional structured data only; missing values were not zero-filled,provisional_structured
HEP,False,False,False,False,True,0,revenue;gross_profit;net_income;total_assets;total_liabilities;equity;cfo;capex,L4_CACHE_PRESENT,PARTIAL_PROVISIONAL_DATA,provisional structured data only; missing values were not zero-filled,provisional_structured
HES,False,False,False,False,False,0,revenue;gross_profit;net_income;total_assets;total_liabilities;equity;cfo;capex,L4_CACHE_PRESENT,INSUFFICIENT_DATA,provisional structured data only; missing values were not zero-filled,provisional_structured
HEV,False,False,False,False,True,0,revenue;gross_profit;net_income;total_assets;total_liabilities;equity;cfo;capex,L4_CACHE_PRESENT,PARTIAL_PROVISIONAL_DATA,provisional structured data only; missing values were not zero-filled,provisional_structured
HFB,False,False,False,False,True,0,revenue;gross_profit;net_income;total_assets;total_liabilities;equity;cfo;capex,L4_CACHE_PRESENT,PARTIAL_PROVISIONAL_DATA,provisional structured data only; missing values were not zero-filled,provisional_structured
HFC,False,False,False,False,False,0,revenue;gross_profit;net_income;total_assets;total_liabilities;equity;cfo;capex,L4_CACHE_PRESENT,INSUFFICIENT_DATA,provisional structured data only; missing values were not zero-filled,provisional_structured
HFX,False,False,False,False,False,0,revenue;gross_profit;net_income;total_assets;total_liabilities;equity;cfo;capex,L4_CACHE_PRESENT,INSUFFICIENT_DATA,provisional structured data only; missing values were not zero-filled,provisional_structured
HGA,False,False,False,False,False,0,revenue;gross_profit;net_income;total_assets;total_liabilities;equity;cfo;capex,L4_CACHE_PRESENT,INSUFFICIENT_DATA,provisional structured data only; missing values were not zero-filled,provisional_structured
HGC,False,False,False,False,False,0,revenue;gross_profit;net_income;total_assets;total_liabilities;equity;cfo;capex,L4_CACHE_PRESENT,INSUFFICIENT_DATA,provisional structured data only; missing values were not zero-filled,provisional_structured
HGM,False,False,False,False,True,0,revenue;gross_profit;net_income;total_assets;total_liabilities;equity;cfo;capex,L4_CACHE_PRESENT,PARTIAL_PROVISIONAL_DATA,provisional structured data only; missing values were not zero-filled,provisional_structured
HGR,False,False,False,False,False,0,revenue;gross_profit;net_income;total_assets;total_liabilities;equity;cfo;capex,L4_CACHE_PRESENT,INSUFFICIENT_DATA,provisional structured data only; missing values were not zero-filled,provisional_structured
HGT,False,False,False,False,False,0,revenue;gross_profit;net_income;total_assets;total_liabilities;equity;cfo;capex,L4_CACHE_PRESENT,INSUFFICIENT_DATA,provisional structured data only; missing values were not zero-filled,provisional_structured
HGW,False,False,False,False,True,0,revenue;gross_profit;net_income;total_assets;total_liabilities;equity;cfo;capex,L4_CACHE_PRESENT,PARTIAL_PROVISIONAL_DATA,provisional structured data only; missing values were not zero-filled,provisional_structured
HHB,False,False,False,False,False,0,revenue;gross_profit;net_income;total_assets;total_liabilities;equity;cfo;capex,L4_CACHE_PRESENT,INSUFFICIENT_DATA,provisional structured data only; missing values were not zero-filled,provisional_structured
HHC,False,False,False,False,True,0,revenue;gross_profit;net_income;total_assets;total_liabilities;equity;cfo;capex,L4_CACHE_PRESENT,PARTIAL_PROVISIONAL_DATA,provisional structured data only; missing values were not zero-filled,provisional_structured
HHG,False,False,False,False,True,0,revenue;gross_profit;net_income;total_assets;total_liabilities;equity;cfo;capex,L4_CACHE_PRESENT,PARTIAL_PROVISIONAL_DATA,provisional structured data only; missing values were not zero-filled,provisional_structured
HHN,False,False,False,False,False,0,revenue;gross_profit;net_income;total_assets;total_liabilities;equity;cfo;capex,L4_CACHE_PRESENT,INSUFFICIENT_DATA,provisional structured data only; missing values were not zero-filled,provisional_structured
HHP,False,False,False,False,True,0,revenue;gross_profit;net_income;total_assets;total_liabilities;equity;cfo;capex,L4_CACHE_PRESENT,PARTIAL_PROVISIONAL_DATA,provisional structured data only; missing values were not zero-filled,provisional_structured
HHR,False,False,False,False,False,0,revenue;gross_profit;net_income;total_assets;total_liabilities;equity;cfo;capex,L4_CACHE_PRESENT,INSUFFICIENT_DATA,provisional structured data only; missing values were not zero-filled,provisional_structured
HHS,False,False,False,False,True,0,revenue;gross_profit;net_income;total_assets;total_liabilities;equity;cfo;capex,L4_CACHE_PRESENT,PARTIAL_PROVISIONAL_DATA,provisional structured data only; missing values were not zero-filled,provisional_structured
HHV,False,False,False,False,True,0,revenue;gross_profit;net_income;total_assets;total_liabilities;equity;cfo;capex,L4_CACHE_PRESENT,PARTIAL_PROVISIONAL_DATA,provisional structured data only; missing values were not zero-filled,provisional_structured
HID,False,False,False,False,True,0,revenue;gross_profit;net_income;total_assets;total_liabilities;equity;cfo;capex,L4_CACHE_PRESENT,PARTIAL_PROVISIONAL_DATA,provisional structured data only; missing values were not zero-filled,provisional_structured
HIG,False,False,False,False,True,0,revenue;gross_profit;net_income;total_assets;total_liabilities;equity;cfo;capex,L4_CACHE_PRESENT,PARTIAL_PROVISIONAL_DATA,provisional structured data only; missing values were not zero-filled,provisional_structured
HII,False,False,False,False,True,0,revenue;gross_profit;net_income;total_assets;total_liabilities;equity;cfo;capex,L4_CACHE_PRESENT,PARTIAL_PROVISIONAL_DATA,provisional structured data only; missing values were not zero-filled,provisional_structured
HIO,False,False,False,False,False,0,revenue;gross_profit;net_income;total_assets;total_liabilities;equity;cfo;capex,L4_CACHE_PRESENT,INSUFFICIENT_DATA,provisional structured data only; missing values were not zero-filled,provisional_structured
HJC,False,False,False,False,False,0,revenue;gross_profit;net_income;total_assets;total_liabilities;equity;cfo;capex,L4_CACHE_PRESENT,INSUFFICIENT_DATA,provisional structured data only; missing values were not zero-filled,provisional_structured
HJS,False,False,False,False,True,0,revenue;gross_profit;net_income;total_assets;total_liabilities;equity;cfo;capex,L4_CACHE_PRESENT,PARTIAL_PROVISIONAL_DATA,provisional structured data only; missing values were not zero-filled,provisional_structured
HKB,False,False,False,False,True,0,revenue;gross_profit;net_income;total_assets;total_liabilities;equity;cfo;capex,L4_CACHE_PRESENT,PARTIAL_PROVISIONAL_DATA,provisional structured data only; missing values were not zero-filled,provisional_structured
HKP,False,False,False,False,False,0,revenue;gross_profit;net_income;total_assets;total_liabilities;equity;cfo;capex,L4_CACHE_PRESENT,INSUFFICIENT_DATA,provisional structured data only; missing values were not zero-filled,provisional_structured
HKT,False,False,False,True,True,0,revenue;gross_profit;net_income;total_assets;total_liabilities;equity;cfo;capex,L4_CACHE_PRESENT,PARTIAL_PROVISIONAL_DATA,provisional structured data only; missing values were not zero-filled,provisional_structured
HLA,False,False,False,False,False,0,revenue;gross_profit;net_income;total_assets;total_liabilities;equity;cfo;capex,L4_CACHE_PRESENT,INSUFFICIENT_DATA,provisional structured data only; missing values were not zero-filled,provisional_structured
HLB,False,False,False,False,True,0,revenue;gross_profit;net_income;total_assets;total_liabilities;equity;cfo;capex,L4_CACHE_PRESENT,PARTIAL_PROVISIONAL_DATA,provisional structured data only; missing values were not zero-filled,provisional_structured
HLC,False,False,False,False,True,0,revenue;gross_profit;net_income;total_assets;total_liabilities;equity;cfo;capex,L4_CACHE_PRESENT,PARTIAL_PROVISIONAL_DATA,provisional structured data only; missing values were not zero-filled,provisional_structured
HLD,False,False,False,False,True,0,revenue;gross_profit;net_income;total_assets;total_liabilities;equity;cfo;capex,L4_CACHE_PRESENT,PARTIAL_PROVISIONAL_DATA,provisional structured data only; missing values were not zero-filled,provisional_structured
HLE,False,False,False,False,False,0,revenue;gross_profit;net_income;total_assets;total_liabilities;equity;cfo;capex,L4_CACHE_PRESENT,INSUFFICIENT_DATA,provisional structured data only; missing values were not zero-filled,provisional_structured
HLG,False,False,False,False,False,0,revenue;gross_profit;net_income;total_assets;total_liabilities;equity;cfo;capex,L4_CACHE_PRESENT,INSUFFICIENT_DATA,provisional structured data only; missing values were not zero-filled,provisional_structured
HLO,False,False,False,False,False,0,revenue;gross_profit;net_income;total_assets;total_liabilities;equity;cfo;capex,L4_CACHE_PRESENT,INSUFFICIENT_DATA,provisional structured data only; missing values were not zero-filled,provisional_structured
HLR,False,False,False,False,True,0,revenue;gross_profit;net_income;total_assets;total_liabilities;equity;cfo;capex,L4_CACHE_PRESENT,PARTIAL_PROVISIONAL_DATA,provisional structured data only; missing values were not zero-filled,provisional_structured
HLS,False,False,False,False,False,0,revenue;gross_profit;net_income;total_assets;total_liabilities;equity;cfo;capex,L4_CACHE_PRESENT,INSUFFICIENT_DATA,provisional structured data only; missing values were not zero-filled,provisional_structured
HLT,False,False,False,False,False,0,revenue;gross_profit;net_income;total_assets;total_liabilities;equity;cfo;capex,L4_CACHE_PRESENT,INSUFFICIENT_DATA,provisional structured data only; missing values were not zero-filled,provisional_structured
HLY,False,False,False,False,True,0,revenue;gross_profit;net_income;total_assets;total_liabilities;equity;cfo;capex,L4_CACHE_PRESENT,PARTIAL_PROVISIONAL_DATA,provisional structured data only; missing values were not zero-filled,provisional_structured
HMC,False,False,False,False,True,0,revenue;gross_profit;net_income;total_assets;total_liabilities;equity;cfo;capex,L4_CACHE_PRESENT,PARTIAL_PROVISIONAL_DATA,provisional structured data only; missing values were not zero-filled,provisional_structured
HMD,False,False,False,False,False,0,revenue;gross_profit;net_income;total_assets;total_liabilities;equity;cfo;capex,L4_CACHE_PRESENT,INSUFFICIENT_DATA,provisional structured data only; missing values were not zero-filled,provisional_structured
HMG,False,False,False,False,False,0,revenue;gross_profit;net_income;total_assets;total_liabilities;equity;cfo;capex,L4_CACHE_PRESENT,INSUFFICIENT_DATA,provisional structured data only; missing values were not zero-filled,provisional_structured
HMH,False,False,False,False,True,0,revenue;gross_profit;net_income;total_assets;total_liabilities;equity;cfo;capex,L4_CACHE_PRESENT,PARTIAL_PROVISIONAL_DATA,provisional structured data only; missing values were not zero-filled,provisional_structured
HMR,False,False,False,False,True,0,revenue;gross_profit;net_income;total_assets;total_liabilities;equity;cfo;capex,L4_CACHE_PRESENT,PARTIAL_PROVISIONAL_DATA,provisional structured data only; missing values were not zero-filled,provisional_structured
HMS,False,False,False,False,True,0,revenue;gross_profit;net_income;total_assets;total_liabilities;equity;cfo;capex,L4_CACHE_PRESENT,PARTIAL_PROVISIONAL_DATA,provisional structured data only; missing values were not zero-filled,provisional_structured
HNA,False,False,False,False,True,0,revenue;gross_profit;net_income;total_assets;total_liabilities;equity;cfo;capex,L4_CACHE_PRESENT,PARTIAL_PROVISIONAL_DATA,provisional structured data only; missing values were not zero-filled,provisional_structured
HNB,False,False,False,False,True,0,revenue;gross_profit;net_income;total_assets;total_liabilities;equity;cfo;capex,L4_CACHE_PRESENT,PARTIAL_PROVISIONAL_DATA,provisional structured data only; missing values were not zero-filled,provisional_structured
HND,False,False,False,False,True,0,revenue;gross_profit;net_income;total_assets;total_liabilities;equity;cfo;capex,L4_CACHE_PRESENT,PARTIAL_PROVISIONAL_DATA,provisional structured data only; missing values were not zero-filled,provisional_structured
HNE,False,False,False,True,True,0,revenue;gross_profit;net_income;total_assets;total_liabilities;equity;cfo;capex,L4_CACHE_PRESENT,PARTIAL_PROVISIONAL_DATA,provisional structured data only; missing values were not zero-filled,provisional_structured
HNF,False,False,False,False,True,0,revenue;gross_profit;net_income;total_assets;total_liabilities;equity;cfo;capex,L4_CACHE_PRESENT,PARTIAL_PROVISIONAL_DATA,provisional structured data only; missing values were not zero-filled,provisional_structured
HNG,False,False,False,False,True,0,revenue;gross_profit;net_income;total_assets;total_liabilities;equity;cfo;capex,L4_CACHE_PRESENT,PARTIAL_PROVISIONAL_DATA,provisional structured data only; missing values were not zero-filled,provisional_structured
HNI,False,False,False,False,True,0,revenue;gross_profit;net_income;total_assets;total_liabilities;equity;cfo;capex,L4_CACHE_PRESENT,PARTIAL_PROVISIONAL_DATA,provisional structured data only; missing values were not zero-filled,provisional_structured
HNM,False,False,False,False,True,0,revenue;gross_profit;net_income;total_assets;total_liabilities;equity;cfo;capex,L4_CACHE_PRESENT,PARTIAL_PROVISIONAL_DATA,provisional structured data only; missing values were not zero-filled,provisional_structured
HNP,False,False,False,False,False,0,revenue;gross_profit;net_income;total_assets;total_liabilities;equity;cfo;capex,L4_CACHE_PRESENT,INSUFFICIENT_DATA,provisional structured data only; missing values were not zero-filled,provisional_structured
HNR,False,False,False,False,False,0,revenue;gross_profit;net_income;total_assets;total_liabilities;equity;cfo;capex,L4_CACHE_PRESENT,INSUFFICIENT_DATA,provisional structured data only; missing values were not zero-filled,provisional_structured
HNT,False,False,False,False,True,0,revenue;gross_profit;net_income;total_assets;total_liabilities;equity;cfo;capex,L4_CACHE_PRESENT,PARTIAL_PROVISIONAL_DATA,provisional structured data only; missing values were not zero-filled,provisional_structured
HOM,False,False,False,False,True,0,revenue;gross_profit;net_income;total_assets;total_liabilities;equity;cfo;capex,L4_CACHE_PRESENT,PARTIAL_PROVISIONAL_DATA,provisional structured data only; missing values were not zero-filled,provisional_structured
HOT,False,False,False,False,True,0,revenue;gross_profit;net_income;total_assets;total_liabilities;equity;cfo;capex,L4_CACHE_PRESENT,PARTIAL_PROVISIONAL_DATA,provisional structured data only; missing values were not zero-filled,provisional_structured
HPA,False,False,False,False,False,0,revenue;gross_profit;net_income;total_assets;total_liabilities;equity;cfo;capex,L4_CACHE_PRESENT,INSUFFICIENT_DATA,provisional structured data only; missing values were not zero-filled,provisional_structured
HPB,False,False,False,False,True,0,revenue;gross_profit;net_income;total_assets;total_liabilities;equity;cfo;capex,L4_CACHE_PRESENT,PARTIAL_PROVISIONAL_DATA,provisional structured data only; missing values were not zero-filled,provisional_structured
HPD,False,False,False,False,True,0,revenue;gross_profit;net_income;total_assets;total_liabilities;equity;cfo;capex,L4_CACHE_PRESENT,PARTIAL_PROVISIONAL_DATA,provisional structured data only; missing values were not zero-filled,provisional_structured
HPG,False,False,False,False,True,0,revenue;gross_profit;net_income;total_assets;total_liabilities;equity;cfo;capex,L4_CACHE_PRESENT,PARTIAL_PROVISIONAL_DATA,provisional structured data only; missing values were not zero-filled,provisional_structured
HPH,False,False,False,False,False,0,revenue;gross_profit;net_income;total_assets;total_liabilities;equity;cfo;capex,L4_CACHE_PRESENT,INSUFFICIENT_DATA,provisional structured data only; missing values were not zero-filled,provisional_structured
HPI,False,False,False,False,False,0,revenue;gross_profit;net_income;total_assets;total_liabilities;equity;cfo;capex,L4_CACHE_PRESENT,INSUFFICIENT_DATA,provisional structured data only; missing values were not zero-filled,provisional_structured
HPM,False,False,False,False,True,0,revenue;gross_profit;net_income;total_assets;total_liabilities;equity;cfo;capex,L4_CACHE_PRESENT,PARTIAL_PROVISIONAL_DATA,provisional structured data only; missing values were not zero-filled,provisional_structured
HPO,False,False,False,False,False,0,revenue;gross_profit;net_income;total_assets;total_liabilities;equity;cfo;capex,L4_CACHE_PRESENT,INSUFFICIENT_DATA,provisional structured data only; missing values were not zero-filled,provisional_structured
HPP,False,False,False,False,True,0,revenue;gross_profit;net_income;total_assets;total_liabilities;equity;cfo;capex,L4_CACHE_PRESENT,PARTIAL_PROVISIONAL_DATA,provisional structured data only; missing values were not zero-filled,provisional_structured
HPT,False,False,False,False,True,0,revenue;gross_profit;net_income;total_assets;total_liabilities;equity;cfo;capex,L4_CACHE_PRESENT,PARTIAL_PROVISIONAL_DATA,provisional structured data only; missing values were not zero-filled,provisional_structured
HPW,False,False,False,False,True,0,revenue;gross_profit;net_income;total_assets;total_liabilities;equity;cfo;capex,L4_CACHE_PRESENT,PARTIAL_PROVISIONAL_DATA,provisional structured data only; missing values were not zero-filled,provisional_structured
HPX,False,False,False,False,True,0,revenue;gross_profit;net_income;total_assets;total_liabilities;equity;cfo;capex,L4_CACHE_PRESENT,PARTIAL_PROVISIONAL_DATA,provisional structured data only; missing values were not zero-filled,provisional_structured
HQC,False,False,False,False,True,0,revenue;gross_profit;net_income;total_assets;total_liabilities;equity;cfo;capex,L4_CACHE_PRESENT,PARTIAL_PROVISIONAL_DATA,provisional structured data only; missing values were not zero-filled,provisional_structured
HRB,False,False,False,False,False,0,revenue;gross_profit;net_income;total_assets;total_liabilities;equity;cfo;capex,L4_CACHE_PRESENT,INSUFFICIENT_DATA,provisional structured data only; missing values were not zero-filled,provisional_structured
HRC,False,False,False,True,True,0,revenue;gross_profit;net_income;total_assets;total_liabilities;equity;cfo;capex,L4_CACHE_PRESENT,PARTIAL_PROVISIONAL_DATA,provisional structured data only; missing values were not zero-filled,provisional_structured
HRT,False,False,False,True,True,0,revenue;gross_profit;net_income;total_assets;total_liabilities;equity;cfo;capex,L4_CACHE_PRESENT,PARTIAL_PROVISIONAL_DATA,provisional structured data only; missing values were not zero-filled,provisional_structured
HSA,False,False,False,False,False,0,revenue;gross_profit;net_income;total_assets;total_liabilities;equity;cfo;capex,L4_CACHE_PRESENT,INSUFFICIENT_DATA,provisional structured data only; missing values were not zero-filled,provisional_structured
HSG,False,False,False,False,True,0,revenue;gross_profit;net_income;total_assets;total_liabilities;equity;cfo;capex,L4_CACHE_PRESENT,PARTIAL_PROVISIONAL_DATA,provisional structured data only; missing values were not zero-filled,provisional_structured
HSI,False,False,False,False,True,0,revenue;gross_profit;net_income;total_assets;total_liabilities;equity;cfo;capex,L4_CACHE_PRESENT,PARTIAL_PROVISIONAL_DATA,provisional structured data only; missing values were not zero-filled,provisional_structured
HSL,False,False,False,True,True,0,revenue;gross_profit;net_income;total_assets;total_liabilities;equity;cfo;capex,L4_CACHE_PRESENT,PARTIAL_PROVISIONAL_DATA,provisional structured data only; missing values were not zero-filled,provisional_structured
HSM,False,False,False,False,True,0,revenue;gross_profit;net_income;total_assets;total_liabilities;equity;cfo;capex,L4_CACHE_PRESENT,PARTIAL_PROVISIONAL_DATA,provisional structured data only; missing values were not zero-filled,provisional_structured
HSP,False,False,False,False,True,0,revenue;gross_profit;net_income;total_assets;total_liabilities;equity;cfo;capex,L4_CACHE_PRESENT,PARTIAL_PROVISIONAL_DATA,provisional structured data only; missing values were not zero-filled,provisional_structured
HSV,False,False,False,False,True,0,revenue;gross_profit;net_income;total_assets;total_liabilities;equity;cfo;capex,L4_CACHE_PRESENT,PARTIAL_PROVISIONAL_DATA,provisional structured data only; missing values were not zero-filled,provisional_structured
HT1,False,False,False,False,True,0,revenue;gross_profit;net_income;total_assets;total_liabilities;equity;cfo;capex,L4_CACHE_PRESENT,PARTIAL_PROVISIONAL_DATA,provisional structured data only; missing values were not zero-filled,provisional_structured
HTC,False,False,False,False,True,0,revenue;gross_profit;net_income;total_assets;total_liabilities;equity;cfo;capex,L4_CACHE_PRESENT,PARTIAL_PROVISIONAL_DATA,provisional structured data only; missing values were not zero-filled,provisional_structured
HTE,False,False,False,False,True,0,revenue;gross_profit;net_income;total_assets;total_liabilities;equity;cfo;capex,L4_CACHE_PRESENT,PARTIAL_PROVISIONAL_DATA,provisional structured data only; missing values were not zero-filled,provisional_structured
HTG,False,False,False,False,True,0,revenue;gross_profit;net_income;total_assets;total_liabilities;equity;cfo;capex,L4_CACHE_PRESENT,PARTIAL_PROVISIONAL_DATA,provisional structured data only; missing values were not zero-filled,provisional_structured
HTH,False,False,False,False,False,0,revenue;gross_profit;net_income;total_assets;total_liabilities;equity;cfo;capex,L4_CACHE_PRESENT,INSUFFICIENT_DATA,provisional structured data only; missing values were not zero-filled,provisional_structured
HTI,False,False,False,False,True,0,revenue;gross_profit;net_income;total_assets;total_liabilities;equity;cfo;capex,L4_CACHE_PRESENT,PARTIAL_PROVISIONAL_DATA,provisional structured data only; missing values were not zero-filled,provisional_structured
HTK,False,False,False,False,False,0,revenue;gross_profit;net_income;total_assets;total_liabilities;equity;cfo;capex,L4_CACHE_PRESENT,INSUFFICIENT_DATA,provisional structured data only; missing values were not zero-filled,provisional_structured
HTL,False,False,False,False,True,0,revenue;gross_profit;net_income;total_assets;total_liabilities;equity;cfo;capex,L4_CACHE_PRESENT,PARTIAL_PROVISIONAL_DATA,provisional structured data only; missing values were not zero-filled,provisional_structured
HTM,False,False,False,False,True,0,revenue;gross_profit;net_income;total_assets;total_liabilities;equity;cfo;capex,L4_CACHE_PRESENT,PARTIAL_PROVISIONAL_DATA,provisional structured data only; missing values were not zero-filled,provisional_structured
HTN,False,False,False,False,True,0,revenue;gross_profit;net_income;total_assets;total_liabilities;equity;cfo;capex,L4_CACHE_PRESENT,PARTIAL_PROVISIONAL_DATA,provisional structured data only; missing values were not zero-filled,provisional_structured
HTP,False,False,False,False,True,0,revenue;gross_profit;net_income;total_assets;total_liabilities;equity;cfo;capex,L4_CACHE_PRESENT,PARTIAL_PROVISIONAL_DATA,provisional structured data only; missing values were not zero-filled,provisional_structured
HTR,False,False,False,False,True,0,revenue;gross_profit;net_income;total_assets;total_liabilities;equity;cfo;capex,L4_CACHE_PRESENT,PARTIAL_PROVISIONAL_DATA,provisional structured data only; missing values were not zero-filled,provisional_structured
HTT,False,False,False,False,True,0,revenue;gross_profit;net_income;total_assets;total_liabilities;equity;cfo;capex,L4_CACHE_PRESENT,PARTIAL_PROVISIONAL_DATA,provisional structured data only; missing values were not zero-filled,provisional_structured
HTV,False,False,False,False,True,0,revenue;gross_profit;net_income;total_assets;total_liabilities;equity;cfo;capex,L4_CACHE_PRESENT,PARTIAL_PROVISIONAL_DATA,provisional structured data only; missing values were not zero-filled,provisional_structured
HTW,False,False,False,False,False,0,revenue;gross_profit;net_income;total_assets;total_liabilities;equity;cfo;capex,L4_CACHE_PRESENT,INSUFFICIENT_DATA,provisional structured data only; missing values were not zero-filled,provisional_structured
HU1,False,False,False,False,True,0,revenue;gross_profit;net_income;total_assets;total_liabilities;equity;cfo;capex,L4_CACHE_PRESENT,PARTIAL_PROVISIONAL_DATA,provisional structured data only; missing values were not zero-filled,provisional_structured
HU3,False,False,False,False,True,0,revenue;gross_profit;net_income;total_assets;total_liabilities;equity;cfo;capex,L4_CACHE_PRESENT,PARTIAL_PROVISIONAL_DATA,provisional structured data only; missing values were not zero-filled,provisional_structured
HU4,False,False,False,False,True,0,revenue;gross_profit;net_income;total_assets;total_liabilities;equity;cfo;capex,L4_CACHE_PRESENT,PARTIAL_PROVISIONAL_DATA,provisional structured data only; missing values were not zero-filled,provisional_structured
HU6,False,False,False,False,True,0,revenue;gross_profit;net_income;total_assets;total_liabilities;equity;cfo;capex,L4_CACHE_PRESENT,PARTIAL_PROVISIONAL_DATA,provisional structured data only; missing values were not zero-filled,provisional_structured
HUB,False,False,False,False,True,0,revenue;gross_profit;net_income;total_assets;total_liabilities;equity;cfo;capex,L4_CACHE_PRESENT,PARTIAL_PROVISIONAL_DATA,provisional structured data only; missing values were not zero-filled,provisional_structured
HUG,False,False,False,False,True,0,revenue;gross_profit;net_income;total_assets;total_liabilities;equity;cfo;capex,L4_CACHE_PRESENT,PARTIAL_PROVISIONAL_DATA,provisional structured data only; missing values were not zero-filled,provisional_structured
HUT,False,False,False,True,True,0,revenue;gross_profit;net_income;total_assets;total_liabilities;equity;cfo;capex,L4_CACHE_PRESENT,PARTIAL_PROVISIONAL_DATA,provisional structured data only; missing values were not zero-filled,provisional_structured
HUX,False,False,False,False,False,0,revenue;gross_profit;net_income;total_assets;total_liabilities;equity;cfo;capex,L4_CACHE_PRESENT,INSUFFICIENT_DATA,provisional structured data only; missing values were not zero-filled,provisional_structured
HVA,False,False,False,False,True,0,revenue;gross_profit;net_income;total_assets;total_liabilities;equity;cfo;capex,L4_CACHE_PRESENT,PARTIAL_PROVISIONAL_DATA,provisional structured data only; missing values were not zero-filled,provisional_structured
HVG,False,False,False,False,False,0,revenue;gross_profit;net_income;total_assets;total_liabilities;equity;cfo;capex,L4_CACHE_PRESENT,INSUFFICIENT_DATA,provisional structured data only; missing values were not zero-filled,provisional_structured
HVH,False,False,False,False,True,0,revenue;gross_profit;net_income;total_assets;total_liabilities;equity;cfo;capex,L4_CACHE_PRESENT,PARTIAL_PROVISIONAL_DATA,provisional structured data only; missing values were not zero-filled,provisional_structured
HVN,False,False,False,False,True,0,revenue;gross_profit;net_income;total_assets;total_liabilities;equity;cfo;capex,L4_CACHE_PRESENT,PARTIAL_PROVISIONAL_DATA,provisional structured data only; missing values were not zero-filled,provisional_structured
HVT,False,False,False,False,True,0,revenue;gross_profit;net_income;total_assets;total_liabilities;equity;cfo;capex,L4_CACHE_PRESENT,PARTIAL_PROVISIONAL_DATA,provisional structured data only; missing values were not zero-filled,provisional_structured
HVX,False,False,False,False,True,0,revenue;gross_profit;net_income;total_assets;total_liabilities;equity;cfo;capex,L4_CACHE_PRESENT,PARTIAL_PROVISIONAL_DATA,provisional structured data only; missing values were not zero-filled,provisional_structured
HWS,False,False,False,False,True,0,revenue;gross_profit;net_income;total_assets;total_liabilities;equity;cfo;capex,L4_CACHE_PRESENT,PARTIAL_PROVISIONAL_DATA,provisional structured data only; missing values were not zero-filled,provisional_structured
IBC,False,False,False,False,False,0,revenue;gross_profit;net_income;total_assets;total_liabilities;equity;cfo;capex,L4_CACHE_PRESENT,INSUFFICIENT_DATA,provisional structured data only; missing values were not zero-filled,provisional_structured
IBD,False,False,False,False,False,0,revenue;gross_profit;net_income;total_assets;total_liabilities;equity;cfo;capex,L4_CACHE_PRESENT,INSUFFICIENT_DATA,provisional structured data only; missing values were not zero-filled,provisional_structured
IBN,False,False,False,False,False,0,revenue;gross_profit;net_income;total_assets;total_liabilities;equity;cfo;capex,L4_CACHE_PRESENT,INSUFFICIENT_DATA,provisional structured data only; missing values were not zero-filled,provisional_structured
ICC,False,False,False,False,False,0,revenue;gross_profit;net_income;total_assets;total_liabilities;equity;cfo;capex,L4_CACHE_PRESENT,INSUFFICIENT_DATA,provisional structured data only; missing values were not zero-filled,provisional_structured
ICF,False,False,False,False,True,0,revenue;gross_profit;net_income;total_assets;total_liabilities;equity;cfo;capex,L4_CACHE_PRESENT,PARTIAL_PROVISIONAL_DATA,provisional structured data only; missing values were not zero-filled,provisional_structured
ICG,False,False,False,False,True,0,revenue;gross_profit;net_income;total_assets;total_liabilities;equity;cfo;capex,L4_CACHE_PRESENT,PARTIAL_PROVISIONAL_DATA,provisional structured data only; missing values were not zero-filled,provisional_structured
ICI,False,False,False,False,False,0,revenue;gross_profit;net_income;total_assets;total_liabilities;equity;cfo;capex,L4_CACHE_PRESENT,INSUFFICIENT_DATA,provisional structured data only; missing values were not zero-filled,provisional_structured
ICN,False,False,False,False,True,0,revenue;gross_profit;net_income;total_assets;total_liabilities;equity;cfo;capex,L4_CACHE_PRESENT,PARTIAL_PROVISIONAL_DATA,provisional structured data only; missing values were not zero-filled,provisional_structured
ICT,False,False,False,False,True,0,revenue;gross_profit;net_income;total_assets;total_liabilities;equity;cfo;capex,L4_CACHE_PRESENT,PARTIAL_PROVISIONAL_DATA,provisional structured data only; missing values were not zero-filled,provisional_structured
IDC,False,False,False,False,True,0,revenue;gross_profit;net_income;total_assets;total_liabilities;equity;cfo;capex,L4_CACHE_PRESENT,PARTIAL_PROVISIONAL_DATA,provisional structured data only; missing values were not zero-filled,provisional_structured
IDI,False,False,False,False,True,0,revenue;gross_profit;net_income;total_assets;total_liabilities;equity;cfo;capex,L4_CACHE_PRESENT,PARTIAL_PROVISIONAL_DATA,provisional structured data only; missing values were not zero-filled,provisional_structured
IDJ,False,False,False,False,True,0,revenue;gross_profit;net_income;total_assets;total_liabilities;equity;cfo;capex,L4_CACHE_PRESENT,PARTIAL_PROVISIONAL_DATA,provisional structured data only; missing values were not zero-filled,provisional_structured
IDP,False,False,False,True,True,0,revenue;gross_profit;net_income;total_assets;total_liabilities;equity;cfo;capex,L4_CACHE_PRESENT,PARTIAL_PROVISIONAL_DATA,provisional structured data only; missing values were not zero-filled,provisional_structured
IDV,False,False,False,False,True,0,revenue;gross_profit;net_income;total_assets;total_liabilities;equity;cfo;capex,L4_CACHE_PRESENT,PARTIAL_PROVISIONAL_DATA,provisional structured data only; missing values were not zero-filled,provisional_structured
IFS,False,False,False,False,True,0,revenue;gross_profit;net_income;total_assets;total_liabilities;equity;cfo;capex,L4_CACHE_PRESENT,PARTIAL_PROVISIONAL_DATA,provisional structured data only; missing values were not zero-filled,provisional_structured
IHK,False,False,False,False,True,0,revenue;gross_profit;net_income;total_assets;total_liabilities;equity;cfo;capex,L4_CACHE_PRESENT,PARTIAL_PROVISIONAL_DATA,provisional structured data only; missing values were not zero-filled,provisional_structured
IJC,False,False,False,False,True,0,revenue;gross_profit;net_income;total_assets;total_liabilities;equity;cfo;capex,L4_CACHE_PRESENT,PARTIAL_PROVISIONAL_DATA,provisional structured data only; missing values were not zero-filled,provisional_structured
ILA,False,False,False,False,True,0,revenue;gross_profit;net_income;total_assets;total_liabilities;equity;cfo;capex,L4_CACHE_PRESENT,PARTIAL_PROVISIONAL_DATA,provisional structured data only; missing values were not zero-filled,provisional_structured
ILB,False,False,False,False,True,0,revenue;gross_profit;net_income;total_assets;total_liabilities;equity;cfo;capex,L4_CACHE_PRESENT,PARTIAL_PROVISIONAL_DATA,provisional structured data only; missing values were not zero-filled,provisional_structured
ILC,False,False,False,False,True,0,revenue;gross_profit;net_income;total_assets;total_liabilities;equity;cfo;capex,L4_CACHE_PRESENT,PARTIAL_PROVISIONAL_DATA,provisional structured data only; missing values were not zero-filled,provisional_structured
ILS,False,False,False,False,False,0,revenue;gross_profit;net_income;total_assets;total_liabilities;equity;cfo;capex,L4_CACHE_PRESENT,INSUFFICIENT_DATA,provisional structured data only; missing values were not zero-filled,provisional_structured
IME,False,False,False,False,False,0,revenue;gross_profit;net_income;total_assets;total_liabilities;equity;cfo;capex,L4_CACHE_PRESENT,INSUFFICIENT_DATA,provisional structured data only; missing values were not zero-filled,provisional_structured
IMP,False,False,False,False,True,0,revenue;gross_profit;net_income;total_assets;total_liabilities;equity;cfo;capex,L4_CACHE_PRESENT,PARTIAL_PROVISIONAL_DATA,provisional structured data only; missing values were not zero-filled,provisional_structured
IN4,False,False,False,False,False,0,revenue;gross_profit;net_income;total_assets;total_liabilities;equity;cfo;capex,L4_CACHE_PRESENT,INSUFFICIENT_DATA,provisional structured data only; missing values were not zero-filled,provisional_structured
INC,False,False,False,False,False,0,revenue;gross_profit;net_income;total_assets;total_liabilities;equity;cfo;capex,L4_CACHE_PRESENT,INSUFFICIENT_DATA,provisional structured data only; missing values were not zero-filled,provisional_structured
ING,False,False,False,False,False,0,revenue;gross_profit;net_income;total_assets;total_liabilities;equity;cfo;capex,L4_CACHE_PRESENT,INSUFFICIENT_DATA,provisional structured data only; missing values were not zero-filled,provisional_structured
INN,False,False,False,False,True,0,revenue;gross_profit;net_income;total_assets;total_liabilities;equity;cfo;capex,L4_CACHE_PRESENT,PARTIAL_PROVISIONAL_DATA,provisional structured data only; missing values were not zero-filled,provisional_structured
IPA,False,False,False,False,True,0,revenue;gross_profit;net_income;total_assets;total_liabilities;equity;cfo;capex,L4_CACHE_PRESENT,PARTIAL_PROVISIONAL_DATA,provisional structured data only; missing values were not zero-filled,provisional_structured
IPH,False,False,False,False,False,0,revenue;gross_profit;net_income;total_assets;total_liabilities;equity;cfo;capex,L4_CACHE_PRESENT,INSUFFICIENT_DATA,provisional structured data only; missing values were not zero-filled,provisional_structured
IRC,False,False,False,False,False,0,revenue;gross_profit;net_income;total_assets;total_liabilities;equity;cfo;capex,L4_CACHE_PRESENT,INSUFFICIENT_DATA,provisional structured data only; missing values were not zero-filled,provisional_structured
ISG,False,False,False,False,True,0,revenue;gross_profit;net_income;total_assets;total_liabilities;equity;cfo;capex,L4_CACHE_PRESENT,PARTIAL_PROVISIONAL_DATA,provisional structured data only; missing values were not zero-filled,provisional_structured
ISH,False,False,False,False,True,0,revenue;gross_profit;net_income;total_assets;total_liabilities;equity;cfo;capex,L4_CACHE_PRESENT,PARTIAL_PROVISIONAL_DATA,provisional structured data only; missing values were not zero-filled,provisional_structured
IST,False,False,False,False,True,0,revenue;gross_profit;net_income;total_assets;total_liabilities;equity;cfo;capex,L4_CACHE_PRESENT,PARTIAL_PROVISIONAL_DATA,provisional structured data only; missing values were not zero-filled,provisional_structured
ITA,False,False,False,False,False,0,revenue;gross_profit;net_income;total_assets;total_liabilities;equity;cfo;capex,L4_CACHE_PRESENT,INSUFFICIENT_DATA,provisional structured data only; missing values were not zero-filled,provisional_structured
ITC,False,False,False,False,True,0,revenue;gross_profit;net_income;total_assets;total_liabilities;equity;cfo;capex,L4_CACHE_PRESENT,PARTIAL_PROVISIONAL_DATA,provisional structured data only; missing values were not zero-filled,provisional_structured
ITD,False,False,False,False,True,0,revenue;gross_profit;net_income;total_assets;total_liabilities;equity;cfo;capex,L4_CACHE_PRESENT,PARTIAL_PROVISIONAL_DATA,provisional structured data only; missing values were not zero-filled,provisional_structured
ITQ,False,False,False,False,True,0,revenue;gross_profit;net_income;total_assets;total_liabilities;equity;cfo;capex,L4_CACHE_PRESENT,PARTIAL_PROVISIONAL_DATA,provisional structured data only; missing values were not zero-filled,provisional_structured
ITS,False,False,False,False,True,0,revenue;gross_profit;net_income;total_assets;total_liabilities;equity;cfo;capex,L4_CACHE_PRESENT,PARTIAL_PROVISIONAL_DATA,provisional structured data only; missing values were not zero-filled,provisional_structured
IVS,False,False,False,True,True,0,revenue;gross_profit;net_income;total_assets;total_liabilities;equity;cfo;capex,L4_CACHE_PRESENT,PARTIAL_PROVISIONAL_DATA,provisional structured data only; missing values were not zero-filled,provisional_structured
JOS,False,False,False,False,True,0,revenue;gross_profit;net_income;total_assets;total_liabilities;equity;cfo;capex,L4_CACHE_PRESENT,PARTIAL_PROVISIONAL_DATA,provisional structured data only; missing values were not zero-filled,provisional_structured
JVC,False,False,False,False,True,0,revenue;gross_profit;net_income;total_assets;total_liabilities;equity;cfo;capex,L4_CACHE_PRESENT,PARTIAL_PROVISIONAL_DATA,provisional structured data only; missing values were not zero-filled,provisional_structured
KAC,False,False,False,False,False,0,revenue;gross_profit;net_income;total_assets;total_liabilities;equity;cfo;capex,L4_CACHE_PRESENT,INSUFFICIENT_DATA,provisional structured data only; missing values were not zero-filled,provisional_structured
KBC,False,False,False,False,True,0,revenue;gross_profit;net_income;total_assets;total_liabilities;equity;cfo;capex,L4_CACHE_PRESENT,PARTIAL_PROVISIONAL_DATA,provisional structured data only; missing values were not zero-filled,provisional_structured
KCB,False,False,False,False,True,0,revenue;gross_profit;net_income;total_assets;total_liabilities;equity;cfo;capex,L4_CACHE_PRESENT,PARTIAL_PROVISIONAL_DATA,provisional structured data only; missing values were not zero-filled,provisional_structured
KCE,False,False,False,False,True,0,revenue;gross_profit;net_income;total_assets;total_liabilities;equity;cfo;capex,L4_CACHE_PRESENT,PARTIAL_PROVISIONAL_DATA,provisional structured data only; missing values were not zero-filled,provisional_structured
KDC,False,False,False,False,True,0,revenue;gross_profit;net_income;total_assets;total_liabilities;equity;cfo;capex,L4_CACHE_PRESENT,PARTIAL_PROVISIONAL_DATA,provisional structured data only; missing values were not zero-filled,provisional_structured
KDH,False,False,False,False,True,0,revenue;gross_profit;net_income;total_assets;total_liabilities;equity;cfo;capex,L4_CACHE_PRESENT,PARTIAL_PROVISIONAL_DATA,provisional structured data only; missing values were not zero-filled,provisional_structured
KDM,False,False,False,False,True,0,revenue;gross_profit;net_income;total_assets;total_liabilities;equity;cfo;capex,L4_CACHE_PRESENT,PARTIAL_PROVISIONAL_DATA,provisional structured data only; missing values were not zero-filled,provisional_structured
KGM,False,False,False,False,True,0,revenue;gross_profit;net_income;total_assets;total_liabilities;equity;cfo;capex,L4_CACHE_PRESENT,PARTIAL_PROVISIONAL_DATA,provisional structured data only; missing values were not zero-filled,provisional_structured
KHA,False,False,False,False,True,0,revenue;gross_profit;net_income;total_assets;total_liabilities;equity;cfo;capex,L4_CACHE_PRESENT,PARTIAL_PROVISIONAL_DATA,provisional structured data only; missing values were not zero-filled,provisional_structured
KHB,False,False,False,False,True,0,revenue;gross_profit;net_income;total_assets;total_liabilities;equity;cfo;capex,L4_CACHE_PRESENT,PARTIAL_PROVISIONAL_DATA,provisional structured data only; missing values were not zero-filled,provisional_structured
KHD,False,False,False,False,True,0,revenue;gross_profit;net_income;total_assets;total_liabilities;equity;cfo;capex,L4_CACHE_PRESENT,PARTIAL_PROVISIONAL_DATA,provisional structured data only; missing values were not zero-filled,provisional_structured
KHG,False,False,False,False,True,0,revenue;gross_profit;net_income;total_assets;total_liabilities;equity;cfo;capex,L4_CACHE_PRESENT,PARTIAL_PROVISIONAL_DATA,provisional structured data only; missing values were not zero-filled,provisional_structured
KHL,False,False,False,False,True,0,revenue;gross_profit;net_income;total_assets;total_liabilities;equity;cfo;capex,L4_CACHE_PRESENT,PARTIAL_PROVISIONAL_DATA,provisional structured data only; missing values were not zero-filled,provisional_structured
KHP,False,False,False,False,True,0,revenue;gross_profit;net_income;total_assets;total_liabilities;equity;cfo;capex,L4_CACHE_PRESENT,PARTIAL_PROVISIONAL_DATA,provisional structured data only; missing values were not zero-filled,provisional_structured
KHS,False,False,False,False,True,0,revenue;gross_profit;net_income;total_assets;total_liabilities;equity;cfo;capex,L4_CACHE_PRESENT,PARTIAL_PROVISIONAL_DATA,provisional structured data only; missing values were not zero-filled,provisional_structured
KHW,False,False,False,False,True,0,revenue;gross_profit;net_income;total_assets;total_liabilities;equity;cfo;capex,L4_CACHE_PRESENT,PARTIAL_PROVISIONAL_DATA,provisional structured data only; missing values were not zero-filled,provisional_structured
KHX,False,False,False,False,False,0,revenue;gross_profit;net_income;total_assets;total_liabilities;equity;cfo;capex,L4_CACHE_PRESENT,INSUFFICIENT_DATA,provisional structured data only; missing values were not zero-filled,provisional_structured
KIP,False,False,False,False,True,0,revenue;gross_profit;net_income;total_assets;total_liabilities;equity;cfo;capex,L4_CACHE_PRESENT,PARTIAL_PROVISIONAL_DATA,provisional structured data only; missing values were not zero-filled,provisional_structured
KKC,False,False,False,False,True,0,revenue;gross_profit;net_income;total_assets;total_liabilities;equity;cfo;capex,L4_CACHE_PRESENT,PARTIAL_PROVISIONAL_DATA,provisional structured data only; missing values were not zero-filled,provisional_structured
KLB,False,False,False,False,True,0,revenue;gross_profit;net_income;total_assets;total_liabilities;equity;cfo;capex,L4_CACHE_PRESENT,PARTIAL_PROVISIONAL_DATA,provisional structured data only; missing values were not zero-filled,provisional_structured
KLF,False,False,False,False,False,0,revenue;gross_profit;net_income;total_assets;total_liabilities;equity;cfo;capex,L4_CACHE_PRESENT,INSUFFICIENT_DATA,provisional structured data only; missing values were not zero-filled,provisional_structured
KLM,False,False,False,False,True,0,revenue;gross_profit;net_income;total_assets;total_liabilities;equity;cfo;capex,L4_CACHE_PRESENT,PARTIAL_PROVISIONAL_DATA,provisional structured data only; missing values were not zero-filled,provisional_structured
KMR,False,False,False,True,True,0,revenue;gross_profit;net_income;total_assets;total_liabilities;equity;cfo;capex,L4_CACHE_PRESENT,PARTIAL_PROVISIONAL_DATA,provisional structured data only; missing values were not zero-filled,provisional_structured
KMT,False,False,False,False,True,0,revenue;gross_profit;net_income;total_assets;total_liabilities;equity;cfo;capex,L4_CACHE_PRESENT,PARTIAL_PROVISIONAL_DATA,provisional structured data only; missing values were not zero-filled,provisional_structured
KOS,False,False,False,False,True,0,revenue;gross_profit;net_income;total_assets;total_liabilities;equity;cfo;capex,L4_CACHE_PRESENT,PARTIAL_PROVISIONAL_DATA,provisional structured data only; missing values were not zero-filled,provisional_structured
KPF,False,False,False,False,False,0,revenue;gross_profit;net_income;total_assets;total_liabilities;equity;cfo;capex,L4_CACHE_PRESENT,INSUFFICIENT_DATA,provisional structured data only; missing values were not zero-filled,provisional_structured
KSB,False,False,False,False,True,0,revenue;gross_profit;net_income;total_assets;total_liabilities;equity;cfo;capex,L4_CACHE_PRESENT,PARTIAL_PROVISIONAL_DATA,provisional structured data only; missing values were not zero-filled,provisional_structured
KSD,False,False,False,False,True,0,revenue;gross_profit;net_income;total_assets;total_liabilities;equity;cfo;capex,L4_CACHE_PRESENT,PARTIAL_PROVISIONAL_DATA,provisional structured data only; missing values were not zero-filled,provisional_structured
KSF,False,False,False,False,True,0,revenue;gross_profit;net_income;total_assets;total_liabilities;equity;cfo;capex,L4_CACHE_PRESENT,PARTIAL_PROVISIONAL_DATA,provisional structured data only; missing values were not zero-filled,provisional_structured
KSH,False,False,False,False,False,0,revenue;gross_profit;net_income;total_assets;total_liabilities;equity;cfo;capex,L4_CACHE_PRESENT,INSUFFICIENT_DATA,provisional structured data only; missing values were not zero-filled,provisional_structured
KSQ,False,False,False,False,True,0,revenue;gross_profit;net_income;total_assets;total_liabilities;equity;cfo;capex,L4_CACHE_PRESENT,PARTIAL_PROVISIONAL_DATA,provisional structured data only; missing values were not zero-filled,provisional_structured
KSS,False,False,False,False,True,0,revenue;gross_profit;net_income;total_assets;total_liabilities;equity;cfo;capex,L4_CACHE_PRESENT,PARTIAL_PROVISIONAL_DATA,provisional structured data only; missing values were not zero-filled,provisional_structured
KST,False,False,False,False,True,0,revenue;gross_profit;net_income;total_assets;total_liabilities;equity;cfo;capex,L4_CACHE_PRESENT,PARTIAL_PROVISIONAL_DATA,provisional structured data only; missing values were not zero-filled,provisional_structured
KSV,False,False,False,False,True,0,revenue;gross_profit;net_income;total_assets;total_liabilities;equity;cfo;capex,L4_CACHE_PRESENT,PARTIAL_PROVISIONAL_DATA,provisional structured data only; missing values were not zero-filled,provisional_structured
KTC,False,False,False,False,False,0,revenue;gross_profit;net_income;total_assets;total_liabilities;equity;cfo;capex,L4_CACHE_PRESENT,INSUFFICIENT_DATA,provisional structured data only; missing values were not zero-filled,provisional_structured
KTL,False,False,False,False,False,0,revenue;gross_profit;net_income;total_assets;total_liabilities;equity;cfo;capex,L4_CACHE_PRESENT,INSUFFICIENT_DATA,provisional structured data only; missing values were not zero-filled,provisional_structured
KTS,False,False,False,False,True,0,revenue;gross_profit;net_income;total_assets;total_liabilities;equity;cfo;capex,L4_CACHE_PRESENT,PARTIAL_PROVISIONAL_DATA,provisional structured data only; missing values were not zero-filled,provisional_structured
KTT,False,False,False,False,False,0,revenue;gross_profit;net_income;total_assets;total_liabilities;equity;cfo;capex,L4_CACHE_PRESENT,INSUFFICIENT_DATA,provisional structured data only; missing values were not zero-filled,provisional_structured
KTW,False,False,False,False,False,0,revenue;gross_profit;net_income;total_assets;total_liabilities;equity;cfo;capex,L4_CACHE_PRESENT,INSUFFICIENT_DATA,provisional structured data only; missing values were not zero-filled,provisional_structured
KVC,False,False,False,False,True,0,revenue;gross_profit;net_income;total_assets;total_liabilities;equity;cfo;capex,L4_CACHE_PRESENT,PARTIAL_PROVISIONAL_DATA,provisional structured data only; missing values were not zero-filled,provisional_structured
KWA,False,False,False,False,False,0,revenue;gross_profit;net_income;total_assets;total_liabilities;equity;cfo;capex,L4_CACHE_PRESENT,INSUFFICIENT_DATA,provisional structured data only; missing values were not zero-filled,provisional_structured
L10,False,False,False,False,True,0,revenue;gross_profit;net_income;total_assets;total_liabilities;equity;cfo;capex,L4_CACHE_PRESENT,PARTIAL_PROVISIONAL_DATA,provisional structured data only; missing values were not zero-filled,provisional_structured
L12,False,False,False,False,True,0,revenue;gross_profit;net_income;total_assets;total_liabilities;equity;cfo;capex,L4_CACHE_PRESENT,PARTIAL_PROVISIONAL_DATA,provisional structured data only; missing values were not zero-filled,provisional_structured
L14,False,False,False,False,True,0,revenue;gross_profit;net_income;total_assets;total_liabilities;equity;cfo;capex,L4_CACHE_PRESENT,PARTIAL_PROVISIONAL_DATA,provisional structured data only; missing values were not zero-filled,provisional_structured
L18,False,False,False,False,True,0,revenue;gross_profit;net_income;total_assets;total_liabilities;equity;cfo;capex,L4_CACHE_PRESENT,PARTIAL_PROVISIONAL_DATA,provisional structured data only; missing values were not zero-filled,provisional_structured
L35,False,False,False,False,True,0,revenue;gross_profit;net_income;total_assets;total_liabilities;equity;cfo;capex,L4_CACHE_PRESENT,PARTIAL_PROVISIONAL_DATA,provisional structured data only; missing values were not zero-filled,provisional_structured
L40,False,False,False,False,True,0,revenue;gross_profit;net_income;total_assets;total_liabilities;equity;cfo;capex,L4_CACHE_PRESENT,PARTIAL_PROVISIONAL_DATA,provisional structured data only; missing values were not zero-filled,provisional_structured
L43,False,False,False,False,True,0,revenue;gross_profit;net_income;total_assets;total_liabilities;equity;cfo;capex,L4_CACHE_PRESENT,PARTIAL_PROVISIONAL_DATA,provisional structured data only; missing values were not zero-filled,provisional_structured
L44,False,False,False,False,False,0,revenue;gross_profit;net_income;total_assets;total_liabilities;equity;cfo;capex,L4_CACHE_PRESENT,INSUFFICIENT_DATA,provisional structured data only; missing values were not zero-filled,provisional_structured
L45,False,False,False,False,True,0,revenue;gross_profit;net_income;total_assets;total_liabilities;equity;cfo;capex,L4_CACHE_PRESENT,PARTIAL_PROVISIONAL_DATA,provisional structured data only; missing values were not zero-filled,provisional_structured
L61,False,False,False,False,True,0,revenue;gross_profit;net_income;total_assets;total_liabilities;equity;cfo;capex,L4_CACHE_PRESENT,PARTIAL_PROVISIONAL_DATA,provisional structured data only; missing values were not zero-filled,provisional_structured
L62,False,False,False,False,True,0,revenue;gross_profit;net_income;total_assets;total_liabilities;equity;cfo;capex,L4_CACHE_PRESENT,PARTIAL_PROVISIONAL_DATA,provisional structured data only; missing values were not zero-filled,provisional_structured
L63,False,False,False,False,False,0,revenue;gross_profit;net_income;total_assets;total_liabilities;equity;cfo;capex,L4_CACHE_PRESENT,INSUFFICIENT_DATA,provisional structured data only; missing values were not zero-filled,provisional_structured
LAF,False,False,False,False,True,0,revenue;gross_profit;net_income;total_assets;total_liabilities;equity;cfo;capex,L4_CACHE_PRESENT,PARTIAL_PROVISIONAL_DATA,provisional structured data only; missing values were not zero-filled,provisional_structured
LAI,False,False,False,False,True,0,revenue;gross_profit;net_income;total_assets;total_liabilities;equity;cfo;capex,L4_CACHE_PRESENT,PARTIAL_PROVISIONAL_DATA,provisional structured data only; missing values were not zero-filled,provisional_structured
LAS,False,False,False,False,True,0,revenue;gross_profit;net_income;total_assets;total_liabilities;equity;cfo;capex,L4_CACHE_PRESENT,PARTIAL_PROVISIONAL_DATA,provisional structured data only; missing values were not zero-filled,provisional_structured
LAW,False,False,False,False,True,0,revenue;gross_profit;net_income;total_assets;total_liabilities;equity;cfo;capex,L4_CACHE_PRESENT,PARTIAL_PROVISIONAL_DATA,provisional structured data only; missing values were not zero-filled,provisional_structured
LBC,False,False,False,False,False,0,revenue;gross_profit;net_income;total_assets;total_liabilities;equity;cfo;capex,L4_CACHE_PRESENT,INSUFFICIENT_DATA,provisional structured data only; missing values were not zero-filled,provisional_structured
LBE,False,False,False,False,True,0,revenue;gross_profit;net_income;total_assets;total_liabilities;equity;cfo;capex,L4_CACHE_PRESENT,PARTIAL_PROVISIONAL_DATA,provisional structured data only; missing values were not zero-filled,provisional_structured
LBM,False,False,False,False,True,0,revenue;gross_profit;net_income;total_assets;total_liabilities;equity;cfo;capex,L4_CACHE_PRESENT,PARTIAL_PROVISIONAL_DATA,provisional structured data only; missing values were not zero-filled,provisional_structured
LCC,False,False,False,False,False,0,revenue;gross_profit;net_income;total_assets;total_liabilities;equity;cfo;capex,L4_CACHE_PRESENT,INSUFFICIENT_DATA,provisional structured data only; missing values were not zero-filled,provisional_structured
LCD,False,False,False,False,False,0,revenue;gross_profit;net_income;total_assets;total_liabilities;equity;cfo;capex,L4_CACHE_PRESENT,INSUFFICIENT_DATA,provisional structured data only; missing values were not zero-filled,provisional_structured
LCG,False,False,False,False,True,0,revenue;gross_profit;net_income;total_assets;total_liabilities;equity;cfo;capex,L4_CACHE_PRESENT,PARTIAL_PROVISIONAL_DATA,provisional structured data only; missing values were not zero-filled,provisional_structured
LCM,False,False,False,False,True,0,revenue;gross_profit;net_income;total_assets;total_liabilities;equity;cfo;capex,L4_CACHE_PRESENT,PARTIAL_PROVISIONAL_DATA,provisional structured data only; missing values were not zero-filled,provisional_structured
LCS,False,False,False,False,True,0,revenue;gross_profit;net_income;total_assets;total_liabilities;equity;cfo;capex,L4_CACHE_PRESENT,PARTIAL_PROVISIONAL_DATA,provisional structured data only; missing values were not zero-filled,provisional_structured
LCW,False,False,False,True,True,0,revenue;gross_profit;net_income;total_assets;total_liabilities;equity;cfo;capex,L4_CACHE_PRESENT,PARTIAL_PROVISIONAL_DATA,provisional structured data only; missing values were not zero-filled,provisional_structured
LDG,False,False,False,False,True,0,revenue;gross_profit;net_income;total_assets;total_liabilities;equity;cfo;capex,L4_CACHE_PRESENT,PARTIAL_PROVISIONAL_DATA,provisional structured data only; missing values were not zero-filled,provisional_structured
LDP,False,False,False,False,True,0,revenue;gross_profit;net_income;total_assets;total_liabilities;equity;cfo;capex,L4_CACHE_PRESENT,PARTIAL_PROVISIONAL_DATA,provisional structured data only; missing values were not zero-filled,provisional_structured
LDW,False,False,False,False,False,0,revenue;gross_profit;net_income;total_assets;total_liabilities;equity;cfo;capex,L4_CACHE_PRESENT,INSUFFICIENT_DATA,provisional structured data only; missing values were not zero-filled,provisional_structured
LEC,False,False,False,False,False,0,revenue;gross_profit;net_income;total_assets;total_liabilities;equity;cfo;capex,L4_CACHE_PRESENT,INSUFFICIENT_DATA,provisional structured data only; missing values were not zero-filled,provisional_structured
LG9,False,False,False,False,True,0,revenue;gross_profit;net_income;total_assets;total_liabilities;equity;cfo;capex,L4_CACHE_PRESENT,PARTIAL_PROVISIONAL_DATA,provisional structured data only; missing values were not zero-filled,provisional_structured
LGC,False,False,False,False,False,0,revenue;gross_profit;net_income;total_assets;total_liabilities;equity;cfo;capex,L4_CACHE_PRESENT,INSUFFICIENT_DATA,provisional structured data only; missing values were not zero-filled,provisional_structured
LGL,False,False,False,False,True,0,revenue;gross_profit;net_income;total_assets;total_liabilities;equity;cfo;capex,L4_CACHE_PRESENT,PARTIAL_PROVISIONAL_DATA,provisional structured data only; missing values were not zero-filled,provisional_structured
LGM,False,False,False,False,False,0,revenue;gross_profit;net_income;total_assets;total_liabilities;equity;cfo;capex,L4_CACHE_PRESENT,INSUFFICIENT_DATA,provisional structured data only; missing values were not zero-filled,provisional_structured
LHC,False,False,False,False,True,0,revenue;gross_profit;net_income;total_assets;total_liabilities;equity;cfo;capex,L4_CACHE_PRESENT,PARTIAL_PROVISIONAL_DATA,provisional structured data only; missing values were not zero-filled,provisional_structured
LHG,False,False,False,False,True,0,revenue;gross_profit;net_income;total_assets;total_liabilities;equity;cfo;capex,L4_CACHE_PRESENT,PARTIAL_PROVISIONAL_DATA,provisional structured data only; missing values were not zero-filled,provisional_structured
LIC,False,False,False,False,True,0,revenue;gross_profit;net_income;total_assets;total_liabilities;equity;cfo;capex,L4_CACHE_PRESENT,PARTIAL_PROVISIONAL_DATA,provisional structured data only; missing values were not zero-filled,provisional_structured
LIG,False,False,False,False,True,0,revenue;gross_profit;net_income;total_assets;total_liabilities;equity;cfo;capex,L4_CACHE_PRESENT,PARTIAL_PROVISIONAL_DATA,provisional structured data only; missing values were not zero-filled,provisional_structured
LIX,False,False,False,False,True,0,revenue;gross_profit;net_income;total_assets;total_liabilities;equity;cfo;capex,L4_CACHE_PRESENT,PARTIAL_PROVISIONAL_DATA,provisional structured data only; missing values were not zero-filled,provisional_structured
LKW,False,False,False,False,True,0,revenue;gross_profit;net_income;total_assets;total_liabilities;equity;cfo;capex,L4_CACHE_PRESENT,PARTIAL_PROVISIONAL_DATA,provisional structured data only; missing values were not zero-filled,provisional_structured
LLM,False,False,False,False,True,0,revenue;gross_profit;net_income;total_assets;total_liabilities;equity;cfo;capex,L4_CACHE_PRESENT,PARTIAL_PROVISIONAL_DATA,provisional structured data only; missing values were not zero-filled,provisional_structured
LM3,False,False,False,False,False,0,revenue;gross_profit;net_income;total_assets;total_liabilities;equity;cfo;capex,L4_CACHE_PRESENT,INSUFFICIENT_DATA,provisional structured data only; missing values were not zero-filled,provisional_structured
LM7,False,False,False,False,True,0,revenue;gross_profit;net_income;total_assets;total_liabilities;equity;cfo;capex,L4_CACHE_PRESENT,PARTIAL_PROVISIONAL_DATA,provisional structured data only; missing values were not zero-filled,provisional_structured
LM8,False,False,False,False,True,0,revenue;gross_profit;net_income;total_assets;total_liabilities;equity;cfo;capex,L4_CACHE_PRESENT,PARTIAL_PROVISIONAL_DATA,provisional structured data only; missing values were not zero-filled,provisional_structured
LMC,False,False,False,False,True,0,revenue;gross_profit;net_income;total_assets;total_liabilities;equity;cfo;capex,L4_CACHE_PRESENT,PARTIAL_PROVISIONAL_DATA,provisional structured data only; missing values were not zero-filled,provisional_structured
LMH,False,False,False,False,True,0,revenue;gross_profit;net_income;total_assets;total_liabilities;equity;cfo;capex,L4_CACHE_PRESENT,PARTIAL_PROVISIONAL_DATA,provisional structured data only; missing values were not zero-filled,provisional_structured
LMI,False,False,False,False,False,0,revenue;gross_profit;net_income;total_assets;total_liabilities;equity;cfo;capex,L4_CACHE_PRESENT,INSUFFICIENT_DATA,provisional structured data only; missing values were not zero-filled,provisional_structured
LNC,False,False,False,False,False,0,revenue;gross_profit;net_income;total_assets;total_liabilities;equity;cfo;capex,L4_CACHE_PRESENT,INSUFFICIENT_DATA,provisional structured data only; missing values were not zero-filled,provisional_structured
LO5,False,False,False,False,True,0,revenue;gross_profit;net_income;total_assets;total_liabilities;equity;cfo;capex,L4_CACHE_PRESENT,PARTIAL_PROVISIONAL_DATA,provisional structured data only; missing values were not zero-filled,provisional_structured
LPB,False,False,False,False,True,0,revenue;gross_profit;net_income;total_assets;total_liabilities;equity;cfo;capex,L4_CACHE_PRESENT,PARTIAL_PROVISIONAL_DATA,provisional structured data only; missing values were not zero-filled,provisional_structured
LPT,False,False,False,False,True,0,revenue;gross_profit;net_income;total_assets;total_liabilities;equity;cfo;capex,L4_CACHE_PRESENT,PARTIAL_PROVISIONAL_DATA,provisional structured data only; missing values were not zero-filled,provisional_structured
LQN,False,False,False,False,False,0,revenue;gross_profit;net_income;total_assets;total_liabilities;equity;cfo;capex,L4_CACHE_PRESENT,INSUFFICIENT_DATA,provisional structured data only; missing values were not zero-filled,provisional_structured
LSG,False,False,False,False,True,0,revenue;gross_profit;net_income;total_assets;total_liabilities;equity;cfo;capex,L4_CACHE_PRESENT,PARTIAL_PROVISIONAL_DATA,provisional structured data only; missing values were not zero-filled,provisional_structured
LSS,False,False,False,False,True,0,revenue;gross_profit;net_income;total_assets;total_liabilities;equity;cfo;capex,L4_CACHE_PRESENT,PARTIAL_PROVISIONAL_DATA,provisional structured data only; missing values were not zero-filled,provisional_structured
LTC,False,False,False,False,True,0,revenue;gross_profit;net_income;total_assets;total_liabilities;equity;cfo;capex,L4_CACHE_PRESENT,PARTIAL_PROVISIONAL_DATA,provisional structured data only; missing values were not zero-filled,provisional_structured
LTG,False,False,False,False,True,0,revenue;gross_profit;net_income;total_assets;total_liabilities;equity;cfo;capex,L4_CACHE_PRESENT,PARTIAL_PROVISIONAL_DATA,provisional structured data only; missing values were not zero-filled,provisional_structured
LUT,False,False,False,False,True,0,revenue;gross_profit;net_income;total_assets;total_liabilities;equity;cfo;capex,L4_CACHE_PRESENT,PARTIAL_PROVISIONAL_DATA,provisional structured data only; missing values were not zero-filled,provisional_structured
LWS,False,False,False,False,True,0,revenue;gross_profit;net_income;total_assets;total_liabilities;equity;cfo;capex,L4_CACHE_PRESENT,PARTIAL_PROVISIONAL_DATA,provisional structured data only; missing values were not zero-filled,provisional_structured
LYF,False,False,False,False,False,0,revenue;gross_profit;net_income;total_assets;total_liabilities;equity;cfo;capex,L4_CACHE_PRESENT,INSUFFICIENT_DATA,provisional structured data only; missing values were not zero-filled,provisional_structured
M10,False,False,False,False,True,0,revenue;gross_profit;net_income;total_assets;total_liabilities;equity;cfo;capex,L4_CACHE_PRESENT,PARTIAL_PROVISIONAL_DATA,provisional structured data only; missing values were not zero-filled,provisional_structured
MA1,False,False,False,False,True,0,revenue;gross_profit;net_income;total_assets;total_liabilities;equity;cfo;capex,L4_CACHE_PRESENT,PARTIAL_PROVISIONAL_DATA,provisional structured data only; missing values were not zero-filled,provisional_structured
MAC,False,False,False,False,True,0,revenue;gross_profit;net_income;total_assets;total_liabilities;equity;cfo;capex,L4_CACHE_PRESENT,PARTIAL_PROVISIONAL_DATA,provisional structured data only; missing values were not zero-filled,provisional_structured
MAS,False,False,False,False,True,0,revenue;gross_profit;net_income;total_assets;total_liabilities;equity;cfo;capex,L4_CACHE_PRESENT,PARTIAL_PROVISIONAL_DATA,provisional structured data only; missing values were not zero-filled,provisional_structured
MBB,False,False,False,False,True,0,revenue;gross_profit;net_income;total_assets;total_liabilities;equity;cfo;capex,L4_CACHE_PRESENT,PARTIAL_PROVISIONAL_DATA,provisional structured data only; missing values were not zero-filled,provisional_structured
MBG,False,False,False,False,True,0,revenue;gross_profit;net_income;total_assets;total_liabilities;equity;cfo;capex,L4_CACHE_PRESENT,PARTIAL_PROVISIONAL_DATA,provisional structured data only; missing values were not zero-filled,provisional_structured
MBN,False,False,False,False,False,0,revenue;gross_profit;net_income;total_assets;total_liabilities;equity;cfo;capex,L4_CACHE_PRESENT,INSUFFICIENT_DATA,provisional structured data only; missing values were not zero-filled,provisional_structured
MBS,False,False,False,False,True,0,revenue;gross_profit;net_income;total_assets;total_liabilities;equity;cfo;capex,L4_CACHE_PRESENT,PARTIAL_PROVISIONAL_DATA,provisional structured data only; missing values were not zero-filled,provisional_structured
MBT,False,False,False,False,False,0,revenue;gross_profit;net_income;total_assets;total_liabilities;equity;cfo;capex,L4_CACHE_PRESENT,INSUFFICIENT_DATA,provisional structured data only; missing values were not zero-filled,provisional_structured
MC3,False,False,False,False,False,0,revenue;gross_profit;net_income;total_assets;total_liabilities;equity;cfo;capex,L4_CACHE_PRESENT,INSUFFICIENT_DATA,provisional structured data only; missing values were not zero-filled,provisional_structured
MCC,False,False,False,False,False,0,revenue;gross_profit;net_income;total_assets;total_liabilities;equity;cfo;capex,L4_CACHE_PRESENT,INSUFFICIENT_DATA,provisional structured data only; missing values were not zero-filled,provisional_structured
MCD,False,False,False,False,False,0,revenue;gross_profit;net_income;total_assets;total_liabilities;equity;cfo;capex,L4_CACHE_PRESENT,INSUFFICIENT_DATA,provisional structured data only; missing values were not zero-filled,provisional_structured
MCF,False,False,False,False,True,0,revenue;gross_profit;net_income;total_assets;total_liabilities;equity;cfo;capex,L4_CACHE_PRESENT,PARTIAL_PROVISIONAL_DATA,provisional structured data only; missing values were not zero-filled,provisional_structured
MCG,False,False,False,False,True,0,revenue;gross_profit;net_income;total_assets;total_liabilities;equity;cfo;capex,L4_CACHE_PRESENT,PARTIAL_PROVISIONAL_DATA,provisional structured data only; missing values were not zero-filled,provisional_structured
MCH,False,False,False,False,True,0,revenue;gross_profit;net_income;total_assets;total_liabilities;equity;cfo;capex,L4_CACHE_PRESENT,PARTIAL_PROVISIONAL_DATA,provisional structured data only; missing values were not zero-filled,provisional_structured
MCI,False,False,False,False,True,0,revenue;gross_profit;net_income;total_assets;total_liabilities;equity;cfo;capex,L4_CACHE_PRESENT,PARTIAL_PROVISIONAL_DATA,provisional structured data only; missing values were not zero-filled,provisional_structured
MCM,False,False,False,False,True,0,revenue;gross_profit;net_income;total_assets;total_liabilities;equity;cfo;capex,L4_CACHE_PRESENT,PARTIAL_PROVISIONAL_DATA,provisional structured data only; missing values were not zero-filled,provisional_structured
MCO,False,False,False,False,True,0,revenue;gross_profit;net_income;total_assets;total_liabilities;equity;cfo;capex,L4_CACHE_PRESENT,PARTIAL_PROVISIONAL_DATA,provisional structured data only; missing values were not zero-filled,provisional_structured
MCP,False,False,False,True,True,0,revenue;gross_profit;net_income;total_assets;total_liabilities;equity;cfo;capex,L4_CACHE_PRESENT,PARTIAL_PROVISIONAL_DATA,provisional structured data only; missing values were not zero-filled,provisional_structured
MDA,False,False,False,False,False,0,revenue;gross_profit;net_income;total_assets;total_liabilities;equity;cfo;capex,L4_CACHE_PRESENT,INSUFFICIENT_DATA,provisional structured data only; missing values were not zero-filled,provisional_structured
MDC,False,False,False,False,True,0,revenue;gross_profit;net_income;total_assets;total_liabilities;equity;cfo;capex,L4_CACHE_PRESENT,PARTIAL_PROVISIONAL_DATA,provisional structured data only; missing values were not zero-filled,provisional_structured
MDF,False,False,False,False,True,0,revenue;gross_profit;net_income;total_assets;total_liabilities;equity;cfo;capex,L4_CACHE_PRESENT,PARTIAL_PROVISIONAL_DATA,provisional structured data only; missing values were not zero-filled,provisional_structured
MDG,False,False,False,False,True,0,revenue;gross_profit;net_income;total_assets;total_liabilities;equity;cfo;capex,L4_CACHE_PRESENT,PARTIAL_PROVISIONAL_DATA,provisional structured data only; missing values were not zero-filled,provisional_structured
MEC,False,False,False,False,True,0,revenue;gross_profit;net_income;total_assets;total_liabilities;equity;cfo;capex,L4_CACHE_PRESENT,PARTIAL_PROVISIONAL_DATA,provisional structured data only; missing values were not zero-filled,provisional_structured
MED,False,False,False,False,True,0,revenue;gross_profit;net_income;total_assets;total_liabilities;equity;cfo;capex,L4_CACHE_PRESENT,PARTIAL_PROVISIONAL_DATA,provisional structured data only; missing values were not zero-filled,provisional_structured
MEF,False,False,False,False,False,0,revenue;gross_profit;net_income;total_assets;total_liabilities;equity;cfo;capex,L4_CACHE_PRESENT,INSUFFICIENT_DATA,provisional structured data only; missing values were not zero-filled,provisional_structured
MEG,False,False,False,False,False,0,revenue;gross_profit;net_income;total_assets;total_liabilities;equity;cfo;capex,L4_CACHE_PRESENT,INSUFFICIENT_DATA,provisional structured data only; missing values were not zero-filled,provisional_structured
MEL,False,False,False,False,True,0,revenue;gross_profit;net_income;total_assets;total_liabilities;equity;cfo;capex,L4_CACHE_PRESENT,PARTIAL_PROVISIONAL_DATA,provisional structured data only; missing values were not zero-filled,provisional_structured
MES,False,False,False,False,False,0,revenue;gross_profit;net_income;total_assets;total_liabilities;equity;cfo;capex,L4_CACHE_PRESENT,INSUFFICIENT_DATA,provisional structured data only; missing values were not zero-filled,provisional_structured
MFS,False,False,False,False,True,0,revenue;gross_profit;net_income;total_assets;total_liabilities;equity;cfo;capex,L4_CACHE_PRESENT,PARTIAL_PROVISIONAL_DATA,provisional structured data only; missing values were not zero-filled,provisional_structured
MGC,False,False,False,False,True,0,revenue;gross_profit;net_income;total_assets;total_liabilities;equity;cfo;capex,L4_CACHE_PRESENT,PARTIAL_PROVISIONAL_DATA,provisional structured data only; missing values were not zero-filled,provisional_structured
MGG,False,False,False,False,True,0,revenue;gross_profit;net_income;total_assets;total_liabilities;equity;cfo;capex,L4_CACHE_PRESENT,PARTIAL_PROVISIONAL_DATA,provisional structured data only; missing values were not zero-filled,provisional_structured
MGR,False,False,False,False,True,0,revenue;gross_profit;net_income;total_assets;total_liabilities;equity;cfo;capex,L4_CACHE_PRESENT,PARTIAL_PROVISIONAL_DATA,provisional structured data only; missing values were not zero-filled,provisional_structured
MH3,False,False,False,False,True,0,revenue;gross_profit;net_income;total_assets;total_liabilities;equity;cfo;capex,L4_CACHE_PRESENT,PARTIAL_PROVISIONAL_DATA,provisional structured data only; missing values were not zero-filled,provisional_structured
MHC,False,False,False,False,True,0,revenue;gross_profit;net_income;total_assets;total_liabilities;equity;cfo;capex,L4_CACHE_PRESENT,PARTIAL_PROVISIONAL_DATA,provisional structured data only; missing values were not zero-filled,provisional_structured
MHL,False,False,False,False,False,0,revenue;gross_profit;net_income;total_assets;total_liabilities;equity;cfo;capex,L4_CACHE_PRESENT,INSUFFICIENT_DATA,provisional structured data only; missing values were not zero-filled,provisional_structured
MIC,False,False,False,False,True,0,revenue;gross_profit;net_income;total_assets;total_liabilities;equity;cfo;capex,L4_CACHE_PRESENT,PARTIAL_PROVISIONAL_DATA,provisional structured data only; missing values were not zero-filled,provisional_structured
MIE,False,False,False,False,False,0,revenue;gross_profit;net_income;total_assets;total_liabilities;equity;cfo;capex,L4_CACHE_PRESENT,INSUFFICIENT_DATA,provisional structured data only; missing values were not zero-filled,provisional_structured
MIG,False,False,False,False,True,0,revenue;gross_profit;net_income;total_assets;total_liabilities;equity;cfo;capex,L4_CACHE_PRESENT,PARTIAL_PROVISIONAL_DATA,provisional structured data only; missing values were not zero-filled,provisional_structured
MIM,False,False,False,False,False,0,revenue;gross_profit;net_income;total_assets;total_liabilities;equity;cfo;capex,L4_CACHE_PRESENT,INSUFFICIENT_DATA,provisional structured data only; missing values were not zero-filled,provisional_structured
MKP,False,False,False,False,True,0,revenue;gross_profit;net_income;total_assets;total_liabilities;equity;cfo;capex,L4_CACHE_PRESENT,PARTIAL_PROVISIONAL_DATA,provisional structured data only; missing values were not zero-filled,provisional_structured
MKV,False,False,False,False,False,0,revenue;gross_profit;net_income;total_assets;total_liabilities;equity;cfo;capex,L4_CACHE_PRESENT,INSUFFICIENT_DATA,provisional structured data only; missing values were not zero-filled,provisional_structured
MLC,False,False,False,False,False,0,revenue;gross_profit;net_income;total_assets;total_liabilities;equity;cfo;capex,L4_CACHE_PRESENT,INSUFFICIENT_DATA,provisional structured data only; missing values were not zero-filled,provisional_structured
MLS,False,False,False,False,True,0,revenue;gross_profit;net_income;total_assets;total_liabilities;equity;cfo;capex,L4_CACHE_PRESENT,PARTIAL_PROVISIONAL_DATA,provisional structured data only; missing values were not zero-filled,provisional_structured
MML,False,False,False,False,True,0,revenue;gross_profit;net_income;total_assets;total_liabilities;equity;cfo;capex,L4_CACHE_PRESENT,PARTIAL_PROVISIONAL_DATA,provisional structured data only; missing values were not zero-filled,provisional_structured
MNB,False,False,False,False,True,0,revenue;gross_profit;net_income;total_assets;total_liabilities;equity;cfo;capex,L4_CACHE_PRESENT,PARTIAL_PROVISIONAL_DATA,provisional structured data only; missing values were not zero-filled,provisional_structured
MND,False,False,False,False,False,0,revenue;gross_profit;net_income;total_assets;total_liabilities;equity;cfo;capex,L4_CACHE_PRESENT,INSUFFICIENT_DATA,provisional structured data only; missing values were not zero-filled,provisional_structured
MPC,False,False,False,False,True,0,revenue;gross_profit;net_income;total_assets;total_liabilities;equity;cfo;capex,L4_CACHE_PRESENT,PARTIAL_PROVISIONAL_DATA,provisional structured data only; missing values were not zero-filled,provisional_structured
MPT,False,False,False,False,True,0,revenue;gross_profit;net_income;total_assets;total_liabilities;equity;cfo;capex,L4_CACHE_PRESENT,PARTIAL_PROVISIONAL_DATA,provisional structured data only; missing values were not zero-filled,provisional_structured
MPY,False,False,False,False,True,0,revenue;gross_profit;net_income;total_assets;total_liabilities;equity;cfo;capex,L4_CACHE_PRESENT,PARTIAL_PROVISIONAL_DATA,provisional structured data only; missing values were not zero-filled,provisional_structured
MQB,False,False,False,False,False,0,revenue;gross_profit;net_income;total_assets;total_liabilities;equity;cfo;capex,L4_CACHE_PRESENT,INSUFFICIENT_DATA,provisional structured data only; missing values were not zero-filled,provisional_structured
MQN,False,False,False,False,True,0,revenue;gross_profit;net_income;total_assets;total_liabilities;equity;cfo;capex,L4_CACHE_PRESENT,PARTIAL_PROVISIONAL_DATA,provisional structured data only; missing values were not zero-filled,provisional_structured
MRF,False,False,False,False,True,0,revenue;gross_profit;net_income;total_assets;total_liabilities;equity;cfo;capex,L4_CACHE_PRESENT,PARTIAL_PROVISIONAL_DATA,provisional structured data only; missing values were not zero-filled,provisional_structured
MSB,False,False,False,False,True,0,revenue;gross_profit;net_income;total_assets;total_liabilities;equity;cfo;capex,L4_CACHE_PRESENT,PARTIAL_PROVISIONAL_DATA,provisional structured data only; missing values were not zero-filled,provisional_structured
MSH,False,False,False,False,True,0,revenue;gross_profit;net_income;total_assets;total_liabilities;equity;cfo;capex,L4_CACHE_PRESENT,PARTIAL_PROVISIONAL_DATA,provisional structured data only; missing values were not zero-filled,provisional_structured
MSN,False,False,False,False,True,0,revenue;gross_profit;net_income;total_assets;total_liabilities;equity;cfo;capex,L4_CACHE_PRESENT,PARTIAL_PROVISIONAL_DATA,provisional structured data only; missing values were not zero-filled,provisional_structured
MSR,False,False,False,True,True,0,revenue;gross_profit;net_income;total_assets;total_liabilities;equity;cfo;capex,L4_CACHE_PRESENT,PARTIAL_PROVISIONAL_DATA,provisional structured data only; missing values were not zero-filled,provisional_structured
MST,False,False,False,False,True,0,revenue;gross_profit;net_income;total_assets;total_liabilities;equity;cfo;capex,L4_CACHE_PRESENT,PARTIAL_PROVISIONAL_DATA,provisional structured data only; missing values were not zero-filled,provisional_structured
MTA,False,False,False,True,True,0,revenue;gross_profit;net_income;total_assets;total_liabilities;equity;cfo;capex,L4_CACHE_PRESENT,PARTIAL_PROVISIONAL_DATA,provisional structured data only; missing values were not zero-filled,provisional_structured
MTB,False,False,False,False,False,0,revenue;gross_profit;net_income;total_assets;total_liabilities;equity;cfo;capex,L4_CACHE_PRESENT,INSUFFICIENT_DATA,provisional structured data only; missing values were not zero-filled,provisional_structured
MTC,False,False,False,False,True,0,revenue;gross_profit;net_income;total_assets;total_liabilities;equity;cfo;capex,L4_CACHE_PRESENT,PARTIAL_PROVISIONAL_DATA,provisional structured data only; missing values were not zero-filled,provisional_structured
MTG,False,False,False,False,True,0,revenue;gross_profit;net_income;total_assets;total_liabilities;equity;cfo;capex,L4_CACHE_PRESENT,PARTIAL_PROVISIONAL_DATA,provisional structured data only; missing values were not zero-filled,provisional_structured
MTH,False,False,False,False,True,0,revenue;gross_profit;net_income;total_assets;total_liabilities;equity;cfo;capex,L4_CACHE_PRESENT,PARTIAL_PROVISIONAL_DATA,provisional structured data only; missing values were not zero-filled,provisional_structured
MTL,False,False,False,False,True,0,revenue;gross_profit;net_income;total_assets;total_liabilities;equity;cfo;capex,L4_CACHE_PRESENT,PARTIAL_PROVISIONAL_DATA,provisional structured data only; missing values were not zero-filled,provisional_structured
MTP,False,False,False,False,True,0,revenue;gross_profit;net_income;total_assets;total_liabilities;equity;cfo;capex,L4_CACHE_PRESENT,PARTIAL_PROVISIONAL_DATA,provisional structured data only; missing values were not zero-filled,provisional_structured
MTS,False,False,False,False,True,0,revenue;gross_profit;net_income;total_assets;total_liabilities;equity;cfo;capex,L4_CACHE_PRESENT,PARTIAL_PROVISIONAL_DATA,provisional structured data only; missing values were not zero-filled,provisional_structured
MTV,False,False,False,False,False,0,revenue;gross_profit;net_income;total_assets;total_liabilities;equity;cfo;capex,L4_CACHE_PRESENT,INSUFFICIENT_DATA,provisional structured data only; missing values were not zero-filled,provisional_structured
MTX,False,False,False,False,False,0,revenue;gross_profit;net_income;total_assets;total_liabilities;equity;cfo;capex,L4_CACHE_PRESENT,INSUFFICIENT_DATA,provisional structured data only; missing values were not zero-filled,provisional_structured
MVB,False,False,False,False,True,0,revenue;gross_profit;net_income;total_assets;total_liabilities;equity;cfo;capex,L4_CACHE_PRESENT,PARTIAL_PROVISIONAL_DATA,provisional structured data only; missing values were not zero-filled,provisional_structured
MVC,False,False,False,False,True,0,revenue;gross_profit;net_income;total_assets;total_liabilities;equity;cfo;capex,L4_CACHE_PRESENT,PARTIAL_PROVISIONAL_DATA,provisional structured data only; missing values were not zero-filled,provisional_structured
MVN,False,False,False,True,True,0,revenue;gross_profit;net_income;total_assets;total_liabilities;equity;cfo;capex,L4_CACHE_PRESENT,PARTIAL_PROVISIONAL_DATA,provisional structured data only; missing values were not zero-filled,provisional_structured
MWG,False,False,False,False,True,0,revenue;gross_profit;net_income;total_assets;total_liabilities;equity;cfo;capex,L4_CACHE_PRESENT,PARTIAL_PROVISIONAL_DATA,provisional structured data only; missing values were not zero-filled,provisional_structured
MXC,False,False,False,False,False,0,revenue;gross_profit;net_income;total_assets;total_liabilities;equity;cfo;capex,L4_CACHE_PRESENT,INSUFFICIENT_DATA,provisional structured data only; missing values were not zero-filled,provisional_structured
MZG,False,False,False,False,False,0,revenue;gross_profit;net_income;total_assets;total_liabilities;equity;cfo;capex,L4_CACHE_PRESENT,INSUFFICIENT_DATA,provisional structured data only; missing values were not zero-filled,provisional_structured
NAB,False,False,False,False,True,0,revenue;gross_profit;net_income;total_assets;total_liabilities;equity;cfo;capex,L4_CACHE_PRESENT,PARTIAL_PROVISIONAL_DATA,provisional structured data only; missing values were not zero-filled,provisional_structured
NAC,False,False,False,False,False,0,revenue;gross_profit;net_income;total_assets;total_liabilities;equity;cfo;capex,L4_CACHE_PRESENT,INSUFFICIENT_DATA,provisional structured data only; missing values were not zero-filled,provisional_structured
NAF,False,False,False,False,True,0,revenue;gross_profit;net_income;total_assets;total_liabilities;equity;cfo;capex,L4_CACHE_PRESENT,PARTIAL_PROVISIONAL_DATA,provisional structured data only; missing values were not zero-filled,provisional_structured
NAG,False,False,False,False,True,0,revenue;gross_profit;net_income;total_assets;total_liabilities;equity;cfo;capex,L4_CACHE_PRESENT,PARTIAL_PROVISIONAL_DATA,provisional structured data only; missing values were not zero-filled,provisional_structured
NAP,False,False,False,False,True,0,revenue;gross_profit;net_income;total_assets;total_liabilities;equity;cfo;capex,L4_CACHE_PRESENT,PARTIAL_PROVISIONAL_DATA,provisional structured data only; missing values were not zero-filled,provisional_structured
NAS,False,False,False,False,True,0,revenue;gross_profit;net_income;total_assets;total_liabilities;equity;cfo;capex,L4_CACHE_PRESENT,PARTIAL_PROVISIONAL_DATA,provisional structured data only; missing values were not zero-filled,provisional_structured
NAU,False,False,False,False,False,0,revenue;gross_profit;net_income;total_assets;total_liabilities;equity;cfo;capex,L4_CACHE_PRESENT,INSUFFICIENT_DATA,provisional structured data only; missing values were not zero-filled,provisional_structured
NAV,False,False,False,False,True,0,revenue;gross_profit;net_income;total_assets;total_liabilities;equity;cfo;capex,L4_CACHE_PRESENT,PARTIAL_PROVISIONAL_DATA,provisional structured data only; missing values were not zero-filled,provisional_structured
NAW,False,False,False,False,True,0,revenue;gross_profit;net_income;total_assets;total_liabilities;equity;cfo;capex,L4_CACHE_PRESENT,PARTIAL_PROVISIONAL_DATA,provisional structured data only; missing values were not zero-filled,provisional_structured
NBB,False,False,False,False,True,0,revenue;gross_profit;net_income;total_assets;total_liabilities;equity;cfo;capex,L4_CACHE_PRESENT,PARTIAL_PROVISIONAL_DATA,provisional structured data only; missing values were not zero-filled,provisional_structured
NBC,False,False,False,False,True,0,revenue;gross_profit;net_income;total_assets;total_liabilities;equity;cfo;capex,L4_CACHE_PRESENT,PARTIAL_PROVISIONAL_DATA,provisional structured data only; missing values were not zero-filled,provisional_structured
NBE,False,False,False,False,True,0,revenue;gross_profit;net_income;total_assets;total_liabilities;equity;cfo;capex,L4_CACHE_PRESENT,PARTIAL_PROVISIONAL_DATA,provisional structured data only; missing values were not zero-filled,provisional_structured
NBP,False,False,False,False,True,0,revenue;gross_profit;net_income;total_assets;total_liabilities;equity;cfo;capex,L4_CACHE_PRESENT,PARTIAL_PROVISIONAL_DATA,provisional structured data only; missing values were not zero-filled,provisional_structured
NBT,False,False,False,False,True,0,revenue;gross_profit;net_income;total_assets;total_liabilities;equity;cfo;capex,L4_CACHE_PRESENT,PARTIAL_PROVISIONAL_DATA,provisional structured data only; missing values were not zero-filled,provisional_structured
NBW,False,False,False,False,True,0,revenue;gross_profit;net_income;total_assets;total_liabilities;equity;cfo;capex,L4_CACHE_PRESENT,PARTIAL_PROVISIONAL_DATA,provisional structured data only; missing values were not zero-filled,provisional_structured
NCG,False,False,False,False,False,0,revenue;gross_profit;net_income;total_assets;total_liabilities;equity;cfo;capex,L4_CACHE_PRESENT,INSUFFICIENT_DATA,provisional structured data only; missing values were not zero-filled,provisional_structured
NCS,False,False,False,False,True,0,revenue;gross_profit;net_income;total_assets;total_liabilities;equity;cfo;capex,L4_CACHE_PRESENT,PARTIAL_PROVISIONAL_DATA,provisional structured data only; missing values were not zero-filled,provisional_structured
NCT,False,False,False,False,True,0,revenue;gross_profit;net_income;total_assets;total_liabilities;equity;cfo;capex,L4_CACHE_PRESENT,PARTIAL_PROVISIONAL_DATA,provisional structured data only; missing values were not zero-filled,provisional_structured
ND2,False,False,False,False,True,0,revenue;gross_profit;net_income;total_assets;total_liabilities;equity;cfo;capex,L4_CACHE_PRESENT,PARTIAL_PROVISIONAL_DATA,provisional structured data only; missing values were not zero-filled,provisional_structured
NDC,False,False,False,False,False,0,revenue;gross_profit;net_income;total_assets;total_liabilities;equity;cfo;capex,L4_CACHE_PRESENT,INSUFFICIENT_DATA,provisional structured data only; missing values were not zero-filled,provisional_structured
NDF,False,False,False,False,True,0,revenue;gross_profit;net_income;total_assets;total_liabilities;equity;cfo;capex,L4_CACHE_PRESENT,PARTIAL_PROVISIONAL_DATA,provisional structured data only; missing values were not zero-filled,provisional_structured
NDN,False,False,False,False,True,0,revenue;gross_profit;net_income;total_assets;total_liabilities;equity;cfo;capex,L4_CACHE_PRESENT,PARTIAL_PROVISIONAL_DATA,provisional structured data only; missing values were not zero-filled,provisional_structured
NDP,False,False,False,False,True,0,revenue;gross_profit;net_income;total_assets;total_liabilities;equity;cfo;capex,L4_CACHE_PRESENT,PARTIAL_PROVISIONAL_DATA,provisional structured data only; missing values were not zero-filled,provisional_structured
NDT,False,False,False,False,True,0,revenue;gross_profit;net_income;total_assets;total_liabilities;equity;cfo;capex,L4_CACHE_PRESENT,PARTIAL_PROVISIONAL_DATA,provisional structured data only; missing values were not zero-filled,provisional_structured
NDW,False,False,False,False,True,0,revenue;gross_profit;net_income;total_assets;total_liabilities;equity;cfo;capex,L4_CACHE_PRESENT,PARTIAL_PROVISIONAL_DATA,provisional structured data only; missing values were not zero-filled,provisional_structured
NDX,False,False,False,False,True,0,revenue;gross_profit;net_income;total_assets;total_liabilities;equity;cfo;capex,L4_CACHE_PRESENT,PARTIAL_PROVISIONAL_DATA,provisional structured data only; missing values were not zero-filled,provisional_structured
NED,False,False,False,False,True,0,revenue;gross_profit;net_income;total_assets;total_liabilities;equity;cfo;capex,L4_CACHE_PRESENT,PARTIAL_PROVISIONAL_DATA,provisional structured data only; missing values were not zero-filled,provisional_structured
NEM,False,False,False,False,False,0,revenue;gross_profit;net_income;total_assets;total_liabilities;equity;cfo;capex,L4_CACHE_PRESENT,INSUFFICIENT_DATA,provisional structured data only; missing values were not zero-filled,provisional_structured
NET,False,False,False,False,True,0,revenue;gross_profit;net_income;total_assets;total_liabilities;equity;cfo;capex,L4_CACHE_PRESENT,PARTIAL_PROVISIONAL_DATA,provisional structured data only; missing values were not zero-filled,provisional_structured
NFC,False,False,False,False,True,0,revenue;gross_profit;net_income;total_assets;total_liabilities;equity;cfo;capex,L4_CACHE_PRESENT,PARTIAL_PROVISIONAL_DATA,provisional structured data only; missing values were not zero-filled,provisional_structured
NGC,False,False,False,False,False,0,revenue;gross_profit;net_income;total_assets;total_liabilities;equity;cfo;capex,L4_CACHE_PRESENT,INSUFFICIENT_DATA,provisional structured data only; missing values were not zero-filled,provisional_structured
NHA,False,False,False,False,True,0,revenue;gross_profit;net_income;total_assets;total_liabilities;equity;cfo;capex,L4_CACHE_PRESENT,PARTIAL_PROVISIONAL_DATA,provisional structured data only; missing values were not zero-filled,provisional_structured
NHC,False,False,False,False,True,0,revenue;gross_profit;net_income;total_assets;total_liabilities;equity;cfo;capex,L4_CACHE_PRESENT,PARTIAL_PROVISIONAL_DATA,provisional structured data only; missing values were not zero-filled,provisional_structured
NHH,False,False,False,False,True,0,revenue;gross_profit;net_income;total_assets;total_liabilities;equity;cfo;capex,L4_CACHE_PRESENT,PARTIAL_PROVISIONAL_DATA,provisional structured data only; missing values were not zero-filled,provisional_structured
NHP,False,False,False,False,False,0,revenue;gross_profit;net_income;total_assets;total_liabilities;equity;cfo;capex,L4_CACHE_PRESENT,INSUFFICIENT_DATA,provisional structured data only; missing values were not zero-filled,provisional_structured
NHT,False,False,False,False,True,0,revenue;gross_profit;net_income;total_assets;total_liabilities;equity;cfo;capex,L4_CACHE_PRESENT,PARTIAL_PROVISIONAL_DATA,provisional structured data only; missing values were not zero-filled,provisional_structured
NHV,False,False,False,False,False,0,revenue;gross_profit;net_income;total_assets;total_liabilities;equity;cfo;capex,L4_CACHE_PRESENT,INSUFFICIENT_DATA,provisional structured data only; missing values were not zero-filled,provisional_structured
NJC,False,False,False,False,True,0,revenue;gross_profit;net_income;total_assets;total_liabilities;equity;cfo;capex,L4_CACHE_PRESENT,PARTIAL_PROVISIONAL_DATA,provisional structured data only; missing values were not zero-filled,provisional_structured
NKG,False,False,False,True,True,0,revenue;gross_profit;net_income;total_assets;total_liabilities;equity;cfo;capex,L4_CACHE_PRESENT,PARTIAL_PROVISIONAL_DATA,provisional structured data only; missing values were not zero-filled,provisional_structured
NLG,False,False,False,False,True,0,revenue;gross_profit;net_income;total_assets;total_liabilities;equity;cfo;capex,L4_CACHE_PRESENT,PARTIAL_PROVISIONAL_DATA,provisional structured data only; missing values were not zero-filled,provisional_structured
NLS,False,False,False,False,False,0,revenue;gross_profit;net_income;total_assets;total_liabilities;equity;cfo;capex,L4_CACHE_PRESENT,INSUFFICIENT_DATA,provisional structured data only; missing values were not zero-filled,provisional_structured
NNC,False,False,False,False,True,0,revenue;gross_profit;net_income;total_assets;total_liabilities;equity;cfo;capex,L4_CACHE_PRESENT,PARTIAL_PROVISIONAL_DATA,provisional structured data only; missing values were not zero-filled,provisional_structured
NNG,False,False,False,True,True,0,revenue;gross_profit;net_income;total_assets;total_liabilities;equity;cfo;capex,L4_CACHE_PRESENT,PARTIAL_PROVISIONAL_DATA,provisional structured data only; missing values were not zero-filled,provisional_structured
NNQ,False,False,False,False,False,0,revenue;gross_profit;net_income;total_assets;total_liabilities;equity;cfo;capex,L4_CACHE_PRESENT,INSUFFICIENT_DATA,provisional structured data only; missing values were not zero-filled,provisional_structured
NNT,False,False,False,False,True,0,revenue;gross_profit;net_income;total_assets;total_liabilities;equity;cfo;capex,L4_CACHE_PRESENT,PARTIAL_PROVISIONAL_DATA,provisional structured data only; missing values were not zero-filled,provisional_structured
NO1,False,False,False,False,True,0,revenue;gross_profit;net_income;total_assets;total_liabilities;equity;cfo;capex,L4_CACHE_PRESENT,PARTIAL_PROVISIONAL_DATA,provisional structured data only; missing values were not zero-filled,provisional_structured
NOS,False,False,False,False,True,0,revenue;gross_profit;net_income;total_assets;total_liabilities;equity;cfo;capex,L4_CACHE_PRESENT,PARTIAL_PROVISIONAL_DATA,provisional structured data only; missing values were not zero-filled,provisional_structured
NQB,False,False,False,False,False,0,revenue;gross_profit;net_income;total_assets;total_liabilities;equity;cfo;capex,L4_CACHE_PRESENT,INSUFFICIENT_DATA,provisional structured data only; missing values were not zero-filled,provisional_structured
NQN,False,False,False,False,True,0,revenue;gross_profit;net_income;total_assets;total_liabilities;equity;cfo;capex,L4_CACHE_PRESENT,PARTIAL_PROVISIONAL_DATA,provisional structured data only; missing values were not zero-filled,provisional_structured
NQT,False,False,False,False,False,0,revenue;gross_profit;net_income;total_assets;total_liabilities;equity;cfo;capex,L4_CACHE_PRESENT,INSUFFICIENT_DATA,provisional structured data only; missing values were not zero-filled,provisional_structured
NRC,False,False,False,False,True,0,revenue;gross_profit;net_income;total_assets;total_liabilities;equity;cfo;capex,L4_CACHE_PRESENT,PARTIAL_PROVISIONAL_DATA,provisional structured data only; missing values were not zero-filled,provisional_structured
NS2,False,False,False,False,True,0,revenue;gross_profit;net_income;total_assets;total_liabilities;equity;cfo;capex,L4_CACHE_PRESENT,PARTIAL_PROVISIONAL_DATA,provisional structured data only; missing values were not zero-filled,provisional_structured
NS3,False,False,False,False,True,0,revenue;gross_profit;net_income;total_assets;total_liabilities;equity;cfo;capex,L4_CACHE_PRESENT,PARTIAL_PROVISIONAL_DATA,provisional structured data only; missing values were not zero-filled,provisional_structured
NSC,False,False,False,False,True,0,revenue;gross_profit;net_income;total_assets;total_liabilities;equity;cfo;capex,L4_CACHE_PRESENT,PARTIAL_PROVISIONAL_DATA,provisional structured data only; missing values were not zero-filled,provisional_structured
NSG,False,False,False,False,False,0,revenue;gross_profit;net_income;total_assets;total_liabilities;equity;cfo;capex,L4_CACHE_PRESENT,INSUFFICIENT_DATA,provisional structured data only; missing values were not zero-filled,provisional_structured
NSH,False,False,False,True,True,0,revenue;gross_profit;net_income;total_assets;total_liabilities;equity;cfo;capex,L4_CACHE_PRESENT,PARTIAL_PROVISIONAL_DATA,provisional structured data only; missing values were not zero-filled,provisional_structured
NSL,False,False,False,False,False,0,revenue;gross_profit;net_income;total_assets;total_liabilities;equity;cfo;capex,L4_CACHE_PRESENT,INSUFFICIENT_DATA,provisional structured data only; missing values were not zero-filled,provisional_structured
NSS,False,False,False,False,False,0,revenue;gross_profit;net_income;total_assets;total_liabilities;equity;cfo;capex,L4_CACHE_PRESENT,INSUFFICIENT_DATA,provisional structured data only; missing values were not zero-filled,provisional_structured
NST,False,False,False,False,True,0,revenue;gross_profit;net_income;total_assets;total_liabilities;equity;cfo;capex,L4_CACHE_PRESENT,PARTIAL_PROVISIONAL_DATA,provisional structured data only; missing values were not zero-filled,provisional_structured
NT2,False,False,False,False,True,0,revenue;gross_profit;net_income;total_assets;total_liabilities;equity;cfo;capex,L4_CACHE_PRESENT,PARTIAL_PROVISIONAL_DATA,provisional structured data only; missing values were not zero-filled,provisional_structured
NTB,False,False,False,False,False,0,revenue;gross_profit;net_income;total_assets;total_liabilities;equity;cfo;capex,L4_CACHE_PRESENT,INSUFFICIENT_DATA,provisional structured data only; missing values were not zero-filled,provisional_structured
NTC,False,False,False,False,True,0,revenue;gross_profit;net_income;total_assets;total_liabilities;equity;cfo;capex,L4_CACHE_PRESENT,PARTIAL_PROVISIONAL_DATA,provisional structured data only; missing values were not zero-filled,provisional_structured
NTF,False,False,False,False,True,0,revenue;gross_profit;net_income;total_assets;total_liabilities;equity;cfo;capex,L4_CACHE_PRESENT,PARTIAL_PROVISIONAL_DATA,provisional structured data only; missing values were not zero-filled,provisional_structured
NTH,False,False,False,False,True,0,revenue;gross_profit;net_income;total_assets;total_liabilities;equity;cfo;capex,L4_CACHE_PRESENT,PARTIAL_PROVISIONAL_DATA,provisional structured data only; missing values were not zero-filled,provisional_structured
NTL,False,False,False,False,True,0,revenue;gross_profit;net_income;total_assets;total_liabilities;equity;cfo;capex,L4_CACHE_PRESENT,PARTIAL_PROVISIONAL_DATA,provisional structured data only; missing values were not zero-filled,provisional_structured
NTP,False,False,False,False,True,0,revenue;gross_profit;net_income;total_assets;total_liabilities;equity;cfo;capex,L4_CACHE_PRESENT,PARTIAL_PROVISIONAL_DATA,provisional structured data only; missing values were not zero-filled,provisional_structured
NTT,False,False,False,False,True,0,revenue;gross_profit;net_income;total_assets;total_liabilities;equity;cfo;capex,L4_CACHE_PRESENT,PARTIAL_PROVISIONAL_DATA,provisional structured data only; missing values were not zero-filled,provisional_structured
NTW,False,False,False,False,True,0,revenue;gross_profit;net_income;total_assets;total_liabilities;equity;cfo;capex,L4_CACHE_PRESENT,PARTIAL_PROVISIONAL_DATA,provisional structured data only; missing values were not zero-filled,provisional_structured
NUE,False,False,False,False,True,0,revenue;gross_profit;net_income;total_assets;total_liabilities;equity;cfo;capex,L4_CACHE_PRESENT,PARTIAL_PROVISIONAL_DATA,provisional structured data only; missing values were not zero-filled,provisional_structured
NVB,False,False,False,False,True,0,revenue;gross_profit;net_income;total_assets;total_liabilities;equity;cfo;capex,L4_CACHE_PRESENT,PARTIAL_PROVISIONAL_DATA,provisional structured data only; missing values were not zero-filled,provisional_structured
NVL,False,False,False,False,True,0,revenue;gross_profit;net_income;total_assets;total_liabilities;equity;cfo;capex,L4_CACHE_PRESENT,PARTIAL_PROVISIONAL_DATA,provisional structured data only; missing values were not zero-filled,provisional_structured
NVP,False,False,False,False,False,0,revenue;gross_profit;net_income;total_assets;total_liabilities;equity;cfo;capex,L4_CACHE_PRESENT,INSUFFICIENT_DATA,provisional structured data only; missing values were not zero-filled,provisional_structured
NVT,False,False,False,False,True,0,revenue;gross_profit;net_income;total_assets;total_liabilities;equity;cfo;capex,L4_CACHE_PRESENT,PARTIAL_PROVISIONAL_DATA,provisional structured data only; missing values were not zero-filled,provisional_structured
NWT,False,False,False,False,False,0,revenue;gross_profit;net_income;total_assets;total_liabilities;equity;cfo;capex,L4_CACHE_PRESENT,INSUFFICIENT_DATA,provisional structured data only; missing values were not zero-filled,provisional_structured
NXT,False,False,False,False,True,0,revenue;gross_profit;net_income;total_assets;total_liabilities;equity;cfo;capex,L4_CACHE_PRESENT,PARTIAL_PROVISIONAL_DATA,provisional structured data only; missing values were not zero-filled,provisional_structured
OCB,False,False,False,False,True,0,revenue;gross_profit;net_income;total_assets;total_liabilities;equity;cfo;capex,L4_CACHE_PRESENT,PARTIAL_PROVISIONAL_DATA,provisional structured data only; missing values were not zero-filled,provisional_structured
OCH,False,False,False,False,True,0,revenue;gross_profit;net_income;total_assets;total_liabilities;equity;cfo;capex,L4_CACHE_PRESENT,PARTIAL_PROVISIONAL_DATA,provisional structured data only; missing values were not zero-filled,provisional_structured
ODE,False,False,False,True,True,0,revenue;gross_profit;net_income;total_assets;total_liabilities;equity;cfo;capex,L4_CACHE_PRESENT,PARTIAL_PROVISIONAL_DATA,provisional structured data only; missing values were not zero-filled,provisional_structured
OGC,False,False,False,False,False,0,revenue;gross_profit;net_income;total_assets;total_liabilities;equity;cfo;capex,L4_CACHE_PRESENT,INSUFFICIENT_DATA,provisional structured data only; missing values were not zero-filled,provisional_structured
OIL,False,False,False,False,False,0,revenue;gross_profit;net_income;total_assets;total_liabilities;equity;cfo;capex,L4_CACHE_PRESENT,INSUFFICIENT_DATA,provisional structured data only; missing values were not zero-filled,provisional_structured
ONE,False,False,False,False,True,0,revenue;gross_profit;net_income;total_assets;total_liabilities;equity;cfo;capex,L4_CACHE_PRESENT,PARTIAL_PROVISIONAL_DATA,provisional structured data only; missing values were not zero-filled,provisional_structured
ONW,False,False,False,False,False,0,revenue;gross_profit;net_income;total_assets;total_liabilities;equity;cfo;capex,L4_CACHE_PRESENT,INSUFFICIENT_DATA,provisional structured data only; missing values were not zero-filled,provisional_structured
OPC,False,False,False,False,True,0,revenue;gross_profit;net_income;total_assets;total_liabilities;equity;cfo;capex,L4_CACHE_PRESENT,PARTIAL_PROVISIONAL_DATA,provisional structured data only; missing values were not zero-filled,provisional_structured
ORS,False,False,False,True,True,0,revenue;gross_profit;net_income;total_assets;total_liabilities;equity;cfo;capex,L4_CACHE_PRESENT,PARTIAL_PROVISIONAL_DATA,provisional structured data only; missing values were not zero-filled,provisional_structured
PAC,False,False,False,False,False,0,revenue;gross_profit;net_income;total_assets;total_liabilities;equity;cfo;capex,L4_CACHE_PRESENT,INSUFFICIENT_DATA,provisional structured data only; missing values were not zero-filled,provisional_structured
PAI,False,False,False,False,False,0,revenue;gross_profit;net_income;total_assets;total_liabilities;equity;cfo;capex,L4_CACHE_PRESENT,INSUFFICIENT_DATA,provisional structured data only; missing values were not zero-filled,provisional_structured
PAN,False,False,False,False,False,0,revenue;gross_profit;net_income;total_assets;total_liabilities;equity;cfo;capex,L4_CACHE_PRESENT,INSUFFICIENT_DATA,provisional structured data only; missing values were not zero-filled,provisional_structured
PAP,False,False,False,False,False,0,revenue;gross_profit;net_income;total_assets;total_liabilities;equity;cfo;capex,L4_CACHE_PRESENT,INSUFFICIENT_DATA,provisional structured data only; missing values were not zero-filled,provisional_structured
PAS,False,False,False,False,False,0,revenue;gross_profit;net_income;total_assets;total_liabilities;equity;cfo;capex,L4_CACHE_PRESENT,INSUFFICIENT_DATA,provisional structured data only; missing values were not zero-filled,provisional_structured
PAT,False,False,False,False,False,0,revenue;gross_profit;net_income;total_assets;total_liabilities;equity;cfo;capex,L4_CACHE_PRESENT,INSUFFICIENT_DATA,provisional structured data only; missing values were not zero-filled,provisional_structured
PBC,False,False,False,False,False,0,revenue;gross_profit;net_income;total_assets;total_liabilities;equity;cfo;capex,L4_CACHE_PRESENT,INSUFFICIENT_DATA,provisional structured data only; missing values were not zero-filled,provisional_structured
PBP,False,False,False,False,False,0,revenue;gross_profit;net_income;total_assets;total_liabilities;equity;cfo;capex,L4_CACHE_PRESENT,INSUFFICIENT_DATA,provisional structured data only; missing values were not zero-filled,provisional_structured
PBT,False,False,False,False,False,0,revenue;gross_profit;net_income;total_assets;total_liabilities;equity;cfo;capex,L4_CACHE_PRESENT,INSUFFICIENT_DATA,provisional structured data only; missing values were not zero-filled,provisional_structured
PC1,False,False,False,False,False,0,revenue;gross_profit;net_income;total_assets;total_liabilities;equity;cfo;capex,L4_CACHE_PRESENT,INSUFFICIENT_DATA,provisional structured data only; missing values were not zero-filled,provisional_structured
PCC,False,False,False,False,False,0,revenue;gross_profit;net_income;total_assets;total_liabilities;equity;cfo;capex,L4_CACHE_PRESENT,INSUFFICIENT_DATA,provisional structured data only; missing values were not zero-filled,provisional_structured
PCE,False,False,False,False,False,0,revenue;gross_profit;net_income;total_assets;total_liabilities;equity;cfo;capex,L4_CACHE_PRESENT,INSUFFICIENT_DATA,provisional structured data only; missing values were not zero-filled,provisional_structured
PCF,False,False,False,False,False,0,revenue;gross_profit;net_income;total_assets;total_liabilities;equity;cfo;capex,L4_CACHE_PRESENT,INSUFFICIENT_DATA,provisional structured data only; missing values were not zero-filled,provisional_structured
PCG,False,False,False,False,False,0,revenue;gross_profit;net_income;total_assets;total_liabilities;equity;cfo;capex,L4_CACHE_PRESENT,INSUFFICIENT_DATA,provisional structured data only; missing values were not zero-filled,provisional_structured
PCH,False,False,False,False,False,0,revenue;gross_profit;net_income;total_assets;total_liabilities;equity;cfo;capex,L4_CACHE_PRESENT,INSUFFICIENT_DATA,provisional structured data only; missing values were not zero-filled,provisional_structured
PCM,False,False,False,False,False,0,revenue;gross_profit;net_income;total_assets;total_liabilities;equity;cfo;capex,L4_CACHE_PRESENT,INSUFFICIENT_DATA,provisional structured data only; missing values were not zero-filled,provisional_structured
PCN,False,False,False,False,False,0,revenue;gross_profit;net_income;total_assets;total_liabilities;equity;cfo;capex,L4_CACHE_PRESENT,INSUFFICIENT_DATA,provisional structured data only; missing values were not zero-filled,provisional_structured
PCT,False,False,False,False,False,0,revenue;gross_profit;net_income;total_assets;total_liabilities;equity;cfo;capex,L4_CACHE_PRESENT,INSUFFICIENT_DATA,provisional structured data only; missing values were not zero-filled,provisional_structured
PDB,False,False,False,False,False,0,revenue;gross_profit;net_income;total_assets;total_liabilities;equity;cfo;capex,L4_CACHE_PRESENT,INSUFFICIENT_DATA,provisional structured data only; missing values were not zero-filled,provisional_structured
PDC,False,False,False,True,True,0,revenue;gross_profit;net_income;total_assets;total_liabilities;equity;cfo;capex,L4_CACHE_PRESENT,PARTIAL_PROVISIONAL_DATA,provisional structured data only; missing values were not zero-filled,provisional_structured
PDN,False,False,False,False,True,0,revenue;gross_profit;net_income;total_assets;total_liabilities;equity;cfo;capex,L4_CACHE_PRESENT,PARTIAL_PROVISIONAL_DATA,provisional structured data only; missing values were not zero-filled,provisional_structured
PDR,False,False,False,False,True,0,revenue;gross_profit;net_income;total_assets;total_liabilities;equity;cfo;capex,L4_CACHE_PRESENT,PARTIAL_PROVISIONAL_DATA,provisional structured data only; missing values were not zero-filled,provisional_structured
PDT,False,False,False,False,True,0,revenue;gross_profit;net_income;total_assets;total_liabilities;equity;cfo;capex,L4_CACHE_PRESENT,PARTIAL_PROVISIONAL_DATA,provisional structured data only; missing values were not zero-filled,provisional_structured
PDV,False,False,False,False,True,0,revenue;gross_profit;net_income;total_assets;total_liabilities;equity;cfo;capex,L4_CACHE_PRESENT,PARTIAL_PROVISIONAL_DATA,provisional structured data only; missing values were not zero-filled,provisional_structured
PEC,False,False,False,False,False,0,revenue;gross_profit;net_income;total_assets;total_liabilities;equity;cfo;capex,L4_CACHE_PRESENT,INSUFFICIENT_DATA,provisional structured data only; missing values were not zero-filled,provisional_structured
PEG,False,False,False,False,True,0,revenue;gross_profit;net_income;total_assets;total_liabilities;equity;cfo;capex,L4_CACHE_PRESENT,PARTIAL_PROVISIONAL_DATA,provisional structured data only; missing values were not zero-filled,provisional_structured
PEN,False,False,False,False,True,0,revenue;gross_profit;net_income;total_assets;total_liabilities;equity;cfo;capex,L4_CACHE_PRESENT,PARTIAL_PROVISIONAL_DATA,provisional structured data only; missing values were not zero-filled,provisional_structured
PEQ,False,False,False,False,True,0,revenue;gross_profit;net_income;total_assets;total_liabilities;equity;cfo;capex,L4_CACHE_PRESENT,PARTIAL_PROVISIONAL_DATA,provisional structured data only; missing values were not zero-filled,provisional_structured
PET,False,False,False,False,True,0,revenue;gross_profit;net_income;total_assets;total_liabilities;equity;cfo;capex,L4_CACHE_PRESENT,PARTIAL_PROVISIONAL_DATA,provisional structured data only; missing values were not zero-filled,provisional_structured
PFL,False,False,False,False,True,0,revenue;gross_profit;net_income;total_assets;total_liabilities;equity;cfo;capex,L4_CACHE_PRESENT,PARTIAL_PROVISIONAL_DATA,provisional structured data only; missing values were not zero-filled,provisional_structured
PGB,False,False,False,False,True,0,revenue;gross_profit;net_income;total_assets;total_liabilities;equity;cfo;capex,L4_CACHE_PRESENT,PARTIAL_PROVISIONAL_DATA,provisional structured data only; missing values were not zero-filled,provisional_structured
PGC,False,False,False,False,True,0,revenue;gross_profit;net_income;total_assets;total_liabilities;equity;cfo;capex,L4_CACHE_PRESENT,PARTIAL_PROVISIONAL_DATA,provisional structured data only; missing values were not zero-filled,provisional_structured
PGD,False,False,False,False,True,0,revenue;gross_profit;net_income;total_assets;total_liabilities;equity;cfo;capex,L4_CACHE_PRESENT,PARTIAL_PROVISIONAL_DATA,provisional structured data only; missing values were not zero-filled,provisional_structured
PGI,False,False,False,False,False,0,revenue;gross_profit;net_income;total_assets;total_liabilities;equity;cfo;capex,L4_CACHE_PRESENT,INSUFFICIENT_DATA,provisional structured data only; missing values were not zero-filled,provisional_structured
PGN,False,False,False,False,False,0,revenue;gross_profit;net_income;total_assets;total_liabilities;equity;cfo;capex,L4_CACHE_PRESENT,INSUFFICIENT_DATA,provisional structured data only; missing values were not zero-filled,provisional_structured
PGS,False,False,False,False,False,0,revenue;gross_profit;net_income;total_assets;total_liabilities;equity;cfo;capex,L4_CACHE_PRESENT,INSUFFICIENT_DATA,provisional structured data only; missing values were not zero-filled,provisional_structured
PGT,False,False,False,False,False,0,revenue;gross_profit;net_income;total_assets;total_liabilities;equity;cfo;capex,L4_CACHE_PRESENT,INSUFFICIENT_DATA,provisional structured data only; missing values were not zero-filled,provisional_structured
PGV,False,False,False,False,False,0,revenue;gross_profit;net_income;total_assets;total_liabilities;equity;cfo;capex,L4_CACHE_PRESENT,INSUFFICIENT_DATA,provisional structured data only; missing values were not zero-filled,provisional_structured
PHC,False,False,False,False,False,0,revenue;gross_profit;net_income;total_assets;total_liabilities;equity;cfo;capex,L4_CACHE_PRESENT,INSUFFICIENT_DATA,provisional structured data only; missing values were not zero-filled,provisional_structured
PHH,False,False,False,False,False,0,revenue;gross_profit;net_income;total_assets;total_liabilities;equity;cfo;capex,L4_CACHE_PRESENT,INSUFFICIENT_DATA,provisional structured data only; missing values were not zero-filled,provisional_structured
PHN,False,False,False,False,False,0,revenue;gross_profit;net_income;total_assets;total_liabilities;equity;cfo;capex,L4_CACHE_PRESENT,INSUFFICIENT_DATA,provisional structured data only; missing values were not zero-filled,provisional_structured
PHP,False,False,False,False,False,0,revenue;gross_profit;net_income;total_assets;total_liabilities;equity;cfo;capex,L4_CACHE_PRESENT,INSUFFICIENT_DATA,provisional structured data only; missing values were not zero-filled,provisional_structured
PHR,False,False,False,False,False,0,revenue;gross_profit;net_income;total_assets;total_liabilities;equity;cfo;capex,L4_CACHE_PRESENT,INSUFFICIENT_DATA,provisional structured data only; missing values were not zero-filled,provisional_structured
PHS,False,False,False,False,False,0,revenue;gross_profit;net_income;total_assets;total_liabilities;equity;cfo;capex,L4_CACHE_PRESENT,INSUFFICIENT_DATA,provisional structured data only; missing values were not zero-filled,provisional_structured
PIA,False,False,False,False,False,0,revenue;gross_profit;net_income;total_assets;total_liabilities;equity;cfo;capex,L4_CACHE_PRESENT,INSUFFICIENT_DATA,provisional structured data only; missing values were not zero-filled,provisional_structured
PIC,False,False,False,False,False,0,revenue;gross_profit;net_income;total_assets;total_liabilities;equity;cfo;capex,L4_CACHE_PRESENT,INSUFFICIENT_DATA,provisional structured data only; missing values were not zero-filled,provisional_structured
PID,False,False,False,False,False,0,revenue;gross_profit;net_income;total_assets;total_liabilities;equity;cfo;capex,L4_CACHE_PRESENT,INSUFFICIENT_DATA,provisional structured data only; missing values were not zero-filled,provisional_structured
PIS,False,False,False,False,False,0,revenue;gross_profit;net_income;total_assets;total_liabilities;equity;cfo;capex,L4_CACHE_PRESENT,INSUFFICIENT_DATA,provisional structured data only; missing values were not zero-filled,provisional_structured
PIT,False,False,False,False,False,0,revenue;gross_profit;net_income;total_assets;total_liabilities;equity;cfo;capex,L4_CACHE_PRESENT,INSUFFICIENT_DATA,provisional structured data only; missing values were not zero-filled,provisional_structured
PIV,False,False,False,False,False,0,revenue;gross_profit;net_income;total_assets;total_liabilities;equity;cfo;capex,L4_CACHE_PRESENT,INSUFFICIENT_DATA,provisional structured data only; missing values were not zero-filled,provisional_structured
PJC,False,False,False,False,False,0,revenue;gross_profit;net_income;total_assets;total_liabilities;equity;cfo;capex,L4_CACHE_PRESENT,INSUFFICIENT_DATA,provisional structured data only; missing values were not zero-filled,provisional_structured
PJS,False,False,False,False,False,0,revenue;gross_profit;net_income;total_assets;total_liabilities;equity;cfo;capex,L4_CACHE_PRESENT,INSUFFICIENT_DATA,provisional structured data only; missing values were not zero-filled,provisional_structured
PJT,False,False,False,False,False,0,revenue;gross_profit;net_income;total_assets;total_liabilities;equity;cfo;capex,L4_CACHE_PRESENT,INSUFFICIENT_DATA,provisional structured data only; missing values were not zero-filled,provisional_structured
PLA,False,False,False,False,True,0,revenue;gross_profit;net_income;total_assets;total_liabilities;equity;cfo;capex,L4_CACHE_PRESENT,PARTIAL_PROVISIONAL_DATA,provisional structured data only; missing values were not zero-filled,provisional_structured
PLC,False,False,False,False,True,0,revenue;gross_profit;net_income;total_assets;total_liabilities;equity;cfo;capex,L4_CACHE_PRESENT,PARTIAL_PROVISIONAL_DATA,provisional structured data only; missing values were not zero-filled,provisional_structured
PLE,False,False,False,False,False,0,revenue;gross_profit;net_income;total_assets;total_liabilities;equity;cfo;capex,L4_CACHE_PRESENT,INSUFFICIENT_DATA,provisional structured data only; missing values were not zero-filled,provisional_structured
PLO,False,False,False,False,False,0,revenue;gross_profit;net_income;total_assets;total_liabilities;equity;cfo;capex,L4_CACHE_PRESENT,INSUFFICIENT_DATA,provisional structured data only; missing values were not zero-filled,provisional_structured
PLP,False,False,False,False,False,0,revenue;gross_profit;net_income;total_assets;total_liabilities;equity;cfo;capex,L4_CACHE_PRESENT,INSUFFICIENT_DATA,provisional structured data only; missing values were not zero-filled,provisional_structured
PLX,False,False,False,False,False,0,revenue;gross_profit;net_income;total_assets;total_liabilities;equity;cfo;capex,L4_CACHE_PRESENT,INSUFFICIENT_DATA,provisional structured data only; missing values were not zero-filled,provisional_structured
PMB,False,False,False,False,False,0,revenue;gross_profit;net_income;total_assets;total_liabilities;equity;cfo;capex,L4_CACHE_PRESENT,INSUFFICIENT_DATA,provisional structured data only; missing values were not zero-filled,provisional_structured
PMC,False,False,False,False,False,0,revenue;gross_profit;net_income;total_assets;total_liabilities;equity;cfo;capex,L4_CACHE_PRESENT,INSUFFICIENT_DATA,provisional structured data only; missing values were not zero-filled,provisional_structured
PMG,False,False,False,False,False,0,revenue;gross_profit;net_income;total_assets;total_liabilities;equity;cfo;capex,L4_CACHE_PRESENT,INSUFFICIENT_DATA,provisional structured data only; missing values were not zero-filled,provisional_structured
PMJ,False,False,False,False,False,0,revenue;gross_profit;net_income;total_assets;total_liabilities;equity;cfo;capex,L4_CACHE_PRESENT,INSUFFICIENT_DATA,provisional structured data only; missing values were not zero-filled,provisional_structured
PMP,False,False,False,False,False,0,revenue;gross_profit;net_income;total_assets;total_liabilities;equity;cfo;capex,L4_CACHE_PRESENT,INSUFFICIENT_DATA,provisional structured data only; missing values were not zero-filled,provisional_structured
PMS,False,False,False,False,False,0,revenue;gross_profit;net_income;total_assets;total_liabilities;equity;cfo;capex,L4_CACHE_PRESENT,INSUFFICIENT_DATA,provisional structured data only; missing values were not zero-filled,provisional_structured
PMT,False,False,False,False,False,0,revenue;gross_profit;net_income;total_assets;total_liabilities;equity;cfo;capex,L4_CACHE_PRESENT,INSUFFICIENT_DATA,provisional structured data only; missing values were not zero-filled,provisional_structured
PMW,False,False,False,False,False,0,revenue;gross_profit;net_income;total_assets;total_liabilities;equity;cfo;capex,L4_CACHE_PRESENT,INSUFFICIENT_DATA,provisional structured data only; missing values were not zero-filled,provisional_structured
PNC,False,False,False,False,False,0,revenue;gross_profit;net_income;total_assets;total_liabilities;equity;cfo;capex,L4_CACHE_PRESENT,INSUFFICIENT_DATA,provisional structured data only; missing values were not zero-filled,provisional_structured
PND,False,False,False,False,False,0,revenue;gross_profit;net_income;total_assets;total_liabilities;equity;cfo;capex,L4_CACHE_PRESENT,INSUFFICIENT_DATA,provisional structured data only; missing values were not zero-filled,provisional_structured
PNG,False,False,False,False,False,0,revenue;gross_profit;net_income;total_assets;total_liabilities;equity;cfo;capex,L4_CACHE_PRESENT,INSUFFICIENT_DATA,provisional structured data only; missing values were not zero-filled,provisional_structured
PNJ,False,False,False,False,False,0,revenue;gross_profit;net_income;total_assets;total_liabilities;equity;cfo;capex,L4_CACHE_PRESENT,INSUFFICIENT_DATA,provisional structured data only; missing values were not zero-filled,provisional_structured
PNP,False,False,False,False,False,0,revenue;gross_profit;net_income;total_assets;total_liabilities;equity;cfo;capex,L4_CACHE_PRESENT,INSUFFICIENT_DATA,provisional structured data only; missing values were not zero-filled,provisional_structured
PNT,False,False,False,False,False,0,revenue;gross_profit;net_income;total_assets;total_liabilities;equity;cfo;capex,L4_CACHE_PRESENT,INSUFFICIENT_DATA,provisional structured data only; missing values were not zero-filled,provisional_structured
POB,False,False,False,False,False,0,revenue;gross_profit;net_income;total_assets;total_liabilities;equity;cfo;capex,L4_CACHE_PRESENT,INSUFFICIENT_DATA,provisional structured data only; missing values were not zero-filled,provisional_structured
POM,False,False,False,False,False,0,revenue;gross_profit;net_income;total_assets;total_liabilities;equity;cfo;capex,L4_CACHE_PRESENT,INSUFFICIENT_DATA,provisional structured data only; missing values were not zero-filled,provisional_structured
POS,False,False,False,False,False,0,revenue;gross_profit;net_income;total_assets;total_liabilities;equity;cfo;capex,L4_CACHE_PRESENT,INSUFFICIENT_DATA,provisional structured data only; missing values were not zero-filled,provisional_structured
POT,False,False,False,False,False,0,revenue;gross_profit;net_income;total_assets;total_liabilities;equity;cfo;capex,L4_CACHE_PRESENT,INSUFFICIENT_DATA,provisional structured data only; missing values were not zero-filled,provisional_structured
POV,False,False,False,False,False,0,revenue;gross_profit;net_income;total_assets;total_liabilities;equity;cfo;capex,L4_CACHE_PRESENT,INSUFFICIENT_DATA,provisional structured data only; missing values were not zero-filled,provisional_structured
POW,False,False,False,False,False,0,revenue;gross_profit;net_income;total_assets;total_liabilities;equity;cfo;capex,L4_CACHE_PRESENT,INSUFFICIENT_DATA,provisional structured data only; missing values were not zero-filled,provisional_structured
PPC,False,False,False,False,False,0,revenue;gross_profit;net_income;total_assets;total_liabilities;equity;cfo;capex,L4_CACHE_PRESENT,INSUFFICIENT_DATA,provisional structured data only; missing values were not zero-filled,provisional_structured
PPE,False,False,False,False,False,0,revenue;gross_profit;net_income;total_assets;total_liabilities;equity;cfo;capex,L4_CACHE_PRESENT,INSUFFICIENT_DATA,provisional structured data only; missing values were not zero-filled,provisional_structured
PPH,False,False,False,False,False,0,revenue;gross_profit;net_income;total_assets;total_liabilities;equity;cfo;capex,L4_CACHE_PRESENT,INSUFFICIENT_DATA,provisional structured data only; missing values were not zero-filled,provisional_structured
PPI,False,False,False,False,False,0,revenue;gross_profit;net_income;total_assets;total_liabilities;equity;cfo;capex,L4_CACHE_PRESENT,INSUFFICIENT_DATA,provisional structured data only; missing values were not zero-filled,provisional_structured
PPP,False,False,False,False,False,0,revenue;gross_profit;net_income;total_assets;total_liabilities;equity;cfo;capex,L4_CACHE_PRESENT,INSUFFICIENT_DATA,provisional structured data only; missing values were not zero-filled,provisional_structured
PPS,False,False,False,False,False,0,revenue;gross_profit;net_income;total_assets;total_liabilities;equity;cfo;capex,L4_CACHE_PRESENT,INSUFFICIENT_DATA,provisional structured data only; missing values were not zero-filled,provisional_structured
PPT,False,False,False,False,False,0,revenue;gross_profit;net_income;total_assets;total_liabilities;equity;cfo;capex,L4_CACHE_PRESENT,INSUFFICIENT_DATA,provisional structured data only; missing values were not zero-filled,provisional_structured
PPY,False,False,False,False,False,0,revenue;gross_profit;net_income;total_assets;total_liabilities;equity;cfo;capex,L4_CACHE_PRESENT,INSUFFICIENT_DATA,provisional structured data only; missing values were not zero-filled,provisional_structured
PQN,False,False,False,False,False,0,revenue;gross_profit;net_income;total_assets;total_liabilities;equity;cfo;capex,L4_CACHE_PRESENT,INSUFFICIENT_DATA,provisional structured data only; missing values were not zero-filled,provisional_structured
PRC,False,False,False,False,False,0,revenue;gross_profit;net_income;total_assets;total_liabilities;equity;cfo;capex,L4_CACHE_PRESENT,INSUFFICIENT_DATA,provisional structured data only; missing values were not zero-filled,provisional_structured
PRE,False,False,False,False,False,0,revenue;gross_profit;net_income;total_assets;total_liabilities;equity;cfo;capex,L4_CACHE_PRESENT,INSUFFICIENT_DATA,provisional structured data only; missing values were not zero-filled,provisional_structured
PRO,False,False,False,False,False,0,revenue;gross_profit;net_income;total_assets;total_liabilities;equity;cfo;capex,L4_CACHE_PRESENT,INSUFFICIENT_DATA,provisional structured data only; missing values were not zero-filled,provisional_structured
PRT,False,False,False,False,False,0,revenue;gross_profit;net_income;total_assets;total_liabilities;equity;cfo;capex,L4_CACHE_PRESENT,INSUFFICIENT_DATA,provisional structured data only; missing values were not zero-filled,provisional_structured
PSB,False,False,False,False,False,0,revenue;gross_profit;net_income;total_assets;total_liabilities;equity;cfo;capex,L4_CACHE_PRESENT,INSUFFICIENT_DATA,provisional structured data only; missing values were not zero-filled,provisional_structured
PSC,False,False,False,False,False,0,revenue;gross_profit;net_income;total_assets;total_liabilities;equity;cfo;capex,L4_CACHE_PRESENT,INSUFFICIENT_DATA,provisional structured data only; missing values were not zero-filled,provisional_structured
PSD,False,False,False,False,False,0,revenue;gross_profit;net_income;total_assets;total_liabilities;equity;cfo;capex,L4_CACHE_PRESENT,INSUFFICIENT_DATA,provisional structured data only; missing values were not zero-filled,provisional_structured
PSE,False,False,False,False,False,0,revenue;gross_profit;net_income;total_assets;total_liabilities;equity;cfo;capex,L4_CACHE_PRESENT,INSUFFICIENT_DATA,provisional structured data only; missing values were not zero-filled,provisional_structured
PSG,False,False,False,False,False,0,revenue;gross_profit;net_income;total_assets;total_liabilities;equity;cfo;capex,L4_CACHE_PRESENT,INSUFFICIENT_DATA,provisional structured data only; missing values were not zero-filled,provisional_structured
PSH,False,False,False,False,False,0,revenue;gross_profit;net_income;total_assets;total_liabilities;equity;cfo;capex,L4_CACHE_PRESENT,INSUFFICIENT_DATA,provisional structured data only; missing values were not zero-filled,provisional_structured
PSI,False,False,False,False,False,0,revenue;gross_profit;net_income;total_assets;total_liabilities;equity;cfo;capex,L4_CACHE_PRESENT,INSUFFICIENT_DATA,provisional structured data only; missing values were not zero-filled,provisional_structured
PSL,False,False,False,False,False,0,revenue;gross_profit;net_income;total_assets;total_liabilities;equity;cfo;capex,L4_CACHE_PRESENT,INSUFFICIENT_DATA,provisional structured data only; missing values were not zero-filled,provisional_structured
PSN,False,False,False,False,False,0,revenue;gross_profit;net_income;total_assets;total_liabilities;equity;cfo;capex,L4_CACHE_PRESENT,INSUFFICIENT_DATA,provisional structured data only; missing values were not zero-filled,provisional_structured
PSP,False,False,False,False,False,0,revenue;gross_profit;net_income;total_assets;total_liabilities;equity;cfo;capex,L4_CACHE_PRESENT,INSUFFICIENT_DATA,provisional structured data only; missing values were not zero-filled,provisional_structured
PSW,False,False,False,False,False,0,revenue;gross_profit;net_income;total_assets;total_liabilities;equity;cfo;capex,L4_CACHE_PRESENT,INSUFFICIENT_DATA,provisional structured data only; missing values were not zero-filled,provisional_structured
PTB,False,False,False,False,False,0,revenue;gross_profit;net_income;total_assets;total_liabilities;equity;cfo;capex,L4_CACHE_PRESENT,INSUFFICIENT_DATA,provisional structured data only; missing values were not zero-filled,provisional_structured
PTC,False,False,False,False,False,0,revenue;gross_profit;net_income;total_assets;total_liabilities;equity;cfo;capex,L4_CACHE_PRESENT,INSUFFICIENT_DATA,provisional structured data only; missing values were not zero-filled,provisional_structured
PTD,False,False,False,False,False,0,revenue;gross_profit;net_income;total_assets;total_liabilities;equity;cfo;capex,L4_CACHE_PRESENT,INSUFFICIENT_DATA,provisional structured data only; missing values were not zero-filled,provisional_structured
PTE,False,False,False,False,False,0,revenue;gross_profit;net_income;total_assets;total_liabilities;equity;cfo;capex,L4_CACHE_PRESENT,INSUFFICIENT_DATA,provisional structured data only; missing values were not zero-filled,provisional_structured
PTG,False,False,False,False,False,0,revenue;gross_profit;net_income;total_assets;total_liabilities;equity;cfo;capex,L4_CACHE_PRESENT,INSUFFICIENT_DATA,provisional structured data only; missing values were not zero-filled,provisional_structured
PTH,False,False,False,False,False,0,revenue;gross_profit;net_income;total_assets;total_liabilities;equity;cfo;capex,L4_CACHE_PRESENT,INSUFFICIENT_DATA,provisional structured data only; missing values were not zero-filled,provisional_structured
PTI,False,False,False,False,False,0,revenue;gross_profit;net_income;total_assets;total_liabilities;equity;cfo;capex,L4_CACHE_PRESENT,INSUFFICIENT_DATA,provisional structured data only; missing values were not zero-filled,provisional_structured
PTL,False,False,False,False,False,0,revenue;gross_profit;net_income;total_assets;total_liabilities;equity;cfo;capex,L4_CACHE_PRESENT,INSUFFICIENT_DATA,provisional structured data only; missing values were not zero-filled,provisional_structured
PTM,False,False,False,False,False,0,revenue;gross_profit;net_income;total_assets;total_liabilities;equity;cfo;capex,L4_CACHE_PRESENT,INSUFFICIENT_DATA,provisional structured data only; missing values were not zero-filled,provisional_structured
PTN,False,False,False,False,False,0,revenue;gross_profit;net_income;total_assets;total_liabilities;equity;cfo;capex,L4_CACHE_PRESENT,INSUFFICIENT_DATA,provisional structured data only; missing values were not zero-filled,provisional_structured
PTO,False,False,False,False,False,0,revenue;gross_profit;net_income;total_assets;total_liabilities;equity;cfo;capex,L4_CACHE_PRESENT,INSUFFICIENT_DATA,provisional structured data only; missing values were not zero-filled,provisional_structured
PTP,False,False,False,False,False,0,revenue;gross_profit;net_income;total_assets;total_liabilities;equity;cfo;capex,L4_CACHE_PRESENT,INSUFFICIENT_DATA,provisional structured data only; missing values were not zero-filled,provisional_structured
PTS,False,False,False,False,False,0,revenue;gross_profit;net_income;total_assets;total_liabilities;equity;cfo;capex,L4_CACHE_PRESENT,INSUFFICIENT_DATA,provisional structured data only; missing values were not zero-filled,provisional_structured
PTT,False,False,False,False,False,0,revenue;gross_profit;net_income;total_assets;total_liabilities;equity;cfo;capex,L4_CACHE_PRESENT,INSUFFICIENT_DATA,provisional structured data only; missing values were not zero-filled,provisional_structured
PTV,False,False,False,False,False,0,revenue;gross_profit;net_income;total_assets;total_liabilities;equity;cfo;capex,L4_CACHE_PRESENT,INSUFFICIENT_DATA,provisional structured data only; missing values were not zero-filled,provisional_structured
PTX,False,False,False,False,False,0,revenue;gross_profit;net_income;total_assets;total_liabilities;equity;cfo;capex,L4_CACHE_PRESENT,INSUFFICIENT_DATA,provisional structured data only; missing values were not zero-filled,provisional_structured
PV2,False,False,False,False,False,0,revenue;gross_profit;net_income;total_assets;total_liabilities;equity;cfo;capex,L4_CACHE_PRESENT,INSUFFICIENT_DATA,provisional structured data only; missing values were not zero-filled,provisional_structured
PVA,False,False,False,False,False,0,revenue;gross_profit;net_income;total_assets;total_liabilities;equity;cfo;capex,L4_CACHE_PRESENT,INSUFFICIENT_DATA,provisional structured data only; missing values were not zero-filled,provisional_structured
PVB,False,False,False,False,False,0,revenue;gross_profit;net_income;total_assets;total_liabilities;equity;cfo;capex,L4_CACHE_PRESENT,INSUFFICIENT_DATA,provisional structured data only; missing values were not zero-filled,provisional_structured
PVC,False,False,False,False,False,0,revenue;gross_profit;net_income;total_assets;total_liabilities;equity;cfo;capex,L4_CACHE_PRESENT,INSUFFICIENT_DATA,provisional structured data only; missing values were not zero-filled,provisional_structured
PVD,False,False,False,False,False,0,revenue;gross_profit;net_income;total_assets;total_liabilities;equity;cfo;capex,L4_CACHE_PRESENT,INSUFFICIENT_DATA,provisional structured data only; missing values were not zero-filled,provisional_structured
PVE,False,False,False,False,False,0,revenue;gross_profit;net_income;total_assets;total_liabilities;equity;cfo;capex,L4_CACHE_PRESENT,INSUFFICIENT_DATA,provisional structured data only; missing values were not zero-filled,provisional_structured
PVG,False,False,False,False,False,0,revenue;gross_profit;net_income;total_assets;total_liabilities;equity;cfo;capex,L4_CACHE_PRESENT,INSUFFICIENT_DATA,provisional structured data only; missing values were not zero-filled,provisional_structured
PVH,False,False,False,False,False,0,revenue;gross_profit;net_income;total_assets;total_liabilities;equity;cfo;capex,L4_CACHE_PRESENT,INSUFFICIENT_DATA,provisional structured data only; missing values were not zero-filled,provisional_structured
PVI,False,False,False,False,False,0,revenue;gross_profit;net_income;total_assets;total_liabilities;equity;cfo;capex,L4_CACHE_PRESENT,INSUFFICIENT_DATA,provisional structured data only; missing values were not zero-filled,provisional_structured
PVL,False,False,False,False,False,0,revenue;gross_profit;net_income;total_assets;total_liabilities;equity;cfo;capex,L4_CACHE_PRESENT,INSUFFICIENT_DATA,provisional structured data only; missing values were not zero-filled,provisional_structured
PVM,False,False,False,False,False,0,revenue;gross_profit;net_income;total_assets;total_liabilities;equity;cfo;capex,L4_CACHE_PRESENT,INSUFFICIENT_DATA,provisional structured data only; missing values were not zero-filled,provisional_structured
PVO,False,False,False,False,False,0,revenue;gross_profit;net_income;total_assets;total_liabilities;equity;cfo;capex,L4_CACHE_PRESENT,INSUFFICIENT_DATA,provisional structured data only; missing values were not zero-filled,provisional_structured
PVP,False,False,False,False,False,0,revenue;gross_profit;net_income;total_assets;total_liabilities;equity;cfo;capex,L4_CACHE_PRESENT,INSUFFICIENT_DATA,provisional structured data only; missing values were not zero-filled,provisional_structured
PVR,False,False,False,False,False,0,revenue;gross_profit;net_income;total_assets;total_liabilities;equity;cfo;capex,L4_CACHE_PRESENT,INSUFFICIENT_DATA,provisional structured data only; missing values were not zero-filled,provisional_structured
PVS,False,False,False,False,False,0,revenue;gross_profit;net_income;total_assets;total_liabilities;equity;cfo;capex,L4_CACHE_PRESENT,INSUFFICIENT_DATA,provisional structured data only; missing values were not zero-filled,provisional_structured
PVT,False,False,False,False,False,0,revenue;gross_profit;net_income;total_assets;total_liabilities;equity;cfo;capex,L4_CACHE_PRESENT,INSUFFICIENT_DATA,provisional structured data only; missing values were not zero-filled,provisional_structured
PVV,False,False,False,False,False,0,revenue;gross_profit;net_income;total_assets;total_liabilities;equity;cfo;capex,L4_CACHE_PRESENT,INSUFFICIENT_DATA,provisional structured data only; missing values were not zero-filled,provisional_structured
PVX,False,False,False,False,False,0,revenue;gross_profit;net_income;total_assets;total_liabilities;equity;cfo;capex,L4_CACHE_PRESENT,INSUFFICIENT_DATA,provisional structured data only; missing values were not zero-filled,provisional_structured
PVY,False,False,False,False,False,0,revenue;gross_profit;net_income;total_assets;total_liabilities;equity;cfo;capex,L4_CACHE_PRESENT,INSUFFICIENT_DATA,provisional structured data only; missing values were not zero-filled,provisional_structured
PWA,False,False,False,False,False,0,revenue;gross_profit;net_income;total_assets;total_liabilities;equity;cfo;capex,L4_CACHE_PRESENT,INSUFFICIENT_DATA,provisional structured data only; missing values were not zero-filled,provisional_structured
PWS,False,False,False,False,False,0,revenue;gross_profit;net_income;total_assets;total_liabilities;equity;cfo;capex,L4_CACHE_PRESENT,INSUFFICIENT_DATA,provisional structured data only; missing values were not zero-filled,provisional_structured
PX1,False,False,False,False,False,0,revenue;gross_profit;net_income;total_assets;total_liabilities;equity;cfo;capex,L4_CACHE_PRESENT,INSUFFICIENT_DATA,provisional structured data only; missing values were not zero-filled,provisional_structured
PXA,False,False,False,False,False,0,revenue;gross_profit;net_income;total_assets;total_liabilities;equity;cfo;capex,L4_CACHE_PRESENT,INSUFFICIENT_DATA,provisional structured data only; missing values were not zero-filled,provisional_structured
PXC,False,False,False,False,False,0,revenue;gross_profit;net_income;total_assets;total_liabilities;equity;cfo;capex,L4_CACHE_PRESENT,INSUFFICIENT_DATA,provisional structured data only; missing values were not zero-filled,provisional_structured
PXI,False,False,False,False,False,0,revenue;gross_profit;net_income;total_assets;total_liabilities;equity;cfo;capex,L4_CACHE_PRESENT,INSUFFICIENT_DATA,provisional structured data only; missing values were not zero-filled,provisional_structured
PXL,False,False,False,False,False,0,revenue;gross_profit;net_income;total_assets;total_liabilities;equity;cfo;capex,L4_CACHE_PRESENT,INSUFFICIENT_DATA,provisional structured data only; missing values were not zero-filled,provisional_structured
PXM,False,False,False,False,False,0,revenue;gross_profit;net_income;total_assets;total_liabilities;equity;cfo;capex,L4_CACHE_PRESENT,INSUFFICIENT_DATA,provisional structured data only; missing values were not zero-filled,provisional_structured
PXS,False,False,False,False,False,0,revenue;gross_profit;net_income;total_assets;total_liabilities;equity;cfo;capex,L4_CACHE_PRESENT,INSUFFICIENT_DATA,provisional structured data only; missing values were not zero-filled,provisional_structured
PXT,False,False,False,False,False,0,revenue;gross_profit;net_income;total_assets;total_liabilities;equity;cfo;capex,L4_CACHE_PRESENT,INSUFFICIENT_DATA,provisional structured data only; missing values were not zero-filled,provisional_structured
PYU,False,False,False,False,False,0,revenue;gross_profit;net_income;total_assets;total_liabilities;equity;cfo;capex,L4_CACHE_PRESENT,INSUFFICIENT_DATA,provisional structured data only; missing values were not zero-filled,provisional_structured
QBS,False,False,False,False,False,0,revenue;gross_profit;net_income;total_assets;total_liabilities;equity;cfo;capex,L4_CACHE_PRESENT,INSUFFICIENT_DATA,provisional structured data only; missing values were not zero-filled,provisional_structured
QCC,False,False,False,False,False,0,revenue;gross_profit;net_income;total_assets;total_liabilities;equity;cfo;capex,L4_CACHE_PRESENT,INSUFFICIENT_DATA,provisional structured data only; missing values were not zero-filled,provisional_structured
QCG,False,False,False,False,False,0,revenue;gross_profit;net_income;total_assets;total_liabilities;equity;cfo;capex,L4_CACHE_PRESENT,INSUFFICIENT_DATA,provisional structured data only; missing values were not zero-filled,provisional_structured
QHD,False,False,False,False,False,0,revenue;gross_profit;net_income;total_assets;total_liabilities;equity;cfo;capex,L4_CACHE_PRESENT,INSUFFICIENT_DATA,provisional structured data only; missing values were not zero-filled,provisional_structured
QHW,False,False,False,False,False,0,revenue;gross_profit;net_income;total_assets;total_liabilities;equity;cfo;capex,L4_CACHE_PRESENT,INSUFFICIENT_DATA,provisional structured data only; missing values were not zero-filled,provisional_structured
QLD,False,False,False,False,False,0,revenue;gross_profit;net_income;total_assets;total_liabilities;equity;cfo;capex,L4_CACHE_PRESENT,INSUFFICIENT_DATA,provisional structured data only; missing values were not zero-filled,provisional_structured
QLT,False,False,False,False,False,0,revenue;gross_profit;net_income;total_assets;total_liabilities;equity;cfo;capex,L4_CACHE_PRESENT,INSUFFICIENT_DATA,provisional structured data only; missing values were not zero-filled,provisional_structured
QNC,False,False,False,False,False,0,revenue;gross_profit;net_income;total_assets;total_liabilities;equity;cfo;capex,L4_CACHE_PRESENT,INSUFFICIENT_DATA,provisional structured data only; missing values were not zero-filled,provisional_structured
QNP,False,False,False,False,False,0,revenue;gross_profit;net_income;total_assets;total_liabilities;equity;cfo;capex,L4_CACHE_PRESENT,INSUFFICIENT_DATA,provisional structured data only; missing values were not zero-filled,provisional_structured
QNS,False,False,False,False,False,0,revenue;gross_profit;net_income;total_assets;total_liabilities;equity;cfo;capex,L4_CACHE_PRESENT,INSUFFICIENT_DATA,provisional structured data only; missing values were not zero-filled,provisional_structured
QNT,False,False,False,False,False,0,revenue;gross_profit;net_income;total_assets;total_liabilities;equity;cfo;capex,L4_CACHE_PRESENT,INSUFFICIENT_DATA,provisional structured data only; missing values were not zero-filled,provisional_structured
QNU,False,False,False,False,False,0,revenue;gross_profit;net_income;total_assets;total_liabilities;equity;cfo;capex,L4_CACHE_PRESENT,INSUFFICIENT_DATA,provisional structured data only; missing values were not zero-filled,provisional_structured
QNW,False,False,False,False,False,0,revenue;gross_profit;net_income;total_assets;total_liabilities;equity;cfo;capex,L4_CACHE_PRESENT,INSUFFICIENT_DATA,provisional structured data only; missing values were not zero-filled,provisional_structured
QPH,False,False,False,False,False,0,revenue;gross_profit;net_income;total_assets;total_liabilities;equity;cfo;capex,L4_CACHE_PRESENT,INSUFFICIENT_DATA,provisional structured data only; missing values were not zero-filled,provisional_structured
QSP,False,False,False,False,False,0,revenue;gross_profit;net_income;total_assets;total_liabilities;equity;cfo;capex,L4_CACHE_PRESENT,INSUFFICIENT_DATA,provisional structured data only; missing values were not zero-filled,provisional_structured
QST,False,False,False,False,False,0,revenue;gross_profit;net_income;total_assets;total_liabilities;equity;cfo;capex,L4_CACHE_PRESENT,INSUFFICIENT_DATA,provisional structured data only; missing values were not zero-filled,provisional_structured
QTC,False,False,False,False,False,0,revenue;gross_profit;net_income;total_assets;total_liabilities;equity;cfo;capex,L4_CACHE_PRESENT,INSUFFICIENT_DATA,provisional structured data only; missing values were not zero-filled,provisional_structured
QTP,False,False,False,False,False,0,revenue;gross_profit;net_income;total_assets;total_liabilities;equity;cfo;capex,L4_CACHE_PRESENT,INSUFFICIENT_DATA,provisional structured data only; missing values were not zero-filled,provisional_structured
RAL,False,False,False,False,False,0,revenue;gross_profit;net_income;total_assets;total_liabilities;equity;cfo;capex,L4_CACHE_PRESENT,INSUFFICIENT_DATA,provisional structured data only; missing values were not zero-filled,provisional_structured
RAT,False,False,False,False,False,0,revenue;gross_profit;net_income;total_assets;total_liabilities;equity;cfo;capex,L4_CACHE_PRESENT,INSUFFICIENT_DATA,provisional structured data only; missing values were not zero-filled,provisional_structured
RBC,False,False,False,False,False,0,revenue;gross_profit;net_income;total_assets;total_liabilities;equity;cfo;capex,L4_CACHE_PRESENT,INSUFFICIENT_DATA,provisional structured data only; missing values were not zero-filled,provisional_structured
RCC,False,False,False,False,False,0,revenue;gross_profit;net_income;total_assets;total_liabilities;equity;cfo;capex,L4_CACHE_PRESENT,INSUFFICIENT_DATA,provisional structured data only; missing values were not zero-filled,provisional_structured
RCD,False,False,False,False,False,0,revenue;gross_profit;net_income;total_assets;total_liabilities;equity;cfo;capex,L4_CACHE_PRESENT,INSUFFICIENT_DATA,provisional structured data only; missing values were not zero-filled,provisional_structured
RCL,False,False,False,False,False,0,revenue;gross_profit;net_income;total_assets;total_liabilities;equity;cfo;capex,L4_CACHE_PRESENT,INSUFFICIENT_DATA,provisional structured data only; missing values were not zero-filled,provisional_structured
RDP,False,False,False,False,False,0,revenue;gross_profit;net_income;total_assets;total_liabilities;equity;cfo;capex,L4_CACHE_PRESENT,INSUFFICIENT_DATA,provisional structured data only; missing values were not zero-filled,provisional_structured
REE,False,False,False,False,False,0,revenue;gross_profit;net_income;total_assets;total_liabilities;equity;cfo;capex,L4_CACHE_PRESENT,INSUFFICIENT_DATA,provisional structured data only; missing values were not zero-filled,provisional_structured
RGC,False,False,False,False,False,0,revenue;gross_profit;net_income;total_assets;total_liabilities;equity;cfo;capex,L4_CACHE_PRESENT,INSUFFICIENT_DATA,provisional structured data only; missing values were not zero-filled,provisional_structured
RGG,False,False,False,False,False,0,revenue;gross_profit;net_income;total_assets;total_liabilities;equity;cfo;capex,L4_CACHE_PRESENT,INSUFFICIENT_DATA,provisional structured data only; missing values were not zero-filled,provisional_structured
RIC,False,False,False,False,False,0,revenue;gross_profit;net_income;total_assets;total_liabilities;equity;cfo;capex,L4_CACHE_PRESENT,INSUFFICIENT_DATA,provisional structured data only; missing values were not zero-filled,provisional_structured
ROS,False,False,False,False,False,0,revenue;gross_profit;net_income;total_assets;total_liabilities;equity;cfo;capex,L4_CACHE_PRESENT,INSUFFICIENT_DATA,provisional structured data only; missing values were not zero-filled,provisional_structured
RTB,False,False,False,False,False,0,revenue;gross_profit;net_income;total_assets;total_liabilities;equity;cfo;capex,L4_CACHE_PRESENT,INSUFFICIENT_DATA,provisional structured data only; missing values were not zero-filled,provisional_structured
RYG,False,False,False,False,False,0,revenue;gross_profit;net_income;total_assets;total_liabilities;equity;cfo;capex,L4_CACHE_PRESENT,INSUFFICIENT_DATA,provisional structured data only; missing values were not zero-filled,provisional_structured
S12,False,False,False,False,False,0,revenue;gross_profit;net_income;total_assets;total_liabilities;equity;cfo;capex,L4_CACHE_PRESENT,INSUFFICIENT_DATA,provisional structured data only; missing values were not zero-filled,provisional_structured
S27,False,False,False,False,False,0,revenue;gross_profit;net_income;total_assets;total_liabilities;equity;cfo;capex,L4_CACHE_PRESENT,INSUFFICIENT_DATA,provisional structured data only; missing values were not zero-filled,provisional_structured
S4A,False,False,False,False,False,0,revenue;gross_profit;net_income;total_assets;total_liabilities;equity;cfo;capex,L4_CACHE_PRESENT,INSUFFICIENT_DATA,provisional structured data only; missing values were not zero-filled,provisional_structured
S55,False,False,False,False,False,0,revenue;gross_profit;net_income;total_assets;total_liabilities;equity;cfo;capex,L4_CACHE_PRESENT,INSUFFICIENT_DATA,provisional structured data only; missing values were not zero-filled,provisional_structured
S72,False,False,False,False,False,0,revenue;gross_profit;net_income;total_assets;total_liabilities;equity;cfo;capex,L4_CACHE_PRESENT,INSUFFICIENT_DATA,provisional structured data only; missing values were not zero-filled,provisional_structured
S74,False,False,False,False,False,0,revenue;gross_profit;net_income;total_assets;total_liabilities;equity;cfo;capex,L4_CACHE_PRESENT,INSUFFICIENT_DATA,provisional structured data only; missing values were not zero-filled,provisional_structured
S96,False,False,False,False,False,0,revenue;gross_profit;net_income;total_assets;total_liabilities;equity;cfo;capex,L4_CACHE_PRESENT,INSUFFICIENT_DATA,provisional structured data only; missing values were not zero-filled,provisional_structured
S99,False,False,False,False,False,0,revenue;gross_profit;net_income;total_assets;total_liabilities;equity;cfo;capex,L4_CACHE_PRESENT,INSUFFICIENT_DATA,provisional structured data only; missing values were not zero-filled,provisional_structured
SAB,False,False,False,False,False,0,revenue;gross_profit;net_income;total_assets;total_liabilities;equity;cfo;capex,L4_CACHE_PRESENT,INSUFFICIENT_DATA,provisional structured data only; missing values were not zero-filled,provisional_structured
SAC,False,False,False,False,False,0,revenue;gross_profit;net_income;total_assets;total_liabilities;equity;cfo;capex,L4_CACHE_PRESENT,INSUFFICIENT_DATA,provisional structured data only; missing values were not zero-filled,provisional_structured
SAF,False,False,False,False,False,0,revenue;gross_profit;net_income;total_assets;total_liabilities;equity;cfo;capex,L4_CACHE_PRESENT,INSUFFICIENT_DATA,provisional structured data only; missing values were not zero-filled,provisional_structured
SAL,False,False,False,False,False,0,revenue;gross_profit;net_income;total_assets;total_liabilities;equity;cfo;capex,L4_CACHE_PRESENT,INSUFFICIENT_DATA,provisional structured data only; missing values were not zero-filled,provisional_structured
SAM,False,False,False,False,False,0,revenue;gross_profit;net_income;total_assets;total_liabilities;equity;cfo;capex,L4_CACHE_PRESENT,INSUFFICIENT_DATA,provisional structured data only; missing values were not zero-filled,provisional_structured
SAP,False,False,False,False,False,0,revenue;gross_profit;net_income;total_assets;total_liabilities;equity;cfo;capex,L4_CACHE_PRESENT,INSUFFICIENT_DATA,provisional structured data only; missing values were not zero-filled,provisional_structured
SAS,False,False,False,False,False,0,revenue;gross_profit;net_income;total_assets;total_liabilities;equity;cfo;capex,L4_CACHE_PRESENT,INSUFFICIENT_DATA,provisional structured data only; missing values were not zero-filled,provisional_structured
SAV,False,False,False,False,False,0,revenue;gross_profit;net_income;total_assets;total_liabilities;equity;cfo;capex,L4_CACHE_PRESENT,INSUFFICIENT_DATA,provisional structured data only; missing values were not zero-filled,provisional_structured
SB1,False,False,False,False,False,0,revenue;gross_profit;net_income;total_assets;total_liabilities;equity;cfo;capex,L4_CACHE_PRESENT,INSUFFICIENT_DATA,provisional structured data only; missing values were not zero-filled,provisional_structured
SBA,False,False,False,False,False,0,revenue;gross_profit;net_income;total_assets;total_liabilities;equity;cfo;capex,L4_CACHE_PRESENT,INSUFFICIENT_DATA,provisional structured data only; missing values were not zero-filled,provisional_structured
SBB,False,False,False,False,False,0,revenue;gross_profit;net_income;total_assets;total_liabilities;equity;cfo;capex,L4_CACHE_PRESENT,INSUFFICIENT_DATA,provisional structured data only; missing values were not zero-filled,provisional_structured
SBD,False,False,False,False,False,0,revenue;gross_profit;net_income;total_assets;total_liabilities;equity;cfo;capex,L4_CACHE_PRESENT,INSUFFICIENT_DATA,provisional structured data only; missing values were not zero-filled,provisional_structured
SBG,False,False,False,False,False,0,revenue;gross_profit;net_income;total_assets;total_liabilities;equity;cfo;capex,L4_CACHE_PRESENT,INSUFFICIENT_DATA,provisional structured data only; missing values were not zero-filled,provisional_structured
SBH,False,False,False,False,False,0,revenue;gross_profit;net_income;total_assets;total_liabilities;equity;cfo;capex,L4_CACHE_PRESENT,INSUFFICIENT_DATA,provisional structured data only; missing values were not zero-filled,provisional_structured
SBL,False,False,False,False,False,0,revenue;gross_profit;net_income;total_assets;total_liabilities;equity;cfo;capex,L4_CACHE_PRESENT,INSUFFICIENT_DATA,provisional structured data only; missing values were not zero-filled,provisional_structured
SBM,False,False,False,False,False,0,revenue;gross_profit;net_income;total_assets;total_liabilities;equity;cfo;capex,L4_CACHE_PRESENT,INSUFFICIENT_DATA,provisional structured data only; missing values were not zero-filled,provisional_structured
SBR,False,False,False,False,False,0,revenue;gross_profit;net_income;total_assets;total_liabilities;equity;cfo;capex,L4_CACHE_PRESENT,INSUFFICIENT_DATA,provisional structured data only; missing values were not zero-filled,provisional_structured
SBS,False,False,False,False,False,0,revenue;gross_profit;net_income;total_assets;total_liabilities;equity;cfo;capex,L4_CACHE_PRESENT,INSUFFICIENT_DATA,provisional structured data only; missing values were not zero-filled,provisional_structured
SBT,False,False,False,False,False,0,revenue;gross_profit;net_income;total_assets;total_liabilities;equity;cfo;capex,L4_CACHE_PRESENT,INSUFFICIENT_DATA,provisional structured data only; missing values were not zero-filled,provisional_structured
SBV,False,False,False,False,False,0,revenue;gross_profit;net_income;total_assets;total_liabilities;equity;cfo;capex,L4_CACHE_PRESENT,INSUFFICIENT_DATA,provisional structured data only; missing values were not zero-filled,provisional_structured
SC5,False,False,False,False,False,0,revenue;gross_profit;net_income;total_assets;total_liabilities;equity;cfo;capex,L4_CACHE_PRESENT,INSUFFICIENT_DATA,provisional structured data only; missing values were not zero-filled,provisional_structured
SCA,False,False,False,False,False,0,revenue;gross_profit;net_income;total_assets;total_liabilities;equity;cfo;capex,L4_CACHE_PRESENT,INSUFFICIENT_DATA,provisional structured data only; missing values were not zero-filled,provisional_structured
SCC,False,False,False,False,False,0,revenue;gross_profit;net_income;total_assets;total_liabilities;equity;cfo;capex,L4_CACHE_PRESENT,INSUFFICIENT_DATA,provisional structured data only; missing values were not zero-filled,provisional_structured
SCD,False,False,False,False,False,0,revenue;gross_profit;net_income;total_assets;total_liabilities;equity;cfo;capex,L4_CACHE_PRESENT,INSUFFICIENT_DATA,provisional structured data only; missing values were not zero-filled,provisional_structured
SCG,False,False,False,False,False,0,revenue;gross_profit;net_income;total_assets;total_liabilities;equity;cfo;capex,L4_CACHE_PRESENT,INSUFFICIENT_DATA,provisional structured data only; missing values were not zero-filled,provisional_structured
SCI,False,False,False,False,False,0,revenue;gross_profit;net_income;total_assets;total_liabilities;equity;cfo;capex,L4_CACHE_PRESENT,INSUFFICIENT_DATA,provisional structured data only; missing values were not zero-filled,provisional_structured
SCJ,False,False,False,False,False,0,revenue;gross_profit;net_income;total_assets;total_liabilities;equity;cfo;capex,L4_CACHE_PRESENT,INSUFFICIENT_DATA,provisional structured data only; missing values were not zero-filled,provisional_structured
SCL,False,False,False,False,False,0,revenue;gross_profit;net_income;total_assets;total_liabilities;equity;cfo;capex,L4_CACHE_PRESENT,INSUFFICIENT_DATA,provisional structured data only; missing values were not zero-filled,provisional_structured
SCO,False,False,False,False,False,0,revenue;gross_profit;net_income;total_assets;total_liabilities;equity;cfo;capex,L4_CACHE_PRESENT,INSUFFICIENT_DATA,provisional structured data only; missing values were not zero-filled,provisional_structured
SCR,False,False,False,False,False,0,revenue;gross_profit;net_income;total_assets;total_liabilities;equity;cfo;capex,L4_CACHE_PRESENT,INSUFFICIENT_DATA,provisional structured data only; missing values were not zero-filled,provisional_structured
SCS,False,False,False,False,False,0,revenue;gross_profit;net_income;total_assets;total_liabilities;equity;cfo;capex,L4_CACHE_PRESENT,INSUFFICIENT_DATA,provisional structured data only; missing values were not zero-filled,provisional_structured
SCV,False,False,False,False,False,0,revenue;gross_profit;net_income;total_assets;total_liabilities;equity;cfo;capex,L4_CACHE_PRESENT,INSUFFICIENT_DATA,provisional structured data only; missing values were not zero-filled,provisional_structured
SCY,False,False,False,False,False,0,revenue;gross_profit;net_income;total_assets;total_liabilities;equity;cfo;capex,L4_CACHE_PRESENT,INSUFFICIENT_DATA,provisional structured data only; missing values were not zero-filled,provisional_structured
SD1,False,False,False,False,False,0,revenue;gross_profit;net_income;total_assets;total_liabilities;equity;cfo;capex,L4_CACHE_PRESENT,INSUFFICIENT_DATA,provisional structured data only; missing values were not zero-filled,provisional_structured
SD2,False,False,False,False,False,0,revenue;gross_profit;net_income;total_assets;total_liabilities;equity;cfo;capex,L4_CACHE_PRESENT,INSUFFICIENT_DATA,provisional structured data only; missing values were not zero-filled,provisional_structured
SD3,False,False,False,False,False,0,revenue;gross_profit;net_income;total_assets;total_liabilities;equity;cfo;capex,L4_CACHE_PRESENT,INSUFFICIENT_DATA,provisional structured data only; missing values were not zero-filled,provisional_structured
SD4,False,False,False,False,False,0,revenue;gross_profit;net_income;total_assets;total_liabilities;equity;cfo;capex,L4_CACHE_PRESENT,INSUFFICIENT_DATA,provisional structured data only; missing values were not zero-filled,provisional_structured
SD5,False,False,False,False,False,0,revenue;gross_profit;net_income;total_assets;total_liabilities;equity;cfo;capex,L4_CACHE_PRESENT,INSUFFICIENT_DATA,provisional structured data only; missing values were not zero-filled,provisional_structured
SD6,False,False,False,False,False,0,revenue;gross_profit;net_income;total_assets;total_liabilities;equity;cfo;capex,L4_CACHE_PRESENT,INSUFFICIENT_DATA,provisional structured data only; missing values were not zero-filled,provisional_structured
SD7,False,False,False,False,False,0,revenue;gross_profit;net_income;total_assets;total_liabilities;equity;cfo;capex,L4_CACHE_PRESENT,INSUFFICIENT_DATA,provisional structured data only; missing values were not zero-filled,provisional_structured
SD8,False,False,False,False,False,0,revenue;gross_profit;net_income;total_assets;total_liabilities;equity;cfo;capex,L4_CACHE_PRESENT,INSUFFICIENT_DATA,provisional structured data only; missing values were not zero-filled,provisional_structured
SD9,False,False,False,False,False,0,revenue;gross_profit;net_income;total_assets;total_liabilities;equity;cfo;capex,L4_CACHE_PRESENT,INSUFFICIENT_DATA,provisional structured data only; missing values were not zero-filled,provisional_structured
SDA,False,False,False,False,False,0,revenue;gross_profit;net_income;total_assets;total_liabilities;equity;cfo;capex,L4_CACHE_PRESENT,INSUFFICIENT_DATA,provisional structured data only; missing values were not zero-filled,provisional_structured
SDB,False,False,False,False,False,0,revenue;gross_profit;net_income;total_assets;total_liabilities;equity;cfo;capex,L4_CACHE_PRESENT,INSUFFICIENT_DATA,provisional structured data only; missing values were not zero-filled,provisional_structured
SDC,False,False,False,False,False,0,revenue;gross_profit;net_income;total_assets;total_liabilities;equity;cfo;capex,L4_CACHE_PRESENT,INSUFFICIENT_DATA,provisional structured data only; missing values were not zero-filled,provisional_structured
SDD,False,False,False,False,False,0,revenue;gross_profit;net_income;total_assets;total_liabilities;equity;cfo;capex,L4_CACHE_PRESENT,INSUFFICIENT_DATA,provisional structured data only; missing values were not zero-filled,provisional_structured
SDG,False,False,False,False,False,0,revenue;gross_profit;net_income;total_assets;total_liabilities;equity;cfo;capex,L4_CACHE_PRESENT,INSUFFICIENT_DATA,provisional structured data only; missing values were not zero-filled,provisional_structured
SDH,False,False,False,False,False,0,revenue;gross_profit;net_income;total_assets;total_liabilities;equity;cfo;capex,L4_CACHE_PRESENT,INSUFFICIENT_DATA,provisional structured data only; missing values were not zero-filled,provisional_structured
SDJ,False,False,False,False,False,0,revenue;gross_profit;net_income;total_assets;total_liabilities;equity;cfo;capex,L4_CACHE_PRESENT,INSUFFICIENT_DATA,provisional structured data only; missing values were not zero-filled,provisional_structured
SDK,False,False,False,False,False,0,revenue;gross_profit;net_income;total_assets;total_liabilities;equity;cfo;capex,L4_CACHE_PRESENT,INSUFFICIENT_DATA,provisional structured data only; missing values were not zero-filled,provisional_structured
SDN,False,False,False,False,False,0,revenue;gross_profit;net_income;total_assets;total_liabilities;equity;cfo;capex,L4_CACHE_PRESENT,INSUFFICIENT_DATA,provisional structured data only; missing values were not zero-filled,provisional_structured
SDP,False,False,False,False,False,0,revenue;gross_profit;net_income;total_assets;total_liabilities;equity;cfo;capex,L4_CACHE_PRESENT,INSUFFICIENT_DATA,provisional structured data only; missing values were not zero-filled,provisional_structured
SDT,False,False,False,False,False,0,revenue;gross_profit;net_income;total_assets;total_liabilities;equity;cfo;capex,L4_CACHE_PRESENT,INSUFFICIENT_DATA,provisional structured data only; missing values were not zero-filled,provisional_structured
SDU,False,False,False,False,False,0,revenue;gross_profit;net_income;total_assets;total_liabilities;equity;cfo;capex,L4_CACHE_PRESENT,INSUFFICIENT_DATA,provisional structured data only; missing values were not zero-filled,provisional_structured
SDV,False,False,False,False,False,0,revenue;gross_profit;net_income;total_assets;total_liabilities;equity;cfo;capex,L4_CACHE_PRESENT,INSUFFICIENT_DATA,provisional structured data only; missing values were not zero-filled,provisional_structured
SDX,False,False,False,False,False,0,revenue;gross_profit;net_income;total_assets;total_liabilities;equity;cfo;capex,L4_CACHE_PRESENT,INSUFFICIENT_DATA,provisional structured data only; missing values were not zero-filled,provisional_structured
SDY,False,False,False,False,False,0,revenue;gross_profit;net_income;total_assets;total_liabilities;equity;cfo;capex,L4_CACHE_PRESENT,INSUFFICIENT_DATA,provisional structured data only; missing values were not zero-filled,provisional_structured
SEA,False,False,False,False,False,0,revenue;gross_profit;net_income;total_assets;total_liabilities;equity;cfo;capex,L4_CACHE_PRESENT,INSUFFICIENT_DATA,provisional structured data only; missing values were not zero-filled,provisional_structured
SEB,False,False,False,False,False,0,revenue;gross_profit;net_income;total_assets;total_liabilities;equity;cfo;capex,L4_CACHE_PRESENT,INSUFFICIENT_DATA,provisional structured data only; missing values were not zero-filled,provisional_structured
SED,False,False,False,False,False,0,revenue;gross_profit;net_income;total_assets;total_liabilities;equity;cfo;capex,L4_CACHE_PRESENT,INSUFFICIENT_DATA,provisional structured data only; missing values were not zero-filled,provisional_structured
SEP,False,False,False,False,False,0,revenue;gross_profit;net_income;total_assets;total_liabilities;equity;cfo;capex,L4_CACHE_PRESENT,INSUFFICIENT_DATA,provisional structured data only; missing values were not zero-filled,provisional_structured
SFC,False,False,False,False,False,0,revenue;gross_profit;net_income;total_assets;total_liabilities;equity;cfo;capex,L4_CACHE_PRESENT,INSUFFICIENT_DATA,provisional structured data only; missing values were not zero-filled,provisional_structured
SFG,False,False,False,False,False,0,revenue;gross_profit;net_income;total_assets;total_liabilities;equity;cfo;capex,L4_CACHE_PRESENT,INSUFFICIENT_DATA,provisional structured data only; missing values were not zero-filled,provisional_structured
SFI,False,False,False,False,False,0,revenue;gross_profit;net_income;total_assets;total_liabilities;equity;cfo;capex,L4_CACHE_PRESENT,INSUFFICIENT_DATA,provisional structured data only; missing values were not zero-filled,provisional_structured
SFN,False,False,False,False,False,0,revenue;gross_profit;net_income;total_assets;total_liabilities;equity;cfo;capex,L4_CACHE_PRESENT,INSUFFICIENT_DATA,provisional structured data only; missing values were not zero-filled,provisional_structured
SGB,False,False,False,False,False,0,revenue;gross_profit;net_income;total_assets;total_liabilities;equity;cfo;capex,L4_CACHE_PRESENT,INSUFFICIENT_DATA,provisional structured data only; missing values were not zero-filled,provisional_structured
SGC,False,False,False,False,False,0,revenue;gross_profit;net_income;total_assets;total_liabilities;equity;cfo;capex,L4_CACHE_PRESENT,INSUFFICIENT_DATA,provisional structured data only; missing values were not zero-filled,provisional_structured
SGD,False,False,False,False,False,0,revenue;gross_profit;net_income;total_assets;total_liabilities;equity;cfo;capex,L4_CACHE_PRESENT,INSUFFICIENT_DATA,provisional structured data only; missing values were not zero-filled,provisional_structured
SGH,False,False,False,False,False,0,revenue;gross_profit;net_income;total_assets;total_liabilities;equity;cfo;capex,L4_CACHE_PRESENT,INSUFFICIENT_DATA,provisional structured data only; missing values were not zero-filled,provisional_structured
SGI,False,False,False,False,False,0,revenue;gross_profit;net_income;total_assets;total_liabilities;equity;cfo;capex,L4_CACHE_PRESENT,INSUFFICIENT_DATA,provisional structured data only; missing values were not zero-filled,provisional_structured
SGN,False,False,False,False,False,0,revenue;gross_profit;net_income;total_assets;total_liabilities;equity;cfo;capex,L4_CACHE_PRESENT,INSUFFICIENT_DATA,provisional structured data only; missing values were not zero-filled,provisional_structured
SGO,False,False,False,False,False,0,revenue;gross_profit;net_income;total_assets;total_liabilities;equity;cfo;capex,L4_CACHE_PRESENT,INSUFFICIENT_DATA,provisional structured data only; missing values were not zero-filled,provisional_structured
SGP,False,False,False,False,False,0,revenue;gross_profit;net_income;total_assets;total_liabilities;equity;cfo;capex,L4_CACHE_PRESENT,INSUFFICIENT_DATA,provisional structured data only; missing values were not zero-filled,provisional_structured
SGR,False,False,False,False,False,0,revenue;gross_profit;net_income;total_assets;total_liabilities;equity;cfo;capex,L4_CACHE_PRESENT,INSUFFICIENT_DATA,provisional structured data only; missing values were not zero-filled,provisional_structured
SGS,False,False,False,False,False,0,revenue;gross_profit;net_income;total_assets;total_liabilities;equity;cfo;capex,L4_CACHE_PRESENT,INSUFFICIENT_DATA,provisional structured data only; missing values were not zero-filled,provisional_structured
SGT,False,False,False,False,False,0,revenue;gross_profit;net_income;total_assets;total_liabilities;equity;cfo;capex,L4_CACHE_PRESENT,INSUFFICIENT_DATA,provisional structured data only; missing values were not zero-filled,provisional_structured
SHA,False,False,False,False,False,0,revenue;gross_profit;net_income;total_assets;total_liabilities;equity;cfo;capex,L4_CACHE_PRESENT,INSUFFICIENT_DATA,provisional structured data only; missing values were not zero-filled,provisional_structured
SHB,False,False,False,False,False,0,revenue;gross_profit;net_income;total_assets;total_liabilities;equity;cfo;capex,L4_CACHE_PRESENT,INSUFFICIENT_DATA,provisional structured data only; missing values were not zero-filled,provisional_structured
SHC,False,False,False,False,False,0,revenue;gross_profit;net_income;total_assets;total_liabilities;equity;cfo;capex,L4_CACHE_PRESENT,INSUFFICIENT_DATA,provisional structured data only; missing values were not zero-filled,provisional_structured
SHE,False,False,False,False,False,0,revenue;gross_profit;net_income;total_assets;total_liabilities;equity;cfo;capex,L4_CACHE_PRESENT,INSUFFICIENT_DATA,provisional structured data only; missing values were not zero-filled,provisional_structured
SHG,False,False,False,False,False,0,revenue;gross_profit;net_income;total_assets;total_liabilities;equity;cfo;capex,L4_CACHE_PRESENT,INSUFFICIENT_DATA,provisional structured data only; missing values were not zero-filled,provisional_structured
SHI,False,False,False,False,False,0,revenue;gross_profit;net_income;total_assets;total_liabilities;equity;cfo;capex,L4_CACHE_PRESENT,INSUFFICIENT_DATA,provisional structured data only; missing values were not zero-filled,provisional_structured
SHN,False,False,False,False,False,0,revenue;gross_profit;net_income;total_assets;total_liabilities;equity;cfo;capex,L4_CACHE_PRESENT,INSUFFICIENT_DATA,provisional structured data only; missing values were not zero-filled,provisional_structured
SHP,False,False,False,False,False,0,revenue;gross_profit;net_income;total_assets;total_liabilities;equity;cfo;capex,L4_CACHE_PRESENT,INSUFFICIENT_DATA,provisional structured data only; missing values were not zero-filled,provisional_structured
SHS,False,False,False,False,False,0,revenue;gross_profit;net_income;total_assets;total_liabilities;equity;cfo;capex,L4_CACHE_PRESENT,INSUFFICIENT_DATA,provisional structured data only; missing values were not zero-filled,provisional_structured
SHX,False,False,False,False,False,0,revenue;gross_profit;net_income;total_assets;total_liabilities;equity;cfo;capex,L4_CACHE_PRESENT,INSUFFICIENT_DATA,provisional structured data only; missing values were not zero-filled,provisional_structured
SIC,False,False,False,False,False,0,revenue;gross_profit;net_income;total_assets;total_liabilities;equity;cfo;capex,L4_CACHE_PRESENT,INSUFFICIENT_DATA,provisional structured data only; missing values were not zero-filled,provisional_structured
SID,False,False,False,False,False,0,revenue;gross_profit;net_income;total_assets;total_liabilities;equity;cfo;capex,L4_CACHE_PRESENT,INSUFFICIENT_DATA,provisional structured data only; missing values were not zero-filled,provisional_structured
SIG,False,False,False,False,False,0,revenue;gross_profit;net_income;total_assets;total_liabilities;equity;cfo;capex,L4_CACHE_PRESENT,INSUFFICIENT_DATA,provisional structured data only; missing values were not zero-filled,provisional_structured
SII,False,False,False,False,False,0,revenue;gross_profit;net_income;total_assets;total_liabilities;equity;cfo;capex,L4_CACHE_PRESENT,INSUFFICIENT_DATA,provisional structured data only; missing values were not zero-filled,provisional_structured
SIP,False,False,False,False,False,0,revenue;gross_profit;net_income;total_assets;total_liabilities;equity;cfo;capex,L4_CACHE_PRESENT,INSUFFICIENT_DATA,provisional structured data only; missing values were not zero-filled,provisional_structured
SIV,False,False,False,False,False,0,revenue;gross_profit;net_income;total_assets;total_liabilities;equity;cfo;capex,L4_CACHE_PRESENT,INSUFFICIENT_DATA,provisional structured data only; missing values were not zero-filled,provisional_structured
SJ1,False,False,False,False,False,0,revenue;gross_profit;net_income;total_assets;total_liabilities;equity;cfo;capex,L4_CACHE_PRESENT,INSUFFICIENT_DATA,provisional structured data only; missing values were not zero-filled,provisional_structured
SJC,False,False,False,False,False,0,revenue;gross_profit;net_income;total_assets;total_liabilities;equity;cfo;capex,L4_CACHE_PRESENT,INSUFFICIENT_DATA,provisional structured data only; missing values were not zero-filled,provisional_structured
SJD,False,False,False,False,False,0,revenue;gross_profit;net_income;total_assets;total_liabilities;equity;cfo;capex,L4_CACHE_PRESENT,INSUFFICIENT_DATA,provisional structured data only; missing values were not zero-filled,provisional_structured
SJE,False,False,False,False,False,0,revenue;gross_profit;net_income;total_assets;total_liabilities;equity;cfo;capex,L4_CACHE_PRESENT,INSUFFICIENT_DATA,provisional structured data only; missing values were not zero-filled,provisional_structured
SJF,False,False,False,False,False,0,revenue;gross_profit;net_income;total_assets;total_liabilities;equity;cfo;capex,L4_CACHE_PRESENT,INSUFFICIENT_DATA,provisional structured data only; missing values were not zero-filled,provisional_structured
SJG,False,False,False,False,False,0,revenue;gross_profit;net_income;total_assets;total_liabilities;equity;cfo;capex,L4_CACHE_PRESENT,INSUFFICIENT_DATA,provisional structured data only; missing values were not zero-filled,provisional_structured
SJM,False,False,False,False,False,0,revenue;gross_profit;net_income;total_assets;total_liabilities;equity;cfo;capex,L4_CACHE_PRESENT,INSUFFICIENT_DATA,provisional structured data only; missing values were not zero-filled,provisional_structured
SJS,False,False,False,False,False,0,revenue;gross_profit;net_income;total_assets;total_liabilities;equity;cfo;capex,L4_CACHE_PRESENT,INSUFFICIENT_DATA,provisional structured data only; missing values were not zero-filled,provisional_structured
SKG,False,False,False,False,False,0,revenue;gross_profit;net_income;total_assets;total_liabilities;equity;cfo;capex,L4_CACHE_PRESENT,INSUFFICIENT_DATA,provisional structured data only; missing values were not zero-filled,provisional_structured
SKH,False,False,False,False,False,0,revenue;gross_profit;net_income;total_assets;total_liabilities;equity;cfo;capex,L4_CACHE_PRESENT,INSUFFICIENT_DATA,provisional structured data only; missing values were not zero-filled,provisional_structured
SKN,False,False,False,False,False,0,revenue;gross_profit;net_income;total_assets;total_liabilities;equity;cfo;capex,L4_CACHE_PRESENT,INSUFFICIENT_DATA,provisional structured data only; missing values were not zero-filled,provisional_structured
SKV,False,False,False,False,False,0,revenue;gross_profit;net_income;total_assets;total_liabilities;equity;cfo;capex,L4_CACHE_PRESENT,INSUFFICIENT_DATA,provisional structured data only; missing values were not zero-filled,provisional_structured
SLD,False,False,False,False,False,0,revenue;gross_profit;net_income;total_assets;total_liabilities;equity;cfo;capex,L4_CACHE_PRESENT,INSUFFICIENT_DATA,provisional structured data only; missing values were not zero-filled,provisional_structured
SLS,False,False,False,False,False,0,revenue;gross_profit;net_income;total_assets;total_liabilities;equity;cfo;capex,L4_CACHE_PRESENT,INSUFFICIENT_DATA,provisional structured data only; missing values were not zero-filled,provisional_structured
SMA,False,False,False,False,False,0,revenue;gross_profit;net_income;total_assets;total_liabilities;equity;cfo;capex,L4_CACHE_PRESENT,INSUFFICIENT_DATA,provisional structured data only; missing values were not zero-filled,provisional_structured
SMB,False,False,False,False,False,0,revenue;gross_profit;net_income;total_assets;total_liabilities;equity;cfo;capex,L4_CACHE_PRESENT,INSUFFICIENT_DATA,provisional structured data only; missing values were not zero-filled,provisional_structured
SMC,False,False,False,False,False,0,revenue;gross_profit;net_income;total_assets;total_liabilities;equity;cfo;capex,L4_CACHE_PRESENT,INSUFFICIENT_DATA,provisional structured data only; missing values were not zero-filled,provisional_structured
SMN,False,False,False,False,False,0,revenue;gross_profit;net_income;total_assets;total_liabilities;equity;cfo;capex,L4_CACHE_PRESENT,INSUFFICIENT_DATA,provisional structured data only; missing values were not zero-filled,provisional_structured
SMT,False,False,False,False,False,0,revenue;gross_profit;net_income;total_assets;total_liabilities;equity;cfo;capex,L4_CACHE_PRESENT,INSUFFICIENT_DATA,provisional structured data only; missing values were not zero-filled,provisional_structured
SNC,False,False,False,False,True,0,revenue;gross_profit;net_income;total_assets;total_liabilities;equity;cfo;capex,L4_CACHE_PRESENT,PARTIAL_PROVISIONAL_DATA,provisional structured data only; missing values were not zero-filled,provisional_structured
SNZ,False,False,False,False,True,0,revenue;gross_profit;net_income;total_assets;total_liabilities;equity;cfo;capex,L4_CACHE_PRESENT,PARTIAL_PROVISIONAL_DATA,provisional structured data only; missing values were not zero-filled,provisional_structured
SON,False,False,False,False,True,0,revenue;gross_profit;net_income;total_assets;total_liabilities;equity;cfo;capex,L4_CACHE_PRESENT,PARTIAL_PROVISIONAL_DATA,provisional structured data only; missing values were not zero-filled,provisional_structured
SP2,False,False,False,False,True,0,revenue;gross_profit;net_income;total_assets;total_liabilities;equity;cfo;capex,L4_CACHE_PRESENT,PARTIAL_PROVISIONAL_DATA,provisional structured data only; missing values were not zero-filled,provisional_structured
SPA,False,False,False,False,True,0,revenue;gross_profit;net_income;total_assets;total_liabilities;equity;cfo;capex,L4_CACHE_PRESENT,PARTIAL_PROVISIONAL_DATA,provisional structured data only; missing values were not zero-filled,provisional_structured
SPB,False,False,False,False,False,0,revenue;gross_profit;net_income;total_assets;total_liabilities;equity;cfo;capex,L4_CACHE_PRESENT,INSUFFICIENT_DATA,provisional structured data only; missing values were not zero-filled,provisional_structured
SPC,False,False,False,False,False,0,revenue;gross_profit;net_income;total_assets;total_liabilities;equity;cfo;capex,L4_CACHE_PRESENT,INSUFFICIENT_DATA,provisional structured data only; missing values were not zero-filled,provisional_structured
SPD,False,False,False,False,False,0,revenue;gross_profit;net_income;total_assets;total_liabilities;equity;cfo;capex,L4_CACHE_PRESENT,INSUFFICIENT_DATA,provisional structured data only; missing values were not zero-filled,provisional_structured
SPH,False,False,False,False,False,0,revenue;gross_profit;net_income;total_assets;total_liabilities;equity;cfo;capex,L4_CACHE_PRESENT,INSUFFICIENT_DATA,provisional structured data only; missing values were not zero-filled,provisional_structured
SPI,False,False,False,False,True,0,revenue;gross_profit;net_income;total_assets;total_liabilities;equity;cfo;capex,L4_CACHE_PRESENT,PARTIAL_PROVISIONAL_DATA,provisional structured data only; missing values were not zero-filled,provisional_structured
SPM,False,False,False,False,True,0,revenue;gross_profit;net_income;total_assets;total_liabilities;equity;cfo;capex,L4_CACHE_PRESENT,PARTIAL_PROVISIONAL_DATA,provisional structured data only; missing values were not zero-filled,provisional_structured
SPP,False,False,False,False,True,0,revenue;gross_profit;net_income;total_assets;total_liabilities;equity;cfo;capex,L4_CACHE_PRESENT,PARTIAL_PROVISIONAL_DATA,provisional structured data only; missing values were not zero-filled,provisional_structured
SPV,False,False,False,False,True,0,revenue;gross_profit;net_income;total_assets;total_liabilities;equity;cfo;capex,L4_CACHE_PRESENT,PARTIAL_PROVISIONAL_DATA,provisional structured data only; missing values were not zero-filled,provisional_structured
SQC,False,False,False,False,True,0,revenue;gross_profit;net_income;total_assets;total_liabilities;equity;cfo;capex,L4_CACHE_PRESENT,PARTIAL_PROVISIONAL_DATA,provisional structured data only; missing values were not zero-filled,provisional_structured
SRA,False,False,False,False,True,0,revenue;gross_profit;net_income;total_assets;total_liabilities;equity;cfo;capex,L4_CACHE_PRESENT,PARTIAL_PROVISIONAL_DATA,provisional structured data only; missing values were not zero-filled,provisional_structured
SRB,False,False,False,False,True,0,revenue;gross_profit;net_income;total_assets;total_liabilities;equity;cfo;capex,L4_CACHE_PRESENT,PARTIAL_PROVISIONAL_DATA,provisional structured data only; missing values were not zero-filled,provisional_structured
SRC,False,False,False,False,False,0,revenue;gross_profit;net_income;total_assets;total_liabilities;equity;cfo;capex,L4_CACHE_PRESENT,INSUFFICIENT_DATA,provisional structured data only; missing values were not zero-filled,provisional_structured
SRF,False,False,False,False,False,0,revenue;gross_profit;net_income;total_assets;total_liabilities;equity;cfo;capex,L4_CACHE_PRESENT,INSUFFICIENT_DATA,provisional structured data only; missing values were not zero-filled,provisional_structured
SRT,False,False,False,False,False,0,revenue;gross_profit;net_income;total_assets;total_liabilities;equity;cfo;capex,L4_CACHE_PRESENT,INSUFFICIENT_DATA,provisional structured data only; missing values were not zero-filled,provisional_structured
SSB,False,False,False,False,False,0,revenue;gross_profit;net_income;total_assets;total_liabilities;equity;cfo;capex,L4_CACHE_PRESENT,INSUFFICIENT_DATA,provisional structured data only; missing values were not zero-filled,provisional_structured
SSC,False,False,False,False,False,0,revenue;gross_profit;net_income;total_assets;total_liabilities;equity;cfo;capex,L4_CACHE_PRESENT,INSUFFICIENT_DATA,provisional structured data only; missing values were not zero-filled,provisional_structured
SSF,False,False,False,False,False,0,revenue;gross_profit;net_income;total_assets;total_liabilities;equity;cfo;capex,L4_CACHE_PRESENT,INSUFFICIENT_DATA,provisional structured data only; missing values were not zero-filled,provisional_structured
SSG,False,False,False,False,False,0,revenue;gross_profit;net_income;total_assets;total_liabilities;equity;cfo;capex,L4_CACHE_PRESENT,INSUFFICIENT_DATA,provisional structured data only; missing values were not zero-filled,provisional_structured
SSH,False,False,False,False,False,0,revenue;gross_profit;net_income;total_assets;total_liabilities;equity;cfo;capex,L4_CACHE_PRESENT,INSUFFICIENT_DATA,provisional structured data only; missing values were not zero-filled,provisional_structured
SSI,False,False,False,False,False,0,revenue;gross_profit;net_income;total_assets;total_liabilities;equity;cfo;capex,L4_CACHE_PRESENT,INSUFFICIENT_DATA,provisional structured data only; missing values were not zero-filled,provisional_structured
SSM,False,False,False,False,False,0,revenue;gross_profit;net_income;total_assets;total_liabilities;equity;cfo;capex,L4_CACHE_PRESENT,INSUFFICIENT_DATA,provisional structured data only; missing values were not zero-filled,provisional_structured
SSN,False,False,False,False,False,0,revenue;gross_profit;net_income;total_assets;total_liabilities;equity;cfo;capex,L4_CACHE_PRESENT,INSUFFICIENT_DATA,provisional structured data only; missing values were not zero-filled,provisional_structured
SSU,False,False,False,False,False,0,revenue;gross_profit;net_income;total_assets;total_liabilities;equity;cfo;capex,L4_CACHE_PRESENT,INSUFFICIENT_DATA,provisional structured data only; missing values were not zero-filled,provisional_structured
ST8,False,False,False,False,False,0,revenue;gross_profit;net_income;total_assets;total_liabilities;equity;cfo;capex,L4_CACHE_PRESENT,INSUFFICIENT_DATA,provisional structured data only; missing values were not zero-filled,provisional_structured
STB,False,False,False,False,False,0,revenue;gross_profit;net_income;total_assets;total_liabilities;equity;cfo;capex,L4_CACHE_PRESENT,INSUFFICIENT_DATA,provisional structured data only; missing values were not zero-filled,provisional_structured
STC,False,False,False,False,False,0,revenue;gross_profit;net_income;total_assets;total_liabilities;equity;cfo;capex,L4_CACHE_PRESENT,INSUFFICIENT_DATA,provisional structured data only; missing values were not zero-filled,provisional_structured
STD,False,False,False,False,False,0,revenue;gross_profit;net_income;total_assets;total_liabilities;equity;cfo;capex,L4_CACHE_PRESENT,INSUFFICIENT_DATA,provisional structured data only; missing values were not zero-filled,provisional_structured
STG,False,False,False,False,True,0,revenue;gross_profit;net_income;total_assets;total_liabilities;equity;cfo;capex,L4_CACHE_PRESENT,PARTIAL_PROVISIONAL_DATA,provisional structured data only; missing values were not zero-filled,provisional_structured
STH,False,False,False,False,True,0,revenue;gross_profit;net_income;total_assets;total_liabilities;equity;cfo;capex,L4_CACHE_PRESENT,PARTIAL_PROVISIONAL_DATA,provisional structured data only; missing values were not zero-filled,provisional_structured
STK,False,False,False,False,True,0,revenue;gross_profit;net_income;total_assets;total_liabilities;equity;cfo;capex,L4_CACHE_PRESENT,PARTIAL_PROVISIONAL_DATA,provisional structured data only; missing values were not zero-filled,provisional_structured
STL,False,False,False,False,False,0,revenue;gross_profit;net_income;total_assets;total_liabilities;equity;cfo;capex,L4_CACHE_PRESENT,INSUFFICIENT_DATA,provisional structured data only; missing values were not zero-filled,provisional_structured
STP,False,False,False,False,True,0,revenue;gross_profit;net_income;total_assets;total_liabilities;equity;cfo;capex,L4_CACHE_PRESENT,PARTIAL_PROVISIONAL_DATA,provisional structured data only; missing values were not zero-filled,provisional_structured
STS,False,False,False,False,False,0,revenue;gross_profit;net_income;total_assets;total_liabilities;equity;cfo;capex,L4_CACHE_PRESENT,INSUFFICIENT_DATA,provisional structured data only; missing values were not zero-filled,provisional_structured
STT,False,False,False,False,True,0,revenue;gross_profit;net_income;total_assets;total_liabilities;equity;cfo;capex,L4_CACHE_PRESENT,PARTIAL_PROVISIONAL_DATA,provisional structured data only; missing values were not zero-filled,provisional_structured
STW,False,False,False,False,False,0,revenue;gross_profit;net_income;total_assets;total_liabilities;equity;cfo;capex,L4_CACHE_PRESENT,INSUFFICIENT_DATA,provisional structured data only; missing values were not zero-filled,provisional_structured
SVC,False,False,False,False,True,0,revenue;gross_profit;net_income;total_assets;total_liabilities;equity;cfo;capex,L4_CACHE_PRESENT,PARTIAL_PROVISIONAL_DATA,provisional structured data only; missing values were not zero-filled,provisional_structured
SVD,False,False,False,True,True,0,revenue;gross_profit;net_income;total_assets;total_liabilities;equity;cfo;capex,L4_CACHE_PRESENT,PARTIAL_PROVISIONAL_DATA,provisional structured data only; missing values were not zero-filled,provisional_structured
SVG,False,False,False,False,True,0,revenue;gross_profit;net_income;total_assets;total_liabilities;equity;cfo;capex,L4_CACHE_PRESENT,PARTIAL_PROVISIONAL_DATA,provisional structured data only; missing values were not zero-filled,provisional_structured
SVH,False,False,False,False,False,0,revenue;gross_profit;net_income;total_assets;total_liabilities;equity;cfo;capex,L4_CACHE_PRESENT,INSUFFICIENT_DATA,provisional structured data only; missing values were not zero-filled,provisional_structured
SVI,False,False,False,False,True,0,revenue;gross_profit;net_income;total_assets;total_liabilities;equity;cfo;capex,L4_CACHE_PRESENT,PARTIAL_PROVISIONAL_DATA,provisional structured data only; missing values were not zero-filled,provisional_structured
SVL,False,False,False,False,False,0,revenue;gross_profit;net_income;total_assets;total_liabilities;equity;cfo;capex,L4_CACHE_PRESENT,INSUFFICIENT_DATA,provisional structured data only; missing values were not zero-filled,provisional_structured
SVN,False,False,False,False,True,0,revenue;gross_profit;net_income;total_assets;total_liabilities;equity;cfo;capex,L4_CACHE_PRESENT,PARTIAL_PROVISIONAL_DATA,provisional structured data only; missing values were not zero-filled,provisional_structured
SVT,False,False,False,False,True,0,revenue;gross_profit;net_income;total_assets;total_liabilities;equity;cfo;capex,L4_CACHE_PRESENT,PARTIAL_PROVISIONAL_DATA,provisional structured data only; missing values were not zero-filled,provisional_structured
SWC,False,False,False,False,True,0,revenue;gross_profit;net_income;total_assets;total_liabilities;equity;cfo;capex,L4_CACHE_PRESENT,PARTIAL_PROVISIONAL_DATA,provisional structured data only; missing values were not zero-filled,provisional_structured
SZB,False,False,False,False,True,0,revenue;gross_profit;net_income;total_assets;total_liabilities;equity;cfo;capex,L4_CACHE_PRESENT,PARTIAL_PROVISIONAL_DATA,provisional structured data only; missing values were not zero-filled,provisional_structured
SZC,False,False,False,False,True,0,revenue;gross_profit;net_income;total_assets;total_liabilities;equity;cfo;capex,L4_CACHE_PRESENT,PARTIAL_PROVISIONAL_DATA,provisional structured data only; missing values were not zero-filled,provisional_structured
SZE,False,False,False,False,True,0,revenue;gross_profit;net_income;total_assets;total_liabilities;equity;cfo;capex,L4_CACHE_PRESENT,PARTIAL_PROVISIONAL_DATA,provisional structured data only; missing values were not zero-filled,provisional_structured
SZG,False,False,False,False,True,0,revenue;gross_profit;net_income;total_assets;total_liabilities;equity;cfo;capex,L4_CACHE_PRESENT,PARTIAL_PROVISIONAL_DATA,provisional structured data only; missing values were not zero-filled,provisional_structured
SZL,False,False,False,False,True,0,revenue;gross_profit;net_income;total_assets;total_liabilities;equity;cfo;capex,L4_CACHE_PRESENT,PARTIAL_PROVISIONAL_DATA,provisional structured data only; missing values were not zero-filled,provisional_structured
T12,False,False,False,False,False,0,revenue;gross_profit;net_income;total_assets;total_liabilities;equity;cfo;capex,L4_CACHE_PRESENT,INSUFFICIENT_DATA,provisional structured data only; missing values were not zero-filled,provisional_structured
TA3,False,False,False,False,True,0,revenue;gross_profit;net_income;total_assets;total_liabilities;equity;cfo;capex,L4_CACHE_PRESENT,PARTIAL_PROVISIONAL_DATA,provisional structured data only; missing values were not zero-filled,provisional_structured
TA6,False,False,False,False,False,0,revenue;gross_profit;net_income;total_assets;total_liabilities;equity;cfo;capex,L4_CACHE_PRESENT,INSUFFICIENT_DATA,provisional structured data only; missing values were not zero-filled,provisional_structured
TA9,False,False,False,False,True,0,revenue;gross_profit;net_income;total_assets;total_liabilities;equity;cfo;capex,L4_CACHE_PRESENT,PARTIAL_PROVISIONAL_DATA,provisional structured data only; missing values were not zero-filled,provisional_structured
TAB,False,False,False,False,False,0,revenue;gross_profit;net_income;total_assets;total_liabilities;equity;cfo;capex,L4_CACHE_PRESENT,INSUFFICIENT_DATA,provisional structured data only; missing values were not zero-filled,provisional_structured
TAC,False,False,False,False,True,0,revenue;gross_profit;net_income;total_assets;total_liabilities;equity;cfo;capex,L4_CACHE_PRESENT,PARTIAL_PROVISIONAL_DATA,provisional structured data only; missing values were not zero-filled,provisional_structured
TAG,False,False,False,False,False,0,revenue;gross_profit;net_income;total_assets;total_liabilities;equity;cfo;capex,L4_CACHE_PRESENT,INSUFFICIENT_DATA,provisional structured data only; missing values were not zero-filled,provisional_structured
TAL,False,False,False,False,False,0,revenue;gross_profit;net_income;total_assets;total_liabilities;equity;cfo;capex,L4_CACHE_PRESENT,INSUFFICIENT_DATA,provisional structured data only; missing values were not zero-filled,provisional_structured
TAN,False,False,False,False,True,0,revenue;gross_profit;net_income;total_assets;total_liabilities;equity;cfo;capex,L4_CACHE_PRESENT,PARTIAL_PROVISIONAL_DATA,provisional structured data only; missing values were not zero-filled,provisional_structured
TAP,False,False,False,False,False,0,revenue;gross_profit;net_income;total_assets;total_liabilities;equity;cfo;capex,L4_CACHE_PRESENT,INSUFFICIENT_DATA,provisional structured data only; missing values were not zero-filled,provisional_structured
TAR,False,False,False,False,True,0,revenue;gross_profit;net_income;total_assets;total_liabilities;equity;cfo;capex,L4_CACHE_PRESENT,PARTIAL_PROVISIONAL_DATA,provisional structured data only; missing values were not zero-filled,provisional_structured
TAW,False,False,False,False,False,0,revenue;gross_profit;net_income;total_assets;total_liabilities;equity;cfo;capex,L4_CACHE_PRESENT,INSUFFICIENT_DATA,provisional structured data only; missing values were not zero-filled,provisional_structured
TB8,False,False,False,False,False,0,revenue;gross_profit;net_income;total_assets;total_liabilities;equity;cfo;capex,L4_CACHE_PRESENT,INSUFFICIENT_DATA,provisional structured data only; missing values were not zero-filled,provisional_structured
TBC,False,False,False,False,True,0,revenue;gross_profit;net_income;total_assets;total_liabilities;equity;cfo;capex,L4_CACHE_PRESENT,PARTIAL_PROVISIONAL_DATA,provisional structured data only; missing values were not zero-filled,provisional_structured
TBD,False,False,False,False,True,0,revenue;gross_profit;net_income;total_assets;total_liabilities;equity;cfo;capex,L4_CACHE_PRESENT,PARTIAL_PROVISIONAL_DATA,provisional structured data only; missing values were not zero-filled,provisional_structured
TBH,False,False,False,False,True,0,revenue;gross_profit;net_income;total_assets;total_liabilities;equity;cfo;capex,L4_CACHE_PRESENT,PARTIAL_PROVISIONAL_DATA,provisional structured data only; missing values were not zero-filled,provisional_structured
TBR,False,False,False,False,True,0,revenue;gross_profit;net_income;total_assets;total_liabilities;equity;cfo;capex,L4_CACHE_PRESENT,PARTIAL_PROVISIONAL_DATA,provisional structured data only; missing values were not zero-filled,provisional_structured
TBT,False,False,False,False,False,0,revenue;gross_profit;net_income;total_assets;total_liabilities;equity;cfo;capex,L4_CACHE_PRESENT,INSUFFICIENT_DATA,provisional structured data only; missing values were not zero-filled,provisional_structured
TBW,False,False,False,False,False,0,revenue;gross_profit;net_income;total_assets;total_liabilities;equity;cfo;capex,L4_CACHE_PRESENT,INSUFFICIENT_DATA,provisional structured data only; missing values were not zero-filled,provisional_structured
TBX,False,False,False,False,False,0,revenue;gross_profit;net_income;total_assets;total_liabilities;equity;cfo;capex,L4_CACHE_PRESENT,INSUFFICIENT_DATA,provisional structured data only; missing values were not zero-filled,provisional_structured
TC6,False,False,False,False,True,0,revenue;gross_profit;net_income;total_assets;total_liabilities;equity;cfo;capex,L4_CACHE_PRESENT,PARTIAL_PROVISIONAL_DATA,provisional structured data only; missing values were not zero-filled,provisional_structured
TCB,False,False,False,False,True,0,revenue;gross_profit;net_income;total_assets;total_liabilities;equity;cfo;capex,L4_CACHE_PRESENT,PARTIAL_PROVISIONAL_DATA,provisional structured data only; missing values were not zero-filled,provisional_structured
TCD,False,False,False,False,False,0,revenue;gross_profit;net_income;total_assets;total_liabilities;equity;cfo;capex,L4_CACHE_PRESENT,INSUFFICIENT_DATA,provisional structured data only; missing values were not zero-filled,provisional_structured
TCH,False,False,False,False,True,0,revenue;gross_profit;net_income;total_assets;total_liabilities;equity;cfo;capex,L4_CACHE_PRESENT,PARTIAL_PROVISIONAL_DATA,provisional structured data only; missing values were not zero-filled,provisional_structured
TCI,False,False,False,False,True,0,revenue;gross_profit;net_income;total_assets;total_liabilities;equity;cfo;capex,L4_CACHE_PRESENT,PARTIAL_PROVISIONAL_DATA,provisional structured data only; missing values were not zero-filled,provisional_structured
TCJ,False,False,False,False,False,0,revenue;gross_profit;net_income;total_assets;total_liabilities;equity;cfo;capex,L4_CACHE_PRESENT,INSUFFICIENT_DATA,provisional structured data only; missing values were not zero-filled,provisional_structured
TCK,False,False,False,False,False,0,revenue;gross_profit;net_income;total_assets;total_liabilities;equity;cfo;capex,L4_CACHE_PRESENT,INSUFFICIENT_DATA,provisional structured data only; missing values were not zero-filled,provisional_structured
TCL,False,False,False,False,True,0,revenue;gross_profit;net_income;total_assets;total_liabilities;equity;cfo;capex,L4_CACHE_PRESENT,PARTIAL_PROVISIONAL_DATA,provisional structured data only; missing values were not zero-filled,provisional_structured
TCM,False,False,False,False,True,0,revenue;gross_profit;net_income;total_assets;total_liabilities;equity;cfo;capex,L4_CACHE_PRESENT,PARTIAL_PROVISIONAL_DATA,provisional structured data only; missing values were not zero-filled,provisional_structured
TCO,False,False,False,False,True,0,revenue;gross_profit;net_income;total_assets;total_liabilities;equity;cfo;capex,L4_CACHE_PRESENT,PARTIAL_PROVISIONAL_DATA,provisional structured data only; missing values were not zero-filled,provisional_structured
TCR,False,False,False,False,True,0,revenue;gross_profit;net_income;total_assets;total_liabilities;equity;cfo;capex,L4_CACHE_PRESENT,PARTIAL_PROVISIONAL_DATA,provisional structured data only; missing values were not zero-filled,provisional_structured
TCT,False,False,False,False,True,0,revenue;gross_profit;net_income;total_assets;total_liabilities;equity;cfo;capex,L4_CACHE_PRESENT,PARTIAL_PROVISIONAL_DATA,provisional structured data only; missing values were not zero-filled,provisional_structured
TCW,False,False,False,False,True,0,revenue;gross_profit;net_income;total_assets;total_liabilities;equity;cfo;capex,L4_CACHE_PRESENT,PARTIAL_PROVISIONAL_DATA,provisional structured data only; missing values were not zero-filled,provisional_structured
TCX,False,False,False,False,False,0,revenue;gross_profit;net_income;total_assets;total_liabilities;equity;cfo;capex,L4_CACHE_PRESENT,INSUFFICIENT_DATA,provisional structured data only; missing values were not zero-filled,provisional_structured
TD6,True,True,True,False,False,7,net_income,L4_CACHE_PRESENT,PARTIAL_PROVISIONAL_DATA,provisional structured data only; missing values were not zero-filled,provisional_structured
TDB,True,True,True,False,True,7,net_income,L4_CACHE_PRESENT,PARTIAL_PROVISIONAL_DATA,provisional structured data only; missing values were not zero-filled,provisional_structured
TDC,True,True,True,False,True,7,net_income,L4_CACHE_PRESENT,PARTIAL_PROVISIONAL_DATA,provisional structured data only; missing values were not zero-filled,provisional_structured
TDF,True,True,True,False,True,7,net_income,L4_CACHE_PRESENT,PARTIAL_PROVISIONAL_DATA,provisional structured data only; missing values were not zero-filled,provisional_structured
TDG,True,True,True,False,True,7,net_income,L4_CACHE_PRESENT,PARTIAL_PROVISIONAL_DATA,provisional structured data only; missing values were not zero-filled,provisional_structured
TDH,True,True,True,False,True,7,net_income,L4_CACHE_PRESENT,PARTIAL_PROVISIONAL_DATA,provisional structured data only; missing values were not zero-filled,provisional_structured
TDI,True,True,True,False,False,7,net_income,L4_CACHE_PRESENT,PARTIAL_PROVISIONAL_DATA,provisional structured data only; missing values were not zero-filled,provisional_structured
TDM,True,True,True,False,True,7,net_income,L4_CACHE_PRESENT,PARTIAL_PROVISIONAL_DATA,provisional structured data only; missing values were not zero-filled,provisional_structured
TDN,False,False,True,False,True,2,revenue;gross_profit;net_income;total_assets;total_liabilities;equity,L4_CACHE_PRESENT,PARTIAL_PROVISIONAL_DATA,provisional structured data only; missing values were not zero-filled,provisional_structured
TDP,True,True,True,False,True,7,net_income,L4_CACHE_PRESENT,PARTIAL_PROVISIONAL_DATA,provisional structured data only; missing values were not zero-filled,provisional_structured
TDS,True,True,True,False,True,7,net_income,L4_CACHE_PRESENT,PARTIAL_PROVISIONAL_DATA,provisional structured data only; missing values were not zero-filled,provisional_structured
TDT,True,True,True,False,True,7,net_income,L4_CACHE_PRESENT,PARTIAL_PROVISIONAL_DATA,provisional structured data only; missing values were not zero-filled,provisional_structured
TDW,True,True,True,False,True,7,net_income,L4_CACHE_PRESENT,PARTIAL_PROVISIONAL_DATA,provisional structured data only; missing values were not zero-filled,provisional_structured
TEC,True,True,True,False,False,7,net_income,L4_CACHE_PRESENT,PARTIAL_PROVISIONAL_DATA,provisional structured data only; missing values were not zero-filled,provisional_structured
TED,True,True,True,False,True,7,net_income,L4_CACHE_PRESENT,PARTIAL_PROVISIONAL_DATA,provisional structured data only; missing values were not zero-filled,provisional_structured
TEG,True,True,True,False,True,7,net_income,L4_CACHE_PRESENT,PARTIAL_PROVISIONAL_DATA,provisional structured data only; missing values were not zero-filled,provisional_structured
TEL,True,True,True,False,False,7,net_income,L4_CACHE_PRESENT,PARTIAL_PROVISIONAL_DATA,provisional structured data only; missing values were not zero-filled,provisional_structured
TET,True,True,True,False,True,7,net_income,L4_CACHE_PRESENT,PARTIAL_PROVISIONAL_DATA,provisional structured data only; missing values were not zero-filled,provisional_structured
TFC,True,True,True,False,True,7,net_income,L4_CACHE_PRESENT,PARTIAL_PROVISIONAL_DATA,provisional structured data only; missing values were not zero-filled,provisional_structured
TGG,True,True,True,False,False,7,net_income,L4_CACHE_PRESENT,PARTIAL_PROVISIONAL_DATA,provisional structured data only; missing values were not zero-filled,provisional_structured
TGP,True,True,True,False,True,7,net_income,L4_CACHE_PRESENT,PARTIAL_PROVISIONAL_DATA,provisional structured data only; missing values were not zero-filled,provisional_structured
TH1,True,True,True,False,True,7,net_income,L4_CACHE_PRESENT,PARTIAL_PROVISIONAL_DATA,provisional structured data only; missing values were not zero-filled,provisional_structured
THB,True,True,True,False,True,7,net_income,L4_CACHE_PRESENT,PARTIAL_PROVISIONAL_DATA,provisional structured data only; missing values were not zero-filled,provisional_structured
THD,True,True,True,False,True,7,net_income,L4_CACHE_PRESENT,PARTIAL_PROVISIONAL_DATA,provisional structured data only; missing values were not zero-filled,provisional_structured
THG,True,True,True,False,True,7,net_income,L4_CACHE_PRESENT,PARTIAL_PROVISIONAL_DATA,provisional structured data only; missing values were not zero-filled,provisional_structured
THI,True,True,True,False,True,7,net_income,L4_CACHE_PRESENT,PARTIAL_PROVISIONAL_DATA,provisional structured data only; missing values were not zero-filled,provisional_structured
THM,True,True,True,False,False,7,net_income,L4_CACHE_PRESENT,PARTIAL_PROVISIONAL_DATA,provisional structured data only; missing values were not zero-filled,provisional_structured
THN,True,True,True,False,False,7,net_income,L4_CACHE_PRESENT,PARTIAL_PROVISIONAL_DATA,provisional structured data only; missing values were not zero-filled,provisional_structured
THP,True,True,True,False,True,7,net_income,L4_CACHE_PRESENT,PARTIAL_PROVISIONAL_DATA,provisional structured data only; missing values were not zero-filled,provisional_structured
THS,True,True,True,False,False,7,net_income,L4_CACHE_PRESENT,PARTIAL_PROVISIONAL_DATA,provisional structured data only; missing values were not zero-filled,provisional_structured
THT,True,True,True,False,True,7,net_income,L4_CACHE_PRESENT,PARTIAL_PROVISIONAL_DATA,provisional structured data only; missing values were not zero-filled,provisional_structured
THU,True,True,True,False,False,7,net_income,L4_CACHE_PRESENT,PARTIAL_PROVISIONAL_DATA,provisional structured data only; missing values were not zero-filled,provisional_structured
THW,True,True,True,False,True,7,net_income,L4_CACHE_PRESENT,PARTIAL_PROVISIONAL_DATA,provisional structured data only; missing values were not zero-filled,provisional_structured
TID,True,True,True,False,True,7,net_income,L4_CACHE_PRESENT,PARTIAL_PROVISIONAL_DATA,provisional structured data only; missing values were not zero-filled,provisional_structured
TIE,True,True,True,False,True,7,net_income,L4_CACHE_PRESENT,PARTIAL_PROVISIONAL_DATA,provisional structured data only; missing values were not zero-filled,provisional_structured
TIG,True,True,True,False,True,7,net_income,L4_CACHE_PRESENT,PARTIAL_PROVISIONAL_DATA,provisional structured data only; missing values were not zero-filled,provisional_structured
TIN,True,True,True,False,False,5,revenue;gross_profit;capex,L4_CACHE_PRESENT,PARTIAL_PROVISIONAL_DATA,provisional structured data only; missing values were not zero-filled,provisional_structured
TIP,True,True,True,False,True,7,net_income,L4_CACHE_PRESENT,PARTIAL_PROVISIONAL_DATA,provisional structured data only; missing values were not zero-filled,provisional_structured
TIS,True,True,True,False,True,7,net_income,L4_CACHE_PRESENT,PARTIAL_PROVISIONAL_DATA,provisional structured data only; missing values were not zero-filled,provisional_structured
TIX,True,True,True,False,True,7,net_income,L4_CACHE_PRESENT,PARTIAL_PROVISIONAL_DATA,provisional structured data only; missing values were not zero-filled,provisional_structured
TJC,True,True,True,False,True,7,net_income,L4_CACHE_PRESENT,PARTIAL_PROVISIONAL_DATA,provisional structured data only; missing values were not zero-filled,provisional_structured
TKA,True,True,True,False,False,7,net_income,L4_CACHE_PRESENT,PARTIAL_PROVISIONAL_DATA,provisional structured data only; missing values were not zero-filled,provisional_structured
TKC,True,True,True,False,False,7,net_income,L4_CACHE_PRESENT,PARTIAL_PROVISIONAL_DATA,provisional structured data only; missing values were not zero-filled,provisional_structured
TKG,True,True,True,False,False,7,net_income,L4_CACHE_PRESENT,PARTIAL_PROVISIONAL_DATA,provisional structured data only; missing values were not zero-filled,provisional_structured
TKU,True,True,True,False,True,7,net_income,L4_CACHE_PRESENT,PARTIAL_PROVISIONAL_DATA,provisional structured data only; missing values were not zero-filled,provisional_structured
TL4,True,True,True,False,False,7,net_income,L4_CACHE_PRESENT,PARTIAL_PROVISIONAL_DATA,provisional structured data only; missing values were not zero-filled,provisional_structured
TLD,True,True,True,False,True,7,net_income,L4_CACHE_PRESENT,PARTIAL_PROVISIONAL_DATA,provisional structured data only; missing values were not zero-filled,provisional_structured
TLG,True,True,True,False,True,7,net_income,L4_CACHE_PRESENT,PARTIAL_PROVISIONAL_DATA,provisional structured data only; missing values were not zero-filled,provisional_structured
TLH,True,True,True,True,True,7,net_income,L4_CACHE_PRESENT,OK_FOR_PROVISIONAL_SCREEN,provisional structured data only; missing values were not zero-filled,provisional_structured
TLI,True,True,True,False,True,7,net_income,L4_CACHE_PRESENT,PARTIAL_PROVISIONAL_DATA,provisional structured data only; missing values were not zero-filled,provisional_structured
TLP,True,True,True,False,True,7,net_income,L4_CACHE_PRESENT,PARTIAL_PROVISIONAL_DATA,provisional structured data only; missing values were not zero-filled,provisional_structured
TLT,True,True,True,False,False,7,net_income,L4_CACHE_PRESENT,PARTIAL_PROVISIONAL_DATA,provisional structured data only; missing values were not zero-filled,provisional_structured
TMB,True,True,True,False,True,7,net_income,L4_CACHE_PRESENT,PARTIAL_PROVISIONAL_DATA,provisional structured data only; missing values were not zero-filled,provisional_structured
TMC,True,True,True,False,True,7,net_income,L4_CACHE_PRESENT,PARTIAL_PROVISIONAL_DATA,provisional structured data only; missing values were not zero-filled,provisional_structured
TMG,True,True,True,False,True,7,net_income,L4_CACHE_PRESENT,PARTIAL_PROVISIONAL_DATA,provisional structured data only; missing values were not zero-filled,provisional_structured
TMP,True,True,True,False,True,7,net_income,L4_CACHE_PRESENT,PARTIAL_PROVISIONAL_DATA,provisional structured data only; missing values were not zero-filled,provisional_structured
TMS,True,True,True,False,True,7,net_income,L4_CACHE_PRESENT,PARTIAL_PROVISIONAL_DATA,provisional structured data only; missing values were not zero-filled,provisional_structured
TMT,True,True,True,False,True,7,net_income,L4_CACHE_PRESENT,PARTIAL_PROVISIONAL_DATA,provisional structured data only; missing values were not zero-filled,provisional_structured
TMW,True,True,True,False,False,7,net_income,L4_CACHE_PRESENT,PARTIAL_PROVISIONAL_DATA,provisional structured data only; missing values were not zero-filled,provisional_structured
TMX,True,True,True,False,True,7,net_income,L4_CACHE_PRESENT,PARTIAL_PROVISIONAL_DATA,provisional structured data only; missing values were not zero-filled,provisional_structured
TN1,True,True,True,False,True,7,net_income,L4_CACHE_PRESENT,PARTIAL_PROVISIONAL_DATA,provisional structured data only; missing values were not zero-filled,provisional_structured
TNA,True,True,True,False,False,7,net_income,L4_CACHE_PRESENT,PARTIAL_PROVISIONAL_DATA,provisional structured data only; missing values were not zero-filled,provisional_structured
TNB,True,True,True,False,True,7,net_income,L4_CACHE_PRESENT,PARTIAL_PROVISIONAL_DATA,provisional structured data only; missing values were not zero-filled,provisional_structured
TNC,True,True,True,False,True,7,net_income,L4_CACHE_PRESENT,PARTIAL_PROVISIONAL_DATA,provisional structured data only; missing values were not zero-filled,provisional_structured
TNG,True,True,True,False,True,7,net_income,L4_CACHE_PRESENT,PARTIAL_PROVISIONAL_DATA,provisional structured data only; missing values were not zero-filled,provisional_structured
TNH,True,True,True,False,True,7,net_income,L4_CACHE_PRESENT,PARTIAL_PROVISIONAL_DATA,provisional structured data only; missing values were not zero-filled,provisional_structured
TNI,True,True,True,False,True,7,net_income,L4_CACHE_PRESENT,PARTIAL_PROVISIONAL_DATA,provisional structured data only; missing values were not zero-filled,provisional_structured
TNM,True,True,True,False,False,6,total_assets;equity,L4_CACHE_PRESENT,PARTIAL_PROVISIONAL_DATA,provisional structured data only; missing values were not zero-filled,provisional_structured
TNP,True,True,True,False,True,7,net_income,L4_CACHE_PRESENT,PARTIAL_PROVISIONAL_DATA,provisional structured data only; missing values were not zero-filled,provisional_structured
TNS,True,True,True,False,True,7,net_income,L4_CACHE_PRESENT,PARTIAL_PROVISIONAL_DATA,provisional structured data only; missing values were not zero-filled,provisional_structured
TNT,True,True,True,False,True,7,net_income,L4_CACHE_PRESENT,PARTIAL_PROVISIONAL_DATA,provisional structured data only; missing values were not zero-filled,provisional_structured
TNV,True,True,True,False,False,7,net_income,L4_CACHE_PRESENT,PARTIAL_PROVISIONAL_DATA,provisional structured data only; missing values were not zero-filled,provisional_structured
TNW,True,True,True,False,True,7,net_income,L4_CACHE_PRESENT,PARTIAL_PROVISIONAL_DATA,provisional structured data only; missing values were not zero-filled,provisional_structured
TOP,True,True,True,False,False,7,net_income,L4_CACHE_PRESENT,PARTIAL_PROVISIONAL_DATA,provisional structured data only; missing values were not zero-filled,provisional_structured
TOS,True,True,True,False,True,7,net_income,L4_CACHE_PRESENT,PARTIAL_PROVISIONAL_DATA,provisional structured data only; missing values were not zero-filled,provisional_structured
TOT,True,True,True,False,True,7,net_income,L4_CACHE_PRESENT,PARTIAL_PROVISIONAL_DATA,provisional structured data only; missing values were not zero-filled,provisional_structured
TOW,True,True,True,False,True,7,net_income,L4_CACHE_PRESENT,PARTIAL_PROVISIONAL_DATA,provisional structured data only; missing values were not zero-filled,provisional_structured
TPB,True,True,True,False,True,5,revenue;gross_profit;capex,L4_CACHE_PRESENT,PARTIAL_PROVISIONAL_DATA,provisional structured data only; missing values were not zero-filled,provisional_structured
TPC,True,True,True,False,True,7,net_income,L4_CACHE_PRESENT,PARTIAL_PROVISIONAL_DATA,provisional structured data only; missing values were not zero-filled,provisional_structured
TPH,True,True,True,False,True,7,net_income,L4_CACHE_PRESENT,PARTIAL_PROVISIONAL_DATA,provisional structured data only; missing values were not zero-filled,provisional_structured
TPP,True,True,True,False,False,7,net_income,L4_CACHE_PRESENT,PARTIAL_PROVISIONAL_DATA,provisional structured data only; missing values were not zero-filled,provisional_structured
TPS,True,True,True,False,False,7,net_income,L4_CACHE_PRESENT,PARTIAL_PROVISIONAL_DATA,provisional structured data only; missing values were not zero-filled,provisional_structured
TQN,True,True,True,False,False,7,net_income,L4_CACHE_PRESENT,PARTIAL_PROVISIONAL_DATA,provisional structured data only; missing values were not zero-filled,provisional_structured
TQW,True,True,True,False,False,7,net_income,L4_CACHE_PRESENT,PARTIAL_PROVISIONAL_DATA,provisional structured data only; missing values were not zero-filled,provisional_structured
TR1,True,True,True,False,False,7,net_income,L4_CACHE_PRESENT,PARTIAL_PROVISIONAL_DATA,provisional structured data only; missing values were not zero-filled,provisional_structured
TRA,True,True,True,False,True,7,net_income,L4_CACHE_PRESENT,PARTIAL_PROVISIONAL_DATA,provisional structured data only; missing values were not zero-filled,provisional_structured
TRC,True,True,True,False,True,7,net_income,L4_CACHE_PRESENT,PARTIAL_PROVISIONAL_DATA,provisional structured data only; missing values were not zero-filled,provisional_structured
TRS,True,True,True,False,True,7,net_income,L4_CACHE_PRESENT,PARTIAL_PROVISIONAL_DATA,provisional structured data only; missing values were not zero-filled,provisional_structured
TRT,True,True,True,False,False,7,net_income,L4_CACHE_PRESENT,PARTIAL_PROVISIONAL_DATA,provisional structured data only; missing values were not zero-filled,provisional_structured
TRV,True,True,True,False,False,7,net_income,L4_CACHE_PRESENT,PARTIAL_PROVISIONAL_DATA,provisional structured data only; missing values were not zero-filled,provisional_structured
TS3,True,True,True,False,True,7,net_income,L4_CACHE_PRESENT,PARTIAL_PROVISIONAL_DATA,provisional structured data only; missing values were not zero-filled,provisional_structured
TS4,True,True,True,False,False,7,net_income,L4_CACHE_PRESENT,PARTIAL_PROVISIONAL_DATA,provisional structured data only; missing values were not zero-filled,provisional_structured
TS5,False,False,False,False,False,0,revenue;gross_profit;net_income;total_assets;total_liabilities;equity;cfo;capex,L4_CACHE_PRESENT,INSUFFICIENT_DATA,provisional structured data only; missing values were not zero-filled,provisional_structured
TSA,True,True,True,False,False,7,net_income,L4_CACHE_PRESENT,PARTIAL_PROVISIONAL_DATA,provisional structured data only; missing values were not zero-filled,provisional_structured
TSB,True,True,True,False,True,7,net_income,L4_CACHE_PRESENT,PARTIAL_PROVISIONAL_DATA,provisional structured data only; missing values were not zero-filled,provisional_structured
TSC,True,True,True,False,True,7,net_income,L4_CACHE_PRESENT,PARTIAL_PROVISIONAL_DATA,provisional structured data only; missing values were not zero-filled,provisional_structured
TSD,True,True,True,False,True,7,net_income,L4_CACHE_PRESENT,PARTIAL_PROVISIONAL_DATA,provisional structured data only; missing values were not zero-filled,provisional_structured
TSG,True,True,True,False,False,7,net_income,L4_CACHE_PRESENT,PARTIAL_PROVISIONAL_DATA,provisional structured data only; missing values were not zero-filled,provisional_structured
TSJ,True,True,True,False,True,7,net_income,L4_CACHE_PRESENT,PARTIAL_PROVISIONAL_DATA,provisional structured data only; missing values were not zero-filled,provisional_structured
TST,True,True,True,False,True,7,net_income,L4_CACHE_PRESENT,PARTIAL_PROVISIONAL_DATA,provisional structured data only; missing values were not zero-filled,provisional_structured
TT6,True,True,True,False,False,7,net_income,L4_CACHE_PRESENT,PARTIAL_PROVISIONAL_DATA,provisional structured data only; missing values were not zero-filled,provisional_structured
TTA,True,True,True,False,True,7,net_income,L4_CACHE_PRESENT,PARTIAL_PROVISIONAL_DATA,provisional structured data only; missing values were not zero-filled,provisional_structured
TTB,True,True,True,False,False,7,net_income,L4_CACHE_PRESENT,PARTIAL_PROVISIONAL_DATA,provisional structured data only; missing values were not zero-filled,provisional_structured
TTC,True,True,True,False,True,7,net_income,L4_CACHE_PRESENT,PARTIAL_PROVISIONAL_DATA,provisional structured data only; missing values were not zero-filled,provisional_structured
TTD,True,True,True,False,False,7,net_income,L4_CACHE_PRESENT,PARTIAL_PROVISIONAL_DATA,provisional structured data only; missing values were not zero-filled,provisional_structured
TTE,True,True,True,False,False,7,net_income,L4_CACHE_PRESENT,PARTIAL_PROVISIONAL_DATA,provisional structured data only; missing values were not zero-filled,provisional_structured
TTF,True,True,True,False,True,7,net_income,L4_CACHE_PRESENT,PARTIAL_PROVISIONAL_DATA,provisional structured data only; missing values were not zero-filled,provisional_structured
TTG,True,True,True,False,True,7,net_income,L4_CACHE_PRESENT,PARTIAL_PROVISIONAL_DATA,provisional structured data only; missing values were not zero-filled,provisional_structured
TTH,True,True,True,False,True,7,net_income,L4_CACHE_PRESENT,PARTIAL_PROVISIONAL_DATA,provisional structured data only; missing values were not zero-filled,provisional_structured
TTL,True,True,True,False,True,7,net_income,L4_CACHE_PRESENT,PARTIAL_PROVISIONAL_DATA,provisional structured data only; missing values were not zero-filled,provisional_structured
TTN,True,True,True,False,True,7,net_income,L4_CACHE_PRESENT,PARTIAL_PROVISIONAL_DATA,provisional structured data only; missing values were not zero-filled,provisional_structured
TTP,True,True,True,False,True,7,net_income,L4_CACHE_PRESENT,PARTIAL_PROVISIONAL_DATA,provisional structured data only; missing values were not zero-filled,provisional_structured
TTS,True,True,True,False,True,7,net_income,L4_CACHE_PRESENT,PARTIAL_PROVISIONAL_DATA,provisional structured data only; missing values were not zero-filled,provisional_structured
TTT,True,True,True,False,True,7,net_income,L4_CACHE_PRESENT,PARTIAL_PROVISIONAL_DATA,provisional structured data only; missing values were not zero-filled,provisional_structured
TTZ,True,True,True,False,False,7,net_income,L4_CACHE_PRESENT,PARTIAL_PROVISIONAL_DATA,provisional structured data only; missing values were not zero-filled,provisional_structured
TUG,True,True,True,False,False,7,net_income,L4_CACHE_PRESENT,PARTIAL_PROVISIONAL_DATA,provisional structured data only; missing values were not zero-filled,provisional_structured
TV1,True,True,True,False,True,7,net_income,L4_CACHE_PRESENT,PARTIAL_PROVISIONAL_DATA,provisional structured data only; missing values were not zero-filled,provisional_structured
TV2,True,True,True,False,True,7,net_income,L4_CACHE_PRESENT,PARTIAL_PROVISIONAL_DATA,provisional structured data only; missing values were not zero-filled,provisional_structured
TV3,True,True,True,False,True,7,net_income,L4_CACHE_PRESENT,PARTIAL_PROVISIONAL_DATA,provisional structured data only; missing values were not zero-filled,provisional_structured
TV4,True,True,True,False,True,7,net_income,L4_CACHE_PRESENT,PARTIAL_PROVISIONAL_DATA,provisional structured data only; missing values were not zero-filled,provisional_structured
TV6,True,True,True,False,True,7,net_income,L4_CACHE_PRESENT,PARTIAL_PROVISIONAL_DATA,provisional structured data only; missing values were not zero-filled,provisional_structured
TVA,True,True,True,False,False,7,net_income,L4_CACHE_PRESENT,PARTIAL_PROVISIONAL_DATA,provisional structured data only; missing values were not zero-filled,provisional_structured
TVB,True,True,True,False,True,8,,L4_CACHE_PRESENT,PARTIAL_PROVISIONAL_DATA,provisional structured data only; missing values were not zero-filled,provisional_structured
TVC,True,True,True,False,True,7,net_income,L4_CACHE_PRESENT,PARTIAL_PROVISIONAL_DATA,provisional structured data only; missing values were not zero-filled,provisional_structured
TVD,True,True,True,False,True,7,net_income,L4_CACHE_PRESENT,PARTIAL_PROVISIONAL_DATA,provisional structured data only; missing values were not zero-filled,provisional_structured
TVG,True,True,True,False,False,7,net_income,L4_CACHE_PRESENT,PARTIAL_PROVISIONAL_DATA,provisional structured data only; missing values were not zero-filled,provisional_structured
TVH,True,True,True,False,True,7,net_income,L4_CACHE_PRESENT,PARTIAL_PROVISIONAL_DATA,provisional structured data only; missing values were not zero-filled,provisional_structured
TVM,True,True,True,False,False,7,net_income,L4_CACHE_PRESENT,PARTIAL_PROVISIONAL_DATA,provisional structured data only; missing values were not zero-filled,provisional_structured
TVN,True,True,True,False,True,7,net_income,L4_CACHE_PRESENT,PARTIAL_PROVISIONAL_DATA,provisional structured data only; missing values were not zero-filled,provisional_structured
TVP,True,True,True,False,True,7,net_income,L4_CACHE_PRESENT,PARTIAL_PROVISIONAL_DATA,provisional structured data only; missing values were not zero-filled,provisional_structured
TVS,True,True,True,False,True,8,,L4_CACHE_PRESENT,PARTIAL_PROVISIONAL_DATA,provisional structured data only; missing values were not zero-filled,provisional_structured
TVT,True,True,True,False,True,7,net_income,L4_CACHE_PRESENT,PARTIAL_PROVISIONAL_DATA,provisional structured data only; missing values were not zero-filled,provisional_structured
TVW,True,True,True,False,True,7,net_income,L4_CACHE_PRESENT,PARTIAL_PROVISIONAL_DATA,provisional structured data only; missing values were not zero-filled,provisional_structured
TW3,True,True,True,False,False,7,net_income,L4_CACHE_PRESENT,PARTIAL_PROVISIONAL_DATA,provisional structured data only; missing values were not zero-filled,provisional_structured
TXM,True,True,True,False,True,7,net_income,L4_CACHE_PRESENT,PARTIAL_PROVISIONAL_DATA,provisional structured data only; missing values were not zero-filled,provisional_structured
TYA,True,True,True,False,True,7,net_income,L4_CACHE_PRESENT,PARTIAL_PROVISIONAL_DATA,provisional structured data only; missing values were not zero-filled,provisional_structured
UCT,True,True,True,False,False,7,net_income,L4_CACHE_PRESENT,PARTIAL_PROVISIONAL_DATA,provisional structured data only; missing values were not zero-filled,provisional_structured
UDC,True,True,True,False,True,7,net_income,L4_CACHE_PRESENT,PARTIAL_PROVISIONAL_DATA,provisional structured data only; missing values were not zero-filled,provisional_structured
UDJ,True,True,True,False,True,7,net_income,L4_CACHE_PRESENT,PARTIAL_PROVISIONAL_DATA,provisional structured data only; missing values were not zero-filled,provisional_structured
UDL,True,True,True,False,True,7,net_income,L4_CACHE_PRESENT,PARTIAL_PROVISIONAL_DATA,provisional structured data only; missing values were not zero-filled,provisional_structured
UEM,True,True,True,False,False,7,net_income,L4_CACHE_PRESENT,PARTIAL_PROVISIONAL_DATA,provisional structured data only; missing values were not zero-filled,provisional_structured
UIC,True,True,True,False,True,7,net_income,L4_CACHE_PRESENT,PARTIAL_PROVISIONAL_DATA,provisional structured data only; missing values were not zero-filled,provisional_structured
UMC,True,True,True,False,False,7,net_income,L4_CACHE_PRESENT,PARTIAL_PROVISIONAL_DATA,provisional structured data only; missing values were not zero-filled,provisional_structured
UNI,True,True,True,False,True,7,net_income,L4_CACHE_PRESENT,PARTIAL_PROVISIONAL_DATA,provisional structured data only; missing values were not zero-filled,provisional_structured
UPC,True,True,True,False,True,7,net_income,L4_CACHE_PRESENT,PARTIAL_PROVISIONAL_DATA,provisional structured data only; missing values were not zero-filled,provisional_structured
UPH,True,True,True,False,True,7,net_income,L4_CACHE_PRESENT,PARTIAL_PROVISIONAL_DATA,provisional structured data only; missing values were not zero-filled,provisional_structured
UPS,True,True,True,False,False,8,,L4_CACHE_PRESENT,PARTIAL_PROVISIONAL_DATA,provisional structured data only; missing values were not zero-filled,provisional_structured
USC,True,True,True,False,True,7,net_income,L4_CACHE_PRESENT,PARTIAL_PROVISIONAL_DATA,provisional structured data only; missing values were not zero-filled,provisional_structured
USD,True,True,True,False,True,7,net_income,L4_CACHE_PRESENT,PARTIAL_PROVISIONAL_DATA,provisional structured data only; missing values were not zero-filled,provisional_structured
UTT,True,True,True,False,False,7,net_income,L4_CACHE_PRESENT,PARTIAL_PROVISIONAL_DATA,provisional structured data only; missing values were not zero-filled,provisional_structured
UXC,True,True,True,False,False,7,net_income,L4_CACHE_PRESENT,PARTIAL_PROVISIONAL_DATA,provisional structured data only; missing values were not zero-filled,provisional_structured
V11,True,True,True,False,True,7,net_income,L4_CACHE_PRESENT,PARTIAL_PROVISIONAL_DATA,provisional structured data only; missing values were not zero-filled,provisional_structured
V12,True,True,True,False,True,7,net_income,L4_CACHE_PRESENT,PARTIAL_PROVISIONAL_DATA,provisional structured data only; missing values were not zero-filled,provisional_structured
V15,True,True,True,False,False,5,total_assets;equity;capex,L4_CACHE_PRESENT,PARTIAL_PROVISIONAL_DATA,provisional structured data only; missing values were not zero-filled,provisional_structured
V21,True,True,True,False,True,7,net_income,L4_CACHE_PRESENT,PARTIAL_PROVISIONAL_DATA,provisional structured data only; missing values were not zero-filled,provisional_structured
VAB,True,True,True,False,True,5,revenue;gross_profit;capex,L4_CACHE_PRESENT,PARTIAL_PROVISIONAL_DATA,provisional structured data only; missing values were not zero-filled,provisional_structured
VAF,True,True,True,False,True,7,net_income,L4_CACHE_PRESENT,PARTIAL_PROVISIONAL_DATA,provisional structured data only; missing values were not zero-filled,provisional_structured
VAT,True,True,True,False,False,7,net_income,L4_CACHE_PRESENT,PARTIAL_PROVISIONAL_DATA,provisional structured data only; missing values were not zero-filled,provisional_structured
VAV,True,True,True,False,True,7,net_income,L4_CACHE_PRESENT,PARTIAL_PROVISIONAL_DATA,provisional structured data only; missing values were not zero-filled,provisional_structured
VBB,True,True,True,False,True,5,revenue;gross_profit;capex,L4_CACHE_PRESENT,PARTIAL_PROVISIONAL_DATA,provisional structured data only; missing values were not zero-filled,provisional_structured
VBC,True,True,True,False,True,7,net_income,L4_CACHE_PRESENT,PARTIAL_PROVISIONAL_DATA,provisional structured data only; missing values were not zero-filled,provisional_structured
VBG,True,True,True,False,False,7,net_income,L4_CACHE_PRESENT,PARTIAL_PROVISIONAL_DATA,provisional structured data only; missing values were not zero-filled,provisional_structured
VBH,True,True,True,False,False,7,net_income,L4_CACHE_PRESENT,PARTIAL_PROVISIONAL_DATA,provisional structured data only; missing values were not zero-filled,provisional_structured
VBT,True,True,True,False,False,7,net_income,L4_CACHE_PRESENT,PARTIAL_PROVISIONAL_DATA,provisional structured data only; missing values were not zero-filled,provisional_structured
VC1,True,True,True,False,True,7,net_income,L4_CACHE_PRESENT,PARTIAL_PROVISIONAL_DATA,provisional structured data only; missing values were not zero-filled,provisional_structured
VC2,True,True,True,False,True,7,net_income,L4_CACHE_PRESENT,PARTIAL_PROVISIONAL_DATA,provisional structured data only; missing values were not zero-filled,provisional_structured
VC3,True,True,True,False,True,7,net_income,L4_CACHE_PRESENT,PARTIAL_PROVISIONAL_DATA,provisional structured data only; missing values were not zero-filled,provisional_structured
VC5,True,True,True,False,False,7,net_income,L4_CACHE_PRESENT,PARTIAL_PROVISIONAL_DATA,provisional structured data only; missing values were not zero-filled,provisional_structured
VC6,True,True,True,False,True,7,net_income,L4_CACHE_PRESENT,PARTIAL_PROVISIONAL_DATA,provisional structured data only; missing values were not zero-filled,provisional_structured
VC7,True,True,True,False,True,7,net_income,L4_CACHE_PRESENT,PARTIAL_PROVISIONAL_DATA,provisional structured data only; missing values were not zero-filled,provisional_structured
VC9,True,True,True,False,True,7,net_income,L4_CACHE_PRESENT,PARTIAL_PROVISIONAL_DATA,provisional structured data only; missing values were not zero-filled,provisional_structured
VCA,True,True,True,False,True,7,net_income,L4_CACHE_PRESENT,PARTIAL_PROVISIONAL_DATA,provisional structured data only; missing values were not zero-filled,provisional_structured
VCB,True,True,True,False,True,5,revenue;gross_profit;capex,L4_CACHE_PRESENT,PARTIAL_PROVISIONAL_DATA,provisional structured data only; missing values were not zero-filled,provisional_structured
VCC,True,True,True,False,True,7,net_income,L4_CACHE_PRESENT,PARTIAL_PROVISIONAL_DATA,provisional structured data only; missing values were not zero-filled,provisional_structured
VCE,True,True,True,False,False,7,net_income,L4_CACHE_PRESENT,PARTIAL_PROVISIONAL_DATA,provisional structured data only; missing values were not zero-filled,provisional_structured
VCF,True,True,True,False,True,7,net_income,L4_CACHE_PRESENT,PARTIAL_PROVISIONAL_DATA,provisional structured data only; missing values were not zero-filled,provisional_structured
VCG,True,True,True,False,True,7,net_income,L4_CACHE_PRESENT,PARTIAL_PROVISIONAL_DATA,provisional structured data only; missing values were not zero-filled,provisional_structured
VCI,True,True,True,False,True,8,,L4_CACHE_PRESENT,PARTIAL_PROVISIONAL_DATA,provisional structured data only; missing values were not zero-filled,provisional_structured
VCK,True,True,True,False,False,8,,L4_CACHE_PRESENT,PARTIAL_PROVISIONAL_DATA,provisional structured data only; missing values were not zero-filled,provisional_structured
VCM,True,True,True,False,True,7,net_income,L4_CACHE_PRESENT,PARTIAL_PROVISIONAL_DATA,provisional structured data only; missing values were not zero-filled,provisional_structured
VCP,True,True,True,False,True,7,net_income,L4_CACHE_PRESENT,PARTIAL_PROVISIONAL_DATA,provisional structured data only; missing values were not zero-filled,provisional_structured
VCR,True,True,True,False,True,7,net_income,L4_CACHE_PRESENT,PARTIAL_PROVISIONAL_DATA,provisional structured data only; missing values were not zero-filled,provisional_structured
VCS,True,True,True,False,True,7,net_income,L4_CACHE_PRESENT,PARTIAL_PROVISIONAL_DATA,provisional structured data only; missing values were not zero-filled,provisional_structured
VCT,True,True,True,False,False,7,net_income,L4_CACHE_PRESENT,PARTIAL_PROVISIONAL_DATA,provisional structured data only; missing values were not zero-filled,provisional_structured
VCW,True,True,True,False,True,7,net_income,L4_CACHE_PRESENT,PARTIAL_PROVISIONAL_DATA,provisional structured data only; missing values were not zero-filled,provisional_structured
VCX,True,True,True,False,True,7,net_income,L4_CACHE_PRESENT,PARTIAL_PROVISIONAL_DATA,provisional structured data only; missing values were not zero-filled,provisional_structured
VDB,True,True,True,False,False,7,net_income,L4_CACHE_PRESENT,PARTIAL_PROVISIONAL_DATA,provisional structured data only; missing values were not zero-filled,provisional_structured
VDG,True,True,True,False,False,7,net_income,L4_CACHE_PRESENT,PARTIAL_PROVISIONAL_DATA,provisional structured data only; missing values were not zero-filled,provisional_structured
VDL,True,True,False,False,True,5,net_income;cfo;capex,L4_CACHE_PRESENT,PARTIAL_PROVISIONAL_DATA,provisional structured data only; missing values were not zero-filled,provisional_structured
VDM,True,True,True,False,True,7,net_income,L4_CACHE_PRESENT,PARTIAL_PROVISIONAL_DATA,provisional structured data only; missing values were not zero-filled,provisional_structured
VDN,True,True,True,False,True,7,net_income,L4_CACHE_PRESENT,PARTIAL_PROVISIONAL_DATA,provisional structured data only; missing values were not zero-filled,provisional_structured
VDP,True,True,True,False,True,7,net_income,L4_CACHE_PRESENT,PARTIAL_PROVISIONAL_DATA,provisional structured data only; missing values were not zero-filled,provisional_structured
VDS,True,True,True,False,True,8,,L4_CACHE_PRESENT,PARTIAL_PROVISIONAL_DATA,provisional structured data only; missing values were not zero-filled,provisional_structured
VDT,True,True,True,False,False,7,net_income,L4_CACHE_PRESENT,PARTIAL_PROVISIONAL_DATA,provisional structured data only; missing values were not zero-filled,provisional_structured
VE1,True,True,True,False,True,7,net_income,L4_CACHE_PRESENT,PARTIAL_PROVISIONAL_DATA,provisional structured data only; missing values were not zero-filled,provisional_structured
VE2,True,True,True,False,False,7,net_income,L4_CACHE_PRESENT,PARTIAL_PROVISIONAL_DATA,provisional structured data only; missing values were not zero-filled,provisional_structured
VE3,True,True,True,False,False,7,net_income,L4_CACHE_PRESENT,PARTIAL_PROVISIONAL_DATA,provisional structured data only; missing values were not zero-filled,provisional_structured
VE4,True,True,True,False,False,7,net_income,L4_CACHE_PRESENT,PARTIAL_PROVISIONAL_DATA,provisional structured data only; missing values were not zero-filled,provisional_structured
VE8,True,True,True,False,False,7,net_income,L4_CACHE_PRESENT,PARTIAL_PROVISIONAL_DATA,provisional structured data only; missing values were not zero-filled,provisional_structured
VE9,True,True,True,False,True,7,net_income,L4_CACHE_PRESENT,PARTIAL_PROVISIONAL_DATA,provisional structured data only; missing values were not zero-filled,provisional_structured
VEA,True,True,True,False,True,7,net_income,L4_CACHE_PRESENT,PARTIAL_PROVISIONAL_DATA,provisional structured data only; missing values were not zero-filled,provisional_structured
VEC,True,True,True,False,True,7,net_income,L4_CACHE_PRESENT,PARTIAL_PROVISIONAL_DATA,provisional structured data only; missing values were not zero-filled,provisional_structured
VEF,True,True,True,False,True,7,net_income,L4_CACHE_PRESENT,PARTIAL_PROVISIONAL_DATA,provisional structured data only; missing values were not zero-filled,provisional_structured
VES,True,True,True,False,False,7,net_income,L4_CACHE_PRESENT,PARTIAL_PROVISIONAL_DATA,provisional structured data only; missing values were not zero-filled,provisional_structured
VET,True,True,True,False,True,7,net_income,L4_CACHE_PRESENT,PARTIAL_PROVISIONAL_DATA,provisional structured data only; missing values were not zero-filled,provisional_structured
VFC,True,True,True,False,False,7,net_income,L4_CACHE_PRESENT,PARTIAL_PROVISIONAL_DATA,provisional structured data only; missing values were not zero-filled,provisional_structured
VFG,True,True,True,False,True,7,net_income,L4_CACHE_PRESENT,PARTIAL_PROVISIONAL_DATA,provisional structured data only; missing values were not zero-filled,provisional_structured
VFR,True,True,True,False,True,7,net_income,L4_CACHE_PRESENT,PARTIAL_PROVISIONAL_DATA,provisional structured data only; missing values were not zero-filled,provisional_structured
VFS,True,True,True,False,True,8,,L4_CACHE_PRESENT,PARTIAL_PROVISIONAL_DATA,provisional structured data only; missing values were not zero-filled,provisional_structured
VGC,True,True,True,False,True,7,net_income,L4_CACHE_PRESENT,PARTIAL_PROVISIONAL_DATA,provisional structured data only; missing values were not zero-filled,provisional_structured
VGG,True,True,True,False,True,7,net_income,L4_CACHE_PRESENT,PARTIAL_PROVISIONAL_DATA,provisional structured data only; missing values were not zero-filled,provisional_structured
VGI,True,True,True,True,True,7,net_income,L4_CACHE_PRESENT,OK_FOR_PROVISIONAL_SCREEN,provisional structured data only; missing values were not zero-filled,provisional_structured
VGL,True,True,True,False,True,7,net_income,L4_CACHE_PRESENT,PARTIAL_PROVISIONAL_DATA,provisional structured data only; missing values were not zero-filled,provisional_structured
VGP,True,True,True,False,True,7,net_income,L4_CACHE_PRESENT,PARTIAL_PROVISIONAL_DATA,provisional structured data only; missing values were not zero-filled,provisional_structured
VGR,True,True,True,True,True,7,net_income,L4_CACHE_PRESENT,OK_FOR_PROVISIONAL_SCREEN,provisional structured data only; missing values were not zero-filled,provisional_structured
VGS,True,True,True,False,True,7,net_income,L4_CACHE_PRESENT,PARTIAL_PROVISIONAL_DATA,provisional structured data only; missing values were not zero-filled,provisional_structured
VGT,True,True,True,False,True,7,net_income,L4_CACHE_PRESENT,PARTIAL_PROVISIONAL_DATA,provisional structured data only; missing values were not zero-filled,provisional_structured
VGV,True,True,True,False,True,7,net_income,L4_CACHE_PRESENT,PARTIAL_PROVISIONAL_DATA,provisional structured data only; missing values were not zero-filled,provisional_structured
VHC,True,True,True,False,True,7,net_income,L4_CACHE_PRESENT,PARTIAL_PROVISIONAL_DATA,provisional structured data only; missing values were not zero-filled,provisional_structured
VHD,True,True,True,False,True,7,net_income,L4_CACHE_PRESENT,PARTIAL_PROVISIONAL_DATA,provisional structured data only; missing values were not zero-filled,provisional_structured
VHE,True,True,True,False,True,7,net_income,L4_CACHE_PRESENT,PARTIAL_PROVISIONAL_DATA,provisional structured data only; missing values were not zero-filled,provisional_structured
VHF,True,True,True,False,False,7,net_income,L4_CACHE_PRESENT,PARTIAL_PROVISIONAL_DATA,provisional structured data only; missing values were not zero-filled,provisional_structured
VHG,True,True,True,False,True,7,net_income,L4_CACHE_PRESENT,PARTIAL_PROVISIONAL_DATA,provisional structured data only; missing values were not zero-filled,provisional_structured
VHH,True,True,True,False,False,7,net_income,L4_CACHE_PRESENT,PARTIAL_PROVISIONAL_DATA,provisional structured data only; missing values were not zero-filled,provisional_structured
VHI,True,True,True,False,True,7,net_income,L4_CACHE_PRESENT,PARTIAL_PROVISIONAL_DATA,provisional structured data only; missing values were not zero-filled,provisional_structured
VHL,True,True,True,False,True,7,net_income,L4_CACHE_PRESENT,PARTIAL_PROVISIONAL_DATA,provisional structured data only; missing values were not zero-filled,provisional_structured
VHM,True,True,True,False,True,7,net_income,L4_CACHE_PRESENT,PARTIAL_PROVISIONAL_DATA,provisional structured data only; missing values were not zero-filled,provisional_structured
VIB,True,True,True,False,True,5,revenue;gross_profit;capex,L4_CACHE_PRESENT,PARTIAL_PROVISIONAL_DATA,provisional structured data only; missing values were not zero-filled,provisional_structured
VIC,True,True,True,False,True,7,net_income,L4_CACHE_PRESENT,PARTIAL_PROVISIONAL_DATA,provisional structured data only; missing values were not zero-filled,provisional_structured
VID,True,True,True,False,True,7,net_income,L4_CACHE_PRESENT,PARTIAL_PROVISIONAL_DATA,provisional structured data only; missing values were not zero-filled,provisional_structured
VIE,True,True,True,False,True,7,net_income,L4_CACHE_PRESENT,PARTIAL_PROVISIONAL_DATA,provisional structured data only; missing values were not zero-filled,provisional_structured
VIF,True,True,True,False,True,7,net_income,L4_CACHE_PRESENT,PARTIAL_PROVISIONAL_DATA,provisional structured data only; missing values were not zero-filled,provisional_structured
VIG,True,True,True,False,True,8,,L4_CACHE_PRESENT,PARTIAL_PROVISIONAL_DATA,provisional structured data only; missing values were not zero-filled,provisional_structured
VIH,True,True,True,False,False,7,net_income,L4_CACHE_PRESENT,PARTIAL_PROVISIONAL_DATA,provisional structured data only; missing values were not zero-filled,provisional_structured
VIM,True,True,True,False,True,7,net_income,L4_CACHE_PRESENT,PARTIAL_PROVISIONAL_DATA,provisional structured data only; missing values were not zero-filled,provisional_structured
VIN,True,True,True,False,True,7,net_income,L4_CACHE_PRESENT,PARTIAL_PROVISIONAL_DATA,provisional structured data only; missing values were not zero-filled,provisional_structured
VIP,True,True,True,False,True,7,net_income,L4_CACHE_PRESENT,PARTIAL_PROVISIONAL_DATA,provisional structured data only; missing values were not zero-filled,provisional_structured
VIR,True,True,True,False,False,7,net_income,L4_CACHE_PRESENT,PARTIAL_PROVISIONAL_DATA,provisional structured data only; missing values were not zero-filled,provisional_structured
VIS,True,True,True,False,True,7,net_income,L4_CACHE_PRESENT,PARTIAL_PROVISIONAL_DATA,provisional structured data only; missing values were not zero-filled,provisional_structured
VIT,True,True,True,False,True,7,net_income,L4_CACHE_PRESENT,PARTIAL_PROVISIONAL_DATA,provisional structured data only; missing values were not zero-filled,provisional_structured
VIW,True,True,True,False,False,7,net_income,L4_CACHE_PRESENT,PARTIAL_PROVISIONAL_DATA,provisional structured data only; missing values were not zero-filled,provisional_structured
VIX,True,True,True,False,True,8,,L4_CACHE_PRESENT,PARTIAL_PROVISIONAL_DATA,provisional structured data only; missing values were not zero-filled,provisional_structured
VJC,True,True,True,False,True,7,net_income,L4_CACHE_PRESENT,PARTIAL_PROVISIONAL_DATA,provisional structured data only; missing values were not zero-filled,provisional_structured
VKC,True,True,True,False,True,7,net_income,L4_CACHE_PRESENT,PARTIAL_PROVISIONAL_DATA,provisional structured data only; missing values were not zero-filled,provisional_structured
VKD,True,True,True,False,False,7,net_income,L4_CACHE_PRESENT,PARTIAL_PROVISIONAL_DATA,provisional structured data only; missing values were not zero-filled,provisional_structured
VKP,True,True,False,False,False,4,total_assets;equity;cfo;capex,L4_CACHE_PRESENT,PARTIAL_PROVISIONAL_DATA,provisional structured data only; missing values were not zero-filled,provisional_structured
VLA,True,True,True,False,True,7,net_income,L4_CACHE_PRESENT,PARTIAL_PROVISIONAL_DATA,provisional structured data only; missing values were not zero-filled,provisional_structured
VLB,True,True,True,False,True,7,net_income,L4_CACHE_PRESENT,PARTIAL_PROVISIONAL_DATA,provisional structured data only; missing values were not zero-filled,provisional_structured
VLC,True,True,True,False,True,7,net_income,L4_CACHE_PRESENT,PARTIAL_PROVISIONAL_DATA,provisional structured data only; missing values were not zero-filled,provisional_structured
VLF,True,True,True,False,True,7,net_income,L4_CACHE_PRESENT,PARTIAL_PROVISIONAL_DATA,provisional structured data only; missing values were not zero-filled,provisional_structured
VLG,True,True,True,False,True,7,net_income,L4_CACHE_PRESENT,PARTIAL_PROVISIONAL_DATA,provisional structured data only; missing values were not zero-filled,provisional_structured
VLP,True,True,True,False,False,7,net_income,L4_CACHE_PRESENT,PARTIAL_PROVISIONAL_DATA,provisional structured data only; missing values were not zero-filled,provisional_structured
VLS,True,True,True,False,False,7,net_income,L4_CACHE_PRESENT,PARTIAL_PROVISIONAL_DATA,provisional structured data only; missing values were not zero-filled,provisional_structured
VLW,True,True,True,False,False,7,net_income,L4_CACHE_PRESENT,PARTIAL_PROVISIONAL_DATA,provisional structured data only; missing values were not zero-filled,provisional_structured
VMA,True,True,True,False,False,7,net_income,L4_CACHE_PRESENT,PARTIAL_PROVISIONAL_DATA,provisional structured data only; missing values were not zero-filled,provisional_structured
VMC,True,True,True,False,True,7,net_income,L4_CACHE_PRESENT,PARTIAL_PROVISIONAL_DATA,provisional structured data only; missing values were not zero-filled,provisional_structured
VMD,True,True,True,False,True,7,net_income,L4_CACHE_PRESENT,PARTIAL_PROVISIONAL_DATA,provisional structured data only; missing values were not zero-filled,provisional_structured
VMG,True,True,True,False,True,7,net_income,L4_CACHE_PRESENT,PARTIAL_PROVISIONAL_DATA,provisional structured data only; missing values were not zero-filled,provisional_structured
VMI,False,False,False,False,False,0,revenue;gross_profit;net_income;total_assets;total_liabilities;equity;cfo;capex,L4_CACHE_PRESENT,INSUFFICIENT_DATA,provisional structured data only; missing values were not zero-filled,provisional_structured
VMK,True,True,True,False,False,7,net_income,L4_CACHE_PRESENT,PARTIAL_PROVISIONAL_DATA,provisional structured data only; missing values were not zero-filled,provisional_structured
VMS,True,True,True,False,True,7,net_income,L4_CACHE_PRESENT,PARTIAL_PROVISIONAL_DATA,provisional structured data only; missing values were not zero-filled,provisional_structured
VMT,True,True,True,False,False,7,net_income,L4_CACHE_PRESENT,PARTIAL_PROVISIONAL_DATA,provisional structured data only; missing values were not zero-filled,provisional_structured
VNA,True,True,True,False,True,7,net_income,L4_CACHE_PRESENT,PARTIAL_PROVISIONAL_DATA,provisional structured data only; missing values were not zero-filled,provisional_structured
VNB,True,True,True,False,True,7,net_income,L4_CACHE_PRESENT,PARTIAL_PROVISIONAL_DATA,provisional structured data only; missing values were not zero-filled,provisional_structured
VNC,True,True,True,False,True,7,net_income,L4_CACHE_PRESENT,PARTIAL_PROVISIONAL_DATA,provisional structured data only; missing values were not zero-filled,provisional_structured
VND,True,True,True,False,True,8,,L4_CACHE_PRESENT,PARTIAL_PROVISIONAL_DATA,provisional structured data only; missing values were not zero-filled,provisional_structured
VNE,True,True,True,False,True,7,net_income,L4_CACHE_PRESENT,PARTIAL_PROVISIONAL_DATA,provisional structured data only; missing values were not zero-filled,provisional_structured
VNF,True,True,True,False,True,7,net_income,L4_CACHE_PRESENT,PARTIAL_PROVISIONAL_DATA,provisional structured data only; missing values were not zero-filled,provisional_structured
VNG,True,True,True,False,True,7,net_income,L4_CACHE_PRESENT,PARTIAL_PROVISIONAL_DATA,provisional structured data only; missing values were not zero-filled,provisional_structured
VNH,True,True,True,False,True,7,net_income,L4_CACHE_PRESENT,PARTIAL_PROVISIONAL_DATA,provisional structured data only; missing values were not zero-filled,provisional_structured
VNI,True,True,True,False,True,7,net_income,L4_CACHE_PRESENT,PARTIAL_PROVISIONAL_DATA,provisional structured data only; missing values were not zero-filled,provisional_structured
VNL,True,True,True,False,True,7,net_income,L4_CACHE_PRESENT,PARTIAL_PROVISIONAL_DATA,provisional structured data only; missing values were not zero-filled,provisional_structured
VNM,True,True,True,False,True,7,net_income,L4_CACHE_PRESENT,PARTIAL_PROVISIONAL_DATA,provisional structured data only; missing values were not zero-filled,provisional_structured
VNP,True,True,True,False,True,7,net_income,L4_CACHE_PRESENT,PARTIAL_PROVISIONAL_DATA,provisional structured data only; missing values were not zero-filled,provisional_structured
VNR,True,True,True,False,True,7,capex,L4_CACHE_PRESENT,PARTIAL_PROVISIONAL_DATA,provisional structured data only; missing values were not zero-filled,provisional_structured
VNS,True,True,True,False,True,7,net_income,L4_CACHE_PRESENT,PARTIAL_PROVISIONAL_DATA,provisional structured data only; missing values were not zero-filled,provisional_structured
VNT,True,True,True,False,False,7,net_income,L4_CACHE_PRESENT,PARTIAL_PROVISIONAL_DATA,provisional structured data only; missing values were not zero-filled,provisional_structured
VNX,True,True,True,False,False,7,net_income,L4_CACHE_PRESENT,PARTIAL_PROVISIONAL_DATA,provisional structured data only; missing values were not zero-filled,provisional_structured
VNY,True,True,True,False,True,7,net_income,L4_CACHE_PRESENT,PARTIAL_PROVISIONAL_DATA,provisional structured data only; missing values were not zero-filled,provisional_structured
VNZ,True,True,True,False,True,7,net_income,L4_CACHE_PRESENT,PARTIAL_PROVISIONAL_DATA,provisional structured data only; missing values were not zero-filled,provisional_structured
VOC,True,True,True,False,True,7,net_income,L4_CACHE_PRESENT,PARTIAL_PROVISIONAL_DATA,provisional structured data only; missing values were not zero-filled,provisional_structured
VOS,True,True,True,False,True,7,net_income,L4_CACHE_PRESENT,PARTIAL_PROVISIONAL_DATA,provisional structured data only; missing values were not zero-filled,provisional_structured
VPA,True,True,True,False,True,7,net_income,L4_CACHE_PRESENT,PARTIAL_PROVISIONAL_DATA,provisional structured data only; missing values were not zero-filled,provisional_structured
VPB,True,True,True,False,True,5,revenue;gross_profit;capex,L4_CACHE_PRESENT,PARTIAL_PROVISIONAL_DATA,provisional structured data only; missing values were not zero-filled,provisional_structured
VPC,True,True,True,False,True,7,net_income,L4_CACHE_PRESENT,PARTIAL_PROVISIONAL_DATA,provisional structured data only; missing values were not zero-filled,provisional_structured
VPD,True,True,True,False,True,7,net_income,L4_CACHE_PRESENT,PARTIAL_PROVISIONAL_DATA,provisional structured data only; missing values were not zero-filled,provisional_structured
VPG,True,True,True,False,True,7,net_income,L4_CACHE_PRESENT,PARTIAL_PROVISIONAL_DATA,provisional structured data only; missing values were not zero-filled,provisional_structured
VPH,True,True,True,False,True,7,net_income,L4_CACHE_PRESENT,PARTIAL_PROVISIONAL_DATA,provisional structured data only; missing values were not zero-filled,provisional_structured
VPI,True,True,True,False,True,7,net_income,L4_CACHE_PRESENT,PARTIAL_PROVISIONAL_DATA,provisional structured data only; missing values were not zero-filled,provisional_structured
VPL,True,True,True,False,True,7,net_income,L4_CACHE_PRESENT,PARTIAL_PROVISIONAL_DATA,provisional structured data only; missing values were not zero-filled,provisional_structured
VPR,True,True,True,False,True,7,net_income,L4_CACHE_PRESENT,PARTIAL_PROVISIONAL_DATA,provisional structured data only; missing values were not zero-filled,provisional_structured
VPS,True,True,True,False,True,7,net_income,L4_CACHE_PRESENT,PARTIAL_PROVISIONAL_DATA,provisional structured data only; missing values were not zero-filled,provisional_structured
VPW,True,True,True,False,False,7,net_income,L4_CACHE_PRESENT,PARTIAL_PROVISIONAL_DATA,provisional structured data only; missing values were not zero-filled,provisional_structured
VPX,True,True,True,False,False,8,,L4_CACHE_PRESENT,PARTIAL_PROVISIONAL_DATA,provisional structured data only; missing values were not zero-filled,provisional_structured
VQC,True,True,True,False,True,7,net_income,L4_CACHE_PRESENT,PARTIAL_PROVISIONAL_DATA,provisional structured data only; missing values were not zero-filled,provisional_structured
VRC,True,True,True,False,True,7,net_income,L4_CACHE_PRESENT,PARTIAL_PROVISIONAL_DATA,provisional structured data only; missing values were not zero-filled,provisional_structured
VRE,True,True,True,False,True,7,net_income,L4_CACHE_PRESENT,PARTIAL_PROVISIONAL_DATA,provisional structured data only; missing values were not zero-filled,provisional_structured
VRG,True,True,True,False,True,7,net_income,L4_CACHE_PRESENT,PARTIAL_PROVISIONAL_DATA,provisional structured data only; missing values were not zero-filled,provisional_structured
VSA,True,True,True,False,True,7,net_income,L4_CACHE_PRESENT,PARTIAL_PROVISIONAL_DATA,provisional structured data only; missing values were not zero-filled,provisional_structured
VSC,True,True,True,True,True,7,net_income,L4_CACHE_PRESENT,OK_FOR_PROVISIONAL_SCREEN,provisional structured data only; missing values were not zero-filled,provisional_structured
VSE,True,True,True,False,True,7,net_income,L4_CACHE_PRESENT,PARTIAL_PROVISIONAL_DATA,provisional structured data only; missing values were not zero-filled,provisional_structured
VSF,True,True,True,False,True,7,net_income,L4_CACHE_PRESENT,PARTIAL_PROVISIONAL_DATA,provisional structured data only; missing values were not zero-filled,provisional_structured
VSG,True,True,True,False,True,7,net_income,L4_CACHE_PRESENT,PARTIAL_PROVISIONAL_DATA,provisional structured data only; missing values were not zero-filled,provisional_structured
VSH,True,True,True,False,True,7,net_income,L4_CACHE_PRESENT,PARTIAL_PROVISIONAL_DATA,provisional structured data only; missing values were not zero-filled,provisional_structured
VSI,True,True,True,False,True,7,net_income,L4_CACHE_PRESENT,PARTIAL_PROVISIONAL_DATA,provisional structured data only; missing values were not zero-filled,provisional_structured
VSM,True,True,True,False,True,7,net_income,L4_CACHE_PRESENT,PARTIAL_PROVISIONAL_DATA,provisional structured data only; missing values were not zero-filled,provisional_structured
VSN,True,True,True,False,True,7,net_income,L4_CACHE_PRESENT,PARTIAL_PROVISIONAL_DATA,provisional structured data only; missing values were not zero-filled,provisional_structured
VSP,False,False,False,False,False,0,revenue;gross_profit;net_income;total_assets;total_liabilities;equity;cfo;capex,L4_CACHE_PRESENT,INSUFFICIENT_DATA,provisional structured data only; missing values were not zero-filled,provisional_structured
VST,True,True,True,False,True,7,net_income,L4_CACHE_PRESENT,PARTIAL_PROVISIONAL_DATA,provisional structured data only; missing values were not zero-filled,provisional_structured
VTA,True,True,True,False,True,7,net_income,L4_CACHE_PRESENT,PARTIAL_PROVISIONAL_DATA,provisional structured data only; missing values were not zero-filled,provisional_structured
VTB,True,True,True,False,True,7,net_income,L4_CACHE_PRESENT,PARTIAL_PROVISIONAL_DATA,provisional structured data only; missing values were not zero-filled,provisional_structured
VTC,True,True,True,False,True,7,net_income,L4_CACHE_PRESENT,PARTIAL_PROVISIONAL_DATA,provisional structured data only; missing values were not zero-filled,provisional_structured
VTD,True,True,True,False,True,7,net_income,L4_CACHE_PRESENT,PARTIAL_PROVISIONAL_DATA,provisional structured data only; missing values were not zero-filled,provisional_structured
VTE,True,True,True,False,True,7,net_income,L4_CACHE_PRESENT,PARTIAL_PROVISIONAL_DATA,provisional structured data only; missing values were not zero-filled,provisional_structured
VTG,True,True,True,False,True,7,net_income,L4_CACHE_PRESENT,PARTIAL_PROVISIONAL_DATA,provisional structured data only; missing values were not zero-filled,provisional_structured
VTH,True,True,True,False,True,7,net_income,L4_CACHE_PRESENT,PARTIAL_PROVISIONAL_DATA,provisional structured data only; missing values were not zero-filled,provisional_structured
VTI,True,True,True,False,False,7,net_income,L4_CACHE_PRESENT,PARTIAL_PROVISIONAL_DATA,provisional structured data only; missing values were not zero-filled,provisional_structured
VTJ,True,True,True,False,True,7,net_income,L4_CACHE_PRESENT,PARTIAL_PROVISIONAL_DATA,provisional structured data only; missing values were not zero-filled,provisional_structured
VTK,True,True,True,False,True,7,net_income,L4_CACHE_PRESENT,PARTIAL_PROVISIONAL_DATA,provisional structured data only; missing values were not zero-filled,provisional_structured
VTL,True,True,True,False,True,7,net_income,L4_CACHE_PRESENT,PARTIAL_PROVISIONAL_DATA,provisional structured data only; missing values were not zero-filled,provisional_structured
VTM,True,True,True,False,False,7,net_income,L4_CACHE_PRESENT,PARTIAL_PROVISIONAL_DATA,provisional structured data only; missing values were not zero-filled,provisional_structured
VTO,True,True,True,False,True,7,net_income,L4_CACHE_PRESENT,PARTIAL_PROVISIONAL_DATA,provisional structured data only; missing values were not zero-filled,provisional_structured
VTP,True,True,True,False,True,7,net_income,L4_CACHE_PRESENT,PARTIAL_PROVISIONAL_DATA,provisional structured data only; missing values were not zero-filled,provisional_structured
VTQ,True,True,True,False,True,7,net_income,L4_CACHE_PRESENT,PARTIAL_PROVISIONAL_DATA,provisional structured data only; missing values were not zero-filled,provisional_structured
VTR,True,True,True,False,True,7,net_income,L4_CACHE_PRESENT,PARTIAL_PROVISIONAL_DATA,provisional structured data only; missing values were not zero-filled,provisional_structured
VTS,True,True,True,False,False,7,net_income,L4_CACHE_PRESENT,PARTIAL_PROVISIONAL_DATA,provisional structured data only; missing values were not zero-filled,provisional_structured
VTV,True,True,True,False,True,7,net_income,L4_CACHE_PRESENT,PARTIAL_PROVISIONAL_DATA,provisional structured data only; missing values were not zero-filled,provisional_structured
VTX,True,True,True,False,True,7,net_income,L4_CACHE_PRESENT,PARTIAL_PROVISIONAL_DATA,provisional structured data only; missing values were not zero-filled,provisional_structured
VTZ,True,True,True,False,True,7,net_income,L4_CACHE_PRESENT,PARTIAL_PROVISIONAL_DATA,provisional structured data only; missing values were not zero-filled,provisional_structured
VUA,True,True,True,False,True,8,,L4_CACHE_PRESENT,PARTIAL_PROVISIONAL_DATA,provisional structured data only; missing values were not zero-filled,provisional_structured
VVN,True,True,True,False,True,7,net_income,L4_CACHE_PRESENT,PARTIAL_PROVISIONAL_DATA,provisional structured data only; missing values were not zero-filled,provisional_structured
VVS,True,True,True,False,True,7,net_income,L4_CACHE_PRESENT,PARTIAL_PROVISIONAL_DATA,provisional structured data only; missing values were not zero-filled,provisional_structured
VW3,True,True,True,False,True,7,net_income,L4_CACHE_PRESENT,PARTIAL_PROVISIONAL_DATA,provisional structured data only; missing values were not zero-filled,provisional_structured
VWS,True,True,True,False,True,7,net_income,L4_CACHE_PRESENT,PARTIAL_PROVISIONAL_DATA,provisional structured data only; missing values were not zero-filled,provisional_structured
VXB,True,True,True,False,False,7,net_income,L4_CACHE_PRESENT,PARTIAL_PROVISIONAL_DATA,provisional structured data only; missing values were not zero-filled,provisional_structured
VXP,True,True,True,False,False,7,net_income,L4_CACHE_PRESENT,PARTIAL_PROVISIONAL_DATA,provisional structured data only; missing values were not zero-filled,provisional_structured
VXT,True,True,True,False,False,7,net_income,L4_CACHE_PRESENT,PARTIAL_PROVISIONAL_DATA,provisional structured data only; missing values were not zero-filled,provisional_structured
WCS,True,True,True,False,True,7,net_income,L4_CACHE_PRESENT,PARTIAL_PROVISIONAL_DATA,provisional structured data only; missing values were not zero-filled,provisional_structured
WSB,True,True,True,False,True,7,net_income,L4_CACHE_PRESENT,PARTIAL_PROVISIONAL_DATA,provisional structured data only; missing values were not zero-filled,provisional_structured
WSS,True,True,True,False,True,8,,L4_CACHE_PRESENT,PARTIAL_PROVISIONAL_DATA,provisional structured data only; missing values were not zero-filled,provisional_structured
WTC,True,True,True,False,True,7,net_income,L4_CACHE_PRESENT,PARTIAL_PROVISIONAL_DATA,provisional structured data only; missing values were not zero-filled,provisional_structured
X20,True,True,True,False,True,7,net_income,L4_CACHE_PRESENT,PARTIAL_PROVISIONAL_DATA,provisional structured data only; missing values were not zero-filled,provisional_structured
X26,True,True,True,False,False,7,net_income,L4_CACHE_PRESENT,PARTIAL_PROVISIONAL_DATA,provisional structured data only; missing values were not zero-filled,provisional_structured
X77,True,True,True,False,False,7,net_income,L4_CACHE_PRESENT,PARTIAL_PROVISIONAL_DATA,provisional structured data only; missing values were not zero-filled,provisional_structured
XDC,True,True,True,False,False,7,net_income,L4_CACHE_PRESENT,PARTIAL_PROVISIONAL_DATA,provisional structured data only; missing values were not zero-filled,provisional_structured
XDH,True,True,True,False,True,7,net_income,L4_CACHE_PRESENT,PARTIAL_PROVISIONAL_DATA,provisional structured data only; missing values were not zero-filled,provisional_structured
XHC,True,True,True,False,True,7,net_income,L4_CACHE_PRESENT,PARTIAL_PROVISIONAL_DATA,provisional structured data only; missing values were not zero-filled,provisional_structured
XLV,True,True,True,False,True,7,net_income,L4_CACHE_PRESENT,PARTIAL_PROVISIONAL_DATA,provisional structured data only; missing values were not zero-filled,provisional_structured
XMC,True,True,True,False,True,7,net_income,L4_CACHE_PRESENT,PARTIAL_PROVISIONAL_DATA,provisional structured data only; missing values were not zero-filled,provisional_structured
XMD,True,True,True,False,True,7,net_income,L4_CACHE_PRESENT,PARTIAL_PROVISIONAL_DATA,provisional structured data only; missing values were not zero-filled,provisional_structured
XMP,True,True,True,False,True,7,net_income,L4_CACHE_PRESENT,PARTIAL_PROVISIONAL_DATA,provisional structured data only; missing values were not zero-filled,provisional_structured
XPH,True,True,True,False,False,7,net_income,L4_CACHE_PRESENT,PARTIAL_PROVISIONAL_DATA,provisional structured data only; missing values were not zero-filled,provisional_structured
YBC,True,True,True,False,True,7,net_income,L4_CACHE_PRESENT,PARTIAL_PROVISIONAL_DATA,provisional structured data only; missing values were not zero-filled,provisional_structured
YBM,True,True,True,False,True,7,net_income,L4_CACHE_PRESENT,PARTIAL_PROVISIONAL_DATA,provisional structured data only; missing values were not zero-filled,provisional_structured
YEG,True,True,True,False,True,7,net_income,L4_CACHE_PRESENT,PARTIAL_PROVISIONAL_DATA,provisional structured data only; missing values were not zero-filled,provisional_structured
YTC,True,True,True,False,False,7,net_income,L4_CACHE_PRESENT,PARTIAL_PROVISIONAL_DATA,provisional structured data only; missing values were not zero-filled,provisional_structured
