ticker,has_income_statement,has_balance_sheet,has_cash_flow,has_market_price,has_volume,finance_field_count,missing_required_fields,legacy_cache_status,export_status,notes
A32,False,False,False,False,True,0,revenue;gross_profit;net_income;total_assets;total_liabilities;equity;cfo;capex,L4_CACHE_PRESENT,PARTIAL_PROVISIONAL_DATA,provisional structured data only; missing values were not zero-filled
AAA,False,False,False,False,True,0,revenue;gross_profit;net_income;total_assets;total_liabilities;equity;cfo;capex,L4_CACHE_PRESENT,PARTIAL_PROVISIONAL_DATA,provisional structured data only; missing values were not zero-filled
AAH,False,False,False,False,False,0,revenue;gross_profit;net_income;total_assets;total_liabilities;equity;cfo;capex,L4_CACHE_PRESENT,INSUFFICIENT_DATA,provisional structured data only; missing values were not zero-filled
AAM,False,False,False,True,True,0,revenue;gross_profit;net_income;total_assets;total_liabilities;equity;cfo;capex,L4_CACHE_PRESENT,PARTIAL_PROVISIONAL_DATA,provisional structured data only; missing values were not zero-filled
AAN,False,False,False,False,False,0,revenue;gross_profit;net_income;total_assets;total_liabilities;equity;cfo;capex,L4_CACHE_PRESENT,INSUFFICIENT_DATA,provisional structured data only; missing values were not zero-filled
AAS,False,False,False,False,True,0,revenue;gross_profit;net_income;total_assets;total_liabilities;equity;cfo;capex,L4_CACHE_PRESENT,PARTIAL_PROVISIONAL_DATA,provisional structured data only; missing values were not zero-filled
AAT,False,False,False,False,True,0,revenue;gross_profit;net_income;total_assets;total_liabilities;equity;cfo;capex,L4_CACHE_PRESENT,PARTIAL_PROVISIONAL_DATA,provisional structured data only; missing values were not zero-filled
AAV,False,False,False,False,True,0,revenue;gross_profit;net_income;total_assets;total_liabilities;equity;cfo;capex,L4_CACHE_PRESENT,PARTIAL_PROVISIONAL_DATA,provisional structured data only; missing values were not zero-filled
ABB,False,False,False,False,True,0,revenue;gross_profit;net_income;total_assets;total_liabilities;equity;cfo;capex,L4_CACHE_PRESENT,PARTIAL_PROVISIONAL_DATA,provisional structured data only; missing values were not zero-filled
ABC,False,False,False,False,True,0,revenue;gross_profit;net_income;total_assets;total_liabilities;equity;cfo;capex,L4_CACHE_PRESENT,PARTIAL_PROVISIONAL_DATA,provisional structured data only; missing values were not zero-filled
ABI,False,False,False,False,True,0,revenue;gross_profit;net_income;total_assets;total_liabilities;equity;cfo;capex,L4_CACHE_PRESENT,PARTIAL_PROVISIONAL_DATA,provisional structured data only; missing values were not zero-filled
ABR,False,False,False,False,True,0,revenue;gross_profit;net_income;total_assets;total_liabilities;equity;cfo;capex,L4_CACHE_PRESENT,PARTIAL_PROVISIONAL_DATA,provisional structured data only; missing values were not zero-filled
ABS,False,False,False,False,True,0,revenue;gross_profit;net_income;total_assets;total_liabilities;equity;cfo;capex,L4_CACHE_PRESENT,PARTIAL_PROVISIONAL_DATA,provisional structured data only; missing values were not zero-filled
ABT,False,False,False,False,True,0,revenue;gross_profit;net_income;total_assets;total_liabilities;equity;cfo;capex,L4_CACHE_PRESENT,PARTIAL_PROVISIONAL_DATA,provisional structured data only; missing values were not zero-filled
ABW,False,False,False,False,False,0,revenue;gross_profit;net_income;total_assets;total_liabilities;equity;cfo;capex,L4_CACHE_PRESENT,INSUFFICIENT_DATA,provisional structured data only; missing values were not zero-filled
AC4,False,False,False,False,False,0,revenue;gross_profit;net_income;total_assets;total_liabilities;equity;cfo;capex,L4_CACHE_MISSING,CACHE_MISSING,provisional structured data only; missing values were not zero-filled
ACB,False,False,False,False,True,0,revenue;gross_profit;net_income;total_assets;total_liabilities;equity;cfo;capex,L4_CACHE_PRESENT,PARTIAL_PROVISIONAL_DATA,provisional structured data only; missing values were not zero-filled
ACC,False,False,False,False,True,0,revenue;gross_profit;net_income;total_assets;total_liabilities;equity;cfo;capex,L4_CACHE_PRESENT,PARTIAL_PROVISIONAL_DATA,provisional structured data only; missing values were not zero-filled
ACE,False,False,False,False,True,0,revenue;gross_profit;net_income;total_assets;total_liabilities;equity;cfo;capex,L4_CACHE_PRESENT,PARTIAL_PROVISIONAL_DATA,provisional structured data only; missing values were not zero-filled
ACG,False,False,False,False,True,0,revenue;gross_profit;net_income;total_assets;total_liabilities;equity;cfo;capex,L4_CACHE_PRESENT,PARTIAL_PROVISIONAL_DATA,provisional structured data only; missing values were not zero-filled
ACL,False,False,False,False,True,0,revenue;gross_profit;net_income;total_assets;total_liabilities;equity;cfo;capex,L4_CACHE_PRESENT,PARTIAL_PROVISIONAL_DATA,provisional structured data only; missing values were not zero-filled
ACM,False,False,False,False,True,0,revenue;gross_profit;net_income;total_assets;total_liabilities;equity;cfo;capex,L4_CACHE_PRESENT,PARTIAL_PROVISIONAL_DATA,provisional structured data only; missing values were not zero-filled
ACS,False,False,False,False,True,0,revenue;gross_profit;net_income;total_assets;total_liabilities;equity;cfo;capex,L4_CACHE_PRESENT,PARTIAL_PROVISIONAL_DATA,provisional structured data only; missing values were not zero-filled
ACV,False,False,False,False,True,0,revenue;gross_profit;net_income;total_assets;total_liabilities;equity;cfo;capex,L4_CACHE_PRESENT,PARTIAL_PROVISIONAL_DATA,provisional structured data only; missing values were not zero-filled
ADC,False,False,False,False,True,0,revenue;gross_profit;net_income;total_assets;total_liabilities;equity;cfo;capex,L4_CACHE_PRESENT,PARTIAL_PROVISIONAL_DATA,provisional structured data only; missing values were not zero-filled
ADG,False,False,False,False,True,0,revenue;gross_profit;net_income;total_assets;total_liabilities;equity;cfo;capex,L4_CACHE_PRESENT,PARTIAL_PROVISIONAL_DATA,provisional structured data only; missing values were not zero-filled
ADP,False,False,False,False,True,0,revenue;gross_profit;net_income;total_assets;total_liabilities;equity;cfo;capex,L4_CACHE_PRESENT,PARTIAL_PROVISIONAL_DATA,provisional structured data only; missing values were not zero-filled
ADS,False,False,False,False,True,0,revenue;gross_profit;net_income;total_assets;total_liabilities;equity;cfo;capex,L4_CACHE_PRESENT,PARTIAL_PROVISIONAL_DATA,provisional structured data only; missing values were not zero-filled
AFC,False,False,False,False,False,0,revenue;gross_profit;net_income;total_assets;total_liabilities;equity;cfo;capex,L4_CACHE_MISSING,CACHE_MISSING,provisional structured data only; missing values were not zero-filled
AFX,False,False,False,False,True,0,revenue;gross_profit;net_income;total_assets;total_liabilities;equity;cfo;capex,L4_CACHE_PRESENT,PARTIAL_PROVISIONAL_DATA,provisional structured data only; missing values were not zero-filled
AG1,False,False,False,False,True,0,revenue;gross_profit;net_income;total_assets;total_liabilities;equity;cfo;capex,L4_CACHE_PRESENT,PARTIAL_PROVISIONAL_DATA,provisional structured data only; missing values were not zero-filled
AGC,False,False,False,False,False,0,revenue;gross_profit;net_income;total_assets;total_liabilities;equity;cfo;capex,L4_CACHE_MISSING,CACHE_MISSING,provisional structured data only; missing values were not zero-filled
AGD,False,False,False,False,False,0,revenue;gross_profit;net_income;total_assets;total_liabilities;equity;cfo;capex,L4_CACHE_MISSING,CACHE_MISSING,provisional structured data only; missing values were not zero-filled
AGE,False,False,False,False,False,0,revenue;gross_profit;net_income;total_assets;total_liabilities;equity;cfo;capex,L4_CACHE_PRESENT,INSUFFICIENT_DATA,provisional structured data only; missing values were not zero-filled
AGF,False,False,False,False,True,0,revenue;gross_profit;net_income;total_assets;total_liabilities;equity;cfo;capex,L4_CACHE_PRESENT,PARTIAL_PROVISIONAL_DATA,provisional structured data only; missing values were not zero-filled
AGG,False,False,False,False,True,0,revenue;gross_profit;net_income;total_assets;total_liabilities;equity;cfo;capex,L4_CACHE_PRESENT,PARTIAL_PROVISIONAL_DATA,provisional structured data only; missing values were not zero-filled
AGM,False,False,False,False,True,0,revenue;gross_profit;net_income;total_assets;total_liabilities;equity;cfo;capex,L4_CACHE_PRESENT,PARTIAL_PROVISIONAL_DATA,provisional structured data only; missing values were not zero-filled
AGP,False,False,False,False,True,0,revenue;gross_profit;net_income;total_assets;total_liabilities;equity;cfo;capex,L4_CACHE_PRESENT,PARTIAL_PROVISIONAL_DATA,provisional structured data only; missing values were not zero-filled
AGR,False,False,False,False,True,0,revenue;gross_profit;net_income;total_assets;total_liabilities;equity;cfo;capex,L4_CACHE_PRESENT,PARTIAL_PROVISIONAL_DATA,provisional structured data only; missing values were not zero-filled
AGX,False,False,False,False,True,0,revenue;gross_profit;net_income;total_assets;total_liabilities;equity;cfo;capex,L4_CACHE_PRESENT,PARTIAL_PROVISIONAL_DATA,provisional structured data only; missing values were not zero-filled
AIC,False,False,False,True,True,0,revenue;gross_profit;net_income;total_assets;total_liabilities;equity;cfo;capex,L4_CACHE_PRESENT,PARTIAL_PROVISIONAL_DATA,provisional structured data only; missing values were not zero-filled
AIG,False,False,False,False,False,0,revenue;gross_profit;net_income;total_assets;total_liabilities;equity;cfo;capex,L4_CACHE_PRESENT,INSUFFICIENT_DATA,provisional structured data only; missing values were not zero-filled
ALC,False,False,False,False,False,0,revenue;gross_profit;net_income;total_assets;total_liabilities;equity;cfo;capex,L4_CACHE_PRESENT,INSUFFICIENT_DATA,provisional structured data only; missing values were not zero-filled
ALP,False,False,False,False,False,0,revenue;gross_profit;net_income;total_assets;total_liabilities;equity;cfo;capex,L4_CACHE_MISSING,CACHE_MISSING,provisional structured data only; missing values were not zero-filled
ALT,False,False,False,False,True,0,revenue;gross_profit;net_income;total_assets;total_liabilities;equity;cfo;capex,L4_CACHE_PRESENT,PARTIAL_PROVISIONAL_DATA,provisional structured data only; missing values were not zero-filled
ALV,False,False,False,False,True,0,revenue;gross_profit;net_income;total_assets;total_liabilities;equity;cfo;capex,L4_CACHE_PRESENT,PARTIAL_PROVISIONAL_DATA,provisional structured data only; missing values were not zero-filled
AMC,False,False,False,False,True,0,revenue;gross_profit;net_income;total_assets;total_liabilities;equity;cfo;capex,L4_CACHE_PRESENT,PARTIAL_PROVISIONAL_DATA,provisional structured data only; missing values were not zero-filled
AMD,False,False,False,False,False,0,revenue;gross_profit;net_income;total_assets;total_liabilities;equity;cfo;capex,L4_CACHE_PRESENT,INSUFFICIENT_DATA,provisional structured data only; missing values were not zero-filled
AME,False,False,False,False,True,0,revenue;gross_profit;net_income;total_assets;total_liabilities;equity;cfo;capex,L4_CACHE_PRESENT,PARTIAL_PROVISIONAL_DATA,provisional structured data only; missing values were not zero-filled
AMP,False,False,False,True,True,0,revenue;gross_profit;net_income;total_assets;total_liabilities;equity;cfo;capex,L4_CACHE_PRESENT,PARTIAL_PROVISIONAL_DATA,provisional structured data only; missing values were not zero-filled
AMS,False,False,False,False,True,0,revenue;gross_profit;net_income;total_assets;total_liabilities;equity;cfo;capex,L4_CACHE_PRESENT,PARTIAL_PROVISIONAL_DATA,provisional structured data only; missing values were not zero-filled
AMV,False,False,False,False,True,0,revenue;gross_profit;net_income;total_assets;total_liabilities;equity;cfo;capex,L4_CACHE_PRESENT,PARTIAL_PROVISIONAL_DATA,provisional structured data only; missing values were not zero-filled
ANC11601,False,False,False,False,False,0,revenue;gross_profit;net_income;total_assets;total_liabilities;equity;cfo;capex,L4_CACHE_MISSING,CACHE_MISSING,provisional structured data only; missing values were not zero-filled
ANT,False,False,False,False,True,0,revenue;gross_profit;net_income;total_assets;total_liabilities;equity;cfo;capex,L4_CACHE_PRESENT,PARTIAL_PROVISIONAL_DATA,provisional structured data only; missing values were not zero-filled
ANV,False,False,False,False,True,0,revenue;gross_profit;net_income;total_assets;total_liabilities;equity;cfo;capex,L4_CACHE_PRESENT,PARTIAL_PROVISIONAL_DATA,provisional structured data only; missing values were not zero-filled
APC,False,False,False,False,True,0,revenue;gross_profit;net_income;total_assets;total_liabilities;equity;cfo;capex,L4_CACHE_PRESENT,PARTIAL_PROVISIONAL_DATA,provisional structured data only; missing values were not zero-filled
APF,False,False,False,False,True,0,revenue;gross_profit;net_income;total_assets;total_liabilities;equity;cfo;capex,L4_CACHE_PRESENT,PARTIAL_PROVISIONAL_DATA,provisional structured data only; missing values were not zero-filled
APG,False,False,False,True,True,0,revenue;gross_profit;net_income;total_assets;total_liabilities;equity;cfo;capex,L4_CACHE_PRESENT,PARTIAL_PROVISIONAL_DATA,provisional structured data only; missing values were not zero-filled
APH,False,False,False,False,True,0,revenue;gross_profit;net_income;total_assets;total_liabilities;equity;cfo;capex,L4_CACHE_PRESENT,PARTIAL_PROVISIONAL_DATA,provisional structured data only; missing values were not zero-filled
API,False,False,False,False,True,0,revenue;gross_profit;net_income;total_assets;total_liabilities;equity;cfo;capex,L4_CACHE_PRESENT,PARTIAL_PROVISIONAL_DATA,provisional structured data only; missing values were not zero-filled
APL,False,False,False,False,False,0,revenue;gross_profit;net_income;total_assets;total_liabilities;equity;cfo;capex,L4_CACHE_PRESENT,INSUFFICIENT_DATA,provisional structured data only; missing values were not zero-filled
APP,False,False,False,False,True,0,revenue;gross_profit;net_income;total_assets;total_liabilities;equity;cfo;capex,L4_CACHE_PRESENT,PARTIAL_PROVISIONAL_DATA,provisional structured data only; missing values were not zero-filled
APS,False,False,False,False,True,0,revenue;gross_profit;net_income;total_assets;total_liabilities;equity;cfo;capex,L4_CACHE_PRESENT,PARTIAL_PROVISIONAL_DATA,provisional structured data only; missing values were not zero-filled
APT,False,False,False,False,False,0,revenue;gross_profit;net_income;total_assets;total_liabilities;equity;cfo;capex,L4_CACHE_PRESENT,INSUFFICIENT_DATA,provisional structured data only; missing values were not zero-filled
AQN,False,False,False,False,False,0,revenue;gross_profit;net_income;total_assets;total_liabilities;equity;cfo;capex,L4_CACHE_MISSING,CACHE_MISSING,provisional structured data only; missing values were not zero-filled
ARM,False,False,False,False,False,0,revenue;gross_profit;net_income;total_assets;total_liabilities;equity;cfo;capex,L4_CACHE_PRESENT,INSUFFICIENT_DATA,provisional structured data only; missing values were not zero-filled
ART,False,False,False,False,False,0,revenue;gross_profit;net_income;total_assets;total_liabilities;equity;cfo;capex,L4_CACHE_PRESENT,INSUFFICIENT_DATA,provisional structured data only; missing values were not zero-filled
ASA,False,False,False,False,False,0,revenue;gross_profit;net_income;total_assets;total_liabilities;equity;cfo;capex,L4_CACHE_PRESENT,INSUFFICIENT_DATA,provisional structured data only; missing values were not zero-filled
ASD,False,False,False,False,False,0,revenue;gross_profit;net_income;total_assets;total_liabilities;equity;cfo;capex,L4_CACHE_MISSING,CACHE_MISSING,provisional structured data only; missing values were not zero-filled
ASG,False,False,False,False,True,0,revenue;gross_profit;net_income;total_assets;total_liabilities;equity;cfo;capex,L4_CACHE_PRESENT,PARTIAL_PROVISIONAL_DATA,provisional structured data only; missing values were not zero-filled
ASIAGF,False,False,False,False,False,0,revenue;gross_profit;net_income;total_assets;total_liabilities;equity;cfo;capex,L4_CACHE_MISSING,CACHE_MISSING,provisional structured data only; missing values were not zero-filled
ASM,False,False,False,False,True,0,revenue;gross_profit;net_income;total_assets;total_liabilities;equity;cfo;capex,L4_CACHE_PRESENT,PARTIAL_PROVISIONAL_DATA,provisional structured data only; missing values were not zero-filled
ASP,False,False,False,False,True,0,revenue;gross_profit;net_income;total_assets;total_liabilities;equity;cfo;capex,L4_CACHE_PRESENT,PARTIAL_PROVISIONAL_DATA,provisional structured data only; missing values were not zero-filled
AST,False,False,False,False,True,0,revenue;gross_profit;net_income;total_assets;total_liabilities;equity;cfo;capex,L4_CACHE_PRESENT,PARTIAL_PROVISIONAL_DATA,provisional structured data only; missing values were not zero-filled
ATA,False,False,False,False,True,0,revenue;gross_profit;net_income;total_assets;total_liabilities;equity;cfo;capex,L4_CACHE_PRESENT,PARTIAL_PROVISIONAL_DATA,provisional structured data only; missing values were not zero-filled
ATB,False,False,False,False,True,0,revenue;gross_profit;net_income;total_assets;total_liabilities;equity;cfo;capex,L4_CACHE_PRESENT,PARTIAL_PROVISIONAL_DATA,provisional structured data only; missing values were not zero-filled
ATD,False,False,False,False,False,0,revenue;gross_profit;net_income;total_assets;total_liabilities;equity;cfo;capex,L4_CACHE_MISSING,CACHE_MISSING,provisional structured data only; missing values were not zero-filled
ATG,False,False,False,False,True,0,revenue;gross_profit;net_income;total_assets;total_liabilities;equity;cfo;capex,L4_CACHE_PRESENT,PARTIAL_PROVISIONAL_DATA,provisional structured data only; missing values were not zero-filled
ATS,False,False,False,False,True,0,revenue;gross_profit;net_income;total_assets;total_liabilities;equity;cfo;capex,L4_CACHE_PRESENT,PARTIAL_PROVISIONAL_DATA,provisional structured data only; missing values were not zero-filled
AUM,False,False,False,False,False,0,revenue;gross_profit;net_income;total_assets;total_liabilities;equity;cfo;capex,L4_CACHE_PRESENT,INSUFFICIENT_DATA,provisional structured data only; missing values were not zero-filled
AVC,False,False,False,False,True,0,revenue;gross_profit;net_income;total_assets;total_liabilities;equity;cfo;capex,L4_CACHE_PRESENT,PARTIAL_PROVISIONAL_DATA,provisional structured data only; missing values were not zero-filled
AVF,False,False,False,False,False,0,revenue;gross_profit;net_income;total_assets;total_liabilities;equity;cfo;capex,L4_CACHE_PRESENT,INSUFFICIENT_DATA,provisional structured data only; missing values were not zero-filled
AVG,False,False,False,False,False,0,revenue;gross_profit;net_income;total_assets;total_liabilities;equity;cfo;capex,L4_CACHE_PRESENT,INSUFFICIENT_DATA,provisional structured data only; missing values were not zero-filled
AVS,False,False,False,False,False,0,revenue;gross_profit;net_income;total_assets;total_liabilities;equity;cfo;capex,L4_CACHE_MISSING,CACHE_MISSING,provisional structured data only; missing values were not zero-filled
B82,False,False,False,False,False,0,revenue;gross_profit;net_income;total_assets;total_liabilities;equity;cfo;capex,L4_CACHE_PRESENT,INSUFFICIENT_DATA,provisional structured data only; missing values were not zero-filled
BAB,False,False,False,False,True,0,revenue;gross_profit;net_income;total_assets;total_liabilities;equity;cfo;capex,L4_CACHE_PRESENT,PARTIAL_PROVISIONAL_DATA,provisional structured data only; missing values were not zero-filled
BAF,False,False,False,True,True,0,revenue;gross_profit;net_income;total_assets;total_liabilities;equity;cfo;capex,L4_CACHE_PRESENT,PARTIAL_PROVISIONAL_DATA,provisional structured data only; missing values were not zero-filled
BAL,False,False,False,False,False,0,revenue;gross_profit;net_income;total_assets;total_liabilities;equity;cfo;capex,L4_CACHE_PRESENT,INSUFFICIENT_DATA,provisional structured data only; missing values were not zero-filled
BAM,False,False,False,False,False,0,revenue;gross_profit;net_income;total_assets;total_liabilities;equity;cfo;capex,L4_CACHE_MISSING,CACHE_MISSING,provisional structured data only; missing values were not zero-filled
BAOMINH,False,False,False,False,False,0,revenue;gross_profit;net_income;total_assets;total_liabilities;equity;cfo;capex,L4_CACHE_MISSING,CACHE_MISSING,provisional structured data only; missing values were not zero-filled
BAS,False,False,False,False,False,0,revenue;gross_profit;net_income;total_assets;total_liabilities;equity;cfo;capex,L4_CACHE_MISSING,CACHE_MISSING,provisional structured data only; missing values were not zero-filled
BAX,False,False,False,False,True,0,revenue;gross_profit;net_income;total_assets;total_liabilities;equity;cfo;capex,L4_CACHE_PRESENT,PARTIAL_PROVISIONAL_DATA,provisional structured data only; missing values were not zero-filled
BB,False,False,False,False,False,0,revenue;gross_profit;net_income;total_assets;total_liabilities;equity;cfo;capex,L4_CACHE_MISSING,CACHE_MISSING,provisional structured data only; missing values were not zero-filled
BBC,False,False,False,False,True,0,revenue;gross_profit;net_income;total_assets;total_liabilities;equity;cfo;capex,L4_CACHE_PRESENT,PARTIAL_PROVISIONAL_DATA,provisional structured data only; missing values were not zero-filled
BBH,False,False,False,False,True,0,revenue;gross_profit;net_income;total_assets;total_liabilities;equity;cfo;capex,L4_CACHE_PRESENT,PARTIAL_PROVISIONAL_DATA,provisional structured data only; missing values were not zero-filled
BBM,False,False,False,False,True,0,revenue;gross_profit;net_income;total_assets;total_liabilities;equity;cfo;capex,L4_CACHE_PRESENT,PARTIAL_PROVISIONAL_DATA,provisional structured data only; missing values were not zero-filled
BBS,False,False,False,False,True,0,revenue;gross_profit;net_income;total_assets;total_liabilities;equity;cfo;capex,L4_CACHE_PRESENT,PARTIAL_PROVISIONAL_DATA,provisional structured data only; missing values were not zero-filled
BBT,False,False,False,False,True,0,revenue;gross_profit;net_income;total_assets;total_liabilities;equity;cfo;capex,L4_CACHE_PRESENT,PARTIAL_PROVISIONAL_DATA,provisional structured data only; missing values were not zero-filled
BCA,False,False,False,True,True,0,revenue;gross_profit;net_income;total_assets;total_liabilities;equity;cfo;capex,L4_CACHE_PRESENT,PARTIAL_PROVISIONAL_DATA,provisional structured data only; missing values were not zero-filled
BCB,False,False,False,False,False,0,revenue;gross_profit;net_income;total_assets;total_liabilities;equity;cfo;capex,L4_CACHE_PRESENT,INSUFFICIENT_DATA,provisional structured data only; missing values were not zero-filled
BCC,False,False,False,False,True,0,revenue;gross_profit;net_income;total_assets;total_liabilities;equity;cfo;capex,L4_CACHE_PRESENT,PARTIAL_PROVISIONAL_DATA,provisional structured data only; missing values were not zero-filled
BCE,False,False,False,False,True,0,revenue;gross_profit;net_income;total_assets;total_liabilities;equity;cfo;capex,L4_CACHE_PRESENT,PARTIAL_PROVISIONAL_DATA,provisional structured data only; missing values were not zero-filled
BCF,False,False,False,False,True,0,revenue;gross_profit;net_income;total_assets;total_liabilities;equity;cfo;capex,L4_CACHE_PRESENT,PARTIAL_PROVISIONAL_DATA,provisional structured data only; missing values were not zero-filled
BCG,False,False,False,False,False,0,revenue;gross_profit;net_income;total_assets;total_liabilities;equity;cfo;capex,L4_CACHE_PRESENT,INSUFFICIENT_DATA,provisional structured data only; missing values were not zero-filled
BCI,False,False,False,False,False,0,revenue;gross_profit;net_income;total_assets;total_liabilities;equity;cfo;capex,L4_CACHE_MISSING,CACHE_MISSING,provisional structured data only; missing values were not zero-filled
BCM,False,False,False,False,True,0,revenue;gross_profit;net_income;total_assets;total_liabilities;equity;cfo;capex,L4_CACHE_PRESENT,PARTIAL_PROVISIONAL_DATA,provisional structured data only; missing values were not zero-filled
BCO,False,False,False,False,False,0,revenue;gross_profit;net_income;total_assets;total_liabilities;equity;cfo;capex,L4_CACHE_PRESENT,INSUFFICIENT_DATA,provisional structured data only; missing values were not zero-filled
BCP,False,False,False,False,True,0,revenue;gross_profit;net_income;total_assets;total_liabilities;equity;cfo;capex,L4_CACHE_PRESENT,PARTIAL_PROVISIONAL_DATA,provisional structured data only; missing values were not zero-filled
BCR,False,False,False,False,False,0,revenue;gross_profit;net_income;total_assets;total_liabilities;equity;cfo;capex,L4_CACHE_PRESENT,INSUFFICIENT_DATA,provisional structured data only; missing values were not zero-filled
BCV,False,False,False,False,False,0,revenue;gross_profit;net_income;total_assets;total_liabilities;equity;cfo;capex,L4_CACHE_PRESENT,INSUFFICIENT_DATA,provisional structured data only; missing values were not zero-filled
BDB,False,False,False,False,True,0,revenue;gross_profit;net_income;total_assets;total_liabilities;equity;cfo;capex,L4_CACHE_PRESENT,PARTIAL_PROVISIONAL_DATA,provisional structured data only; missing values were not zero-filled
BDC,False,False,False,False,False,0,revenue;gross_profit;net_income;total_assets;total_liabilities;equity;cfo;capex,L4_CACHE_MISSING,CACHE_MISSING,provisional structured data only; missing values were not zero-filled
BDF,False,False,False,False,False,0,revenue;gross_profit;net_income;total_assets;total_liabilities;equity;cfo;capex,L4_CACHE_MISSING,CACHE_MISSING,provisional structured data only; missing values were not zero-filled
BDG,False,False,False,False,True,0,revenue;gross_profit;net_income;total_assets;total_liabilities;equity;cfo;capex,L4_CACHE_PRESENT,PARTIAL_PROVISIONAL_DATA,provisional structured data only; missing values were not zero-filled
BDT,False,False,False,False,True,0,revenue;gross_profit;net_income;total_assets;total_liabilities;equity;cfo;capex,L4_CACHE_PRESENT,PARTIAL_PROVISIONAL_DATA,provisional structured data only; missing values were not zero-filled
BDW,False,False,False,False,True,0,revenue;gross_profit;net_income;total_assets;total_liabilities;equity;cfo;capex,L4_CACHE_PRESENT,PARTIAL_PROVISIONAL_DATA,provisional structured data only; missing values were not zero-filled
BED,False,False,False,False,False,0,revenue;gross_profit;net_income;total_assets;total_liabilities;equity;cfo;capex,L4_CACHE_PRESENT,INSUFFICIENT_DATA,provisional structured data only; missing values were not zero-filled
BEL,False,False,False,False,False,0,revenue;gross_profit;net_income;total_assets;total_liabilities;equity;cfo;capex,L4_CACHE_PRESENT,INSUFFICIENT_DATA,provisional structured data only; missing values were not zero-filled
BFC,False,False,False,False,True,0,revenue;gross_profit;net_income;total_assets;total_liabilities;equity;cfo;capex,L4_CACHE_PRESENT,PARTIAL_PROVISIONAL_DATA,provisional structured data only; missing values were not zero-filled
BGE,False,False,False,False,False,0,revenue;gross_profit;net_income;total_assets;total_liabilities;equity;cfo;capex,L4_CACHE_PRESENT,INSUFFICIENT_DATA,provisional structured data only; missing values were not zero-filled
BGM,False,False,False,False,False,0,revenue;gross_profit;net_income;total_assets;total_liabilities;equity;cfo;capex,L4_CACHE_MISSING,CACHE_MISSING,provisional structured data only; missing values were not zero-filled
BGW,False,False,False,False,True,0,revenue;gross_profit;net_income;total_assets;total_liabilities;equity;cfo;capex,L4_CACHE_PRESENT,PARTIAL_PROVISIONAL_DATA,provisional structured data only; missing values were not zero-filled
BHA,False,False,False,False,True,0,revenue;gross_profit;net_income;total_assets;total_liabilities;equity;cfo;capex,L4_CACHE_PRESENT,PARTIAL_PROVISIONAL_DATA,provisional structured data only; missing values were not zero-filled
BHC,False,False,False,False,True,0,revenue;gross_profit;net_income;total_assets;total_liabilities;equity;cfo;capex,L4_CACHE_PRESENT,PARTIAL_PROVISIONAL_DATA,provisional structured data only; missing values were not zero-filled
BHG,False,False,False,False,False,0,revenue;gross_profit;net_income;total_assets;total_liabilities;equity;cfo;capex,L4_CACHE_PRESENT,INSUFFICIENT_DATA,provisional structured data only; missing values were not zero-filled
BHH,False,False,False,False,False,0,revenue;gross_profit;net_income;total_assets;total_liabilities;equity;cfo;capex,L4_CACHE_PRESENT,INSUFFICIENT_DATA,provisional structured data only; missing values were not zero-filled
BHI,False,False,False,False,False,0,revenue;gross_profit;net_income;total_assets;total_liabilities;equity;cfo;capex,L4_CACHE_PRESENT,INSUFFICIENT_DATA,provisional structured data only; missing values were not zero-filled
BHK,False,False,False,False,False,0,revenue;gross_profit;net_income;total_assets;total_liabilities;equity;cfo;capex,L4_CACHE_PRESENT,INSUFFICIENT_DATA,provisional structured data only; missing values were not zero-filled
BHN,False,False,False,False,True,0,revenue;gross_profit;net_income;total_assets;total_liabilities;equity;cfo;capex,L4_CACHE_PRESENT,PARTIAL_PROVISIONAL_DATA,provisional structured data only; missing values were not zero-filled
BHP,False,False,False,False,True,0,revenue;gross_profit;net_income;total_assets;total_liabilities;equity;cfo;capex,L4_CACHE_PRESENT,PARTIAL_PROVISIONAL_DATA,provisional structured data only; missing values were not zero-filled
BHS,False,False,False,False,False,0,revenue;gross_profit;net_income;total_assets;total_liabilities;equity;cfo;capex,L4_CACHE_MISSING,CACHE_MISSING,provisional structured data only; missing values were not zero-filled
BHT,False,False,False,False,False,0,revenue;gross_profit;net_income;total_assets;total_liabilities;equity;cfo;capex,L4_CACHE_PRESENT,INSUFFICIENT_DATA,provisional structured data only; missing values were not zero-filled
BHV,False,False,False,False,False,0,revenue;gross_profit;net_income;total_assets;total_liabilities;equity;cfo;capex,L4_CACHE_MISSING,CACHE_MISSING,provisional structured data only; missing values were not zero-filled
BIC,False,False,False,False,True,0,revenue;gross_profit;net_income;total_assets;total_liabilities;equity;cfo;capex,L4_CACHE_PRESENT,PARTIAL_PROVISIONAL_DATA,provisional structured data only; missing values were not zero-filled
BID,False,False,False,False,True,0,revenue;gross_profit;net_income;total_assets;total_liabilities;equity;cfo;capex,L4_CACHE_PRESENT,PARTIAL_PROVISIONAL_DATA,provisional structured data only; missing values were not zero-filled
BIG,False,False,False,True,True,0,revenue;gross_profit;net_income;total_assets;total_liabilities;equity;cfo;capex,L4_CACHE_PRESENT,PARTIAL_PROVISIONAL_DATA,provisional structured data only; missing values were not zero-filled
BII,False,False,False,False,True,0,revenue;gross_profit;net_income;total_assets;total_liabilities;equity;cfo;capex,L4_CACHE_PRESENT,PARTIAL_PROVISIONAL_DATA,provisional structured data only; missing values were not zero-filled
BIO,False,False,False,False,True,0,revenue;gross_profit;net_income;total_assets;total_liabilities;equity;cfo;capex,L4_CACHE_PRESENT,PARTIAL_PROVISIONAL_DATA,provisional structured data only; missing values were not zero-filled
BKC,False,False,False,False,True,0,revenue;gross_profit;net_income;total_assets;total_liabilities;equity;cfo;capex,L4_CACHE_PRESENT,PARTIAL_PROVISIONAL_DATA,provisional structured data only; missing values were not zero-filled
BKG,False,False,False,False,True,0,revenue;gross_profit;net_income;total_assets;total_liabilities;equity;cfo;capex,L4_CACHE_PRESENT,PARTIAL_PROVISIONAL_DATA,provisional structured data only; missing values were not zero-filled
BKH,False,False,False,False,True,0,revenue;gross_profit;net_income;total_assets;total_liabilities;equity;cfo;capex,L4_CACHE_PRESENT,PARTIAL_PROVISIONAL_DATA,provisional structured data only; missing values were not zero-filled
BLF,False,False,False,True,True,0,revenue;gross_profit;net_income;total_assets;total_liabilities;equity;cfo;capex,L4_CACHE_PRESENT,PARTIAL_PROVISIONAL_DATA,provisional structured data only; missing values were not zero-filled
BLI,False,False,False,False,True,0,revenue;gross_profit;net_income;total_assets;total_liabilities;equity;cfo;capex,L4_CACHE_PRESENT,PARTIAL_PROVISIONAL_DATA,provisional structured data only; missing values were not zero-filled
BLN,False,False,False,False,True,0,revenue;gross_profit;net_income;total_assets;total_liabilities;equity;cfo;capex,L4_CACHE_PRESENT,PARTIAL_PROVISIONAL_DATA,provisional structured data only; missing values were not zero-filled
BLT,False,False,False,False,True,0,revenue;gross_profit;net_income;total_assets;total_liabilities;equity;cfo;capex,L4_CACHE_PRESENT,PARTIAL_PROVISIONAL_DATA,provisional structured data only; missing values were not zero-filled
BLU,False,False,False,False,False,0,revenue;gross_profit;net_income;total_assets;total_liabilities;equity;cfo;capex,L4_CACHE_PRESENT,INSUFFICIENT_DATA,provisional structured data only; missing values were not zero-filled
BLW,False,False,False,False,False,0,revenue;gross_profit;net_income;total_assets;total_liabilities;equity;cfo;capex,L4_CACHE_PRESENT,INSUFFICIENT_DATA,provisional structured data only; missing values were not zero-filled
BM9,False,False,False,False,False,0,revenue;gross_profit;net_income;total_assets;total_liabilities;equity;cfo;capex,L4_CACHE_MISSING,CACHE_MISSING,provisional structured data only; missing values were not zero-filled
BMC,False,False,False,False,True,0,revenue;gross_profit;net_income;total_assets;total_liabilities;equity;cfo;capex,L4_CACHE_PRESENT,PARTIAL_PROVISIONAL_DATA,provisional structured data only; missing values were not zero-filled
BMD,False,False,False,False,True,0,revenue;gross_profit;net_income;total_assets;total_liabilities;equity;cfo;capex,L4_CACHE_PRESENT,PARTIAL_PROVISIONAL_DATA,provisional structured data only; missing values were not zero-filled
BMF,False,False,False,False,True,0,revenue;gross_profit;net_income;total_assets;total_liabilities;equity;cfo;capex,L4_CACHE_PRESENT,PARTIAL_PROVISIONAL_DATA,provisional structured data only; missing values were not zero-filled
BMG,False,False,False,False,False,0,revenue;gross_profit;net_income;total_assets;total_liabilities;equity;cfo;capex,L4_CACHE_PRESENT,INSUFFICIENT_DATA,provisional structured data only; missing values were not zero-filled
BMI,False,False,False,False,True,0,revenue;gross_profit;net_income;total_assets;total_liabilities;equity;cfo;capex,L4_CACHE_PRESENT,PARTIAL_PROVISIONAL_DATA,provisional structured data only; missing values were not zero-filled
BMJ,False,False,False,False,True,0,revenue;gross_profit;net_income;total_assets;total_liabilities;equity;cfo;capex,L4_CACHE_PRESENT,PARTIAL_PROVISIONAL_DATA,provisional structured data only; missing values were not zero-filled
BMK,False,False,False,False,False,0,revenue;gross_profit;net_income;total_assets;total_liabilities;equity;cfo;capex,L4_CACHE_PRESENT,INSUFFICIENT_DATA,provisional structured data only; missing values were not zero-filled
BMN,False,False,False,False,True,0,revenue;gross_profit;net_income;total_assets;total_liabilities;equity;cfo;capex,L4_CACHE_PRESENT,PARTIAL_PROVISIONAL_DATA,provisional structured data only; missing values were not zero-filled
BMP,False,False,False,False,True,0,revenue;gross_profit;net_income;total_assets;total_liabilities;equity;cfo;capex,L4_CACHE_PRESENT,PARTIAL_PROVISIONAL_DATA,provisional structured data only; missing values were not zero-filled
BMS,False,False,False,False,True,0,revenue;gross_profit;net_income;total_assets;total_liabilities;equity;cfo;capex,L4_CACHE_PRESENT,PARTIAL_PROVISIONAL_DATA,provisional structured data only; missing values were not zero-filled
BMV,False,False,False,False,True,0,revenue;gross_profit;net_income;total_assets;total_liabilities;equity;cfo;capex,L4_CACHE_PRESENT,PARTIAL_PROVISIONAL_DATA,provisional structured data only; missing values were not zero-filled
BNA,False,False,False,False,True,0,revenue;gross_profit;net_income;total_assets;total_liabilities;equity;cfo;capex,L4_CACHE_PRESENT,PARTIAL_PROVISIONAL_DATA,provisional structured data only; missing values were not zero-filled
BNW,False,False,False,False,True,0,revenue;gross_profit;net_income;total_assets;total_liabilities;equity;cfo;capex,L4_CACHE_PRESENT,PARTIAL_PROVISIONAL_DATA,provisional structured data only; missing values were not zero-filled
BOT,False,False,False,False,True,0,revenue;gross_profit;net_income;total_assets;total_liabilities;equity;cfo;capex,L4_CACHE_PRESENT,PARTIAL_PROVISIONAL_DATA,provisional structured data only; missing values were not zero-filled
BPC,False,False,False,False,False,0,revenue;gross_profit;net_income;total_assets;total_liabilities;equity;cfo;capex,L4_CACHE_PRESENT,INSUFFICIENT_DATA,provisional structured data only; missing values were not zero-filled
BPW,False,False,False,False,True,0,revenue;gross_profit;net_income;total_assets;total_liabilities;equity;cfo;capex,L4_CACHE_PRESENT,PARTIAL_PROVISIONAL_DATA,provisional structured data only; missing values were not zero-filled
BQB,False,False,False,False,True,0,revenue;gross_profit;net_income;total_assets;total_liabilities;equity;cfo;capex,L4_CACHE_PRESENT,PARTIAL_PROVISIONAL_DATA,provisional structured data only; missing values were not zero-filled
BQP,False,False,False,False,False,0,revenue;gross_profit;net_income;total_assets;total_liabilities;equity;cfo;capex,L4_CACHE_PRESENT,INSUFFICIENT_DATA,provisional structured data only; missing values were not zero-filled
BRC,False,False,False,False,True,0,revenue;gross_profit;net_income;total_assets;total_liabilities;equity;cfo;capex,L4_CACHE_PRESENT,PARTIAL_PROVISIONAL_DATA,provisional structured data only; missing values were not zero-filled
BRR,False,False,False,False,True,0,revenue;gross_profit;net_income;total_assets;total_liabilities;equity;cfo;capex,L4_CACHE_PRESENT,PARTIAL_PROVISIONAL_DATA,provisional structured data only; missing values were not zero-filled
BRS,False,False,False,False,True,0,revenue;gross_profit;net_income;total_assets;total_liabilities;equity;cfo;capex,L4_CACHE_PRESENT,PARTIAL_PROVISIONAL_DATA,provisional structured data only; missing values were not zero-filled
BSA,False,False,False,False,True,0,revenue;gross_profit;net_income;total_assets;total_liabilities;equity;cfo;capex,L4_CACHE_PRESENT,PARTIAL_PROVISIONAL_DATA,provisional structured data only; missing values were not zero-filled
BSC,False,False,False,False,True,0,revenue;gross_profit;net_income;total_assets;total_liabilities;equity;cfo;capex,L4_CACHE_PRESENT,PARTIAL_PROVISIONAL_DATA,provisional structured data only; missing values were not zero-filled
BSD,False,False,False,False,False,0,revenue;gross_profit;net_income;total_assets;total_liabilities;equity;cfo;capex,L4_CACHE_PRESENT,INSUFFICIENT_DATA,provisional structured data only; missing values were not zero-filled
BSG,False,False,False,False,True,0,revenue;gross_profit;net_income;total_assets;total_liabilities;equity;cfo;capex,L4_CACHE_PRESENT,PARTIAL_PROVISIONAL_DATA,provisional structured data only; missing values were not zero-filled
BSH,False,False,False,False,True,0,revenue;gross_profit;net_income;total_assets;total_liabilities;equity;cfo;capex,L4_CACHE_PRESENT,PARTIAL_PROVISIONAL_DATA,provisional structured data only; missing values were not zero-filled
BSI,False,False,False,True,True,0,revenue;gross_profit;net_income;total_assets;total_liabilities;equity;cfo;capex,L4_CACHE_PRESENT,PARTIAL_PROVISIONAL_DATA,provisional structured data only; missing values were not zero-filled
BSL,False,False,False,False,True,0,revenue;gross_profit;net_income;total_assets;total_liabilities;equity;cfo;capex,L4_CACHE_PRESENT,PARTIAL_PROVISIONAL_DATA,provisional structured data only; missing values were not zero-filled
BSP,False,False,False,False,True,0,revenue;gross_profit;net_income;total_assets;total_liabilities;equity;cfo;capex,L4_CACHE_PRESENT,PARTIAL_PROVISIONAL_DATA,provisional structured data only; missing values were not zero-filled
BSQ,False,False,False,False,True,0,revenue;gross_profit;net_income;total_assets;total_liabilities;equity;cfo;capex,L4_CACHE_PRESENT,PARTIAL_PROVISIONAL_DATA,provisional structured data only; missing values were not zero-filled
BSR,False,False,False,False,True,0,revenue;gross_profit;net_income;total_assets;total_liabilities;equity;cfo;capex,L4_CACHE_PRESENT,PARTIAL_PROVISIONAL_DATA,provisional structured data only; missing values were not zero-filled
BST,False,False,False,False,True,0,revenue;gross_profit;net_income;total_assets;total_liabilities;equity;cfo;capex,L4_CACHE_PRESENT,PARTIAL_PROVISIONAL_DATA,provisional structured data only; missing values were not zero-filled
BT1,False,False,False,False,True,0,revenue;gross_profit;net_income;total_assets;total_liabilities;equity;cfo;capex,L4_CACHE_PRESENT,PARTIAL_PROVISIONAL_DATA,provisional structured data only; missing values were not zero-filled
BT6,False,False,False,False,False,0,revenue;gross_profit;net_income;total_assets;total_liabilities;equity;cfo;capex,L4_CACHE_PRESENT,INSUFFICIENT_DATA,provisional structured data only; missing values were not zero-filled
BTB,False,False,False,False,True,0,revenue;gross_profit;net_income;total_assets;total_liabilities;equity;cfo;capex,L4_CACHE_PRESENT,PARTIAL_PROVISIONAL_DATA,provisional structured data only; missing values were not zero-filled
BTC,False,False,False,False,False,0,revenue;gross_profit;net_income;total_assets;total_liabilities;equity;cfo;capex,L4_CACHE_MISSING,CACHE_MISSING,provisional structured data only; missing values were not zero-filled
BTD,False,False,False,False,True,0,revenue;gross_profit;net_income;total_assets;total_liabilities;equity;cfo;capex,L4_CACHE_PRESENT,PARTIAL_PROVISIONAL_DATA,provisional structured data only; missing values were not zero-filled
BTG,False,False,False,False,False,0,revenue;gross_profit;net_income;total_assets;total_liabilities;equity;cfo;capex,L4_CACHE_PRESENT,INSUFFICIENT_DATA,provisional structured data only; missing values were not zero-filled
BTH,False,False,False,False,True,0,revenue;gross_profit;net_income;total_assets;total_liabilities;equity;cfo;capex,L4_CACHE_PRESENT,PARTIAL_PROVISIONAL_DATA,provisional structured data only; missing values were not zero-filled
BTN,False,False,False,False,True,0,revenue;gross_profit;net_income;total_assets;total_liabilities;equity;cfo;capex,L4_CACHE_PRESENT,PARTIAL_PROVISIONAL_DATA,provisional structured data only; missing values were not zero-filled
BTP,False,False,False,False,True,0,revenue;gross_profit;net_income;total_assets;total_liabilities;equity;cfo;capex,L4_CACHE_PRESENT,PARTIAL_PROVISIONAL_DATA,provisional structured data only; missing values were not zero-filled
BTR,False,False,False,False,False,0,revenue;gross_profit;net_income;total_assets;total_liabilities;equity;cfo;capex,L4_CACHE_MISSING,CACHE_MISSING,provisional structured data only; missing values were not zero-filled
BTS,False,False,False,False,True,0,revenue;gross_profit;net_income;total_assets;total_liabilities;equity;cfo;capex,L4_CACHE_PRESENT,PARTIAL_PROVISIONAL_DATA,provisional structured data only; missing values were not zero-filled
BTT,False,False,False,False,True,0,revenue;gross_profit;net_income;total_assets;total_liabilities;equity;cfo;capex,L4_CACHE_PRESENT,PARTIAL_PROVISIONAL_DATA,provisional structured data only; missing values were not zero-filled
BTU,False,False,False,False,True,0,revenue;gross_profit;net_income;total_assets;total_liabilities;equity;cfo;capex,L4_CACHE_PRESENT,PARTIAL_PROVISIONAL_DATA,provisional structured data only; missing values were not zero-filled
BTV,False,False,False,False,True,0,revenue;gross_profit;net_income;total_assets;total_liabilities;equity;cfo;capex,L4_CACHE_PRESENT,PARTIAL_PROVISIONAL_DATA,provisional structured data only; missing values were not zero-filled
BTW,False,False,False,False,True,0,revenue;gross_profit;net_income;total_assets;total_liabilities;equity;cfo;capex,L4_CACHE_PRESENT,PARTIAL_PROVISIONAL_DATA,provisional structured data only; missing values were not zero-filled
BUD,False,False,False,False,True,0,revenue;gross_profit;net_income;total_assets;total_liabilities;equity;cfo;capex,L4_CACHE_PRESENT,PARTIAL_PROVISIONAL_DATA,provisional structured data only; missing values were not zero-filled
BVB,False,False,False,False,True,0,revenue;gross_profit;net_income;total_assets;total_liabilities;equity;cfo;capex,L4_CACHE_PRESENT,PARTIAL_PROVISIONAL_DATA,provisional structured data only; missing values were not zero-filled
BVG,False,False,False,False,True,0,revenue;gross_profit;net_income;total_assets;total_liabilities;equity;cfo;capex,L4_CACHE_PRESENT,PARTIAL_PROVISIONAL_DATA,provisional structured data only; missing values were not zero-filled
BVH,False,False,False,False,True,0,revenue;gross_profit;net_income;total_assets;total_liabilities;equity;cfo;capex,L4_CACHE_PRESENT,PARTIAL_PROVISIONAL_DATA,provisional structured data only; missing values were not zero-filled
BVL,False,False,False,False,True,0,revenue;gross_profit;net_income;total_assets;total_liabilities;equity;cfo;capex,L4_CACHE_PRESENT,PARTIAL_PROVISIONAL_DATA,provisional structured data only; missing values were not zero-filled
BVN,False,False,False,False,True,0,revenue;gross_profit;net_income;total_assets;total_liabilities;equity;cfo;capex,L4_CACHE_PRESENT,PARTIAL_PROVISIONAL_DATA,provisional structured data only; missing values were not zero-filled
BVS,False,False,False,False,True,0,revenue;gross_profit;net_income;total_assets;total_liabilities;equity;cfo;capex,L4_CACHE_PRESENT,PARTIAL_PROVISIONAL_DATA,provisional structured data only; missing values were not zero-filled
BWA,False,False,False,False,False,0,revenue;gross_profit;net_income;total_assets;total_liabilities;equity;cfo;capex,L4_CACHE_PRESENT,INSUFFICIENT_DATA,provisional structured data only; missing values were not zero-filled
BWE,False,False,False,False,True,0,revenue;gross_profit;net_income;total_assets;total_liabilities;equity;cfo;capex,L4_CACHE_PRESENT,PARTIAL_PROVISIONAL_DATA,provisional structured data only; missing values were not zero-filled
BWS,False,False,False,False,True,0,revenue;gross_profit;net_income;total_assets;total_liabilities;equity;cfo;capex,L4_CACHE_PRESENT,PARTIAL_PROVISIONAL_DATA,provisional structured data only; missing values were not zero-filled
BXD,False,False,False,False,False,0,revenue;gross_profit;net_income;total_assets;total_liabilities;equity;cfo;capex,L4_CACHE_MISSING,CACHE_MISSING,provisional structured data only; missing values were not zero-filled
BXH,False,False,False,True,True,0,revenue;gross_profit;net_income;total_assets;total_liabilities;equity;cfo;capex,L4_CACHE_PRESENT,PARTIAL_PROVISIONAL_DATA,provisional structured data only; missing values were not zero-filled
BXT,False,False,False,False,False,0,revenue;gross_profit;net_income;total_assets;total_liabilities;equity;cfo;capex,L4_CACHE_PRESENT,INSUFFICIENT_DATA,provisional structured data only; missing values were not zero-filled
C12,False,False,False,False,False,0,revenue;gross_profit;net_income;total_assets;total_liabilities;equity;cfo;capex,L4_CACHE_PRESENT,INSUFFICIENT_DATA,provisional structured data only; missing values were not zero-filled
C21,False,False,False,False,True,0,revenue;gross_profit;net_income;total_assets;total_liabilities;equity;cfo;capex,L4_CACHE_PRESENT,PARTIAL_PROVISIONAL_DATA,provisional structured data only; missing values were not zero-filled
C22,False,False,False,False,True,0,revenue;gross_profit;net_income;total_assets;total_liabilities;equity;cfo;capex,L4_CACHE_PRESENT,PARTIAL_PROVISIONAL_DATA,provisional structured data only; missing values were not zero-filled
C32,False,False,False,False,True,0,revenue;gross_profit;net_income;total_assets;total_liabilities;equity;cfo;capex,L4_CACHE_PRESENT,PARTIAL_PROVISIONAL_DATA,provisional structured data only; missing values were not zero-filled
C36,False,False,False,False,False,0,revenue;gross_profit;net_income;total_assets;total_liabilities;equity;cfo;capex,L4_CACHE_MISSING,CACHE_MISSING,provisional structured data only; missing values were not zero-filled
C47,False,False,False,False,True,0,revenue;gross_profit;net_income;total_assets;total_liabilities;equity;cfo;capex,L4_CACHE_PRESENT,PARTIAL_PROVISIONAL_DATA,provisional structured data only; missing values were not zero-filled
C4G,False,False,False,False,True,0,revenue;gross_profit;net_income;total_assets;total_liabilities;equity;cfo;capex,L4_CACHE_PRESENT,PARTIAL_PROVISIONAL_DATA,provisional structured data only; missing values were not zero-filled
C69,False,False,False,False,True,0,revenue;gross_profit;net_income;total_assets;total_liabilities;equity;cfo;capex,L4_CACHE_PRESENT,PARTIAL_PROVISIONAL_DATA,provisional structured data only; missing values were not zero-filled
C71,False,False,False,False,False,0,revenue;gross_profit;net_income;total_assets;total_liabilities;equity;cfo;capex,L4_CACHE_MISSING,CACHE_MISSING,provisional structured data only; missing values were not zero-filled
C92,False,False,False,False,True,0,revenue;gross_profit;net_income;total_assets;total_liabilities;equity;cfo;capex,L4_CACHE_PRESENT,PARTIAL_PROVISIONAL_DATA,provisional structured data only; missing values were not zero-filled
CAB,False,False,False,False,True,0,revenue;gross_profit;net_income;total_assets;total_liabilities;equity;cfo;capex,L4_CACHE_PRESENT,PARTIAL_PROVISIONAL_DATA,provisional structured data only; missing values were not zero-filled
CACB2304,False,False,False,False,False,0,revenue;gross_profit;net_income;total_assets;total_liabilities;equity;cfo;capex,L4_CACHE_MISSING,CACHE_MISSING,provisional structured data only; missing values were not zero-filled
CACB2305,False,False,False,False,False,0,revenue;gross_profit;net_income;total_assets;total_liabilities;equity;cfo;capex,L4_CACHE_MISSING,CACHE_MISSING,provisional structured data only; missing values were not zero-filled
CAD,False,False,False,False,True,0,revenue;gross_profit;net_income;total_assets;total_liabilities;equity;cfo;capex,L4_CACHE_PRESENT,PARTIAL_PROVISIONAL_DATA,provisional structured data only; missing values were not zero-filled
CAG,False,False,False,False,True,0,revenue;gross_profit;net_income;total_assets;total_liabilities;equity;cfo;capex,L4_CACHE_PRESENT,PARTIAL_PROVISIONAL_DATA,provisional structured data only; missing values were not zero-filled
CAM,False,False,False,False,False,0,revenue;gross_profit;net_income;total_assets;total_liabilities;equity;cfo;capex,L4_CACHE_MISSING,CACHE_MISSING,provisional structured data only; missing values were not zero-filled
CAN,False,False,False,False,True,0,revenue;gross_profit;net_income;total_assets;total_liabilities;equity;cfo;capex,L4_CACHE_PRESENT,PARTIAL_PROVISIONAL_DATA,provisional structured data only; missing values were not zero-filled
CAP,False,False,False,False,True,0,revenue;gross_profit;net_income;total_assets;total_liabilities;equity;cfo;capex,L4_CACHE_PRESENT,PARTIAL_PROVISIONAL_DATA,provisional structured data only; missing values were not zero-filled
CAR,False,False,False,False,True,0,revenue;gross_profit;net_income;total_assets;total_liabilities;equity;cfo;capex,L4_CACHE_PRESENT,PARTIAL_PROVISIONAL_DATA,provisional structured data only; missing values were not zero-filled
CAT,False,False,False,False,True,0,revenue;gross_profit;net_income;total_assets;total_liabilities;equity;cfo;capex,L4_CACHE_PRESENT,PARTIAL_PROVISIONAL_DATA,provisional structured data only; missing values were not zero-filled
CAV,False,False,False,False,True,0,revenue;gross_profit;net_income;total_assets;total_liabilities;equity;cfo;capex,L4_CACHE_PRESENT,PARTIAL_PROVISIONAL_DATA,provisional structured data only; missing values were not zero-filled
CBC,False,False,False,False,False,0,revenue;gross_profit;net_income;total_assets;total_liabilities;equity;cfo;capex,L4_CACHE_MISSING,CACHE_MISSING,provisional structured data only; missing values were not zero-filled
CBI,False,False,False,False,True,0,revenue;gross_profit;net_income;total_assets;total_liabilities;equity;cfo;capex,L4_CACHE_PRESENT,PARTIAL_PROVISIONAL_DATA,provisional structured data only; missing values were not zero-filled
CBS,False,False,False,False,True,0,revenue;gross_profit;net_income;total_assets;total_liabilities;equity;cfo;capex,L4_CACHE_PRESENT,PARTIAL_PROVISIONAL_DATA,provisional structured data only; missing values were not zero-filled
CC1,False,False,False,False,True,0,revenue;gross_profit;net_income;total_assets;total_liabilities;equity;cfo;capex,L4_CACHE_PRESENT,PARTIAL_PROVISIONAL_DATA,provisional structured data only; missing values were not zero-filled
CC4,False,False,False,False,True,0,revenue;gross_profit;net_income;total_assets;total_liabilities;equity;cfo;capex,L4_CACHE_PRESENT,PARTIAL_PROVISIONAL_DATA,provisional structured data only; missing values were not zero-filled
CCA,False,False,False,False,True,0,revenue;gross_profit;net_income;total_assets;total_liabilities;equity;cfo;capex,L4_CACHE_PRESENT,PARTIAL_PROVISIONAL_DATA,provisional structured data only; missing values were not zero-filled
CCC,False,False,False,False,False,0,revenue;gross_profit;net_income;total_assets;total_liabilities;equity;cfo;capex,L4_CACHE_PRESENT,INSUFFICIENT_DATA,provisional structured data only; missing values were not zero-filled
CCH,False,False,False,False,False,0,revenue;gross_profit;net_income;total_assets;total_liabilities;equity;cfo;capex,L4_CACHE_MISSING,CACHE_MISSING,provisional structured data only; missing values were not zero-filled
CCI,False,False,False,False,True,0,revenue;gross_profit;net_income;total_assets;total_liabilities;equity;cfo;capex,L4_CACHE_PRESENT,PARTIAL_PROVISIONAL_DATA,provisional structured data only; missing values were not zero-filled
CCL,False,False,False,False,True,0,revenue;gross_profit;net_income;total_assets;total_liabilities;equity;cfo;capex,L4_CACHE_PRESENT,PARTIAL_PROVISIONAL_DATA,provisional structured data only; missing values were not zero-filled
CCM,False,False,False,False,True,0,revenue;gross_profit;net_income;total_assets;total_liabilities;equity;cfo;capex,L4_CACHE_PRESENT,PARTIAL_PROVISIONAL_DATA,provisional structured data only; missing values were not zero-filled
CCP,False,False,False,False,True,0,revenue;gross_profit;net_income;total_assets;total_liabilities;equity;cfo;capex,L4_CACHE_PRESENT,PARTIAL_PROVISIONAL_DATA,provisional structured data only; missing values were not zero-filled
CCR,False,False,False,False,True,0,revenue;gross_profit;net_income;total_assets;total_liabilities;equity;cfo;capex,L4_CACHE_PRESENT,PARTIAL_PROVISIONAL_DATA,provisional structured data only; missing values were not zero-filled
CCS,False,False,False,False,False,0,revenue;gross_profit;net_income;total_assets;total_liabilities;equity;cfo;capex,L4_CACHE_PRESENT,INSUFFICIENT_DATA,provisional structured data only; missing values were not zero-filled
CCT,False,False,False,False,False,0,revenue;gross_profit;net_income;total_assets;total_liabilities;equity;cfo;capex,L4_CACHE_PRESENT,INSUFFICIENT_DATA,provisional structured data only; missing values were not zero-filled
CCV,False,False,False,False,True,0,revenue;gross_profit;net_income;total_assets;total_liabilities;equity;cfo;capex,L4_CACHE_PRESENT,PARTIAL_PROVISIONAL_DATA,provisional structured data only; missing values were not zero-filled
CDC,False,False,False,False,True,0,revenue;gross_profit;net_income;total_assets;total_liabilities;equity;cfo;capex,L4_CACHE_PRESENT,PARTIAL_PROVISIONAL_DATA,provisional structured data only; missing values were not zero-filled
CDG,False,False,False,False,False,0,revenue;gross_profit;net_income;total_assets;total_liabilities;equity;cfo;capex,L4_CACHE_PRESENT,INSUFFICIENT_DATA,provisional structured data only; missing values were not zero-filled
CDH,False,False,False,False,True,0,revenue;gross_profit;net_income;total_assets;total_liabilities;equity;cfo;capex,L4_CACHE_PRESENT,PARTIAL_PROVISIONAL_DATA,provisional structured data only; missing values were not zero-filled
CDN,False,False,False,False,True,0,revenue;gross_profit;net_income;total_assets;total_liabilities;equity;cfo;capex,L4_CACHE_PRESENT,PARTIAL_PROVISIONAL_DATA,provisional structured data only; missing values were not zero-filled
CDO,False,False,False,False,True,0,revenue;gross_profit;net_income;total_assets;total_liabilities;equity;cfo;capex,L4_CACHE_PRESENT,PARTIAL_PROVISIONAL_DATA,provisional structured data only; missing values were not zero-filled
CDP,False,False,False,False,True,0,revenue;gross_profit;net_income;total_assets;total_liabilities;equity;cfo;capex,L4_CACHE_PRESENT,PARTIAL_PROVISIONAL_DATA,provisional structured data only; missing values were not zero-filled
CDR,False,False,False,False,True,0,revenue;gross_profit;net_income;total_assets;total_liabilities;equity;cfo;capex,L4_CACHE_PRESENT,PARTIAL_PROVISIONAL_DATA,provisional structured data only; missing values were not zero-filled
CE1,False,False,False,False,False,0,revenue;gross_profit;net_income;total_assets;total_liabilities;equity;cfo;capex,L4_CACHE_PRESENT,INSUFFICIENT_DATA,provisional structured data only; missing values were not zero-filled
CEC,False,False,False,False,False,0,revenue;gross_profit;net_income;total_assets;total_liabilities;equity;cfo;capex,L4_CACHE_MISSING,CACHE_MISSING,provisional structured data only; missing values were not zero-filled
CEE,False,False,False,False,True,0,revenue;gross_profit;net_income;total_assets;total_liabilities;equity;cfo;capex,L4_CACHE_PRESENT,PARTIAL_PROVISIONAL_DATA,provisional structured data only; missing values were not zero-filled
CEG,False,False,False,False,False,0,revenue;gross_profit;net_income;total_assets;total_liabilities;equity;cfo;capex,L4_CACHE_PRESENT,INSUFFICIENT_DATA,provisional structured data only; missing values were not zero-filled
CEN,False,False,False,True,True,0,revenue;gross_profit;net_income;total_assets;total_liabilities;equity;cfo;capex,L4_CACHE_PRESENT,PARTIAL_PROVISIONAL_DATA,provisional structured data only; missing values were not zero-filled
CEO,False,False,False,False,True,0,revenue;gross_profit;net_income;total_assets;total_liabilities;equity;cfo;capex,L4_CACHE_PRESENT,PARTIAL_PROVISIONAL_DATA,provisional structured data only; missing values were not zero-filled
CER,False,False,False,False,False,0,revenue;gross_profit;net_income;total_assets;total_liabilities;equity;cfo;capex,L4_CACHE_MISSING,CACHE_MISSING,provisional structured data only; missing values were not zero-filled
CET,False,False,False,False,True,0,revenue;gross_profit;net_income;total_assets;total_liabilities;equity;cfo;capex,L4_CACHE_PRESENT,PARTIAL_PROVISIONAL_DATA,provisional structured data only; missing values were not zero-filled
CFC,False,False,False,False,False,0,revenue;gross_profit;net_income;total_assets;total_liabilities;equity;cfo;capex,L4_CACHE_MISSING,CACHE_MISSING,provisional structured data only; missing values were not zero-filled
CFM,False,False,False,False,True,0,revenue;gross_profit;net_income;total_assets;total_liabilities;equity;cfo;capex,L4_CACHE_PRESENT,PARTIAL_PROVISIONAL_DATA,provisional structured data only; missing values were not zero-filled
CFPT2016,False,False,False,False,False,0,revenue;gross_profit;net_income;total_assets;total_liabilities;equity;cfo;capex,L4_CACHE_MISSING,CACHE_MISSING,provisional structured data only; missing values were not zero-filled
CFPT2101,False,False,False,False,False,0,revenue;gross_profit;net_income;total_assets;total_liabilities;equity;cfo;capex,L4_CACHE_MISSING,CACHE_MISSING,provisional structured data only; missing values were not zero-filled
CFPT2102,False,False,False,False,False,0,revenue;gross_profit;net_income;total_assets;total_liabilities;equity;cfo;capex,L4_CACHE_MISSING,CACHE_MISSING,provisional structured data only; missing values were not zero-filled
CFPT2103,False,False,False,False,False,0,revenue;gross_profit;net_income;total_assets;total_liabilities;equity;cfo;capex,L4_CACHE_MISSING,CACHE_MISSING,provisional structured data only; missing values were not zero-filled
CFPT2104,False,False,False,False,False,0,revenue;gross_profit;net_income;total_assets;total_liabilities;equity;cfo;capex,L4_CACHE_MISSING,CACHE_MISSING,provisional structured data only; missing values were not zero-filled
CFPT2105,False,False,False,False,False,0,revenue;gross_profit;net_income;total_assets;total_liabilities;equity;cfo;capex,L4_CACHE_MISSING,CACHE_MISSING,provisional structured data only; missing values were not zero-filled
CFPT2214,False,False,False,False,False,0,revenue;gross_profit;net_income;total_assets;total_liabilities;equity;cfo;capex,L4_CACHE_MISSING,CACHE_MISSING,provisional structured data only; missing values were not zero-filled
CFPT2303,False,False,False,False,False,0,revenue;gross_profit;net_income;total_assets;total_liabilities;equity;cfo;capex,L4_CACHE_MISSING,CACHE_MISSING,provisional structured data only; missing values were not zero-filled
CFPT2313,False,False,False,False,False,0,revenue;gross_profit;net_income;total_assets;total_liabilities;equity;cfo;capex,L4_CACHE_MISSING,CACHE_MISSING,provisional structured data only; missing values were not zero-filled
CFPT2314,False,False,False,False,False,0,revenue;gross_profit;net_income;total_assets;total_liabilities;equity;cfo;capex,L4_CACHE_MISSING,CACHE_MISSING,provisional structured data only; missing values were not zero-filled
CFV,False,False,False,False,True,0,revenue;gross_profit;net_income;total_assets;total_liabilities;equity;cfo;capex,L4_CACHE_PRESENT,PARTIAL_PROVISIONAL_DATA,provisional structured data only; missing values were not zero-filled
CGL,False,False,False,False,False,0,revenue;gross_profit;net_income;total_assets;total_liabilities;equity;cfo;capex,L4_CACHE_PRESENT,INSUFFICIENT_DATA,provisional structured data only; missing values were not zero-filled
CGP,False,False,False,False,False,0,revenue;gross_profit;net_income;total_assets;total_liabilities;equity;cfo;capex,L4_CACHE_MISSING,CACHE_MISSING,provisional structured data only; missing values were not zero-filled
CGV,False,False,False,False,True,0,revenue;gross_profit;net_income;total_assets;total_liabilities;equity;cfo;capex,L4_CACHE_PRESENT,PARTIAL_PROVISIONAL_DATA,provisional structured data only; missing values were not zero-filled
CH5,False,False,False,False,False,0,revenue;gross_profit;net_income;total_assets;total_liabilities;equity;cfo;capex,L4_CACHE_PRESENT,INSUFFICIENT_DATA,provisional structured data only; missing values were not zero-filled
CHC,False,False,False,False,False,0,revenue;gross_profit;net_income;total_assets;total_liabilities;equity;cfo;capex,L4_CACHE_PRESENT,INSUFFICIENT_DATA,provisional structured data only; missing values were not zero-filled
CHDB2101,False,False,False,False,False,0,revenue;gross_profit;net_income;total_assets;total_liabilities;equity;cfo;capex,L4_CACHE_MISSING,CACHE_MISSING,provisional structured data only; missing values were not zero-filled
CHDB2102,False,False,False,False,False,0,revenue;gross_profit;net_income;total_assets;total_liabilities;equity;cfo;capex,L4_CACHE_MISSING,CACHE_MISSING,provisional structured data only; missing values were not zero-filled
CHP,False,False,False,False,True,0,revenue;gross_profit;net_income;total_assets;total_liabilities;equity;cfo;capex,L4_CACHE_PRESENT,PARTIAL_PROVISIONAL_DATA,provisional structured data only; missing values were not zero-filled
CHPG2020,False,False,False,False,False,0,revenue;gross_profit;net_income;total_assets;total_liabilities;equity;cfo;capex,L4_CACHE_MISSING,CACHE_MISSING,provisional structured data only; missing values were not zero-filled
CHPG2101,False,False,False,False,False,0,revenue;gross_profit;net_income;total_assets;total_liabilities;equity;cfo;capex,L4_CACHE_MISSING,CACHE_MISSING,provisional structured data only; missing values were not zero-filled
CHS,False,False,False,False,True,0,revenue;gross_profit;net_income;total_assets;total_liabilities;equity;cfo;capex,L4_CACHE_PRESENT,PARTIAL_PROVISIONAL_DATA,provisional structured data only; missing values were not zero-filled
CI5,False,False,False,False,False,0,revenue;gross_profit;net_income;total_assets;total_liabilities;equity;cfo;capex,L4_CACHE_PRESENT,INSUFFICIENT_DATA,provisional structured data only; missing values were not zero-filled
CIA,False,False,False,False,True,0,revenue;gross_profit;net_income;total_assets;total_liabilities;equity;cfo;capex,L4_CACHE_PRESENT,PARTIAL_PROVISIONAL_DATA,provisional structured data only; missing values were not zero-filled
CIC,False,False,False,False,False,0,revenue;gross_profit;net_income;total_assets;total_liabilities;equity;cfo;capex,L4_CACHE_MISSING,CACHE_MISSING,provisional structured data only; missing values were not zero-filled
CID,False,False,False,False,True,0,revenue;gross_profit;net_income;total_assets;total_liabilities;equity;cfo;capex,L4_CACHE_PRESENT,PARTIAL_PROVISIONAL_DATA,provisional structured data only; missing values were not zero-filled
CIG,False,False,False,False,True,0,revenue;gross_profit;net_income;total_assets;total_liabilities;equity;cfo;capex,L4_CACHE_PRESENT,PARTIAL_PROVISIONAL_DATA,provisional structured data only; missing values were not zero-filled
CII,False,False,False,False,True,0,revenue;gross_profit;net_income;total_assets;total_liabilities;equity;cfo;capex,L4_CACHE_PRESENT,PARTIAL_PROVISIONAL_DATA,provisional structured data only; missing values were not zero-filled
CIP,False,False,False,False,True,0,revenue;gross_profit;net_income;total_assets;total_liabilities;equity;cfo;capex,L4_CACHE_PRESENT,PARTIAL_PROVISIONAL_DATA,provisional structured data only; missing values were not zero-filled
CJC,False,False,False,False,False,0,revenue;gross_profit;net_income;total_assets;total_liabilities;equity;cfo;capex,L4_CACHE_PRESENT,INSUFFICIENT_DATA,provisional structured data only; missing values were not zero-filled
CK8,False,False,False,False,False,0,revenue;gross_profit;net_income;total_assets;total_liabilities;equity;cfo;capex,L4_CACHE_PRESENT,INSUFFICIENT_DATA,provisional structured data only; missing values were not zero-filled
CKA,False,False,False,False,True,0,revenue;gross_profit;net_income;total_assets;total_liabilities;equity;cfo;capex,L4_CACHE_PRESENT,PARTIAL_PROVISIONAL_DATA,provisional structured data only; missing values were not zero-filled
CKD,False,False,False,False,True,0,revenue;gross_profit;net_income;total_assets;total_liabilities;equity;cfo;capex,L4_CACHE_PRESENT,PARTIAL_PROVISIONAL_DATA,provisional structured data only; missing values were not zero-filled
CKG,False,False,False,False,True,0,revenue;gross_profit;net_income;total_assets;total_liabilities;equity;cfo;capex,L4_CACHE_PRESENT,PARTIAL_PROVISIONAL_DATA,provisional structured data only; missing values were not zero-filled
CKH,False,False,False,False,False,0,revenue;gross_profit;net_income;total_assets;total_liabilities;equity;cfo;capex,L4_CACHE_MISSING,CACHE_MISSING,provisional structured data only; missing values were not zero-filled
CKV,False,False,False,False,False,0,revenue;gross_profit;net_income;total_assets;total_liabilities;equity;cfo;capex,L4_CACHE_PRESENT,INSUFFICIENT_DATA,provisional structured data only; missing values were not zero-filled
CL1,False,False,False,False,False,0,revenue;gross_profit;net_income;total_assets;total_liabilities;equity;cfo;capex,L4_CACHE_MISSING,CACHE_MISSING,provisional structured data only; missing values were not zero-filled
CLC,False,False,False,False,True,0,revenue;gross_profit;net_income;total_assets;total_liabilities;equity;cfo;capex,L4_CACHE_PRESENT,PARTIAL_PROVISIONAL_DATA,provisional structured data only; missing values were not zero-filled
CLG,False,False,False,False,False,0,revenue;gross_profit;net_income;total_assets;total_liabilities;equity;cfo;capex,L4_CACHE_PRESENT,INSUFFICIENT_DATA,provisional structured data only; missing values were not zero-filled
CLH,False,False,False,False,True,0,revenue;gross_profit;net_income;total_assets;total_liabilities;equity;cfo;capex,L4_CACHE_PRESENT,PARTIAL_PROVISIONAL_DATA,provisional structured data only; missing values were not zero-filled
CLI,False,False,False,False,False,0,revenue;gross_profit;net_income;total_assets;total_liabilities;equity;cfo;capex,L4_CACHE_PRESENT,INSUFFICIENT_DATA,provisional structured data only; missing values were not zero-filled
CLL,False,False,False,False,True,0,revenue;gross_profit;net_income;total_assets;total_liabilities;equity;cfo;capex,L4_CACHE_PRESENT,PARTIAL_PROVISIONAL_DATA,provisional structured data only; missing values were not zero-filled
CLM,False,False,False,False,True,0,revenue;gross_profit;net_income;total_assets;total_liabilities;equity;cfo;capex,L4_CACHE_PRESENT,PARTIAL_PROVISIONAL_DATA,provisional structured data only; missing values were not zero-filled
CLP,False,False,False,False,False,0,revenue;gross_profit;net_income;total_assets;total_liabilities;equity;cfo;capex,L4_CACHE_MISSING,CACHE_MISSING,provisional structured data only; missing values were not zero-filled
CLS,False,False,False,False,False,0,revenue;gross_profit;net_income;total_assets;total_liabilities;equity;cfo;capex,L4_CACHE_MISSING,CACHE_MISSING,provisional structured data only; missing values were not zero-filled
CLW,False,False,False,False,False,0,revenue;gross_profit;net_income;total_assets;total_liabilities;equity;cfo;capex,L4_CACHE_PRESENT,INSUFFICIENT_DATA,provisional structured data only; missing values were not zero-filled
CLX,False,False,False,False,True,0,revenue;gross_profit;net_income;total_assets;total_liabilities;equity;cfo;capex,L4_CACHE_PRESENT,PARTIAL_PROVISIONAL_DATA,provisional structured data only; missing values were not zero-filled
CMC,False,False,False,False,True,0,revenue;gross_profit;net_income;total_assets;total_liabilities;equity;cfo;capex,L4_CACHE_PRESENT,PARTIAL_PROVISIONAL_DATA,provisional structured data only; missing values were not zero-filled
CMD,False,False,False,False,True,0,revenue;gross_profit;net_income;total_assets;total_liabilities;equity;cfo;capex,L4_CACHE_PRESENT,PARTIAL_PROVISIONAL_DATA,provisional structured data only; missing values were not zero-filled
CMF,False,False,False,False,True,0,revenue;gross_profit;net_income;total_assets;total_liabilities;equity;cfo;capex,L4_CACHE_PRESENT,PARTIAL_PROVISIONAL_DATA,provisional structured data only; missing values were not zero-filled
CMG,False,False,False,False,True,0,revenue;gross_profit;net_income;total_assets;total_liabilities;equity;cfo;capex,L4_CACHE_PRESENT,PARTIAL_PROVISIONAL_DATA,provisional structured data only; missing values were not zero-filled
CMI,False,False,False,False,True,0,revenue;gross_profit;net_income;total_assets;total_liabilities;equity;cfo;capex,L4_CACHE_PRESENT,PARTIAL_PROVISIONAL_DATA,provisional structured data only; missing values were not zero-filled
CMK,False,False,False,False,False,0,revenue;gross_profit;net_income;total_assets;total_liabilities;equity;cfo;capex,L4_CACHE_PRESENT,INSUFFICIENT_DATA,provisional structured data only; missing values were not zero-filled
CMM,False,False,False,False,True,0,revenue;gross_profit;net_income;total_assets;total_liabilities;equity;cfo;capex,L4_CACHE_PRESENT,PARTIAL_PROVISIONAL_DATA,provisional structured data only; missing values were not zero-filled
CMMN,False,False,False,False,False,0,revenue;gross_profit;net_income;total_assets;total_liabilities;equity;cfo;capex,L4_CACHE_MISSING,CACHE_MISSING,provisional structured data only; missing values were not zero-filled
CMN,False,False,False,False,True,0,revenue;gross_profit;net_income;total_assets;total_liabilities;equity;cfo;capex,L4_CACHE_PRESENT,PARTIAL_PROVISIONAL_DATA,provisional structured data only; missing values were not zero-filled
CMNN1,False,False,False,False,False,0,revenue;gross_profit;net_income;total_assets;total_liabilities;equity;cfo;capex,L4_CACHE_MISSING,CACHE_MISSING,provisional structured data only; missing values were not zero-filled
CMP,False,False,False,False,False,0,revenue;gross_profit;net_income;total_assets;total_liabilities;equity;cfo;capex,L4_CACHE_PRESENT,INSUFFICIENT_DATA,provisional structured data only; missing values were not zero-filled
CMS,False,False,False,False,True,0,revenue;gross_profit;net_income;total_assets;total_liabilities;equity;cfo;capex,L4_CACHE_PRESENT,PARTIAL_PROVISIONAL_DATA,provisional structured data only; missing values were not zero-filled
CMT,False,False,False,False,True,0,revenue;gross_profit;net_income;total_assets;total_liabilities;equity;cfo;capex,L4_CACHE_PRESENT,PARTIAL_PROVISIONAL_DATA,provisional structured data only; missing values were not zero-filled
CMV,False,False,False,False,True,0,revenue;gross_profit;net_income;total_assets;total_liabilities;equity;cfo;capex,L4_CACHE_PRESENT,PARTIAL_PROVISIONAL_DATA,provisional structured data only; missing values were not zero-filled
CMW,False,False,False,False,True,0,revenue;gross_profit;net_income;total_assets;total_liabilities;equity;cfo;capex,L4_CACHE_PRESENT,PARTIAL_PROVISIONAL_DATA,provisional structured data only; missing values were not zero-filled
CMX,False,False,False,False,True,0,revenue;gross_profit;net_income;total_assets;total_liabilities;equity;cfo;capex,L4_CACHE_PRESENT,PARTIAL_PROVISIONAL_DATA,provisional structured data only; missing values were not zero-filled
CNA,False,False,False,False,False,0,revenue;gross_profit;net_income;total_assets;total_liabilities;equity;cfo;capex,L4_CACHE_PRESENT,INSUFFICIENT_DATA,provisional structured data only; missing values were not zero-filled
CNC,False,False,False,False,True,0,revenue;gross_profit;net_income;total_assets;total_liabilities;equity;cfo;capex,L4_CACHE_PRESENT,PARTIAL_PROVISIONAL_DATA,provisional structured data only; missing values were not zero-filled
CNG,False,False,False,False,True,0,revenue;gross_profit;net_income;total_assets;total_liabilities;equity;cfo;capex,L4_CACHE_PRESENT,PARTIAL_PROVISIONAL_DATA,provisional structured data only; missing values were not zero-filled
CNN,False,False,False,False,True,0,revenue;gross_profit;net_income;total_assets;total_liabilities;equity;cfo;capex,L4_CACHE_PRESENT,PARTIAL_PROVISIONAL_DATA,provisional structured data only; missing values were not zero-filled
CNT,False,False,False,False,True,0,revenue;gross_profit;net_income;total_assets;total_liabilities;equity;cfo;capex,L4_CACHE_PRESENT,PARTIAL_PROVISIONAL_DATA,provisional structured data only; missing values were not zero-filled
COM,False,False,False,False,True,0,revenue;gross_profit;net_income;total_assets;total_liabilities;equity;cfo;capex,L4_CACHE_PRESENT,PARTIAL_PROVISIONAL_DATA,provisional structured data only; missing values were not zero-filled
CPA,False,False,False,False,False,0,revenue;gross_profit;net_income;total_assets;total_liabilities;equity;cfo;capex,L4_CACHE_PRESENT,INSUFFICIENT_DATA,provisional structured data only; missing values were not zero-filled
CPC,False,False,False,False,True,0,revenue;gross_profit;net_income;total_assets;total_liabilities;equity;cfo;capex,L4_CACHE_PRESENT,PARTIAL_PROVISIONAL_DATA,provisional structured data only; missing values were not zero-filled
CPH,False,False,False,False,False,0,revenue;gross_profit;net_income;total_assets;total_liabilities;equity;cfo;capex,L4_CACHE_PRESENT,INSUFFICIENT_DATA,provisional structured data only; missing values were not zero-filled
CPI,False,False,False,True,True,0,revenue;gross_profit;net_income;total_assets;total_liabilities;equity;cfo;capex,L4_CACHE_PRESENT,PARTIAL_PROVISIONAL_DATA,provisional structured data only; missing values were not zero-filled
CQN,False,False,False,False,True,0,revenue;gross_profit;net_income;total_assets;total_liabilities;equity;cfo;capex,L4_CACHE_PRESENT,PARTIAL_PROVISIONAL_DATA,provisional structured data only; missing values were not zero-filled
CQT,False,False,False,False,True,0,revenue;gross_profit;net_income;total_assets;total_liabilities;equity;cfo;capex,L4_CACHE_PRESENT,PARTIAL_PROVISIONAL_DATA,provisional structured data only; missing values were not zero-filled
CRC,False,False,False,False,True,0,revenue;gross_profit;net_income;total_assets;total_liabilities;equity;cfo;capex,L4_CACHE_PRESENT,PARTIAL_PROVISIONAL_DATA,provisional structured data only; missing values were not zero-filled
CRE,False,False,False,False,True,0,revenue;gross_profit;net_income;total_assets;total_liabilities;equity;cfo;capex,L4_CACHE_PRESENT,PARTIAL_PROVISIONAL_DATA,provisional structured data only; missing values were not zero-filled
CRV,False,False,False,False,False,0,revenue;gross_profit;net_income;total_assets;total_liabilities;equity;cfo;capex,L4_CACHE_PRESENT,INSUFFICIENT_DATA,provisional structured data only; missing values were not zero-filled
CSC,False,False,False,False,True,0,revenue;gross_profit;net_income;total_assets;total_liabilities;equity;cfo;capex,L4_CACHE_PRESENT,PARTIAL_PROVISIONAL_DATA,provisional structured data only; missing values were not zero-filled
CSI,False,False,False,False,True,0,revenue;gross_profit;net_income;total_assets;total_liabilities;equity;cfo;capex,L4_CACHE_PRESENT,PARTIAL_PROVISIONAL_DATA,provisional structured data only; missing values were not zero-filled
CSM,False,False,False,False,True,0,revenue;gross_profit;net_income;total_assets;total_liabilities;equity;cfo;capex,L4_CACHE_PRESENT,PARTIAL_PROVISIONAL_DATA,provisional structured data only; missing values were not zero-filled
CST,False,False,False,False,True,0,revenue;gross_profit;net_income;total_assets;total_liabilities;equity;cfo;capex,L4_CACHE_PRESENT,PARTIAL_PROVISIONAL_DATA,provisional structured data only; missing values were not zero-filled
CSV,False,False,False,False,True,0,revenue;gross_profit;net_income;total_assets;total_liabilities;equity;cfo;capex,L4_CACHE_PRESENT,PARTIAL_PROVISIONAL_DATA,provisional structured data only; missing values were not zero-filled
CT3,False,False,False,False,True,0,revenue;gross_profit;net_income;total_assets;total_liabilities;equity;cfo;capex,L4_CACHE_PRESENT,PARTIAL_PROVISIONAL_DATA,provisional structured data only; missing values were not zero-filled
CT5,False,False,False,False,False,0,revenue;gross_profit;net_income;total_assets;total_liabilities;equity;cfo;capex,L4_CACHE_PRESENT,INSUFFICIENT_DATA,provisional structured data only; missing values were not zero-filled
CT6,False,False,False,False,True,0,revenue;gross_profit;net_income;total_assets;total_liabilities;equity;cfo;capex,L4_CACHE_PRESENT,PARTIAL_PROVISIONAL_DATA,provisional structured data only; missing values were not zero-filled
CTA,False,False,False,False,False,0,revenue;gross_profit;net_income;total_assets;total_liabilities;equity;cfo;capex,L4_CACHE_PRESENT,INSUFFICIENT_DATA,provisional structured data only; missing values were not zero-filled
CTB,False,False,False,False,True,0,revenue;gross_profit;net_income;total_assets;total_liabilities;equity;cfo;capex,L4_CACHE_PRESENT,PARTIAL_PROVISIONAL_DATA,provisional structured data only; missing values were not zero-filled
CTC,False,False,False,False,False,0,revenue;gross_profit;net_income;total_assets;total_liabilities;equity;cfo;capex,L4_CACHE_PRESENT,INSUFFICIENT_DATA,provisional structured data only; missing values were not zero-filled
CTD,False,False,False,False,True,0,revenue;gross_profit;net_income;total_assets;total_liabilities;equity;cfo;capex,L4_CACHE_PRESENT,PARTIAL_PROVISIONAL_DATA,provisional structured data only; missing values were not zero-filled
CTF,False,False,False,True,True,0,revenue;gross_profit;net_income;total_assets;total_liabilities;equity;cfo;capex,L4_CACHE_PRESENT,PARTIAL_PROVISIONAL_DATA,provisional structured data only; missing values were not zero-filled
CTG,False,False,False,False,True,0,revenue;gross_profit;net_income;total_assets;total_liabilities;equity;cfo;capex,L4_CACHE_PRESENT,PARTIAL_PROVISIONAL_DATA,provisional structured data only; missing values were not zero-filled
CTI,False,False,False,False,True,0,revenue;gross_profit;net_income;total_assets;total_liabilities;equity;cfo;capex,L4_CACHE_PRESENT,PARTIAL_PROVISIONAL_DATA,provisional structured data only; missing values were not zero-filled
CTN,False,False,False,False,False,0,revenue;gross_profit;net_income;total_assets;total_liabilities;equity;cfo;capex,L4_CACHE_PRESENT,INSUFFICIENT_DATA,provisional structured data only; missing values were not zero-filled
CTP,False,False,False,True,True,0,revenue;gross_profit;net_income;total_assets;total_liabilities;equity;cfo;capex,L4_CACHE_PRESENT,PARTIAL_PROVISIONAL_DATA,provisional structured data only; missing values were not zero-filled
CTR,False,False,False,False,True,0,revenue;gross_profit;net_income;total_assets;total_liabilities;equity;cfo;capex,L4_CACHE_PRESENT,PARTIAL_PROVISIONAL_DATA,provisional structured data only; missing values were not zero-filled
CTS,False,False,False,False,True,0,revenue;gross_profit;net_income;total_assets;total_liabilities;equity;cfo;capex,L4_CACHE_PRESENT,PARTIAL_PROVISIONAL_DATA,provisional structured data only; missing values were not zero-filled
CTT,False,False,False,False,True,0,revenue;gross_profit;net_income;total_assets;total_liabilities;equity;cfo;capex,L4_CACHE_PRESENT,PARTIAL_PROVISIONAL_DATA,provisional structured data only; missing values were not zero-filled
CTW,False,False,False,False,True,0,revenue;gross_profit;net_income;total_assets;total_liabilities;equity;cfo;capex,L4_CACHE_PRESENT,PARTIAL_PROVISIONAL_DATA,provisional structured data only; missing values were not zero-filled
CTX,False,False,False,False,True,0,revenue;gross_profit;net_income;total_assets;total_liabilities;equity;cfo;capex,L4_CACHE_PRESENT,PARTIAL_PROVISIONAL_DATA,provisional structured data only; missing values were not zero-filled
CVN,False,False,False,False,True,0,revenue;gross_profit;net_income;total_assets;total_liabilities;equity;cfo;capex,L4_CACHE_PRESENT,PARTIAL_PROVISIONAL_DATA,provisional structured data only; missing values were not zero-filled
CVP,False,False,False,False,False,0,revenue;gross_profit;net_income;total_assets;total_liabilities;equity;cfo;capex,L4_CACHE_PRESENT,INSUFFICIENT_DATA,provisional structured data only; missing values were not zero-filled
CVT,False,False,False,False,True,0,revenue;gross_profit;net_income;total_assets;total_liabilities;equity;cfo;capex,L4_CACHE_PRESENT,PARTIAL_PROVISIONAL_DATA,provisional structured data only; missing values were not zero-filled
CX8,False,False,False,False,False,0,revenue;gross_profit;net_income;total_assets;total_liabilities;equity;cfo;capex,L4_CACHE_PRESENT,INSUFFICIENT_DATA,provisional structured data only; missing values were not zero-filled
CYC,False,False,False,False,True,0,revenue;gross_profit;net_income;total_assets;total_liabilities;equity;cfo;capex,L4_CACHE_PRESENT,PARTIAL_PROVISIONAL_DATA,provisional structured data only; missing values were not zero-filled
D11,False,False,False,False,True,0,revenue;gross_profit;net_income;total_assets;total_liabilities;equity;cfo;capex,L4_CACHE_PRESENT,PARTIAL_PROVISIONAL_DATA,provisional structured data only; missing values were not zero-filled
D17,False,False,False,False,False,0,revenue;gross_profit;net_income;total_assets;total_liabilities;equity;cfo;capex,L4_CACHE_PRESENT,INSUFFICIENT_DATA,provisional structured data only; missing values were not zero-filled
D2D,False,False,False,False,True,0,revenue;gross_profit;net_income;total_assets;total_liabilities;equity;cfo;capex,L4_CACHE_PRESENT,PARTIAL_PROVISIONAL_DATA,provisional structured data only; missing values were not zero-filled
DAC,False,False,False,False,False,0,revenue;gross_profit;net_income;total_assets;total_liabilities;equity;cfo;capex,L4_CACHE_PRESENT,INSUFFICIENT_DATA,provisional structured data only; missing values were not zero-filled
DAD,False,False,False,False,True,0,revenue;gross_profit;net_income;total_assets;total_liabilities;equity;cfo;capex,L4_CACHE_PRESENT,PARTIAL_PROVISIONAL_DATA,provisional structured data only; missing values were not zero-filled
DAE,False,False,False,False,True,0,revenue;gross_profit;net_income;total_assets;total_liabilities;equity;cfo;capex,L4_CACHE_PRESENT,PARTIAL_PROVISIONAL_DATA,provisional structured data only; missing values were not zero-filled
DAG,False,False,False,False,False,0,revenue;gross_profit;net_income;total_assets;total_liabilities;equity;cfo;capex,L4_CACHE_PRESENT,INSUFFICIENT_DATA,provisional structured data only; missing values were not zero-filled
DAH,False,False,False,False,True,0,revenue;gross_profit;net_income;total_assets;total_liabilities;equity;cfo;capex,L4_CACHE_PRESENT,PARTIAL_PROVISIONAL_DATA,provisional structured data only; missing values were not zero-filled
DAN,False,False,False,False,True,0,revenue;gross_profit;net_income;total_assets;total_liabilities;equity;cfo;capex,L4_CACHE_PRESENT,PARTIAL_PROVISIONAL_DATA,provisional structured data only; missing values were not zero-filled
DAR,False,False,False,False,False,0,revenue;gross_profit;net_income;total_assets;total_liabilities;equity;cfo;capex,L4_CACHE_PRESENT,INSUFFICIENT_DATA,provisional structured data only; missing values were not zero-filled
DAS,False,False,False,False,False,0,revenue;gross_profit;net_income;total_assets;total_liabilities;equity;cfo;capex,L4_CACHE_PRESENT,INSUFFICIENT_DATA,provisional structured data only; missing values were not zero-filled
DAT,False,False,False,False,True,0,revenue;gross_profit;net_income;total_assets;total_liabilities;equity;cfo;capex,L4_CACHE_PRESENT,PARTIAL_PROVISIONAL_DATA,provisional structured data only; missing values were not zero-filled
DBC,False,False,False,False,True,0,revenue;gross_profit;net_income;total_assets;total_liabilities;equity;cfo;capex,L4_CACHE_PRESENT,PARTIAL_PROVISIONAL_DATA,provisional structured data only; missing values were not zero-filled
DBD,False,False,False,False,True,0,revenue;gross_profit;net_income;total_assets;total_liabilities;equity;cfo;capex,L4_CACHE_PRESENT,PARTIAL_PROVISIONAL_DATA,provisional structured data only; missing values were not zero-filled
DBH,False,False,False,False,False,0,revenue;gross_profit;net_income;total_assets;total_liabilities;equity;cfo;capex,L4_CACHE_PRESENT,INSUFFICIENT_DATA,provisional structured data only; missing values were not zero-filled
DBM,False,False,False,False,True,0,revenue;gross_profit;net_income;total_assets;total_liabilities;equity;cfo;capex,L4_CACHE_PRESENT,PARTIAL_PROVISIONAL_DATA,provisional structured data only; missing values were not zero-filled
DBT,False,False,False,False,True,0,revenue;gross_profit;net_income;total_assets;total_liabilities;equity;cfo;capex,L4_CACHE_PRESENT,PARTIAL_PROVISIONAL_DATA,provisional structured data only; missing values were not zero-filled
DBW,False,False,False,False,False,0,revenue;gross_profit;net_income;total_assets;total_liabilities;equity;cfo;capex,L4_CACHE_PRESENT,INSUFFICIENT_DATA,provisional structured data only; missing values were not zero-filled
DC1,False,False,False,False,True,0,revenue;gross_profit;net_income;total_assets;total_liabilities;equity;cfo;capex,L4_CACHE_PRESENT,PARTIAL_PROVISIONAL_DATA,provisional structured data only; missing values were not zero-filled
DC2,False,False,False,False,True,0,revenue;gross_profit;net_income;total_assets;total_liabilities;equity;cfo;capex,L4_CACHE_PRESENT,PARTIAL_PROVISIONAL_DATA,provisional structured data only; missing values were not zero-filled
DC4,False,False,False,False,True,0,revenue;gross_profit;net_income;total_assets;total_liabilities;equity;cfo;capex,L4_CACHE_PRESENT,PARTIAL_PROVISIONAL_DATA,provisional structured data only; missing values were not zero-filled
DCF,False,False,False,False,False,0,revenue;gross_profit;net_income;total_assets;total_liabilities;equity;cfo;capex,L4_CACHE_PRESENT,INSUFFICIENT_DATA,provisional structured data only; missing values were not zero-filled
DCG,False,False,False,False,False,0,revenue;gross_profit;net_income;total_assets;total_liabilities;equity;cfo;capex,L4_CACHE_PRESENT,INSUFFICIENT_DATA,provisional structured data only; missing values were not zero-filled
DCH,False,False,False,False,False,0,revenue;gross_profit;net_income;total_assets;total_liabilities;equity;cfo;capex,L4_CACHE_PRESENT,INSUFFICIENT_DATA,provisional structured data only; missing values were not zero-filled
DCL,False,False,False,False,True,0,revenue;gross_profit;net_income;total_assets;total_liabilities;equity;cfo;capex,L4_CACHE_PRESENT,PARTIAL_PROVISIONAL_DATA,provisional structured data only; missing values were not zero-filled
DCM,False,False,False,False,True,0,revenue;gross_profit;net_income;total_assets;total_liabilities;equity;cfo;capex,L4_CACHE_PRESENT,PARTIAL_PROVISIONAL_DATA,provisional structured data only; missing values were not zero-filled
DCR,False,False,False,False,True,0,revenue;gross_profit;net_income;total_assets;total_liabilities;equity;cfo;capex,L4_CACHE_PRESENT,PARTIAL_PROVISIONAL_DATA,provisional structured data only; missing values were not zero-filled
DCS,False,False,False,False,True,0,revenue;gross_profit;net_income;total_assets;total_liabilities;equity;cfo;capex,L4_CACHE_PRESENT,PARTIAL_PROVISIONAL_DATA,provisional structured data only; missing values were not zero-filled
DCT,False,False,False,False,True,0,revenue;gross_profit;net_income;total_assets;total_liabilities;equity;cfo;capex,L4_CACHE_PRESENT,PARTIAL_PROVISIONAL_DATA,provisional structured data only; missing values were not zero-filled
DCV,False,False,False,False,False,0,revenue;gross_profit;net_income;total_assets;total_liabilities;equity;cfo;capex,L4_CACHE_PRESENT,INSUFFICIENT_DATA,provisional structured data only; missing values were not zero-filled
DDB,False,False,False,False,False,0,revenue;gross_profit;net_income;total_assets;total_liabilities;equity;cfo;capex,L4_CACHE_PRESENT,INSUFFICIENT_DATA,provisional structured data only; missing values were not zero-filled
DDG,False,False,False,False,True,0,revenue;gross_profit;net_income;total_assets;total_liabilities;equity;cfo;capex,L4_CACHE_PRESENT,PARTIAL_PROVISIONAL_DATA,provisional structured data only; missing values were not zero-filled
DDH,False,False,False,False,False,0,revenue;gross_profit;net_income;total_assets;total_liabilities;equity;cfo;capex,L4_CACHE_PRESENT,INSUFFICIENT_DATA,provisional structured data only; missing values were not zero-filled
DDM,False,False,False,False,False,0,revenue;gross_profit;net_income;total_assets;total_liabilities;equity;cfo;capex,L4_CACHE_PRESENT,INSUFFICIENT_DATA,provisional structured data only; missing values were not zero-filled
DDN,False,False,False,False,True,0,revenue;gross_profit;net_income;total_assets;total_liabilities;equity;cfo;capex,L4_CACHE_PRESENT,PARTIAL_PROVISIONAL_DATA,provisional structured data only; missing values were not zero-filled
DDV,False,False,False,False,True,0,revenue;gross_profit;net_income;total_assets;total_liabilities;equity;cfo;capex,L4_CACHE_PRESENT,PARTIAL_PROVISIONAL_DATA,provisional structured data only; missing values were not zero-filled
DFC,False,False,False,False,True,0,revenue;gross_profit;net_income;total_assets;total_liabilities;equity;cfo;capex,L4_CACHE_PRESENT,PARTIAL_PROVISIONAL_DATA,provisional structured data only; missing values were not zero-filled
DFF,False,False,False,False,True,0,revenue;gross_profit;net_income;total_assets;total_liabilities;equity;cfo;capex,L4_CACHE_PRESENT,PARTIAL_PROVISIONAL_DATA,provisional structured data only; missing values were not zero-filled
DGC,False,False,False,False,True,0,revenue;gross_profit;net_income;total_assets;total_liabilities;equity;cfo;capex,L4_CACHE_PRESENT,PARTIAL_PROVISIONAL_DATA,provisional structured data only; missing values were not zero-filled
DGT,False,False,False,False,True,0,revenue;gross_profit;net_income;total_assets;total_liabilities;equity;cfo;capex,L4_CACHE_PRESENT,PARTIAL_PROVISIONAL_DATA,provisional structured data only; missing values were not zero-filled
DGW,False,False,False,False,True,0,revenue;gross_profit;net_income;total_assets;total_liabilities;equity;cfo;capex,L4_CACHE_PRESENT,PARTIAL_PROVISIONAL_DATA,provisional structured data only; missing values were not zero-filled
DHA,False,False,False,False,True,0,revenue;gross_profit;net_income;total_assets;total_liabilities;equity;cfo;capex,L4_CACHE_PRESENT,PARTIAL_PROVISIONAL_DATA,provisional structured data only; missing values were not zero-filled
DHB,False,False,False,True,True,0,revenue;gross_profit;net_income;total_assets;total_liabilities;equity;cfo;capex,L4_CACHE_PRESENT,PARTIAL_PROVISIONAL_DATA,provisional structured data only; missing values were not zero-filled
DHC,False,False,False,False,True,0,revenue;gross_profit;net_income;total_assets;total_liabilities;equity;cfo;capex,L4_CACHE_PRESENT,PARTIAL_PROVISIONAL_DATA,provisional structured data only; missing values were not zero-filled
DHD,False,False,False,False,True,0,revenue;gross_profit;net_income;total_assets;total_liabilities;equity;cfo;capex,L4_CACHE_PRESENT,PARTIAL_PROVISIONAL_DATA,provisional structured data only; missing values were not zero-filled
DHG,False,False,False,False,True,0,revenue;gross_profit;net_income;total_assets;total_liabilities;equity;cfo;capex,L4_CACHE_PRESENT,PARTIAL_PROVISIONAL_DATA,provisional structured data only; missing values were not zero-filled
DHM,False,False,False,False,True,0,revenue;gross_profit;net_income;total_assets;total_liabilities;equity;cfo;capex,L4_CACHE_PRESENT,PARTIAL_PROVISIONAL_DATA,provisional structured data only; missing values were not zero-filled
DHN,False,False,False,False,True,0,revenue;gross_profit;net_income;total_assets;total_liabilities;equity;cfo;capex,L4_CACHE_PRESENT,PARTIAL_PROVISIONAL_DATA,provisional structured data only; missing values were not zero-filled
DHP,False,False,False,False,True,0,revenue;gross_profit;net_income;total_assets;total_liabilities;equity;cfo;capex,L4_CACHE_PRESENT,PARTIAL_PROVISIONAL_DATA,provisional structured data only; missing values were not zero-filled
DHT,False,False,False,True,True,0,revenue;gross_profit;net_income;total_assets;total_liabilities;equity;cfo;capex,L4_CACHE_PRESENT,PARTIAL_PROVISIONAL_DATA,provisional structured data only; missing values were not zero-filled
DIC,False,False,False,False,True,0,revenue;gross_profit;net_income;total_assets;total_liabilities;equity;cfo;capex,L4_CACHE_PRESENT,PARTIAL_PROVISIONAL_DATA,provisional structured data only; missing values were not zero-filled
DID,False,False,False,False,True,0,revenue;gross_profit;net_income;total_assets;total_liabilities;equity;cfo;capex,L4_CACHE_PRESENT,PARTIAL_PROVISIONAL_DATA,provisional structured data only; missing values were not zero-filled
DIG,False,False,False,False,True,0,revenue;gross_profit;net_income;total_assets;total_liabilities;equity;cfo;capex,L4_CACHE_PRESENT,PARTIAL_PROVISIONAL_DATA,provisional structured data only; missing values were not zero-filled
DIH,False,False,False,False,True,0,revenue;gross_profit;net_income;total_assets;total_liabilities;equity;cfo;capex,L4_CACHE_PRESENT,PARTIAL_PROVISIONAL_DATA,provisional structured data only; missing values were not zero-filled
DKC,False,False,False,False,False,0,revenue;gross_profit;net_income;total_assets;total_liabilities;equity;cfo;capex,L4_CACHE_PRESENT,INSUFFICIENT_DATA,provisional structured data only; missing values were not zero-filled
DKG,False,False,False,False,False,0,revenue;gross_profit;net_income;total_assets;total_liabilities;equity;cfo;capex,L4_CACHE_PRESENT,INSUFFICIENT_DATA,provisional structured data only; missing values were not zero-filled
DKH,False,False,False,False,False,0,revenue;gross_profit;net_income;total_assets;total_liabilities;equity;cfo;capex,L4_CACHE_PRESENT,INSUFFICIENT_DATA,provisional structured data only; missing values were not zero-filled
DKW,False,False,False,False,False,0,revenue;gross_profit;net_income;total_assets;total_liabilities;equity;cfo;capex,L4_CACHE_PRESENT,INSUFFICIENT_DATA,provisional structured data only; missing values were not zero-filled
DL1,False,False,False,False,True,0,revenue;gross_profit;net_income;total_assets;total_liabilities;equity;cfo;capex,L4_CACHE_PRESENT,PARTIAL_PROVISIONAL_DATA,provisional structured data only; missing values were not zero-filled
DLD,False,False,False,False,True,0,revenue;gross_profit;net_income;total_assets;total_liabilities;equity;cfo;capex,L4_CACHE_PRESENT,PARTIAL_PROVISIONAL_DATA,provisional structured data only; missing values were not zero-filled
DLG,False,False,False,False,True,0,revenue;gross_profit;net_income;total_assets;total_liabilities;equity;cfo;capex,L4_CACHE_PRESENT,PARTIAL_PROVISIONAL_DATA,provisional structured data only; missing values were not zero-filled
DLM,False,False,False,False,False,0,revenue;gross_profit;net_income;total_assets;total_liabilities;equity;cfo;capex,L4_CACHE_PRESENT,INSUFFICIENT_DATA,provisional structured data only; missing values were not zero-filled
DLR,False,False,False,False,False,0,revenue;gross_profit;net_income;total_assets;total_liabilities;equity;cfo;capex,L4_CACHE_PRESENT,INSUFFICIENT_DATA,provisional structured data only; missing values were not zero-filled
DLT,False,False,False,False,False,0,revenue;gross_profit;net_income;total_assets;total_liabilities;equity;cfo;capex,L4_CACHE_PRESENT,INSUFFICIENT_DATA,provisional structured data only; missing values were not zero-filled
DM7,False,False,False,False,False,0,revenue;gross_profit;net_income;total_assets;total_liabilities;equity;cfo;capex,L4_CACHE_PRESENT,INSUFFICIENT_DATA,provisional structured data only; missing values were not zero-filled
DMC,False,False,False,False,True,0,revenue;gross_profit;net_income;total_assets;total_liabilities;equity;cfo;capex,L4_CACHE_PRESENT,PARTIAL_PROVISIONAL_DATA,provisional structured data only; missing values were not zero-filled
DMN,False,False,False,False,True,0,revenue;gross_profit;net_income;total_assets;total_liabilities;equity;cfo;capex,L4_CACHE_PRESENT,PARTIAL_PROVISIONAL_DATA,provisional structured data only; missing values were not zero-filled
DMS,False,False,False,False,False,0,revenue;gross_profit;net_income;total_assets;total_liabilities;equity;cfo;capex,L4_CACHE_PRESENT,INSUFFICIENT_DATA,provisional structured data only; missing values were not zero-filled
DNA,False,False,False,False,True,0,revenue;gross_profit;net_income;total_assets;total_liabilities;equity;cfo;capex,L4_CACHE_PRESENT,PARTIAL_PROVISIONAL_DATA,provisional structured data only; missing values were not zero-filled
DNB,False,False,False,False,False,0,revenue;gross_profit;net_income;total_assets;total_liabilities;equity;cfo;capex,L4_CACHE_PRESENT,INSUFFICIENT_DATA,provisional structured data only; missing values were not zero-filled
DNC,False,False,False,False,True,0,revenue;gross_profit;net_income;total_assets;total_liabilities;equity;cfo;capex,L4_CACHE_PRESENT,PARTIAL_PROVISIONAL_DATA,provisional structured data only; missing values were not zero-filled
DND,False,False,False,False,True,0,revenue;gross_profit;net_income;total_assets;total_liabilities;equity;cfo;capex,L4_CACHE_PRESENT,PARTIAL_PROVISIONAL_DATA,provisional structured data only; missing values were not zero-filled
DNE,False,False,False,False,True,0,revenue;gross_profit;net_income;total_assets;total_liabilities;equity;cfo;capex,L4_CACHE_PRESENT,PARTIAL_PROVISIONAL_DATA,provisional structured data only; missing values were not zero-filled
DNH,False,False,False,False,True,0,revenue;gross_profit;net_income;total_assets;total_liabilities;equity;cfo;capex,L4_CACHE_PRESENT,PARTIAL_PROVISIONAL_DATA,provisional structured data only; missing values were not zero-filled
DNL,False,False,False,False,False,0,revenue;gross_profit;net_income;total_assets;total_liabilities;equity;cfo;capex,L4_CACHE_PRESENT,INSUFFICIENT_DATA,provisional structured data only; missing values were not zero-filled
DNM,False,False,False,False,True,0,revenue;gross_profit;net_income;total_assets;total_liabilities;equity;cfo;capex,L4_CACHE_PRESENT,PARTIAL_PROVISIONAL_DATA,provisional structured data only; missing values were not zero-filled
DNN,False,False,False,False,True,0,revenue;gross_profit;net_income;total_assets;total_liabilities;equity;cfo;capex,L4_CACHE_PRESENT,PARTIAL_PROVISIONAL_DATA,provisional structured data only; missing values were not zero-filled
DNP,False,False,False,False,True,0,revenue;gross_profit;net_income;total_assets;total_liabilities;equity;cfo;capex,L4_CACHE_PRESENT,PARTIAL_PROVISIONAL_DATA,provisional structured data only; missing values were not zero-filled
DNT,False,False,False,False,False,0,revenue;gross_profit;net_income;total_assets;total_liabilities;equity;cfo;capex,L4_CACHE_PRESENT,INSUFFICIENT_DATA,provisional structured data only; missing values were not zero-filled
DNW,False,False,False,False,True,0,revenue;gross_profit;net_income;total_assets;total_liabilities;equity;cfo;capex,L4_CACHE_PRESENT,PARTIAL_PROVISIONAL_DATA,provisional structured data only; missing values were not zero-filled
DOC,False,False,False,False,False,0,revenue;gross_profit;net_income;total_assets;total_liabilities;equity;cfo;capex,L4_CACHE_PRESENT,INSUFFICIENT_DATA,provisional structured data only; missing values were not zero-filled
DOP,False,False,False,False,True,0,revenue;gross_profit;net_income;total_assets;total_liabilities;equity;cfo;capex,L4_CACHE_PRESENT,PARTIAL_PROVISIONAL_DATA,provisional structured data only; missing values were not zero-filled
DP1,False,False,False,False,True,0,revenue;gross_profit;net_income;total_assets;total_liabilities;equity;cfo;capex,L4_CACHE_PRESENT,PARTIAL_PROVISIONAL_DATA,provisional structured data only; missing values were not zero-filled
DP2,False,False,False,False,True,0,revenue;gross_profit;net_income;total_assets;total_liabilities;equity;cfo;capex,L4_CACHE_PRESENT,PARTIAL_PROVISIONAL_DATA,provisional structured data only; missing values were not zero-filled
DP3,False,False,False,False,True,0,revenue;gross_profit;net_income;total_assets;total_liabilities;equity;cfo;capex,L4_CACHE_PRESENT,PARTIAL_PROVISIONAL_DATA,provisional structured data only; missing values were not zero-filled
DPC,False,False,False,False,True,0,revenue;gross_profit;net_income;total_assets;total_liabilities;equity;cfo;capex,L4_CACHE_PRESENT,PARTIAL_PROVISIONAL_DATA,provisional structured data only; missing values were not zero-filled
DPD,False,False,False,False,False,0,revenue;gross_profit;net_income;total_assets;total_liabilities;equity;cfo;capex,L4_CACHE_PRESENT,INSUFFICIENT_DATA,provisional structured data only; missing values were not zero-filled
DPG,False,False,False,False,True,0,revenue;gross_profit;net_income;total_assets;total_liabilities;equity;cfo;capex,L4_CACHE_PRESENT,PARTIAL_PROVISIONAL_DATA,provisional structured data only; missing values were not zero-filled
DPH,False,False,False,False,False,0,revenue;gross_profit;net_income;total_assets;total_liabilities;equity;cfo;capex,L4_CACHE_PRESENT,INSUFFICIENT_DATA,provisional structured data only; missing values were not zero-filled
DPM,False,False,False,False,True,0,revenue;gross_profit;net_income;total_assets;total_liabilities;equity;cfo;capex,L4_CACHE_PRESENT,PARTIAL_PROVISIONAL_DATA,provisional structured data only; missing values were not zero-filled
DPP,False,False,False,False,False,0,revenue;gross_profit;net_income;total_assets;total_liabilities;equity;cfo;capex,L4_CACHE_PRESENT,INSUFFICIENT_DATA,provisional structured data only; missing values were not zero-filled
DPR,False,False,False,False,True,0,revenue;gross_profit;net_income;total_assets;total_liabilities;equity;cfo;capex,L4_CACHE_PRESENT,PARTIAL_PROVISIONAL_DATA,provisional structured data only; missing values were not zero-filled
DPS,False,False,False,False,False,0,revenue;gross_profit;net_income;total_assets;total_liabilities;equity;cfo;capex,L4_CACHE_PRESENT,INSUFFICIENT_DATA,provisional structured data only; missing values were not zero-filled
DQC,False,False,False,False,True,0,revenue;gross_profit;net_income;total_assets;total_liabilities;equity;cfo;capex,L4_CACHE_PRESENT,PARTIAL_PROVISIONAL_DATA,provisional structured data only; missing values were not zero-filled
DRC,False,False,False,False,True,0,revenue;gross_profit;net_income;total_assets;total_liabilities;equity;cfo;capex,L4_CACHE_PRESENT,PARTIAL_PROVISIONAL_DATA,provisional structured data only; missing values were not zero-filled
DRG,False,False,False,False,True,0,revenue;gross_profit;net_income;total_assets;total_liabilities;equity;cfo;capex,L4_CACHE_PRESENT,PARTIAL_PROVISIONAL_DATA,provisional structured data only; missing values were not zero-filled
DRH,False,False,False,False,True,0,revenue;gross_profit;net_income;total_assets;total_liabilities;equity;cfo;capex,L4_CACHE_PRESENT,PARTIAL_PROVISIONAL_DATA,provisional structured data only; missing values were not zero-filled
DRI,False,False,False,False,True,0,revenue;gross_profit;net_income;total_assets;total_liabilities;equity;cfo;capex,L4_CACHE_PRESENT,PARTIAL_PROVISIONAL_DATA,provisional structured data only; missing values were not zero-filled
DRL,False,False,False,False,True,0,revenue;gross_profit;net_income;total_assets;total_liabilities;equity;cfo;capex,L4_CACHE_PRESENT,PARTIAL_PROVISIONAL_DATA,provisional structured data only; missing values were not zero-filled
DS3,False,False,False,False,True,0,revenue;gross_profit;net_income;total_assets;total_liabilities;equity;cfo;capex,L4_CACHE_PRESENT,PARTIAL_PROVISIONAL_DATA,provisional structured data only; missing values were not zero-filled
DSC,False,False,False,False,True,0,revenue;gross_profit;net_income;total_assets;total_liabilities;equity;cfo;capex,L4_CACHE_PRESENT,PARTIAL_PROVISIONAL_DATA,provisional structured data only; missing values were not zero-filled
DSD,False,False,False,False,False,0,revenue;gross_profit;net_income;total_assets;total_liabilities;equity;cfo;capex,L4_CACHE_PRESENT,INSUFFICIENT_DATA,provisional structured data only; missing values were not zero-filled
DSE,False,False,False,False,False,0,revenue;gross_profit;net_income;total_assets;total_liabilities;equity;cfo;capex,L4_CACHE_PRESENT,INSUFFICIENT_DATA,provisional structured data only; missing values were not zero-filled
DSG,False,False,False,False,True,0,revenue;gross_profit;net_income;total_assets;total_liabilities;equity;cfo;capex,L4_CACHE_PRESENT,PARTIAL_PROVISIONAL_DATA,provisional structured data only; missing values were not zero-filled
DSH,False,False,False,False,False,0,revenue;gross_profit;net_income;total_assets;total_liabilities;equity;cfo;capex,L4_CACHE_PRESENT,INSUFFICIENT_DATA,provisional structured data only; missing values were not zero-filled
DSN,False,False,False,False,True,0,revenue;gross_profit;net_income;total_assets;total_liabilities;equity;cfo;capex,L4_CACHE_PRESENT,PARTIAL_PROVISIONAL_DATA,provisional structured data only; missing values were not zero-filled
DSP,False,False,False,False,False,0,revenue;gross_profit;net_income;total_assets;total_liabilities;equity;cfo;capex,L4_CACHE_PRESENT,INSUFFICIENT_DATA,provisional structured data only; missing values were not zero-filled
DST,False,False,False,True,True,0,revenue;gross_profit;net_income;total_assets;total_liabilities;equity;cfo;capex,L4_CACHE_PRESENT,PARTIAL_PROVISIONAL_DATA,provisional structured data only; missing values were not zero-filled
DSV,False,False,False,False,True,0,revenue;gross_profit;net_income;total_assets;total_liabilities;equity;cfo;capex,L4_CACHE_PRESENT,PARTIAL_PROVISIONAL_DATA,provisional structured data only; missing values were not zero-filled
DT4,False,False,False,False,True,0,revenue;gross_profit;net_income;total_assets;total_liabilities;equity;cfo;capex,L4_CACHE_PRESENT,PARTIAL_PROVISIONAL_DATA,provisional structured data only; missing values were not zero-filled
DTA,False,False,False,False,True,0,revenue;gross_profit;net_income;total_assets;total_liabilities;equity;cfo;capex,L4_CACHE_PRESENT,PARTIAL_PROVISIONAL_DATA,provisional structured data only; missing values were not zero-filled
DTB,False,False,False,False,True,0,revenue;gross_profit;net_income;total_assets;total_liabilities;equity;cfo;capex,L4_CACHE_PRESENT,PARTIAL_PROVISIONAL_DATA,provisional structured data only; missing values were not zero-filled
DTC,False,False,False,False,True,0,revenue;gross_profit;net_income;total_assets;total_liabilities;equity;cfo;capex,L4_CACHE_PRESENT,PARTIAL_PROVISIONAL_DATA,provisional structured data only; missing values were not zero-filled
DTD,False,False,False,False,True,0,revenue;gross_profit;net_income;total_assets;total_liabilities;equity;cfo;capex,L4_CACHE_PRESENT,PARTIAL_PROVISIONAL_DATA,provisional structured data only; missing values were not zero-filled
DTE,False,False,False,False,True,0,revenue;gross_profit;net_income;total_assets;total_liabilities;equity;cfo;capex,L4_CACHE_PRESENT,PARTIAL_PROVISIONAL_DATA,provisional structured data only; missing values were not zero-filled
DTG,False,False,False,False,True,0,revenue;gross_profit;net_income;total_assets;total_liabilities;equity;cfo;capex,L4_CACHE_PRESENT,PARTIAL_PROVISIONAL_DATA,provisional structured data only; missing values were not zero-filled
DTH,False,False,False,False,True,0,revenue;gross_profit;net_income;total_assets;total_liabilities;equity;cfo;capex,L4_CACHE_PRESENT,PARTIAL_PROVISIONAL_DATA,provisional structured data only; missing values were not zero-filled
DTI,False,False,False,True,True,0,revenue;gross_profit;net_income;total_assets;total_liabilities;equity;cfo;capex,L4_CACHE_PRESENT,PARTIAL_PROVISIONAL_DATA,provisional structured data only; missing values were not zero-filled
DTK,False,False,False,False,True,0,revenue;gross_profit;net_income;total_assets;total_liabilities;equity;cfo;capex,L4_CACHE_PRESENT,PARTIAL_PROVISIONAL_DATA,provisional structured data only; missing values were not zero-filled
DTL,False,False,False,False,True,0,revenue;gross_profit;net_income;total_assets;total_liabilities;equity;cfo;capex,L4_CACHE_PRESENT,PARTIAL_PROVISIONAL_DATA,provisional structured data only; missing values were not zero-filled
DTP,False,False,False,False,True,0,revenue;gross_profit;net_income;total_assets;total_liabilities;equity;cfo;capex,L4_CACHE_PRESENT,PARTIAL_PROVISIONAL_DATA,provisional structured data only; missing values were not zero-filled
DTT,False,False,False,False,False,0,revenue;gross_profit;net_income;total_assets;total_liabilities;equity;cfo;capex,L4_CACHE_PRESENT,INSUFFICIENT_DATA,provisional structured data only; missing values were not zero-filled
DTV,False,False,False,False,True,0,revenue;gross_profit;net_income;total_assets;total_liabilities;equity;cfo;capex,L4_CACHE_PRESENT,PARTIAL_PROVISIONAL_DATA,provisional structured data only; missing values were not zero-filled
DUS,False,False,False,False,False,0,revenue;gross_profit;net_income;total_assets;total_liabilities;equity;cfo;capex,L4_CACHE_PRESENT,INSUFFICIENT_DATA,provisional structured data only; missing values were not zero-filled
DVC,False,False,False,False,False,0,revenue;gross_profit;net_income;total_assets;total_liabilities;equity;cfo;capex,L4_CACHE_PRESENT,INSUFFICIENT_DATA,provisional structured data only; missing values were not zero-filled
DVG,False,False,False,False,True,0,revenue;gross_profit;net_income;total_assets;total_liabilities;equity;cfo;capex,L4_CACHE_PRESENT,PARTIAL_PROVISIONAL_DATA,provisional structured data only; missing values were not zero-filled
DVM,False,False,False,False,True,0,revenue;gross_profit;net_income;total_assets;total_liabilities;equity;cfo;capex,L4_CACHE_PRESENT,PARTIAL_PROVISIONAL_DATA,provisional structured data only; missing values were not zero-filled
DVN,False,False,False,False,True,0,revenue;gross_profit;net_income;total_assets;total_liabilities;equity;cfo;capex,L4_CACHE_PRESENT,PARTIAL_PROVISIONAL_DATA,provisional structured data only; missing values were not zero-filled
DVP,False,False,False,False,True,0,revenue;gross_profit;net_income;total_assets;total_liabilities;equity;cfo;capex,L4_CACHE_PRESENT,PARTIAL_PROVISIONAL_DATA,provisional structured data only; missing values were not zero-filled
DVT,False,False,False,False,False,0,revenue;gross_profit;net_income;total_assets;total_liabilities;equity;cfo;capex,L4_CACHE_PRESENT,INSUFFICIENT_DATA,provisional structured data only; missing values were not zero-filled
DVW,False,False,False,False,False,0,revenue;gross_profit;net_income;total_assets;total_liabilities;equity;cfo;capex,L4_CACHE_PRESENT,INSUFFICIENT_DATA,provisional structured data only; missing values were not zero-filled
DWC,False,False,False,False,False,0,revenue;gross_profit;net_income;total_assets;total_liabilities;equity;cfo;capex,L4_CACHE_PRESENT,INSUFFICIENT_DATA,provisional structured data only; missing values were not zero-filled
DWS,False,False,False,False,False,0,revenue;gross_profit;net_income;total_assets;total_liabilities;equity;cfo;capex,L4_CACHE_PRESENT,INSUFFICIENT_DATA,provisional structured data only; missing values were not zero-filled
DX2,False,False,False,False,True,0,revenue;gross_profit;net_income;total_assets;total_liabilities;equity;cfo;capex,L4_CACHE_PRESENT,PARTIAL_PROVISIONAL_DATA,provisional structured data only; missing values were not zero-filled
DXG,False,False,False,False,True,0,revenue;gross_profit;net_income;total_assets;total_liabilities;equity;cfo;capex,L4_CACHE_PRESENT,PARTIAL_PROVISIONAL_DATA,provisional structured data only; missing values were not zero-filled
DXL,False,False,False,False,False,0,revenue;gross_profit;net_income;total_assets;total_liabilities;equity;cfo;capex,L4_CACHE_PRESENT,INSUFFICIENT_DATA,provisional structured data only; missing values were not zero-filled
DXP,False,False,False,False,True,0,revenue;gross_profit;net_income;total_assets;total_liabilities;equity;cfo;capex,L4_CACHE_PRESENT,PARTIAL_PROVISIONAL_DATA,provisional structured data only; missing values were not zero-filled
DXS,False,False,False,False,True,0,revenue;gross_profit;net_income;total_assets;total_liabilities;equity;cfo;capex,L4_CACHE_PRESENT,PARTIAL_PROVISIONAL_DATA,provisional structured data only; missing values were not zero-filled
DXV,False,False,False,False,True,0,revenue;gross_profit;net_income;total_assets;total_liabilities;equity;cfo;capex,L4_CACHE_PRESENT,PARTIAL_PROVISIONAL_DATA,provisional structured data only; missing values were not zero-filled
DZM,False,False,False,False,False,0,revenue;gross_profit;net_income;total_assets;total_liabilities;equity;cfo;capex,L4_CACHE_PRESENT,INSUFFICIENT_DATA,provisional structured data only; missing values were not zero-filled
E12,False,False,False,False,True,0,revenue;gross_profit;net_income;total_assets;total_liabilities;equity;cfo;capex,L4_CACHE_PRESENT,PARTIAL_PROVISIONAL_DATA,provisional structured data only; missing values were not zero-filled
E29,False,False,False,False,False,0,revenue;gross_profit;net_income;total_assets;total_liabilities;equity;cfo;capex,L4_CACHE_PRESENT,INSUFFICIENT_DATA,provisional structured data only; missing values were not zero-filled
EAD,False,False,False,False,True,0,revenue;gross_profit;net_income;total_assets;total_liabilities;equity;cfo;capex,L4_CACHE_PRESENT,PARTIAL_PROVISIONAL_DATA,provisional structured data only; missing values were not zero-filled
EBS,False,False,False,False,True,0,revenue;gross_profit;net_income;total_assets;total_liabilities;equity;cfo;capex,L4_CACHE_PRESENT,PARTIAL_PROVISIONAL_DATA,provisional structured data only; missing values were not zero-filled
ECI,False,False,False,False,False,0,revenue;gross_profit;net_income;total_assets;total_liabilities;equity;cfo;capex,L4_CACHE_PRESENT,INSUFFICIENT_DATA,provisional structured data only; missing values were not zero-filled
ECO,False,False,False,False,False,0,revenue;gross_profit;net_income;total_assets;total_liabilities;equity;cfo;capex,L4_CACHE_PRESENT,INSUFFICIENT_DATA,provisional structured data only; missing values were not zero-filled
EFI,False,False,False,False,True,0,revenue;gross_profit;net_income;total_assets;total_liabilities;equity;cfo;capex,L4_CACHE_PRESENT,PARTIAL_PROVISIONAL_DATA,provisional structured data only; missing values were not zero-filled
EGL,False,False,False,False,False,0,revenue;gross_profit;net_income;total_assets;total_liabilities;equity;cfo;capex,L4_CACHE_PRESENT,INSUFFICIENT_DATA,provisional structured data only; missing values were not zero-filled
EIB,False,False,False,False,True,0,revenue;gross_profit;net_income;total_assets;total_liabilities;equity;cfo;capex,L4_CACHE_PRESENT,PARTIAL_PROVISIONAL_DATA,provisional structured data only; missing values were not zero-filled
EIC,False,False,False,False,True,0,revenue;gross_profit;net_income;total_assets;total_liabilities;equity;cfo;capex,L4_CACHE_PRESENT,PARTIAL_PROVISIONAL_DATA,provisional structured data only; missing values were not zero-filled
EID,False,False,False,False,True,0,revenue;gross_profit;net_income;total_assets;total_liabilities;equity;cfo;capex,L4_CACHE_PRESENT,PARTIAL_PROVISIONAL_DATA,provisional structured data only; missing values were not zero-filled
EIN,False,False,False,False,True,0,revenue;gross_profit;net_income;total_assets;total_liabilities;equity;cfo;capex,L4_CACHE_PRESENT,PARTIAL_PROVISIONAL_DATA,provisional structured data only; missing values were not zero-filled
ELC,False,False,False,False,True,0,revenue;gross_profit;net_income;total_assets;total_liabilities;equity;cfo;capex,L4_CACHE_PRESENT,PARTIAL_PROVISIONAL_DATA,provisional structured data only; missing values were not zero-filled
EMC,False,False,False,True,True,0,revenue;gross_profit;net_income;total_assets;total_liabilities;equity;cfo;capex,L4_CACHE_PRESENT,PARTIAL_PROVISIONAL_DATA,provisional structured data only; missing values were not zero-filled
EME,False,False,False,False,False,0,revenue;gross_profit;net_income;total_assets;total_liabilities;equity;cfo;capex,L4_CACHE_PRESENT,INSUFFICIENT_DATA,provisional structured data only; missing values were not zero-filled
EMG,False,False,False,False,False,0,revenue;gross_profit;net_income;total_assets;total_liabilities;equity;cfo;capex,L4_CACHE_PRESENT,INSUFFICIENT_DATA,provisional structured data only; missing values were not zero-filled
EMS,False,False,False,False,True,0,revenue;gross_profit;net_income;total_assets;total_liabilities;equity;cfo;capex,L4_CACHE_PRESENT,PARTIAL_PROVISIONAL_DATA,provisional structured data only; missing values were not zero-filled
EPC,False,False,False,False,True,0,revenue;gross_profit;net_income;total_assets;total_liabilities;equity;cfo;capex,L4_CACHE_PRESENT,PARTIAL_PROVISIONAL_DATA,provisional structured data only; missing values were not zero-filled
EPH,False,False,False,False,True,0,revenue;gross_profit;net_income;total_assets;total_liabilities;equity;cfo;capex,L4_CACHE_PRESENT,PARTIAL_PROVISIONAL_DATA,provisional structured data only; missing values were not zero-filled
EVE,False,False,False,False,True,0,revenue;gross_profit;net_income;total_assets;total_liabilities;equity;cfo;capex,L4_CACHE_PRESENT,PARTIAL_PROVISIONAL_DATA,provisional structured data only; missing values were not zero-filled
EVF,False,False,False,False,True,0,revenue;gross_profit;net_income;total_assets;total_liabilities;equity;cfo;capex,L4_CACHE_PRESENT,PARTIAL_PROVISIONAL_DATA,provisional structured data only; missing values were not zero-filled
EVG,False,False,False,False,True,0,revenue;gross_profit;net_income;total_assets;total_liabilities;equity;cfo;capex,L4_CACHE_PRESENT,PARTIAL_PROVISIONAL_DATA,provisional structured data only; missing values were not zero-filled
EVS,False,False,False,False,True,0,revenue;gross_profit;net_income;total_assets;total_liabilities;equity;cfo;capex,L4_CACHE_PRESENT,PARTIAL_PROVISIONAL_DATA,provisional structured data only; missing values were not zero-filled
F88,False,False,False,False,False,0,revenue;gross_profit;net_income;total_assets;total_liabilities;equity;cfo;capex,L4_CACHE_PRESENT,INSUFFICIENT_DATA,provisional structured data only; missing values were not zero-filled
FBA,False,False,False,False,False,0,revenue;gross_profit;net_income;total_assets;total_liabilities;equity;cfo;capex,L4_CACHE_PRESENT,INSUFFICIENT_DATA,provisional structured data only; missing values were not zero-filled
FBC,False,False,False,False,False,0,revenue;gross_profit;net_income;total_assets;total_liabilities;equity;cfo;capex,L4_CACHE_PRESENT,INSUFFICIENT_DATA,provisional structured data only; missing values were not zero-filled
FCC,False,False,False,False,False,0,revenue;gross_profit;net_income;total_assets;total_liabilities;equity;cfo;capex,L4_CACHE_PRESENT,INSUFFICIENT_DATA,provisional structured data only; missing values were not zero-filled
FCM,False,False,False,False,True,0,revenue;gross_profit;net_income;total_assets;total_liabilities;equity;cfo;capex,L4_CACHE_PRESENT,PARTIAL_PROVISIONAL_DATA,provisional structured data only; missing values were not zero-filled
FCN,False,False,False,False,True,0,revenue;gross_profit;net_income;total_assets;total_liabilities;equity;cfo;capex,L4_CACHE_PRESENT,PARTIAL_PROVISIONAL_DATA,provisional structured data only; missing values were not zero-filled
FCS,False,False,False,False,False,0,revenue;gross_profit;net_income;total_assets;total_liabilities;equity;cfo;capex,L4_CACHE_PRESENT,INSUFFICIENT_DATA,provisional structured data only; missing values were not zero-filled
FDC,False,False,False,False,True,0,revenue;gross_profit;net_income;total_assets;total_liabilities;equity;cfo;capex,L4_CACHE_PRESENT,PARTIAL_PROVISIONAL_DATA,provisional structured data only; missing values were not zero-filled
FDG,False,False,False,False,True,0,revenue;gross_profit;net_income;total_assets;total_liabilities;equity;cfo;capex,L4_CACHE_PRESENT,PARTIAL_PROVISIONAL_DATA,provisional structured data only; missing values were not zero-filled
FGL,False,False,False,False,False,0,revenue;gross_profit;net_income;total_assets;total_liabilities;equity;cfo;capex,L4_CACHE_PRESENT,INSUFFICIENT_DATA,provisional structured data only; missing values were not zero-filled
FHN,False,False,False,False,False,0,revenue;gross_profit;net_income;total_assets;total_liabilities;equity;cfo;capex,L4_CACHE_PRESENT,INSUFFICIENT_DATA,provisional structured data only; missing values were not zero-filled
FHS,False,False,False,False,True,0,revenue;gross_profit;net_income;total_assets;total_liabilities;equity;cfo;capex,L4_CACHE_PRESENT,PARTIAL_PROVISIONAL_DATA,provisional structured data only; missing values were not zero-filled
FIC,False,False,False,False,True,0,revenue;gross_profit;net_income;total_assets;total_liabilities;equity;cfo;capex,L4_CACHE_PRESENT,PARTIAL_PROVISIONAL_DATA,provisional structured data only; missing values were not zero-filled
FID,False,False,False,False,True,0,revenue;gross_profit;net_income;total_assets;total_liabilities;equity;cfo;capex,L4_CACHE_PRESENT,PARTIAL_PROVISIONAL_DATA,provisional structured data only; missing values were not zero-filled
FIR,False,False,False,False,True,0,revenue;gross_profit;net_income;total_assets;total_liabilities;equity;cfo;capex,L4_CACHE_PRESENT,PARTIAL_PROVISIONAL_DATA,provisional structured data only; missing values were not zero-filled
FIT,False,False,False,True,True,0,revenue;gross_profit;net_income;total_assets;total_liabilities;equity;cfo;capex,L4_CACHE_PRESENT,PARTIAL_PROVISIONAL_DATA,provisional structured data only; missing values were not zero-filled
FLC,False,False,False,False,False,0,revenue;gross_profit;net_income;total_assets;total_liabilities;equity;cfo;capex,L4_CACHE_PRESENT,INSUFFICIENT_DATA,provisional structured data only; missing values were not zero-filled
FMC,False,False,False,False,True,0,revenue;gross_profit;net_income;total_assets;total_liabilities;equity;cfo;capex,L4_CACHE_PRESENT,PARTIAL_PROVISIONAL_DATA,provisional structured data only; missing values were not zero-filled
FOC,False,False,False,False,True,0,revenue;gross_profit;net_income;total_assets;total_liabilities;equity;cfo;capex,L4_CACHE_PRESENT,PARTIAL_PROVISIONAL_DATA,provisional structured data only; missing values were not zero-filled
FOX,False,False,False,False,True,0,revenue;gross_profit;net_income;total_assets;total_liabilities;equity;cfo;capex,L4_CACHE_PRESENT,PARTIAL_PROVISIONAL_DATA,provisional structured data only; missing values were not zero-filled
FPT,False,False,False,False,True,0,revenue;gross_profit;net_income;total_assets;total_liabilities;equity;cfo;capex,L4_CACHE_PRESENT,PARTIAL_PROVISIONAL_DATA,provisional structured data only; missing values were not zero-filled
FRC,False,False,False,False,True,0,revenue;gross_profit;net_income;total_assets;total_liabilities;equity;cfo;capex,L4_CACHE_PRESENT,PARTIAL_PROVISIONAL_DATA,provisional structured data only; missing values were not zero-filled
FRM,False,False,False,False,True,0,revenue;gross_profit;net_income;total_assets;total_liabilities;equity;cfo;capex,L4_CACHE_PRESENT,PARTIAL_PROVISIONAL_DATA,provisional structured data only; missing values were not zero-filled
FRT,False,False,False,False,True,0,revenue;gross_profit;net_income;total_assets;total_liabilities;equity;cfo;capex,L4_CACHE_PRESENT,PARTIAL_PROVISIONAL_DATA,provisional structured data only; missing values were not zero-filled
FSO,False,False,False,False,True,0,revenue;gross_profit;net_income;total_assets;total_liabilities;equity;cfo;capex,L4_CACHE_PRESENT,PARTIAL_PROVISIONAL_DATA,provisional structured data only; missing values were not zero-filled
FT1,False,False,False,False,True,0,revenue;gross_profit;net_income;total_assets;total_liabilities;equity;cfo;capex,L4_CACHE_PRESENT,PARTIAL_PROVISIONAL_DATA,provisional structured data only; missing values were not zero-filled
FTI,False,False,False,False,False,0,revenue;gross_profit;net_income;total_assets;total_liabilities;equity;cfo;capex,L4_CACHE_PRESENT,INSUFFICIENT_DATA,provisional structured data only; missing values were not zero-filled
FTM,False,False,False,False,True,0,revenue;gross_profit;net_income;total_assets;total_liabilities;equity;cfo;capex,L4_CACHE_PRESENT,PARTIAL_PROVISIONAL_DATA,provisional structured data only; missing values were not zero-filled
FTS,False,False,False,False,True,0,revenue;gross_profit;net_income;total_assets;total_liabilities;equity;cfo;capex,L4_CACHE_PRESENT,PARTIAL_PROVISIONAL_DATA,provisional structured data only; missing values were not zero-filled
G20,False,False,False,False,True,0,revenue;gross_profit;net_income;total_assets;total_liabilities;equity;cfo;capex,L4_CACHE_PRESENT,PARTIAL_PROVISIONAL_DATA,provisional structured data only; missing values were not zero-filled
G36,False,False,False,False,True,0,revenue;gross_profit;net_income;total_assets;total_liabilities;equity;cfo;capex,L4_CACHE_PRESENT,PARTIAL_PROVISIONAL_DATA,provisional structured data only; missing values were not zero-filled
GAB,False,False,False,False,False,0,revenue;gross_profit;net_income;total_assets;total_liabilities;equity;cfo;capex,L4_CACHE_PRESENT,INSUFFICIENT_DATA,provisional structured data only; missing values were not zero-filled
GAS,False,False,False,False,True,0,revenue;gross_profit;net_income;total_assets;total_liabilities;equity;cfo;capex,L4_CACHE_PRESENT,PARTIAL_PROVISIONAL_DATA,provisional structured data only; missing values were not zero-filled
GCB,False,False,False,False,True,0,revenue;gross_profit;net_income;total_assets;total_liabilities;equity;cfo;capex,L4_CACHE_PRESENT,PARTIAL_PROVISIONAL_DATA,provisional structured data only; missing values were not zero-filled
GCF,False,False,False,False,True,0,revenue;gross_profit;net_income;total_assets;total_liabilities;equity;cfo;capex,L4_CACHE_PRESENT,PARTIAL_PROVISIONAL_DATA,provisional structured data only; missing values were not zero-filled
GDA,False,False,False,False,True,0,revenue;gross_profit;net_income;total_assets;total_liabilities;equity;cfo;capex,L4_CACHE_PRESENT,PARTIAL_PROVISIONAL_DATA,provisional structured data only; missing values were not zero-filled
GDH,False,False,False,False,False,0,revenue;gross_profit;net_income;total_assets;total_liabilities;equity;cfo;capex,L4_CACHE_PRESENT,INSUFFICIENT_DATA,provisional structured data only; missing values were not zero-filled
GDT,False,False,False,False,True,0,revenue;gross_profit;net_income;total_assets;total_liabilities;equity;cfo;capex,L4_CACHE_PRESENT,PARTIAL_PROVISIONAL_DATA,provisional structured data only; missing values were not zero-filled
GDW,False,False,False,False,False,0,revenue;gross_profit;net_income;total_assets;total_liabilities;equity;cfo;capex,L4_CACHE_PRESENT,INSUFFICIENT_DATA,provisional structured data only; missing values were not zero-filled
GE2,False,False,False,False,True,0,revenue;gross_profit;net_income;total_assets;total_liabilities;equity;cfo;capex,L4_CACHE_PRESENT,PARTIAL_PROVISIONAL_DATA,provisional structured data only; missing values were not zero-filled
GEE,False,False,False,False,True,0,revenue;gross_profit;net_income;total_assets;total_liabilities;equity;cfo;capex,L4_CACHE_PRESENT,PARTIAL_PROVISIONAL_DATA,provisional structured data only; missing values were not zero-filled
GEG,False,False,False,False,True,0,revenue;gross_profit;net_income;total_assets;total_liabilities;equity;cfo;capex,L4_CACHE_PRESENT,PARTIAL_PROVISIONAL_DATA,provisional structured data only; missing values were not zero-filled
GEL,False,False,False,False,False,0,revenue;gross_profit;net_income;total_assets;total_liabilities;equity;cfo;capex,L4_CACHE_PRESENT,INSUFFICIENT_DATA,provisional structured data only; missing values were not zero-filled
GER,False,False,False,False,False,0,revenue;gross_profit;net_income;total_assets;total_liabilities;equity;cfo;capex,L4_CACHE_PRESENT,INSUFFICIENT_DATA,provisional structured data only; missing values were not zero-filled
GEX,False,False,False,False,True,0,revenue;gross_profit;net_income;total_assets;total_liabilities;equity;cfo;capex,L4_CACHE_PRESENT,PARTIAL_PROVISIONAL_DATA,provisional structured data only; missing values were not zero-filled
GGG,False,False,False,False,True,0,revenue;gross_profit;net_income;total_assets;total_liabilities;equity;cfo;capex,L4_CACHE_PRESENT,PARTIAL_PROVISIONAL_DATA,provisional structured data only; missing values were not zero-filled
GH3,False,False,False,False,False,0,revenue;gross_profit;net_income;total_assets;total_liabilities;equity;cfo;capex,L4_CACHE_PRESENT,INSUFFICIENT_DATA,provisional structured data only; missing values were not zero-filled
GHC,False,False,False,False,True,0,revenue;gross_profit;net_income;total_assets;total_liabilities;equity;cfo;capex,L4_CACHE_PRESENT,PARTIAL_PROVISIONAL_DATA,provisional structured data only; missing values were not zero-filled
GIC,False,False,False,False,True,0,revenue;gross_profit;net_income;total_assets;total_liabilities;equity;cfo;capex,L4_CACHE_PRESENT,PARTIAL_PROVISIONAL_DATA,provisional structured data only; missing values were not zero-filled
GIL,False,False,False,True,True,0,revenue;gross_profit;net_income;total_assets;total_liabilities;equity;cfo;capex,L4_CACHE_PRESENT,PARTIAL_PROVISIONAL_DATA,provisional structured data only; missing values were not zero-filled
GKM,False,False,False,False,True,0,revenue;gross_profit;net_income;total_assets;total_liabilities;equity;cfo;capex,L4_CACHE_PRESENT,PARTIAL_PROVISIONAL_DATA,provisional structured data only; missing values were not zero-filled
GLC,False,False,False,False,False,0,revenue;gross_profit;net_income;total_assets;total_liabilities;equity;cfo;capex,L4_CACHE_PRESENT,INSUFFICIENT_DATA,provisional structured data only; missing values were not zero-filled
GLT,False,False,False,False,True,0,revenue;gross_profit;net_income;total_assets;total_liabilities;equity;cfo;capex,L4_CACHE_PRESENT,PARTIAL_PROVISIONAL_DATA,provisional structured data only; missing values were not zero-filled
GLW,False,False,False,False,False,0,revenue;gross_profit;net_income;total_assets;total_liabilities;equity;cfo;capex,L4_CACHE_PRESENT,INSUFFICIENT_DATA,provisional structured data only; missing values were not zero-filled
GMA,False,False,False,False,False,0,revenue;gross_profit;net_income;total_assets;total_liabilities;equity;cfo;capex,L4_CACHE_PRESENT,INSUFFICIENT_DATA,provisional structured data only; missing values were not zero-filled
GMC,False,False,False,False,True,0,revenue;gross_profit;net_income;total_assets;total_liabilities;equity;cfo;capex,L4_CACHE_PRESENT,PARTIAL_PROVISIONAL_DATA,provisional structured data only; missing values were not zero-filled
GMD,False,False,False,False,True,0,revenue;gross_profit;net_income;total_assets;total_liabilities;equity;cfo;capex,L4_CACHE_PRESENT,PARTIAL_PROVISIONAL_DATA,provisional structured data only; missing values were not zero-filled
GMH,False,False,False,False,True,0,revenue;gross_profit;net_income;total_assets;total_liabilities;equity;cfo;capex,L4_CACHE_PRESENT,PARTIAL_PROVISIONAL_DATA,provisional structured data only; missing values were not zero-filled
GMX,False,False,False,False,True,0,revenue;gross_profit;net_income;total_assets;total_liabilities;equity;cfo;capex,L4_CACHE_PRESENT,PARTIAL_PROVISIONAL_DATA,provisional structured data only; missing values were not zero-filled
GND,False,False,False,False,True,0,revenue;gross_profit;net_income;total_assets;total_liabilities;equity;cfo;capex,L4_CACHE_PRESENT,PARTIAL_PROVISIONAL_DATA,provisional structured data only; missing values were not zero-filled
GPC,False,False,False,False,True,0,revenue;gross_profit;net_income;total_assets;total_liabilities;equity;cfo;capex,L4_CACHE_PRESENT,PARTIAL_PROVISIONAL_DATA,provisional structured data only; missing values were not zero-filled
GQN,False,False,False,False,False,0,revenue;gross_profit;net_income;total_assets;total_liabilities;equity;cfo;capex,L4_CACHE_PRESENT,INSUFFICIENT_DATA,provisional structured data only; missing values were not zero-filled
GSM,False,False,False,False,True,0,revenue;gross_profit;net_income;total_assets;total_liabilities;equity;cfo;capex,L4_CACHE_PRESENT,PARTIAL_PROVISIONAL_DATA,provisional structured data only; missing values were not zero-filled
GSP,False,False,False,False,True,0,revenue;gross_profit;net_income;total_assets;total_liabilities;equity;cfo;capex,L4_CACHE_PRESENT,PARTIAL_PROVISIONAL_DATA,provisional structured data only; missing values were not zero-filled
GTA,False,False,False,False,True,0,revenue;gross_profit;net_income;total_assets;total_liabilities;equity;cfo;capex,L4_CACHE_PRESENT,PARTIAL_PROVISIONAL_DATA,provisional structured data only; missing values were not zero-filled
GTD,False,False,False,False,False,0,revenue;gross_profit;net_income;total_assets;total_liabilities;equity;cfo;capex,L4_CACHE_PRESENT,INSUFFICIENT_DATA,provisional structured data only; missing values were not zero-filled
GTH,False,False,False,False,True,0,revenue;gross_profit;net_income;total_assets;total_liabilities;equity;cfo;capex,L4_CACHE_PRESENT,PARTIAL_PROVISIONAL_DATA,provisional structured data only; missing values were not zero-filled
GTK,False,False,False,False,False,0,revenue;gross_profit;net_income;total_assets;total_liabilities;equity;cfo;capex,L4_CACHE_PRESENT,INSUFFICIENT_DATA,provisional structured data only; missing values were not zero-filled
GTS,False,False,False,False,True,0,revenue;gross_profit;net_income;total_assets;total_liabilities;equity;cfo;capex,L4_CACHE_PRESENT,PARTIAL_PROVISIONAL_DATA,provisional structured data only; missing values were not zero-filled
GTT,False,False,False,False,False,0,revenue;gross_profit;net_income;total_assets;total_liabilities;equity;cfo;capex,L4_CACHE_PRESENT,INSUFFICIENT_DATA,provisional structured data only; missing values were not zero-filled
GVR,False,False,False,False,True,0,revenue;gross_profit;net_income;total_assets;total_liabilities;equity;cfo;capex,L4_CACHE_PRESENT,PARTIAL_PROVISIONAL_DATA,provisional structured data only; missing values were not zero-filled
GVT,False,False,False,False,True,0,revenue;gross_profit;net_income;total_assets;total_liabilities;equity;cfo;capex,L4_CACHE_PRESENT,PARTIAL_PROVISIONAL_DATA,provisional structured data only; missing values were not zero-filled
H11,False,False,False,False,True,0,revenue;gross_profit;net_income;total_assets;total_liabilities;equity;cfo;capex,L4_CACHE_PRESENT,PARTIAL_PROVISIONAL_DATA,provisional structured data only; missing values were not zero-filled
HAB,False,False,False,False,False,0,revenue;gross_profit;net_income;total_assets;total_liabilities;equity;cfo;capex,L4_CACHE_PRESENT,INSUFFICIENT_DATA,provisional structured data only; missing values were not zero-filled
HAC,False,False,False,False,True,0,revenue;gross_profit;net_income;total_assets;total_liabilities;equity;cfo;capex,L4_CACHE_PRESENT,PARTIAL_PROVISIONAL_DATA,provisional structured data only; missing values were not zero-filled
HAD,False,False,False,False,True,0,revenue;gross_profit;net_income;total_assets;total_liabilities;equity;cfo;capex,L4_CACHE_PRESENT,PARTIAL_PROVISIONAL_DATA,provisional structured data only; missing values were not zero-filled
HAF,False,False,False,False,True,0,revenue;gross_profit;net_income;total_assets;total_liabilities;equity;cfo;capex,L4_CACHE_PRESENT,PARTIAL_PROVISIONAL_DATA,provisional structured data only; missing values were not zero-filled
HAG,False,False,False,False,True,0,revenue;gross_profit;net_income;total_assets;total_liabilities;equity;cfo;capex,L4_CACHE_PRESENT,PARTIAL_PROVISIONAL_DATA,provisional structured data only; missing values were not zero-filled
HAH,False,False,False,False,True,0,revenue;gross_profit;net_income;total_assets;total_liabilities;equity;cfo;capex,L4_CACHE_PRESENT,PARTIAL_PROVISIONAL_DATA,provisional structured data only; missing values were not zero-filled
HAI,False,False,False,False,False,0,revenue;gross_profit;net_income;total_assets;total_liabilities;equity;cfo;capex,L4_CACHE_PRESENT,INSUFFICIENT_DATA,provisional structured data only; missing values were not zero-filled
HAM,False,False,False,False,True,0,revenue;gross_profit;net_income;total_assets;total_liabilities;equity;cfo;capex,L4_CACHE_PRESENT,PARTIAL_PROVISIONAL_DATA,provisional structured data only; missing values were not zero-filled
HAN,False,False,False,False,True,0,revenue;gross_profit;net_income;total_assets;total_liabilities;equity;cfo;capex,L4_CACHE_PRESENT,PARTIAL_PROVISIONAL_DATA,provisional structured data only; missing values were not zero-filled
HAP,False,False,False,False,True,0,revenue;gross_profit;net_income;total_assets;total_liabilities;equity;cfo;capex,L4_CACHE_PRESENT,PARTIAL_PROVISIONAL_DATA,provisional structured data only; missing values were not zero-filled
HAR,False,False,False,False,True,0,revenue;gross_profit;net_income;total_assets;total_liabilities;equity;cfo;capex,L4_CACHE_PRESENT,PARTIAL_PROVISIONAL_DATA,provisional structured data only; missing values were not zero-filled
HAS,False,False,False,False,True,0,revenue;gross_profit;net_income;total_assets;total_liabilities;equity;cfo;capex,L4_CACHE_PRESENT,PARTIAL_PROVISIONAL_DATA,provisional structured data only; missing values were not zero-filled
HAT,False,False,False,False,True,0,revenue;gross_profit;net_income;total_assets;total_liabilities;equity;cfo;capex,L4_CACHE_PRESENT,PARTIAL_PROVISIONAL_DATA,provisional structured data only; missing values were not zero-filled
HAV,False,False,False,False,True,0,revenue;gross_profit;net_income;total_assets;total_liabilities;equity;cfo;capex,L4_CACHE_PRESENT,PARTIAL_PROVISIONAL_DATA,provisional structured data only; missing values were not zero-filled
HAW,False,False,False,False,False,0,revenue;gross_profit;net_income;total_assets;total_liabilities;equity;cfo;capex,L4_CACHE_PRESENT,INSUFFICIENT_DATA,provisional structured data only; missing values were not zero-filled
HAX,False,False,False,True,True,0,revenue;gross_profit;net_income;total_assets;total_liabilities;equity;cfo;capex,L4_CACHE_PRESENT,PARTIAL_PROVISIONAL_DATA,provisional structured data only; missing values were not zero-filled
HBC,False,False,False,False,True,0,revenue;gross_profit;net_income;total_assets;total_liabilities;equity;cfo;capex,L4_CACHE_PRESENT,PARTIAL_PROVISIONAL_DATA,provisional structured data only; missing values were not zero-filled
HBD,False,False,False,False,False,0,revenue;gross_profit;net_income;total_assets;total_liabilities;equity;cfo;capex,L4_CACHE_PRESENT,INSUFFICIENT_DATA,provisional structured data only; missing values were not zero-filled
HBH,False,False,False,False,True,0,revenue;gross_profit;net_income;total_assets;total_liabilities;equity;cfo;capex,L4_CACHE_PRESENT,PARTIAL_PROVISIONAL_DATA,provisional structured data only; missing values were not zero-filled
HBS,False,False,False,False,True,0,revenue;gross_profit;net_income;total_assets;total_liabilities;equity;cfo;capex,L4_CACHE_PRESENT,PARTIAL_PROVISIONAL_DATA,provisional structured data only; missing values were not zero-filled
HC1,False,False,False,False,True,0,revenue;gross_profit;net_income;total_assets;total_liabilities;equity;cfo;capex,L4_CACHE_PRESENT,PARTIAL_PROVISIONAL_DATA,provisional structured data only; missing values were not zero-filled
HC3,False,False,False,False,True,0,revenue;gross_profit;net_income;total_assets;total_liabilities;equity;cfo;capex,L4_CACHE_PRESENT,PARTIAL_PROVISIONAL_DATA,provisional structured data only; missing values were not zero-filled
HCB,False,False,False,False,True,0,revenue;gross_profit;net_income;total_assets;total_liabilities;equity;cfo;capex,L4_CACHE_PRESENT,PARTIAL_PROVISIONAL_DATA,provisional structured data only; missing values were not zero-filled
HCC,False,False,False,False,True,0,revenue;gross_profit;net_income;total_assets;total_liabilities;equity;cfo;capex,L4_CACHE_PRESENT,PARTIAL_PROVISIONAL_DATA,provisional structured data only; missing values were not zero-filled
HCD,False,False,False,False,True,0,revenue;gross_profit;net_income;total_assets;total_liabilities;equity;cfo;capex,L4_CACHE_PRESENT,PARTIAL_PROVISIONAL_DATA,provisional structured data only; missing values were not zero-filled
HCI,False,False,False,False,False,0,revenue;gross_profit;net_income;total_assets;total_liabilities;equity;cfo;capex,L4_CACHE_PRESENT,INSUFFICIENT_DATA,provisional structured data only; missing values were not zero-filled
HCM,False,False,False,True,True,0,revenue;gross_profit;net_income;total_assets;total_liabilities;equity;cfo;capex,L4_CACHE_PRESENT,PARTIAL_PROVISIONAL_DATA,provisional structured data only; missing values were not zero-filled
HCT,False,False,False,False,False,0,revenue;gross_profit;net_income;total_assets;total_liabilities;equity;cfo;capex,L4_CACHE_PRESENT,INSUFFICIENT_DATA,provisional structured data only; missing values were not zero-filled
HD2,False,False,False,False,True,0,revenue;gross_profit;net_income;total_assets;total_liabilities;equity;cfo;capex,L4_CACHE_PRESENT,PARTIAL_PROVISIONAL_DATA,provisional structured data only; missing values were not zero-filled
HD6,False,False,False,False,True,0,revenue;gross_profit;net_income;total_assets;total_liabilities;equity;cfo;capex,L4_CACHE_PRESENT,PARTIAL_PROVISIONAL_DATA,provisional structured data only; missing values were not zero-filled
HD8,False,False,False,False,True,0,revenue;gross_profit;net_income;total_assets;total_liabilities;equity;cfo;capex,L4_CACHE_PRESENT,PARTIAL_PROVISIONAL_DATA,provisional structured data only; missing values were not zero-filled
HDA,False,False,False,False,True,0,revenue;gross_profit;net_income;total_assets;total_liabilities;equity;cfo;capex,L4_CACHE_PRESENT,PARTIAL_PROVISIONAL_DATA,provisional structured data only; missing values were not zero-filled
HDB,False,False,False,False,True,0,revenue;gross_profit;net_income;total_assets;total_liabilities;equity;cfo;capex,L4_CACHE_PRESENT,PARTIAL_PROVISIONAL_DATA,provisional structured data only; missing values were not zero-filled
HDC,False,False,False,False,True,0,revenue;gross_profit;net_income;total_assets;total_liabilities;equity;cfo;capex,L4_CACHE_PRESENT,PARTIAL_PROVISIONAL_DATA,provisional structured data only; missing values were not zero-filled
HDG,False,False,False,False,True,0,revenue;gross_profit;net_income;total_assets;total_liabilities;equity;cfo;capex,L4_CACHE_PRESENT,PARTIAL_PROVISIONAL_DATA,provisional structured data only; missing values were not zero-filled
HDM,False,False,False,False,True,0,revenue;gross_profit;net_income;total_assets;total_liabilities;equity;cfo;capex,L4_CACHE_PRESENT,PARTIAL_PROVISIONAL_DATA,provisional structured data only; missing values were not zero-filled
HDO,False,False,False,False,False,0,revenue;gross_profit;net_income;total_assets;total_liabilities;equity;cfo;capex,L4_CACHE_PRESENT,INSUFFICIENT_DATA,provisional structured data only; missing values were not zero-filled
HDP,False,False,False,False,True,0,revenue;gross_profit;net_income;total_assets;total_liabilities;equity;cfo;capex,L4_CACHE_PRESENT,PARTIAL_PROVISIONAL_DATA,provisional structured data only; missing values were not zero-filled
HDS,False,False,False,False,False,0,revenue;gross_profit;net_income;total_assets;total_liabilities;equity;cfo;capex,L4_CACHE_PRESENT,INSUFFICIENT_DATA,provisional structured data only; missing values were not zero-filled
HDW,False,False,False,False,True,0,revenue;gross_profit;net_income;total_assets;total_liabilities;equity;cfo;capex,L4_CACHE_PRESENT,PARTIAL_PROVISIONAL_DATA,provisional structured data only; missing values were not zero-filled
HEC,False,False,False,False,True,0,revenue;gross_profit;net_income;total_assets;total_liabilities;equity;cfo;capex,L4_CACHE_PRESENT,PARTIAL_PROVISIONAL_DATA,provisional structured data only; missing values were not zero-filled
HEJ,False,False,False,False,True,0,revenue;gross_profit;net_income;total_assets;total_liabilities;equity;cfo;capex,L4_CACHE_PRESENT,PARTIAL_PROVISIONAL_DATA,provisional structured data only; missing values were not zero-filled
HEM,False,False,False,False,True,0,revenue;gross_profit;net_income;total_assets;total_liabilities;equity;cfo;capex,L4_CACHE_PRESENT,PARTIAL_PROVISIONAL_DATA,provisional structured data only; missing values were not zero-filled
HEP,False,False,False,False,True,0,revenue;gross_profit;net_income;total_assets;total_liabilities;equity;cfo;capex,L4_CACHE_PRESENT,PARTIAL_PROVISIONAL_DATA,provisional structured data only; missing values were not zero-filled
HES,False,False,False,False,False,0,revenue;gross_profit;net_income;total_assets;total_liabilities;equity;cfo;capex,L4_CACHE_PRESENT,INSUFFICIENT_DATA,provisional structured data only; missing values were not zero-filled
HEV,False,False,False,False,True,0,revenue;gross_profit;net_income;total_assets;total_liabilities;equity;cfo;capex,L4_CACHE_PRESENT,PARTIAL_PROVISIONAL_DATA,provisional structured data only; missing values were not zero-filled
HFB,False,False,False,False,True,0,revenue;gross_profit;net_income;total_assets;total_liabilities;equity;cfo;capex,L4_CACHE_PRESENT,PARTIAL_PROVISIONAL_DATA,provisional structured data only; missing values were not zero-filled
HFC,False,False,False,False,False,0,revenue;gross_profit;net_income;total_assets;total_liabilities;equity;cfo;capex,L4_CACHE_PRESENT,INSUFFICIENT_DATA,provisional structured data only; missing values were not zero-filled
HFX,False,False,False,False,False,0,revenue;gross_profit;net_income;total_assets;total_liabilities;equity;cfo;capex,L4_CACHE_PRESENT,INSUFFICIENT_DATA,provisional structured data only; missing values were not zero-filled
HGA,False,False,False,False,False,0,revenue;gross_profit;net_income;total_assets;total_liabilities;equity;cfo;capex,L4_CACHE_PRESENT,INSUFFICIENT_DATA,provisional structured data only; missing values were not zero-filled
HGC,False,False,False,False,False,0,revenue;gross_profit;net_income;total_assets;total_liabilities;equity;cfo;capex,L4_CACHE_PRESENT,INSUFFICIENT_DATA,provisional structured data only; missing values were not zero-filled
HGM,False,False,False,False,True,0,revenue;gross_profit;net_income;total_assets;total_liabilities;equity;cfo;capex,L4_CACHE_PRESENT,PARTIAL_PROVISIONAL_DATA,provisional structured data only; missing values were not zero-filled
HGR,False,False,False,False,False,0,revenue;gross_profit;net_income;total_assets;total_liabilities;equity;cfo;capex,L4_CACHE_PRESENT,INSUFFICIENT_DATA,provisional structured data only; missing values were not zero-filled
HGT,False,False,False,False,False,0,revenue;gross_profit;net_income;total_assets;total_liabilities;equity;cfo;capex,L4_CACHE_PRESENT,INSUFFICIENT_DATA,provisional structured data only; missing values were not zero-filled
HGW,False,False,False,False,True,0,revenue;gross_profit;net_income;total_assets;total_liabilities;equity;cfo;capex,L4_CACHE_PRESENT,PARTIAL_PROVISIONAL_DATA,provisional structured data only; missing values were not zero-filled
HHB,False,False,False,False,False,0,revenue;gross_profit;net_income;total_assets;total_liabilities;equity;cfo;capex,L4_CACHE_PRESENT,INSUFFICIENT_DATA,provisional structured data only; missing values were not zero-filled
HHC,False,False,False,False,True,0,revenue;gross_profit;net_income;total_assets;total_liabilities;equity;cfo;capex,L4_CACHE_PRESENT,PARTIAL_PROVISIONAL_DATA,provisional structured data only; missing values were not zero-filled
HHG,False,False,False,False,True,0,revenue;gross_profit;net_income;total_assets;total_liabilities;equity;cfo;capex,L4_CACHE_PRESENT,PARTIAL_PROVISIONAL_DATA,provisional structured data only; missing values were not zero-filled
HHN,False,False,False,False,False,0,revenue;gross_profit;net_income;total_assets;total_liabilities;equity;cfo;capex,L4_CACHE_PRESENT,INSUFFICIENT_DATA,provisional structured data only; missing values were not zero-filled
HHP,False,False,False,False,True,0,revenue;gross_profit;net_income;total_assets;total_liabilities;equity;cfo;capex,L4_CACHE_PRESENT,PARTIAL_PROVISIONAL_DATA,provisional structured data only; missing values were not zero-filled
HHR,False,False,False,False,False,0,revenue;gross_profit;net_income;total_assets;total_liabilities;equity;cfo;capex,L4_CACHE_PRESENT,INSUFFICIENT_DATA,provisional structured data only; missing values were not zero-filled
HHS,False,False,False,False,True,0,revenue;gross_profit;net_income;total_assets;total_liabilities;equity;cfo;capex,L4_CACHE_PRESENT,PARTIAL_PROVISIONAL_DATA,provisional structured data only; missing values were not zero-filled
HHV,False,False,False,False,True,0,revenue;gross_profit;net_income;total_assets;total_liabilities;equity;cfo;capex,L4_CACHE_PRESENT,PARTIAL_PROVISIONAL_DATA,provisional structured data only; missing values were not zero-filled
HID,False,False,False,False,True,0,revenue;gross_profit;net_income;total_assets;total_liabilities;equity;cfo;capex,L4_CACHE_PRESENT,PARTIAL_PROVISIONAL_DATA,provisional structured data only; missing values were not zero-filled
HIG,False,False,False,False,True,0,revenue;gross_profit;net_income;total_assets;total_liabilities;equity;cfo;capex,L4_CACHE_PRESENT,PARTIAL_PROVISIONAL_DATA,provisional structured data only; missing values were not zero-filled
HII,False,False,False,False,True,0,revenue;gross_profit;net_income;total_assets;total_liabilities;equity;cfo;capex,L4_CACHE_PRESENT,PARTIAL_PROVISIONAL_DATA,provisional structured data only; missing values were not zero-filled
HIO,False,False,False,False,False,0,revenue;gross_profit;net_income;total_assets;total_liabilities;equity;cfo;capex,L4_CACHE_PRESENT,INSUFFICIENT_DATA,provisional structured data only; missing values were not zero-filled
HJC,False,False,False,False,False,0,revenue;gross_profit;net_income;total_assets;total_liabilities;equity;cfo;capex,L4_CACHE_PRESENT,INSUFFICIENT_DATA,provisional structured data only; missing values were not zero-filled
HJS,False,False,False,False,True,0,revenue;gross_profit;net_income;total_assets;total_liabilities;equity;cfo;capex,L4_CACHE_PRESENT,PARTIAL_PROVISIONAL_DATA,provisional structured data only; missing values were not zero-filled
HKB,False,False,False,False,True,0,revenue;gross_profit;net_income;total_assets;total_liabilities;equity;cfo;capex,L4_CACHE_PRESENT,PARTIAL_PROVISIONAL_DATA,provisional structured data only; missing values were not zero-filled
HKP,False,False,False,False,False,0,revenue;gross_profit;net_income;total_assets;total_liabilities;equity;cfo;capex,L4_CACHE_PRESENT,INSUFFICIENT_DATA,provisional structured data only; missing values were not zero-filled
HKT,False,False,False,True,True,0,revenue;gross_profit;net_income;total_assets;total_liabilities;equity;cfo;capex,L4_CACHE_PRESENT,PARTIAL_PROVISIONAL_DATA,provisional structured data only; missing values were not zero-filled
HLA,False,False,False,False,False,0,revenue;gross_profit;net_income;total_assets;total_liabilities;equity;cfo;capex,L4_CACHE_PRESENT,INSUFFICIENT_DATA,provisional structured data only; missing values were not zero-filled
HLB,False,False,False,False,True,0,revenue;gross_profit;net_income;total_assets;total_liabilities;equity;cfo;capex,L4_CACHE_PRESENT,PARTIAL_PROVISIONAL_DATA,provisional structured data only; missing values were not zero-filled
HLC,False,False,False,False,True,0,revenue;gross_profit;net_income;total_assets;total_liabilities;equity;cfo;capex,L4_CACHE_PRESENT,PARTIAL_PROVISIONAL_DATA,provisional structured data only; missing values were not zero-filled
HLD,False,False,False,False,True,0,revenue;gross_profit;net_income;total_assets;total_liabilities;equity;cfo;capex,L4_CACHE_PRESENT,PARTIAL_PROVISIONAL_DATA,provisional structured data only; missing values were not zero-filled
HLE,False,False,False,False,False,0,revenue;gross_profit;net_income;total_assets;total_liabilities;equity;cfo;capex,L4_CACHE_PRESENT,INSUFFICIENT_DATA,provisional structured data only; missing values were not zero-filled
HLG,False,False,False,False,False,0,revenue;gross_profit;net_income;total_assets;total_liabilities;equity;cfo;capex,L4_CACHE_PRESENT,INSUFFICIENT_DATA,provisional structured data only; missing values were not zero-filled
HLO,False,False,False,False,False,0,revenue;gross_profit;net_income;total_assets;total_liabilities;equity;cfo;capex,L4_CACHE_PRESENT,INSUFFICIENT_DATA,provisional structured data only; missing values were not zero-filled
HLR,False,False,False,False,True,0,revenue;gross_profit;net_income;total_assets;total_liabilities;equity;cfo;capex,L4_CACHE_PRESENT,PARTIAL_PROVISIONAL_DATA,provisional structured data only; missing values were not zero-filled
HLS,False,False,False,False,False,0,revenue;gross_profit;net_income;total_assets;total_liabilities;equity;cfo;capex,L4_CACHE_PRESENT,INSUFFICIENT_DATA,provisional structured data only; missing values were not zero-filled
HLT,False,False,False,False,False,0,revenue;gross_profit;net_income;total_assets;total_liabilities;equity;cfo;capex,L4_CACHE_PRESENT,INSUFFICIENT_DATA,provisional structured data only; missing values were not zero-filled
HLY,False,False,False,False,True,0,revenue;gross_profit;net_income;total_assets;total_liabilities;equity;cfo;capex,L4_CACHE_PRESENT,PARTIAL_PROVISIONAL_DATA,provisional structured data only; missing values were not zero-filled
HMC,False,False,False,False,True,0,revenue;gross_profit;net_income;total_assets;total_liabilities;equity;cfo;capex,L4_CACHE_PRESENT,PARTIAL_PROVISIONAL_DATA,provisional structured data only; missing values were not zero-filled
HMD,False,False,False,False,False,0,revenue;gross_profit;net_income;total_assets;total_liabilities;equity;cfo;capex,L4_CACHE_PRESENT,INSUFFICIENT_DATA,provisional structured data only; missing values were not zero-filled
HMG,False,False,False,False,False,0,revenue;gross_profit;net_income;total_assets;total_liabilities;equity;cfo;capex,L4_CACHE_PRESENT,INSUFFICIENT_DATA,provisional structured data only; missing values were not zero-filled
HMH,False,False,False,False,True,0,revenue;gross_profit;net_income;total_assets;total_liabilities;equity;cfo;capex,L4_CACHE_PRESENT,PARTIAL_PROVISIONAL_DATA,provisional structured data only; missing values were not zero-filled
HMR,False,False,False,False,True,0,revenue;gross_profit;net_income;total_assets;total_liabilities;equity;cfo;capex,L4_CACHE_PRESENT,PARTIAL_PROVISIONAL_DATA,provisional structured data only; missing values were not zero-filled
HMS,False,False,False,False,True,0,revenue;gross_profit;net_income;total_assets;total_liabilities;equity;cfo;capex,L4_CACHE_PRESENT,PARTIAL_PROVISIONAL_DATA,provisional structured data only; missing values were not zero-filled
HNA,False,False,False,False,True,0,revenue;gross_profit;net_income;total_assets;total_liabilities;equity;cfo;capex,L4_CACHE_PRESENT,PARTIAL_PROVISIONAL_DATA,provisional structured data only; missing values were not zero-filled
HNB,False,False,False,False,True,0,revenue;gross_profit;net_income;total_assets;total_liabilities;equity;cfo;capex,L4_CACHE_PRESENT,PARTIAL_PROVISIONAL_DATA,provisional structured data only; missing values were not zero-filled
HND,False,False,False,False,True,0,revenue;gross_profit;net_income;total_assets;total_liabilities;equity;cfo;capex,L4_CACHE_PRESENT,PARTIAL_PROVISIONAL_DATA,provisional structured data only; missing values were not zero-filled
HNE,False,False,False,True,True,0,revenue;gross_profit;net_income;total_assets;total_liabilities;equity;cfo;capex,L4_CACHE_PRESENT,PARTIAL_PROVISIONAL_DATA,provisional structured data only; missing values were not zero-filled
HNF,False,False,False,False,True,0,revenue;gross_profit;net_income;total_assets;total_liabilities;equity;cfo;capex,L4_CACHE_PRESENT,PARTIAL_PROVISIONAL_DATA,provisional structured data only; missing values were not zero-filled
HNG,False,False,False,False,True,0,revenue;gross_profit;net_income;total_assets;total_liabilities;equity;cfo;capex,L4_CACHE_PRESENT,PARTIAL_PROVISIONAL_DATA,provisional structured data only; missing values were not zero-filled
HNI,False,False,False,False,True,0,revenue;gross_profit;net_income;total_assets;total_liabilities;equity;cfo;capex,L4_CACHE_PRESENT,PARTIAL_PROVISIONAL_DATA,provisional structured data only; missing values were not zero-filled
HNM,False,False,False,False,True,0,revenue;gross_profit;net_income;total_assets;total_liabilities;equity;cfo;capex,L4_CACHE_PRESENT,PARTIAL_PROVISIONAL_DATA,provisional structured data only; missing values were not zero-filled
HNP,False,False,False,False,False,0,revenue;gross_profit;net_income;total_assets;total_liabilities;equity;cfo;capex,L4_CACHE_PRESENT,INSUFFICIENT_DATA,provisional structured data only; missing values were not zero-filled
HNR,False,False,False,False,False,0,revenue;gross_profit;net_income;total_assets;total_liabilities;equity;cfo;capex,L4_CACHE_PRESENT,INSUFFICIENT_DATA,provisional structured data only; missing values were not zero-filled
HNT,False,False,False,False,True,0,revenue;gross_profit;net_income;total_assets;total_liabilities;equity;cfo;capex,L4_CACHE_PRESENT,PARTIAL_PROVISIONAL_DATA,provisional structured data only; missing values were not zero-filled
HOM,False,False,False,False,True,0,revenue;gross_profit;net_income;total_assets;total_liabilities;equity;cfo;capex,L4_CACHE_PRESENT,PARTIAL_PROVISIONAL_DATA,provisional structured data only; missing values were not zero-filled
HOT,False,False,False,False,True,0,revenue;gross_profit;net_income;total_assets;total_liabilities;equity;cfo;capex,L4_CACHE_PRESENT,PARTIAL_PROVISIONAL_DATA,provisional structured data only; missing values were not zero-filled
HPA,False,False,False,False,False,0,revenue;gross_profit;net_income;total_assets;total_liabilities;equity;cfo;capex,L4_CACHE_PRESENT,INSUFFICIENT_DATA,provisional structured data only; missing values were not zero-filled
HPB,False,False,False,False,True,0,revenue;gross_profit;net_income;total_assets;total_liabilities;equity;cfo;capex,L4_CACHE_PRESENT,PARTIAL_PROVISIONAL_DATA,provisional structured data only; missing values were not zero-filled
HPD,False,False,False,False,True,0,revenue;gross_profit;net_income;total_assets;total_liabilities;equity;cfo;capex,L4_CACHE_PRESENT,PARTIAL_PROVISIONAL_DATA,provisional structured data only; missing values were not zero-filled
HPG,False,False,False,False,True,0,revenue;gross_profit;net_income;total_assets;total_liabilities;equity;cfo;capex,L4_CACHE_PRESENT,PARTIAL_PROVISIONAL_DATA,provisional structured data only; missing values were not zero-filled
HPH,False,False,False,False,False,0,revenue;gross_profit;net_income;total_assets;total_liabilities;equity;cfo;capex,L4_CACHE_PRESENT,INSUFFICIENT_DATA,provisional structured data only; missing values were not zero-filled
HPI,False,False,False,False,False,0,revenue;gross_profit;net_income;total_assets;total_liabilities;equity;cfo;capex,L4_CACHE_PRESENT,INSUFFICIENT_DATA,provisional structured data only; missing values were not zero-filled
HPM,False,False,False,False,True,0,revenue;gross_profit;net_income;total_assets;total_liabilities;equity;cfo;capex,L4_CACHE_PRESENT,PARTIAL_PROVISIONAL_DATA,provisional structured data only; missing values were not zero-filled
HPO,False,False,False,False,False,0,revenue;gross_profit;net_income;total_assets;total_liabilities;equity;cfo;capex,L4_CACHE_PRESENT,INSUFFICIENT_DATA,provisional structured data only; missing values were not zero-filled
HPP,False,False,False,False,True,0,revenue;gross_profit;net_income;total_assets;total_liabilities;equity;cfo;capex,L4_CACHE_PRESENT,PARTIAL_PROVISIONAL_DATA,provisional structured data only; missing values were not zero-filled
HPT,False,False,False,False,True,0,revenue;gross_profit;net_income;total_assets;total_liabilities;equity;cfo;capex,L4_CACHE_PRESENT,PARTIAL_PROVISIONAL_DATA,provisional structured data only; missing values were not zero-filled
HPW,False,False,False,False,True,0,revenue;gross_profit;net_income;total_assets;total_liabilities;equity;cfo;capex,L4_CACHE_PRESENT,PARTIAL_PROVISIONAL_DATA,provisional structured data only; missing values were not zero-filled
HPX,False,False,False,False,True,0,revenue;gross_profit;net_income;total_assets;total_liabilities;equity;cfo;capex,L4_CACHE_PRESENT,PARTIAL_PROVISIONAL_DATA,provisional structured data only; missing values were not zero-filled
HQC,False,False,False,False,True,0,revenue;gross_profit;net_income;total_assets;total_liabilities;equity;cfo;capex,L4_CACHE_PRESENT,PARTIAL_PROVISIONAL_DATA,provisional structured data only; missing values were not zero-filled
HRB,False,False,False,False,False,0,revenue;gross_profit;net_income;total_assets;total_liabilities;equity;cfo;capex,L4_CACHE_PRESENT,INSUFFICIENT_DATA,provisional structured data only; missing values were not zero-filled
HRC,False,False,False,True,True,0,revenue;gross_profit;net_income;total_assets;total_liabilities;equity;cfo;capex,L4_CACHE_PRESENT,PARTIAL_PROVISIONAL_DATA,provisional structured data only; missing values were not zero-filled
HRT,False,False,False,True,True,0,revenue;gross_profit;net_income;total_assets;total_liabilities;equity;cfo;capex,L4_CACHE_PRESENT,PARTIAL_PROVISIONAL_DATA,provisional structured data only; missing values were not zero-filled
HSA,False,False,False,False,False,0,revenue;gross_profit;net_income;total_assets;total_liabilities;equity;cfo;capex,L4_CACHE_PRESENT,INSUFFICIENT_DATA,provisional structured data only; missing values were not zero-filled
HSG,False,False,False,False,True,0,revenue;gross_profit;net_income;total_assets;total_liabilities;equity;cfo;capex,L4_CACHE_PRESENT,PARTIAL_PROVISIONAL_DATA,provisional structured data only; missing values were not zero-filled
HSI,False,False,False,False,True,0,revenue;gross_profit;net_income;total_assets;total_liabilities;equity;cfo;capex,L4_CACHE_PRESENT,PARTIAL_PROVISIONAL_DATA,provisional structured data only; missing values were not zero-filled
HSL,False,False,False,True,True,0,revenue;gross_profit;net_income;total_assets;total_liabilities;equity;cfo;capex,L4_CACHE_PRESENT,PARTIAL_PROVISIONAL_DATA,provisional structured data only; missing values were not zero-filled
HSM,False,False,False,False,True,0,revenue;gross_profit;net_income;total_assets;total_liabilities;equity;cfo;capex,L4_CACHE_PRESENT,PARTIAL_PROVISIONAL_DATA,provisional structured data only; missing values were not zero-filled
HSP,False,False,False,False,True,0,revenue;gross_profit;net_income;total_assets;total_liabilities;equity;cfo;capex,L4_CACHE_PRESENT,PARTIAL_PROVISIONAL_DATA,provisional structured data only; missing values were not zero-filled
HSV,False,False,False,False,True,0,revenue;gross_profit;net_income;total_assets;total_liabilities;equity;cfo;capex,L4_CACHE_PRESENT,PARTIAL_PROVISIONAL_DATA,provisional structured data only; missing values were not zero-filled
HT1,False,False,False,False,True,0,revenue;gross_profit;net_income;total_assets;total_liabilities;equity;cfo;capex,L4_CACHE_PRESENT,PARTIAL_PROVISIONAL_DATA,provisional structured data only; missing values were not zero-filled
HTC,False,False,False,False,True,0,revenue;gross_profit;net_income;total_assets;total_liabilities;equity;cfo;capex,L4_CACHE_PRESENT,PARTIAL_PROVISIONAL_DATA,provisional structured data only; missing values were not zero-filled
HTE,False,False,False,False,True,0,revenue;gross_profit;net_income;total_assets;total_liabilities;equity;cfo;capex,L4_CACHE_PRESENT,PARTIAL_PROVISIONAL_DATA,provisional structured data only; missing values were not zero-filled
HTG,False,False,False,False,True,0,revenue;gross_profit;net_income;total_assets;total_liabilities;equity;cfo;capex,L4_CACHE_PRESENT,PARTIAL_PROVISIONAL_DATA,provisional structured data only; missing values were not zero-filled
HTH,False,False,False,False,False,0,revenue;gross_profit;net_income;total_assets;total_liabilities;equity;cfo;capex,L4_CACHE_PRESENT,INSUFFICIENT_DATA,provisional structured data only; missing values were not zero-filled
HTI,False,False,False,False,True,0,revenue;gross_profit;net_income;total_assets;total_liabilities;equity;cfo;capex,L4_CACHE_PRESENT,PARTIAL_PROVISIONAL_DATA,provisional structured data only; missing values were not zero-filled
HTK,False,False,False,False,False,0,revenue;gross_profit;net_income;total_assets;total_liabilities;equity;cfo;capex,L4_CACHE_PRESENT,INSUFFICIENT_DATA,provisional structured data only; missing values were not zero-filled
HTL,False,False,False,False,True,0,revenue;gross_profit;net_income;total_assets;total_liabilities;equity;cfo;capex,L4_CACHE_PRESENT,PARTIAL_PROVISIONAL_DATA,provisional structured data only; missing values were not zero-filled
HTM,False,False,False,False,True,0,revenue;gross_profit;net_income;total_assets;total_liabilities;equity;cfo;capex,L4_CACHE_PRESENT,PARTIAL_PROVISIONAL_DATA,provisional structured data only; missing values were not zero-filled
HTN,False,False,False,False,True,0,revenue;gross_profit;net_income;total_assets;total_liabilities;equity;cfo;capex,L4_CACHE_PRESENT,PARTIAL_PROVISIONAL_DATA,provisional structured data only; missing values were not zero-filled
HTP,False,False,False,False,True,0,revenue;gross_profit;net_income;total_assets;total_liabilities;equity;cfo;capex,L4_CACHE_PRESENT,PARTIAL_PROVISIONAL_DATA,provisional structured data only; missing values were not zero-filled
HTR,False,False,False,False,True,0,revenue;gross_profit;net_income;total_assets;total_liabilities;equity;cfo;capex,L4_CACHE_PRESENT,PARTIAL_PROVISIONAL_DATA,provisional structured data only; missing values were not zero-filled
HTT,False,False,False,False,True,0,revenue;gross_profit;net_income;total_assets;total_liabilities;equity;cfo;capex,L4_CACHE_PRESENT,PARTIAL_PROVISIONAL_DATA,provisional structured data only; missing values were not zero-filled
HTV,False,False,False,False,True,0,revenue;gross_profit;net_income;total_assets;total_liabilities;equity;cfo;capex,L4_CACHE_PRESENT,PARTIAL_PROVISIONAL_DATA,provisional structured data only; missing values were not zero-filled
HTW,False,False,False,False,False,0,revenue;gross_profit;net_income;total_assets;total_liabilities;equity;cfo;capex,L4_CACHE_PRESENT,INSUFFICIENT_DATA,provisional structured data only; missing values were not zero-filled
HU1,False,False,False,False,True,0,revenue;gross_profit;net_income;total_assets;total_liabilities;equity;cfo;capex,L4_CACHE_PRESENT,PARTIAL_PROVISIONAL_DATA,provisional structured data only; missing values were not zero-filled
HU3,False,False,False,False,True,0,revenue;gross_profit;net_income;total_assets;total_liabilities;equity;cfo;capex,L4_CACHE_PRESENT,PARTIAL_PROVISIONAL_DATA,provisional structured data only; missing values were not zero-filled
HU4,False,False,False,False,True,0,revenue;gross_profit;net_income;total_assets;total_liabilities;equity;cfo;capex,L4_CACHE_PRESENT,PARTIAL_PROVISIONAL_DATA,provisional structured data only; missing values were not zero-filled
HU6,False,False,False,False,True,0,revenue;gross_profit;net_income;total_assets;total_liabilities;equity;cfo;capex,L4_CACHE_PRESENT,PARTIAL_PROVISIONAL_DATA,provisional structured data only; missing values were not zero-filled
HUB,False,False,False,False,True,0,revenue;gross_profit;net_income;total_assets;total_liabilities;equity;cfo;capex,L4_CACHE_PRESENT,PARTIAL_PROVISIONAL_DATA,provisional structured data only; missing values were not zero-filled
HUG,False,False,False,False,True,0,revenue;gross_profit;net_income;total_assets;total_liabilities;equity;cfo;capex,L4_CACHE_PRESENT,PARTIAL_PROVISIONAL_DATA,provisional structured data only; missing values were not zero-filled
HUT,False,False,False,True,True,0,revenue;gross_profit;net_income;total_assets;total_liabilities;equity;cfo;capex,L4_CACHE_PRESENT,PARTIAL_PROVISIONAL_DATA,provisional structured data only; missing values were not zero-filled
HUX,False,False,False,False,False,0,revenue;gross_profit;net_income;total_assets;total_liabilities;equity;cfo;capex,L4_CACHE_PRESENT,INSUFFICIENT_DATA,provisional structured data only; missing values were not zero-filled
HVA,False,False,False,False,True,0,revenue;gross_profit;net_income;total_assets;total_liabilities;equity;cfo;capex,L4_CACHE_PRESENT,PARTIAL_PROVISIONAL_DATA,provisional structured data only; missing values were not zero-filled
HVG,False,False,False,False,False,0,revenue;gross_profit;net_income;total_assets;total_liabilities;equity;cfo;capex,L4_CACHE_PRESENT,INSUFFICIENT_DATA,provisional structured data only; missing values were not zero-filled
HVH,False,False,False,False,True,0,revenue;gross_profit;net_income;total_assets;total_liabilities;equity;cfo;capex,L4_CACHE_PRESENT,PARTIAL_PROVISIONAL_DATA,provisional structured data only; missing values were not zero-filled
HVN,False,False,False,False,True,0,revenue;gross_profit;net_income;total_assets;total_liabilities;equity;cfo;capex,L4_CACHE_PRESENT,PARTIAL_PROVISIONAL_DATA,provisional structured data only; missing values were not zero-filled
HVT,False,False,False,False,True,0,revenue;gross_profit;net_income;total_assets;total_liabilities;equity;cfo;capex,L4_CACHE_PRESENT,PARTIAL_PROVISIONAL_DATA,provisional structured data only; missing values were not zero-filled
HVX,False,False,False,False,True,0,revenue;gross_profit;net_income;total_assets;total_liabilities;equity;cfo;capex,L4_CACHE_PRESENT,PARTIAL_PROVISIONAL_DATA,provisional structured data only; missing values were not zero-filled
HWS,False,False,False,False,True,0,revenue;gross_profit;net_income;total_assets;total_liabilities;equity;cfo;capex,L4_CACHE_PRESENT,PARTIAL_PROVISIONAL_DATA,provisional structured data only; missing values were not zero-filled
IBC,False,False,False,False,False,0,revenue;gross_profit;net_income;total_assets;total_liabilities;equity;cfo;capex,L4_CACHE_PRESENT,INSUFFICIENT_DATA,provisional structured data only; missing values were not zero-filled
IBD,False,False,False,False,False,0,revenue;gross_profit;net_income;total_assets;total_liabilities;equity;cfo;capex,L4_CACHE_PRESENT,INSUFFICIENT_DATA,provisional structured data only; missing values were not zero-filled
IBN,False,False,False,False,False,0,revenue;gross_profit;net_income;total_assets;total_liabilities;equity;cfo;capex,L4_CACHE_PRESENT,INSUFFICIENT_DATA,provisional structured data only; missing values were not zero-filled
ICC,False,False,False,False,False,0,revenue;gross_profit;net_income;total_assets;total_liabilities;equity;cfo;capex,L4_CACHE_PRESENT,INSUFFICIENT_DATA,provisional structured data only; missing values were not zero-filled
ICF,False,False,False,False,True,0,revenue;gross_profit;net_income;total_assets;total_liabilities;equity;cfo;capex,L4_CACHE_PRESENT,PARTIAL_PROVISIONAL_DATA,provisional structured data only; missing values were not zero-filled
ICG,False,False,False,False,True,0,revenue;gross_profit;net_income;total_assets;total_liabilities;equity;cfo;capex,L4_CACHE_PRESENT,PARTIAL_PROVISIONAL_DATA,provisional structured data only; missing values were not zero-filled
ICI,False,False,False,False,False,0,revenue;gross_profit;net_income;total_assets;total_liabilities;equity;cfo;capex,L4_CACHE_PRESENT,INSUFFICIENT_DATA,provisional structured data only; missing values were not zero-filled
ICN,False,False,False,False,True,0,revenue;gross_profit;net_income;total_assets;total_liabilities;equity;cfo;capex,L4_CACHE_PRESENT,PARTIAL_PROVISIONAL_DATA,provisional structured data only; missing values were not zero-filled
ICT,False,False,False,False,True,0,revenue;gross_profit;net_income;total_assets;total_liabilities;equity;cfo;capex,L4_CACHE_PRESENT,PARTIAL_PROVISIONAL_DATA,provisional structured data only; missing values were not zero-filled
IDC,False,False,False,False,True,0,revenue;gross_profit;net_income;total_assets;total_liabilities;equity;cfo;capex,L4_CACHE_PRESENT,PARTIAL_PROVISIONAL_DATA,provisional structured data only; missing values were not zero-filled
IDI,False,False,False,False,True,0,revenue;gross_profit;net_income;total_assets;total_liabilities;equity;cfo;capex,L4_CACHE_PRESENT,PARTIAL_PROVISIONAL_DATA,provisional structured data only; missing values were not zero-filled
IDJ,False,False,False,False,True,0,revenue;gross_profit;net_income;total_assets;total_liabilities;equity;cfo;capex,L4_CACHE_PRESENT,PARTIAL_PROVISIONAL_DATA,provisional structured data only; missing values were not zero-filled
IDP,False,False,False,True,True,0,revenue;gross_profit;net_income;total_assets;total_liabilities;equity;cfo;capex,L4_CACHE_PRESENT,PARTIAL_PROVISIONAL_DATA,provisional structured data only; missing values were not zero-filled
IDV,False,False,False,False,True,0,revenue;gross_profit;net_income;total_assets;total_liabilities;equity;cfo;capex,L4_CACHE_PRESENT,PARTIAL_PROVISIONAL_DATA,provisional structured data only; missing values were not zero-filled
IFS,False,False,False,False,True,0,revenue;gross_profit;net_income;total_assets;total_liabilities;equity;cfo;capex,L4_CACHE_PRESENT,PARTIAL_PROVISIONAL_DATA,provisional structured data only; missing values were not zero-filled
IHK,False,False,False,False,True,0,revenue;gross_profit;net_income;total_assets;total_liabilities;equity;cfo;capex,L4_CACHE_PRESENT,PARTIAL_PROVISIONAL_DATA,provisional structured data only; missing values were not zero-filled
IJC,False,False,False,False,True,0,revenue;gross_profit;net_income;total_assets;total_liabilities;equity;cfo;capex,L4_CACHE_PRESENT,PARTIAL_PROVISIONAL_DATA,provisional structured data only; missing values were not zero-filled
ILA,False,False,False,False,True,0,revenue;gross_profit;net_income;total_assets;total_liabilities;equity;cfo;capex,L4_CACHE_PRESENT,PARTIAL_PROVISIONAL_DATA,provisional structured data only; missing values were not zero-filled
ILB,False,False,False,False,True,0,revenue;gross_profit;net_income;total_assets;total_liabilities;equity;cfo;capex,L4_CACHE_PRESENT,PARTIAL_PROVISIONAL_DATA,provisional structured data only; missing values were not zero-filled
ILC,False,False,False,False,True,0,revenue;gross_profit;net_income;total_assets;total_liabilities;equity;cfo;capex,L4_CACHE_PRESENT,PARTIAL_PROVISIONAL_DATA,provisional structured data only; missing values were not zero-filled
ILS,False,False,False,False,False,0,revenue;gross_profit;net_income;total_assets;total_liabilities;equity;cfo;capex,L4_CACHE_PRESENT,INSUFFICIENT_DATA,provisional structured data only; missing values were not zero-filled
IME,False,False,False,False,False,0,revenue;gross_profit;net_income;total_assets;total_liabilities;equity;cfo;capex,L4_CACHE_PRESENT,INSUFFICIENT_DATA,provisional structured data only; missing values were not zero-filled
IMP,False,False,False,False,True,0,revenue;gross_profit;net_income;total_assets;total_liabilities;equity;cfo;capex,L4_CACHE_PRESENT,PARTIAL_PROVISIONAL_DATA,provisional structured data only; missing values were not zero-filled
IN4,False,False,False,False,False,0,revenue;gross_profit;net_income;total_assets;total_liabilities;equity;cfo;capex,L4_CACHE_PRESENT,INSUFFICIENT_DATA,provisional structured data only; missing values were not zero-filled
INC,False,False,False,False,False,0,revenue;gross_profit;net_income;total_assets;total_liabilities;equity;cfo;capex,L4_CACHE_PRESENT,INSUFFICIENT_DATA,provisional structured data only; missing values were not zero-filled
ING,False,False,False,False,False,0,revenue;gross_profit;net_income;total_assets;total_liabilities;equity;cfo;capex,L4_CACHE_PRESENT,INSUFFICIENT_DATA,provisional structured data only; missing values were not zero-filled
INN,False,False,False,False,True,0,revenue;gross_profit;net_income;total_assets;total_liabilities;equity;cfo;capex,L4_CACHE_PRESENT,PARTIAL_PROVISIONAL_DATA,provisional structured data only; missing values were not zero-filled
IPA,False,False,False,False,True,0,revenue;gross_profit;net_income;total_assets;total_liabilities;equity;cfo;capex,L4_CACHE_PRESENT,PARTIAL_PROVISIONAL_DATA,provisional structured data only; missing values were not zero-filled
IPH,False,False,False,False,False,0,revenue;gross_profit;net_income;total_assets;total_liabilities;equity;cfo;capex,L4_CACHE_PRESENT,INSUFFICIENT_DATA,provisional structured data only; missing values were not zero-filled
IRC,False,False,False,False,False,0,revenue;gross_profit;net_income;total_assets;total_liabilities;equity;cfo;capex,L4_CACHE_PRESENT,INSUFFICIENT_DATA,provisional structured data only; missing values were not zero-filled
ISG,False,False,False,False,True,0,revenue;gross_profit;net_income;total_assets;total_liabilities;equity;cfo;capex,L4_CACHE_PRESENT,PARTIAL_PROVISIONAL_DATA,provisional structured data only; missing values were not zero-filled
ISH,False,False,False,False,True,0,revenue;gross_profit;net_income;total_assets;total_liabilities;equity;cfo;capex,L4_CACHE_PRESENT,PARTIAL_PROVISIONAL_DATA,provisional structured data only; missing values were not zero-filled
IST,False,False,False,False,True,0,revenue;gross_profit;net_income;total_assets;total_liabilities;equity;cfo;capex,L4_CACHE_PRESENT,PARTIAL_PROVISIONAL_DATA,provisional structured data only; missing values were not zero-filled
ITA,False,False,False,False,False,0,revenue;gross_profit;net_income;total_assets;total_liabilities;equity;cfo;capex,L4_CACHE_PRESENT,INSUFFICIENT_DATA,provisional structured data only; missing values were not zero-filled
ITC,False,False,False,False,True,0,revenue;gross_profit;net_income;total_assets;total_liabilities;equity;cfo;capex,L4_CACHE_PRESENT,PARTIAL_PROVISIONAL_DATA,provisional structured data only; missing values were not zero-filled
ITD,False,False,False,False,True,0,revenue;gross_profit;net_income;total_assets;total_liabilities;equity;cfo;capex,L4_CACHE_PRESENT,PARTIAL_PROVISIONAL_DATA,provisional structured data only; missing values were not zero-filled
ITQ,False,False,False,False,True,0,revenue;gross_profit;net_income;total_assets;total_liabilities;equity;cfo;capex,L4_CACHE_PRESENT,PARTIAL_PROVISIONAL_DATA,provisional structured data only; missing values were not zero-filled
ITS,False,False,False,False,True,0,revenue;gross_profit;net_income;total_assets;total_liabilities;equity;cfo;capex,L4_CACHE_PRESENT,PARTIAL_PROVISIONAL_DATA,provisional structured data only; missing values were not zero-filled
IVS,False,False,False,True,True,0,revenue;gross_profit;net_income;total_assets;total_liabilities;equity;cfo;capex,L4_CACHE_PRESENT,PARTIAL_PROVISIONAL_DATA,provisional structured data only; missing values were not zero-filled
JOS,False,False,False,False,True,0,revenue;gross_profit;net_income;total_assets;total_liabilities;equity;cfo;capex,L4_CACHE_PRESENT,PARTIAL_PROVISIONAL_DATA,provisional structured data only; missing values were not zero-filled
JVC,False,False,False,False,True,0,revenue;gross_profit;net_income;total_assets;total_liabilities;equity;cfo;capex,L4_CACHE_PRESENT,PARTIAL_PROVISIONAL_DATA,provisional structured data only; missing values were not zero-filled
KAC,False,False,False,False,False,0,revenue;gross_profit;net_income;total_assets;total_liabilities;equity;cfo;capex,L4_CACHE_PRESENT,INSUFFICIENT_DATA,provisional structured data only; missing values were not zero-filled
KBC,False,False,False,False,True,0,revenue;gross_profit;net_income;total_assets;total_liabilities;equity;cfo;capex,L4_CACHE_PRESENT,PARTIAL_PROVISIONAL_DATA,provisional structured data only; missing values were not zero-filled
KCB,False,False,False,False,True,0,revenue;gross_profit;net_income;total_assets;total_liabilities;equity;cfo;capex,L4_CACHE_PRESENT,PARTIAL_PROVISIONAL_DATA,provisional structured data only; missing values were not zero-filled
KCE,False,False,False,False,True,0,revenue;gross_profit;net_income;total_assets;total_liabilities;equity;cfo;capex,L4_CACHE_PRESENT,PARTIAL_PROVISIONAL_DATA,provisional structured data only; missing values were not zero-filled
KDC,False,False,False,False,True,0,revenue;gross_profit;net_income;total_assets;total_liabilities;equity;cfo;capex,L4_CACHE_PRESENT,PARTIAL_PROVISIONAL_DATA,provisional structured data only; missing values were not zero-filled
KDH,False,False,False,False,True,0,revenue;gross_profit;net_income;total_assets;total_liabilities;equity;cfo;capex,L4_CACHE_PRESENT,PARTIAL_PROVISIONAL_DATA,provisional structured data only; missing values were not zero-filled
KDM,False,False,False,False,True,0,revenue;gross_profit;net_income;total_assets;total_liabilities;equity;cfo;capex,L4_CACHE_PRESENT,PARTIAL_PROVISIONAL_DATA,provisional structured data only; missing values were not zero-filled
KGM,False,False,False,False,True,0,revenue;gross_profit;net_income;total_assets;total_liabilities;equity;cfo;capex,L4_CACHE_PRESENT,PARTIAL_PROVISIONAL_DATA,provisional structured data only; missing values were not zero-filled
KHA,False,False,False,False,True,0,revenue;gross_profit;net_income;total_assets;total_liabilities;equity;cfo;capex,L4_CACHE_PRESENT,PARTIAL_PROVISIONAL_DATA,provisional structured data only; missing values were not zero-filled
KHB,False,False,False,False,True,0,revenue;gross_profit;net_income;total_assets;total_liabilities;equity;cfo;capex,L4_CACHE_PRESENT,PARTIAL_PROVISIONAL_DATA,provisional structured data only; missing values were not zero-filled
KHD,False,False,False,False,True,0,revenue;gross_profit;net_income;total_assets;total_liabilities;equity;cfo;capex,L4_CACHE_PRESENT,PARTIAL_PROVISIONAL_DATA,provisional structured data only; missing values were not zero-filled
KHG,False,False,False,False,True,0,revenue;gross_profit;net_income;total_assets;total_liabilities;equity;cfo;capex,L4_CACHE_PRESENT,PARTIAL_PROVISIONAL_DATA,provisional structured data only; missing values were not zero-filled
KHL,False,False,False,False,True,0,revenue;gross_profit;net_income;total_assets;total_liabilities;equity;cfo;capex,L4_CACHE_PRESENT,PARTIAL_PROVISIONAL_DATA,provisional structured data only; missing values were not zero-filled
KHP,False,False,False,False,True,0,revenue;gross_profit;net_income;total_assets;total_liabilities;equity;cfo;capex,L4_CACHE_PRESENT,PARTIAL_PROVISIONAL_DATA,provisional structured data only; missing values were not zero-filled
KHS,False,False,False,False,True,0,revenue;gross_profit;net_income;total_assets;total_liabilities;equity;cfo;capex,L4_CACHE_PRESENT,PARTIAL_PROVISIONAL_DATA,provisional structured data only; missing values were not zero-filled
KHW,False,False,False,False,True,0,revenue;gross_profit;net_income;total_assets;total_liabilities;equity;cfo;capex,L4_CACHE_PRESENT,PARTIAL_PROVISIONAL_DATA,provisional structured data only; missing values were not zero-filled
KHX,False,False,False,False,False,0,revenue;gross_profit;net_income;total_assets;total_liabilities;equity;cfo;capex,L4_CACHE_PRESENT,INSUFFICIENT_DATA,provisional structured data only; missing values were not zero-filled
KIP,False,False,False,False,True,0,revenue;gross_profit;net_income;total_assets;total_liabilities;equity;cfo;capex,L4_CACHE_PRESENT,PARTIAL_PROVISIONAL_DATA,provisional structured data only; missing values were not zero-filled
KKC,False,False,False,False,True,0,revenue;gross_profit;net_income;total_assets;total_liabilities;equity;cfo;capex,L4_CACHE_PRESENT,PARTIAL_PROVISIONAL_DATA,provisional structured data only; missing values were not zero-filled
KLB,False,False,False,False,True,0,revenue;gross_profit;net_income;total_assets;total_liabilities;equity;cfo;capex,L4_CACHE_PRESENT,PARTIAL_PROVISIONAL_DATA,provisional structured data only; missing values were not zero-filled
KLF,False,False,False,False,False,0,revenue;gross_profit;net_income;total_assets;total_liabilities;equity;cfo;capex,L4_CACHE_PRESENT,INSUFFICIENT_DATA,provisional structured data only; missing values were not zero-filled
KLM,False,False,False,False,True,0,revenue;gross_profit;net_income;total_assets;total_liabilities;equity;cfo;capex,L4_CACHE_PRESENT,PARTIAL_PROVISIONAL_DATA,provisional structured data only; missing values were not zero-filled
KMR,False,False,False,True,True,0,revenue;gross_profit;net_income;total_assets;total_liabilities;equity;cfo;capex,L4_CACHE_PRESENT,PARTIAL_PROVISIONAL_DATA,provisional structured data only; missing values were not zero-filled
KMT,False,False,False,False,True,0,revenue;gross_profit;net_income;total_assets;total_liabilities;equity;cfo;capex,L4_CACHE_PRESENT,PARTIAL_PROVISIONAL_DATA,provisional structured data only; missing values were not zero-filled
KOS,False,False,False,False,True,0,revenue;gross_profit;net_income;total_assets;total_liabilities;equity;cfo;capex,L4_CACHE_PRESENT,PARTIAL_PROVISIONAL_DATA,provisional structured data only; missing values were not zero-filled
KPF,False,False,False,False,False,0,revenue;gross_profit;net_income;total_assets;total_liabilities;equity;cfo;capex,L4_CACHE_PRESENT,INSUFFICIENT_DATA,provisional structured data only; missing values were not zero-filled
KSB,False,False,False,False,True,0,revenue;gross_profit;net_income;total_assets;total_liabilities;equity;cfo;capex,L4_CACHE_PRESENT,PARTIAL_PROVISIONAL_DATA,provisional structured data only; missing values were not zero-filled
KSD,False,False,False,False,True,0,revenue;gross_profit;net_income;total_assets;total_liabilities;equity;cfo;capex,L4_CACHE_PRESENT,PARTIAL_PROVISIONAL_DATA,provisional structured data only; missing values were not zero-filled
KSF,False,False,False,False,True,0,revenue;gross_profit;net_income;total_assets;total_liabilities;equity;cfo;capex,L4_CACHE_PRESENT,PARTIAL_PROVISIONAL_DATA,provisional structured data only; missing values were not zero-filled
KSH,False,False,False,False,False,0,revenue;gross_profit;net_income;total_assets;total_liabilities;equity;cfo;capex,L4_CACHE_PRESENT,INSUFFICIENT_DATA,provisional structured data only; missing values were not zero-filled
KSQ,False,False,False,False,True,0,revenue;gross_profit;net_income;total_assets;total_liabilities;equity;cfo;capex,L4_CACHE_PRESENT,PARTIAL_PROVISIONAL_DATA,provisional structured data only; missing values were not zero-filled
KSS,False,False,False,False,True,0,revenue;gross_profit;net_income;total_assets;total_liabilities;equity;cfo;capex,L4_CACHE_PRESENT,PARTIAL_PROVISIONAL_DATA,provisional structured data only; missing values were not zero-filled
KST,False,False,False,False,True,0,revenue;gross_profit;net_income;total_assets;total_liabilities;equity;cfo;capex,L4_CACHE_PRESENT,PARTIAL_PROVISIONAL_DATA,provisional structured data only; missing values were not zero-filled
KSV,False,False,False,False,True,0,revenue;gross_profit;net_income;total_assets;total_liabilities;equity;cfo;capex,L4_CACHE_PRESENT,PARTIAL_PROVISIONAL_DATA,provisional structured data only; missing values were not zero-filled
KTC,False,False,False,False,False,0,revenue;gross_profit;net_income;total_assets;total_liabilities;equity;cfo;capex,L4_CACHE_PRESENT,INSUFFICIENT_DATA,provisional structured data only; missing values were not zero-filled
KTL,False,False,False,False,False,0,revenue;gross_profit;net_income;total_assets;total_liabilities;equity;cfo;capex,L4_CACHE_PRESENT,INSUFFICIENT_DATA,provisional structured data only; missing values were not zero-filled
KTS,False,False,False,False,True,0,revenue;gross_profit;net_income;total_assets;total_liabilities;equity;cfo;capex,L4_CACHE_PRESENT,PARTIAL_PROVISIONAL_DATA,provisional structured data only; missing values were not zero-filled
KTT,False,False,False,False,False,0,revenue;gross_profit;net_income;total_assets;total_liabilities;equity;cfo;capex,L4_CACHE_PRESENT,INSUFFICIENT_DATA,provisional structured data only; missing values were not zero-filled
KTW,False,False,False,False,False,0,revenue;gross_profit;net_income;total_assets;total_liabilities;equity;cfo;capex,L4_CACHE_PRESENT,INSUFFICIENT_DATA,provisional structured data only; missing values were not zero-filled
KVC,False,False,False,False,True,0,revenue;gross_profit;net_income;total_assets;total_liabilities;equity;cfo;capex,L4_CACHE_PRESENT,PARTIAL_PROVISIONAL_DATA,provisional structured data only; missing values were not zero-filled
KWA,False,False,False,False,False,0,revenue;gross_profit;net_income;total_assets;total_liabilities;equity;cfo;capex,L4_CACHE_PRESENT,INSUFFICIENT_DATA,provisional structured data only; missing values were not zero-filled
L10,False,False,False,False,True,0,revenue;gross_profit;net_income;total_assets;total_liabilities;equity;cfo;capex,L4_CACHE_PRESENT,PARTIAL_PROVISIONAL_DATA,provisional structured data only; missing values were not zero-filled
L12,False,False,False,False,True,0,revenue;gross_profit;net_income;total_assets;total_liabilities;equity;cfo;capex,L4_CACHE_PRESENT,PARTIAL_PROVISIONAL_DATA,provisional structured data only; missing values were not zero-filled
L14,False,False,False,False,True,0,revenue;gross_profit;net_income;total_assets;total_liabilities;equity;cfo;capex,L4_CACHE_PRESENT,PARTIAL_PROVISIONAL_DATA,provisional structured data only; missing values were not zero-filled
L18,False,False,False,False,True,0,revenue;gross_profit;net_income;total_assets;total_liabilities;equity;cfo;capex,L4_CACHE_PRESENT,PARTIAL_PROVISIONAL_DATA,provisional structured data only; missing values were not zero-filled
L35,False,False,False,False,True,0,revenue;gross_profit;net_income;total_assets;total_liabilities;equity;cfo;capex,L4_CACHE_PRESENT,PARTIAL_PROVISIONAL_DATA,provisional structured data only; missing values were not zero-filled
L40,False,False,False,False,True,0,revenue;gross_profit;net_income;total_assets;total_liabilities;equity;cfo;capex,L4_CACHE_PRESENT,PARTIAL_PROVISIONAL_DATA,provisional structured data only; missing values were not zero-filled
L43,False,False,False,False,True,0,revenue;gross_profit;net_income;total_assets;total_liabilities;equity;cfo;capex,L4_CACHE_PRESENT,PARTIAL_PROVISIONAL_DATA,provisional structured data only; missing values were not zero-filled
L44,False,False,False,False,False,0,revenue;gross_profit;net_income;total_assets;total_liabilities;equity;cfo;capex,L4_CACHE_PRESENT,INSUFFICIENT_DATA,provisional structured data only; missing values were not zero-filled
L45,False,False,False,False,True,0,revenue;gross_profit;net_income;total_assets;total_liabilities;equity;cfo;capex,L4_CACHE_PRESENT,PARTIAL_PROVISIONAL_DATA,provisional structured data only; missing values were not zero-filled
L61,False,False,False,False,True,0,revenue;gross_profit;net_income;total_assets;total_liabilities;equity;cfo;capex,L4_CACHE_PRESENT,PARTIAL_PROVISIONAL_DATA,provisional structured data only; missing values were not zero-filled
L62,False,False,False,False,True,0,revenue;gross_profit;net_income;total_assets;total_liabilities;equity;cfo;capex,L4_CACHE_PRESENT,PARTIAL_PROVISIONAL_DATA,provisional structured data only; missing values were not zero-filled
L63,False,False,False,False,False,0,revenue;gross_profit;net_income;total_assets;total_liabilities;equity;cfo;capex,L4_CACHE_PRESENT,INSUFFICIENT_DATA,provisional structured data only; missing values were not zero-filled
LAF,False,False,False,False,True,0,revenue;gross_profit;net_income;total_assets;total_liabilities;equity;cfo;capex,L4_CACHE_PRESENT,PARTIAL_PROVISIONAL_DATA,provisional structured data only; missing values were not zero-filled
LAI,False,False,False,False,True,0,revenue;gross_profit;net_income;total_assets;total_liabilities;equity;cfo;capex,L4_CACHE_PRESENT,PARTIAL_PROVISIONAL_DATA,provisional structured data only; missing values were not zero-filled
LAS,False,False,False,False,True,0,revenue;gross_profit;net_income;total_assets;total_liabilities;equity;cfo;capex,L4_CACHE_PRESENT,PARTIAL_PROVISIONAL_DATA,provisional structured data only; missing values were not zero-filled
LAW,False,False,False,False,True,0,revenue;gross_profit;net_income;total_assets;total_liabilities;equity;cfo;capex,L4_CACHE_PRESENT,PARTIAL_PROVISIONAL_DATA,provisional structured data only; missing values were not zero-filled
LBC,False,False,False,False,False,0,revenue;gross_profit;net_income;total_assets;total_liabilities;equity;cfo;capex,L4_CACHE_PRESENT,INSUFFICIENT_DATA,provisional structured data only; missing values were not zero-filled
LBE,False,False,False,False,True,0,revenue;gross_profit;net_income;total_assets;total_liabilities;equity;cfo;capex,L4_CACHE_PRESENT,PARTIAL_PROVISIONAL_DATA,provisional structured data only; missing values were not zero-filled
LBM,False,False,False,False,True,0,revenue;gross_profit;net_income;total_assets;total_liabilities;equity;cfo;capex,L4_CACHE_PRESENT,PARTIAL_PROVISIONAL_DATA,provisional structured data only; missing values were not zero-filled
LCC,False,False,False,False,False,0,revenue;gross_profit;net_income;total_assets;total_liabilities;equity;cfo;capex,L4_CACHE_PRESENT,INSUFFICIENT_DATA,provisional structured data only; missing values were not zero-filled
LCD,False,False,False,False,False,0,revenue;gross_profit;net_income;total_assets;total_liabilities;equity;cfo;capex,L4_CACHE_PRESENT,INSUFFICIENT_DATA,provisional structured data only; missing values were not zero-filled
LCG,False,False,False,False,True,0,revenue;gross_profit;net_income;total_assets;total_liabilities;equity;cfo;capex,L4_CACHE_PRESENT,PARTIAL_PROVISIONAL_DATA,provisional structured data only; missing values were not zero-filled
LCM,False,False,False,False,True,0,revenue;gross_profit;net_income;total_assets;total_liabilities;equity;cfo;capex,L4_CACHE_PRESENT,PARTIAL_PROVISIONAL_DATA,provisional structured data only; missing values were not zero-filled
LCS,False,False,False,False,True,0,revenue;gross_profit;net_income;total_assets;total_liabilities;equity;cfo;capex,L4_CACHE_PRESENT,PARTIAL_PROVISIONAL_DATA,provisional structured data only; missing values were not zero-filled
LCW,False,False,False,True,True,0,revenue;gross_profit;net_income;total_assets;total_liabilities;equity;cfo;capex,L4_CACHE_PRESENT,PARTIAL_PROVISIONAL_DATA,provisional structured data only; missing values were not zero-filled
LDG,False,False,False,False,True,0,revenue;gross_profit;net_income;total_assets;total_liabilities;equity;cfo;capex,L4_CACHE_PRESENT,PARTIAL_PROVISIONAL_DATA,provisional structured data only; missing values were not zero-filled
LDP,False,False,False,False,True,0,revenue;gross_profit;net_income;total_assets;total_liabilities;equity;cfo;capex,L4_CACHE_PRESENT,PARTIAL_PROVISIONAL_DATA,provisional structured data only; missing values were not zero-filled
LDW,False,False,False,False,False,0,revenue;gross_profit;net_income;total_assets;total_liabilities;equity;cfo;capex,L4_CACHE_PRESENT,INSUFFICIENT_DATA,provisional structured data only; missing values were not zero-filled
LEC,False,False,False,False,False,0,revenue;gross_profit;net_income;total_assets;total_liabilities;equity;cfo;capex,L4_CACHE_PRESENT,INSUFFICIENT_DATA,provisional structured data only; missing values were not zero-filled
LG9,False,False,False,False,True,0,revenue;gross_profit;net_income;total_assets;total_liabilities;equity;cfo;capex,L4_CACHE_PRESENT,PARTIAL_PROVISIONAL_DATA,provisional structured data only; missing values were not zero-filled
LGC,False,False,False,False,False,0,revenue;gross_profit;net_income;total_assets;total_liabilities;equity;cfo;capex,L4_CACHE_PRESENT,INSUFFICIENT_DATA,provisional structured data only; missing values were not zero-filled
LGL,False,False,False,False,True,0,revenue;gross_profit;net_income;total_assets;total_liabilities;equity;cfo;capex,L4_CACHE_PRESENT,PARTIAL_PROVISIONAL_DATA,provisional structured data only; missing values were not zero-filled
LGM,False,False,False,False,False,0,revenue;gross_profit;net_income;total_assets;total_liabilities;equity;cfo;capex,L4_CACHE_PRESENT,INSUFFICIENT_DATA,provisional structured data only; missing values were not zero-filled
LHC,False,False,False,False,True,0,revenue;gross_profit;net_income;total_assets;total_liabilities;equity;cfo;capex,L4_CACHE_PRESENT,PARTIAL_PROVISIONAL_DATA,provisional structured data only; missing values were not zero-filled
LHG,False,False,False,False,True,0,revenue;gross_profit;net_income;total_assets;total_liabilities;equity;cfo;capex,L4_CACHE_PRESENT,PARTIAL_PROVISIONAL_DATA,provisional structured data only; missing values were not zero-filled
LIC,False,False,False,False,True,0,revenue;gross_profit;net_income;total_assets;total_liabilities;equity;cfo;capex,L4_CACHE_PRESENT,PARTIAL_PROVISIONAL_DATA,provisional structured data only; missing values were not zero-filled
LIG,False,False,False,False,True,0,revenue;gross_profit;net_income;total_assets;total_liabilities;equity;cfo;capex,L4_CACHE_PRESENT,PARTIAL_PROVISIONAL_DATA,provisional structured data only; missing values were not zero-filled
LIX,False,False,False,False,True,0,revenue;gross_profit;net_income;total_assets;total_liabilities;equity;cfo;capex,L4_CACHE_PRESENT,PARTIAL_PROVISIONAL_DATA,provisional structured data only; missing values were not zero-filled
LKW,False,False,False,False,True,0,revenue;gross_profit;net_income;total_assets;total_liabilities;equity;cfo;capex,L4_CACHE_PRESENT,PARTIAL_PROVISIONAL_DATA,provisional structured data only; missing values were not zero-filled
LLM,False,False,False,False,True,0,revenue;gross_profit;net_income;total_assets;total_liabilities;equity;cfo;capex,L4_CACHE_PRESENT,PARTIAL_PROVISIONAL_DATA,provisional structured data only; missing values were not zero-filled
LM3,False,False,False,False,False,0,revenue;gross_profit;net_income;total_assets;total_liabilities;equity;cfo;capex,L4_CACHE_PRESENT,INSUFFICIENT_DATA,provisional structured data only; missing values were not zero-filled
LM7,False,False,False,False,True,0,revenue;gross_profit;net_income;total_assets;total_liabilities;equity;cfo;capex,L4_CACHE_PRESENT,PARTIAL_PROVISIONAL_DATA,provisional structured data only; missing values were not zero-filled
LM8,False,False,False,False,True,0,revenue;gross_profit;net_income;total_assets;total_liabilities;equity;cfo;capex,L4_CACHE_PRESENT,PARTIAL_PROVISIONAL_DATA,provisional structured data only; missing values were not zero-filled
LMC,False,False,False,False,True,0,revenue;gross_profit;net_income;total_assets;total_liabilities;equity;cfo;capex,L4_CACHE_PRESENT,PARTIAL_PROVISIONAL_DATA,provisional structured data only; missing values were not zero-filled
LMH,False,False,False,False,True,0,revenue;gross_profit;net_income;total_assets;total_liabilities;equity;cfo;capex,L4_CACHE_PRESENT,PARTIAL_PROVISIONAL_DATA,provisional structured data only; missing values were not zero-filled
LMI,False,False,False,False,False,0,revenue;gross_profit;net_income;total_assets;total_liabilities;equity;cfo;capex,L4_CACHE_PRESENT,INSUFFICIENT_DATA,provisional structured data only; missing values were not zero-filled
LNC,False,False,False,False,False,0,revenue;gross_profit;net_income;total_assets;total_liabilities;equity;cfo;capex,L4_CACHE_PRESENT,INSUFFICIENT_DATA,provisional structured data only; missing values were not zero-filled
LO5,False,False,False,False,True,0,revenue;gross_profit;net_income;total_assets;total_liabilities;equity;cfo;capex,L4_CACHE_PRESENT,PARTIAL_PROVISIONAL_DATA,provisional structured data only; missing values were not zero-filled
LPB,False,False,False,False,True,0,revenue;gross_profit;net_income;total_assets;total_liabilities;equity;cfo;capex,L4_CACHE_PRESENT,PARTIAL_PROVISIONAL_DATA,provisional structured data only; missing values were not zero-filled
LPT,False,False,False,False,True,0,revenue;gross_profit;net_income;total_assets;total_liabilities;equity;cfo;capex,L4_CACHE_PRESENT,PARTIAL_PROVISIONAL_DATA,provisional structured data only; missing values were not zero-filled
LQN,False,False,False,False,False,0,revenue;gross_profit;net_income;total_assets;total_liabilities;equity;cfo;capex,L4_CACHE_PRESENT,INSUFFICIENT_DATA,provisional structured data only; missing values were not zero-filled
LSG,False,False,False,False,True,0,revenue;gross_profit;net_income;total_assets;total_liabilities;equity;cfo;capex,L4_CACHE_PRESENT,PARTIAL_PROVISIONAL_DATA,provisional structured data only; missing values were not zero-filled
LSS,False,False,False,False,True,0,revenue;gross_profit;net_income;total_assets;total_liabilities;equity;cfo;capex,L4_CACHE_PRESENT,PARTIAL_PROVISIONAL_DATA,provisional structured data only; missing values were not zero-filled
LTC,False,False,False,False,True,0,revenue;gross_profit;net_income;total_assets;total_liabilities;equity;cfo;capex,L4_CACHE_PRESENT,PARTIAL_PROVISIONAL_DATA,provisional structured data only; missing values were not zero-filled
LTG,False,False,False,False,True,0,revenue;gross_profit;net_income;total_assets;total_liabilities;equity;cfo;capex,L4_CACHE_PRESENT,PARTIAL_PROVISIONAL_DATA,provisional structured data only; missing values were not zero-filled
LUT,False,False,False,False,True,0,revenue;gross_profit;net_income;total_assets;total_liabilities;equity;cfo;capex,L4_CACHE_PRESENT,PARTIAL_PROVISIONAL_DATA,provisional structured data only; missing values were not zero-filled
LWS,False,False,False,False,True,0,revenue;gross_profit;net_income;total_assets;total_liabilities;equity;cfo;capex,L4_CACHE_PRESENT,PARTIAL_PROVISIONAL_DATA,provisional structured data only; missing values were not zero-filled
LYF,False,False,False,False,False,0,revenue;gross_profit;net_income;total_assets;total_liabilities;equity;cfo;capex,L4_CACHE_PRESENT,INSUFFICIENT_DATA,provisional structured data only; missing values were not zero-filled
M10,False,False,False,False,True,0,revenue;gross_profit;net_income;total_assets;total_liabilities;equity;cfo;capex,L4_CACHE_PRESENT,PARTIAL_PROVISIONAL_DATA,provisional structured data only; missing values were not zero-filled
MA1,False,False,False,False,True,0,revenue;gross_profit;net_income;total_assets;total_liabilities;equity;cfo;capex,L4_CACHE_PRESENT,PARTIAL_PROVISIONAL_DATA,provisional structured data only; missing values were not zero-filled
MAC,False,False,False,False,True,0,revenue;gross_profit;net_income;total_assets;total_liabilities;equity;cfo;capex,L4_CACHE_PRESENT,PARTIAL_PROVISIONAL_DATA,provisional structured data only; missing values were not zero-filled
MAS,False,False,False,False,True,0,revenue;gross_profit;net_income;total_assets;total_liabilities;equity;cfo;capex,L4_CACHE_PRESENT,PARTIAL_PROVISIONAL_DATA,provisional structured data only; missing values were not zero-filled
MBB,False,False,False,False,True,0,revenue;gross_profit;net_income;total_assets;total_liabilities;equity;cfo;capex,L4_CACHE_PRESENT,PARTIAL_PROVISIONAL_DATA,provisional structured data only; missing values were not zero-filled
MBG,False,False,False,False,True,0,revenue;gross_profit;net_income;total_assets;total_liabilities;equity;cfo;capex,L4_CACHE_PRESENT,PARTIAL_PROVISIONAL_DATA,provisional structured data only; missing values were not zero-filled
MBN,False,False,False,False,False,0,revenue;gross_profit;net_income;total_assets;total_liabilities;equity;cfo;capex,L4_CACHE_PRESENT,INSUFFICIENT_DATA,provisional structured data only; missing values were not zero-filled
MBS,False,False,False,False,True,0,revenue;gross_profit;net_income;total_assets;total_liabilities;equity;cfo;capex,L4_CACHE_PRESENT,PARTIAL_PROVISIONAL_DATA,provisional structured data only; missing values were not zero-filled
MBT,False,False,False,False,False,0,revenue;gross_profit;net_income;total_assets;total_liabilities;equity;cfo;capex,L4_CACHE_PRESENT,INSUFFICIENT_DATA,provisional structured data only; missing values were not zero-filled
MC3,False,False,False,False,False,0,revenue;gross_profit;net_income;total_assets;total_liabilities;equity;cfo;capex,L4_CACHE_PRESENT,INSUFFICIENT_DATA,provisional structured data only; missing values were not zero-filled
MCC,False,False,False,False,False,0,revenue;gross_profit;net_income;total_assets;total_liabilities;equity;cfo;capex,L4_CACHE_PRESENT,INSUFFICIENT_DATA,provisional structured data only; missing values were not zero-filled
MCD,False,False,False,False,False,0,revenue;gross_profit;net_income;total_assets;total_liabilities;equity;cfo;capex,L4_CACHE_PRESENT,INSUFFICIENT_DATA,provisional structured data only; missing values were not zero-filled
MCF,False,False,False,False,True,0,revenue;gross_profit;net_income;total_assets;total_liabilities;equity;cfo;capex,L4_CACHE_PRESENT,PARTIAL_PROVISIONAL_DATA,provisional structured data only; missing values were not zero-filled
MCG,False,False,False,False,True,0,revenue;gross_profit;net_income;total_assets;total_liabilities;equity;cfo;capex,L4_CACHE_PRESENT,PARTIAL_PROVISIONAL_DATA,provisional structured data only; missing values were not zero-filled
MCH,False,False,False,False,True,0,revenue;gross_profit;net_income;total_assets;total_liabilities;equity;cfo;capex,L4_CACHE_PRESENT,PARTIAL_PROVISIONAL_DATA,provisional structured data only; missing values were not zero-filled
MCI,False,False,False,False,True,0,revenue;gross_profit;net_income;total_assets;total_liabilities;equity;cfo;capex,L4_CACHE_PRESENT,PARTIAL_PROVISIONAL_DATA,provisional structured data only; missing values were not zero-filled
MCM,False,False,False,False,True,0,revenue;gross_profit;net_income;total_assets;total_liabilities;equity;cfo;capex,L4_CACHE_PRESENT,PARTIAL_PROVISIONAL_DATA,provisional structured data only; missing values were not zero-filled
MCO,False,False,False,False,True,0,revenue;gross_profit;net_income;total_assets;total_liabilities;equity;cfo;capex,L4_CACHE_PRESENT,PARTIAL_PROVISIONAL_DATA,provisional structured data only; missing values were not zero-filled
MCP,False,False,False,True,True,0,revenue;gross_profit;net_income;total_assets;total_liabilities;equity;cfo;capex,L4_CACHE_PRESENT,PARTIAL_PROVISIONAL_DATA,provisional structured data only; missing values were not zero-filled
MDA,False,False,False,False,False,0,revenue;gross_profit;net_income;total_assets;total_liabilities;equity;cfo;capex,L4_CACHE_PRESENT,INSUFFICIENT_DATA,provisional structured data only; missing values were not zero-filled
MDC,False,False,False,False,True,0,revenue;gross_profit;net_income;total_assets;total_liabilities;equity;cfo;capex,L4_CACHE_PRESENT,PARTIAL_PROVISIONAL_DATA,provisional structured data only; missing values were not zero-filled
MDF,False,False,False,False,True,0,revenue;gross_profit;net_income;total_assets;total_liabilities;equity;cfo;capex,L4_CACHE_PRESENT,PARTIAL_PROVISIONAL_DATA,provisional structured data only; missing values were not zero-filled
MDG,False,False,False,False,True,0,revenue;gross_profit;net_income;total_assets;total_liabilities;equity;cfo;capex,L4_CACHE_PRESENT,PARTIAL_PROVISIONAL_DATA,provisional structured data only; missing values were not zero-filled
MEC,False,False,False,False,True,0,revenue;gross_profit;net_income;total_assets;total_liabilities;equity;cfo;capex,L4_CACHE_PRESENT,PARTIAL_PROVISIONAL_DATA,provisional structured data only; missing values were not zero-filled
MED,False,False,False,False,True,0,revenue;gross_profit;net_income;total_assets;total_liabilities;equity;cfo;capex,L4_CACHE_PRESENT,PARTIAL_PROVISIONAL_DATA,provisional structured data only; missing values were not zero-filled
MEF,False,False,False,False,False,0,revenue;gross_profit;net_income;total_assets;total_liabilities;equity;cfo;capex,L4_CACHE_PRESENT,INSUFFICIENT_DATA,provisional structured data only; missing values were not zero-filled
MEG,False,False,False,False,False,0,revenue;gross_profit;net_income;total_assets;total_liabilities;equity;cfo;capex,L4_CACHE_PRESENT,INSUFFICIENT_DATA,provisional structured data only; missing values were not zero-filled
MEL,False,False,False,False,True,0,revenue;gross_profit;net_income;total_assets;total_liabilities;equity;cfo;capex,L4_CACHE_PRESENT,PARTIAL_PROVISIONAL_DATA,provisional structured data only; missing values were not zero-filled
MES,False,False,False,False,False,0,revenue;gross_profit;net_income;total_assets;total_liabilities;equity;cfo;capex,L4_CACHE_PRESENT,INSUFFICIENT_DATA,provisional structured data only; missing values were not zero-filled
MFS,False,False,False,False,True,0,revenue;gross_profit;net_income;total_assets;total_liabilities;equity;cfo;capex,L4_CACHE_PRESENT,PARTIAL_PROVISIONAL_DATA,provisional structured data only; missing values were not zero-filled
MGC,False,False,False,False,True,0,revenue;gross_profit;net_income;total_assets;total_liabilities;equity;cfo;capex,L4_CACHE_PRESENT,PARTIAL_PROVISIONAL_DATA,provisional structured data only; missing values were not zero-filled
MGG,False,False,False,False,True,0,revenue;gross_profit;net_income;total_assets;total_liabilities;equity;cfo;capex,L4_CACHE_PRESENT,PARTIAL_PROVISIONAL_DATA,provisional structured data only; missing values were not zero-filled
MGR,False,False,False,False,True,0,revenue;gross_profit;net_income;total_assets;total_liabilities;equity;cfo;capex,L4_CACHE_PRESENT,PARTIAL_PROVISIONAL_DATA,provisional structured data only; missing values were not zero-filled
MH3,False,False,False,False,True,0,revenue;gross_profit;net_income;total_assets;total_liabilities;equity;cfo;capex,L4_CACHE_PRESENT,PARTIAL_PROVISIONAL_DATA,provisional structured data only; missing values were not zero-filled
MHC,False,False,False,False,True,0,revenue;gross_profit;net_income;total_assets;total_liabilities;equity;cfo;capex,L4_CACHE_PRESENT,PARTIAL_PROVISIONAL_DATA,provisional structured data only; missing values were not zero-filled
MHL,False,False,False,False,False,0,revenue;gross_profit;net_income;total_assets;total_liabilities;equity;cfo;capex,L4_CACHE_PRESENT,INSUFFICIENT_DATA,provisional structured data only; missing values were not zero-filled
MIC,False,False,False,False,True,0,revenue;gross_profit;net_income;total_assets;total_liabilities;equity;cfo;capex,L4_CACHE_PRESENT,PARTIAL_PROVISIONAL_DATA,provisional structured data only; missing values were not zero-filled
MIE,False,False,False,False,False,0,revenue;gross_profit;net_income;total_assets;total_liabilities;equity;cfo;capex,L4_CACHE_PRESENT,INSUFFICIENT_DATA,provisional structured data only; missing values were not zero-filled
MIG,False,False,False,False,True,0,revenue;gross_profit;net_income;total_assets;total_liabilities;equity;cfo;capex,L4_CACHE_PRESENT,PARTIAL_PROVISIONAL_DATA,provisional structured data only; missing values were not zero-filled
MIM,False,False,False,False,False,0,revenue;gross_profit;net_income;total_assets;total_liabilities;equity;cfo;capex,L4_CACHE_PRESENT,INSUFFICIENT_DATA,provisional structured data only; missing values were not zero-filled
MKP,False,False,False,False,True,0,revenue;gross_profit;net_income;total_assets;total_liabilities;equity;cfo;capex,L4_CACHE_PRESENT,PARTIAL_PROVISIONAL_DATA,provisional structured data only; missing values were not zero-filled
MKV,False,False,False,False,False,0,revenue;gross_profit;net_income;total_assets;total_liabilities;equity;cfo;capex,L4_CACHE_PRESENT,INSUFFICIENT_DATA,provisional structured data only; missing values were not zero-filled
MLC,False,False,False,False,False,0,revenue;gross_profit;net_income;total_assets;total_liabilities;equity;cfo;capex,L4_CACHE_PRESENT,INSUFFICIENT_DATA,provisional structured data only; missing values were not zero-filled
MLS,False,False,False,False,True,0,revenue;gross_profit;net_income;total_assets;total_liabilities;equity;cfo;capex,L4_CACHE_PRESENT,PARTIAL_PROVISIONAL_DATA,provisional structured data only; missing values were not zero-filled
MML,False,False,False,False,True,0,revenue;gross_profit;net_income;total_assets;total_liabilities;equity;cfo;capex,L4_CACHE_PRESENT,PARTIAL_PROVISIONAL_DATA,provisional structured data only; missing values were not zero-filled
MNB,False,False,False,False,True,0,revenue;gross_profit;net_income;total_assets;total_liabilities;equity;cfo;capex,L4_CACHE_PRESENT,PARTIAL_PROVISIONAL_DATA,provisional structured data only; missing values were not zero-filled
MND,False,False,False,False,False,0,revenue;gross_profit;net_income;total_assets;total_liabilities;equity;cfo;capex,L4_CACHE_PRESENT,INSUFFICIENT_DATA,provisional structured data only; missing values were not zero-filled
MPC,False,False,False,False,True,0,revenue;gross_profit;net_income;total_assets;total_liabilities;equity;cfo;capex,L4_CACHE_PRESENT,PARTIAL_PROVISIONAL_DATA,provisional structured data only; missing values were not zero-filled
MPT,False,False,False,False,True,0,revenue;gross_profit;net_income;total_assets;total_liabilities;equity;cfo;capex,L4_CACHE_PRESENT,PARTIAL_PROVISIONAL_DATA,provisional structured data only; missing values were not zero-filled
MPY,False,False,False,False,True,0,revenue;gross_profit;net_income;total_assets;total_liabilities;equity;cfo;capex,L4_CACHE_PRESENT,PARTIAL_PROVISIONAL_DATA,provisional structured data only; missing values were not zero-filled
MQB,False,False,False,False,False,0,revenue;gross_profit;net_income;total_assets;total_liabilities;equity;cfo;capex,L4_CACHE_PRESENT,INSUFFICIENT_DATA,provisional structured data only; missing values were not zero-filled
MQN,False,False,False,False,True,0,revenue;gross_profit;net_income;total_assets;total_liabilities;equity;cfo;capex,L4_CACHE_PRESENT,PARTIAL_PROVISIONAL_DATA,provisional structured data only; missing values were not zero-filled
MRF,False,False,False,False,True,0,revenue;gross_profit;net_income;total_assets;total_liabilities;equity;cfo;capex,L4_CACHE_PRESENT,PARTIAL_PROVISIONAL_DATA,provisional structured data only; missing values were not zero-filled
MSB,False,False,False,False,True,0,revenue;gross_profit;net_income;total_assets;total_liabilities;equity;cfo;capex,L4_CACHE_PRESENT,PARTIAL_PROVISIONAL_DATA,provisional structured data only; missing values were not zero-filled
MSH,False,False,False,False,True,0,revenue;gross_profit;net_income;total_assets;total_liabilities;equity;cfo;capex,L4_CACHE_PRESENT,PARTIAL_PROVISIONAL_DATA,provisional structured data only; missing values were not zero-filled
MSN,False,False,False,False,True,0,revenue;gross_profit;net_income;total_assets;total_liabilities;equity;cfo;capex,L4_CACHE_PRESENT,PARTIAL_PROVISIONAL_DATA,provisional structured data only; missing values were not zero-filled
MSR,False,False,False,True,True,0,revenue;gross_profit;net_income;total_assets;total_liabilities;equity;cfo;capex,L4_CACHE_PRESENT,PARTIAL_PROVISIONAL_DATA,provisional structured data only; missing values were not zero-filled
MST,False,False,False,False,True,0,revenue;gross_profit;net_income;total_assets;total_liabilities;equity;cfo;capex,L4_CACHE_PRESENT,PARTIAL_PROVISIONAL_DATA,provisional structured data only; missing values were not zero-filled
MTA,False,False,False,True,True,0,revenue;gross_profit;net_income;total_assets;total_liabilities;equity;cfo;capex,L4_CACHE_PRESENT,PARTIAL_PROVISIONAL_DATA,provisional structured data only; missing values were not zero-filled
MTB,False,False,False,False,False,0,revenue;gross_profit;net_income;total_assets;total_liabilities;equity;cfo;capex,L4_CACHE_PRESENT,INSUFFICIENT_DATA,provisional structured data only; missing values were not zero-filled
MTC,False,False,False,False,True,0,revenue;gross_profit;net_income;total_assets;total_liabilities;equity;cfo;capex,L4_CACHE_PRESENT,PARTIAL_PROVISIONAL_DATA,provisional structured data only; missing values were not zero-filled
MTG,False,False,False,False,True,0,revenue;gross_profit;net_income;total_assets;total_liabilities;equity;cfo;capex,L4_CACHE_PRESENT,PARTIAL_PROVISIONAL_DATA,provisional structured data only; missing values were not zero-filled
MTH,False,False,False,False,True,0,revenue;gross_profit;net_income;total_assets;total_liabilities;equity;cfo;capex,L4_CACHE_PRESENT,PARTIAL_PROVISIONAL_DATA,provisional structured data only; missing values were not zero-filled
MTL,False,False,False,False,True,0,revenue;gross_profit;net_income;total_assets;total_liabilities;equity;cfo;capex,L4_CACHE_PRESENT,PARTIAL_PROVISIONAL_DATA,provisional structured data only; missing values were not zero-filled
MTP,False,False,False,False,True,0,revenue;gross_profit;net_income;total_assets;total_liabilities;equity;cfo;capex,L4_CACHE_PRESENT,PARTIAL_PROVISIONAL_DATA,provisional structured data only; missing values were not zero-filled
MTS,False,False,False,False,True,0,revenue;gross_profit;net_income;total_assets;total_liabilities;equity;cfo;capex,L4_CACHE_PRESENT,PARTIAL_PROVISIONAL_DATA,provisional structured data only; missing values were not zero-filled
MTV,False,False,False,False,False,0,revenue;gross_profit;net_income;total_assets;total_liabilities;equity;cfo;capex,L4_CACHE_PRESENT,INSUFFICIENT_DATA,provisional structured data only; missing values were not zero-filled
MTX,False,False,False,False,False,0,revenue;gross_profit;net_income;total_assets;total_liabilities;equity;cfo;capex,L4_CACHE_PRESENT,INSUFFICIENT_DATA,provisional structured data only; missing values were not zero-filled
MVB,False,False,False,False,True,0,revenue;gross_profit;net_income;total_assets;total_liabilities;equity;cfo;capex,L4_CACHE_PRESENT,PARTIAL_PROVISIONAL_DATA,provisional structured data only; missing values were not zero-filled
MVC,False,False,False,False,True,0,revenue;gross_profit;net_income;total_assets;total_liabilities;equity;cfo;capex,L4_CACHE_PRESENT,PARTIAL_PROVISIONAL_DATA,provisional structured data only; missing values were not zero-filled
MVN,False,False,False,True,True,0,revenue;gross_profit;net_income;total_assets;total_liabilities;equity;cfo;capex,L4_CACHE_PRESENT,PARTIAL_PROVISIONAL_DATA,provisional structured data only; missing values were not zero-filled
MWG,False,False,False,False,True,0,revenue;gross_profit;net_income;total_assets;total_liabilities;equity;cfo;capex,L4_CACHE_PRESENT,PARTIAL_PROVISIONAL_DATA,provisional structured data only; missing values were not zero-filled
MXC,False,False,False,False,False,0,revenue;gross_profit;net_income;total_assets;total_liabilities;equity;cfo;capex,L4_CACHE_PRESENT,INSUFFICIENT_DATA,provisional structured data only; missing values were not zero-filled
MZG,False,False,False,False,False,0,revenue;gross_profit;net_income;total_assets;total_liabilities;equity;cfo;capex,L4_CACHE_PRESENT,INSUFFICIENT_DATA,provisional structured data only; missing values were not zero-filled
NAB,False,False,False,False,True,0,revenue;gross_profit;net_income;total_assets;total_liabilities;equity;cfo;capex,L4_CACHE_PRESENT,PARTIAL_PROVISIONAL_DATA,provisional structured data only; missing values were not zero-filled
NAC,False,False,False,False,False,0,revenue;gross_profit;net_income;total_assets;total_liabilities;equity;cfo;capex,L4_CACHE_PRESENT,INSUFFICIENT_DATA,provisional structured data only; missing values were not zero-filled
NAF,False,False,False,False,True,0,revenue;gross_profit;net_income;total_assets;total_liabilities;equity;cfo;capex,L4_CACHE_PRESENT,PARTIAL_PROVISIONAL_DATA,provisional structured data only; missing values were not zero-filled
NAG,False,False,False,False,True,0,revenue;gross_profit;net_income;total_assets;total_liabilities;equity;cfo;capex,L4_CACHE_PRESENT,PARTIAL_PROVISIONAL_DATA,provisional structured data only; missing values were not zero-filled
NAP,False,False,False,False,True,0,revenue;gross_profit;net_income;total_assets;total_liabilities;equity;cfo;capex,L4_CACHE_PRESENT,PARTIAL_PROVISIONAL_DATA,provisional structured data only; missing values were not zero-filled
NAS,False,False,False,False,True,0,revenue;gross_profit;net_income;total_assets;total_liabilities;equity;cfo;capex,L4_CACHE_PRESENT,PARTIAL_PROVISIONAL_DATA,provisional structured data only; missing values were not zero-filled
NAU,False,False,False,False,False,0,revenue;gross_profit;net_income;total_assets;total_liabilities;equity;cfo;capex,L4_CACHE_PRESENT,INSUFFICIENT_DATA,provisional structured data only; missing values were not zero-filled
NAV,False,False,False,False,True,0,revenue;gross_profit;net_income;total_assets;total_liabilities;equity;cfo;capex,L4_CACHE_PRESENT,PARTIAL_PROVISIONAL_DATA,provisional structured data only; missing values were not zero-filled
NAW,False,False,False,False,True,0,revenue;gross_profit;net_income;total_assets;total_liabilities;equity;cfo;capex,L4_CACHE_PRESENT,PARTIAL_PROVISIONAL_DATA,provisional structured data only; missing values were not zero-filled
NBB,False,False,False,False,True,0,revenue;gross_profit;net_income;total_assets;total_liabilities;equity;cfo;capex,L4_CACHE_PRESENT,PARTIAL_PROVISIONAL_DATA,provisional structured data only; missing values were not zero-filled
NBC,False,False,False,False,True,0,revenue;gross_profit;net_income;total_assets;total_liabilities;equity;cfo;capex,L4_CACHE_PRESENT,PARTIAL_PROVISIONAL_DATA,provisional structured data only; missing values were not zero-filled
NBE,False,False,False,False,True,0,revenue;gross_profit;net_income;total_assets;total_liabilities;equity;cfo;capex,L4_CACHE_PRESENT,PARTIAL_PROVISIONAL_DATA,provisional structured data only; missing values were not zero-filled
NBP,False,False,False,False,True,0,revenue;gross_profit;net_income;total_assets;total_liabilities;equity;cfo;capex,L4_CACHE_PRESENT,PARTIAL_PROVISIONAL_DATA,provisional structured data only; missing values were not zero-filled
NBT,False,False,False,False,True,0,revenue;gross_profit;net_income;total_assets;total_liabilities;equity;cfo;capex,L4_CACHE_PRESENT,PARTIAL_PROVISIONAL_DATA,provisional structured data only; missing values were not zero-filled
NBW,False,False,False,False,True,0,revenue;gross_profit;net_income;total_assets;total_liabilities;equity;cfo;capex,L4_CACHE_PRESENT,PARTIAL_PROVISIONAL_DATA,provisional structured data only; missing values were not zero-filled
NCG,False,False,False,False,False,0,revenue;gross_profit;net_income;total_assets;total_liabilities;equity;cfo;capex,L4_CACHE_PRESENT,INSUFFICIENT_DATA,provisional structured data only; missing values were not zero-filled
NCS,False,False,False,False,True,0,revenue;gross_profit;net_income;total_assets;total_liabilities;equity;cfo;capex,L4_CACHE_PRESENT,PARTIAL_PROVISIONAL_DATA,provisional structured data only; missing values were not zero-filled
NCT,False,False,False,False,True,0,revenue;gross_profit;net_income;total_assets;total_liabilities;equity;cfo;capex,L4_CACHE_PRESENT,PARTIAL_PROVISIONAL_DATA,provisional structured data only; missing values were not zero-filled
ND2,False,False,False,False,True,0,revenue;gross_profit;net_income;total_assets;total_liabilities;equity;cfo;capex,L4_CACHE_PRESENT,PARTIAL_PROVISIONAL_DATA,provisional structured data only; missing values were not zero-filled
NDC,False,False,False,False,False,0,revenue;gross_profit;net_income;total_assets;total_liabilities;equity;cfo;capex,L4_CACHE_PRESENT,INSUFFICIENT_DATA,provisional structured data only; missing values were not zero-filled
NDF,False,False,False,False,True,0,revenue;gross_profit;net_income;total_assets;total_liabilities;equity;cfo;capex,L4_CACHE_PRESENT,PARTIAL_PROVISIONAL_DATA,provisional structured data only; missing values were not zero-filled
NDN,False,False,False,False,True,0,revenue;gross_profit;net_income;total_assets;total_liabilities;equity;cfo;capex,L4_CACHE_PRESENT,PARTIAL_PROVISIONAL_DATA,provisional structured data only; missing values were not zero-filled
NDP,False,False,False,False,True,0,revenue;gross_profit;net_income;total_assets;total_liabilities;equity;cfo;capex,L4_CACHE_PRESENT,PARTIAL_PROVISIONAL_DATA,provisional structured data only; missing values were not zero-filled
NDT,False,False,False,False,True,0,revenue;gross_profit;net_income;total_assets;total_liabilities;equity;cfo;capex,L4_CACHE_PRESENT,PARTIAL_PROVISIONAL_DATA,provisional structured data only; missing values were not zero-filled
NDW,False,False,False,False,True,0,revenue;gross_profit;net_income;total_assets;total_liabilities;equity;cfo;capex,L4_CACHE_PRESENT,PARTIAL_PROVISIONAL_DATA,provisional structured data only; missing values were not zero-filled
NDX,False,False,False,False,True,0,revenue;gross_profit;net_income;total_assets;total_liabilities;equity;cfo;capex,L4_CACHE_PRESENT,PARTIAL_PROVISIONAL_DATA,provisional structured data only; missing values were not zero-filled
NED,False,False,False,False,True,0,revenue;gross_profit;net_income;total_assets;total_liabilities;equity;cfo;capex,L4_CACHE_PRESENT,PARTIAL_PROVISIONAL_DATA,provisional structured data only; missing values were not zero-filled
NEM,False,False,False,False,False,0,revenue;gross_profit;net_income;total_assets;total_liabilities;equity;cfo;capex,L4_CACHE_PRESENT,INSUFFICIENT_DATA,provisional structured data only; missing values were not zero-filled
NET,False,False,False,False,True,0,revenue;gross_profit;net_income;total_assets;total_liabilities;equity;cfo;capex,L4_CACHE_PRESENT,PARTIAL_PROVISIONAL_DATA,provisional structured data only; missing values were not zero-filled
NFC,False,False,False,False,True,0,revenue;gross_profit;net_income;total_assets;total_liabilities;equity;cfo;capex,L4_CACHE_PRESENT,PARTIAL_PROVISIONAL_DATA,provisional structured data only; missing values were not zero-filled
NGC,False,False,False,False,False,0,revenue;gross_profit;net_income;total_assets;total_liabilities;equity;cfo;capex,L4_CACHE_PRESENT,INSUFFICIENT_DATA,provisional structured data only; missing values were not zero-filled
NHA,False,False,False,False,True,0,revenue;gross_profit;net_income;total_assets;total_liabilities;equity;cfo;capex,L4_CACHE_PRESENT,PARTIAL_PROVISIONAL_DATA,provisional structured data only; missing values were not zero-filled
NHC,False,False,False,False,True,0,revenue;gross_profit;net_income;total_assets;total_liabilities;equity;cfo;capex,L4_CACHE_PRESENT,PARTIAL_PROVISIONAL_DATA,provisional structured data only; missing values were not zero-filled
NHH,False,False,False,False,True,0,revenue;gross_profit;net_income;total_assets;total_liabilities;equity;cfo;capex,L4_CACHE_PRESENT,PARTIAL_PROVISIONAL_DATA,provisional structured data only; missing values were not zero-filled
NHP,False,False,False,False,False,0,revenue;gross_profit;net_income;total_assets;total_liabilities;equity;cfo;capex,L4_CACHE_PRESENT,INSUFFICIENT_DATA,provisional structured data only; missing values were not zero-filled
NHT,False,False,False,False,True,0,revenue;gross_profit;net_income;total_assets;total_liabilities;equity;cfo;capex,L4_CACHE_PRESENT,PARTIAL_PROVISIONAL_DATA,provisional structured data only; missing values were not zero-filled
NHV,False,False,False,False,False,0,revenue;gross_profit;net_income;total_assets;total_liabilities;equity;cfo;capex,L4_CACHE_PRESENT,INSUFFICIENT_DATA,provisional structured data only; missing values were not zero-filled
NJC,False,False,False,False,True,0,revenue;gross_profit;net_income;total_assets;total_liabilities;equity;cfo;capex,L4_CACHE_PRESENT,PARTIAL_PROVISIONAL_DATA,provisional structured data only; missing values were not zero-filled
NKG,False,False,False,True,True,0,revenue;gross_profit;net_income;total_assets;total_liabilities;equity;cfo;capex,L4_CACHE_PRESENT,PARTIAL_PROVISIONAL_DATA,provisional structured data only; missing values were not zero-filled
NLG,False,False,False,False,True,0,revenue;gross_profit;net_income;total_assets;total_liabilities;equity;cfo;capex,L4_CACHE_PRESENT,PARTIAL_PROVISIONAL_DATA,provisional structured data only; missing values were not zero-filled
NLS,False,False,False,False,False,0,revenue;gross_profit;net_income;total_assets;total_liabilities;equity;cfo;capex,L4_CACHE_PRESENT,INSUFFICIENT_DATA,provisional structured data only; missing values were not zero-filled
NNC,False,False,False,False,True,0,revenue;gross_profit;net_income;total_assets;total_liabilities;equity;cfo;capex,L4_CACHE_PRESENT,PARTIAL_PROVISIONAL_DATA,provisional structured data only; missing values were not zero-filled
NNG,False,False,False,True,True,0,revenue;gross_profit;net_income;total_assets;total_liabilities;equity;cfo;capex,L4_CACHE_PRESENT,PARTIAL_PROVISIONAL_DATA,provisional structured data only; missing values were not zero-filled
NNQ,False,False,False,False,False,0,revenue;gross_profit;net_income;total_assets;total_liabilities;equity;cfo;capex,L4_CACHE_PRESENT,INSUFFICIENT_DATA,provisional structured data only; missing values were not zero-filled
NNT,False,False,False,False,True,0,revenue;gross_profit;net_income;total_assets;total_liabilities;equity;cfo;capex,L4_CACHE_PRESENT,PARTIAL_PROVISIONAL_DATA,provisional structured data only; missing values were not zero-filled
NO1,False,False,False,False,True,0,revenue;gross_profit;net_income;total_assets;total_liabilities;equity;cfo;capex,L4_CACHE_PRESENT,PARTIAL_PROVISIONAL_DATA,provisional structured data only; missing values were not zero-filled
NOS,False,False,False,False,True,0,revenue;gross_profit;net_income;total_assets;total_liabilities;equity;cfo;capex,L4_CACHE_PRESENT,PARTIAL_PROVISIONAL_DATA,provisional structured data only; missing values were not zero-filled
NQB,False,False,False,False,False,0,revenue;gross_profit;net_income;total_assets;total_liabilities;equity;cfo;capex,L4_CACHE_PRESENT,INSUFFICIENT_DATA,provisional structured data only; missing values were not zero-filled
NQN,False,False,False,False,True,0,revenue;gross_profit;net_income;total_assets;total_liabilities;equity;cfo;capex,L4_CACHE_PRESENT,PARTIAL_PROVISIONAL_DATA,provisional structured data only; missing values were not zero-filled
NQT,False,False,False,False,False,0,revenue;gross_profit;net_income;total_assets;total_liabilities;equity;cfo;capex,L4_CACHE_PRESENT,INSUFFICIENT_DATA,provisional structured data only; missing values were not zero-filled
NRC,False,False,False,False,True,0,revenue;gross_profit;net_income;total_assets;total_liabilities;equity;cfo;capex,L4_CACHE_PRESENT,PARTIAL_PROVISIONAL_DATA,provisional structured data only; missing values were not zero-filled
NS2,False,False,False,False,True,0,revenue;gross_profit;net_income;total_assets;total_liabilities;equity;cfo;capex,L4_CACHE_PRESENT,PARTIAL_PROVISIONAL_DATA,provisional structured data only; missing values were not zero-filled
NS3,False,False,False,False,True,0,revenue;gross_profit;net_income;total_assets;total_liabilities;equity;cfo;capex,L4_CACHE_PRESENT,PARTIAL_PROVISIONAL_DATA,provisional structured data only; missing values were not zero-filled
NSC,False,False,False,False,True,0,revenue;gross_profit;net_income;total_assets;total_liabilities;equity;cfo;capex,L4_CACHE_PRESENT,PARTIAL_PROVISIONAL_DATA,provisional structured data only; missing values were not zero-filled
NSG,False,False,False,False,False,0,revenue;gross_profit;net_income;total_assets;total_liabilities;equity;cfo;capex,L4_CACHE_PRESENT,INSUFFICIENT_DATA,provisional structured data only; missing values were not zero-filled
NSH,False,False,False,True,True,0,revenue;gross_profit;net_income;total_assets;total_liabilities;equity;cfo;capex,L4_CACHE_PRESENT,PARTIAL_PROVISIONAL_DATA,provisional structured data only; missing values were not zero-filled
NSL,False,False,False,False,False,0,revenue;gross_profit;net_income;total_assets;total_liabilities;equity;cfo;capex,L4_CACHE_PRESENT,INSUFFICIENT_DATA,provisional structured data only; missing values were not zero-filled
NSS,False,False,False,False,False,0,revenue;gross_profit;net_income;total_assets;total_liabilities;equity;cfo;capex,L4_CACHE_PRESENT,INSUFFICIENT_DATA,provisional structured data only; missing values were not zero-filled
NST,False,False,False,False,True,0,revenue;gross_profit;net_income;total_assets;total_liabilities;equity;cfo;capex,L4_CACHE_PRESENT,PARTIAL_PROVISIONAL_DATA,provisional structured data only; missing values were not zero-filled
NT2,False,False,False,False,True,0,revenue;gross_profit;net_income;total_assets;total_liabilities;equity;cfo;capex,L4_CACHE_PRESENT,PARTIAL_PROVISIONAL_DATA,provisional structured data only; missing values were not zero-filled
NTB,False,False,False,False,False,0,revenue;gross_profit;net_income;total_assets;total_liabilities;equity;cfo;capex,L4_CACHE_PRESENT,INSUFFICIENT_DATA,provisional structured data only; missing values were not zero-filled
NTC,False,False,False,False,True,0,revenue;gross_profit;net_income;total_assets;total_liabilities;equity;cfo;capex,L4_CACHE_PRESENT,PARTIAL_PROVISIONAL_DATA,provisional structured data only; missing values were not zero-filled
NTF,False,False,False,False,True,0,revenue;gross_profit;net_income;total_assets;total_liabilities;equity;cfo;capex,L4_CACHE_PRESENT,PARTIAL_PROVISIONAL_DATA,provisional structured data only; missing values were not zero-filled
NTH,False,False,False,False,True,0,revenue;gross_profit;net_income;total_assets;total_liabilities;equity;cfo;capex,L4_CACHE_PRESENT,PARTIAL_PROVISIONAL_DATA,provisional structured data only; missing values were not zero-filled
NTL,False,False,False,False,True,0,revenue;gross_profit;net_income;total_assets;total_liabilities;equity;cfo;capex,L4_CACHE_PRESENT,PARTIAL_PROVISIONAL_DATA,provisional structured data only; missing values were not zero-filled
NTP,False,False,False,False,True,0,revenue;gross_profit;net_income;total_assets;total_liabilities;equity;cfo;capex,L4_CACHE_PRESENT,PARTIAL_PROVISIONAL_DATA,provisional structured data only; missing values were not zero-filled
NTT,False,False,False,False,True,0,revenue;gross_profit;net_income;total_assets;total_liabilities;equity;cfo;capex,L4_CACHE_PRESENT,PARTIAL_PROVISIONAL_DATA,provisional structured data only; missing values were not zero-filled
NTW,False,False,False,False,True,0,revenue;gross_profit;net_income;total_assets;total_liabilities;equity;cfo;capex,L4_CACHE_PRESENT,PARTIAL_PROVISIONAL_DATA,provisional structured data only; missing values were not zero-filled
NUE,False,False,False,False,True,0,revenue;gross_profit;net_income;total_assets;total_liabilities;equity;cfo;capex,L4_CACHE_PRESENT,PARTIAL_PROVISIONAL_DATA,provisional structured data only; missing values were not zero-filled
NVB,False,False,False,False,True,0,revenue;gross_profit;net_income;total_assets;total_liabilities;equity;cfo;capex,L4_CACHE_PRESENT,PARTIAL_PROVISIONAL_DATA,provisional structured data only; missing values were not zero-filled
NVL,False,False,False,False,True,0,revenue;gross_profit;net_income;total_assets;total_liabilities;equity;cfo;capex,L4_CACHE_PRESENT,PARTIAL_PROVISIONAL_DATA,provisional structured data only; missing values were not zero-filled
NVP,False,False,False,False,False,0,revenue;gross_profit;net_income;total_assets;total_liabilities;equity;cfo;capex,L4_CACHE_PRESENT,INSUFFICIENT_DATA,provisional structured data only; missing values were not zero-filled
NVT,False,False,False,False,True,0,revenue;gross_profit;net_income;total_assets;total_liabilities;equity;cfo;capex,L4_CACHE_PRESENT,PARTIAL_PROVISIONAL_DATA,provisional structured data only; missing values were not zero-filled
NWT,False,False,False,False,False,0,revenue;gross_profit;net_income;total_assets;total_liabilities;equity;cfo;capex,L4_CACHE_PRESENT,INSUFFICIENT_DATA,provisional structured data only; missing values were not zero-filled
NXT,False,False,False,False,True,0,revenue;gross_profit;net_income;total_assets;total_liabilities;equity;cfo;capex,L4_CACHE_PRESENT,PARTIAL_PROVISIONAL_DATA,provisional structured data only; missing values were not zero-filled
OCB,False,False,False,False,True,0,revenue;gross_profit;net_income;total_assets;total_liabilities;equity;cfo;capex,L4_CACHE_PRESENT,PARTIAL_PROVISIONAL_DATA,provisional structured data only; missing values were not zero-filled
OCH,False,False,False,False,True,0,revenue;gross_profit;net_income;total_assets;total_liabilities;equity;cfo;capex,L4_CACHE_PRESENT,PARTIAL_PROVISIONAL_DATA,provisional structured data only; missing values were not zero-filled
ODE,False,False,False,True,True,0,revenue;gross_profit;net_income;total_assets;total_liabilities;equity;cfo;capex,L4_CACHE_PRESENT,PARTIAL_PROVISIONAL_DATA,provisional structured data only; missing values were not zero-filled
OGC,False,False,False,False,False,0,revenue;gross_profit;net_income;total_assets;total_liabilities;equity;cfo;capex,L4_CACHE_PRESENT,INSUFFICIENT_DATA,provisional structured data only; missing values were not zero-filled
OIL,False,False,False,False,False,0,revenue;gross_profit;net_income;total_assets;total_liabilities;equity;cfo;capex,L4_CACHE_PRESENT,INSUFFICIENT_DATA,provisional structured data only; missing values were not zero-filled
ONE,False,False,False,False,True,0,revenue;gross_profit;net_income;total_assets;total_liabilities;equity;cfo;capex,L4_CACHE_PRESENT,PARTIAL_PROVISIONAL_DATA,provisional structured data only; missing values were not zero-filled
ONW,False,False,False,False,False,0,revenue;gross_profit;net_income;total_assets;total_liabilities;equity;cfo;capex,L4_CACHE_PRESENT,INSUFFICIENT_DATA,provisional structured data only; missing values were not zero-filled
OPC,False,False,False,False,True,0,revenue;gross_profit;net_income;total_assets;total_liabilities;equity;cfo;capex,L4_CACHE_PRESENT,PARTIAL_PROVISIONAL_DATA,provisional structured data only; missing values were not zero-filled
ORS,False,False,False,True,True,0,revenue;gross_profit;net_income;total_assets;total_liabilities;equity;cfo;capex,L4_CACHE_PRESENT,PARTIAL_PROVISIONAL_DATA,provisional structured data only; missing values were not zero-filled
PAC,False,False,False,False,False,0,revenue;gross_profit;net_income;total_assets;total_liabilities;equity;cfo;capex,L4_CACHE_PRESENT,INSUFFICIENT_DATA,provisional structured data only; missing values were not zero-filled
PAI,False,False,False,False,False,0,revenue;gross_profit;net_income;total_assets;total_liabilities;equity;cfo;capex,L4_CACHE_PRESENT,INSUFFICIENT_DATA,provisional structured data only; missing values were not zero-filled
PAN,False,False,False,False,False,0,revenue;gross_profit;net_income;total_assets;total_liabilities;equity;cfo;capex,L4_CACHE_PRESENT,INSUFFICIENT_DATA,provisional structured data only; missing values were not zero-filled
PAP,False,False,False,False,False,0,revenue;gross_profit;net_income;total_assets;total_liabilities;equity;cfo;capex,L4_CACHE_PRESENT,INSUFFICIENT_DATA,provisional structured data only; missing values were not zero-filled
PAS,False,False,False,False,False,0,revenue;gross_profit;net_income;total_assets;total_liabilities;equity;cfo;capex,L4_CACHE_PRESENT,INSUFFICIENT_DATA,provisional structured data only; missing values were not zero-filled
PAT,False,False,False,False,False,0,revenue;gross_profit;net_income;total_assets;total_liabilities;equity;cfo;capex,L4_CACHE_PRESENT,INSUFFICIENT_DATA,provisional structured data only; missing values were not zero-filled
PBC,False,False,False,False,False,0,revenue;gross_profit;net_income;total_assets;total_liabilities;equity;cfo;capex,L4_CACHE_PRESENT,INSUFFICIENT_DATA,provisional structured data only; missing values were not zero-filled
PBP,False,False,False,False,False,0,revenue;gross_profit;net_income;total_assets;total_liabilities;equity;cfo;capex,L4_CACHE_PRESENT,INSUFFICIENT_DATA,provisional structured data only; missing values were not zero-filled
PBT,False,False,False,False,False,0,revenue;gross_profit;net_income;total_assets;total_liabilities;equity;cfo;capex,L4_CACHE_PRESENT,INSUFFICIENT_DATA,provisional structured data only; missing values were not zero-filled
PC1,False,False,False,False,False,0,revenue;gross_profit;net_income;total_assets;total_liabilities;equity;cfo;capex,L4_CACHE_PRESENT,INSUFFICIENT_DATA,provisional structured data only; missing values were not zero-filled
PCC,False,False,False,False,False,0,revenue;gross_profit;net_income;total_assets;total_liabilities;equity;cfo;capex,L4_CACHE_PRESENT,INSUFFICIENT_DATA,provisional structured data only; missing values were not zero-filled
PCE,False,False,False,False,False,0,revenue;gross_profit;net_income;total_assets;total_liabilities;equity;cfo;capex,L4_CACHE_PRESENT,INSUFFICIENT_DATA,provisional structured data only; missing values were not zero-filled
PCF,False,False,False,False,False,0,revenue;gross_profit;net_income;total_assets;total_liabilities;equity;cfo;capex,L4_CACHE_PRESENT,INSUFFICIENT_DATA,provisional structured data only; missing values were not zero-filled
PCG,False,False,False,False,False,0,revenue;gross_profit;net_income;total_assets;total_liabilities;equity;cfo;capex,L4_CACHE_PRESENT,INSUFFICIENT_DATA,provisional structured data only; missing values were not zero-filled
PCH,False,False,False,False,False,0,revenue;gross_profit;net_income;total_assets;total_liabilities;equity;cfo;capex,L4_CACHE_PRESENT,INSUFFICIENT_DATA,provisional structured data only; missing values were not zero-filled
PCM,False,False,False,False,False,0,revenue;gross_profit;net_income;total_assets;total_liabilities;equity;cfo;capex,L4_CACHE_PRESENT,INSUFFICIENT_DATA,provisional structured data only; missing values were not zero-filled
PCN,False,False,False,False,False,0,revenue;gross_profit;net_income;total_assets;total_liabilities;equity;cfo;capex,L4_CACHE_PRESENT,INSUFFICIENT_DATA,provisional structured data only; missing values were not zero-filled
PCT,False,False,False,False,False,0,revenue;gross_profit;net_income;total_assets;total_liabilities;equity;cfo;capex,L4_CACHE_PRESENT,INSUFFICIENT_DATA,provisional structured data only; missing values were not zero-filled
PDB,False,False,False,False,False,0,revenue;gross_profit;net_income;total_assets;total_liabilities;equity;cfo;capex,L4_CACHE_PRESENT,INSUFFICIENT_DATA,provisional structured data only; missing values were not zero-filled
PDC,False,False,False,True,True,0,revenue;gross_profit;net_income;total_assets;total_liabilities;equity;cfo;capex,L4_CACHE_PRESENT,PARTIAL_PROVISIONAL_DATA,provisional structured data only; missing values were not zero-filled
PDN,False,False,False,False,True,0,revenue;gross_profit;net_income;total_assets;total_liabilities;equity;cfo;capex,L4_CACHE_PRESENT,PARTIAL_PROVISIONAL_DATA,provisional structured data only; missing values were not zero-filled
PDR,False,False,False,False,True,0,revenue;gross_profit;net_income;total_assets;total_liabilities;equity;cfo;capex,L4_CACHE_PRESENT,PARTIAL_PROVISIONAL_DATA,provisional structured data only; missing values were not zero-filled
PDT,False,False,False,False,True,0,revenue;gross_profit;net_income;total_assets;total_liabilities;equity;cfo;capex,L4_CACHE_PRESENT,PARTIAL_PROVISIONAL_DATA,provisional structured data only; missing values were not zero-filled
PDV,False,False,False,False,True,0,revenue;gross_profit;net_income;total_assets;total_liabilities;equity;cfo;capex,L4_CACHE_PRESENT,PARTIAL_PROVISIONAL_DATA,provisional structured data only; missing values were not zero-filled
PEC,False,False,False,False,False,0,revenue;gross_profit;net_income;total_assets;total_liabilities;equity;cfo;capex,L4_CACHE_PRESENT,INSUFFICIENT_DATA,provisional structured data only; missing values were not zero-filled
PEG,False,False,False,False,True,0,revenue;gross_profit;net_income;total_assets;total_liabilities;equity;cfo;capex,L4_CACHE_PRESENT,PARTIAL_PROVISIONAL_DATA,provisional structured data only; missing values were not zero-filled
PEN,False,False,False,False,True,0,revenue;gross_profit;net_income;total_assets;total_liabilities;equity;cfo;capex,L4_CACHE_PRESENT,PARTIAL_PROVISIONAL_DATA,provisional structured data only; missing values were not zero-filled
PEQ,False,False,False,False,True,0,revenue;gross_profit;net_income;total_assets;total_liabilities;equity;cfo;capex,L4_CACHE_PRESENT,PARTIAL_PROVISIONAL_DATA,provisional structured data only; missing values were not zero-filled
PET,False,False,False,False,True,0,revenue;gross_profit;net_income;total_assets;total_liabilities;equity;cfo;capex,L4_CACHE_PRESENT,PARTIAL_PROVISIONAL_DATA,provisional structured data only; missing values were not zero-filled
PFL,False,False,False,False,True,0,revenue;gross_profit;net_income;total_assets;total_liabilities;equity;cfo;capex,L4_CACHE_PRESENT,PARTIAL_PROVISIONAL_DATA,provisional structured data only; missing values were not zero-filled
PGB,False,False,False,False,True,0,revenue;gross_profit;net_income;total_assets;total_liabilities;equity;cfo;capex,L4_CACHE_PRESENT,PARTIAL_PROVISIONAL_DATA,provisional structured data only; missing values were not zero-filled
PGC,False,False,False,False,True,0,revenue;gross_profit;net_income;total_assets;total_liabilities;equity;cfo;capex,L4_CACHE_PRESENT,PARTIAL_PROVISIONAL_DATA,provisional structured data only; missing values were not zero-filled
PGD,False,False,False,False,True,0,revenue;gross_profit;net_income;total_assets;total_liabilities;equity;cfo;capex,L4_CACHE_PRESENT,PARTIAL_PROVISIONAL_DATA,provisional structured data only; missing values were not zero-filled
PGI,False,False,False,False,False,0,revenue;gross_profit;net_income;total_assets;total_liabilities;equity;cfo;capex,L4_CACHE_PRESENT,INSUFFICIENT_DATA,provisional structured data only; missing values were not zero-filled
PGN,False,False,False,False,False,0,revenue;gross_profit;net_income;total_assets;total_liabilities;equity;cfo;capex,L4_CACHE_PRESENT,INSUFFICIENT_DATA,provisional structured data only; missing values were not zero-filled
PGS,False,False,False,False,False,0,revenue;gross_profit;net_income;total_assets;total_liabilities;equity;cfo;capex,L4_CACHE_PRESENT,INSUFFICIENT_DATA,provisional structured data only; missing values were not zero-filled
PGT,False,False,False,False,False,0,revenue;gross_profit;net_income;total_assets;total_liabilities;equity;cfo;capex,L4_CACHE_PRESENT,INSUFFICIENT_DATA,provisional structured data only; missing values were not zero-filled
PGV,False,False,False,False,False,0,revenue;gross_profit;net_income;total_assets;total_liabilities;equity;cfo;capex,L4_CACHE_PRESENT,INSUFFICIENT_DATA,provisional structured data only; missing values were not zero-filled
PHC,False,False,False,False,False,0,revenue;gross_profit;net_income;total_assets;total_liabilities;equity;cfo;capex,L4_CACHE_PRESENT,INSUFFICIENT_DATA,provisional structured data only; missing values were not zero-filled
PHH,False,False,False,False,False,0,revenue;gross_profit;net_income;total_assets;total_liabilities;equity;cfo;capex,L4_CACHE_PRESENT,INSUFFICIENT_DATA,provisional structured data only; missing values were not zero-filled
PHN,False,False,False,False,False,0,revenue;gross_profit;net_income;total_assets;total_liabilities;equity;cfo;capex,L4_CACHE_PRESENT,INSUFFICIENT_DATA,provisional structured data only; missing values were not zero-filled
PHP,False,False,False,False,False,0,revenue;gross_profit;net_income;total_assets;total_liabilities;equity;cfo;capex,L4_CACHE_PRESENT,INSUFFICIENT_DATA,provisional structured data only; missing values were not zero-filled
PHR,False,False,False,False,False,0,revenue;gross_profit;net_income;total_assets;total_liabilities;equity;cfo;capex,L4_CACHE_PRESENT,INSUFFICIENT_DATA,provisional structured data only; missing values were not zero-filled
PHS,False,False,False,False,False,0,revenue;gross_profit;net_income;total_assets;total_liabilities;equity;cfo;capex,L4_CACHE_PRESENT,INSUFFICIENT_DATA,provisional structured data only; missing values were not zero-filled
PIA,False,False,False,False,False,0,revenue;gross_profit;net_income;total_assets;total_liabilities;equity;cfo;capex,L4_CACHE_PRESENT,INSUFFICIENT_DATA,provisional structured data only; missing values were not zero-filled
PIC,False,False,False,False,False,0,revenue;gross_profit;net_income;total_assets;total_liabilities;equity;cfo;capex,L4_CACHE_PRESENT,INSUFFICIENT_DATA,provisional structured data only; missing values were not zero-filled
PID,False,False,False,False,False,0,revenue;gross_profit;net_income;total_assets;total_liabilities;equity;cfo;capex,L4_CACHE_PRESENT,INSUFFICIENT_DATA,provisional structured data only; missing values were not zero-filled
PIS,False,False,False,False,False,0,revenue;gross_profit;net_income;total_assets;total_liabilities;equity;cfo;capex,L4_CACHE_PRESENT,INSUFFICIENT_DATA,provisional structured data only; missing values were not zero-filled
PIT,False,False,False,False,False,0,revenue;gross_profit;net_income;total_assets;total_liabilities;equity;cfo;capex,L4_CACHE_PRESENT,INSUFFICIENT_DATA,provisional structured data only; missing values were not zero-filled
PIV,False,False,False,False,False,0,revenue;gross_profit;net_income;total_assets;total_liabilities;equity;cfo;capex,L4_CACHE_PRESENT,INSUFFICIENT_DATA,provisional structured data only; missing values were not zero-filled
PJC,False,False,False,False,False,0,revenue;gross_profit;net_income;total_assets;total_liabilities;equity;cfo;capex,L4_CACHE_PRESENT,INSUFFICIENT_DATA,provisional structured data only; missing values were not zero-filled
PJS,False,False,False,False,False,0,revenue;gross_profit;net_income;total_assets;total_liabilities;equity;cfo;capex,L4_CACHE_PRESENT,INSUFFICIENT_DATA,provisional structured data only; missing values were not zero-filled
PJT,False,False,False,False,False,0,revenue;gross_profit;net_income;total_assets;total_liabilities;equity;cfo;capex,L4_CACHE_PRESENT,INSUFFICIENT_DATA,provisional structured data only; missing values were not zero-filled
PLA,False,False,False,False,True,0,revenue;gross_profit;net_income;total_assets;total_liabilities;equity;cfo;capex,L4_CACHE_PRESENT,PARTIAL_PROVISIONAL_DATA,provisional structured data only; missing values were not zero-filled
PLC,False,False,False,False,True,0,revenue;gross_profit;net_income;total_assets;total_liabilities;equity;cfo;capex,L4_CACHE_PRESENT,PARTIAL_PROVISIONAL_DATA,provisional structured data only; missing values were not zero-filled
PLE,False,False,False,False,False,0,revenue;gross_profit;net_income;total_assets;total_liabilities;equity;cfo;capex,L4_CACHE_PRESENT,INSUFFICIENT_DATA,provisional structured data only; missing values were not zero-filled
PLO,False,False,False,False,False,0,revenue;gross_profit;net_income;total_assets;total_liabilities;equity;cfo;capex,L4_CACHE_PRESENT,INSUFFICIENT_DATA,provisional structured data only; missing values were not zero-filled
PLP,False,False,False,False,False,0,revenue;gross_profit;net_income;total_assets;total_liabilities;equity;cfo;capex,L4_CACHE_PRESENT,INSUFFICIENT_DATA,provisional structured data only; missing values were not zero-filled
PLX,False,False,False,False,False,0,revenue;gross_profit;net_income;total_assets;total_liabilities;equity;cfo;capex,L4_CACHE_PRESENT,INSUFFICIENT_DATA,provisional structured data only; missing values were not zero-filled
PMB,False,False,False,False,False,0,revenue;gross_profit;net_income;total_assets;total_liabilities;equity;cfo;capex,L4_CACHE_PRESENT,INSUFFICIENT_DATA,provisional structured data only; missing values were not zero-filled
PMC,False,False,False,False,False,0,revenue;gross_profit;net_income;total_assets;total_liabilities;equity;cfo;capex,L4_CACHE_PRESENT,INSUFFICIENT_DATA,provisional structured data only; missing values were not zero-filled
PMG,False,False,False,False,False,0,revenue;gross_profit;net_income;total_assets;total_liabilities;equity;cfo;capex,L4_CACHE_PRESENT,INSUFFICIENT_DATA,provisional structured data only; missing values were not zero-filled
PMJ,False,False,False,False,False,0,revenue;gross_profit;net_income;total_assets;total_liabilities;equity;cfo;capex,L4_CACHE_PRESENT,INSUFFICIENT_DATA,provisional structured data only; missing values were not zero-filled
PMP,False,False,False,False,False,0,revenue;gross_profit;net_income;total_assets;total_liabilities;equity;cfo;capex,L4_CACHE_PRESENT,INSUFFICIENT_DATA,provisional structured data only; missing values were not zero-filled
PMS,False,False,False,False,False,0,revenue;gross_profit;net_income;total_assets;total_liabilities;equity;cfo;capex,L4_CACHE_PRESENT,INSUFFICIENT_DATA,provisional structured data only; missing values were not zero-filled
PMT,False,False,False,False,False,0,revenue;gross_profit;net_income;total_assets;total_liabilities;equity;cfo;capex,L4_CACHE_PRESENT,INSUFFICIENT_DATA,provisional structured data only; missing values were not zero-filled
PMW,False,False,False,False,False,0,revenue;gross_profit;net_income;total_assets;total_liabilities;equity;cfo;capex,L4_CACHE_PRESENT,INSUFFICIENT_DATA,provisional structured data only; missing values were not zero-filled
PNC,False,False,False,False,False,0,revenue;gross_profit;net_income;total_assets;total_liabilities;equity;cfo;capex,L4_CACHE_PRESENT,INSUFFICIENT_DATA,provisional structured data only; missing values were not zero-filled
PND,False,False,False,False,False,0,revenue;gross_profit;net_income;total_assets;total_liabilities;equity;cfo;capex,L4_CACHE_PRESENT,INSUFFICIENT_DATA,provisional structured data only; missing values were not zero-filled
PNG,False,False,False,False,False,0,revenue;gross_profit;net_income;total_assets;total_liabilities;equity;cfo;capex,L4_CACHE_PRESENT,INSUFFICIENT_DATA,provisional structured data only; missing values were not zero-filled
PNJ,False,False,False,False,False,0,revenue;gross_profit;net_income;total_assets;total_liabilities;equity;cfo;capex,L4_CACHE_PRESENT,INSUFFICIENT_DATA,provisional structured data only; missing values were not zero-filled
PNP,False,False,False,False,False,0,revenue;gross_profit;net_income;total_assets;total_liabilities;equity;cfo;capex,L4_CACHE_PRESENT,INSUFFICIENT_DATA,provisional structured data only; missing values were not zero-filled
PNT,False,False,False,False,False,0,revenue;gross_profit;net_income;total_assets;total_liabilities;equity;cfo;capex,L4_CACHE_PRESENT,INSUFFICIENT_DATA,provisional structured data only; missing values were not zero-filled
POB,False,False,False,False,False,0,revenue;gross_profit;net_income;total_assets;total_liabilities;equity;cfo;capex,L4_CACHE_PRESENT,INSUFFICIENT_DATA,provisional structured data only; missing values were not zero-filled
POM,False,False,False,False,False,0,revenue;gross_profit;net_income;total_assets;total_liabilities;equity;cfo;capex,L4_CACHE_PRESENT,INSUFFICIENT_DATA,provisional structured data only; missing values were not zero-filled
POS,False,False,False,False,False,0,revenue;gross_profit;net_income;total_assets;total_liabilities;equity;cfo;capex,L4_CACHE_PRESENT,INSUFFICIENT_DATA,provisional structured data only; missing values were not zero-filled
POT,False,False,False,False,False,0,revenue;gross_profit;net_income;total_assets;total_liabilities;equity;cfo;capex,L4_CACHE_PRESENT,INSUFFICIENT_DATA,provisional structured data only; missing values were not zero-filled
POV,False,False,False,False,False,0,revenue;gross_profit;net_income;total_assets;total_liabilities;equity;cfo;capex,L4_CACHE_PRESENT,INSUFFICIENT_DATA,provisional structured data only; missing values were not zero-filled
POW,False,False,False,False,False,0,revenue;gross_profit;net_income;total_assets;total_liabilities;equity;cfo;capex,L4_CACHE_PRESENT,INSUFFICIENT_DATA,provisional structured data only; missing values were not zero-filled
PPC,False,False,False,False,False,0,revenue;gross_profit;net_income;total_assets;total_liabilities;equity;cfo;capex,L4_CACHE_PRESENT,INSUFFICIENT_DATA,provisional structured data only; missing values were not zero-filled
PPE,False,False,False,False,False,0,revenue;gross_profit;net_income;total_assets;total_liabilities;equity;cfo;capex,L4_CACHE_PRESENT,INSUFFICIENT_DATA,provisional structured data only; missing values were not zero-filled
PPH,False,False,False,False,False,0,revenue;gross_profit;net_income;total_assets;total_liabilities;equity;cfo;capex,L4_CACHE_PRESENT,INSUFFICIENT_DATA,provisional structured data only; missing values were not zero-filled
PPI,False,False,False,False,False,0,revenue;gross_profit;net_income;total_assets;total_liabilities;equity;cfo;capex,L4_CACHE_PRESENT,INSUFFICIENT_DATA,provisional structured data only; missing values were not zero-filled
PPP,False,False,False,False,False,0,revenue;gross_profit;net_income;total_assets;total_liabilities;equity;cfo;capex,L4_CACHE_PRESENT,INSUFFICIENT_DATA,provisional structured data only; missing values were not zero-filled
PPS,False,False,False,False,False,0,revenue;gross_profit;net_income;total_assets;total_liabilities;equity;cfo;capex,L4_CACHE_PRESENT,INSUFFICIENT_DATA,provisional structured data only; missing values were not zero-filled
PPT,False,False,False,False,False,0,revenue;gross_profit;net_income;total_assets;total_liabilities;equity;cfo;capex,L4_CACHE_PRESENT,INSUFFICIENT_DATA,provisional structured data only; missing values were not zero-filled
PPY,False,False,False,False,False,0,revenue;gross_profit;net_income;total_assets;total_liabilities;equity;cfo;capex,L4_CACHE_PRESENT,INSUFFICIENT_DATA,provisional structured data only; missing values were not zero-filled
PQN,False,False,False,False,False,0,revenue;gross_profit;net_income;total_assets;total_liabilities;equity;cfo;capex,L4_CACHE_PRESENT,INSUFFICIENT_DATA,provisional structured data only; missing values were not zero-filled
PRC,False,False,False,False,False,0,revenue;gross_profit;net_income;total_assets;total_liabilities;equity;cfo;capex,L4_CACHE_PRESENT,INSUFFICIENT_DATA,provisional structured data only; missing values were not zero-filled
PRE,False,False,False,False,False,0,revenue;gross_profit;net_income;total_assets;total_liabilities;equity;cfo;capex,L4_CACHE_PRESENT,INSUFFICIENT_DATA,provisional structured data only; missing values were not zero-filled
PRO,False,False,False,False,False,0,revenue;gross_profit;net_income;total_assets;total_liabilities;equity;cfo;capex,L4_CACHE_PRESENT,INSUFFICIENT_DATA,provisional structured data only; missing values were not zero-filled
PRT,False,False,False,False,False,0,revenue;gross_profit;net_income;total_assets;total_liabilities;equity;cfo;capex,L4_CACHE_PRESENT,INSUFFICIENT_DATA,provisional structured data only; missing values were not zero-filled
PSB,False,False,False,False,False,0,revenue;gross_profit;net_income;total_assets;total_liabilities;equity;cfo;capex,L4_CACHE_PRESENT,INSUFFICIENT_DATA,provisional structured data only; missing values were not zero-filled
PSC,False,False,False,False,False,0,revenue;gross_profit;net_income;total_assets;total_liabilities;equity;cfo;capex,L4_CACHE_PRESENT,INSUFFICIENT_DATA,provisional structured data only; missing values were not zero-filled
PSD,False,False,False,False,False,0,revenue;gross_profit;net_income;total_assets;total_liabilities;equity;cfo;capex,L4_CACHE_PRESENT,INSUFFICIENT_DATA,provisional structured data only; missing values were not zero-filled
PSE,False,False,False,False,False,0,revenue;gross_profit;net_income;total_assets;total_liabilities;equity;cfo;capex,L4_CACHE_PRESENT,INSUFFICIENT_DATA,provisional structured data only; missing values were not zero-filled
PSG,False,False,False,False,False,0,revenue;gross_profit;net_income;total_assets;total_liabilities;equity;cfo;capex,L4_CACHE_PRESENT,INSUFFICIENT_DATA,provisional structured data only; missing values were not zero-filled
PSH,False,False,False,False,False,0,revenue;gross_profit;net_income;total_assets;total_liabilities;equity;cfo;capex,L4_CACHE_PRESENT,INSUFFICIENT_DATA,provisional structured data only; missing values were not zero-filled
PSI,False,False,False,False,False,0,revenue;gross_profit;net_income;total_assets;total_liabilities;equity;cfo;capex,L4_CACHE_PRESENT,INSUFFICIENT_DATA,provisional structured data only; missing values were not zero-filled
PSL,False,False,False,False,False,0,revenue;gross_profit;net_income;total_assets;total_liabilities;equity;cfo;capex,L4_CACHE_PRESENT,INSUFFICIENT_DATA,provisional structured data only; missing values were not zero-filled
PSN,False,False,False,False,False,0,revenue;gross_profit;net_income;total_assets;total_liabilities;equity;cfo;capex,L4_CACHE_PRESENT,INSUFFICIENT_DATA,provisional structured data only; missing values were not zero-filled
PSP,False,False,False,False,False,0,revenue;gross_profit;net_income;total_assets;total_liabilities;equity;cfo;capex,L4_CACHE_PRESENT,INSUFFICIENT_DATA,provisional structured data only; missing values were not zero-filled
PSW,False,False,False,False,False,0,revenue;gross_profit;net_income;total_assets;total_liabilities;equity;cfo;capex,L4_CACHE_PRESENT,INSUFFICIENT_DATA,provisional structured data only; missing values were not zero-filled
PTB,False,False,False,False,False,0,revenue;gross_profit;net_income;total_assets;total_liabilities;equity;cfo;capex,L4_CACHE_PRESENT,INSUFFICIENT_DATA,provisional structured data only; missing values were not zero-filled
PTC,False,False,False,False,False,0,revenue;gross_profit;net_income;total_assets;total_liabilities;equity;cfo;capex,L4_CACHE_PRESENT,INSUFFICIENT_DATA,provisional structured data only; missing values were not zero-filled
PTD,False,False,False,False,False,0,revenue;gross_profit;net_income;total_assets;total_liabilities;equity;cfo;capex,L4_CACHE_PRESENT,INSUFFICIENT_DATA,provisional structured data only; missing values were not zero-filled
PTE,False,False,False,False,False,0,revenue;gross_profit;net_income;total_assets;total_liabilities;equity;cfo;capex,L4_CACHE_PRESENT,INSUFFICIENT_DATA,provisional structured data only; missing values were not zero-filled
PTG,False,False,False,False,False,0,revenue;gross_profit;net_income;total_assets;total_liabilities;equity;cfo;capex,L4_CACHE_PRESENT,INSUFFICIENT_DATA,provisional structured data only; missing values were not zero-filled
PTH,False,False,False,False,False,0,revenue;gross_profit;net_income;total_assets;total_liabilities;equity;cfo;capex,L4_CACHE_PRESENT,INSUFFICIENT_DATA,provisional structured data only; missing values were not zero-filled
PTI,False,False,False,False,False,0,revenue;gross_profit;net_income;total_assets;total_liabilities;equity;cfo;capex,L4_CACHE_PRESENT,INSUFFICIENT_DATA,provisional structured data only; missing values were not zero-filled
PTL,False,False,False,False,False,0,revenue;gross_profit;net_income;total_assets;total_liabilities;equity;cfo;capex,L4_CACHE_PRESENT,INSUFFICIENT_DATA,provisional structured data only; missing values were not zero-filled
PTM,False,False,False,False,False,0,revenue;gross_profit;net_income;total_assets;total_liabilities;equity;cfo;capex,L4_CACHE_PRESENT,INSUFFICIENT_DATA,provisional structured data only; missing values were not zero-filled
PTN,False,False,False,False,False,0,revenue;gross_profit;net_income;total_assets;total_liabilities;equity;cfo;capex,L4_CACHE_PRESENT,INSUFFICIENT_DATA,provisional structured data only; missing values were not zero-filled
PTO,False,False,False,False,False,0,revenue;gross_profit;net_income;total_assets;total_liabilities;equity;cfo;capex,L4_CACHE_PRESENT,INSUFFICIENT_DATA,provisional structured data only; missing values were not zero-filled
PTP,False,False,False,False,False,0,revenue;gross_profit;net_income;total_assets;total_liabilities;equity;cfo;capex,L4_CACHE_PRESENT,INSUFFICIENT_DATA,provisional structured data only; missing values were not zero-filled
PTS,False,False,False,False,False,0,revenue;gross_profit;net_income;total_assets;total_liabilities;equity;cfo;capex,L4_CACHE_PRESENT,INSUFFICIENT_DATA,provisional structured data only; missing values were not zero-filled
PTT,False,False,False,False,False,0,revenue;gross_profit;net_income;total_assets;total_liabilities;equity;cfo;capex,L4_CACHE_PRESENT,INSUFFICIENT_DATA,provisional structured data only; missing values were not zero-filled
PTV,False,False,False,False,False,0,revenue;gross_profit;net_income;total_assets;total_liabilities;equity;cfo;capex,L4_CACHE_PRESENT,INSUFFICIENT_DATA,provisional structured data only; missing values were not zero-filled
PTX,False,False,False,False,False,0,revenue;gross_profit;net_income;total_assets;total_liabilities;equity;cfo;capex,L4_CACHE_PRESENT,INSUFFICIENT_DATA,provisional structured data only; missing values were not zero-filled
PV2,False,False,False,False,False,0,revenue;gross_profit;net_income;total_assets;total_liabilities;equity;cfo;capex,L4_CACHE_PRESENT,INSUFFICIENT_DATA,provisional structured data only; missing values were not zero-filled
PVA,False,False,False,False,False,0,revenue;gross_profit;net_income;total_assets;total_liabilities;equity;cfo;capex,L4_CACHE_PRESENT,INSUFFICIENT_DATA,provisional structured data only; missing values were not zero-filled
PVB,False,False,False,False,False,0,revenue;gross_profit;net_income;total_assets;total_liabilities;equity;cfo;capex,L4_CACHE_PRESENT,INSUFFICIENT_DATA,provisional structured data only; missing values were not zero-filled
PVC,False,False,False,False,False,0,revenue;gross_profit;net_income;total_assets;total_liabilities;equity;cfo;capex,L4_CACHE_PRESENT,INSUFFICIENT_DATA,provisional structured data only; missing values were not zero-filled
PVD,False,False,False,False,False,0,revenue;gross_profit;net_income;total_assets;total_liabilities;equity;cfo;capex,L4_CACHE_PRESENT,INSUFFICIENT_DATA,provisional structured data only; missing values were not zero-filled
PVE,False,False,False,False,False,0,revenue;gross_profit;net_income;total_assets;total_liabilities;equity;cfo;capex,L4_CACHE_PRESENT,INSUFFICIENT_DATA,provisional structured data only; missing values were not zero-filled
PVG,False,False,False,False,False,0,revenue;gross_profit;net_income;total_assets;total_liabilities;equity;cfo;capex,L4_CACHE_PRESENT,INSUFFICIENT_DATA,provisional structured data only; missing values were not zero-filled
PVH,False,False,False,False,False,0,revenue;gross_profit;net_income;total_assets;total_liabilities;equity;cfo;capex,L4_CACHE_PRESENT,INSUFFICIENT_DATA,provisional structured data only; missing values were not zero-filled
PVI,False,False,False,False,False,0,revenue;gross_profit;net_income;total_assets;total_liabilities;equity;cfo;capex,L4_CACHE_PRESENT,INSUFFICIENT_DATA,provisional structured data only; missing values were not zero-filled
PVL,False,False,False,False,False,0,revenue;gross_profit;net_income;total_assets;total_liabilities;equity;cfo;capex,L4_CACHE_PRESENT,INSUFFICIENT_DATA,provisional structured data only; missing values were not zero-filled
PVM,False,False,False,False,False,0,revenue;gross_profit;net_income;total_assets;total_liabilities;equity;cfo;capex,L4_CACHE_PRESENT,INSUFFICIENT_DATA,provisional structured data only; missing values were not zero-filled
PVO,False,False,False,False,False,0,revenue;gross_profit;net_income;total_assets;total_liabilities;equity;cfo;capex,L4_CACHE_PRESENT,INSUFFICIENT_DATA,provisional structured data only; missing values were not zero-filled
PVP,False,False,False,False,False,0,revenue;gross_profit;net_income;total_assets;total_liabilities;equity;cfo;capex,L4_CACHE_PRESENT,INSUFFICIENT_DATA,provisional structured data only; missing values were not zero-filled
PVR,False,False,False,False,False,0,revenue;gross_profit;net_income;total_assets;total_liabilities;equity;cfo;capex,L4_CACHE_PRESENT,INSUFFICIENT_DATA,provisional structured data only; missing values were not zero-filled
PVS,False,False,False,False,False,0,revenue;gross_profit;net_income;total_assets;total_liabilities;equity;cfo;capex,L4_CACHE_PRESENT,INSUFFICIENT_DATA,provisional structured data only; missing values were not zero-filled
PVT,False,False,False,False,False,0,revenue;gross_profit;net_income;total_assets;total_liabilities;equity;cfo;capex,L4_CACHE_PRESENT,INSUFFICIENT_DATA,provisional structured data only; missing values were not zero-filled
PVV,False,False,False,False,False,0,revenue;gross_profit;net_income;total_assets;total_liabilities;equity;cfo;capex,L4_CACHE_PRESENT,INSUFFICIENT_DATA,provisional structured data only; missing values were not zero-filled
PVX,False,False,False,False,False,0,revenue;gross_profit;net_income;total_assets;total_liabilities;equity;cfo;capex,L4_CACHE_PRESENT,INSUFFICIENT_DATA,provisional structured data only; missing values were not zero-filled
PVY,False,False,False,False,False,0,revenue;gross_profit;net_income;total_assets;total_liabilities;equity;cfo;capex,L4_CACHE_PRESENT,INSUFFICIENT_DATA,provisional structured data only; missing values were not zero-filled
PWA,False,False,False,False,False,0,revenue;gross_profit;net_income;total_assets;total_liabilities;equity;cfo;capex,L4_CACHE_PRESENT,INSUFFICIENT_DATA,provisional structured data only; missing values were not zero-filled
PWS,False,False,False,False,False,0,revenue;gross_profit;net_income;total_assets;total_liabilities;equity;cfo;capex,L4_CACHE_PRESENT,INSUFFICIENT_DATA,provisional structured data only; missing values were not zero-filled
PX1,False,False,False,False,False,0,revenue;gross_profit;net_income;total_assets;total_liabilities;equity;cfo;capex,L4_CACHE_PRESENT,INSUFFICIENT_DATA,provisional structured data only; missing values were not zero-filled
PXA,False,False,False,False,False,0,revenue;gross_profit;net_income;total_assets;total_liabilities;equity;cfo;capex,L4_CACHE_PRESENT,INSUFFICIENT_DATA,provisional structured data only; missing values were not zero-filled
PXC,False,False,False,False,False,0,revenue;gross_profit;net_income;total_assets;total_liabilities;equity;cfo;capex,L4_CACHE_PRESENT,INSUFFICIENT_DATA,provisional structured data only; missing values were not zero-filled
PXI,False,False,False,False,False,0,revenue;gross_profit;net_income;total_assets;total_liabilities;equity;cfo;capex,L4_CACHE_PRESENT,INSUFFICIENT_DATA,provisional structured data only; missing values were not zero-filled
PXL,False,False,False,False,False,0,revenue;gross_profit;net_income;total_assets;total_liabilities;equity;cfo;capex,L4_CACHE_PRESENT,INSUFFICIENT_DATA,provisional structured data only; missing values were not zero-filled
PXM,False,False,False,False,False,0,revenue;gross_profit;net_income;total_assets;total_liabilities;equity;cfo;capex,L4_CACHE_PRESENT,INSUFFICIENT_DATA,provisional structured data only; missing values were not zero-filled
PXS,False,False,False,False,False,0,revenue;gross_profit;net_income;total_assets;total_liabilities;equity;cfo;capex,L4_CACHE_PRESENT,INSUFFICIENT_DATA,provisional structured data only; missing values were not zero-filled
PXT,False,False,False,False,False,0,revenue;gross_profit;net_income;total_assets;total_liabilities;equity;cfo;capex,L4_CACHE_PRESENT,INSUFFICIENT_DATA,provisional structured data only; missing values were not zero-filled
PYU,False,False,False,False,False,0,revenue;gross_profit;net_income;total_assets;total_liabilities;equity;cfo;capex,L4_CACHE_PRESENT,INSUFFICIENT_DATA,provisional structured data only; missing values were not zero-filled
QBS,False,False,False,False,False,0,revenue;gross_profit;net_income;total_assets;total_liabilities;equity;cfo;capex,L4_CACHE_PRESENT,INSUFFICIENT_DATA,provisional structured data only; missing values were not zero-filled
QCC,False,False,False,False,False,0,revenue;gross_profit;net_income;total_assets;total_liabilities;equity;cfo;capex,L4_CACHE_PRESENT,INSUFFICIENT_DATA,provisional structured data only; missing values were not zero-filled
QCG,False,False,False,False,False,0,revenue;gross_profit;net_income;total_assets;total_liabilities;equity;cfo;capex,L4_CACHE_PRESENT,INSUFFICIENT_DATA,provisional structured data only; missing values were not zero-filled
QHD,False,False,False,False,False,0,revenue;gross_profit;net_income;total_assets;total_liabilities;equity;cfo;capex,L4_CACHE_PRESENT,INSUFFICIENT_DATA,provisional structured data only; missing values were not zero-filled
QHW,False,False,False,False,False,0,revenue;gross_profit;net_income;total_assets;total_liabilities;equity;cfo;capex,L4_CACHE_PRESENT,INSUFFICIENT_DATA,provisional structured data only; missing values were not zero-filled
QLD,False,False,False,False,False,0,revenue;gross_profit;net_income;total_assets;total_liabilities;equity;cfo;capex,L4_CACHE_PRESENT,INSUFFICIENT_DATA,provisional structured data only; missing values were not zero-filled
QLT,False,False,False,False,False,0,revenue;gross_profit;net_income;total_assets;total_liabilities;equity;cfo;capex,L4_CACHE_PRESENT,INSUFFICIENT_DATA,provisional structured data only; missing values were not zero-filled
QNC,False,False,False,False,False,0,revenue;gross_profit;net_income;total_assets;total_liabilities;equity;cfo;capex,L4_CACHE_PRESENT,INSUFFICIENT_DATA,provisional structured data only; missing values were not zero-filled
QNP,False,False,False,False,False,0,revenue;gross_profit;net_income;total_assets;total_liabilities;equity;cfo;capex,L4_CACHE_PRESENT,INSUFFICIENT_DATA,provisional structured data only; missing values were not zero-filled
QNS,False,False,False,False,False,0,revenue;gross_profit;net_income;total_assets;total_liabilities;equity;cfo;capex,L4_CACHE_PRESENT,INSUFFICIENT_DATA,provisional structured data only; missing values were not zero-filled
QNT,False,False,False,False,False,0,revenue;gross_profit;net_income;total_assets;total_liabilities;equity;cfo;capex,L4_CACHE_PRESENT,INSUFFICIENT_DATA,provisional structured data only; missing values were not zero-filled
QNU,False,False,False,False,False,0,revenue;gross_profit;net_income;total_assets;total_liabilities;equity;cfo;capex,L4_CACHE_PRESENT,INSUFFICIENT_DATA,provisional structured data only; missing values were not zero-filled
QNW,False,False,False,False,False,0,revenue;gross_profit;net_income;total_assets;total_liabilities;equity;cfo;capex,L4_CACHE_PRESENT,INSUFFICIENT_DATA,provisional structured data only; missing values were not zero-filled
QPH,False,False,False,False,False,0,revenue;gross_profit;net_income;total_assets;total_liabilities;equity;cfo;capex,L4_CACHE_PRESENT,INSUFFICIENT_DATA,provisional structured data only; missing values were not zero-filled
QSP,False,False,False,False,False,0,revenue;gross_profit;net_income;total_assets;total_liabilities;equity;cfo;capex,L4_CACHE_PRESENT,INSUFFICIENT_DATA,provisional structured data only; missing values were not zero-filled
QST,False,False,False,False,False,0,revenue;gross_profit;net_income;total_assets;total_liabilities;equity;cfo;capex,L4_CACHE_PRESENT,INSUFFICIENT_DATA,provisional structured data only; missing values were not zero-filled
QTC,False,False,False,False,False,0,revenue;gross_profit;net_income;total_assets;total_liabilities;equity;cfo;capex,L4_CACHE_PRESENT,INSUFFICIENT_DATA,provisional structured data only; missing values were not zero-filled
QTP,False,False,False,False,False,0,revenue;gross_profit;net_income;total_assets;total_liabilities;equity;cfo;capex,L4_CACHE_PRESENT,INSUFFICIENT_DATA,provisional structured data only; missing values were not zero-filled
RAL,False,False,False,False,False,0,revenue;gross_profit;net_income;total_assets;total_liabilities;equity;cfo;capex,L4_CACHE_PRESENT,INSUFFICIENT_DATA,provisional structured data only; missing values were not zero-filled
RAT,False,False,False,False,False,0,revenue;gross_profit;net_income;total_assets;total_liabilities;equity;cfo;capex,L4_CACHE_PRESENT,INSUFFICIENT_DATA,provisional structured data only; missing values were not zero-filled
RBC,False,False,False,False,False,0,revenue;gross_profit;net_income;total_assets;total_liabilities;equity;cfo;capex,L4_CACHE_PRESENT,INSUFFICIENT_DATA,provisional structured data only; missing values were not zero-filled
RCC,False,False,False,False,False,0,revenue;gross_profit;net_income;total_assets;total_liabilities;equity;cfo;capex,L4_CACHE_PRESENT,INSUFFICIENT_DATA,provisional structured data only; missing values were not zero-filled
RCD,False,False,False,False,False,0,revenue;gross_profit;net_income;total_assets;total_liabilities;equity;cfo;capex,L4_CACHE_PRESENT,INSUFFICIENT_DATA,provisional structured data only; missing values were not zero-filled
RCL,False,False,False,False,False,0,revenue;gross_profit;net_income;total_assets;total_liabilities;equity;cfo;capex,L4_CACHE_PRESENT,INSUFFICIENT_DATA,provisional structured data only; missing values were not zero-filled
RDP,False,False,False,False,False,0,revenue;gross_profit;net_income;total_assets;total_liabilities;equity;cfo;capex,L4_CACHE_PRESENT,INSUFFICIENT_DATA,provisional structured data only; missing values were not zero-filled
REE,False,False,False,False,False,0,revenue;gross_profit;net_income;total_assets;total_liabilities;equity;cfo;capex,L4_CACHE_PRESENT,INSUFFICIENT_DATA,provisional structured data only; missing values were not zero-filled
RGC,False,False,False,False,False,0,revenue;gross_profit;net_income;total_assets;total_liabilities;equity;cfo;capex,L4_CACHE_PRESENT,INSUFFICIENT_DATA,provisional structured data only; missing values were not zero-filled
RGG,False,False,False,False,False,0,revenue;gross_profit;net_income;total_assets;total_liabilities;equity;cfo;capex,L4_CACHE_PRESENT,INSUFFICIENT_DATA,provisional structured data only; missing values were not zero-filled
RIC,False,False,False,False,False,0,revenue;gross_profit;net_income;total_assets;total_liabilities;equity;cfo;capex,L4_CACHE_PRESENT,INSUFFICIENT_DATA,provisional structured data only; missing values were not zero-filled
ROS,False,False,False,False,False,0,revenue;gross_profit;net_income;total_assets;total_liabilities;equity;cfo;capex,L4_CACHE_PRESENT,INSUFFICIENT_DATA,provisional structured data only; missing values were not zero-filled
RTB,False,False,False,False,False,0,revenue;gross_profit;net_income;total_assets;total_liabilities;equity;cfo;capex,L4_CACHE_PRESENT,INSUFFICIENT_DATA,provisional structured data only; missing values were not zero-filled
RYG,False,False,False,False,False,0,revenue;gross_profit;net_income;total_assets;total_liabilities;equity;cfo;capex,L4_CACHE_PRESENT,INSUFFICIENT_DATA,provisional structured data only; missing values were not zero-filled
S12,False,False,False,False,False,0,revenue;gross_profit;net_income;total_assets;total_liabilities;equity;cfo;capex,L4_CACHE_PRESENT,INSUFFICIENT_DATA,provisional structured data only; missing values were not zero-filled
S27,False,False,False,False,False,0,revenue;gross_profit;net_income;total_assets;total_liabilities;equity;cfo;capex,L4_CACHE_PRESENT,INSUFFICIENT_DATA,provisional structured data only; missing values were not zero-filled
S4A,False,False,False,False,False,0,revenue;gross_profit;net_income;total_assets;total_liabilities;equity;cfo;capex,L4_CACHE_PRESENT,INSUFFICIENT_DATA,provisional structured data only; missing values were not zero-filled
S55,False,False,False,False,False,0,revenue;gross_profit;net_income;total_assets;total_liabilities;equity;cfo;capex,L4_CACHE_PRESENT,INSUFFICIENT_DATA,provisional structured data only; missing values were not zero-filled
S72,False,False,False,False,False,0,revenue;gross_profit;net_income;total_assets;total_liabilities;equity;cfo;capex,L4_CACHE_PRESENT,INSUFFICIENT_DATA,provisional structured data only; missing values were not zero-filled
S74,False,False,False,False,False,0,revenue;gross_profit;net_income;total_assets;total_liabilities;equity;cfo;capex,L4_CACHE_PRESENT,INSUFFICIENT_DATA,provisional structured data only; missing values were not zero-filled
S96,False,False,False,False,False,0,revenue;gross_profit;net_income;total_assets;total_liabilities;equity;cfo;capex,L4_CACHE_PRESENT,INSUFFICIENT_DATA,provisional structured data only; missing values were not zero-filled
S99,False,False,False,False,False,0,revenue;gross_profit;net_income;total_assets;total_liabilities;equity;cfo;capex,L4_CACHE_PRESENT,INSUFFICIENT_DATA,provisional structured data only; missing values were not zero-filled
SAB,False,False,False,False,False,0,revenue;gross_profit;net_income;total_assets;total_liabilities;equity;cfo;capex,L4_CACHE_PRESENT,INSUFFICIENT_DATA,provisional structured data only; missing values were not zero-filled
SAC,False,False,False,False,False,0,revenue;gross_profit;net_income;total_assets;total_liabilities;equity;cfo;capex,L4_CACHE_PRESENT,INSUFFICIENT_DATA,provisional structured data only; missing values were not zero-filled
SAF,False,False,False,False,False,0,revenue;gross_profit;net_income;total_assets;total_liabilities;equity;cfo;capex,L4_CACHE_PRESENT,INSUFFICIENT_DATA,provisional structured data only; missing values were not zero-filled
SAL,False,False,False,False,False,0,revenue;gross_profit;net_income;total_assets;total_liabilities;equity;cfo;capex,L4_CACHE_PRESENT,INSUFFICIENT_DATA,provisional structured data only; missing values were not zero-filled
SAM,False,False,False,False,False,0,revenue;gross_profit;net_income;total_assets;total_liabilities;equity;cfo;capex,L4_CACHE_PRESENT,INSUFFICIENT_DATA,provisional structured data only; missing values were not zero-filled
SAP,False,False,False,False,False,0,revenue;gross_profit;net_income;total_assets;total_liabilities;equity;cfo;capex,L4_CACHE_PRESENT,INSUFFICIENT_DATA,provisional structured data only; missing values were not zero-filled
SAS,False,False,False,False,False,0,revenue;gross_profit;net_income;total_assets;total_liabilities;equity;cfo;capex,L4_CACHE_PRESENT,INSUFFICIENT_DATA,provisional structured data only; missing values were not zero-filled
SAV,False,False,False,False,False,0,revenue;gross_profit;net_income;total_assets;total_liabilities;equity;cfo;capex,L4_CACHE_PRESENT,INSUFFICIENT_DATA,provisional structured data only; missing values were not zero-filled
SB1,False,False,False,False,False,0,revenue;gross_profit;net_income;total_assets;total_liabilities;equity;cfo;capex,L4_CACHE_PRESENT,INSUFFICIENT_DATA,provisional structured data only; missing values were not zero-filled
SBA,False,False,False,False,False,0,revenue;gross_profit;net_income;total_assets;total_liabilities;equity;cfo;capex,L4_CACHE_PRESENT,INSUFFICIENT_DATA,provisional structured data only; missing values were not zero-filled
SBB,False,False,False,False,False,0,revenue;gross_profit;net_income;total_assets;total_liabilities;equity;cfo;capex,L4_CACHE_PRESENT,INSUFFICIENT_DATA,provisional structured data only; missing values were not zero-filled
SBD,False,False,False,False,False,0,revenue;gross_profit;net_income;total_assets;total_liabilities;equity;cfo;capex,L4_CACHE_PRESENT,INSUFFICIENT_DATA,provisional structured data only; missing values were not zero-filled
SBG,False,False,False,False,False,0,revenue;gross_profit;net_income;total_assets;total_liabilities;equity;cfo;capex,L4_CACHE_PRESENT,INSUFFICIENT_DATA,provisional structured data only; missing values were not zero-filled
SBH,False,False,False,False,False,0,revenue;gross_profit;net_income;total_assets;total_liabilities;equity;cfo;capex,L4_CACHE_PRESENT,INSUFFICIENT_DATA,provisional structured data only; missing values were not zero-filled
SBL,False,False,False,False,False,0,revenue;gross_profit;net_income;total_assets;total_liabilities;equity;cfo;capex,L4_CACHE_PRESENT,INSUFFICIENT_DATA,provisional structured data only; missing values were not zero-filled
SBM,False,False,False,False,False,0,revenue;gross_profit;net_income;total_assets;total_liabilities;equity;cfo;capex,L4_CACHE_PRESENT,INSUFFICIENT_DATA,provisional structured data only; missing values were not zero-filled
SBR,False,False,False,False,False,0,revenue;gross_profit;net_income;total_assets;total_liabilities;equity;cfo;capex,L4_CACHE_PRESENT,INSUFFICIENT_DATA,provisional structured data only; missing values were not zero-filled
SBS,False,False,False,False,False,0,revenue;gross_profit;net_income;total_assets;total_liabilities;equity;cfo;capex,L4_CACHE_PRESENT,INSUFFICIENT_DATA,provisional structured data only; missing values were not zero-filled
SBT,False,False,False,False,False,0,revenue;gross_profit;net_income;total_assets;total_liabilities;equity;cfo;capex,L4_CACHE_PRESENT,INSUFFICIENT_DATA,provisional structured data only; missing values were not zero-filled
SBV,False,False,False,False,False,0,revenue;gross_profit;net_income;total_assets;total_liabilities;equity;cfo;capex,L4_CACHE_PRESENT,INSUFFICIENT_DATA,provisional structured data only; missing values were not zero-filled
SC5,False,False,False,False,False,0,revenue;gross_profit;net_income;total_assets;total_liabilities;equity;cfo;capex,L4_CACHE_PRESENT,INSUFFICIENT_DATA,provisional structured data only; missing values were not zero-filled
SCA,False,False,False,False,False,0,revenue;gross_profit;net_income;total_assets;total_liabilities;equity;cfo;capex,L4_CACHE_PRESENT,INSUFFICIENT_DATA,provisional structured data only; missing values were not zero-filled
SCC,False,False,False,False,False,0,revenue;gross_profit;net_income;total_assets;total_liabilities;equity;cfo;capex,L4_CACHE_PRESENT,INSUFFICIENT_DATA,provisional structured data only; missing values were not zero-filled
SCD,False,False,False,False,False,0,revenue;gross_profit;net_income;total_assets;total_liabilities;equity;cfo;capex,L4_CACHE_PRESENT,INSUFFICIENT_DATA,provisional structured data only; missing values were not zero-filled
SCG,False,False,False,False,False,0,revenue;gross_profit;net_income;total_assets;total_liabilities;equity;cfo;capex,L4_CACHE_PRESENT,INSUFFICIENT_DATA,provisional structured data only; missing values were not zero-filled
SCI,False,False,False,False,False,0,revenue;gross_profit;net_income;total_assets;total_liabilities;equity;cfo;capex,L4_CACHE_PRESENT,INSUFFICIENT_DATA,provisional structured data only; missing values were not zero-filled
SCJ,False,False,False,False,False,0,revenue;gross_profit;net_income;total_assets;total_liabilities;equity;cfo;capex,L4_CACHE_PRESENT,INSUFFICIENT_DATA,provisional structured data only; missing values were not zero-filled
SCL,False,False,False,False,False,0,revenue;gross_profit;net_income;total_assets;total_liabilities;equity;cfo;capex,L4_CACHE_PRESENT,INSUFFICIENT_DATA,provisional structured data only; missing values were not zero-filled
SCO,False,False,False,False,False,0,revenue;gross_profit;net_income;total_assets;total_liabilities;equity;cfo;capex,L4_CACHE_PRESENT,INSUFFICIENT_DATA,provisional structured data only; missing values were not zero-filled
SCR,False,False,False,False,False,0,revenue;gross_profit;net_income;total_assets;total_liabilities;equity;cfo;capex,L4_CACHE_PRESENT,INSUFFICIENT_DATA,provisional structured data only; missing values were not zero-filled
SCS,False,False,False,False,False,0,revenue;gross_profit;net_income;total_assets;total_liabilities;equity;cfo;capex,L4_CACHE_PRESENT,INSUFFICIENT_DATA,provisional structured data only; missing values were not zero-filled
SCV,False,False,False,False,False,0,revenue;gross_profit;net_income;total_assets;total_liabilities;equity;cfo;capex,L4_CACHE_PRESENT,INSUFFICIENT_DATA,provisional structured data only; missing values were not zero-filled
SCY,False,False,False,False,False,0,revenue;gross_profit;net_income;total_assets;total_liabilities;equity;cfo;capex,L4_CACHE_PRESENT,INSUFFICIENT_DATA,provisional structured data only; missing values were not zero-filled
SD1,False,False,False,False,False,0,revenue;gross_profit;net_income;total_assets;total_liabilities;equity;cfo;capex,L4_CACHE_PRESENT,INSUFFICIENT_DATA,provisional structured data only; missing values were not zero-filled
SD2,False,False,False,False,False,0,revenue;gross_profit;net_income;total_assets;total_liabilities;equity;cfo;capex,L4_CACHE_PRESENT,INSUFFICIENT_DATA,provisional structured data only; missing values were not zero-filled
SD3,False,False,False,False,False,0,revenue;gross_profit;net_income;total_assets;total_liabilities;equity;cfo;capex,L4_CACHE_PRESENT,INSUFFICIENT_DATA,provisional structured data only; missing values were not zero-filled
SD4,False,False,False,False,False,0,revenue;gross_profit;net_income;total_assets;total_liabilities;equity;cfo;capex,L4_CACHE_PRESENT,INSUFFICIENT_DATA,provisional structured data only; missing values were not zero-filled
SD5,False,False,False,False,False,0,revenue;gross_profit;net_income;total_assets;total_liabilities;equity;cfo;capex,L4_CACHE_PRESENT,INSUFFICIENT_DATA,provisional structured data only; missing values were not zero-filled
SD6,False,False,False,False,False,0,revenue;gross_profit;net_income;total_assets;total_liabilities;equity;cfo;capex,L4_CACHE_PRESENT,INSUFFICIENT_DATA,provisional structured data only; missing values were not zero-filled
SD7,False,False,False,False,False,0,revenue;gross_profit;net_income;total_assets;total_liabilities;equity;cfo;capex,L4_CACHE_PRESENT,INSUFFICIENT_DATA,provisional structured data only; missing values were not zero-filled
SD8,False,False,False,False,False,0,revenue;gross_profit;net_income;total_assets;total_liabilities;equity;cfo;capex,L4_CACHE_PRESENT,INSUFFICIENT_DATA,provisional structured data only; missing values were not zero-filled
SD9,False,False,False,False,False,0,revenue;gross_profit;net_income;total_assets;total_liabilities;equity;cfo;capex,L4_CACHE_PRESENT,INSUFFICIENT_DATA,provisional structured data only; missing values were not zero-filled
SDA,False,False,False,False,False,0,revenue;gross_profit;net_income;total_assets;total_liabilities;equity;cfo;capex,L4_CACHE_PRESENT,INSUFFICIENT_DATA,provisional structured data only; missing values were not zero-filled
SDB,False,False,False,False,False,0,revenue;gross_profit;net_income;total_assets;total_liabilities;equity;cfo;capex,L4_CACHE_PRESENT,INSUFFICIENT_DATA,provisional structured data only; missing values were not zero-filled
SDC,False,False,False,False,False,0,revenue;gross_profit;net_income;total_assets;total_liabilities;equity;cfo;capex,L4_CACHE_PRESENT,INSUFFICIENT_DATA,provisional structured data only; missing values were not zero-filled
SDD,False,False,False,False,False,0,revenue;gross_profit;net_income;total_assets;total_liabilities;equity;cfo;capex,L4_CACHE_PRESENT,INSUFFICIENT_DATA,provisional structured data only; missing values were not zero-filled
SDG,False,False,False,False,False,0,revenue;gross_profit;net_income;total_assets;total_liabilities;equity;cfo;capex,L4_CACHE_PRESENT,INSUFFICIENT_DATA,provisional structured data only; missing values were not zero-filled
SDH,False,False,False,False,False,0,revenue;gross_profit;net_income;total_assets;total_liabilities;equity;cfo;capex,L4_CACHE_PRESENT,INSUFFICIENT_DATA,provisional structured data only; missing values were not zero-filled
SDJ,False,False,False,False,False,0,revenue;gross_profit;net_income;total_assets;total_liabilities;equity;cfo;capex,L4_CACHE_PRESENT,INSUFFICIENT_DATA,provisional structured data only; missing values were not zero-filled
SDK,False,False,False,False,False,0,revenue;gross_profit;net_income;total_assets;total_liabilities;equity;cfo;capex,L4_CACHE_PRESENT,INSUFFICIENT_DATA,provisional structured data only; missing values were not zero-filled
SDN,False,False,False,False,False,0,revenue;gross_profit;net_income;total_assets;total_liabilities;equity;cfo;capex,L4_CACHE_PRESENT,INSUFFICIENT_DATA,provisional structured data only; missing values were not zero-filled
SDP,False,False,False,False,False,0,revenue;gross_profit;net_income;total_assets;total_liabilities;equity;cfo;capex,L4_CACHE_PRESENT,INSUFFICIENT_DATA,provisional structured data only; missing values were not zero-filled
SDT,False,False,False,False,False,0,revenue;gross_profit;net_income;total_assets;total_liabilities;equity;cfo;capex,L4_CACHE_PRESENT,INSUFFICIENT_DATA,provisional structured data only; missing values were not zero-filled
SDU,False,False,False,False,False,0,revenue;gross_profit;net_income;total_assets;total_liabilities;equity;cfo;capex,L4_CACHE_PRESENT,INSUFFICIENT_DATA,provisional structured data only; missing values were not zero-filled
SDV,False,False,False,False,False,0,revenue;gross_profit;net_income;total_assets;total_liabilities;equity;cfo;capex,L4_CACHE_PRESENT,INSUFFICIENT_DATA,provisional structured data only; missing values were not zero-filled
SDX,False,False,False,False,False,0,revenue;gross_profit;net_income;total_assets;total_liabilities;equity;cfo;capex,L4_CACHE_PRESENT,INSUFFICIENT_DATA,provisional structured data only; missing values were not zero-filled
SDY,False,False,False,False,False,0,revenue;gross_profit;net_income;total_assets;total_liabilities;equity;cfo;capex,L4_CACHE_PRESENT,INSUFFICIENT_DATA,provisional structured data only; missing values were not zero-filled
SEA,False,False,False,False,False,0,revenue;gross_profit;net_income;total_assets;total_liabilities;equity;cfo;capex,L4_CACHE_PRESENT,INSUFFICIENT_DATA,provisional structured data only; missing values were not zero-filled
SEB,False,False,False,False,False,0,revenue;gross_profit;net_income;total_assets;total_liabilities;equity;cfo;capex,L4_CACHE_PRESENT,INSUFFICIENT_DATA,provisional structured data only; missing values were not zero-filled
SED,False,False,False,False,False,0,revenue;gross_profit;net_income;total_assets;total_liabilities;equity;cfo;capex,L4_CACHE_PRESENT,INSUFFICIENT_DATA,provisional structured data only; missing values were not zero-filled
SEP,False,False,False,False,False,0,revenue;gross_profit;net_income;total_assets;total_liabilities;equity;cfo;capex,L4_CACHE_PRESENT,INSUFFICIENT_DATA,provisional structured data only; missing values were not zero-filled
SFC,False,False,False,False,False,0,revenue;gross_profit;net_income;total_assets;total_liabilities;equity;cfo;capex,L4_CACHE_PRESENT,INSUFFICIENT_DATA,provisional structured data only; missing values were not zero-filled
SFG,False,False,False,False,False,0,revenue;gross_profit;net_income;total_assets;total_liabilities;equity;cfo;capex,L4_CACHE_PRESENT,INSUFFICIENT_DATA,provisional structured data only; missing values were not zero-filled
SFI,False,False,False,False,False,0,revenue;gross_profit;net_income;total_assets;total_liabilities;equity;cfo;capex,L4_CACHE_PRESENT,INSUFFICIENT_DATA,provisional structured data only; missing values were not zero-filled
SFN,False,False,False,False,False,0,revenue;gross_profit;net_income;total_assets;total_liabilities;equity;cfo;capex,L4_CACHE_PRESENT,INSUFFICIENT_DATA,provisional structured data only; missing values were not zero-filled
SGB,False,False,False,False,False,0,revenue;gross_profit;net_income;total_assets;total_liabilities;equity;cfo;capex,L4_CACHE_PRESENT,INSUFFICIENT_DATA,provisional structured data only; missing values were not zero-filled
SGC,False,False,False,False,False,0,revenue;gross_profit;net_income;total_assets;total_liabilities;equity;cfo;capex,L4_CACHE_PRESENT,INSUFFICIENT_DATA,provisional structured data only; missing values were not zero-filled
SGD,False,False,False,False,False,0,revenue;gross_profit;net_income;total_assets;total_liabilities;equity;cfo;capex,L4_CACHE_PRESENT,INSUFFICIENT_DATA,provisional structured data only; missing values were not zero-filled
SGH,False,False,False,False,False,0,revenue;gross_profit;net_income;total_assets;total_liabilities;equity;cfo;capex,L4_CACHE_PRESENT,INSUFFICIENT_DATA,provisional structured data only; missing values were not zero-filled
SGI,False,False,False,False,False,0,revenue;gross_profit;net_income;total_assets;total_liabilities;equity;cfo;capex,L4_CACHE_PRESENT,INSUFFICIENT_DATA,provisional structured data only; missing values were not zero-filled
SGN,False,False,False,False,False,0,revenue;gross_profit;net_income;total_assets;total_liabilities;equity;cfo;capex,L4_CACHE_PRESENT,INSUFFICIENT_DATA,provisional structured data only; missing values were not zero-filled
SGO,False,False,False,False,False,0,revenue;gross_profit;net_income;total_assets;total_liabilities;equity;cfo;capex,L4_CACHE_PRESENT,INSUFFICIENT_DATA,provisional structured data only; missing values were not zero-filled
SGP,False,False,False,False,False,0,revenue;gross_profit;net_income;total_assets;total_liabilities;equity;cfo;capex,L4_CACHE_PRESENT,INSUFFICIENT_DATA,provisional structured data only; missing values were not zero-filled
SGR,False,False,False,False,False,0,revenue;gross_profit;net_income;total_assets;total_liabilities;equity;cfo;capex,L4_CACHE_PRESENT,INSUFFICIENT_DATA,provisional structured data only; missing values were not zero-filled
SGS,False,False,False,False,False,0,revenue;gross_profit;net_income;total_assets;total_liabilities;equity;cfo;capex,L4_CACHE_PRESENT,INSUFFICIENT_DATA,provisional structured data only; missing values were not zero-filled
SGT,False,False,False,False,False,0,revenue;gross_profit;net_income;total_assets;total_liabilities;equity;cfo;capex,L4_CACHE_PRESENT,INSUFFICIENT_DATA,provisional structured data only; missing values were not zero-filled
SHA,False,False,False,False,False,0,revenue;gross_profit;net_income;total_assets;total_liabilities;equity;cfo;capex,L4_CACHE_PRESENT,INSUFFICIENT_DATA,provisional structured data only; missing values were not zero-filled
SHB,False,False,False,False,False,0,revenue;gross_profit;net_income;total_assets;total_liabilities;equity;cfo;capex,L4_CACHE_PRESENT,INSUFFICIENT_DATA,provisional structured data only; missing values were not zero-filled
SHC,False,False,False,False,False,0,revenue;gross_profit;net_income;total_assets;total_liabilities;equity;cfo;capex,L4_CACHE_PRESENT,INSUFFICIENT_DATA,provisional structured data only; missing values were not zero-filled
SHE,False,False,False,False,False,0,revenue;gross_profit;net_income;total_assets;total_liabilities;equity;cfo;capex,L4_CACHE_PRESENT,INSUFFICIENT_DATA,provisional structured data only; missing values were not zero-filled
SHG,False,False,False,False,False,0,revenue;gross_profit;net_income;total_assets;total_liabilities;equity;cfo;capex,L4_CACHE_PRESENT,INSUFFICIENT_DATA,provisional structured data only; missing values were not zero-filled
SHI,False,False,False,False,False,0,revenue;gross_profit;net_income;total_assets;total_liabilities;equity;cfo;capex,L4_CACHE_PRESENT,INSUFFICIENT_DATA,provisional structured data only; missing values were not zero-filled
SHN,False,False,False,False,False,0,revenue;gross_profit;net_income;total_assets;total_liabilities;equity;cfo;capex,L4_CACHE_PRESENT,INSUFFICIENT_DATA,provisional structured data only; missing values were not zero-filled
SHP,False,False,False,False,False,0,revenue;gross_profit;net_income;total_assets;total_liabilities;equity;cfo;capex,L4_CACHE_PRESENT,INSUFFICIENT_DATA,provisional structured data only; missing values were not zero-filled
SHS,False,False,False,False,False,0,revenue;gross_profit;net_income;total_assets;total_liabilities;equity;cfo;capex,L4_CACHE_PRESENT,INSUFFICIENT_DATA,provisional structured data only; missing values were not zero-filled
SHX,False,False,False,False,False,0,revenue;gross_profit;net_income;total_assets;total_liabilities;equity;cfo;capex,L4_CACHE_PRESENT,INSUFFICIENT_DATA,provisional structured data only; missing values were not zero-filled
SIC,False,False,False,False,False,0,revenue;gross_profit;net_income;total_assets;total_liabilities;equity;cfo;capex,L4_CACHE_PRESENT,INSUFFICIENT_DATA,provisional structured data only; missing values were not zero-filled
SID,False,False,False,False,False,0,revenue;gross_profit;net_income;total_assets;total_liabilities;equity;cfo;capex,L4_CACHE_PRESENT,INSUFFICIENT_DATA,provisional structured data only; missing values were not zero-filled
SIG,False,False,False,False,False,0,revenue;gross_profit;net_income;total_assets;total_liabilities;equity;cfo;capex,L4_CACHE_PRESENT,INSUFFICIENT_DATA,provisional structured data only; missing values were not zero-filled
SII,False,False,False,False,False,0,revenue;gross_profit;net_income;total_assets;total_liabilities;equity;cfo;capex,L4_CACHE_PRESENT,INSUFFICIENT_DATA,provisional structured data only; missing values were not zero-filled
SIP,False,False,False,False,False,0,revenue;gross_profit;net_income;total_assets;total_liabilities;equity;cfo;capex,L4_CACHE_PRESENT,INSUFFICIENT_DATA,provisional structured data only; missing values were not zero-filled
SIV,False,False,False,False,False,0,revenue;gross_profit;net_income;total_assets;total_liabilities;equity;cfo;capex,L4_CACHE_PRESENT,INSUFFICIENT_DATA,provisional structured data only; missing values were not zero-filled
SJ1,False,False,False,False,False,0,revenue;gross_profit;net_income;total_assets;total_liabilities;equity;cfo;capex,L4_CACHE_PRESENT,INSUFFICIENT_DATA,provisional structured data only; missing values were not zero-filled
SJC,False,False,False,False,False,0,revenue;gross_profit;net_income;total_assets;total_liabilities;equity;cfo;capex,L4_CACHE_PRESENT,INSUFFICIENT_DATA,provisional structured data only; missing values were not zero-filled
SJD,False,False,False,False,False,0,revenue;gross_profit;net_income;total_assets;total_liabilities;equity;cfo;capex,L4_CACHE_PRESENT,INSUFFICIENT_DATA,provisional structured data only; missing values were not zero-filled
SJE,False,False,False,False,False,0,revenue;gross_profit;net_income;total_assets;total_liabilities;equity;cfo;capex,L4_CACHE_PRESENT,INSUFFICIENT_DATA,provisional structured data only; missing values were not zero-filled
SJF,False,False,False,False,False,0,revenue;gross_profit;net_income;total_assets;total_liabilities;equity;cfo;capex,L4_CACHE_PRESENT,INSUFFICIENT_DATA,provisional structured data only; missing values were not zero-filled
SJG,False,False,False,False,False,0,revenue;gross_profit;net_income;total_assets;total_liabilities;equity;cfo;capex,L4_CACHE_PRESENT,INSUFFICIENT_DATA,provisional structured data only; missing values were not zero-filled
SJM,False,False,False,False,False,0,revenue;gross_profit;net_income;total_assets;total_liabilities;equity;cfo;capex,L4_CACHE_PRESENT,INSUFFICIENT_DATA,provisional structured data only; missing values were not zero-filled
SJS,False,False,False,False,False,0,revenue;gross_profit;net_income;total_assets;total_liabilities;equity;cfo;capex,L4_CACHE_PRESENT,INSUFFICIENT_DATA,provisional structured data only; missing values were not zero-filled
SKG,False,False,False,False,False,0,revenue;gross_profit;net_income;total_assets;total_liabilities;equity;cfo;capex,L4_CACHE_PRESENT,INSUFFICIENT_DATA,provisional structured data only; missing values were not zero-filled
SKH,False,False,False,False,False,0,revenue;gross_profit;net_income;total_assets;total_liabilities;equity;cfo;capex,L4_CACHE_PRESENT,INSUFFICIENT_DATA,provisional structured data only; missing values were not zero-filled
SKN,False,False,False,False,False,0,revenue;gross_profit;net_income;total_assets;total_liabilities;equity;cfo;capex,L4_CACHE_PRESENT,INSUFFICIENT_DATA,provisional structured data only; missing values were not zero-filled
SKV,False,False,False,False,False,0,revenue;gross_profit;net_income;total_assets;total_liabilities;equity;cfo;capex,L4_CACHE_PRESENT,INSUFFICIENT_DATA,provisional structured data only; missing values were not zero-filled
SLD,False,False,False,False,False,0,revenue;gross_profit;net_income;total_assets;total_liabilities;equity;cfo;capex,L4_CACHE_PRESENT,INSUFFICIENT_DATA,provisional structured data only; missing values were not zero-filled
SLS,False,False,False,False,False,0,revenue;gross_profit;net_income;total_assets;total_liabilities;equity;cfo;capex,L4_CACHE_PRESENT,INSUFFICIENT_DATA,provisional structured data only; missing values were not zero-filled
SMA,False,False,False,False,False,0,revenue;gross_profit;net_income;total_assets;total_liabilities;equity;cfo;capex,L4_CACHE_PRESENT,INSUFFICIENT_DATA,provisional structured data only; missing values were not zero-filled
SMB,False,False,False,False,False,0,revenue;gross_profit;net_income;total_assets;total_liabilities;equity;cfo;capex,L4_CACHE_PRESENT,INSUFFICIENT_DATA,provisional structured data only; missing values were not zero-filled
SMC,False,False,False,False,False,0,revenue;gross_profit;net_income;total_assets;total_liabilities;equity;cfo;capex,L4_CACHE_PRESENT,INSUFFICIENT_DATA,provisional structured data only; missing values were not zero-filled
SMN,False,False,False,False,False,0,revenue;gross_profit;net_income;total_assets;total_liabilities;equity;cfo;capex,L4_CACHE_PRESENT,INSUFFICIENT_DATA,provisional structured data only; missing values were not zero-filled
SMT,False,False,False,False,False,0,revenue;gross_profit;net_income;total_assets;total_liabilities;equity;cfo;capex,L4_CACHE_PRESENT,INSUFFICIENT_DATA,provisional structured data only; missing values were not zero-filled
SNC,False,False,False,False,True,0,revenue;gross_profit;net_income;total_assets;total_liabilities;equity;cfo;capex,L4_CACHE_PRESENT,PARTIAL_PROVISIONAL_DATA,provisional structured data only; missing values were not zero-filled
SNZ,False,False,False,False,True,0,revenue;gross_profit;net_income;total_assets;total_liabilities;equity;cfo;capex,L4_CACHE_PRESENT,PARTIAL_PROVISIONAL_DATA,provisional structured data only; missing values were not zero-filled
SON,False,False,False,False,True,0,revenue;gross_profit;net_income;total_assets;total_liabilities;equity;cfo;capex,L4_CACHE_PRESENT,PARTIAL_PROVISIONAL_DATA,provisional structured data only; missing values were not zero-filled
SP2,False,False,False,False,True,0,revenue;gross_profit;net_income;total_assets;total_liabilities;equity;cfo;capex,L4_CACHE_PRESENT,PARTIAL_PROVISIONAL_DATA,provisional structured data only; missing values were not zero-filled
SPA,False,False,False,False,True,0,revenue;gross_profit;net_income;total_assets;total_liabilities;equity;cfo;capex,L4_CACHE_PRESENT,PARTIAL_PROVISIONAL_DATA,provisional structured data only; missing values were not zero-filled
SPB,False,False,False,False,False,0,revenue;gross_profit;net_income;total_assets;total_liabilities;equity;cfo;capex,L4_CACHE_PRESENT,INSUFFICIENT_DATA,provisional structured data only; missing values were not zero-filled
SPC,False,False,False,False,False,0,revenue;gross_profit;net_income;total_assets;total_liabilities;equity;cfo;capex,L4_CACHE_PRESENT,INSUFFICIENT_DATA,provisional structured data only; missing values were not zero-filled
SPD,False,False,False,False,False,0,revenue;gross_profit;net_income;total_assets;total_liabilities;equity;cfo;capex,L4_CACHE_PRESENT,INSUFFICIENT_DATA,provisional structured data only; missing values were not zero-filled
SPH,False,False,False,False,False,0,revenue;gross_profit;net_income;total_assets;total_liabilities;equity;cfo;capex,L4_CACHE_PRESENT,INSUFFICIENT_DATA,provisional structured data only; missing values were not zero-filled
SPI,False,False,False,False,True,0,revenue;gross_profit;net_income;total_assets;total_liabilities;equity;cfo;capex,L4_CACHE_PRESENT,PARTIAL_PROVISIONAL_DATA,provisional structured data only; missing values were not zero-filled
SPM,False,False,False,False,True,0,revenue;gross_profit;net_income;total_assets;total_liabilities;equity;cfo;capex,L4_CACHE_PRESENT,PARTIAL_PROVISIONAL_DATA,provisional structured data only; missing values were not zero-filled
SPP,False,False,False,False,True,0,revenue;gross_profit;net_income;total_assets;total_liabilities;equity;cfo;capex,L4_CACHE_PRESENT,PARTIAL_PROVISIONAL_DATA,provisional structured data only; missing values were not zero-filled
SPV,False,False,False,False,True,0,revenue;gross_profit;net_income;total_assets;total_liabilities;equity;cfo;capex,L4_CACHE_PRESENT,PARTIAL_PROVISIONAL_DATA,provisional structured data only; missing values were not zero-filled
SQC,False,False,False,False,True,0,revenue;gross_profit;net_income;total_assets;total_liabilities;equity;cfo;capex,L4_CACHE_PRESENT,PARTIAL_PROVISIONAL_DATA,provisional structured data only; missing values were not zero-filled
SRA,False,False,False,False,True,0,revenue;gross_profit;net_income;total_assets;total_liabilities;equity;cfo;capex,L4_CACHE_PRESENT,PARTIAL_PROVISIONAL_DATA,provisional structured data only; missing values were not zero-filled
SRB,False,False,False,False,True,0,revenue;gross_profit;net_income;total_assets;total_liabilities;equity;cfo;capex,L4_CACHE_PRESENT,PARTIAL_PROVISIONAL_DATA,provisional structured data only; missing values were not zero-filled
SRC,False,False,False,False,False,0,revenue;gross_profit;net_income;total_assets;total_liabilities;equity;cfo;capex,L4_CACHE_PRESENT,INSUFFICIENT_DATA,provisional structured data only; missing values were not zero-filled
SRF,False,False,False,False,False,0,revenue;gross_profit;net_income;total_assets;total_liabilities;equity;cfo;capex,L4_CACHE_PRESENT,INSUFFICIENT_DATA,provisional structured data only; missing values were not zero-filled
SRT,False,False,False,False,False,0,revenue;gross_profit;net_income;total_assets;total_liabilities;equity;cfo;capex,L4_CACHE_PRESENT,INSUFFICIENT_DATA,provisional structured data only; missing values were not zero-filled
SSB,False,False,False,False,False,0,revenue;gross_profit;net_income;total_assets;total_liabilities;equity;cfo;capex,L4_CACHE_PRESENT,INSUFFICIENT_DATA,provisional structured data only; missing values were not zero-filled
SSC,False,False,False,False,False,0,revenue;gross_profit;net_income;total_assets;total_liabilities;equity;cfo;capex,L4_CACHE_PRESENT,INSUFFICIENT_DATA,provisional structured data only; missing values were not zero-filled
SSF,False,False,False,False,False,0,revenue;gross_profit;net_income;total_assets;total_liabilities;equity;cfo;capex,L4_CACHE_PRESENT,INSUFFICIENT_DATA,provisional structured data only; missing values were not zero-filled
SSG,False,False,False,False,False,0,revenue;gross_profit;net_income;total_assets;total_liabilities;equity;cfo;capex,L4_CACHE_PRESENT,INSUFFICIENT_DATA,provisional structured data only; missing values were not zero-filled
SSH,False,False,False,False,False,0,revenue;gross_profit;net_income;total_assets;total_liabilities;equity;cfo;capex,L4_CACHE_PRESENT,INSUFFICIENT_DATA,provisional structured data only; missing values were not zero-filled
SSI,False,False,False,False,False,0,revenue;gross_profit;net_income;total_assets;total_liabilities;equity;cfo;capex,L4_CACHE_PRESENT,INSUFFICIENT_DATA,provisional structured data only; missing values were not zero-filled
SSM,False,False,False,False,False,0,revenue;gross_profit;net_income;total_assets;total_liabilities;equity;cfo;capex,L4_CACHE_PRESENT,INSUFFICIENT_DATA,provisional structured data only; missing values were not zero-filled
SSN,False,False,False,False,False,0,revenue;gross_profit;net_income;total_assets;total_liabilities;equity;cfo;capex,L4_CACHE_PRESENT,INSUFFICIENT_DATA,provisional structured data only; missing values were not zero-filled
SSU,False,False,False,False,False,0,revenue;gross_profit;net_income;total_assets;total_liabilities;equity;cfo;capex,L4_CACHE_PRESENT,INSUFFICIENT_DATA,provisional structured data only; missing values were not zero-filled
ST8,False,False,False,False,False,0,revenue;gross_profit;net_income;total_assets;total_liabilities;equity;cfo;capex,L4_CACHE_PRESENT,INSUFFICIENT_DATA,provisional structured data only; missing values were not zero-filled
STB,False,False,False,False,False,0,revenue;gross_profit;net_income;total_assets;total_liabilities;equity;cfo;capex,L4_CACHE_PRESENT,INSUFFICIENT_DATA,provisional structured data only; missing values were not zero-filled
STC,False,False,False,False,False,0,revenue;gross_profit;net_income;total_assets;total_liabilities;equity;cfo;capex,L4_CACHE_PRESENT,INSUFFICIENT_DATA,provisional structured data only; missing values were not zero-filled
STD,False,False,False,False,False,0,revenue;gross_profit;net_income;total_assets;total_liabilities;equity;cfo;capex,L4_CACHE_PRESENT,INSUFFICIENT_DATA,provisional structured data only; missing values were not zero-filled
STG,False,False,False,False,True,0,revenue;gross_profit;net_income;total_assets;total_liabilities;equity;cfo;capex,L4_CACHE_PRESENT,PARTIAL_PROVISIONAL_DATA,provisional structured data only; missing values were not zero-filled
STH,False,False,False,False,True,0,revenue;gross_profit;net_income;total_assets;total_liabilities;equity;cfo;capex,L4_CACHE_PRESENT,PARTIAL_PROVISIONAL_DATA,provisional structured data only; missing values were not zero-filled
STK,False,False,False,False,True,0,revenue;gross_profit;net_income;total_assets;total_liabilities;equity;cfo;capex,L4_CACHE_PRESENT,PARTIAL_PROVISIONAL_DATA,provisional structured data only; missing values were not zero-filled
STL,False,False,False,False,False,0,revenue;gross_profit;net_income;total_assets;total_liabilities;equity;cfo;capex,L4_CACHE_PRESENT,INSUFFICIENT_DATA,provisional structured data only; missing values were not zero-filled
STP,False,False,False,False,True,0,revenue;gross_profit;net_income;total_assets;total_liabilities;equity;cfo;capex,L4_CACHE_PRESENT,PARTIAL_PROVISIONAL_DATA,provisional structured data only; missing values were not zero-filled
STS,False,False,False,False,False,0,revenue;gross_profit;net_income;total_assets;total_liabilities;equity;cfo;capex,L4_CACHE_PRESENT,INSUFFICIENT_DATA,provisional structured data only; missing values were not zero-filled
STT,False,False,False,False,True,0,revenue;gross_profit;net_income;total_assets;total_liabilities;equity;cfo;capex,L4_CACHE_PRESENT,PARTIAL_PROVISIONAL_DATA,provisional structured data only; missing values were not zero-filled
STW,False,False,False,False,False,0,revenue;gross_profit;net_income;total_assets;total_liabilities;equity;cfo;capex,L4_CACHE_PRESENT,INSUFFICIENT_DATA,provisional structured data only; missing values were not zero-filled
SVC,False,False,False,False,True,0,revenue;gross_profit;net_income;total_assets;total_liabilities;equity;cfo;capex,L4_CACHE_PRESENT,PARTIAL_PROVISIONAL_DATA,provisional structured data only; missing values were not zero-filled
SVD,False,False,False,True,True,0,revenue;gross_profit;net_income;total_assets;total_liabilities;equity;cfo;capex,L4_CACHE_PRESENT,PARTIAL_PROVISIONAL_DATA,provisional structured data only; missing values were not zero-filled
SVG,False,False,False,False,True,0,revenue;gross_profit;net_income;total_assets;total_liabilities;equity;cfo;capex,L4_CACHE_PRESENT,PARTIAL_PROVISIONAL_DATA,provisional structured data only; missing values were not zero-filled
SVH,False,False,False,False,False,0,revenue;gross_profit;net_income;total_assets;total_liabilities;equity;cfo;capex,L4_CACHE_PRESENT,INSUFFICIENT_DATA,provisional structured data only; missing values were not zero-filled
SVI,False,False,False,False,True,0,revenue;gross_profit;net_income;total_assets;total_liabilities;equity;cfo;capex,L4_CACHE_PRESENT,PARTIAL_PROVISIONAL_DATA,provisional structured data only; missing values were not zero-filled
SVL,False,False,False,False,False,0,revenue;gross_profit;net_income;total_assets;total_liabilities;equity;cfo;capex,L4_CACHE_PRESENT,INSUFFICIENT_DATA,provisional structured data only; missing values were not zero-filled
SVN,False,False,False,False,True,0,revenue;gross_profit;net_income;total_assets;total_liabilities;equity;cfo;capex,L4_CACHE_PRESENT,PARTIAL_PROVISIONAL_DATA,provisional structured data only; missing values were not zero-filled
SVT,False,False,False,False,True,0,revenue;gross_profit;net_income;total_assets;total_liabilities;equity;cfo;capex,L4_CACHE_PRESENT,PARTIAL_PROVISIONAL_DATA,provisional structured data only; missing values were not zero-filled
SWC,False,False,False,False,True,0,revenue;gross_profit;net_income;total_assets;total_liabilities;equity;cfo;capex,L4_CACHE_PRESENT,PARTIAL_PROVISIONAL_DATA,provisional structured data only; missing values were not zero-filled
SZB,False,False,False,False,True,0,revenue;gross_profit;net_income;total_assets;total_liabilities;equity;cfo;capex,L4_CACHE_PRESENT,PARTIAL_PROVISIONAL_DATA,provisional structured data only; missing values were not zero-filled
SZC,False,False,False,False,True,0,revenue;gross_profit;net_income;total_assets;total_liabilities;equity;cfo;capex,L4_CACHE_PRESENT,PARTIAL_PROVISIONAL_DATA,provisional structured data only; missing values were not zero-filled
SZE,False,False,False,False,True,0,revenue;gross_profit;net_income;total_assets;total_liabilities;equity;cfo;capex,L4_CACHE_PRESENT,PARTIAL_PROVISIONAL_DATA,provisional structured data only; missing values were not zero-filled
SZG,False,False,False,False,True,0,revenue;gross_profit;net_income;total_assets;total_liabilities;equity;cfo;capex,L4_CACHE_PRESENT,PARTIAL_PROVISIONAL_DATA,provisional structured data only; missing values were not zero-filled
SZL,False,False,False,False,True,0,revenue;gross_profit;net_income;total_assets;total_liabilities;equity;cfo;capex,L4_CACHE_PRESENT,PARTIAL_PROVISIONAL_DATA,provisional structured data only; missing values were not zero-filled
T12,False,False,False,False,False,0,revenue;gross_profit;net_income;total_assets;total_liabilities;equity;cfo;capex,L4_CACHE_PRESENT,INSUFFICIENT_DATA,provisional structured data only; missing values were not zero-filled
TA3,False,False,False,False,True,0,revenue;gross_profit;net_income;total_assets;total_liabilities;equity;cfo;capex,L4_CACHE_PRESENT,PARTIAL_PROVISIONAL_DATA,provisional structured data only; missing values were not zero-filled
TA6,False,False,False,False,False,0,revenue;gross_profit;net_income;total_assets;total_liabilities;equity;cfo;capex,L4_CACHE_PRESENT,INSUFFICIENT_DATA,provisional structured data only; missing values were not zero-filled
TA9,False,False,False,False,True,0,revenue;gross_profit;net_income;total_assets;total_liabilities;equity;cfo;capex,L4_CACHE_PRESENT,PARTIAL_PROVISIONAL_DATA,provisional structured data only; missing values were not zero-filled
TAB,False,False,False,False,False,0,revenue;gross_profit;net_income;total_assets;total_liabilities;equity;cfo;capex,L4_CACHE_PRESENT,INSUFFICIENT_DATA,provisional structured data only; missing values were not zero-filled
TAC,False,False,False,False,True,0,revenue;gross_profit;net_income;total_assets;total_liabilities;equity;cfo;capex,L4_CACHE_PRESENT,PARTIAL_PROVISIONAL_DATA,provisional structured data only; missing values were not zero-filled
TAG,False,False,False,False,False,0,revenue;gross_profit;net_income;total_assets;total_liabilities;equity;cfo;capex,L4_CACHE_PRESENT,INSUFFICIENT_DATA,provisional structured data only; missing values were not zero-filled
TAL,False,False,False,False,False,0,revenue;gross_profit;net_income;total_assets;total_liabilities;equity;cfo;capex,L4_CACHE_PRESENT,INSUFFICIENT_DATA,provisional structured data only; missing values were not zero-filled
TAN,False,False,False,False,True,0,revenue;gross_profit;net_income;total_assets;total_liabilities;equity;cfo;capex,L4_CACHE_PRESENT,PARTIAL_PROVISIONAL_DATA,provisional structured data only; missing values were not zero-filled
TAP,False,False,False,False,False,0,revenue;gross_profit;net_income;total_assets;total_liabilities;equity;cfo;capex,L4_CACHE_PRESENT,INSUFFICIENT_DATA,provisional structured data only; missing values were not zero-filled
TAR,False,False,False,False,True,0,revenue;gross_profit;net_income;total_assets;total_liabilities;equity;cfo;capex,L4_CACHE_PRESENT,PARTIAL_PROVISIONAL_DATA,provisional structured data only; missing values were not zero-filled
TAW,False,False,False,False,False,0,revenue;gross_profit;net_income;total_assets;total_liabilities;equity;cfo;capex,L4_CACHE_PRESENT,INSUFFICIENT_DATA,provisional structured data only; missing values were not zero-filled
TB8,False,False,False,False,False,0,revenue;gross_profit;net_income;total_assets;total_liabilities;equity;cfo;capex,L4_CACHE_PRESENT,INSUFFICIENT_DATA,provisional structured data only; missing values were not zero-filled
TBC,False,False,False,False,True,0,revenue;gross_profit;net_income;total_assets;total_liabilities;equity;cfo;capex,L4_CACHE_PRESENT,PARTIAL_PROVISIONAL_DATA,provisional structured data only; missing values were not zero-filled
TBD,False,False,False,False,True,0,revenue;gross_profit;net_income;total_assets;total_liabilities;equity;cfo;capex,L4_CACHE_PRESENT,PARTIAL_PROVISIONAL_DATA,provisional structured data only; missing values were not zero-filled
TBH,False,False,False,False,True,0,revenue;gross_profit;net_income;total_assets;total_liabilities;equity;cfo;capex,L4_CACHE_PRESENT,PARTIAL_PROVISIONAL_DATA,provisional structured data only; missing values were not zero-filled
TBR,False,False,False,False,True,0,revenue;gross_profit;net_income;total_assets;total_liabilities;equity;cfo;capex,L4_CACHE_PRESENT,PARTIAL_PROVISIONAL_DATA,provisional structured data only; missing values were not zero-filled
TBT,False,False,False,False,False,0,revenue;gross_profit;net_income;total_assets;total_liabilities;equity;cfo;capex,L4_CACHE_PRESENT,INSUFFICIENT_DATA,provisional structured data only; missing values were not zero-filled
TBW,False,False,False,False,False,0,revenue;gross_profit;net_income;total_assets;total_liabilities;equity;cfo;capex,L4_CACHE_PRESENT,INSUFFICIENT_DATA,provisional structured data only; missing values were not zero-filled
TBX,False,False,False,False,False,0,revenue;gross_profit;net_income;total_assets;total_liabilities;equity;cfo;capex,L4_CACHE_PRESENT,INSUFFICIENT_DATA,provisional structured data only; missing values were not zero-filled
TC6,False,False,False,False,True,0,revenue;gross_profit;net_income;total_assets;total_liabilities;equity;cfo;capex,L4_CACHE_PRESENT,PARTIAL_PROVISIONAL_DATA,provisional structured data only; missing values were not zero-filled
TCB,False,False,False,False,True,0,revenue;gross_profit;net_income;total_assets;total_liabilities;equity;cfo;capex,L4_CACHE_PRESENT,PARTIAL_PROVISIONAL_DATA,provisional structured data only; missing values were not zero-filled
TCD,False,False,False,False,False,0,revenue;gross_profit;net_income;total_assets;total_liabilities;equity;cfo;capex,L4_CACHE_PRESENT,INSUFFICIENT_DATA,provisional structured data only; missing values were not zero-filled
TCH,False,False,False,False,True,0,revenue;gross_profit;net_income;total_assets;total_liabilities;equity;cfo;capex,L4_CACHE_PRESENT,PARTIAL_PROVISIONAL_DATA,provisional structured data only; missing values were not zero-filled
TCI,False,False,False,False,True,0,revenue;gross_profit;net_income;total_assets;total_liabilities;equity;cfo;capex,L4_CACHE_PRESENT,PARTIAL_PROVISIONAL_DATA,provisional structured data only; missing values were not zero-filled
TCJ,False,False,False,False,False,0,revenue;gross_profit;net_income;total_assets;total_liabilities;equity;cfo;capex,L4_CACHE_PRESENT,INSUFFICIENT_DATA,provisional structured data only; missing values were not zero-filled
TCK,False,False,False,False,False,0,revenue;gross_profit;net_income;total_assets;total_liabilities;equity;cfo;capex,L4_CACHE_PRESENT,INSUFFICIENT_DATA,provisional structured data only; missing values were not zero-filled
TCL,False,False,False,False,True,0,revenue;gross_profit;net_income;total_assets;total_liabilities;equity;cfo;capex,L4_CACHE_PRESENT,PARTIAL_PROVISIONAL_DATA,provisional structured data only; missing values were not zero-filled
TCM,False,False,False,False,True,0,revenue;gross_profit;net_income;total_assets;total_liabilities;equity;cfo;capex,L4_CACHE_PRESENT,PARTIAL_PROVISIONAL_DATA,provisional structured data only; missing values were not zero-filled
TCO,False,False,False,False,True,0,revenue;gross_profit;net_income;total_assets;total_liabilities;equity;cfo;capex,L4_CACHE_PRESENT,PARTIAL_PROVISIONAL_DATA,provisional structured data only; missing values were not zero-filled
TCR,False,False,False,False,True,0,revenue;gross_profit;net_income;total_assets;total_liabilities;equity;cfo;capex,L4_CACHE_PRESENT,PARTIAL_PROVISIONAL_DATA,provisional structured data only; missing values were not zero-filled
TCT,False,False,False,False,True,0,revenue;gross_profit;net_income;total_assets;total_liabilities;equity;cfo;capex,L4_CACHE_PRESENT,PARTIAL_PROVISIONAL_DATA,provisional structured data only; missing values were not zero-filled
TCW,False,False,False,False,True,0,revenue;gross_profit;net_income;total_assets;total_liabilities;equity;cfo;capex,L4_CACHE_PRESENT,PARTIAL_PROVISIONAL_DATA,provisional structured data only; missing values were not zero-filled
TCX,False,False,False,False,False,0,revenue;gross_profit;net_income;total_assets;total_liabilities;equity;cfo;capex,L4_CACHE_PRESENT,INSUFFICIENT_DATA,provisional structured data only; missing values were not zero-filled
TD6,True,True,True,False,False,7,net_income,L4_CACHE_PRESENT,PARTIAL_PROVISIONAL_DATA,provisional structured data only; missing values were not zero-filled
TDB,True,True,True,False,True,7,net_income,L4_CACHE_PRESENT,PARTIAL_PROVISIONAL_DATA,provisional structured data only; missing values were not zero-filled
TDC,True,True,True,False,True,7,net_income,L4_CACHE_PRESENT,PARTIAL_PROVISIONAL_DATA,provisional structured data only; missing values were not zero-filled
TDF,True,True,True,False,True,7,net_income,L4_CACHE_PRESENT,PARTIAL_PROVISIONAL_DATA,provisional structured data only; missing values were not zero-filled
TDG,True,True,True,False,True,7,net_income,L4_CACHE_PRESENT,PARTIAL_PROVISIONAL_DATA,provisional structured data only; missing values were not zero-filled
TDH,True,True,True,False,True,7,net_income,L4_CACHE_PRESENT,PARTIAL_PROVISIONAL_DATA,provisional structured data only; missing values were not zero-filled
TDI,True,True,True,False,False,7,net_income,L4_CACHE_PRESENT,PARTIAL_PROVISIONAL_DATA,provisional structured data only; missing values were not zero-filled
TDM,True,True,True,False,True,7,net_income,L4_CACHE_PRESENT,PARTIAL_PROVISIONAL_DATA,provisional structured data only; missing values were not zero-filled
TDN,False,False,True,False,True,2,revenue;gross_profit;net_income;total_assets;total_liabilities;equity,L4_CACHE_PRESENT,PARTIAL_PROVISIONAL_DATA,provisional structured data only; missing values were not zero-filled
TDP,True,True,True,False,True,7,net_income,L4_CACHE_PRESENT,PARTIAL_PROVISIONAL_DATA,provisional structured data only; missing values were not zero-filled
TDS,True,True,True,False,True,7,net_income,L4_CACHE_PRESENT,PARTIAL_PROVISIONAL_DATA,provisional structured data only; missing values were not zero-filled
TDT,True,True,True,False,True,7,net_income,L4_CACHE_PRESENT,PARTIAL_PROVISIONAL_DATA,provisional structured data only; missing values were not zero-filled
TDW,True,True,True,False,True,7,net_income,L4_CACHE_PRESENT,PARTIAL_PROVISIONAL_DATA,provisional structured data only; missing values were not zero-filled
TEC,True,True,True,False,False,7,net_income,L4_CACHE_PRESENT,PARTIAL_PROVISIONAL_DATA,provisional structured data only; missing values were not zero-filled
TED,True,True,True,False,True,7,net_income,L4_CACHE_PRESENT,PARTIAL_PROVISIONAL_DATA,provisional structured data only; missing values were not zero-filled
TEG,True,True,True,False,True,7,net_income,L4_CACHE_PRESENT,PARTIAL_PROVISIONAL_DATA,provisional structured data only; missing values were not zero-filled
TEL,True,True,True,False,False,7,net_income,L4_CACHE_PRESENT,PARTIAL_PROVISIONAL_DATA,provisional structured data only; missing values were not zero-filled
TET,True,True,True,False,True,7,net_income,L4_CACHE_PRESENT,PARTIAL_PROVISIONAL_DATA,provisional structured data only; missing values were not zero-filled
TFC,True,True,True,False,True,7,net_income,L4_CACHE_PRESENT,PARTIAL_PROVISIONAL_DATA,provisional structured data only; missing values were not zero-filled
TGG,True,True,True,False,False,7,net_income,L4_CACHE_PRESENT,PARTIAL_PROVISIONAL_DATA,provisional structured data only; missing values were not zero-filled
TGP,True,True,True,False,True,7,net_income,L4_CACHE_PRESENT,PARTIAL_PROVISIONAL_DATA,provisional structured data only; missing values were not zero-filled
TH1,True,True,True,False,True,7,net_income,L4_CACHE_PRESENT,PARTIAL_PROVISIONAL_DATA,provisional structured data only; missing values were not zero-filled
THB,True,True,True,False,True,7,net_income,L4_CACHE_PRESENT,PARTIAL_PROVISIONAL_DATA,provisional structured data only; missing values were not zero-filled
THD,True,True,True,False,True,7,net_income,L4_CACHE_PRESENT,PARTIAL_PROVISIONAL_DATA,provisional structured data only; missing values were not zero-filled
THG,True,True,True,False,True,7,net_income,L4_CACHE_PRESENT,PARTIAL_PROVISIONAL_DATA,provisional structured data only; missing values were not zero-filled
THI,True,True,True,False,True,7,net_income,L4_CACHE_PRESENT,PARTIAL_PROVISIONAL_DATA,provisional structured data only; missing values were not zero-filled
THM,True,True,True,False,False,7,net_income,L4_CACHE_PRESENT,PARTIAL_PROVISIONAL_DATA,provisional structured data only; missing values were not zero-filled
THN,True,True,True,False,False,7,net_income,L4_CACHE_PRESENT,PARTIAL_PROVISIONAL_DATA,provisional structured data only; missing values were not zero-filled
THP,True,True,True,False,True,7,net_income,L4_CACHE_PRESENT,PARTIAL_PROVISIONAL_DATA,provisional structured data only; missing values were not zero-filled
THS,True,True,True,False,False,7,net_income,L4_CACHE_PRESENT,PARTIAL_PROVISIONAL_DATA,provisional structured data only; missing values were not zero-filled
THT,True,True,True,False,True,7,net_income,L4_CACHE_PRESENT,PARTIAL_PROVISIONAL_DATA,provisional structured data only; missing values were not zero-filled
THU,True,True,True,False,False,7,net_income,L4_CACHE_PRESENT,PARTIAL_PROVISIONAL_DATA,provisional structured data only; missing values were not zero-filled
THW,True,True,True,False,True,7,net_income,L4_CACHE_PRESENT,PARTIAL_PROVISIONAL_DATA,provisional structured data only; missing values were not zero-filled
TID,True,True,True,False,True,7,net_income,L4_CACHE_PRESENT,PARTIAL_PROVISIONAL_DATA,provisional structured data only; missing values were not zero-filled
TIE,True,True,True,False,True,7,net_income,L4_CACHE_PRESENT,PARTIAL_PROVISIONAL_DATA,provisional structured data only; missing values were not zero-filled
TIG,True,True,True,False,True,7,net_income,L4_CACHE_PRESENT,PARTIAL_PROVISIONAL_DATA,provisional structured data only; missing values were not zero-filled
TIN,True,True,True,False,False,5,revenue;gross_profit;capex,L4_CACHE_PRESENT,PARTIAL_PROVISIONAL_DATA,provisional structured data only; missing values were not zero-filled
TIP,True,True,True,False,True,7,net_income,L4_CACHE_PRESENT,PARTIAL_PROVISIONAL_DATA,provisional structured data only; missing values were not zero-filled
TIS,True,True,True,False,True,7,net_income,L4_CACHE_PRESENT,PARTIAL_PROVISIONAL_DATA,provisional structured data only; missing values were not zero-filled
TIX,True,True,True,False,True,7,net_income,L4_CACHE_PRESENT,PARTIAL_PROVISIONAL_DATA,provisional structured data only; missing values were not zero-filled
TJC,True,True,True,False,True,7,net_income,L4_CACHE_PRESENT,PARTIAL_PROVISIONAL_DATA,provisional structured data only; missing values were not zero-filled
TKA,True,True,True,False,False,7,net_income,L4_CACHE_PRESENT,PARTIAL_PROVISIONAL_DATA,provisional structured data only; missing values were not zero-filled
TKC,True,True,True,False,False,7,net_income,L4_CACHE_PRESENT,PARTIAL_PROVISIONAL_DATA,provisional structured data only; missing values were not zero-filled
TKG,True,True,True,False,False,7,net_income,L4_CACHE_PRESENT,PARTIAL_PROVISIONAL_DATA,provisional structured data only; missing values were not zero-filled
TKU,True,True,True,False,True,7,net_income,L4_CACHE_PRESENT,PARTIAL_PROVISIONAL_DATA,provisional structured data only; missing values were not zero-filled
TL4,True,True,True,False,False,7,net_income,L4_CACHE_PRESENT,PARTIAL_PROVISIONAL_DATA,provisional structured data only; missing values were not zero-filled
TLD,True,True,True,False,True,7,net_income,L4_CACHE_PRESENT,PARTIAL_PROVISIONAL_DATA,provisional structured data only; missing values were not zero-filled
TLG,True,True,True,False,True,7,net_income,L4_CACHE_PRESENT,PARTIAL_PROVISIONAL_DATA,provisional structured data only; missing values were not zero-filled
TLH,True,True,True,True,True,7,net_income,L4_CACHE_PRESENT,OK_FOR_PROVISIONAL_SCREEN,provisional structured data only; missing values were not zero-filled
TLI,True,True,True,False,True,7,net_income,L4_CACHE_PRESENT,PARTIAL_PROVISIONAL_DATA,provisional structured data only; missing values were not zero-filled
TLP,True,True,True,False,True,7,net_income,L4_CACHE_PRESENT,PARTIAL_PROVISIONAL_DATA,provisional structured data only; missing values were not zero-filled
TLT,True,True,True,False,False,7,net_income,L4_CACHE_PRESENT,PARTIAL_PROVISIONAL_DATA,provisional structured data only; missing values were not zero-filled
TMB,True,True,True,False,True,7,net_income,L4_CACHE_PRESENT,PARTIAL_PROVISIONAL_DATA,provisional structured data only; missing values were not zero-filled
TMC,True,True,True,False,True,7,net_income,L4_CACHE_PRESENT,PARTIAL_PROVISIONAL_DATA,provisional structured data only; missing values were not zero-filled
TMG,True,True,True,False,True,7,net_income,L4_CACHE_PRESENT,PARTIAL_PROVISIONAL_DATA,provisional structured data only; missing values were not zero-filled
TMP,True,True,True,False,True,7,net_income,L4_CACHE_PRESENT,PARTIAL_PROVISIONAL_DATA,provisional structured data only; missing values were not zero-filled
TMS,True,True,True,False,True,7,net_income,L4_CACHE_PRESENT,PARTIAL_PROVISIONAL_DATA,provisional structured data only; missing values were not zero-filled
TMT,True,True,True,False,True,7,net_income,L4_CACHE_PRESENT,PARTIAL_PROVISIONAL_DATA,provisional structured data only; missing values were not zero-filled
TMW,True,True,True,False,False,7,net_income,L4_CACHE_PRESENT,PARTIAL_PROVISIONAL_DATA,provisional structured data only; missing values were not zero-filled
TMX,True,True,True,False,True,7,net_income,L4_CACHE_PRESENT,PARTIAL_PROVISIONAL_DATA,provisional structured data only; missing values were not zero-filled
TN1,True,True,True,False,True,7,net_income,L4_CACHE_PRESENT,PARTIAL_PROVISIONAL_DATA,provisional structured data only; missing values were not zero-filled
TNA,True,True,True,False,False,7,net_income,L4_CACHE_PRESENT,PARTIAL_PROVISIONAL_DATA,provisional structured data only; missing values were not zero-filled
TNB,True,True,True,False,True,7,net_income,L4_CACHE_PRESENT,PARTIAL_PROVISIONAL_DATA,provisional structured data only; missing values were not zero-filled
TNC,True,True,True,False,True,7,net_income,L4_CACHE_PRESENT,PARTIAL_PROVISIONAL_DATA,provisional structured data only; missing values were not zero-filled
TNG,True,True,True,False,True,7,net_income,L4_CACHE_PRESENT,PARTIAL_PROVISIONAL_DATA,provisional structured data only; missing values were not zero-filled
TNH,True,True,True,False,True,7,net_income,L4_CACHE_PRESENT,PARTIAL_PROVISIONAL_DATA,provisional structured data only; missing values were not zero-filled
TNI,True,True,True,False,True,7,net_income,L4_CACHE_PRESENT,PARTIAL_PROVISIONAL_DATA,provisional structured data only; missing values were not zero-filled
TNM,True,True,True,False,False,6,total_assets;equity,L4_CACHE_PRESENT,PARTIAL_PROVISIONAL_DATA,provisional structured data only; missing values were not zero-filled
TNP,True,True,True,False,True,7,net_income,L4_CACHE_PRESENT,PARTIAL_PROVISIONAL_DATA,provisional structured data only; missing values were not zero-filled
TNS,True,True,True,False,True,7,net_income,L4_CACHE_PRESENT,PARTIAL_PROVISIONAL_DATA,provisional structured data only; missing values were not zero-filled
TNT,True,True,True,False,True,7,net_income,L4_CACHE_PRESENT,PARTIAL_PROVISIONAL_DATA,provisional structured data only; missing values were not zero-filled
TNV,True,True,True,False,False,7,net_income,L4_CACHE_PRESENT,PARTIAL_PROVISIONAL_DATA,provisional structured data only; missing values were not zero-filled
TNW,True,True,True,False,True,7,net_income,L4_CACHE_PRESENT,PARTIAL_PROVISIONAL_DATA,provisional structured data only; missing values were not zero-filled
TOP,True,True,True,False,False,7,net_income,L4_CACHE_PRESENT,PARTIAL_PROVISIONAL_DATA,provisional structured data only; missing values were not zero-filled
TOS,True,True,True,False,True,7,net_income,L4_CACHE_PRESENT,PARTIAL_PROVISIONAL_DATA,provisional structured data only; missing values were not zero-filled
TOT,True,True,True,False,True,7,net_income,L4_CACHE_PRESENT,PARTIAL_PROVISIONAL_DATA,provisional structured data only; missing values were not zero-filled
TOW,True,True,True,False,True,7,net_income,L4_CACHE_PRESENT,PARTIAL_PROVISIONAL_DATA,provisional structured data only; missing values were not zero-filled
TPB,True,True,True,False,True,5,revenue;gross_profit;capex,L4_CACHE_PRESENT,PARTIAL_PROVISIONAL_DATA,provisional structured data only; missing values were not zero-filled
TPC,True,True,True,False,True,7,net_income,L4_CACHE_PRESENT,PARTIAL_PROVISIONAL_DATA,provisional structured data only; missing values were not zero-filled
TPH,True,True,True,False,True,7,net_income,L4_CACHE_PRESENT,PARTIAL_PROVISIONAL_DATA,provisional structured data only; missing values were not zero-filled
TPP,True,True,True,False,False,7,net_income,L4_CACHE_PRESENT,PARTIAL_PROVISIONAL_DATA,provisional structured data only; missing values were not zero-filled
TPS,True,True,True,False,False,7,net_income,L4_CACHE_PRESENT,PARTIAL_PROVISIONAL_DATA,provisional structured data only; missing values were not zero-filled
TQN,True,True,True,False,False,7,net_income,L4_CACHE_PRESENT,PARTIAL_PROVISIONAL_DATA,provisional structured data only; missing values were not zero-filled
TQW,True,True,True,False,False,7,net_income,L4_CACHE_PRESENT,PARTIAL_PROVISIONAL_DATA,provisional structured data only; missing values were not zero-filled
TR1,True,True,True,False,False,7,net_income,L4_CACHE_PRESENT,PARTIAL_PROVISIONAL_DATA,provisional structured data only; missing values were not zero-filled
TRA,True,True,True,False,True,7,net_income,L4_CACHE_PRESENT,PARTIAL_PROVISIONAL_DATA,provisional structured data only; missing values were not zero-filled
TRC,True,True,True,False,True,7,net_income,L4_CACHE_PRESENT,PARTIAL_PROVISIONAL_DATA,provisional structured data only; missing values were not zero-filled
TRS,True,True,True,False,True,7,net_income,L4_CACHE_PRESENT,PARTIAL_PROVISIONAL_DATA,provisional structured data only; missing values were not zero-filled
TRT,True,True,True,False,False,7,net_income,L4_CACHE_PRESENT,PARTIAL_PROVISIONAL_DATA,provisional structured data only; missing values were not zero-filled
TRV,True,True,True,False,False,7,net_income,L4_CACHE_PRESENT,PARTIAL_PROVISIONAL_DATA,provisional structured data only; missing values were not zero-filled
TS3,True,True,True,False,True,7,net_income,L4_CACHE_PRESENT,PARTIAL_PROVISIONAL_DATA,provisional structured data only; missing values were not zero-filled
TS4,True,True,True,False,False,7,net_income,L4_CACHE_PRESENT,PARTIAL_PROVISIONAL_DATA,provisional structured data only; missing values were not zero-filled
TS5,False,False,False,False,False,0,revenue;gross_profit;net_income;total_assets;total_liabilities;equity;cfo;capex,L4_CACHE_PRESENT,INSUFFICIENT_DATA,provisional structured data only; missing values were not zero-filled
TSA,True,True,True,False,False,7,net_income,L4_CACHE_PRESENT,PARTIAL_PROVISIONAL_DATA,provisional structured data only; missing values were not zero-filled
TSB,True,True,True,False,True,7,net_income,L4_CACHE_PRESENT,PARTIAL_PROVISIONAL_DATA,provisional structured data only; missing values were not zero-filled
TSC,True,True,True,False,True,7,net_income,L4_CACHE_PRESENT,PARTIAL_PROVISIONAL_DATA,provisional structured data only; missing values were not zero-filled
TSD,True,True,True,False,True,7,net_income,L4_CACHE_PRESENT,PARTIAL_PROVISIONAL_DATA,provisional structured data only; missing values were not zero-filled
TSG,True,True,True,False,False,7,net_income,L4_CACHE_PRESENT,PARTIAL_PROVISIONAL_DATA,provisional structured data only; missing values were not zero-filled
TSJ,True,True,True,False,True,7,net_income,L4_CACHE_PRESENT,PARTIAL_PROVISIONAL_DATA,provisional structured data only; missing values were not zero-filled
TST,True,True,True,False,True,7,net_income,L4_CACHE_PRESENT,PARTIAL_PROVISIONAL_DATA,provisional structured data only; missing values were not zero-filled
TT6,True,True,True,False,False,7,net_income,L4_CACHE_PRESENT,PARTIAL_PROVISIONAL_DATA,provisional structured data only; missing values were not zero-filled
TTA,True,True,True,False,True,7,net_income,L4_CACHE_PRESENT,PARTIAL_PROVISIONAL_DATA,provisional structured data only; missing values were not zero-filled
TTB,True,True,True,False,False,7,net_income,L4_CACHE_PRESENT,PARTIAL_PROVISIONAL_DATA,provisional structured data only; missing values were not zero-filled
TTC,True,True,True,False,True,7,net_income,L4_CACHE_PRESENT,PARTIAL_PROVISIONAL_DATA,provisional structured data only; missing values were not zero-filled
TTD,True,True,True,False,False,7,net_income,L4_CACHE_PRESENT,PARTIAL_PROVISIONAL_DATA,provisional structured data only; missing values were not zero-filled
TTE,True,True,True,False,False,7,net_income,L4_CACHE_PRESENT,PARTIAL_PROVISIONAL_DATA,provisional structured data only; missing values were not zero-filled
TTF,True,True,True,False,True,7,net_income,L4_CACHE_PRESENT,PARTIAL_PROVISIONAL_DATA,provisional structured data only; missing values were not zero-filled
TTG,True,True,True,False,True,7,net_income,L4_CACHE_PRESENT,PARTIAL_PROVISIONAL_DATA,provisional structured data only; missing values were not zero-filled
TTH,True,True,True,False,True,7,net_income,L4_CACHE_PRESENT,PARTIAL_PROVISIONAL_DATA,provisional structured data only; missing values were not zero-filled
TTL,True,True,True,False,True,7,net_income,L4_CACHE_PRESENT,PARTIAL_PROVISIONAL_DATA,provisional structured data only; missing values were not zero-filled
TTN,True,True,True,False,True,7,net_income,L4_CACHE_PRESENT,PARTIAL_PROVISIONAL_DATA,provisional structured data only; missing values were not zero-filled
TTP,True,True,True,False,True,7,net_income,L4_CACHE_PRESENT,PARTIAL_PROVISIONAL_DATA,provisional structured data only; missing values were not zero-filled
TTS,True,True,True,False,True,7,net_income,L4_CACHE_PRESENT,PARTIAL_PROVISIONAL_DATA,provisional structured data only; missing values were not zero-filled
TTT,True,True,True,False,True,7,net_income,L4_CACHE_PRESENT,PARTIAL_PROVISIONAL_DATA,provisional structured data only; missing values were not zero-filled
TTZ,True,True,True,False,False,7,net_income,L4_CACHE_PRESENT,PARTIAL_PROVISIONAL_DATA,provisional structured data only; missing values were not zero-filled
TUG,True,True,True,False,False,7,net_income,L4_CACHE_PRESENT,PARTIAL_PROVISIONAL_DATA,provisional structured data only; missing values were not zero-filled
TV1,True,True,True,False,True,7,net_income,L4_CACHE_PRESENT,PARTIAL_PROVISIONAL_DATA,provisional structured data only; missing values were not zero-filled
TV2,True,True,True,False,True,7,net_income,L4_CACHE_PRESENT,PARTIAL_PROVISIONAL_DATA,provisional structured data only; missing values were not zero-filled
TV3,True,True,True,False,True,7,net_income,L4_CACHE_PRESENT,PARTIAL_PROVISIONAL_DATA,provisional structured data only; missing values were not zero-filled
TV4,True,True,True,False,True,7,net_income,L4_CACHE_PRESENT,PARTIAL_PROVISIONAL_DATA,provisional structured data only; missing values were not zero-filled
TV6,True,True,True,False,True,7,net_income,L4_CACHE_PRESENT,PARTIAL_PROVISIONAL_DATA,provisional structured data only; missing values were not zero-filled
TVA,True,True,True,False,False,7,net_income,L4_CACHE_PRESENT,PARTIAL_PROVISIONAL_DATA,provisional structured data only; missing values were not zero-filled
TVB,True,True,True,False,True,8,,L4_CACHE_PRESENT,PARTIAL_PROVISIONAL_DATA,provisional structured data only; missing values were not zero-filled
TVC,True,True,True,False,True,7,net_income,L4_CACHE_PRESENT,PARTIAL_PROVISIONAL_DATA,provisional structured data only; missing values were not zero-filled
TVD,True,True,True,False,True,7,net_income,L4_CACHE_PRESENT,PARTIAL_PROVISIONAL_DATA,provisional structured data only; missing values were not zero-filled
TVG,True,True,True,False,False,7,net_income,L4_CACHE_PRESENT,PARTIAL_PROVISIONAL_DATA,provisional structured data only; missing values were not zero-filled
TVH,True,True,True,False,True,7,net_income,L4_CACHE_PRESENT,PARTIAL_PROVISIONAL_DATA,provisional structured data only; missing values were not zero-filled
TVM,True,True,True,False,False,7,net_income,L4_CACHE_PRESENT,PARTIAL_PROVISIONAL_DATA,provisional structured data only; missing values were not zero-filled
TVN,True,True,True,False,True,7,net_income,L4_CACHE_PRESENT,PARTIAL_PROVISIONAL_DATA,provisional structured data only; missing values were not zero-filled
TVP,True,True,True,False,True,7,net_income,L4_CACHE_PRESENT,PARTIAL_PROVISIONAL_DATA,provisional structured data only; missing values were not zero-filled
TVS,True,True,True,False,True,8,,L4_CACHE_PRESENT,PARTIAL_PROVISIONAL_DATA,provisional structured data only; missing values were not zero-filled
TVT,True,True,True,False,True,7,net_income,L4_CACHE_PRESENT,PARTIAL_PROVISIONAL_DATA,provisional structured data only; missing values were not zero-filled
TVW,True,True,True,False,True,7,net_income,L4_CACHE_PRESENT,PARTIAL_PROVISIONAL_DATA,provisional structured data only; missing values were not zero-filled
TW3,True,True,True,False,False,7,net_income,L4_CACHE_PRESENT,PARTIAL_PROVISIONAL_DATA,provisional structured data only; missing values were not zero-filled
TXM,True,True,True,False,True,7,net_income,L4_CACHE_PRESENT,PARTIAL_PROVISIONAL_DATA,provisional structured data only; missing values were not zero-filled
TYA,True,True,True,False,True,7,net_income,L4_CACHE_PRESENT,PARTIAL_PROVISIONAL_DATA,provisional structured data only; missing values were not zero-filled
UCT,True,True,True,False,False,7,net_income,L4_CACHE_PRESENT,PARTIAL_PROVISIONAL_DATA,provisional structured data only; missing values were not zero-filled
UDC,True,True,True,False,True,7,net_income,L4_CACHE_PRESENT,PARTIAL_PROVISIONAL_DATA,provisional structured data only; missing values were not zero-filled
UDJ,True,True,True,False,True,7,net_income,L4_CACHE_PRESENT,PARTIAL_PROVISIONAL_DATA,provisional structured data only; missing values were not zero-filled
UDL,True,True,True,False,True,7,net_income,L4_CACHE_PRESENT,PARTIAL_PROVISIONAL_DATA,provisional structured data only; missing values were not zero-filled
UEM,True,True,True,False,False,7,net_income,L4_CACHE_PRESENT,PARTIAL_PROVISIONAL_DATA,provisional structured data only; missing values were not zero-filled
UIC,True,True,True,False,True,7,net_income,L4_CACHE_PRESENT,PARTIAL_PROVISIONAL_DATA,provisional structured data only; missing values were not zero-filled
UMC,True,True,True,False,False,7,net_income,L4_CACHE_PRESENT,PARTIAL_PROVISIONAL_DATA,provisional structured data only; missing values were not zero-filled
UNI,True,True,True,False,True,7,net_income,L4_CACHE_PRESENT,PARTIAL_PROVISIONAL_DATA,provisional structured data only; missing values were not zero-filled
UPC,True,True,True,False,True,7,net_income,L4_CACHE_PRESENT,PARTIAL_PROVISIONAL_DATA,provisional structured data only; missing values were not zero-filled
UPH,True,True,True,False,True,7,net_income,L4_CACHE_PRESENT,PARTIAL_PROVISIONAL_DATA,provisional structured data only; missing values were not zero-filled
UPS,True,True,True,False,False,8,,L4_CACHE_PRESENT,PARTIAL_PROVISIONAL_DATA,provisional structured data only; missing values were not zero-filled
USC,True,True,True,False,True,7,net_income,L4_CACHE_PRESENT,PARTIAL_PROVISIONAL_DATA,provisional structured data only; missing values were not zero-filled
USD,True,True,True,False,True,7,net_income,L4_CACHE_PRESENT,PARTIAL_PROVISIONAL_DATA,provisional structured data only; missing values were not zero-filled
UTT,True,True,True,False,False,7,net_income,L4_CACHE_PRESENT,PARTIAL_PROVISIONAL_DATA,provisional structured data only; missing values were not zero-filled
UXC,True,True,True,False,False,7,net_income,L4_CACHE_PRESENT,PARTIAL_PROVISIONAL_DATA,provisional structured data only; missing values were not zero-filled
V11,True,True,True,False,True,7,net_income,L4_CACHE_PRESENT,PARTIAL_PROVISIONAL_DATA,provisional structured data only; missing values were not zero-filled
V12,True,True,True,False,True,7,net_income,L4_CACHE_PRESENT,PARTIAL_PROVISIONAL_DATA,provisional structured data only; missing values were not zero-filled
V15,True,True,True,False,False,5,total_assets;equity;capex,L4_CACHE_PRESENT,PARTIAL_PROVISIONAL_DATA,provisional structured data only; missing values were not zero-filled
V21,True,True,True,False,True,7,net_income,L4_CACHE_PRESENT,PARTIAL_PROVISIONAL_DATA,provisional structured data only; missing values were not zero-filled
VAB,True,True,True,False,True,5,revenue;gross_profit;capex,L4_CACHE_PRESENT,PARTIAL_PROVISIONAL_DATA,provisional structured data only; missing values were not zero-filled
VAF,True,True,True,False,True,7,net_income,L4_CACHE_PRESENT,PARTIAL_PROVISIONAL_DATA,provisional structured data only; missing values were not zero-filled
VAT,True,True,True,False,False,7,net_income,L4_CACHE_PRESENT,PARTIAL_PROVISIONAL_DATA,provisional structured data only; missing values were not zero-filled
VAV,True,True,True,False,True,7,net_income,L4_CACHE_PRESENT,PARTIAL_PROVISIONAL_DATA,provisional structured data only; missing values were not zero-filled
VBB,True,True,True,False,True,5,revenue;gross_profit;capex,L4_CACHE_PRESENT,PARTIAL_PROVISIONAL_DATA,provisional structured data only; missing values were not zero-filled
VBC,True,True,True,False,True,7,net_income,L4_CACHE_PRESENT,PARTIAL_PROVISIONAL_DATA,provisional structured data only; missing values were not zero-filled
VBG,True,True,True,False,False,7,net_income,L4_CACHE_PRESENT,PARTIAL_PROVISIONAL_DATA,provisional structured data only; missing values were not zero-filled
VBH,True,True,True,False,False,7,net_income,L4_CACHE_PRESENT,PARTIAL_PROVISIONAL_DATA,provisional structured data only; missing values were not zero-filled
VBT,True,True,True,False,False,7,net_income,L4_CACHE_PRESENT,PARTIAL_PROVISIONAL_DATA,provisional structured data only; missing values were not zero-filled
VC1,True,True,True,False,True,7,net_income,L4_CACHE_PRESENT,PARTIAL_PROVISIONAL_DATA,provisional structured data only; missing values were not zero-filled
VC2,True,True,True,False,True,7,net_income,L4_CACHE_PRESENT,PARTIAL_PROVISIONAL_DATA,provisional structured data only; missing values were not zero-filled
VC3,True,True,True,False,True,7,net_income,L4_CACHE_PRESENT,PARTIAL_PROVISIONAL_DATA,provisional structured data only; missing values were not zero-filled
VC5,True,True,True,False,False,7,net_income,L4_CACHE_PRESENT,PARTIAL_PROVISIONAL_DATA,provisional structured data only; missing values were not zero-filled
VC6,True,True,True,False,True,7,net_income,L4_CACHE_PRESENT,PARTIAL_PROVISIONAL_DATA,provisional structured data only; missing values were not zero-filled
VC7,True,True,True,False,True,7,net_income,L4_CACHE_PRESENT,PARTIAL_PROVISIONAL_DATA,provisional structured data only; missing values were not zero-filled
VC9,True,True,True,False,True,7,net_income,L4_CACHE_PRESENT,PARTIAL_PROVISIONAL_DATA,provisional structured data only; missing values were not zero-filled
VCA,True,True,True,False,True,7,net_income,L4_CACHE_PRESENT,PARTIAL_PROVISIONAL_DATA,provisional structured data only; missing values were not zero-filled
VCB,True,True,True,False,True,5,revenue;gross_profit;capex,L4_CACHE_PRESENT,PARTIAL_PROVISIONAL_DATA,provisional structured data only; missing values were not zero-filled
VCC,True,True,True,False,True,7,net_income,L4_CACHE_PRESENT,PARTIAL_PROVISIONAL_DATA,provisional structured data only; missing values were not zero-filled
VCE,True,True,True,False,False,7,net_income,L4_CACHE_PRESENT,PARTIAL_PROVISIONAL_DATA,provisional structured data only; missing values were not zero-filled
VCF,True,True,True,False,True,7,net_income,L4_CACHE_PRESENT,PARTIAL_PROVISIONAL_DATA,provisional structured data only; missing values were not zero-filled
VCG,True,True,True,False,True,7,net_income,L4_CACHE_PRESENT,PARTIAL_PROVISIONAL_DATA,provisional structured data only; missing values were not zero-filled
VCI,True,True,True,False,True,8,,L4_CACHE_PRESENT,PARTIAL_PROVISIONAL_DATA,provisional structured data only; missing values were not zero-filled
VCK,True,True,True,False,False,8,,L4_CACHE_PRESENT,PARTIAL_PROVISIONAL_DATA,provisional structured data only; missing values were not zero-filled
VCM,True,True,True,False,True,7,net_income,L4_CACHE_PRESENT,PARTIAL_PROVISIONAL_DATA,provisional structured data only; missing values were not zero-filled
VCP,True,True,True,False,True,7,net_income,L4_CACHE_PRESENT,PARTIAL_PROVISIONAL_DATA,provisional structured data only; missing values were not zero-filled
VCR,True,True,True,False,True,7,net_income,L4_CACHE_PRESENT,PARTIAL_PROVISIONAL_DATA,provisional structured data only; missing values were not zero-filled
VCS,True,True,True,False,True,7,net_income,L4_CACHE_PRESENT,PARTIAL_PROVISIONAL_DATA,provisional structured data only; missing values were not zero-filled
VCT,True,True,True,False,False,7,net_income,L4_CACHE_PRESENT,PARTIAL_PROVISIONAL_DATA,provisional structured data only; missing values were not zero-filled
VCW,True,True,True,False,True,7,net_income,L4_CACHE_PRESENT,PARTIAL_PROVISIONAL_DATA,provisional structured data only; missing values were not zero-filled
VCX,True,True,True,False,True,7,net_income,L4_CACHE_PRESENT,PARTIAL_PROVISIONAL_DATA,provisional structured data only; missing values were not zero-filled
VDB,True,True,True,False,False,7,net_income,L4_CACHE_PRESENT,PARTIAL_PROVISIONAL_DATA,provisional structured data only; missing values were not zero-filled
VDG,True,True,True,False,False,7,net_income,L4_CACHE_PRESENT,PARTIAL_PROVISIONAL_DATA,provisional structured data only; missing values were not zero-filled
VDL,True,True,False,False,True,5,net_income;cfo;capex,L4_CACHE_PRESENT,PARTIAL_PROVISIONAL_DATA,provisional structured data only; missing values were not zero-filled
VDM,True,True,True,False,True,7,net_income,L4_CACHE_PRESENT,PARTIAL_PROVISIONAL_DATA,provisional structured data only; missing values were not zero-filled
VDN,True,True,True,False,True,7,net_income,L4_CACHE_PRESENT,PARTIAL_PROVISIONAL_DATA,provisional structured data only; missing values were not zero-filled
VDP,True,True,True,False,True,7,net_income,L4_CACHE_PRESENT,PARTIAL_PROVISIONAL_DATA,provisional structured data only; missing values were not zero-filled
VDS,True,True,True,False,True,8,,L4_CACHE_PRESENT,PARTIAL_PROVISIONAL_DATA,provisional structured data only; missing values were not zero-filled
VDT,True,True,True,False,False,7,net_income,L4_CACHE_PRESENT,PARTIAL_PROVISIONAL_DATA,provisional structured data only; missing values were not zero-filled
VE1,True,True,True,False,True,7,net_income,L4_CACHE_PRESENT,PARTIAL_PROVISIONAL_DATA,provisional structured data only; missing values were not zero-filled
VE2,True,True,True,False,False,7,net_income,L4_CACHE_PRESENT,PARTIAL_PROVISIONAL_DATA,provisional structured data only; missing values were not zero-filled
VE3,True,True,True,False,False,7,net_income,L4_CACHE_PRESENT,PARTIAL_PROVISIONAL_DATA,provisional structured data only; missing values were not zero-filled
VE4,True,True,True,False,False,7,net_income,L4_CACHE_PRESENT,PARTIAL_PROVISIONAL_DATA,provisional structured data only; missing values were not zero-filled
VE8,True,True,True,False,False,7,net_income,L4_CACHE_PRESENT,PARTIAL_PROVISIONAL_DATA,provisional structured data only; missing values were not zero-filled
VE9,True,True,True,False,True,7,net_income,L4_CACHE_PRESENT,PARTIAL_PROVISIONAL_DATA,provisional structured data only; missing values were not zero-filled
VEA,True,True,True,False,True,7,net_income,L4_CACHE_PRESENT,PARTIAL_PROVISIONAL_DATA,provisional structured data only; missing values were not zero-filled
VEC,True,True,True,False,True,7,net_income,L4_CACHE_PRESENT,PARTIAL_PROVISIONAL_DATA,provisional structured data only; missing values were not zero-filled
VEF,True,True,True,False,True,7,net_income,L4_CACHE_PRESENT,PARTIAL_PROVISIONAL_DATA,provisional structured data only; missing values were not zero-filled
VES,True,True,True,False,False,7,net_income,L4_CACHE_PRESENT,PARTIAL_PROVISIONAL_DATA,provisional structured data only; missing values were not zero-filled
VET,True,True,True,False,True,7,net_income,L4_CACHE_PRESENT,PARTIAL_PROVISIONAL_DATA,provisional structured data only; missing values were not zero-filled
VFC,True,True,True,False,False,7,net_income,L4_CACHE_PRESENT,PARTIAL_PROVISIONAL_DATA,provisional structured data only; missing values were not zero-filled
VFG,True,True,True,False,True,7,net_income,L4_CACHE_PRESENT,PARTIAL_PROVISIONAL_DATA,provisional structured data only; missing values were not zero-filled
VFR,True,True,True,False,True,7,net_income,L4_CACHE_PRESENT,PARTIAL_PROVISIONAL_DATA,provisional structured data only; missing values were not zero-filled
VFS,True,True,True,False,True,8,,L4_CACHE_PRESENT,PARTIAL_PROVISIONAL_DATA,provisional structured data only; missing values were not zero-filled
VGC,True,True,True,False,True,7,net_income,L4_CACHE_PRESENT,PARTIAL_PROVISIONAL_DATA,provisional structured data only; missing values were not zero-filled
VGG,True,True,True,False,True,7,net_income,L4_CACHE_PRESENT,PARTIAL_PROVISIONAL_DATA,provisional structured data only; missing values were not zero-filled
VGI,True,True,True,True,True,7,net_income,L4_CACHE_PRESENT,OK_FOR_PROVISIONAL_SCREEN,provisional structured data only; missing values were not zero-filled
VGL,True,True,True,False,True,7,net_income,L4_CACHE_PRESENT,PARTIAL_PROVISIONAL_DATA,provisional structured data only; missing values were not zero-filled
VGP,True,True,True,False,True,7,net_income,L4_CACHE_PRESENT,PARTIAL_PROVISIONAL_DATA,provisional structured data only; missing values were not zero-filled
VGR,True,True,True,True,True,7,net_income,L4_CACHE_PRESENT,OK_FOR_PROVISIONAL_SCREEN,provisional structured data only; missing values were not zero-filled
VGS,True,True,True,False,True,7,net_income,L4_CACHE_PRESENT,PARTIAL_PROVISIONAL_DATA,provisional structured data only; missing values were not zero-filled
VGT,True,True,True,False,True,7,net_income,L4_CACHE_PRESENT,PARTIAL_PROVISIONAL_DATA,provisional structured data only; missing values were not zero-filled
VGV,True,True,True,False,True,7,net_income,L4_CACHE_PRESENT,PARTIAL_PROVISIONAL_DATA,provisional structured data only; missing values were not zero-filled
VHC,True,True,True,False,True,7,net_income,L4_CACHE_PRESENT,PARTIAL_PROVISIONAL_DATA,provisional structured data only; missing values were not zero-filled
VHD,True,True,True,False,True,7,net_income,L4_CACHE_PRESENT,PARTIAL_PROVISIONAL_DATA,provisional structured data only; missing values were not zero-filled
VHE,True,True,True,False,True,7,net_income,L4_CACHE_PRESENT,PARTIAL_PROVISIONAL_DATA,provisional structured data only; missing values were not zero-filled
VHF,True,True,True,False,False,7,net_income,L4_CACHE_PRESENT,PARTIAL_PROVISIONAL_DATA,provisional structured data only; missing values were not zero-filled
VHG,True,True,True,False,True,7,net_income,L4_CACHE_PRESENT,PARTIAL_PROVISIONAL_DATA,provisional structured data only; missing values were not zero-filled
VHH,True,True,True,False,False,7,net_income,L4_CACHE_PRESENT,PARTIAL_PROVISIONAL_DATA,provisional structured data only; missing values were not zero-filled
VHI,True,True,True,False,True,7,net_income,L4_CACHE_PRESENT,PARTIAL_PROVISIONAL_DATA,provisional structured data only; missing values were not zero-filled
VHL,True,True,True,False,True,7,net_income,L4_CACHE_PRESENT,PARTIAL_PROVISIONAL_DATA,provisional structured data only; missing values were not zero-filled
VHM,True,True,True,False,True,7,net_income,L4_CACHE_PRESENT,PARTIAL_PROVISIONAL_DATA,provisional structured data only; missing values were not zero-filled
VIB,True,True,True,False,True,5,revenue;gross_profit;capex,L4_CACHE_PRESENT,PARTIAL_PROVISIONAL_DATA,provisional structured data only; missing values were not zero-filled
VIC,True,True,True,False,True,7,net_income,L4_CACHE_PRESENT,PARTIAL_PROVISIONAL_DATA,provisional structured data only; missing values were not zero-filled
VID,True,True,True,False,True,7,net_income,L4_CACHE_PRESENT,PARTIAL_PROVISIONAL_DATA,provisional structured data only; missing values were not zero-filled
VIE,True,True,True,False,True,7,net_income,L4_CACHE_PRESENT,PARTIAL_PROVISIONAL_DATA,provisional structured data only; missing values were not zero-filled
VIF,True,True,True,False,True,7,net_income,L4_CACHE_PRESENT,PARTIAL_PROVISIONAL_DATA,provisional structured data only; missing values were not zero-filled
VIG,True,True,True,False,True,8,,L4_CACHE_PRESENT,PARTIAL_PROVISIONAL_DATA,provisional structured data only; missing values were not zero-filled
VIH,True,True,True,False,False,7,net_income,L4_CACHE_PRESENT,PARTIAL_PROVISIONAL_DATA,provisional structured data only; missing values were not zero-filled
VIM,True,True,True,False,True,7,net_income,L4_CACHE_PRESENT,PARTIAL_PROVISIONAL_DATA,provisional structured data only; missing values were not zero-filled
VIN,True,True,True,False,True,7,net_income,L4_CACHE_PRESENT,PARTIAL_PROVISIONAL_DATA,provisional structured data only; missing values were not zero-filled
VIP,True,True,True,False,True,7,net_income,L4_CACHE_PRESENT,PARTIAL_PROVISIONAL_DATA,provisional structured data only; missing values were not zero-filled
VIR,True,True,True,False,False,7,net_income,L4_CACHE_PRESENT,PARTIAL_PROVISIONAL_DATA,provisional structured data only; missing values were not zero-filled
VIS,True,True,True,False,True,7,net_income,L4_CACHE_PRESENT,PARTIAL_PROVISIONAL_DATA,provisional structured data only; missing values were not zero-filled
VIT,True,True,True,False,True,7,net_income,L4_CACHE_PRESENT,PARTIAL_PROVISIONAL_DATA,provisional structured data only; missing values were not zero-filled
VIW,True,True,True,False,False,7,net_income,L4_CACHE_PRESENT,PARTIAL_PROVISIONAL_DATA,provisional structured data only; missing values were not zero-filled
VIX,True,True,True,False,True,8,,L4_CACHE_PRESENT,PARTIAL_PROVISIONAL_DATA,provisional structured data only; missing values were not zero-filled
VJC,True,True,True,False,True,7,net_income,L4_CACHE_PRESENT,PARTIAL_PROVISIONAL_DATA,provisional structured data only; missing values were not zero-filled
VKC,True,True,True,False,True,7,net_income,L4_CACHE_PRESENT,PARTIAL_PROVISIONAL_DATA,provisional structured data only; missing values were not zero-filled
VKD,True,True,True,False,False,7,net_income,L4_CACHE_PRESENT,PARTIAL_PROVISIONAL_DATA,provisional structured data only; missing values were not zero-filled
VKP,True,True,False,False,False,4,total_assets;equity;cfo;capex,L4_CACHE_PRESENT,PARTIAL_PROVISIONAL_DATA,provisional structured data only; missing values were not zero-filled
VLA,True,True,True,False,True,7,net_income,L4_CACHE_PRESENT,PARTIAL_PROVISIONAL_DATA,provisional structured data only; missing values were not zero-filled
VLB,True,True,True,False,True,7,net_income,L4_CACHE_PRESENT,PARTIAL_PROVISIONAL_DATA,provisional structured data only; missing values were not zero-filled
VLC,True,True,True,False,True,7,net_income,L4_CACHE_PRESENT,PARTIAL_PROVISIONAL_DATA,provisional structured data only; missing values were not zero-filled
VLF,True,True,True,False,True,7,net_income,L4_CACHE_PRESENT,PARTIAL_PROVISIONAL_DATA,provisional structured data only; missing values were not zero-filled
VLG,True,True,True,False,True,7,net_income,L4_CACHE_PRESENT,PARTIAL_PROVISIONAL_DATA,provisional structured data only; missing values were not zero-filled
VLP,True,True,True,False,False,7,net_income,L4_CACHE_PRESENT,PARTIAL_PROVISIONAL_DATA,provisional structured data only; missing values were not zero-filled
VLS,True,True,True,False,False,7,net_income,L4_CACHE_PRESENT,PARTIAL_PROVISIONAL_DATA,provisional structured data only; missing values were not zero-filled
VLW,True,True,True,False,False,7,net_income,L4_CACHE_PRESENT,PARTIAL_PROVISIONAL_DATA,provisional structured data only; missing values were not zero-filled
VMA,True,True,True,False,False,7,net_income,L4_CACHE_PRESENT,PARTIAL_PROVISIONAL_DATA,provisional structured data only; missing values were not zero-filled
VMC,True,True,True,False,True,7,net_income,L4_CACHE_PRESENT,PARTIAL_PROVISIONAL_DATA,provisional structured data only; missing values were not zero-filled
VMD,True,True,True,False,True,7,net_income,L4_CACHE_PRESENT,PARTIAL_PROVISIONAL_DATA,provisional structured data only; missing values were not zero-filled
VMG,True,True,True,False,True,7,net_income,L4_CACHE_PRESENT,PARTIAL_PROVISIONAL_DATA,provisional structured data only; missing values were not zero-filled
VMI,False,False,False,False,False,0,revenue;gross_profit;net_income;total_assets;total_liabilities;equity;cfo;capex,L4_CACHE_PRESENT,INSUFFICIENT_DATA,provisional structured data only; missing values were not zero-filled
VMK,True,True,True,False,False,7,net_income,L4_CACHE_PRESENT,PARTIAL_PROVISIONAL_DATA,provisional structured data only; missing values were not zero-filled
VMS,True,True,True,False,True,7,net_income,L4_CACHE_PRESENT,PARTIAL_PROVISIONAL_DATA,provisional structured data only; missing values were not zero-filled
VMT,True,True,True,False,False,7,net_income,L4_CACHE_PRESENT,PARTIAL_PROVISIONAL_DATA,provisional structured data only; missing values were not zero-filled
VNA,True,True,True,False,True,7,net_income,L4_CACHE_PRESENT,PARTIAL_PROVISIONAL_DATA,provisional structured data only; missing values were not zero-filled
VNB,True,True,True,False,True,7,net_income,L4_CACHE_PRESENT,PARTIAL_PROVISIONAL_DATA,provisional structured data only; missing values were not zero-filled
VNC,True,True,True,False,True,7,net_income,L4_CACHE_PRESENT,PARTIAL_PROVISIONAL_DATA,provisional structured data only; missing values were not zero-filled
VND,True,True,True,False,True,8,,L4_CACHE_PRESENT,PARTIAL_PROVISIONAL_DATA,provisional structured data only; missing values were not zero-filled
VNE,True,True,True,False,True,7,net_income,L4_CACHE_PRESENT,PARTIAL_PROVISIONAL_DATA,provisional structured data only; missing values were not zero-filled
VNF,True,True,True,False,True,7,net_income,L4_CACHE_PRESENT,PARTIAL_PROVISIONAL_DATA,provisional structured data only; missing values were not zero-filled
VNG,True,True,True,False,True,7,net_income,L4_CACHE_PRESENT,PARTIAL_PROVISIONAL_DATA,provisional structured data only; missing values were not zero-filled
VNH,True,True,True,False,True,7,net_income,L4_CACHE_PRESENT,PARTIAL_PROVISIONAL_DATA,provisional structured data only; missing values were not zero-filled
VNI,True,True,True,False,True,7,net_income,L4_CACHE_PRESENT,PARTIAL_PROVISIONAL_DATA,provisional structured data only; missing values were not zero-filled
VNL,True,True,True,False,True,7,net_income,L4_CACHE_PRESENT,PARTIAL_PROVISIONAL_DATA,provisional structured data only; missing values were not zero-filled
VNM,True,True,True,False,True,7,net_income,L4_CACHE_PRESENT,PARTIAL_PROVISIONAL_DATA,provisional structured data only; missing values were not zero-filled
VNP,True,True,True,False,True,7,net_income,L4_CACHE_PRESENT,PARTIAL_PROVISIONAL_DATA,provisional structured data only; missing values were not zero-filled
VNR,True,True,True,False,True,7,capex,L4_CACHE_PRESENT,PARTIAL_PROVISIONAL_DATA,provisional structured data only; missing values were not zero-filled
VNS,True,True,True,False,True,7,net_income,L4_CACHE_PRESENT,PARTIAL_PROVISIONAL_DATA,provisional structured data only; missing values were not zero-filled
VNT,True,True,True,False,False,7,net_income,L4_CACHE_PRESENT,PARTIAL_PROVISIONAL_DATA,provisional structured data only; missing values were not zero-filled
VNX,True,True,True,False,False,7,net_income,L4_CACHE_PRESENT,PARTIAL_PROVISIONAL_DATA,provisional structured data only; missing values were not zero-filled
VNY,True,True,True,False,True,7,net_income,L4_CACHE_PRESENT,PARTIAL_PROVISIONAL_DATA,provisional structured data only; missing values were not zero-filled
VNZ,True,True,True,False,True,7,net_income,L4_CACHE_PRESENT,PARTIAL_PROVISIONAL_DATA,provisional structured data only; missing values were not zero-filled
VOC,True,True,True,False,True,7,net_income,L4_CACHE_PRESENT,PARTIAL_PROVISIONAL_DATA,provisional structured data only; missing values were not zero-filled
VOS,True,True,True,False,True,7,net_income,L4_CACHE_PRESENT,PARTIAL_PROVISIONAL_DATA,provisional structured data only; missing values were not zero-filled
VPA,True,True,True,False,True,7,net_income,L4_CACHE_PRESENT,PARTIAL_PROVISIONAL_DATA,provisional structured data only; missing values were not zero-filled
VPB,True,True,True,False,True,5,revenue;gross_profit;capex,L4_CACHE_PRESENT,PARTIAL_PROVISIONAL_DATA,provisional structured data only; missing values were not zero-filled
VPC,True,True,True,False,True,7,net_income,L4_CACHE_PRESENT,PARTIAL_PROVISIONAL_DATA,provisional structured data only; missing values were not zero-filled
VPD,True,True,True,False,True,7,net_income,L4_CACHE_PRESENT,PARTIAL_PROVISIONAL_DATA,provisional structured data only; missing values were not zero-filled
VPG,True,True,True,False,True,7,net_income,L4_CACHE_PRESENT,PARTIAL_PROVISIONAL_DATA,provisional structured data only; missing values were not zero-filled
VPH,True,True,True,False,True,7,net_income,L4_CACHE_PRESENT,PARTIAL_PROVISIONAL_DATA,provisional structured data only; missing values were not zero-filled
VPI,True,True,True,False,True,7,net_income,L4_CACHE_PRESENT,PARTIAL_PROVISIONAL_DATA,provisional structured data only; missing values were not zero-filled
VPL,True,True,True,False,True,7,net_income,L4_CACHE_PRESENT,PARTIAL_PROVISIONAL_DATA,provisional structured data only; missing values were not zero-filled
VPR,True,True,True,False,True,7,net_income,L4_CACHE_PRESENT,PARTIAL_PROVISIONAL_DATA,provisional structured data only; missing values were not zero-filled
VPS,True,True,True,False,True,7,net_income,L4_CACHE_PRESENT,PARTIAL_PROVISIONAL_DATA,provisional structured data only; missing values were not zero-filled
VPW,True,True,True,False,False,7,net_income,L4_CACHE_PRESENT,PARTIAL_PROVISIONAL_DATA,provisional structured data only; missing values were not zero-filled
VPX,True,True,True,False,False,8,,L4_CACHE_PRESENT,PARTIAL_PROVISIONAL_DATA,provisional structured data only; missing values were not zero-filled
VQC,True,True,True,False,True,7,net_income,L4_CACHE_PRESENT,PARTIAL_PROVISIONAL_DATA,provisional structured data only; missing values were not zero-filled
VRC,True,True,True,False,True,7,net_income,L4_CACHE_PRESENT,PARTIAL_PROVISIONAL_DATA,provisional structured data only; missing values were not zero-filled
VRE,True,True,True,False,True,7,net_income,L4_CACHE_PRESENT,PARTIAL_PROVISIONAL_DATA,provisional structured data only; missing values were not zero-filled
VRG,True,True,True,False,True,7,net_income,L4_CACHE_PRESENT,PARTIAL_PROVISIONAL_DATA,provisional structured data only; missing values were not zero-filled
VSA,True,True,True,False,True,7,net_income,L4_CACHE_PRESENT,PARTIAL_PROVISIONAL_DATA,provisional structured data only; missing values were not zero-filled
VSC,True,True,True,True,True,7,net_income,L4_CACHE_PRESENT,OK_FOR_PROVISIONAL_SCREEN,provisional structured data only; missing values were not zero-filled
VSE,True,True,True,False,True,7,net_income,L4_CACHE_PRESENT,PARTIAL_PROVISIONAL_DATA,provisional structured data only; missing values were not zero-filled
VSF,True,True,True,False,True,7,net_income,L4_CACHE_PRESENT,PARTIAL_PROVISIONAL_DATA,provisional structured data only; missing values were not zero-filled
VSG,True,True,True,False,True,7,net_income,L4_CACHE_PRESENT,PARTIAL_PROVISIONAL_DATA,provisional structured data only; missing values were not zero-filled
VSH,True,True,True,False,True,7,net_income,L4_CACHE_PRESENT,PARTIAL_PROVISIONAL_DATA,provisional structured data only; missing values were not zero-filled
VSI,True,True,True,False,True,7,net_income,L4_CACHE_PRESENT,PARTIAL_PROVISIONAL_DATA,provisional structured data only; missing values were not zero-filled
VSM,True,True,True,False,True,7,net_income,L4_CACHE_PRESENT,PARTIAL_PROVISIONAL_DATA,provisional structured data only; missing values were not zero-filled
VSN,True,True,True,False,True,7,net_income,L4_CACHE_PRESENT,PARTIAL_PROVISIONAL_DATA,provisional structured data only; missing values were not zero-filled
VSP,False,False,False,False,False,0,revenue;gross_profit;net_income;total_assets;total_liabilities;equity;cfo;capex,L4_CACHE_PRESENT,INSUFFICIENT_DATA,provisional structured data only; missing values were not zero-filled
VST,True,True,True,False,True,7,net_income,L4_CACHE_PRESENT,PARTIAL_PROVISIONAL_DATA,provisional structured data only; missing values were not zero-filled
VTA,True,True,True,False,True,7,net_income,L4_CACHE_PRESENT,PARTIAL_PROVISIONAL_DATA,provisional structured data only; missing values were not zero-filled
VTB,True,True,True,False,True,7,net_income,L4_CACHE_PRESENT,PARTIAL_PROVISIONAL_DATA,provisional structured data only; missing values were not zero-filled
VTC,True,True,True,False,True,7,net_income,L4_CACHE_PRESENT,PARTIAL_PROVISIONAL_DATA,provisional structured data only; missing values were not zero-filled
VTD,True,True,True,False,True,7,net_income,L4_CACHE_PRESENT,PARTIAL_PROVISIONAL_DATA,provisional structured data only; missing values were not zero-filled
VTE,True,True,True,False,True,7,net_income,L4_CACHE_PRESENT,PARTIAL_PROVISIONAL_DATA,provisional structured data only; missing values were not zero-filled
VTG,True,True,True,False,True,7,net_income,L4_CACHE_PRESENT,PARTIAL_PROVISIONAL_DATA,provisional structured data only; missing values were not zero-filled
VTH,True,True,True,False,True,7,net_income,L4_CACHE_PRESENT,PARTIAL_PROVISIONAL_DATA,provisional structured data only; missing values were not zero-filled
VTI,True,True,True,False,False,7,net_income,L4_CACHE_PRESENT,PARTIAL_PROVISIONAL_DATA,provisional structured data only; missing values were not zero-filled
VTJ,True,True,True,False,True,7,net_income,L4_CACHE_PRESENT,PARTIAL_PROVISIONAL_DATA,provisional structured data only; missing values were not zero-filled
VTK,True,True,True,False,True,7,net_income,L4_CACHE_PRESENT,PARTIAL_PROVISIONAL_DATA,provisional structured data only; missing values were not zero-filled
VTL,True,True,True,False,True,7,net_income,L4_CACHE_PRESENT,PARTIAL_PROVISIONAL_DATA,provisional structured data only; missing values were not zero-filled
VTM,True,True,True,False,False,7,net_income,L4_CACHE_PRESENT,PARTIAL_PROVISIONAL_DATA,provisional structured data only; missing values were not zero-filled
VTO,True,True,True,False,True,7,net_income,L4_CACHE_PRESENT,PARTIAL_PROVISIONAL_DATA,provisional structured data only; missing values were not zero-filled
VTP,True,True,True,False,True,7,net_income,L4_CACHE_PRESENT,PARTIAL_PROVISIONAL_DATA,provisional structured data only; missing values were not zero-filled
VTQ,True,True,True,False,True,7,net_income,L4_CACHE_PRESENT,PARTIAL_PROVISIONAL_DATA,provisional structured data only; missing values were not zero-filled
VTR,True,True,True,False,True,7,net_income,L4_CACHE_PRESENT,PARTIAL_PROVISIONAL_DATA,provisional structured data only; missing values were not zero-filled
VTS,True,True,True,False,False,7,net_income,L4_CACHE_PRESENT,PARTIAL_PROVISIONAL_DATA,provisional structured data only; missing values were not zero-filled
VTV,True,True,True,False,True,7,net_income,L4_CACHE_PRESENT,PARTIAL_PROVISIONAL_DATA,provisional structured data only; missing values were not zero-filled
VTX,True,True,True,False,True,7,net_income,L4_CACHE_PRESENT,PARTIAL_PROVISIONAL_DATA,provisional structured data only; missing values were not zero-filled
VTZ,True,True,True,False,True,7,net_income,L4_CACHE_PRESENT,PARTIAL_PROVISIONAL_DATA,provisional structured data only; missing values were not zero-filled
VUA,True,True,True,False,True,8,,L4_CACHE_PRESENT,PARTIAL_PROVISIONAL_DATA,provisional structured data only; missing values were not zero-filled
VVN,True,True,True,False,True,7,net_income,L4_CACHE_PRESENT,PARTIAL_PROVISIONAL_DATA,provisional structured data only; missing values were not zero-filled
VVS,True,True,True,False,True,7,net_income,L4_CACHE_PRESENT,PARTIAL_PROVISIONAL_DATA,provisional structured data only; missing values were not zero-filled
VW3,True,True,True,False,True,7,net_income,L4_CACHE_PRESENT,PARTIAL_PROVISIONAL_DATA,provisional structured data only; missing values were not zero-filled
VWS,True,True,True,False,True,7,net_income,L4_CACHE_PRESENT,PARTIAL_PROVISIONAL_DATA,provisional structured data only; missing values were not zero-filled
VXB,True,True,True,False,False,7,net_income,L4_CACHE_PRESENT,PARTIAL_PROVISIONAL_DATA,provisional structured data only; missing values were not zero-filled
VXP,True,True,True,False,False,7,net_income,L4_CACHE_PRESENT,PARTIAL_PROVISIONAL_DATA,provisional structured data only; missing values were not zero-filled
VXT,True,True,True,False,False,7,net_income,L4_CACHE_PRESENT,PARTIAL_PROVISIONAL_DATA,provisional structured data only; missing values were not zero-filled
WCS,True,True,True,False,True,7,net_income,L4_CACHE_PRESENT,PARTIAL_PROVISIONAL_DATA,provisional structured data only; missing values were not zero-filled
WSB,True,True,True,False,True,7,net_income,L4_CACHE_PRESENT,PARTIAL_PROVISIONAL_DATA,provisional structured data only; missing values were not zero-filled
WSS,True,True,True,False,True,8,,L4_CACHE_PRESENT,PARTIAL_PROVISIONAL_DATA,provisional structured data only; missing values were not zero-filled
WTC,True,True,True,False,True,7,net_income,L4_CACHE_PRESENT,PARTIAL_PROVISIONAL_DATA,provisional structured data only; missing values were not zero-filled
X20,True,True,True,False,True,7,net_income,L4_CACHE_PRESENT,PARTIAL_PROVISIONAL_DATA,provisional structured data only; missing values were not zero-filled
X26,True,True,True,False,False,7,net_income,L4_CACHE_PRESENT,PARTIAL_PROVISIONAL_DATA,provisional structured data only; missing values were not zero-filled
X77,True,True,True,False,False,7,net_income,L4_CACHE_PRESENT,PARTIAL_PROVISIONAL_DATA,provisional structured data only; missing values were not zero-filled
XDC,True,True,True,False,False,7,net_income,L4_CACHE_PRESENT,PARTIAL_PROVISIONAL_DATA,provisional structured data only; missing values were not zero-filled
XDH,True,True,True,False,True,7,net_income,L4_CACHE_PRESENT,PARTIAL_PROVISIONAL_DATA,provisional structured data only; missing values were not zero-filled
XHC,True,True,True,False,True,7,net_income,L4_CACHE_PRESENT,PARTIAL_PROVISIONAL_DATA,provisional structured data only; missing values were not zero-filled
XLV,True,True,True,False,True,7,net_income,L4_CACHE_PRESENT,PARTIAL_PROVISIONAL_DATA,provisional structured data only; missing values were not zero-filled
XMC,True,True,True,False,True,7,net_income,L4_CACHE_PRESENT,PARTIAL_PROVISIONAL_DATA,provisional structured data only; missing values were not zero-filled
XMD,True,True,True,False,True,7,net_income,L4_CACHE_PRESENT,PARTIAL_PROVISIONAL_DATA,provisional structured data only; missing values were not zero-filled
XMP,True,True,True,False,True,7,net_income,L4_CACHE_PRESENT,PARTIAL_PROVISIONAL_DATA,provisional structured data only; missing values were not zero-filled
XPH,True,True,True,False,False,7,net_income,L4_CACHE_PRESENT,PARTIAL_PROVISIONAL_DATA,provisional structured data only; missing values were not zero-filled
YBC,True,True,True,False,True,7,net_income,L4_CACHE_PRESENT,PARTIAL_PROVISIONAL_DATA,provisional structured data only; missing values were not zero-filled
YBM,True,True,True,False,True,7,net_income,L4_CACHE_PRESENT,PARTIAL_PROVISIONAL_DATA,provisional structured data only; missing values were not zero-filled
YEG,True,True,True,False,True,7,net_income,L4_CACHE_PRESENT,PARTIAL_PROVISIONAL_DATA,provisional structured data only; missing values were not zero-filled
YTC,True,True,True,False,False,7,net_income,L4_CACHE_PRESENT,PARTIAL_PROVISIONAL_DATA,provisional structured data only; missing values were not zero-filled
