ticker,period,period_type,field_name,value,unit,currency,source_category,source_name,source_url,fetch_time,confidence_raw,raw_label,raw_value,raw_period,parser_name,parse_status,notes
VCB,2026-Q1,quarter,net_profit,9462095000000.0,VND,VND,vnstock,vnstock:vci:finance,https://vnstocks.com/,2026-06-06T01:03:33+00:00,medium,net_profit_loss_after_tax | Net profit/(loss) after tax | Lợi nhuận sau thuế,9462095000000.0,2026-Q1,vnstock_finance_wide_statement,FIELD_MAPPED,source value explicitly mapped; missing values remain missing
VCB,2025-Q4,quarter,net_profit,8633290000000.0,VND,VND,vnstock,vnstock:vci:finance,https://vnstocks.com/,2026-06-06T01:03:33+00:00,medium,net_profit_loss_after_tax | Net profit/(loss) after tax | Lợi nhuận sau thuế,8633290000000.0,2025-Q4,vnstock_finance_wide_statement,FIELD_MAPPED,source value explicitly mapped; missing values remain missing
VCB,2026-Q1,quarter,revenue,32091990000000.0,VND,VND,vnstock,vnstock:vci:finance,https://vnstocks.com/,2026-06-06T01:03:33+00:00,medium,interest_and_similar_income | Interest and Similar Income | Thu nhập lãi và các khoản thu nhập tương tự,32091990000000.0,2026-Q1,vnstock_finance_wide_statement,FIELD_MAPPED,source value explicitly mapped; missing values remain missing; BANK_REVENUE_SCHEMA_EXPLICITLY_MAPPED
VCB,2025-Q4,quarter,revenue,28710786000000.0,VND,VND,vnstock,vnstock:vci:finance,https://vnstocks.com/,2026-06-06T01:03:33+00:00,medium,interest_and_similar_income | Interest and Similar Income | Thu nhập lãi và các khoản thu nhập tương tự,28710786000000.0,2025-Q4,vnstock_finance_wide_statement,FIELD_MAPPED,source value explicitly mapped; missing values remain missing; BANK_REVENUE_SCHEMA_EXPLICITLY_MAPPED
VCB,2026-Q1,quarter,cash,12930996000000.0,VND,VND,vnstock,vnstock:vci:finance,https://vnstocks.com/,2026-06-06T01:03:33+00:00,medium,"cash_and_precious_metals | Cash and precious metals | Tiền mặt, vàng bạc, đá quý",12930996000000.0,2026-Q1,vnstock_finance_wide_statement,FIELD_MAPPED,source value explicitly mapped; missing values remain missing; BANK_CASH_SCHEMA_EXPLICITLY_MAPPED
VCB,2025-Q4,quarter,cash,15542769000000.0,VND,VND,vnstock,vnstock:vci:finance,https://vnstocks.com/,2026-06-06T01:03:33+00:00,medium,"cash_and_precious_metals | Cash and precious metals | Tiền mặt, vàng bạc, đá quý",15542769000000.0,2025-Q4,vnstock_finance_wide_statement,FIELD_MAPPED,source value explicitly mapped; missing values remain missing; BANK_CASH_SCHEMA_EXPLICITLY_MAPPED
VCB,2026-Q1,quarter,total_assets,2550963342000000.0,VND,VND,vnstock,vnstock:vci:finance,https://vnstocks.com/,2026-06-06T01:03:33+00:00,medium,total_assets | TOTAL ASSETS | TỔNG TÀI SẢN,2550963342000000.0,2026-Q1,vnstock_finance_wide_statement,FIELD_MAPPED,source value explicitly mapped; missing values remain missing
VCB,2025-Q4,quarter,total_assets,2442279166000000.0,VND,VND,vnstock,vnstock:vci:finance,https://vnstocks.com/,2026-06-06T01:03:33+00:00,medium,total_assets | TOTAL ASSETS | TỔNG TÀI SẢN,2442279166000000.0,2025-Q4,vnstock_finance_wide_statement,FIELD_MAPPED,source value explicitly mapped; missing values remain missing
VCB,2026-Q1,quarter,total_liabilities,2316932013000000.0,VND,VND,vnstock,vnstock:vci:finance,https://vnstocks.com/,2026-06-06T01:03:33+00:00,medium,total_liabilities | TOTAL LIABILITIES | TỔNG NỢ PHẢI TRẢ,2316932013000000.0,2026-Q1,vnstock_finance_wide_statement,FIELD_MAPPED,source value explicitly mapped; missing values remain missing
VCB,2025-Q4,quarter,total_liabilities,2217720440000000.0,VND,VND,vnstock,vnstock:vci:finance,https://vnstocks.com/,2026-06-06T01:03:33+00:00,medium,total_liabilities | TOTAL LIABILITIES | TỔNG NỢ PHẢI TRẢ,2217720440000000.0,2025-Q4,vnstock_finance_wide_statement,FIELD_MAPPED,source value explicitly mapped; missing values remain missing
VCB,2026-Q1,quarter,equity,234031329000000.0,VND,VND,vnstock,vnstock:vci:finance,https://vnstocks.com/,2026-06-06T01:03:33+00:00,medium,owners_equity | OWNER'S EQUITY | VỐN CHỦ SỞ HỮU,234031329000000.0,2026-Q1,vnstock_finance_wide_statement,FIELD_MAPPED,source value explicitly mapped; missing values remain missing
VCB,2025-Q4,quarter,equity,224558726000000.0,VND,VND,vnstock,vnstock:vci:finance,https://vnstocks.com/,2026-06-06T01:03:33+00:00,medium,owners_equity | OWNER'S EQUITY | VỐN CHỦ SỞ HỮU,224558726000000.0,2025-Q4,vnstock_finance_wide_statement,FIELD_MAPPED,source value explicitly mapped; missing values remain missing
VCB,2026-Q1,quarter,operating_cash_flow,35398194000000.0,VND,VND,vnstock,vnstock:vci:finance,https://vnstocks.com/,2026-06-06T01:03:33+00:00,medium,net_cash_from_operating_activities | Net cash from operating activities | Lưu chuyển tiền thuần từ các hoạt động sản xuất kinh doanh,35398194000000.0,2026-Q1,vnstock_finance_wide_statement,FIELD_MAPPED,source value explicitly mapped; missing values remain missing; BANK_CFO_SCHEMA_EXPLICITLY_MAPPED
VCB,2025-Q4,quarter,operating_cash_flow,9947262000000.0,VND,VND,vnstock,vnstock:vci:finance,https://vnstocks.com/,2026-06-06T01:03:33+00:00,medium,net_cash_from_operating_activities | Net cash from operating activities | Lưu chuyển tiền thuần từ các hoạt động sản xuất kinh doanh,9947262000000.0,2025-Q4,vnstock_finance_wide_statement,FIELD_MAPPED,source value explicitly mapped; missing values remain missing; BANK_CFO_SCHEMA_EXPLICITLY_MAPPED
BID,2026-Q1,quarter,net_profit,6878794000000.0,VND,VND,vnstock,vnstock:vci:finance,https://vnstocks.com/,2026-06-06T01:04:02+00:00,medium,net_profit_loss_after_tax | Net profit/(loss) after tax | Lợi nhuận sau thuế,6878794000000.0,2026-Q1,vnstock_finance_wide_statement,FIELD_MAPPED,source value explicitly mapped; missing values remain missing
BID,2025-Q4,quarter,net_profit,11489771000000.0,VND,VND,vnstock,vnstock:vci:finance,https://vnstocks.com/,2026-06-06T01:04:02+00:00,medium,net_profit_loss_after_tax | Net profit/(loss) after tax | Lợi nhuận sau thuế,11489771000000.0,2025-Q4,vnstock_finance_wide_statement,FIELD_MAPPED,source value explicitly mapped; missing values remain missing
BID,2026-Q1,quarter,revenue,42960159000000.0,VND,VND,vnstock,vnstock:vci:finance,https://vnstocks.com/,2026-06-06T01:04:02+00:00,medium,interest_and_similar_income | Interest and Similar Income | Thu nhập lãi và các khoản thu nhập tương tự,42960159000000.0,2026-Q1,vnstock_finance_wide_statement,FIELD_MAPPED,source value explicitly mapped; missing values remain missing; BANK_REVENUE_SCHEMA_EXPLICITLY_MAPPED
BID,2025-Q4,quarter,revenue,43734897000000.0,VND,VND,vnstock,vnstock:vci:finance,https://vnstocks.com/,2026-06-06T01:04:02+00:00,medium,interest_and_similar_income | Interest and Similar Income | Thu nhập lãi và các khoản thu nhập tương tự,43734897000000.0,2025-Q4,vnstock_finance_wide_statement,FIELD_MAPPED,source value explicitly mapped; missing values remain missing; BANK_REVENUE_SCHEMA_EXPLICITLY_MAPPED
BID,2026-Q1,quarter,cash,12065997000000.0,VND,VND,vnstock,vnstock:vci:finance,https://vnstocks.com/,2026-06-06T01:04:02+00:00,medium,"cash_and_precious_metals | Cash and precious metals | Tiền mặt, vàng bạc, đá quý",12065997000000.0,2026-Q1,vnstock_finance_wide_statement,FIELD_MAPPED,source value explicitly mapped; missing values remain missing; BANK_CASH_SCHEMA_EXPLICITLY_MAPPED
BID,2025-Q4,quarter,cash,13075066000000.0,VND,VND,vnstock,vnstock:vci:finance,https://vnstocks.com/,2026-06-06T01:04:02+00:00,medium,"cash_and_precious_metals | Cash and precious metals | Tiền mặt, vàng bạc, đá quý",13075066000000.0,2025-Q4,vnstock_finance_wide_statement,FIELD_MAPPED,source value explicitly mapped; missing values remain missing; BANK_CASH_SCHEMA_EXPLICITLY_MAPPED
BID,2026-Q1,quarter,total_assets,3388221517000000.0,VND,VND,vnstock,vnstock:vci:finance,https://vnstocks.com/,2026-06-06T01:04:02+00:00,medium,total_assets | TOTAL ASSETS | TỔNG TÀI SẢN,3388221517000000.0,2026-Q1,vnstock_finance_wide_statement,FIELD_MAPPED,source value explicitly mapped; missing values remain missing
BID,2025-Q4,quarter,total_assets,3330825720000000.0,VND,VND,vnstock,vnstock:vci:finance,https://vnstocks.com/,2026-06-06T01:04:02+00:00,medium,total_assets | TOTAL ASSETS | TỔNG TÀI SẢN,3330825720000000.0,2025-Q4,vnstock_finance_wide_statement,FIELD_MAPPED,source value explicitly mapped; missing values remain missing
BID,2026-Q1,quarter,total_liabilities,3197598357000000.0,VND,VND,vnstock,vnstock:vci:finance,https://vnstocks.com/,2026-06-06T01:04:02+00:00,medium,total_liabilities | TOTAL LIABILITIES | TỔNG NỢ PHẢI TRẢ,3197598357000000.0,2026-Q1,vnstock_finance_wide_statement,FIELD_MAPPED,source value explicitly mapped; missing values remain missing
BID,2025-Q4,quarter,total_liabilities,3157272818000000.0,VND,VND,vnstock,vnstock:vci:finance,https://vnstocks.com/,2026-06-06T01:04:02+00:00,medium,total_liabilities | TOTAL LIABILITIES | TỔNG NỢ PHẢI TRẢ,3157272818000000.0,2025-Q4,vnstock_finance_wide_statement,FIELD_MAPPED,source value explicitly mapped; missing values remain missing
BID,2026-Q1,quarter,equity,190623160000000.0,VND,VND,vnstock,vnstock:vci:finance,https://vnstocks.com/,2026-06-06T01:04:02+00:00,medium,owners_equity | OWNER'S EQUITY | VỐN CHỦ SỞ HỮU,190623160000000.0,2026-Q1,vnstock_finance_wide_statement,FIELD_MAPPED,source value explicitly mapped; missing values remain missing
BID,2025-Q4,quarter,equity,173552902000000.0,VND,VND,vnstock,vnstock:vci:finance,https://vnstocks.com/,2026-06-06T01:04:02+00:00,medium,owners_equity | OWNER'S EQUITY | VỐN CHỦ SỞ HỮU,173552902000000.0,2025-Q4,vnstock_finance_wide_statement,FIELD_MAPPED,source value explicitly mapped; missing values remain missing
BID,2026-Q1,quarter,operating_cash_flow,1179080000000.0,VND,VND,vnstock,vnstock:vci:finance,https://vnstocks.com/,2026-06-06T01:04:02+00:00,medium,net_cash_from_operating_activities | Net cash from operating activities | Lưu chuyển tiền thuần từ các hoạt động sản xuất kinh doanh,1179080000000.0,2026-Q1,vnstock_finance_wide_statement,FIELD_MAPPED,source value explicitly mapped; missing values remain missing; BANK_CFO_SCHEMA_EXPLICITLY_MAPPED
BID,2025-Q4,quarter,operating_cash_flow,81100023000000.0,VND,VND,vnstock,vnstock:vci:finance,https://vnstocks.com/,2026-06-06T01:04:02+00:00,medium,net_cash_from_operating_activities | Net cash from operating activities | Lưu chuyển tiền thuần từ các hoạt động sản xuất kinh doanh,81100023000000.0,2025-Q4,vnstock_finance_wide_statement,FIELD_MAPPED,source value explicitly mapped; missing values remain missing; BANK_CFO_SCHEMA_EXPLICITLY_MAPPED
CTG,2026-Q1,quarter,net_profit,8960041000000.0,VND,VND,vnstock,vnstock:vci:finance,https://vnstocks.com/,2026-06-06T01:04:53+00:00,medium,net_profit_loss_after_tax | Net profit/(loss) after tax | Lợi nhuận sau thuế,8960041000000.0,2026-Q1,vnstock_finance_wide_statement,FIELD_MAPPED,source value explicitly mapped; missing values remain missing
CTG,2025-Q4,quarter,net_profit,11107411000000.0,VND,VND,vnstock,vnstock:vci:finance,https://vnstocks.com/,2026-06-06T01:04:53+00:00,medium,net_profit_loss_after_tax | Net profit/(loss) after tax | Lợi nhuận sau thuế,11107411000000.0,2025-Q4,vnstock_finance_wide_statement,FIELD_MAPPED,source value explicitly mapped; missing values remain missing
CTG,2026-Q1,quarter,revenue,41672522000000.0,VND,VND,vnstock,vnstock:vci:finance,https://vnstocks.com/,2026-06-06T01:04:53+00:00,medium,interest_and_similar_income | Interest and Similar Income | Thu nhập lãi và các khoản thu nhập tương tự,41672522000000.0,2026-Q1,vnstock_finance_wide_statement,FIELD_MAPPED,source value explicitly mapped; missing values remain missing; BANK_REVENUE_SCHEMA_EXPLICITLY_MAPPED
CTG,2025-Q4,quarter,revenue,38592005000000.0,VND,VND,vnstock,vnstock:vci:finance,https://vnstocks.com/,2026-06-06T01:04:53+00:00,medium,interest_and_similar_income | Interest and Similar Income | Thu nhập lãi và các khoản thu nhập tương tự,38592005000000.0,2025-Q4,vnstock_finance_wide_statement,FIELD_MAPPED,source value explicitly mapped; missing values remain missing; BANK_REVENUE_SCHEMA_EXPLICITLY_MAPPED
CTG,2026-Q1,quarter,cash,12295797000000.0,VND,VND,vnstock,vnstock:vci:finance,https://vnstocks.com/,2026-06-06T01:04:53+00:00,medium,"cash_and_precious_metals | Cash and precious metals | Tiền mặt, vàng bạc, đá quý",12295797000000.0,2026-Q1,vnstock_finance_wide_statement,FIELD_MAPPED,source value explicitly mapped; missing values remain missing; BANK_CASH_SCHEMA_EXPLICITLY_MAPPED
CTG,2025-Q4,quarter,cash,12583484000000.0,VND,VND,vnstock,vnstock:vci:finance,https://vnstocks.com/,2026-06-06T01:04:53+00:00,medium,"cash_and_precious_metals | Cash and precious metals | Tiền mặt, vàng bạc, đá quý",12583484000000.0,2025-Q4,vnstock_finance_wide_statement,FIELD_MAPPED,source value explicitly mapped; missing values remain missing; BANK_CASH_SCHEMA_EXPLICITLY_MAPPED
CTG,2026-Q1,quarter,total_assets,2924176928000000.0,VND,VND,vnstock,vnstock:vci:finance,https://vnstocks.com/,2026-06-06T01:04:53+00:00,medium,total_assets | TOTAL ASSETS | TỔNG TÀI SẢN,2924176928000000.0,2026-Q1,vnstock_finance_wide_statement,FIELD_MAPPED,source value explicitly mapped; missing values remain missing
CTG,2025-Q4,quarter,total_assets,2767699300000000.0,VND,VND,vnstock,vnstock:vci:finance,https://vnstocks.com/,2026-06-06T01:04:53+00:00,medium,total_assets | TOTAL ASSETS | TỔNG TÀI SẢN,2767699300000000.0,2025-Q4,vnstock_finance_wide_statement,FIELD_MAPPED,source value explicitly mapped; missing values remain missing
CTG,2026-Q1,quarter,total_liabilities,2735484770000000.0,VND,VND,vnstock,vnstock:vci:finance,https://vnstocks.com/,2026-06-06T01:04:53+00:00,medium,total_liabilities | TOTAL LIABILITIES | TỔNG NỢ PHẢI TRẢ,2735484770000000.0,2026-Q1,vnstock_finance_wide_statement,FIELD_MAPPED,source value explicitly mapped; missing values remain missing
CTG,2025-Q4,quarter,total_liabilities,2588044295000000.0,VND,VND,vnstock,vnstock:vci:finance,https://vnstocks.com/,2026-06-06T01:04:53+00:00,medium,total_liabilities | TOTAL LIABILITIES | TỔNG NỢ PHẢI TRẢ,2588044295000000.0,2025-Q4,vnstock_finance_wide_statement,FIELD_MAPPED,source value explicitly mapped; missing values remain missing
CTG,2026-Q1,quarter,equity,188692158000000.0,VND,VND,vnstock,vnstock:vci:finance,https://vnstocks.com/,2026-06-06T01:04:53+00:00,medium,owners_equity | OWNER'S EQUITY | VỐN CHỦ SỞ HỮU,188692158000000.0,2026-Q1,vnstock_finance_wide_statement,FIELD_MAPPED,source value explicitly mapped; missing values remain missing
CTG,2025-Q4,quarter,equity,179655005000000.0,VND,VND,vnstock,vnstock:vci:finance,https://vnstocks.com/,2026-06-06T01:04:53+00:00,medium,owners_equity | OWNER'S EQUITY | VỐN CHỦ SỞ HỮU,179655005000000.0,2025-Q4,vnstock_finance_wide_statement,FIELD_MAPPED,source value explicitly mapped; missing values remain missing
CTG,2026-Q1,quarter,operating_cash_flow,127479653000000.0,VND,VND,vnstock,vnstock:vci:finance,https://vnstocks.com/,2026-06-06T01:04:53+00:00,medium,net_cash_from_operating_activities | Net cash from operating activities | Lưu chuyển tiền thuần từ các hoạt động sản xuất kinh doanh,127479653000000.0,2026-Q1,vnstock_finance_wide_statement,FIELD_MAPPED,source value explicitly mapped; missing values remain missing; BANK_CFO_SCHEMA_EXPLICITLY_MAPPED
CTG,2025-Q4,quarter,operating_cash_flow,-2378836000000.0,VND,VND,vnstock,vnstock:vci:finance,https://vnstocks.com/,2026-06-06T01:04:53+00:00,medium,net_cash_from_operating_activities | Net cash from operating activities | Lưu chuyển tiền thuần từ các hoạt động sản xuất kinh doanh,-2378836000000.0,2025-Q4,vnstock_finance_wide_statement,FIELD_MAPPED,source value explicitly mapped; missing values remain missing; BANK_CFO_SCHEMA_EXPLICITLY_MAPPED
MBB,2026-Q1,quarter,net_profit,7702720000000.0,VND,VND,vnstock,vnstock:vci:finance,https://vnstocks.com/,2026-06-06T01:06:02+00:00,medium,net_profit_loss_after_tax | Net profit/(loss) after tax | Lợi nhuận sau thuế,7702720000000.0,2026-Q1,vnstock_finance_wide_statement,FIELD_MAPPED,source value explicitly mapped; missing values remain missing
MBB,2025-Q4,quarter,net_profit,8902952000000.0,VND,VND,vnstock,vnstock:vci:finance,https://vnstocks.com/,2026-06-06T01:06:02+00:00,medium,net_profit_loss_after_tax | Net profit/(loss) after tax | Lợi nhuận sau thuế,8902952000000.0,2025-Q4,vnstock_finance_wide_statement,FIELD_MAPPED,source value explicitly mapped; missing values remain missing
MBB,2026-Q1,quarter,revenue,28982071000000.0,VND,VND,vnstock,vnstock:vci:finance,https://vnstocks.com/,2026-06-06T01:06:02+00:00,medium,interest_and_similar_income | Interest and Similar Income | Thu nhập lãi và các khoản thu nhập tương tự,28982071000000.0,2026-Q1,vnstock_finance_wide_statement,FIELD_MAPPED,source value explicitly mapped; missing values remain missing; BANK_REVENUE_SCHEMA_EXPLICITLY_MAPPED
MBB,2025-Q4,quarter,revenue,26132781000000.0,VND,VND,vnstock,vnstock:vci:finance,https://vnstocks.com/,2026-06-06T01:06:02+00:00,medium,interest_and_similar_income | Interest and Similar Income | Thu nhập lãi và các khoản thu nhập tương tự,26132781000000.0,2025-Q4,vnstock_finance_wide_statement,FIELD_MAPPED,source value explicitly mapped; missing values remain missing; BANK_REVENUE_SCHEMA_EXPLICITLY_MAPPED
MBB,2026-Q1,quarter,cash,5741287000000.0,VND,VND,vnstock,vnstock:vci:finance,https://vnstocks.com/,2026-06-06T01:06:02+00:00,medium,"cash_and_precious_metals | Cash and precious metals | Tiền mặt, vàng bạc, đá quý",5741287000000.0,2026-Q1,vnstock_finance_wide_statement,FIELD_MAPPED,source value explicitly mapped; missing values remain missing; BANK_CASH_SCHEMA_EXPLICITLY_MAPPED
MBB,2025-Q4,quarter,cash,4965786000000.0,VND,VND,vnstock,vnstock:vci:finance,https://vnstocks.com/,2026-06-06T01:06:02+00:00,medium,"cash_and_precious_metals | Cash and precious metals | Tiền mặt, vàng bạc, đá quý",4965786000000.0,2025-Q4,vnstock_finance_wide_statement,FIELD_MAPPED,source value explicitly mapped; missing values remain missing; BANK_CASH_SCHEMA_EXPLICITLY_MAPPED
MBB,2026-Q1,quarter,total_assets,1611222764000000.0,VND,VND,vnstock,vnstock:vci:finance,https://vnstocks.com/,2026-06-06T01:06:02+00:00,medium,total_assets | TOTAL ASSETS | TỔNG TÀI SẢN,1611222764000000.0,2026-Q1,vnstock_finance_wide_statement,FIELD_MAPPED,source value explicitly mapped; missing values remain missing
MBB,2025-Q4,quarter,total_assets,1615763927000000.0,VND,VND,vnstock,vnstock:vci:finance,https://vnstocks.com/,2026-06-06T01:06:02+00:00,medium,total_assets | TOTAL ASSETS | TỔNG TÀI SẢN,1615763927000000.0,2025-Q4,vnstock_finance_wide_statement,FIELD_MAPPED,source value explicitly mapped; missing values remain missing
MBB,2026-Q1,quarter,total_liabilities,1461477439000000.0,VND,VND,vnstock,vnstock:vci:finance,https://vnstocks.com/,2026-06-06T01:06:02+00:00,medium,total_liabilities | TOTAL LIABILITIES | TỔNG NỢ PHẢI TRẢ,1461477439000000.0,2026-Q1,vnstock_finance_wide_statement,FIELD_MAPPED,source value explicitly mapped; missing values remain missing
MBB,2025-Q4,quarter,total_liabilities,1473741402000000.0,VND,VND,vnstock,vnstock:vci:finance,https://vnstocks.com/,2026-06-06T01:06:02+00:00,medium,total_liabilities | TOTAL LIABILITIES | TỔNG NỢ PHẢI TRẢ,1473741402000000.0,2025-Q4,vnstock_finance_wide_statement,FIELD_MAPPED,source value explicitly mapped; missing values remain missing
MBB,2026-Q1,quarter,equity,149745325000000.0,VND,VND,vnstock,vnstock:vci:finance,https://vnstocks.com/,2026-06-06T01:06:02+00:00,medium,owners_equity | OWNER'S EQUITY | VỐN CHỦ SỞ HỮU,149745325000000.0,2026-Q1,vnstock_finance_wide_statement,FIELD_MAPPED,source value explicitly mapped; missing values remain missing
MBB,2025-Q4,quarter,equity,142022525000000.0,VND,VND,vnstock,vnstock:vci:finance,https://vnstocks.com/,2026-06-06T01:06:02+00:00,medium,owners_equity | OWNER'S EQUITY | VỐN CHỦ SỞ HỮU,142022525000000.0,2025-Q4,vnstock_finance_wide_statement,FIELD_MAPPED,source value explicitly mapped; missing values remain missing
MBB,2026-Q1,quarter,operating_cash_flow,-64971848000000.0,VND,VND,vnstock,vnstock:vci:finance,https://vnstocks.com/,2026-06-06T01:06:02+00:00,medium,net_cash_from_operating_activities | Net cash from operating activities | Lưu chuyển tiền thuần từ các hoạt động sản xuất kinh doanh,-64971848000000.0,2026-Q1,vnstock_finance_wide_statement,FIELD_MAPPED,source value explicitly mapped; missing values remain missing; BANK_CFO_SCHEMA_EXPLICITLY_MAPPED
MBB,2025-Q4,quarter,operating_cash_flow,125435814000000.0,VND,VND,vnstock,vnstock:vci:finance,https://vnstocks.com/,2026-06-06T01:06:02+00:00,medium,net_cash_from_operating_activities | Net cash from operating activities | Lưu chuyển tiền thuần từ các hoạt động sản xuất kinh doanh,125435814000000.0,2025-Q4,vnstock_finance_wide_statement,FIELD_MAPPED,source value explicitly mapped; missing values remain missing; BANK_CFO_SCHEMA_EXPLICITLY_MAPPED
ACB,2026-Q1,quarter,net_profit,4320388000000.0,VND,VND,vnstock,vnstock:vci:finance,https://vnstocks.com/,2026-06-06T01:07:03+00:00,medium,net_profit_loss_after_tax | Net profit/(loss) after tax | Lợi nhuận sau thuế,4320388000000.0,2026-Q1,vnstock_finance_wide_statement,FIELD_MAPPED,source value explicitly mapped; missing values remain missing
ACB,2025-Q4,quarter,net_profit,2784685000000.0,VND,VND,vnstock,vnstock:vci:finance,https://vnstocks.com/,2026-06-06T01:07:03+00:00,medium,net_profit_loss_after_tax | Net profit/(loss) after tax | Lợi nhuận sau thuế,2784685000000.0,2025-Q4,vnstock_finance_wide_statement,FIELD_MAPPED,source value explicitly mapped; missing values remain missing
ACB,2026-Q1,quarter,revenue,17220377000000.0,VND,VND,vnstock,vnstock:vci:finance,https://vnstocks.com/,2026-06-06T01:07:03+00:00,medium,interest_and_similar_income | Interest and Similar Income | Thu nhập lãi và các khoản thu nhập tương tự,17220377000000.0,2026-Q1,vnstock_finance_wide_statement,FIELD_MAPPED,source value explicitly mapped; missing values remain missing; BANK_REVENUE_SCHEMA_EXPLICITLY_MAPPED
ACB,2025-Q4,quarter,revenue,16080424000000.0,VND,VND,vnstock,vnstock:vci:finance,https://vnstocks.com/,2026-06-06T01:07:03+00:00,medium,interest_and_similar_income | Interest and Similar Income | Thu nhập lãi và các khoản thu nhập tương tự,16080424000000.0,2025-Q4,vnstock_finance_wide_statement,FIELD_MAPPED,source value explicitly mapped; missing values remain missing; BANK_REVENUE_SCHEMA_EXPLICITLY_MAPPED
ACB,2026-Q1,quarter,cash,8157465000000.0,VND,VND,vnstock,vnstock:vci:finance,https://vnstocks.com/,2026-06-06T01:07:03+00:00,medium,"cash_and_precious_metals | Cash and precious metals | Tiền mặt, vàng bạc, đá quý",8157465000000.0,2026-Q1,vnstock_finance_wide_statement,FIELD_MAPPED,source value explicitly mapped; missing values remain missing; BANK_CASH_SCHEMA_EXPLICITLY_MAPPED
ACB,2025-Q4,quarter,cash,8624548000000.0,VND,VND,vnstock,vnstock:vci:finance,https://vnstocks.com/,2026-06-06T01:07:03+00:00,medium,"cash_and_precious_metals | Cash and precious metals | Tiền mặt, vàng bạc, đá quý",8624548000000.0,2025-Q4,vnstock_finance_wide_statement,FIELD_MAPPED,source value explicitly mapped; missing values remain missing; BANK_CASH_SCHEMA_EXPLICITLY_MAPPED
ACB,2026-Q1,quarter,total_assets,1030900741000000.0,VND,VND,vnstock,vnstock:vci:finance,https://vnstocks.com/,2026-06-06T01:07:03+00:00,medium,total_assets | TOTAL ASSETS | TỔNG TÀI SẢN,1030900741000000.0,2026-Q1,vnstock_finance_wide_statement,FIELD_MAPPED,source value explicitly mapped; missing values remain missing
ACB,2025-Q4,quarter,total_assets,1025850127000000.0,VND,VND,vnstock,vnstock:vci:finance,https://vnstocks.com/,2026-06-06T01:07:03+00:00,medium,total_assets | TOTAL ASSETS | TỔNG TÀI SẢN,1025850127000000.0,2025-Q4,vnstock_finance_wide_statement,FIELD_MAPPED,source value explicitly mapped; missing values remain missing
ACB,2026-Q1,quarter,total_liabilities,932149689000000.0,VND,VND,vnstock,vnstock:vci:finance,https://vnstocks.com/,2026-06-06T01:07:03+00:00,medium,total_liabilities | TOTAL LIABILITIES | TỔNG NỢ PHẢI TRẢ,932149689000000.0,2026-Q1,vnstock_finance_wide_statement,FIELD_MAPPED,source value explicitly mapped; missing values remain missing
ACB,2025-Q4,quarter,total_liabilities,931330408000000.0,VND,VND,vnstock,vnstock:vci:finance,https://vnstocks.com/,2026-06-06T01:07:03+00:00,medium,total_liabilities | TOTAL LIABILITIES | TỔNG NỢ PHẢI TRẢ,931330408000000.0,2025-Q4,vnstock_finance_wide_statement,FIELD_MAPPED,source value explicitly mapped; missing values remain missing
ACB,2026-Q1,quarter,equity,98751052000000.0,VND,VND,vnstock,vnstock:vci:finance,https://vnstocks.com/,2026-06-06T01:07:03+00:00,medium,owners_equity | OWNER'S EQUITY | VỐN CHỦ SỞ HỮU,98751052000000.0,2026-Q1,vnstock_finance_wide_statement,FIELD_MAPPED,source value explicitly mapped; missing values remain missing
ACB,2025-Q4,quarter,equity,94519719000000.0,VND,VND,vnstock,vnstock:vci:finance,https://vnstocks.com/,2026-06-06T01:07:03+00:00,medium,owners_equity | OWNER'S EQUITY | VỐN CHỦ SỞ HỮU,94519719000000.0,2025-Q4,vnstock_finance_wide_statement,FIELD_MAPPED,source value explicitly mapped; missing values remain missing
ACB,2026-Q1,quarter,operating_cash_flow,-21438814000000.0,VND,VND,vnstock,vnstock:vci:finance,https://vnstocks.com/,2026-06-06T01:07:03+00:00,medium,net_cash_from_operating_activities | Net cash from operating activities | Lưu chuyển tiền thuần từ các hoạt động sản xuất kinh doanh,-21438814000000.0,2026-Q1,vnstock_finance_wide_statement,FIELD_MAPPED,source value explicitly mapped; missing values remain missing; BANK_CFO_SCHEMA_EXPLICITLY_MAPPED
ACB,2025-Q4,quarter,operating_cash_flow,49350984000000.0,VND,VND,vnstock,vnstock:vci:finance,https://vnstocks.com/,2026-06-06T01:07:03+00:00,medium,net_cash_from_operating_activities | Net cash from operating activities | Lưu chuyển tiền thuần từ các hoạt động sản xuất kinh doanh,49350984000000.0,2025-Q4,vnstock_finance_wide_statement,FIELD_MAPPED,source value explicitly mapped; missing values remain missing; BANK_CFO_SCHEMA_EXPLICITLY_MAPPED
HPG,2026-Q1,quarter,revenue,53312910120686.0,VND,VND,vnstock,vnstock:vci:finance,https://vnstocks.com/,2026-06-06T01:07:32+00:00,medium,sales | Sales | Doanh thu bán hàng và cung cấp dịch vụ,53312910120686.0,2026-Q1,vnstock_finance_wide_statement,FIELD_MAPPED,source value explicitly mapped; missing values remain missing; BANK_REVENUE_SCHEMA_EXPLICITLY_MAPPED
HPG,2025-Q4,quarter,revenue,47301623136340.0,VND,VND,vnstock,vnstock:vci:finance,https://vnstocks.com/,2026-06-06T01:07:32+00:00,medium,sales | Sales | Doanh thu bán hàng và cung cấp dịch vụ,47301623136340.0,2025-Q4,vnstock_finance_wide_statement,FIELD_MAPPED,source value explicitly mapped; missing values remain missing; BANK_REVENUE_SCHEMA_EXPLICITLY_MAPPED
HPG,2026-Q1,quarter,gross_profit,8365068607995.0,VND,VND,vnstock,vnstock:vci:finance,https://vnstocks.com/,2026-06-06T01:07:32+00:00,medium,gross_profit | Gross Profit | Lợi nhuận gộp,8365068607995.0,2026-Q1,vnstock_finance_wide_statement,FIELD_MAPPED,source value explicitly mapped; missing values remain missing
HPG,2025-Q4,quarter,gross_profit,6396650497175.0,VND,VND,vnstock,vnstock:vci:finance,https://vnstocks.com/,2026-06-06T01:07:32+00:00,medium,gross_profit | Gross Profit | Lợi nhuận gộp,6396650497175.0,2025-Q4,vnstock_finance_wide_statement,FIELD_MAPPED,source value explicitly mapped; missing values remain missing
HPG,2026-Q1,quarter,operating_profit,10704033503572.0,VND,VND,vnstock,vnstock:vci:finance,https://vnstocks.com/,2026-06-06T01:07:32+00:00,medium,operating_profit_loss | Operating profit/(loss) | Lãi/(lỗ) từ hoạt động kinh doanh,10704033503572.0,2026-Q1,vnstock_finance_wide_statement,FIELD_MAPPED,source value explicitly mapped; missing values remain missing
HPG,2025-Q4,quarter,operating_profit,4567440888267.0,VND,VND,vnstock,vnstock:vci:finance,https://vnstocks.com/,2026-06-06T01:07:32+00:00,medium,operating_profit_loss | Operating profit/(loss) | Lãi/(lỗ) từ hoạt động kinh doanh,4567440888267.0,2025-Q4,vnstock_finance_wide_statement,FIELD_MAPPED,source value explicitly mapped; missing values remain missing
HPG,2026-Q1,quarter,net_profit,9055918200023.0,VND,VND,vnstock,vnstock:vci:finance,https://vnstocks.com/,2026-06-06T01:07:32+00:00,medium,net_profit_loss_after_tax | Net profit/(loss) after tax | Lãi/(lỗ) thuần sau thuế,9055918200023.0,2026-Q1,vnstock_finance_wide_statement,FIELD_MAPPED,source value explicitly mapped; missing values remain missing
HPG,2025-Q4,quarter,net_profit,3888349733267.0,VND,VND,vnstock,vnstock:vci:finance,https://vnstocks.com/,2026-06-06T01:07:32+00:00,medium,net_profit_loss_after_tax | Net profit/(loss) after tax | Lãi/(lỗ) thuần sau thuế,3888349733267.0,2025-Q4,vnstock_finance_wide_statement,FIELD_MAPPED,source value explicitly mapped; missing values remain missing
HPG,2026-Q1,quarter,cash,11455231038505.0,VND,VND,vnstock,vnstock:vci:finance,https://vnstocks.com/,2026-06-06T01:07:32+00:00,medium,cash_and_cash_equivalents | Cash and cash equivalents | Tiền và tương đương tiền,11455231038505.0,2026-Q1,vnstock_finance_wide_statement,FIELD_MAPPED,source value explicitly mapped; missing values remain missing; BANK_CASH_SCHEMA_EXPLICITLY_MAPPED
HPG,2025-Q4,quarter,cash,8300890304205.0,VND,VND,vnstock,vnstock:vci:finance,https://vnstocks.com/,2026-06-06T01:07:32+00:00,medium,cash_and_cash_equivalents | Cash and cash equivalents | Tiền và tương đương tiền,8300890304205.0,2025-Q4,vnstock_finance_wide_statement,FIELD_MAPPED,source value explicitly mapped; missing values remain missing; BANK_CASH_SCHEMA_EXPLICITLY_MAPPED
HPG,2026-Q1,quarter,inventory,43515585272210.0,VND,VND,vnstock,vnstock:vci:finance,https://vnstocks.com/,2026-06-06T01:07:32+00:00,medium,"inventories_net | Inventories, Net | Hàng tồn kho, ròng",43515585272210.0,2026-Q1,vnstock_finance_wide_statement,FIELD_MAPPED,source value explicitly mapped; missing values remain missing
HPG,2025-Q4,quarter,inventory,52828227344442.0,VND,VND,vnstock,vnstock:vci:finance,https://vnstocks.com/,2026-06-06T01:07:32+00:00,medium,"inventories_net | Inventories, Net | Hàng tồn kho, ròng",52828227344442.0,2025-Q4,vnstock_finance_wide_statement,FIELD_MAPPED,source value explicitly mapped; missing values remain missing
HPG,2026-Q1,quarter,total_assets,259327500205228.0,VND,VND,vnstock,vnstock:vci:finance,https://vnstocks.com/,2026-06-06T01:07:32+00:00,medium,total_assets | Total Assets | TỔNG CỘNG TÀI SẢN,259327500205228.0,2026-Q1,vnstock_finance_wide_statement,FIELD_MAPPED,source value explicitly mapped; missing values remain missing
HPG,2025-Q4,quarter,total_assets,257899200817547.0,VND,VND,vnstock,vnstock:vci:finance,https://vnstocks.com/,2026-06-06T01:07:32+00:00,medium,total_assets | Total Assets | TỔNG CỘNG TÀI SẢN,257899200817547.0,2025-Q4,vnstock_finance_wide_statement,FIELD_MAPPED,source value explicitly mapped; missing values remain missing
HPG,2026-Q1,quarter,total_liabilities,119545707998756.0,VND,VND,vnstock,vnstock:vci:finance,https://vnstocks.com/,2026-06-06T01:07:32+00:00,medium,liabilities | Liabilities | NỢ PHẢI TRẢ,119545707998756.0,2026-Q1,vnstock_finance_wide_statement,FIELD_MAPPED,source value explicitly mapped; missing values remain missing
HPG,2025-Q4,quarter,total_liabilities,126679189940972.0,VND,VND,vnstock,vnstock:vci:finance,https://vnstocks.com/,2026-06-06T01:07:32+00:00,medium,liabilities | Liabilities | NỢ PHẢI TRẢ,126679189940972.0,2025-Q4,vnstock_finance_wide_statement,FIELD_MAPPED,source value explicitly mapped; missing values remain missing
HPG,2026-Q1,quarter,short_term_debt,62799568273773.0,VND,VND,vnstock,vnstock:vci:finance,https://vnstocks.com/,2026-06-06T01:07:32+00:00,low,short_term_borrowings | Short-term borrowings | Vay ngắn hạn,62799568273773.0,2026-Q1,vnstock_finance_wide_statement,FIELD_MAPPED,source value explicitly mapped; missing values remain missing; BANK_DEBT_SCHEMA_DIFFERENT
HPG,2025-Q4,quarter,short_term_debt,64694957245143.0,VND,VND,vnstock,vnstock:vci:finance,https://vnstocks.com/,2026-06-06T01:07:32+00:00,low,short_term_borrowings | Short-term borrowings | Vay ngắn hạn,64694957245143.0,2025-Q4,vnstock_finance_wide_statement,FIELD_MAPPED,source value explicitly mapped; missing values remain missing; BANK_DEBT_SCHEMA_DIFFERENT
HPG,2026-Q1,quarter,long_term_debt,27817253418546.0,VND,VND,vnstock,vnstock:vci:finance,https://vnstocks.com/,2026-06-06T01:07:32+00:00,low,long_term_borrowings | Long-term borrowings | Vay dài hạn,27817253418546.0,2026-Q1,vnstock_finance_wide_statement,FIELD_MAPPED,source value explicitly mapped; missing values remain missing; BANK_DEBT_SCHEMA_DIFFERENT
HPG,2025-Q4,quarter,long_term_debt,27479194057074.0,VND,VND,vnstock,vnstock:vci:finance,https://vnstocks.com/,2026-06-06T01:07:32+00:00,low,long_term_borrowings | Long-term borrowings | Vay dài hạn,27479194057074.0,2025-Q4,vnstock_finance_wide_statement,FIELD_MAPPED,source value explicitly mapped; missing values remain missing; BANK_DEBT_SCHEMA_DIFFERENT
HPG,2026-Q1,quarter,equity,139781792206472.0,VND,VND,vnstock,vnstock:vci:finance,https://vnstocks.com/,2026-06-06T01:07:32+00:00,medium,owners_equity | Owner's Equity | Vốn chủ sở hữu,139781792206472.0,2026-Q1,vnstock_finance_wide_statement,FIELD_MAPPED,source value explicitly mapped; missing values remain missing
HPG,2025-Q4,quarter,equity,131220010876575.0,VND,VND,vnstock,vnstock:vci:finance,https://vnstocks.com/,2026-06-06T01:07:32+00:00,medium,owners_equity | Owner's Equity | Vốn chủ sở hữu,131220010876575.0,2025-Q4,vnstock_finance_wide_statement,FIELD_MAPPED,source value explicitly mapped; missing values remain missing
HPG,2026-Q1,quarter,operating_cash_flow,6816755450021.0,VND,VND,vnstock,vnstock:vci:finance,https://vnstocks.com/,2026-06-06T01:07:32+00:00,medium,net_cash_inflows_outflows_from_operating_activities | Net cash inflows/(outflows) from operating activities | Lưu chuyển tiền tệ ròng từ các hoạt động sản xuất kinh doanh,6816755450021.0,2026-Q1,vnstock_finance_wide_statement,FIELD_MAPPED,source value explicitly mapped; missing values remain missing; BANK_CFO_SCHEMA_EXPLICITLY_MAPPED
HPG,2025-Q4,quarter,operating_cash_flow,8564297977440.0,VND,VND,vnstock,vnstock:vci:finance,https://vnstocks.com/,2026-06-06T01:07:32+00:00,medium,net_cash_inflows_outflows_from_operating_activities | Net cash inflows/(outflows) from operating activities | Lưu chuyển tiền tệ ròng từ các hoạt động sản xuất kinh doanh,8564297977440.0,2025-Q4,vnstock_finance_wide_statement,FIELD_MAPPED,source value explicitly mapped; missing values remain missing; BANK_CFO_SCHEMA_EXPLICITLY_MAPPED
HSG,2026-Q1,quarter,revenue,9230036690606.0,VND,VND,vnstock,vnstock:vci:finance,https://vnstocks.com/,2026-06-06T01:08:24+00:00,medium,sales | Sales | Doanh thu bán hàng và cung cấp dịch vụ,9230036690606.0,2026-Q1,vnstock_finance_wide_statement,FIELD_MAPPED,source value explicitly mapped; missing values remain missing; BANK_REVENUE_SCHEMA_EXPLICITLY_MAPPED
HSG,2025-Q4,quarter,revenue,8610143244923.0,VND,VND,vnstock,vnstock:vci:finance,https://vnstocks.com/,2026-06-06T01:08:24+00:00,medium,sales | Sales | Doanh thu bán hàng và cung cấp dịch vụ,8610143244923.0,2025-Q4,vnstock_finance_wide_statement,FIELD_MAPPED,source value explicitly mapped; missing values remain missing; BANK_REVENUE_SCHEMA_EXPLICITLY_MAPPED
HSG,2026-Q1,quarter,gross_profit,1051966182311.0,VND,VND,vnstock,vnstock:vci:finance,https://vnstocks.com/,2026-06-06T01:08:24+00:00,medium,gross_profit | Gross Profit | Lợi nhuận gộp,1051966182311.0,2026-Q1,vnstock_finance_wide_statement,FIELD_MAPPED,source value explicitly mapped; missing values remain missing
HSG,2025-Q4,quarter,gross_profit,938516586174.0,VND,VND,vnstock,vnstock:vci:finance,https://vnstocks.com/,2026-06-06T01:08:24+00:00,medium,gross_profit | Gross Profit | Lợi nhuận gộp,938516586174.0,2025-Q4,vnstock_finance_wide_statement,FIELD_MAPPED,source value explicitly mapped; missing values remain missing
HSG,2026-Q1,quarter,operating_profit,147084516665.0,VND,VND,vnstock,vnstock:vci:finance,https://vnstocks.com/,2026-06-06T01:08:24+00:00,medium,operating_profit_loss | Operating profit/(loss) | Lãi/(lỗ) từ hoạt động kinh doanh,147084516665.0,2026-Q1,vnstock_finance_wide_statement,FIELD_MAPPED,source value explicitly mapped; missing values remain missing
HSG,2025-Q4,quarter,operating_profit,81259532832.0,VND,VND,vnstock,vnstock:vci:finance,https://vnstocks.com/,2026-06-06T01:08:24+00:00,medium,operating_profit_loss | Operating profit/(loss) | Lãi/(lỗ) từ hoạt động kinh doanh,81259532832.0,2025-Q4,vnstock_finance_wide_statement,FIELD_MAPPED,source value explicitly mapped; missing values remain missing
HSG,2026-Q1,quarter,net_profit,118666895119.0,VND,VND,vnstock,vnstock:vci:finance,https://vnstocks.com/,2026-06-06T01:08:24+00:00,medium,net_profit_loss_after_tax | Net profit/(loss) after tax | Lãi/(lỗ) thuần sau thuế,118666895119.0,2026-Q1,vnstock_finance_wide_statement,FIELD_MAPPED,source value explicitly mapped; missing values remain missing
HSG,2025-Q4,quarter,net_profit,62350491842.0,VND,VND,vnstock,vnstock:vci:finance,https://vnstocks.com/,2026-06-06T01:08:24+00:00,medium,net_profit_loss_after_tax | Net profit/(loss) after tax | Lãi/(lỗ) thuần sau thuế,62350491842.0,2025-Q4,vnstock_finance_wide_statement,FIELD_MAPPED,source value explicitly mapped; missing values remain missing
HSG,2026-Q1,quarter,cash,963144064326.0,VND,VND,vnstock,vnstock:vci:finance,https://vnstocks.com/,2026-06-06T01:08:24+00:00,medium,cash_and_cash_equivalents | Cash and cash equivalents | Tiền và tương đương tiền,963144064326.0,2026-Q1,vnstock_finance_wide_statement,FIELD_MAPPED,source value explicitly mapped; missing values remain missing; BANK_CASH_SCHEMA_EXPLICITLY_MAPPED
HSG,2025-Q4,quarter,cash,858258243911.0,VND,VND,vnstock,vnstock:vci:finance,https://vnstocks.com/,2026-06-06T01:08:24+00:00,medium,cash_and_cash_equivalents | Cash and cash equivalents | Tiền và tương đương tiền,858258243911.0,2025-Q4,vnstock_finance_wide_statement,FIELD_MAPPED,source value explicitly mapped; missing values remain missing; BANK_CASH_SCHEMA_EXPLICITLY_MAPPED
HSG,2026-Q1,quarter,inventory,10179336416329.0,VND,VND,vnstock,vnstock:vci:finance,https://vnstocks.com/,2026-06-06T01:08:24+00:00,medium,"inventories_net | Inventories, Net | Hàng tồn kho, ròng",10179336416329.0,2026-Q1,vnstock_finance_wide_statement,FIELD_MAPPED,source value explicitly mapped; missing values remain missing
HSG,2025-Q4,quarter,inventory,9439963068863.0,VND,VND,vnstock,vnstock:vci:finance,https://vnstocks.com/,2026-06-06T01:08:24+00:00,medium,"inventories_net | Inventories, Net | Hàng tồn kho, ròng",9439963068863.0,2025-Q4,vnstock_finance_wide_statement,FIELD_MAPPED,source value explicitly mapped; missing values remain missing
HSG,2026-Q1,quarter,total_assets,23224808093677.0,VND,VND,vnstock,vnstock:vci:finance,https://vnstocks.com/,2026-06-06T01:08:24+00:00,medium,total_assets | Total Assets | TỔNG CỘNG TÀI SẢN,23224808093677.0,2026-Q1,vnstock_finance_wide_statement,FIELD_MAPPED,source value explicitly mapped; missing values remain missing
HSG,2025-Q4,quarter,total_assets,21058290984205.0,VND,VND,vnstock,vnstock:vci:finance,https://vnstocks.com/,2026-06-06T01:08:24+00:00,medium,total_assets | Total Assets | TỔNG CỘNG TÀI SẢN,21058290984205.0,2025-Q4,vnstock_finance_wide_statement,FIELD_MAPPED,source value explicitly mapped; missing values remain missing
HSG,2026-Q1,quarter,total_liabilities,11745132156780.0,VND,VND,vnstock,vnstock:vci:finance,https://vnstocks.com/,2026-06-06T01:08:24+00:00,medium,liabilities | Liabilities | NỢ PHẢI TRẢ,11745132156780.0,2026-Q1,vnstock_finance_wide_statement,FIELD_MAPPED,source value explicitly mapped; missing values remain missing
HSG,2025-Q4,quarter,total_liabilities,9681983135868.0,VND,VND,vnstock,vnstock:vci:finance,https://vnstocks.com/,2026-06-06T01:08:24+00:00,medium,liabilities | Liabilities | NỢ PHẢI TRẢ,9681983135868.0,2025-Q4,vnstock_finance_wide_statement,FIELD_MAPPED,source value explicitly mapped; missing values remain missing
HSG,2026-Q1,quarter,short_term_debt,8267543677285.0,VND,VND,vnstock,vnstock:vci:finance,https://vnstocks.com/,2026-06-06T01:08:24+00:00,low,short_term_borrowings | Short-term borrowings | Vay ngắn hạn,8267543677285.0,2026-Q1,vnstock_finance_wide_statement,FIELD_MAPPED,source value explicitly mapped; missing values remain missing; BANK_DEBT_SCHEMA_DIFFERENT
HSG,2025-Q4,quarter,short_term_debt,6143207253959.0,VND,VND,vnstock,vnstock:vci:finance,https://vnstocks.com/,2026-06-06T01:08:24+00:00,low,short_term_borrowings | Short-term borrowings | Vay ngắn hạn,6143207253959.0,2025-Q4,vnstock_finance_wide_statement,FIELD_MAPPED,source value explicitly mapped; missing values remain missing; BANK_DEBT_SCHEMA_DIFFERENT
HSG,2026-Q1,quarter,long_term_debt,0.0,VND,VND,vnstock,vnstock:vci:finance,https://vnstocks.com/,2026-06-06T01:08:24+00:00,low,long_term_borrowings | Long-term borrowings | Vay dài hạn,0.0,2026-Q1,vnstock_finance_wide_statement,FIELD_MAPPED,source value explicitly mapped; missing values remain missing; BANK_DEBT_SCHEMA_DIFFERENT
HSG,2025-Q4,quarter,long_term_debt,0.0,VND,VND,vnstock,vnstock:vci:finance,https://vnstocks.com/,2026-06-06T01:08:24+00:00,low,long_term_borrowings | Long-term borrowings | Vay dài hạn,0.0,2025-Q4,vnstock_finance_wide_statement,FIELD_MAPPED,source value explicitly mapped; missing values remain missing; BANK_DEBT_SCHEMA_DIFFERENT
HSG,2026-Q1,quarter,equity,11479675936897.0,VND,VND,vnstock,vnstock:vci:finance,https://vnstocks.com/,2026-06-06T01:08:24+00:00,medium,owners_equity | Owner's Equity | Vốn chủ sở hữu,11479675936897.0,2026-Q1,vnstock_finance_wide_statement,FIELD_MAPPED,source value explicitly mapped; missing values remain missing
HSG,2025-Q4,quarter,equity,11376307848337.0,VND,VND,vnstock,vnstock:vci:finance,https://vnstocks.com/,2026-06-06T01:08:24+00:00,medium,owners_equity | Owner's Equity | Vốn chủ sở hữu,11376307848337.0,2025-Q4,vnstock_finance_wide_statement,FIELD_MAPPED,source value explicitly mapped; missing values remain missing
HSG,2026-Q1,quarter,operating_cash_flow,-1187705487699.0,VND,VND,vnstock,vnstock:vci:finance,https://vnstocks.com/,2026-06-06T01:08:24+00:00,medium,net_cash_inflows_outflows_from_operating_activities | Net cash inflows/(outflows) from operating activities | Lưu chuyển tiền tệ ròng từ các hoạt động sản xuất kinh doanh,-1187705487699.0,2026-Q1,vnstock_finance_wide_statement,FIELD_MAPPED,source value explicitly mapped; missing values remain missing; BANK_CFO_SCHEMA_EXPLICITLY_MAPPED
HSG,2025-Q4,quarter,operating_cash_flow,-957800904678.0,VND,VND,vnstock,vnstock:vci:finance,https://vnstocks.com/,2026-06-06T01:08:24+00:00,medium,net_cash_inflows_outflows_from_operating_activities | Net cash inflows/(outflows) from operating activities | Lưu chuyển tiền tệ ròng từ các hoạt động sản xuất kinh doanh,-957800904678.0,2025-Q4,vnstock_finance_wide_statement,FIELD_MAPPED,source value explicitly mapped; missing values remain missing; BANK_CFO_SCHEMA_EXPLICITLY_MAPPED
VHM,2026-Q1,quarter,revenue,65114237000000.0,VND,VND,vnstock,vnstock:vci:finance,https://vnstocks.com/,2026-06-06T01:08:54+00:00,medium,sales | Sales | Doanh thu bán hàng và cung cấp dịch vụ,65114237000000.0,2026-Q1,vnstock_finance_wide_statement,FIELD_MAPPED,source value explicitly mapped; missing values remain missing; BANK_REVENUE_SCHEMA_EXPLICITLY_MAPPED
VHM,2025-Q4,quarter,revenue,102178073000000.0,VND,VND,vnstock,vnstock:vci:finance,https://vnstocks.com/,2026-06-06T01:08:54+00:00,medium,sales | Sales | Doanh thu bán hàng và cung cấp dịch vụ,102178073000000.0,2025-Q4,vnstock_finance_wide_statement,FIELD_MAPPED,source value explicitly mapped; missing values remain missing; BANK_REVENUE_SCHEMA_EXPLICITLY_MAPPED
VHM,2026-Q1,quarter,gross_profit,31369586000000.0,VND,VND,vnstock,vnstock:vci:finance,https://vnstocks.com/,2026-06-06T01:08:54+00:00,medium,gross_profit | Gross Profit | Lợi nhuận gộp,31369586000000.0,2026-Q1,vnstock_finance_wide_statement,FIELD_MAPPED,source value explicitly mapped; missing values remain missing
VHM,2025-Q4,quarter,gross_profit,34533262000000.0,VND,VND,vnstock,vnstock:vci:finance,https://vnstocks.com/,2026-06-06T01:08:54+00:00,medium,gross_profit | Gross Profit | Lợi nhuận gộp,34533262000000.0,2025-Q4,vnstock_finance_wide_statement,FIELD_MAPPED,source value explicitly mapped; missing values remain missing
VHM,2026-Q1,quarter,operating_profit,30774661000000.0,VND,VND,vnstock,vnstock:vci:finance,https://vnstocks.com/,2026-06-06T01:08:54+00:00,medium,operating_profit_loss | Operating profit/(loss) | Lãi/(lỗ) từ hoạt động kinh doanh,30774661000000.0,2026-Q1,vnstock_finance_wide_statement,FIELD_MAPPED,source value explicitly mapped; missing values remain missing
VHM,2025-Q4,quarter,operating_profit,34513915000000.0,VND,VND,vnstock,vnstock:vci:finance,https://vnstocks.com/,2026-06-06T01:08:54+00:00,medium,operating_profit_loss | Operating profit/(loss) | Lãi/(lỗ) từ hoạt động kinh doanh,34513915000000.0,2025-Q4,vnstock_finance_wide_statement,FIELD_MAPPED,source value explicitly mapped; missing values remain missing
VHM,2026-Q1,quarter,net_profit,25625357000000.0,VND,VND,vnstock,vnstock:vci:finance,https://vnstocks.com/,2026-06-06T01:08:54+00:00,medium,net_profit_loss_after_tax | Net profit/(loss) after tax | Lãi/(lỗ) thuần sau thuế,25625357000000.0,2026-Q1,vnstock_finance_wide_statement,FIELD_MAPPED,source value explicitly mapped; missing values remain missing
VHM,2025-Q4,quarter,net_profit,28021703000000.0,VND,VND,vnstock,vnstock:vci:finance,https://vnstocks.com/,2026-06-06T01:08:54+00:00,medium,net_profit_loss_after_tax | Net profit/(loss) after tax | Lãi/(lỗ) thuần sau thuế,28021703000000.0,2025-Q4,vnstock_finance_wide_statement,FIELD_MAPPED,source value explicitly mapped; missing values remain missing
VHM,2026-Q1,quarter,cash,35837536000000.0,VND,VND,vnstock,vnstock:vci:finance,https://vnstocks.com/,2026-06-06T01:08:54+00:00,medium,cash_and_cash_equivalents | Cash and cash equivalents | Tiền và tương đương tiền,35837536000000.0,2026-Q1,vnstock_finance_wide_statement,FIELD_MAPPED,source value explicitly mapped; missing values remain missing; BANK_CASH_SCHEMA_EXPLICITLY_MAPPED
VHM,2025-Q4,quarter,cash,49961891000000.0,VND,VND,vnstock,vnstock:vci:finance,https://vnstocks.com/,2026-06-06T01:08:54+00:00,medium,cash_and_cash_equivalents | Cash and cash equivalents | Tiền và tương đương tiền,49961891000000.0,2025-Q4,vnstock_finance_wide_statement,FIELD_MAPPED,source value explicitly mapped; missing values remain missing; BANK_CASH_SCHEMA_EXPLICITLY_MAPPED
VHM,2026-Q1,quarter,inventory,138885119000000.0,VND,VND,vnstock,vnstock:vci:finance,https://vnstocks.com/,2026-06-06T01:08:54+00:00,medium,"inventories_net | Inventories, Net | Hàng tồn kho, ròng",138885119000000.0,2026-Q1,vnstock_finance_wide_statement,FIELD_MAPPED,source value explicitly mapped; missing values remain missing
VHM,2025-Q4,quarter,inventory,131414569000000.0,VND,VND,vnstock,vnstock:vci:finance,https://vnstocks.com/,2026-06-06T01:08:54+00:00,medium,"inventories_net | Inventories, Net | Hàng tồn kho, ròng",131414569000000.0,2025-Q4,vnstock_finance_wide_statement,FIELD_MAPPED,source value explicitly mapped; missing values remain missing
VHM,2026-Q1,quarter,total_assets,869974503000000.0,VND,VND,vnstock,vnstock:vci:finance,https://vnstocks.com/,2026-06-06T01:08:54+00:00,medium,total_assets | Total Assets | TỔNG CỘNG TÀI SẢN,869974503000000.0,2026-Q1,vnstock_finance_wide_statement,FIELD_MAPPED,source value explicitly mapped; missing values remain missing
VHM,2025-Q4,quarter,total_assets,787857267000000.0,VND,VND,vnstock,vnstock:vci:finance,https://vnstocks.com/,2026-06-06T01:08:54+00:00,medium,total_assets | Total Assets | TỔNG CỘNG TÀI SẢN,787857267000000.0,2025-Q4,vnstock_finance_wide_statement,FIELD_MAPPED,source value explicitly mapped; missing values remain missing
VHM,2026-Q1,quarter,total_liabilities,597132268000000.0,VND,VND,vnstock,vnstock:vci:finance,https://vnstocks.com/,2026-06-06T01:08:54+00:00,medium,liabilities | Liabilities | NỢ PHẢI TRẢ,597132268000000.0,2026-Q1,vnstock_finance_wide_statement,FIELD_MAPPED,source value explicitly mapped; missing values remain missing
VHM,2025-Q4,quarter,total_liabilities,538640560000000.0,VND,VND,vnstock,vnstock:vci:finance,https://vnstocks.com/,2026-06-06T01:08:54+00:00,medium,liabilities | Liabilities | NỢ PHẢI TRẢ,538640560000000.0,2025-Q4,vnstock_finance_wide_statement,FIELD_MAPPED,source value explicitly mapped; missing values remain missing
VHM,2026-Q1,quarter,short_term_debt,55456879000000.0,VND,VND,vnstock,vnstock:vci:finance,https://vnstocks.com/,2026-06-06T01:08:54+00:00,low,short_term_borrowings | Short-term borrowings | Vay ngắn hạn,55456879000000.0,2026-Q1,vnstock_finance_wide_statement,FIELD_MAPPED,source value explicitly mapped; missing values remain missing; BANK_DEBT_SCHEMA_DIFFERENT
VHM,2025-Q4,quarter,short_term_debt,43376868000000.0,VND,VND,vnstock,vnstock:vci:finance,https://vnstocks.com/,2026-06-06T01:08:54+00:00,low,short_term_borrowings | Short-term borrowings | Vay ngắn hạn,43376868000000.0,2025-Q4,vnstock_finance_wide_statement,FIELD_MAPPED,source value explicitly mapped; missing values remain missing; BANK_DEBT_SCHEMA_DIFFERENT
VHM,2026-Q1,quarter,long_term_debt,106609958000000.0,VND,VND,vnstock,vnstock:vci:finance,https://vnstocks.com/,2026-06-06T01:08:54+00:00,low,long_term_borrowings | Long-term borrowings | Vay dài hạn,106609958000000.0,2026-Q1,vnstock_finance_wide_statement,FIELD_MAPPED,source value explicitly mapped; missing values remain missing; BANK_DEBT_SCHEMA_DIFFERENT
VHM,2025-Q4,quarter,long_term_debt,102945886000000.0,VND,VND,vnstock,vnstock:vci:finance,https://vnstocks.com/,2026-06-06T01:08:54+00:00,low,long_term_borrowings | Long-term borrowings | Vay dài hạn,102945886000000.0,2025-Q4,vnstock_finance_wide_statement,FIELD_MAPPED,source value explicitly mapped; missing values remain missing; BANK_DEBT_SCHEMA_DIFFERENT
VHM,2026-Q1,quarter,equity,272842235000000.0,VND,VND,vnstock,vnstock:vci:finance,https://vnstocks.com/,2026-06-06T01:08:54+00:00,medium,owners_equity | Owner's Equity | Vốn chủ sở hữu,272842235000000.0,2026-Q1,vnstock_finance_wide_statement,FIELD_MAPPED,source value explicitly mapped; missing values remain missing
VHM,2025-Q4,quarter,equity,249216707000000.0,VND,VND,vnstock,vnstock:vci:finance,https://vnstocks.com/,2026-06-06T01:08:54+00:00,medium,owners_equity | Owner's Equity | Vốn chủ sở hữu,249216707000000.0,2025-Q4,vnstock_finance_wide_statement,FIELD_MAPPED,source value explicitly mapped; missing values remain missing
VHM,2026-Q1,quarter,operating_cash_flow,37220145000000.0,VND,VND,vnstock,vnstock:vci:finance,https://vnstocks.com/,2026-06-06T01:08:54+00:00,medium,net_cash_inflows_outflows_from_operating_activities | Net cash inflows/(outflows) from operating activities | Lưu chuyển tiền tệ ròng từ các hoạt động sản xuất kinh doanh,37220145000000.0,2026-Q1,vnstock_finance_wide_statement,FIELD_MAPPED,source value explicitly mapped; missing values remain missing; BANK_CFO_SCHEMA_EXPLICITLY_MAPPED
VHM,2025-Q4,quarter,operating_cash_flow,-1719228000000.0,VND,VND,vnstock,vnstock:vci:finance,https://vnstocks.com/,2026-06-06T01:08:54+00:00,medium,net_cash_inflows_outflows_from_operating_activities | Net cash inflows/(outflows) from operating activities | Lưu chuyển tiền tệ ròng từ các hoạt động sản xuất kinh doanh,-1719228000000.0,2025-Q4,vnstock_finance_wide_statement,FIELD_MAPPED,source value explicitly mapped; missing values remain missing; BANK_CFO_SCHEMA_EXPLICITLY_MAPPED
KDH,2026-Q1,quarter,revenue,281361228000.0,VND,VND,vnstock,vnstock:vci:finance,https://vnstocks.com/,2026-06-06T01:09:22+00:00,medium,sales | Sales | Doanh thu bán hàng và cung cấp dịch vụ,281361228000.0,2026-Q1,vnstock_finance_wide_statement,FIELD_MAPPED,source value explicitly mapped; missing values remain missing; BANK_REVENUE_SCHEMA_EXPLICITLY_MAPPED
KDH,2025-Q4,quarter,revenue,1819987562000.0,VND,VND,vnstock,vnstock:vci:finance,https://vnstocks.com/,2026-06-06T01:09:22+00:00,medium,sales | Sales | Doanh thu bán hàng và cung cấp dịch vụ,1819987562000.0,2025-Q4,vnstock_finance_wide_statement,FIELD_MAPPED,source value explicitly mapped; missing values remain missing; BANK_REVENUE_SCHEMA_EXPLICITLY_MAPPED
KDH,2026-Q1,quarter,gross_profit,182836823000.0,VND,VND,vnstock,vnstock:vci:finance,https://vnstocks.com/,2026-06-06T01:09:22+00:00,medium,gross_profit | Gross Profit | Lợi nhuận gộp,182836823000.0,2026-Q1,vnstock_finance_wide_statement,FIELD_MAPPED,source value explicitly mapped; missing values remain missing
KDH,2025-Q4,quarter,gross_profit,1267378454000.0,VND,VND,vnstock,vnstock:vci:finance,https://vnstocks.com/,2026-06-06T01:09:22+00:00,medium,gross_profit | Gross Profit | Lợi nhuận gộp,1267378454000.0,2025-Q4,vnstock_finance_wide_statement,FIELD_MAPPED,source value explicitly mapped; missing values remain missing
KDH,2026-Q1,quarter,operating_profit,76513759000.0,VND,VND,vnstock,vnstock:vci:finance,https://vnstocks.com/,2026-06-06T01:09:22+00:00,medium,operating_profit_loss | Operating profit/(loss) | Lãi/(lỗ) từ hoạt động kinh doanh,76513759000.0,2026-Q1,vnstock_finance_wide_statement,FIELD_MAPPED,source value explicitly mapped; missing values remain missing
KDH,2025-Q4,quarter,operating_profit,957650788000.0,VND,VND,vnstock,vnstock:vci:finance,https://vnstocks.com/,2026-06-06T01:09:22+00:00,medium,operating_profit_loss | Operating profit/(loss) | Lãi/(lỗ) từ hoạt động kinh doanh,957650788000.0,2025-Q4,vnstock_finance_wide_statement,FIELD_MAPPED,source value explicitly mapped; missing values remain missing
KDH,2026-Q1,quarter,net_profit,327045031000.0,VND,VND,vnstock,vnstock:vci:finance,https://vnstocks.com/,2026-06-06T01:09:22+00:00,medium,net_profit_loss_after_tax | Net profit/(loss) after tax | Lãi/(lỗ) thuần sau thuế,327045031000.0,2026-Q1,vnstock_finance_wide_statement,FIELD_MAPPED,source value explicitly mapped; missing values remain missing
KDH,2025-Q4,quarter,net_profit,785790345000.0,VND,VND,vnstock,vnstock:vci:finance,https://vnstocks.com/,2026-06-06T01:09:22+00:00,medium,net_profit_loss_after_tax | Net profit/(loss) after tax | Lãi/(lỗ) thuần sau thuế,785790345000.0,2025-Q4,vnstock_finance_wide_statement,FIELD_MAPPED,source value explicitly mapped; missing values remain missing
KDH,2026-Q1,quarter,cash,3613808683000.0,VND,VND,vnstock,vnstock:vci:finance,https://vnstocks.com/,2026-06-06T01:09:22+00:00,medium,cash_and_cash_equivalents | Cash and cash equivalents | Tiền và tương đương tiền,3613808683000.0,2026-Q1,vnstock_finance_wide_statement,FIELD_MAPPED,source value explicitly mapped; missing values remain missing; BANK_CASH_SCHEMA_EXPLICITLY_MAPPED
KDH,2025-Q4,quarter,cash,2544284739000.0,VND,VND,vnstock,vnstock:vci:finance,https://vnstocks.com/,2026-06-06T01:09:22+00:00,medium,cash_and_cash_equivalents | Cash and cash equivalents | Tiền và tương đương tiền,2544284739000.0,2025-Q4,vnstock_finance_wide_statement,FIELD_MAPPED,source value explicitly mapped; missing values remain missing; BANK_CASH_SCHEMA_EXPLICITLY_MAPPED
KDH,2026-Q1,quarter,inventory,29125945475000.0,VND,VND,vnstock,vnstock:vci:finance,https://vnstocks.com/,2026-06-06T01:09:22+00:00,medium,"inventories_net | Inventories, Net | Hàng tồn kho, ròng",29125945475000.0,2026-Q1,vnstock_finance_wide_statement,FIELD_MAPPED,source value explicitly mapped; missing values remain missing
KDH,2025-Q4,quarter,inventory,23260015942000.0,VND,VND,vnstock,vnstock:vci:finance,https://vnstocks.com/,2026-06-06T01:09:22+00:00,medium,"inventories_net | Inventories, Net | Hàng tồn kho, ròng",23260015942000.0,2025-Q4,vnstock_finance_wide_statement,FIELD_MAPPED,source value explicitly mapped; missing values remain missing
KDH,2026-Q1,quarter,total_assets,39861897315000.0,VND,VND,vnstock,vnstock:vci:finance,https://vnstocks.com/,2026-06-06T01:09:22+00:00,medium,total_assets | Total Assets | TỔNG CỘNG TÀI SẢN,39861897315000.0,2026-Q1,vnstock_finance_wide_statement,FIELD_MAPPED,source value explicitly mapped; missing values remain missing
KDH,2025-Q4,quarter,total_assets,34074020087000.0,VND,VND,vnstock,vnstock:vci:finance,https://vnstocks.com/,2026-06-06T01:09:22+00:00,medium,total_assets | Total Assets | TỔNG CỘNG TÀI SẢN,34074020087000.0,2025-Q4,vnstock_finance_wide_statement,FIELD_MAPPED,source value explicitly mapped; missing values remain missing
KDH,2026-Q1,quarter,total_liabilities,18337716752000.0,VND,VND,vnstock,vnstock:vci:finance,https://vnstocks.com/,2026-06-06T01:09:22+00:00,medium,liabilities | Liabilities | NỢ PHẢI TRẢ,18337716752000.0,2026-Q1,vnstock_finance_wide_statement,FIELD_MAPPED,source value explicitly mapped; missing values remain missing
KDH,2025-Q4,quarter,total_liabilities,12909740367000.0,VND,VND,vnstock,vnstock:vci:finance,https://vnstocks.com/,2026-06-06T01:09:22+00:00,medium,liabilities | Liabilities | NỢ PHẢI TRẢ,12909740367000.0,2025-Q4,vnstock_finance_wide_statement,FIELD_MAPPED,source value explicitly mapped; missing values remain missing
KDH,2026-Q1,quarter,short_term_debt,1952419672000.0,VND,VND,vnstock,vnstock:vci:finance,https://vnstocks.com/,2026-06-06T01:09:22+00:00,low,short_term_borrowings | Short-term borrowings | Vay ngắn hạn,1952419672000.0,2026-Q1,vnstock_finance_wide_statement,FIELD_MAPPED,source value explicitly mapped; missing values remain missing; BANK_DEBT_SCHEMA_DIFFERENT
KDH,2025-Q4,quarter,short_term_debt,1801814754000.0,VND,VND,vnstock,vnstock:vci:finance,https://vnstocks.com/,2026-06-06T01:09:22+00:00,low,short_term_borrowings | Short-term borrowings | Vay ngắn hạn,1801814754000.0,2025-Q4,vnstock_finance_wide_statement,FIELD_MAPPED,source value explicitly mapped; missing values remain missing; BANK_DEBT_SCHEMA_DIFFERENT
KDH,2026-Q1,quarter,long_term_debt,13395790342000.0,VND,VND,vnstock,vnstock:vci:finance,https://vnstocks.com/,2026-06-06T01:09:22+00:00,low,long_term_borrowings | Long-term borrowings | Vay dài hạn,13395790342000.0,2026-Q1,vnstock_finance_wide_statement,FIELD_MAPPED,source value explicitly mapped; missing values remain missing; BANK_DEBT_SCHEMA_DIFFERENT
KDH,2025-Q4,quarter,long_term_debt,8347586360000.0,VND,VND,vnstock,vnstock:vci:finance,https://vnstocks.com/,2026-06-06T01:09:22+00:00,low,long_term_borrowings | Long-term borrowings | Vay dài hạn,8347586360000.0,2025-Q4,vnstock_finance_wide_statement,FIELD_MAPPED,source value explicitly mapped; missing values remain missing; BANK_DEBT_SCHEMA_DIFFERENT
KDH,2026-Q1,quarter,equity,21524180563000.0,VND,VND,vnstock,vnstock:vci:finance,https://vnstocks.com/,2026-06-06T01:09:22+00:00,medium,owners_equity | Owner's Equity | Vốn chủ sở hữu,21524180563000.0,2026-Q1,vnstock_finance_wide_statement,FIELD_MAPPED,source value explicitly mapped; missing values remain missing
KDH,2025-Q4,quarter,equity,21164279720000.0,VND,VND,vnstock,vnstock:vci:finance,https://vnstocks.com/,2026-06-06T01:09:22+00:00,medium,owners_equity | Owner's Equity | Vốn chủ sở hữu,21164279720000.0,2025-Q4,vnstock_finance_wide_statement,FIELD_MAPPED,source value explicitly mapped; missing values remain missing
KDH,2026-Q1,quarter,operating_cash_flow,-633698923000.0,VND,VND,vnstock,vnstock:vci:finance,https://vnstocks.com/,2026-06-06T01:09:22+00:00,medium,net_cash_inflows_outflows_from_operating_activities | Net cash inflows/(outflows) from operating activities | Lưu chuyển tiền tệ ròng từ các hoạt động sản xuất kinh doanh,-633698923000.0,2026-Q1,vnstock_finance_wide_statement,FIELD_MAPPED,source value explicitly mapped; missing values remain missing; BANK_CFO_SCHEMA_EXPLICITLY_MAPPED
KDH,2025-Q4,quarter,operating_cash_flow,1270381506000.0,VND,VND,vnstock,vnstock:vci:finance,https://vnstocks.com/,2026-06-06T01:09:22+00:00,medium,net_cash_inflows_outflows_from_operating_activities | Net cash inflows/(outflows) from operating activities | Lưu chuyển tiền tệ ròng từ các hoạt động sản xuất kinh doanh,1270381506000.0,2025-Q4,vnstock_finance_wide_statement,FIELD_MAPPED,source value explicitly mapped; missing values remain missing; BANK_CFO_SCHEMA_EXPLICITLY_MAPPED
NLG,2026-Q1,quarter,revenue,1279401152222.0,VND,VND,vnstock,vnstock:vci:finance,https://vnstocks.com/,2026-06-06T01:09:49+00:00,medium,sales | Sales | Doanh thu bán hàng và cung cấp dịch vụ,1279401152222.0,2026-Q1,vnstock_finance_wide_statement,FIELD_MAPPED,source value explicitly mapped; missing values remain missing; BANK_REVENUE_SCHEMA_EXPLICITLY_MAPPED
NLG,2025-Q4,quarter,revenue,1704152132207.0,VND,VND,vnstock,vnstock:vci:finance,https://vnstocks.com/,2026-06-06T01:09:49+00:00,medium,sales | Sales | Doanh thu bán hàng và cung cấp dịch vụ,1704152132207.0,2025-Q4,vnstock_finance_wide_statement,FIELD_MAPPED,source value explicitly mapped; missing values remain missing; BANK_REVENUE_SCHEMA_EXPLICITLY_MAPPED
NLG,2026-Q1,quarter,gross_profit,380926280188.0,VND,VND,vnstock,vnstock:vci:finance,https://vnstocks.com/,2026-06-06T01:09:49+00:00,medium,gross_profit | Gross Profit | Lợi nhuận gộp,380926280188.0,2026-Q1,vnstock_finance_wide_statement,FIELD_MAPPED,source value explicitly mapped; missing values remain missing
NLG,2025-Q4,quarter,gross_profit,785214701319.0,VND,VND,vnstock,vnstock:vci:finance,https://vnstocks.com/,2026-06-06T01:09:49+00:00,medium,gross_profit | Gross Profit | Lợi nhuận gộp,785214701319.0,2025-Q4,vnstock_finance_wide_statement,FIELD_MAPPED,source value explicitly mapped; missing values remain missing
NLG,2026-Q1,quarter,operating_profit,176253373546.0,VND,VND,vnstock,vnstock:vci:finance,https://vnstocks.com/,2026-06-06T01:09:49+00:00,medium,operating_profit_loss | Operating profit/(loss) | Lãi/(lỗ) từ hoạt động kinh doanh,176253373546.0,2026-Q1,vnstock_finance_wide_statement,FIELD_MAPPED,source value explicitly mapped; missing values remain missing
NLG,2025-Q4,quarter,operating_profit,560051222141.0,VND,VND,vnstock,vnstock:vci:finance,https://vnstocks.com/,2026-06-06T01:09:49+00:00,medium,operating_profit_loss | Operating profit/(loss) | Lãi/(lỗ) từ hoạt động kinh doanh,560051222141.0,2025-Q4,vnstock_finance_wide_statement,FIELD_MAPPED,source value explicitly mapped; missing values remain missing
NLG,2026-Q1,quarter,net_profit,109516870300.0,VND,VND,vnstock,vnstock:vci:finance,https://vnstocks.com/,2026-06-06T01:09:49+00:00,medium,net_profit_loss_after_tax | Net profit/(loss) after tax | Lãi/(lỗ) thuần sau thuế,109516870300.0,2026-Q1,vnstock_finance_wide_statement,FIELD_MAPPED,source value explicitly mapped; missing values remain missing
NLG,2025-Q4,quarter,net_profit,504868412213.0,VND,VND,vnstock,vnstock:vci:finance,https://vnstocks.com/,2026-06-06T01:09:49+00:00,medium,net_profit_loss_after_tax | Net profit/(loss) after tax | Lãi/(lỗ) thuần sau thuế,504868412213.0,2025-Q4,vnstock_finance_wide_statement,FIELD_MAPPED,source value explicitly mapped; missing values remain missing
NLG,2026-Q1,quarter,cash,5027834155469.0,VND,VND,vnstock,vnstock:vci:finance,https://vnstocks.com/,2026-06-06T01:09:49+00:00,medium,cash_and_cash_equivalents | Cash and cash equivalents | Tiền và tương đương tiền,5027834155469.0,2026-Q1,vnstock_finance_wide_statement,FIELD_MAPPED,source value explicitly mapped; missing values remain missing; BANK_CASH_SCHEMA_EXPLICITLY_MAPPED
NLG,2025-Q4,quarter,cash,6814304742347.0,VND,VND,vnstock,vnstock:vci:finance,https://vnstocks.com/,2026-06-06T01:09:49+00:00,medium,cash_and_cash_equivalents | Cash and cash equivalents | Tiền và tương đương tiền,6814304742347.0,2025-Q4,vnstock_finance_wide_statement,FIELD_MAPPED,source value explicitly mapped; missing values remain missing; BANK_CASH_SCHEMA_EXPLICITLY_MAPPED
NLG,2026-Q1,quarter,inventory,8381456484953.0,VND,VND,vnstock,vnstock:vci:finance,https://vnstocks.com/,2026-06-06T01:09:49+00:00,medium,"inventories_net | Inventories, Net | Hàng tồn kho, ròng",8381456484953.0,2026-Q1,vnstock_finance_wide_statement,FIELD_MAPPED,source value explicitly mapped; missing values remain missing
NLG,2025-Q4,quarter,inventory,8677574019548.0,VND,VND,vnstock,vnstock:vci:finance,https://vnstocks.com/,2026-06-06T01:09:49+00:00,medium,"inventories_net | Inventories, Net | Hàng tồn kho, ròng",8677574019548.0,2025-Q4,vnstock_finance_wide_statement,FIELD_MAPPED,source value explicitly mapped; missing values remain missing
NLG,2026-Q1,quarter,total_assets,25894096680611.0,VND,VND,vnstock,vnstock:vci:finance,https://vnstocks.com/,2026-06-06T01:09:49+00:00,medium,total_assets | Total Assets | TỔNG CỘNG TÀI SẢN,25894096680611.0,2026-Q1,vnstock_finance_wide_statement,FIELD_MAPPED,source value explicitly mapped; missing values remain missing
NLG,2025-Q4,quarter,total_assets,26564516185390.0,VND,VND,vnstock,vnstock:vci:finance,https://vnstocks.com/,2026-06-06T01:09:49+00:00,medium,total_assets | Total Assets | TỔNG CỘNG TÀI SẢN,26564516185390.0,2025-Q4,vnstock_finance_wide_statement,FIELD_MAPPED,source value explicitly mapped; missing values remain missing
NLG,2026-Q1,quarter,total_liabilities,10983801528251.0,VND,VND,vnstock,vnstock:vci:finance,https://vnstocks.com/,2026-06-06T01:09:49+00:00,medium,liabilities | Liabilities | NỢ PHẢI TRẢ,10983801528251.0,2026-Q1,vnstock_finance_wide_statement,FIELD_MAPPED,source value explicitly mapped; missing values remain missing
NLG,2025-Q4,quarter,total_liabilities,11740271874301.0,VND,VND,vnstock,vnstock:vci:finance,https://vnstocks.com/,2026-06-06T01:09:49+00:00,medium,liabilities | Liabilities | NỢ PHẢI TRẢ,11740271874301.0,2025-Q4,vnstock_finance_wide_statement,FIELD_MAPPED,source value explicitly mapped; missing values remain missing
NLG,2026-Q1,quarter,short_term_debt,1211420751173.0,VND,VND,vnstock,vnstock:vci:finance,https://vnstocks.com/,2026-06-06T01:09:49+00:00,low,short_term_borrowings | Short-term borrowings | Vay ngắn hạn,1211420751173.0,2026-Q1,vnstock_finance_wide_statement,FIELD_MAPPED,source value explicitly mapped; missing values remain missing; BANK_DEBT_SCHEMA_DIFFERENT
NLG,2025-Q4,quarter,short_term_debt,1016903725515.0,VND,VND,vnstock,vnstock:vci:finance,https://vnstocks.com/,2026-06-06T01:09:49+00:00,low,short_term_borrowings | Short-term borrowings | Vay ngắn hạn,1016903725515.0,2025-Q4,vnstock_finance_wide_statement,FIELD_MAPPED,source value explicitly mapped; missing values remain missing; BANK_DEBT_SCHEMA_DIFFERENT
NLG,2026-Q1,quarter,long_term_debt,4275819166659.0,VND,VND,vnstock,vnstock:vci:finance,https://vnstocks.com/,2026-06-06T01:09:49+00:00,low,long_term_borrowings | Long-term borrowings | Vay dài hạn,4275819166659.0,2026-Q1,vnstock_finance_wide_statement,FIELD_MAPPED,source value explicitly mapped; missing values remain missing; BANK_DEBT_SCHEMA_DIFFERENT
NLG,2025-Q4,quarter,long_term_debt,4504698075854.0,VND,VND,vnstock,vnstock:vci:finance,https://vnstocks.com/,2026-06-06T01:09:49+00:00,low,long_term_borrowings | Long-term borrowings | Vay dài hạn,4504698075854.0,2025-Q4,vnstock_finance_wide_statement,FIELD_MAPPED,source value explicitly mapped; missing values remain missing; BANK_DEBT_SCHEMA_DIFFERENT
NLG,2026-Q1,quarter,equity,14910295152360.0,VND,VND,vnstock,vnstock:vci:finance,https://vnstocks.com/,2026-06-06T01:09:49+00:00,medium,owners_equity | Owner's Equity | Vốn chủ sở hữu,14910295152360.0,2026-Q1,vnstock_finance_wide_statement,FIELD_MAPPED,source value explicitly mapped; missing values remain missing
NLG,2025-Q4,quarter,equity,14824244311089.0,VND,VND,vnstock,vnstock:vci:finance,https://vnstocks.com/,2026-06-06T01:09:49+00:00,medium,owners_equity | Owner's Equity | Vốn chủ sở hữu,14824244311089.0,2025-Q4,vnstock_finance_wide_statement,FIELD_MAPPED,source value explicitly mapped; missing values remain missing
NLG,2026-Q1,quarter,operating_cash_flow,-519058317030.0,VND,VND,vnstock,vnstock:vci:finance,https://vnstocks.com/,2026-06-06T01:09:49+00:00,medium,net_cash_inflows_outflows_from_operating_activities | Net cash inflows/(outflows) from operating activities | Lưu chuyển tiền tệ ròng từ các hoạt động sản xuất kinh doanh,-519058317030.0,2026-Q1,vnstock_finance_wide_statement,FIELD_MAPPED,source value explicitly mapped; missing values remain missing; BANK_CFO_SCHEMA_EXPLICITLY_MAPPED
NLG,2025-Q4,quarter,operating_cash_flow,371324345365.0,VND,VND,vnstock,vnstock:vci:finance,https://vnstocks.com/,2026-06-06T01:09:49+00:00,medium,net_cash_inflows_outflows_from_operating_activities | Net cash inflows/(outflows) from operating activities | Lưu chuyển tiền tệ ròng từ các hoạt động sản xuất kinh doanh,371324345365.0,2025-Q4,vnstock_finance_wide_statement,FIELD_MAPPED,source value explicitly mapped; missing values remain missing; BANK_CFO_SCHEMA_EXPLICITLY_MAPPED
SSI,2026-Q1,quarter,gross_profit,2280252117059.0,VND,VND,vnstock,vnstock:vci:finance,https://vnstocks.com/,2026-06-06T01:10:17+00:00,medium,gross_profit | GROSS PROFIT | LỢI NHUẬN GỘP,2280252117059.0,2026-Q1,vnstock_finance_wide_statement,FIELD_MAPPED,source value explicitly mapped; missing values remain missing
SSI,2025-Q4,quarter,gross_profit,1851506328364.0,VND,VND,vnstock,vnstock:vci:finance,https://vnstocks.com/,2026-06-06T01:10:17+00:00,medium,gross_profit | GROSS PROFIT | LỢI NHUẬN GỘP,1851506328364.0,2025-Q4,vnstock_finance_wide_statement,FIELD_MAPPED,source value explicitly mapped; missing values remain missing
SSI,2026-Q1,quarter,operating_profit,1595722713102.0,VND,VND,vnstock,vnstock:vci:finance,https://vnstocks.com/,2026-06-06T01:10:17+00:00,medium,operating_profit_loss | OPERATING PROFIT/(LOSS) | KẾT QUẢ HOẠT ĐỘNG,1595722713102.0,2026-Q1,vnstock_finance_wide_statement,FIELD_MAPPED,source value explicitly mapped; missing values remain missing
SSI,2025-Q4,quarter,operating_profit,998697843536.0,VND,VND,vnstock,vnstock:vci:finance,https://vnstocks.com/,2026-06-06T01:10:17+00:00,medium,operating_profit_loss | OPERATING PROFIT/(LOSS) | KẾT QUẢ HOẠT ĐỘNG,998697843536.0,2025-Q4,vnstock_finance_wide_statement,FIELD_MAPPED,source value explicitly mapped; missing values remain missing
SSI,2026-Q1,quarter,net_profit,1277594797901.0,VND,VND,vnstock,vnstock:vci:finance,https://vnstocks.com/,2026-06-06T01:10:17+00:00,medium,net_profit_loss_after_tax | NET PROFIT/(LOSS) AFTER TAX | LỢI NHUẬN KẾ TOÁN SAU THUẾ,1277594797901.0,2026-Q1,vnstock_finance_wide_statement,FIELD_MAPPED,source value explicitly mapped; missing values remain missing
SSI,2025-Q4,quarter,net_profit,819689190094.0,VND,VND,vnstock,vnstock:vci:finance,https://vnstocks.com/,2026-06-06T01:10:17+00:00,medium,net_profit_loss_after_tax | NET PROFIT/(LOSS) AFTER TAX | LỢI NHUẬN KẾ TOÁN SAU THUẾ,819689190094.0,2025-Q4,vnstock_finance_wide_statement,FIELD_MAPPED,source value explicitly mapped; missing values remain missing
SSI,2026-Q1,quarter,cash,918819193257.0,VND,VND,vnstock,vnstock:vci:finance,https://vnstocks.com/,2026-06-06T01:10:17+00:00,medium,cash_and_cash_equivalents | Cash and cash equivalents | Tiền và tương đương tiền,918819193257.0,2026-Q1,vnstock_finance_wide_statement,FIELD_MAPPED,source value explicitly mapped; missing values remain missing; BANK_CASH_SCHEMA_EXPLICITLY_MAPPED
SSI,2025-Q4,quarter,cash,3646492763118.0,VND,VND,vnstock,vnstock:vci:finance,https://vnstocks.com/,2026-06-06T01:10:17+00:00,medium,cash_and_cash_equivalents | Cash and cash equivalents | Tiền và tương đương tiền,3646492763118.0,2025-Q4,vnstock_finance_wide_statement,FIELD_MAPPED,source value explicitly mapped; missing values remain missing; BANK_CASH_SCHEMA_EXPLICITLY_MAPPED
SSI,2026-Q1,quarter,total_assets,93113743341650.0,VND,VND,vnstock,vnstock:vci:finance,https://vnstocks.com/,2026-06-06T01:10:17+00:00,medium,total_assets | TOTAL ASSETS | TỔNG CỘNG TÀI SẢN,93113743341650.0,2026-Q1,vnstock_finance_wide_statement,FIELD_MAPPED,source value explicitly mapped; missing values remain missing
SSI,2025-Q4,quarter,total_assets,94049979396183.0,VND,VND,vnstock,vnstock:vci:finance,https://vnstocks.com/,2026-06-06T01:10:17+00:00,medium,total_assets | TOTAL ASSETS | TỔNG CỘNG TÀI SẢN,94049979396183.0,2025-Q4,vnstock_finance_wide_statement,FIELD_MAPPED,source value explicitly mapped; missing values remain missing
SSI,2026-Q1,quarter,total_liabilities,53445549677868.0,VND,VND,vnstock,vnstock:vci:finance,https://vnstocks.com/,2026-06-06T01:10:17+00:00,medium,liabilities | LIABILITIES | NỢ PHẢI TRẢ,53445549677868.0,2026-Q1,vnstock_finance_wide_statement,FIELD_MAPPED,source value explicitly mapped; missing values remain missing
SSI,2025-Q4,quarter,total_liabilities,61983660935421.0,VND,VND,vnstock,vnstock:vci:finance,https://vnstocks.com/,2026-06-06T01:10:17+00:00,medium,liabilities | LIABILITIES | NỢ PHẢI TRẢ,61983660935421.0,2025-Q4,vnstock_finance_wide_statement,FIELD_MAPPED,source value explicitly mapped; missing values remain missing
SSI,2026-Q1,quarter,short_term_debt,51965687273649.0,VND,VND,vnstock,vnstock:vci:finance,https://vnstocks.com/,2026-06-06T01:10:17+00:00,low,short_term_borrowings | Short-term borrowings | Vay và nợ thuê tài sản tài chính ngắn hạn,51965687273649.0,2026-Q1,vnstock_finance_wide_statement,FIELD_MAPPED,source value explicitly mapped; missing values remain missing; BANK_DEBT_SCHEMA_DIFFERENT
SSI,2025-Q4,quarter,short_term_debt,60160501864584.0,VND,VND,vnstock,vnstock:vci:finance,https://vnstocks.com/,2026-06-06T01:10:17+00:00,low,short_term_borrowings | Short-term borrowings | Vay và nợ thuê tài sản tài chính ngắn hạn,60160501864584.0,2025-Q4,vnstock_finance_wide_statement,FIELD_MAPPED,source value explicitly mapped; missing values remain missing; BANK_DEBT_SCHEMA_DIFFERENT
SSI,2026-Q1,quarter,long_term_debt,0.0,VND,VND,vnstock,vnstock:vci:finance,https://vnstocks.com/,2026-06-06T01:10:17+00:00,low,long_term_borrowings | Long-term borrowings | Vay và nợ thuê tài sản tài chính dài hạn,0.0,2026-Q1,vnstock_finance_wide_statement,FIELD_MAPPED,source value explicitly mapped; missing values remain missing; BANK_DEBT_SCHEMA_DIFFERENT
SSI,2025-Q4,quarter,long_term_debt,0.0,VND,VND,vnstock,vnstock:vci:finance,https://vnstocks.com/,2026-06-06T01:10:17+00:00,low,long_term_borrowings | Long-term borrowings | Vay và nợ thuê tài sản tài chính dài hạn,0.0,2025-Q4,vnstock_finance_wide_statement,FIELD_MAPPED,source value explicitly mapped; missing values remain missing; BANK_DEBT_SCHEMA_DIFFERENT
SSI,2026-Q1,quarter,equity,39668193663782.0,VND,VND,vnstock,vnstock:vci:finance,https://vnstocks.com/,2026-06-06T01:10:17+00:00,medium,owners_equity | Owner's Equity | Vốn chủ sở hữu,39668193663782.0,2026-Q1,vnstock_finance_wide_statement,FIELD_MAPPED,source value explicitly mapped; missing values remain missing
SSI,2025-Q4,quarter,equity,32066318460762.0,VND,VND,vnstock,vnstock:vci:finance,https://vnstocks.com/,2026-06-06T01:10:17+00:00,medium,owners_equity | Owner's Equity | Vốn chủ sở hữu,32066318460762.0,2025-Q4,vnstock_finance_wide_statement,FIELD_MAPPED,source value explicitly mapped; missing values remain missing
SSI,2026-Q1,quarter,operating_cash_flow,-1058707466231.0,VND,VND,vnstock,vnstock:vci:finance,https://vnstocks.com/,2026-06-06T01:10:17+00:00,medium,net_cash_inflows_outflows_from_operating_activities | Net cash inflows/(outflows) from operating activities | Lưu chuyển thuần từ hoạt động kinh doanh,-1058707466231.0,2026-Q1,vnstock_finance_wide_statement,FIELD_MAPPED,source value explicitly mapped; missing values remain missing; BANK_CFO_SCHEMA_EXPLICITLY_MAPPED
SSI,2025-Q4,quarter,operating_cash_flow,12386454293605.0,VND,VND,vnstock,vnstock:vci:finance,https://vnstocks.com/,2026-06-06T01:10:17+00:00,medium,net_cash_inflows_outflows_from_operating_activities | Net cash inflows/(outflows) from operating activities | Lưu chuyển thuần từ hoạt động kinh doanh,12386454293605.0,2025-Q4,vnstock_finance_wide_statement,FIELD_MAPPED,source value explicitly mapped; missing values remain missing; BANK_CFO_SCHEMA_EXPLICITLY_MAPPED
VND,2026-Q1,quarter,gross_profit,1125823598498.0,VND,VND,vnstock,vnstock:vci:finance,https://vnstocks.com/,2026-06-06T01:10:46+00:00,medium,gross_profit | GROSS PROFIT | LỢI NHUẬN GỘP,1125823598498.0,2026-Q1,vnstock_finance_wide_statement,FIELD_MAPPED,source value explicitly mapped; missing values remain missing
VND,2025-Q4,quarter,gross_profit,884662703036.0,VND,VND,vnstock,vnstock:vci:finance,https://vnstocks.com/,2026-06-06T01:10:46+00:00,medium,gross_profit | GROSS PROFIT | LỢI NHUẬN GỘP,884662703036.0,2025-Q4,vnstock_finance_wide_statement,FIELD_MAPPED,source value explicitly mapped; missing values remain missing
VND,2026-Q1,quarter,operating_profit,681320746010.0,VND,VND,vnstock,vnstock:vci:finance,https://vnstocks.com/,2026-06-06T01:10:46+00:00,medium,operating_profit_loss | OPERATING PROFIT/(LOSS) | KẾT QUẢ HOẠT ĐỘNG,681320746010.0,2026-Q1,vnstock_finance_wide_statement,FIELD_MAPPED,source value explicitly mapped; missing values remain missing
VND,2025-Q4,quarter,operating_profit,376645011150.0,VND,VND,vnstock,vnstock:vci:finance,https://vnstocks.com/,2026-06-06T01:10:46+00:00,medium,operating_profit_loss | OPERATING PROFIT/(LOSS) | KẾT QUẢ HOẠT ĐỘNG,376645011150.0,2025-Q4,vnstock_finance_wide_statement,FIELD_MAPPED,source value explicitly mapped; missing values remain missing
VND,2026-Q1,quarter,net_profit,545335468175.0,VND,VND,vnstock,vnstock:vci:finance,https://vnstocks.com/,2026-06-06T01:10:46+00:00,medium,net_profit_loss_after_tax | NET PROFIT/(LOSS) AFTER TAX | LỢI NHUẬN KẾ TOÁN SAU THUẾ,545335468175.0,2026-Q1,vnstock_finance_wide_statement,FIELD_MAPPED,source value explicitly mapped; missing values remain missing
VND,2025-Q4,quarter,net_profit,341996405383.0,VND,VND,vnstock,vnstock:vci:finance,https://vnstocks.com/,2026-06-06T01:10:46+00:00,medium,net_profit_loss_after_tax | NET PROFIT/(LOSS) AFTER TAX | LỢI NHUẬN KẾ TOÁN SAU THUẾ,341996405383.0,2025-Q4,vnstock_finance_wide_statement,FIELD_MAPPED,source value explicitly mapped; missing values remain missing
VND,2026-Q1,quarter,cash,1426063961516.0,VND,VND,vnstock,vnstock:vci:finance,https://vnstocks.com/,2026-06-06T01:10:46+00:00,medium,cash_and_cash_equivalents | Cash and cash equivalents | Tiền và tương đương tiền,1426063961516.0,2026-Q1,vnstock_finance_wide_statement,FIELD_MAPPED,source value explicitly mapped; missing values remain missing; BANK_CASH_SCHEMA_EXPLICITLY_MAPPED
VND,2025-Q4,quarter,cash,1622127447102.0,VND,VND,vnstock,vnstock:vci:finance,https://vnstocks.com/,2026-06-06T01:10:46+00:00,medium,cash_and_cash_equivalents | Cash and cash equivalents | Tiền và tương đương tiền,1622127447102.0,2025-Q4,vnstock_finance_wide_statement,FIELD_MAPPED,source value explicitly mapped; missing values remain missing; BANK_CASH_SCHEMA_EXPLICITLY_MAPPED
VND,2026-Q1,quarter,total_assets,47964656475082.0,VND,VND,vnstock,vnstock:vci:finance,https://vnstocks.com/,2026-06-06T01:10:46+00:00,medium,total_assets | TOTAL ASSETS | TỔNG CỘNG TÀI SẢN,47964656475082.0,2026-Q1,vnstock_finance_wide_statement,FIELD_MAPPED,source value explicitly mapped; missing values remain missing
VND,2025-Q4,quarter,total_assets,51628903137232.0,VND,VND,vnstock,vnstock:vci:finance,https://vnstocks.com/,2026-06-06T01:10:46+00:00,medium,total_assets | TOTAL ASSETS | TỔNG CỘNG TÀI SẢN,51628903137232.0,2025-Q4,vnstock_finance_wide_statement,FIELD_MAPPED,source value explicitly mapped; missing values remain missing
VND,2026-Q1,quarter,total_liabilities,26516412468543.0,VND,VND,vnstock,vnstock:vci:finance,https://vnstocks.com/,2026-06-06T01:10:46+00:00,medium,liabilities | LIABILITIES | NỢ PHẢI TRẢ,26516412468543.0,2026-Q1,vnstock_finance_wide_statement,FIELD_MAPPED,source value explicitly mapped; missing values remain missing
VND,2025-Q4,quarter,total_liabilities,30725994598868.0,VND,VND,vnstock,vnstock:vci:finance,https://vnstocks.com/,2026-06-06T01:10:46+00:00,medium,liabilities | LIABILITIES | NỢ PHẢI TRẢ,30725994598868.0,2025-Q4,vnstock_finance_wide_statement,FIELD_MAPPED,source value explicitly mapped; missing values remain missing
VND,2026-Q1,quarter,short_term_debt,22189009359822.0,VND,VND,vnstock,vnstock:vci:finance,https://vnstocks.com/,2026-06-06T01:10:46+00:00,low,short_term_borrowings | Short-term borrowings | Vay và nợ thuê tài sản tài chính ngắn hạn,22189009359822.0,2026-Q1,vnstock_finance_wide_statement,FIELD_MAPPED,source value explicitly mapped; missing values remain missing; BANK_DEBT_SCHEMA_DIFFERENT
VND,2025-Q4,quarter,short_term_debt,26462875618896.0,VND,VND,vnstock,vnstock:vci:finance,https://vnstocks.com/,2026-06-06T01:10:46+00:00,low,short_term_borrowings | Short-term borrowings | Vay và nợ thuê tài sản tài chính ngắn hạn,26462875618896.0,2025-Q4,vnstock_finance_wide_statement,FIELD_MAPPED,source value explicitly mapped; missing values remain missing; BANK_DEBT_SCHEMA_DIFFERENT
VND,2026-Q1,quarter,long_term_debt,0.0,VND,VND,vnstock,vnstock:vci:finance,https://vnstocks.com/,2026-06-06T01:10:46+00:00,low,long_term_borrowings | Long-term borrowings | Vay và nợ thuê tài sản tài chính dài hạn,0.0,2026-Q1,vnstock_finance_wide_statement,FIELD_MAPPED,source value explicitly mapped; missing values remain missing; BANK_DEBT_SCHEMA_DIFFERENT
VND,2025-Q4,quarter,long_term_debt,0.0,VND,VND,vnstock,vnstock:vci:finance,https://vnstocks.com/,2026-06-06T01:10:46+00:00,low,long_term_borrowings | Long-term borrowings | Vay và nợ thuê tài sản tài chính dài hạn,0.0,2025-Q4,vnstock_finance_wide_statement,FIELD_MAPPED,source value explicitly mapped; missing values remain missing; BANK_DEBT_SCHEMA_DIFFERENT
VND,2026-Q1,quarter,equity,21448244006539.0,VND,VND,vnstock,vnstock:vci:finance,https://vnstocks.com/,2026-06-06T01:10:46+00:00,medium,owners_equity | Owner's Equity | Vốn chủ sở hữu,21448244006539.0,2026-Q1,vnstock_finance_wide_statement,FIELD_MAPPED,source value explicitly mapped; missing values remain missing
VND,2025-Q4,quarter,equity,20902908538364.0,VND,VND,vnstock,vnstock:vci:finance,https://vnstocks.com/,2026-06-06T01:10:46+00:00,medium,owners_equity | Owner's Equity | Vốn chủ sở hữu,20902908538364.0,2025-Q4,vnstock_finance_wide_statement,FIELD_MAPPED,source value explicitly mapped; missing values remain missing
VND,2026-Q1,quarter,operating_cash_flow,4085585548712.0,VND,VND,vnstock,vnstock:vci:finance,https://vnstocks.com/,2026-06-06T01:10:46+00:00,medium,net_cash_inflows_outflows_from_operating_activities | Net cash inflows/(outflows) from operating activities | Lưu chuyển thuần từ hoạt động kinh doanh,4085585548712.0,2026-Q1,vnstock_finance_wide_statement,FIELD_MAPPED,source value explicitly mapped; missing values remain missing; BANK_CFO_SCHEMA_EXPLICITLY_MAPPED
VND,2025-Q4,quarter,operating_cash_flow,4365661374850.0,VND,VND,vnstock,vnstock:vci:finance,https://vnstocks.com/,2026-06-06T01:10:46+00:00,medium,net_cash_inflows_outflows_from_operating_activities | Net cash inflows/(outflows) from operating activities | Lưu chuyển thuần từ hoạt động kinh doanh,4365661374850.0,2025-Q4,vnstock_finance_wide_statement,FIELD_MAPPED,source value explicitly mapped; missing values remain missing; BANK_CFO_SCHEMA_EXPLICITLY_MAPPED
GAS,2026-Q1,quarter,revenue,38034487298288.0,VND,VND,vnstock,vnstock:vci:finance,https://vnstocks.com/,2026-06-06T01:11:15+00:00,medium,sales | Sales | Doanh thu bán hàng và cung cấp dịch vụ,38034487298288.0,2026-Q1,vnstock_finance_wide_statement,FIELD_MAPPED,source value explicitly mapped; missing values remain missing; BANK_REVENUE_SCHEMA_EXPLICITLY_MAPPED
GAS,2025-Q4,quarter,revenue,43706104716897.0,VND,VND,vnstock,vnstock:vci:finance,https://vnstocks.com/,2026-06-06T01:11:15+00:00,medium,sales | Sales | Doanh thu bán hàng và cung cấp dịch vụ,43706104716897.0,2025-Q4,vnstock_finance_wide_statement,FIELD_MAPPED,source value explicitly mapped; missing values remain missing; BANK_REVENUE_SCHEMA_EXPLICITLY_MAPPED
GAS,2026-Q1,quarter,gross_profit,4508191324775.0,VND,VND,vnstock,vnstock:vci:finance,https://vnstocks.com/,2026-06-06T01:11:15+00:00,medium,gross_profit | Gross Profit | Lợi nhuận gộp,4508191324775.0,2026-Q1,vnstock_finance_wide_statement,FIELD_MAPPED,source value explicitly mapped; missing values remain missing
GAS,2025-Q4,quarter,gross_profit,3904756235579.0,VND,VND,vnstock,vnstock:vci:finance,https://vnstocks.com/,2026-06-06T01:11:15+00:00,medium,gross_profit | Gross Profit | Lợi nhuận gộp,3904756235579.0,2025-Q4,vnstock_finance_wide_statement,FIELD_MAPPED,source value explicitly mapped; missing values remain missing
GAS,2026-Q1,quarter,operating_profit,3754223754396.0,VND,VND,vnstock,vnstock:vci:finance,https://vnstocks.com/,2026-06-06T01:11:15+00:00,medium,operating_profit_loss | Operating profit/(loss) | Lãi/(lỗ) từ hoạt động kinh doanh,3754223754396.0,2026-Q1,vnstock_finance_wide_statement,FIELD_MAPPED,source value explicitly mapped; missing values remain missing
GAS,2025-Q4,quarter,operating_profit,1763597883667.0,VND,VND,vnstock,vnstock:vci:finance,https://vnstocks.com/,2026-06-06T01:11:15+00:00,medium,operating_profit_loss | Operating profit/(loss) | Lãi/(lỗ) từ hoạt động kinh doanh,1763597883667.0,2025-Q4,vnstock_finance_wide_statement,FIELD_MAPPED,source value explicitly mapped; missing values remain missing
GAS,2026-Q1,quarter,net_profit,2994115272577.0,VND,VND,vnstock,vnstock:vci:finance,https://vnstocks.com/,2026-06-06T01:11:15+00:00,medium,net_profit_loss_after_tax | Net profit/(loss) after tax | Lãi/(lỗ) thuần sau thuế,2994115272577.0,2026-Q1,vnstock_finance_wide_statement,FIELD_MAPPED,source value explicitly mapped; missing values remain missing
GAS,2025-Q4,quarter,net_profit,1387429975481.0,VND,VND,vnstock,vnstock:vci:finance,https://vnstocks.com/,2026-06-06T01:11:15+00:00,medium,net_profit_loss_after_tax | Net profit/(loss) after tax | Lãi/(lỗ) thuần sau thuế,1387429975481.0,2025-Q4,vnstock_finance_wide_statement,FIELD_MAPPED,source value explicitly mapped; missing values remain missing
GAS,2026-Q1,quarter,cash,7321907295672.0,VND,VND,vnstock,vnstock:vci:finance,https://vnstocks.com/,2026-06-06T01:11:15+00:00,medium,cash_and_cash_equivalents | Cash and cash equivalents | Tiền và tương đương tiền,7321907295672.0,2026-Q1,vnstock_finance_wide_statement,FIELD_MAPPED,source value explicitly mapped; missing values remain missing; BANK_CASH_SCHEMA_EXPLICITLY_MAPPED
GAS,2025-Q4,quarter,cash,6876468282085.0,VND,VND,vnstock,vnstock:vci:finance,https://vnstocks.com/,2026-06-06T01:11:15+00:00,medium,cash_and_cash_equivalents | Cash and cash equivalents | Tiền và tương đương tiền,6876468282085.0,2025-Q4,vnstock_finance_wide_statement,FIELD_MAPPED,source value explicitly mapped; missing values remain missing; BANK_CASH_SCHEMA_EXPLICITLY_MAPPED
GAS,2026-Q1,quarter,inventory,3047822684577.0,VND,VND,vnstock,vnstock:vci:finance,https://vnstocks.com/,2026-06-06T01:11:15+00:00,medium,"inventories_net | Inventories, Net | Hàng tồn kho, ròng",3047822684577.0,2026-Q1,vnstock_finance_wide_statement,FIELD_MAPPED,source value explicitly mapped; missing values remain missing
GAS,2025-Q4,quarter,inventory,4398771281185.0,VND,VND,vnstock,vnstock:vci:finance,https://vnstocks.com/,2026-06-06T01:11:15+00:00,medium,"inventories_net | Inventories, Net | Hàng tồn kho, ròng",4398771281185.0,2025-Q4,vnstock_finance_wide_statement,FIELD_MAPPED,source value explicitly mapped; missing values remain missing
GAS,2026-Q1,quarter,total_assets,92923423491919.0,VND,VND,vnstock,vnstock:vci:finance,https://vnstocks.com/,2026-06-06T01:11:15+00:00,medium,total_assets | Total Assets | TỔNG CỘNG TÀI SẢN,92923423491919.0,2026-Q1,vnstock_finance_wide_statement,FIELD_MAPPED,source value explicitly mapped; missing values remain missing
GAS,2025-Q4,quarter,total_assets,93568198109790.0,VND,VND,vnstock,vnstock:vci:finance,https://vnstocks.com/,2026-06-06T01:11:15+00:00,medium,total_assets | Total Assets | TỔNG CỘNG TÀI SẢN,93568198109790.0,2025-Q4,vnstock_finance_wide_statement,FIELD_MAPPED,source value explicitly mapped; missing values remain missing
GAS,2026-Q1,quarter,total_liabilities,22333645606660.0,VND,VND,vnstock,vnstock:vci:finance,https://vnstocks.com/,2026-06-06T01:11:15+00:00,medium,liabilities | Liabilities | NỢ PHẢI TRẢ,22333645606660.0,2026-Q1,vnstock_finance_wide_statement,FIELD_MAPPED,source value explicitly mapped; missing values remain missing
GAS,2025-Q4,quarter,total_liabilities,25914808991853.0,VND,VND,vnstock,vnstock:vci:finance,https://vnstocks.com/,2026-06-06T01:11:15+00:00,medium,liabilities | Liabilities | NỢ PHẢI TRẢ,25914808991853.0,2025-Q4,vnstock_finance_wide_statement,FIELD_MAPPED,source value explicitly mapped; missing values remain missing
GAS,2026-Q1,quarter,short_term_debt,1740922921014.0,VND,VND,vnstock,vnstock:vci:finance,https://vnstocks.com/,2026-06-06T01:11:15+00:00,low,short_term_borrowings | Short-term borrowings | Vay ngắn hạn,1740922921014.0,2026-Q1,vnstock_finance_wide_statement,FIELD_MAPPED,source value explicitly mapped; missing values remain missing; BANK_DEBT_SCHEMA_DIFFERENT
GAS,2025-Q4,quarter,short_term_debt,1439827466686.0,VND,VND,vnstock,vnstock:vci:finance,https://vnstocks.com/,2026-06-06T01:11:15+00:00,low,short_term_borrowings | Short-term borrowings | Vay ngắn hạn,1439827466686.0,2025-Q4,vnstock_finance_wide_statement,FIELD_MAPPED,source value explicitly mapped; missing values remain missing; BANK_DEBT_SCHEMA_DIFFERENT
GAS,2026-Q1,quarter,long_term_debt,1542529805063.0,VND,VND,vnstock,vnstock:vci:finance,https://vnstocks.com/,2026-06-06T01:11:15+00:00,low,long_term_borrowings | Long-term borrowings | Vay dài hạn,1542529805063.0,2026-Q1,vnstock_finance_wide_statement,FIELD_MAPPED,source value explicitly mapped; missing values remain missing; BANK_DEBT_SCHEMA_DIFFERENT
GAS,2025-Q4,quarter,long_term_debt,1531862874096.0,VND,VND,vnstock,vnstock:vci:finance,https://vnstocks.com/,2026-06-06T01:11:15+00:00,low,long_term_borrowings | Long-term borrowings | Vay dài hạn,1531862874096.0,2025-Q4,vnstock_finance_wide_statement,FIELD_MAPPED,source value explicitly mapped; missing values remain missing; BANK_DEBT_SCHEMA_DIFFERENT
GAS,2026-Q1,quarter,equity,70589777885259.0,VND,VND,vnstock,vnstock:vci:finance,https://vnstocks.com/,2026-06-06T01:11:15+00:00,medium,owners_equity | Owner's Equity | Vốn chủ sở hữu,70589777885259.0,2026-Q1,vnstock_finance_wide_statement,FIELD_MAPPED,source value explicitly mapped; missing values remain missing
GAS,2025-Q4,quarter,equity,67653389117937.0,VND,VND,vnstock,vnstock:vci:finance,https://vnstocks.com/,2026-06-06T01:11:15+00:00,medium,owners_equity | Owner's Equity | Vốn chủ sở hữu,67653389117937.0,2025-Q4,vnstock_finance_wide_statement,FIELD_MAPPED,source value explicitly mapped; missing values remain missing
GAS,2026-Q1,quarter,operating_cash_flow,-468939629618.0,VND,VND,vnstock,vnstock:vci:finance,https://vnstocks.com/,2026-06-06T01:11:15+00:00,medium,net_cash_inflows_outflows_from_operating_activities | Net cash inflows/(outflows) from operating activities | Lưu chuyển tiền tệ ròng từ các hoạt động sản xuất kinh doanh,-468939629618.0,2026-Q1,vnstock_finance_wide_statement,FIELD_MAPPED,source value explicitly mapped; missing values remain missing; BANK_CFO_SCHEMA_EXPLICITLY_MAPPED
GAS,2025-Q4,quarter,operating_cash_flow,491071034464.0,VND,VND,vnstock,vnstock:vci:finance,https://vnstocks.com/,2026-06-06T01:11:15+00:00,medium,net_cash_inflows_outflows_from_operating_activities | Net cash inflows/(outflows) from operating activities | Lưu chuyển tiền tệ ròng từ các hoạt động sản xuất kinh doanh,491071034464.0,2025-Q4,vnstock_finance_wide_statement,FIELD_MAPPED,source value explicitly mapped; missing values remain missing; BANK_CFO_SCHEMA_EXPLICITLY_MAPPED
PVS,2026-Q1,quarter,revenue,8699805219801.0,VND,VND,vnstock,vnstock:vci:finance,https://vnstocks.com/,2026-06-06T01:11:42+00:00,medium,sales | Sales | Doanh thu bán hàng và cung cấp dịch vụ,8699805219801.0,2026-Q1,vnstock_finance_wide_statement,FIELD_MAPPED,source value explicitly mapped; missing values remain missing; BANK_REVENUE_SCHEMA_EXPLICITLY_MAPPED
PVS,2025-Q4,quarter,revenue,9716715553975.0,VND,VND,vnstock,vnstock:vci:finance,https://vnstocks.com/,2026-06-06T01:11:42+00:00,medium,sales | Sales | Doanh thu bán hàng và cung cấp dịch vụ,9716715553975.0,2025-Q4,vnstock_finance_wide_statement,FIELD_MAPPED,source value explicitly mapped; missing values remain missing; BANK_REVENUE_SCHEMA_EXPLICITLY_MAPPED
PVS,2026-Q1,quarter,gross_profit,854913598204.0,VND,VND,vnstock,vnstock:vci:finance,https://vnstocks.com/,2026-06-06T01:11:42+00:00,medium,gross_profit | Gross Profit | Lợi nhuận gộp,854913598204.0,2026-Q1,vnstock_finance_wide_statement,FIELD_MAPPED,source value explicitly mapped; missing values remain missing
PVS,2025-Q4,quarter,gross_profit,849168146089.0,VND,VND,vnstock,vnstock:vci:finance,https://vnstocks.com/,2026-06-06T01:11:42+00:00,medium,gross_profit | Gross Profit | Lợi nhuận gộp,849168146089.0,2025-Q4,vnstock_finance_wide_statement,FIELD_MAPPED,source value explicitly mapped; missing values remain missing
PVS,2026-Q1,quarter,operating_profit,531492235371.0,VND,VND,vnstock,vnstock:vci:finance,https://vnstocks.com/,2026-06-06T01:11:42+00:00,medium,operating_profit_loss | Operating profit/(loss) | Lãi/(lỗ) từ hoạt động kinh doanh,531492235371.0,2026-Q1,vnstock_finance_wide_statement,FIELD_MAPPED,source value explicitly mapped; missing values remain missing
PVS,2025-Q4,quarter,operating_profit,879852227620.0,VND,VND,vnstock,vnstock:vci:finance,https://vnstocks.com/,2026-06-06T01:11:42+00:00,medium,operating_profit_loss | Operating profit/(loss) | Lãi/(lỗ) từ hoạt động kinh doanh,879852227620.0,2025-Q4,vnstock_finance_wide_statement,FIELD_MAPPED,source value explicitly mapped; missing values remain missing
PVS,2026-Q1,quarter,net_profit,435334724546.0,VND,VND,vnstock,vnstock:vci:finance,https://vnstocks.com/,2026-06-06T01:11:42+00:00,medium,net_profit_loss_after_tax | Net profit/(loss) after tax | Lãi/(lỗ) thuần sau thuế,435334724546.0,2026-Q1,vnstock_finance_wide_statement,FIELD_MAPPED,source value explicitly mapped; missing values remain missing
PVS,2025-Q4,quarter,net_profit,971929407820.0,VND,VND,vnstock,vnstock:vci:finance,https://vnstocks.com/,2026-06-06T01:11:42+00:00,medium,net_profit_loss_after_tax | Net profit/(loss) after tax | Lãi/(lỗ) thuần sau thuế,971929407820.0,2025-Q4,vnstock_finance_wide_statement,FIELD_MAPPED,source value explicitly mapped; missing values remain missing
PVS,2026-Q1,quarter,cash,11434381985968.0,VND,VND,vnstock,vnstock:vci:finance,https://vnstocks.com/,2026-06-06T01:11:42+00:00,medium,cash_and_cash_equivalents | Cash and cash equivalents | Tiền và tương đương tiền,11434381985968.0,2026-Q1,vnstock_finance_wide_statement,FIELD_MAPPED,source value explicitly mapped; missing values remain missing; BANK_CASH_SCHEMA_EXPLICITLY_MAPPED
PVS,2025-Q4,quarter,cash,11584690621889.0,VND,VND,vnstock,vnstock:vci:finance,https://vnstocks.com/,2026-06-06T01:11:42+00:00,medium,cash_and_cash_equivalents | Cash and cash equivalents | Tiền và tương đương tiền,11584690621889.0,2025-Q4,vnstock_finance_wide_statement,FIELD_MAPPED,source value explicitly mapped; missing values remain missing; BANK_CASH_SCHEMA_EXPLICITLY_MAPPED
PVS,2026-Q1,quarter,inventory,3090586411063.0,VND,VND,vnstock,vnstock:vci:finance,https://vnstocks.com/,2026-06-06T01:11:42+00:00,medium,"inventories_net | Inventories, Net | Hàng tồn kho, ròng",3090586411063.0,2026-Q1,vnstock_finance_wide_statement,FIELD_MAPPED,source value explicitly mapped; missing values remain missing
PVS,2025-Q4,quarter,inventory,3233161759598.0,VND,VND,vnstock,vnstock:vci:finance,https://vnstocks.com/,2026-06-06T01:11:42+00:00,medium,"inventories_net | Inventories, Net | Hàng tồn kho, ròng",3233161759598.0,2025-Q4,vnstock_finance_wide_statement,FIELD_MAPPED,source value explicitly mapped; missing values remain missing
PVS,2026-Q1,quarter,total_assets,40730099546969.0,VND,VND,vnstock,vnstock:vci:finance,https://vnstocks.com/,2026-06-06T01:11:42+00:00,medium,total_assets | Total Assets | TỔNG CỘNG TÀI SẢN,40730099546969.0,2026-Q1,vnstock_finance_wide_statement,FIELD_MAPPED,source value explicitly mapped; missing values remain missing
PVS,2025-Q4,quarter,total_assets,38790761189504.0,VND,VND,vnstock,vnstock:vci:finance,https://vnstocks.com/,2026-06-06T01:11:42+00:00,medium,total_assets | Total Assets | TỔNG CỘNG TÀI SẢN,38790761189504.0,2025-Q4,vnstock_finance_wide_statement,FIELD_MAPPED,source value explicitly mapped; missing values remain missing
PVS,2026-Q1,quarter,total_liabilities,24053840401927.0,VND,VND,vnstock,vnstock:vci:finance,https://vnstocks.com/,2026-06-06T01:11:42+00:00,medium,liabilities | Liabilities | NỢ PHẢI TRẢ,24053840401927.0,2026-Q1,vnstock_finance_wide_statement,FIELD_MAPPED,source value explicitly mapped; missing values remain missing
PVS,2025-Q4,quarter,total_liabilities,22555238914698.0,VND,VND,vnstock,vnstock:vci:finance,https://vnstocks.com/,2026-06-06T01:11:42+00:00,medium,liabilities | Liabilities | NỢ PHẢI TRẢ,22555238914698.0,2025-Q4,vnstock_finance_wide_statement,FIELD_MAPPED,source value explicitly mapped; missing values remain missing
PVS,2026-Q1,quarter,short_term_debt,554144507864.0,VND,VND,vnstock,vnstock:vci:finance,https://vnstocks.com/,2026-06-06T01:11:42+00:00,low,short_term_borrowings | Short-term borrowings | Vay ngắn hạn,554144507864.0,2026-Q1,vnstock_finance_wide_statement,FIELD_MAPPED,source value explicitly mapped; missing values remain missing; BANK_DEBT_SCHEMA_DIFFERENT
PVS,2025-Q4,quarter,short_term_debt,189477717842.0,VND,VND,vnstock,vnstock:vci:finance,https://vnstocks.com/,2026-06-06T01:11:42+00:00,low,short_term_borrowings | Short-term borrowings | Vay ngắn hạn,189477717842.0,2025-Q4,vnstock_finance_wide_statement,FIELD_MAPPED,source value explicitly mapped; missing values remain missing; BANK_DEBT_SCHEMA_DIFFERENT
PVS,2026-Q1,quarter,long_term_debt,768259100925.0,VND,VND,vnstock,vnstock:vci:finance,https://vnstocks.com/,2026-06-06T01:11:42+00:00,low,long_term_borrowings | Long-term borrowings | Vay dài hạn,768259100925.0,2026-Q1,vnstock_finance_wide_statement,FIELD_MAPPED,source value explicitly mapped; missing values remain missing; BANK_DEBT_SCHEMA_DIFFERENT
PVS,2025-Q4,quarter,long_term_debt,777497590588.0,VND,VND,vnstock,vnstock:vci:finance,https://vnstocks.com/,2026-06-06T01:11:42+00:00,low,long_term_borrowings | Long-term borrowings | Vay dài hạn,777497590588.0,2025-Q4,vnstock_finance_wide_statement,FIELD_MAPPED,source value explicitly mapped; missing values remain missing; BANK_DEBT_SCHEMA_DIFFERENT
PVS,2026-Q1,quarter,equity,16676259145042.0,VND,VND,vnstock,vnstock:vci:finance,https://vnstocks.com/,2026-06-06T01:11:42+00:00,medium,owners_equity | Owner's Equity | Vốn chủ sở hữu,16676259145042.0,2026-Q1,vnstock_finance_wide_statement,FIELD_MAPPED,source value explicitly mapped; missing values remain missing
PVS,2025-Q4,quarter,equity,16235522274806.0,VND,VND,vnstock,vnstock:vci:finance,https://vnstocks.com/,2026-06-06T01:11:42+00:00,medium,owners_equity | Owner's Equity | Vốn chủ sở hữu,16235522274806.0,2025-Q4,vnstock_finance_wide_statement,FIELD_MAPPED,source value explicitly mapped; missing values remain missing
PVS,2026-Q1,quarter,operating_cash_flow,-27859910836.0,VND,VND,vnstock,vnstock:vci:finance,https://vnstocks.com/,2026-06-06T01:11:42+00:00,medium,net_cash_inflows_outflows_from_operating_activities | Net cash inflows/(outflows) from operating activities | Lưu chuyển tiền tệ ròng từ các hoạt động sản xuất kinh doanh,-27859910836.0,2026-Q1,vnstock_finance_wide_statement,FIELD_MAPPED,source value explicitly mapped; missing values remain missing; BANK_CFO_SCHEMA_EXPLICITLY_MAPPED
PVS,2025-Q4,quarter,operating_cash_flow,581181094799.0,VND,VND,vnstock,vnstock:vci:finance,https://vnstocks.com/,2026-06-06T01:11:42+00:00,medium,net_cash_inflows_outflows_from_operating_activities | Net cash inflows/(outflows) from operating activities | Lưu chuyển tiền tệ ròng từ các hoạt động sản xuất kinh doanh,581181094799.0,2025-Q4,vnstock_finance_wide_statement,FIELD_MAPPED,source value explicitly mapped; missing values remain missing; BANK_CFO_SCHEMA_EXPLICITLY_MAPPED
FPT,2026-Q1,quarter,revenue,12485836704352.0,VND,VND,vnstock,vnstock:vci:finance,https://vnstocks.com/,2026-06-06T01:12:10+00:00,medium,sales | Sales | Doanh thu bán hàng và cung cấp dịch vụ,12485836704352.0,2026-Q1,vnstock_finance_wide_statement,FIELD_MAPPED,source value explicitly mapped; missing values remain missing; BANK_REVENUE_SCHEMA_EXPLICITLY_MAPPED
FPT,2025-Q4,quarter,revenue,20258865670867.0,VND,VND,vnstock,vnstock:vci:finance,https://vnstocks.com/,2026-06-06T01:12:10+00:00,medium,sales | Sales | Doanh thu bán hàng và cung cấp dịch vụ,20258865670867.0,2025-Q4,vnstock_finance_wide_statement,FIELD_MAPPED,source value explicitly mapped; missing values remain missing; BANK_REVENUE_SCHEMA_EXPLICITLY_MAPPED
FPT,2026-Q1,quarter,gross_profit,4244889890688.0,VND,VND,vnstock,vnstock:vci:finance,https://vnstocks.com/,2026-06-06T01:12:10+00:00,medium,gross_profit | Gross Profit | Lợi nhuận gộp,4244889890688.0,2026-Q1,vnstock_finance_wide_statement,FIELD_MAPPED,source value explicitly mapped; missing values remain missing
FPT,2025-Q4,quarter,gross_profit,7047275086162.0,VND,VND,vnstock,vnstock:vci:finance,https://vnstocks.com/,2026-06-06T01:12:10+00:00,medium,gross_profit | Gross Profit | Lợi nhuận gộp,7047275086162.0,2025-Q4,vnstock_finance_wide_statement,FIELD_MAPPED,source value explicitly mapped; missing values remain missing
FPT,2026-Q1,quarter,operating_profit,2747763827050.0,VND,VND,vnstock,vnstock:vci:finance,https://vnstocks.com/,2026-06-06T01:12:10+00:00,medium,operating_profit_loss | Operating profit/(loss) | Lãi/(lỗ) từ hoạt động kinh doanh,2747763827050.0,2026-Q1,vnstock_finance_wide_statement,FIELD_MAPPED,source value explicitly mapped; missing values remain missing
FPT,2025-Q4,quarter,operating_profit,3482048271187.0,VND,VND,vnstock,vnstock:vci:finance,https://vnstocks.com/,2026-06-06T01:12:10+00:00,medium,operating_profit_loss | Operating profit/(loss) | Lãi/(lỗ) từ hoạt động kinh doanh,3482048271187.0,2025-Q4,vnstock_finance_wide_statement,FIELD_MAPPED,source value explicitly mapped; missing values remain missing
FPT,2026-Q1,quarter,net_profit,2476789833481.0,VND,VND,vnstock,vnstock:vci:finance,https://vnstocks.com/,2026-06-06T01:12:10+00:00,medium,net_profit_loss_after_tax | Net profit/(loss) after tax | Lãi/(lỗ) thuần sau thuế,2476789833481.0,2026-Q1,vnstock_finance_wide_statement,FIELD_MAPPED,source value explicitly mapped; missing values remain missing
FPT,2025-Q4,quarter,net_profit,2994964817096.0,VND,VND,vnstock,vnstock:vci:finance,https://vnstocks.com/,2026-06-06T01:12:10+00:00,medium,net_profit_loss_after_tax | Net profit/(loss) after tax | Lãi/(lỗ) thuần sau thuế,2994964817096.0,2025-Q4,vnstock_finance_wide_statement,FIELD_MAPPED,source value explicitly mapped; missing values remain missing
FPT,2026-Q1,quarter,cash,7993577611642.0,VND,VND,vnstock,vnstock:vci:finance,https://vnstocks.com/,2026-06-06T01:12:10+00:00,medium,cash_and_cash_equivalents | Cash and cash equivalents | Tiền và tương đương tiền,7993577611642.0,2026-Q1,vnstock_finance_wide_statement,FIELD_MAPPED,source value explicitly mapped; missing values remain missing; BANK_CASH_SCHEMA_EXPLICITLY_MAPPED
FPT,2025-Q4,quarter,cash,10522105729992.0,VND,VND,vnstock,vnstock:vci:finance,https://vnstocks.com/,2026-06-06T01:12:10+00:00,medium,cash_and_cash_equivalents | Cash and cash equivalents | Tiền và tương đương tiền,10522105729992.0,2025-Q4,vnstock_finance_wide_statement,FIELD_MAPPED,source value explicitly mapped; missing values remain missing; BANK_CASH_SCHEMA_EXPLICITLY_MAPPED
FPT,2026-Q1,quarter,inventory,1094571460159.0,VND,VND,vnstock,vnstock:vci:finance,https://vnstocks.com/,2026-06-06T01:12:10+00:00,medium,"inventories_net | Inventories, Net | Hàng tồn kho, ròng",1094571460159.0,2026-Q1,vnstock_finance_wide_statement,FIELD_MAPPED,source value explicitly mapped; missing values remain missing
FPT,2025-Q4,quarter,inventory,2193769802339.0,VND,VND,vnstock,vnstock:vci:finance,https://vnstocks.com/,2026-06-06T01:12:10+00:00,medium,"inventories_net | Inventories, Net | Hàng tồn kho, ròng",2193769802339.0,2025-Q4,vnstock_finance_wide_statement,FIELD_MAPPED,source value explicitly mapped; missing values remain missing
FPT,2026-Q1,quarter,total_assets,68586094785217.0,VND,VND,vnstock,vnstock:vci:finance,https://vnstocks.com/,2026-06-06T01:12:10+00:00,medium,total_assets | Total Assets | TỔNG CỘNG TÀI SẢN,68586094785217.0,2026-Q1,vnstock_finance_wide_statement,FIELD_MAPPED,source value explicitly mapped; missing values remain missing
FPT,2025-Q4,quarter,total_assets,88141991634625.0,VND,VND,vnstock,vnstock:vci:finance,https://vnstocks.com/,2026-06-06T01:12:10+00:00,medium,total_assets | Total Assets | TỔNG CỘNG TÀI SẢN,88141991634625.0,2025-Q4,vnstock_finance_wide_statement,FIELD_MAPPED,source value explicitly mapped; missing values remain missing
FPT,2026-Q1,quarter,total_liabilities,28464058214856.0,VND,VND,vnstock,vnstock:vci:finance,https://vnstocks.com/,2026-06-06T01:12:10+00:00,medium,liabilities | Liabilities | NỢ PHẢI TRẢ,28464058214856.0,2026-Q1,vnstock_finance_wide_statement,FIELD_MAPPED,source value explicitly mapped; missing values remain missing
FPT,2025-Q4,quarter,total_liabilities,44393950887086.0,VND,VND,vnstock,vnstock:vci:finance,https://vnstocks.com/,2026-06-06T01:12:10+00:00,medium,liabilities | Liabilities | NỢ PHẢI TRẢ,44393950887086.0,2025-Q4,vnstock_finance_wide_statement,FIELD_MAPPED,source value explicitly mapped; missing values remain missing
FPT,2026-Q1,quarter,short_term_debt,14491358043012.0,VND,VND,vnstock,vnstock:vci:finance,https://vnstocks.com/,2026-06-06T01:12:10+00:00,low,short_term_borrowings | Short-term borrowings | Vay ngắn hạn,14491358043012.0,2026-Q1,vnstock_finance_wide_statement,FIELD_MAPPED,source value explicitly mapped; missing values remain missing; BANK_DEBT_SCHEMA_DIFFERENT
FPT,2025-Q4,quarter,short_term_debt,19169697497955.0,VND,VND,vnstock,vnstock:vci:finance,https://vnstocks.com/,2026-06-06T01:12:10+00:00,low,short_term_borrowings | Short-term borrowings | Vay ngắn hạn,19169697497955.0,2025-Q4,vnstock_finance_wide_statement,FIELD_MAPPED,source value explicitly mapped; missing values remain missing; BANK_DEBT_SCHEMA_DIFFERENT
FPT,2026-Q1,quarter,long_term_debt,1605069048520.0,VND,VND,vnstock,vnstock:vci:finance,https://vnstocks.com/,2026-06-06T01:12:10+00:00,low,long_term_borrowings | Long-term borrowings | Vay dài hạn,1605069048520.0,2026-Q1,vnstock_finance_wide_statement,FIELD_MAPPED,source value explicitly mapped; missing values remain missing; BANK_DEBT_SCHEMA_DIFFERENT
FPT,2025-Q4,quarter,long_term_debt,1903789988184.0,VND,VND,vnstock,vnstock:vci:finance,https://vnstocks.com/,2026-06-06T01:12:10+00:00,low,long_term_borrowings | Long-term borrowings | Vay dài hạn,1903789988184.0,2025-Q4,vnstock_finance_wide_statement,FIELD_MAPPED,source value explicitly mapped; missing values remain missing; BANK_DEBT_SCHEMA_DIFFERENT
FPT,2026-Q1,quarter,equity,40122036570361.0,VND,VND,vnstock,vnstock:vci:finance,https://vnstocks.com/,2026-06-06T01:12:10+00:00,medium,owners_equity | Owner's Equity | Vốn chủ sở hữu,40122036570361.0,2026-Q1,vnstock_finance_wide_statement,FIELD_MAPPED,source value explicitly mapped; missing values remain missing
FPT,2025-Q4,quarter,equity,43748040747539.0,VND,VND,vnstock,vnstock:vci:finance,https://vnstocks.com/,2026-06-06T01:12:10+00:00,medium,owners_equity | Owner's Equity | Vốn chủ sở hữu,43748040747539.0,2025-Q4,vnstock_finance_wide_statement,FIELD_MAPPED,source value explicitly mapped; missing values remain missing
FPT,2026-Q1,quarter,operating_cash_flow,-2847813717192.0,VND,VND,vnstock,vnstock:vci:finance,https://vnstocks.com/,2026-06-06T01:12:10+00:00,medium,net_cash_inflows_outflows_from_operating_activities | Net cash inflows/(outflows) from operating activities | Lưu chuyển tiền tệ ròng từ các hoạt động sản xuất kinh doanh,-2847813717192.0,2026-Q1,vnstock_finance_wide_statement,FIELD_MAPPED,source value explicitly mapped; missing values remain missing; BANK_CFO_SCHEMA_EXPLICITLY_MAPPED
FPT,2025-Q4,quarter,operating_cash_flow,4108450576803.0,VND,VND,vnstock,vnstock:vci:finance,https://vnstocks.com/,2026-06-06T01:12:10+00:00,medium,net_cash_inflows_outflows_from_operating_activities | Net cash inflows/(outflows) from operating activities | Lưu chuyển tiền tệ ròng từ các hoạt động sản xuất kinh doanh,4108450576803.0,2025-Q4,vnstock_finance_wide_statement,FIELD_MAPPED,source value explicitly mapped; missing values remain missing; BANK_CFO_SCHEMA_EXPLICITLY_MAPPED
MWG,2026-Q1,quarter,revenue,46709163270992.0,VND,VND,vnstock,vnstock:vci:finance,https://vnstocks.com/,2026-06-06T01:12:38+00:00,medium,sales | Sales | Doanh thu bán hàng và cung cấp dịch vụ,46709163270992.0,2026-Q1,vnstock_finance_wide_statement,FIELD_MAPPED,source value explicitly mapped; missing values remain missing; BANK_REVENUE_SCHEMA_EXPLICITLY_MAPPED
MWG,2025-Q4,quarter,revenue,42567697264574.0,VND,VND,vnstock,vnstock:vci:finance,https://vnstocks.com/,2026-06-06T01:12:38+00:00,medium,sales | Sales | Doanh thu bán hàng và cung cấp dịch vụ,42567697264574.0,2025-Q4,vnstock_finance_wide_statement,FIELD_MAPPED,source value explicitly mapped; missing values remain missing; BANK_REVENUE_SCHEMA_EXPLICITLY_MAPPED
MWG,2026-Q1,quarter,gross_profit,9710101439316.0,VND,VND,vnstock,vnstock:vci:finance,https://vnstocks.com/,2026-06-06T01:12:38+00:00,medium,gross_profit | Gross Profit | Lợi nhuận gộp,9710101439316.0,2026-Q1,vnstock_finance_wide_statement,FIELD_MAPPED,source value explicitly mapped; missing values remain missing
MWG,2025-Q4,quarter,gross_profit,8754579246560.0,VND,VND,vnstock,vnstock:vci:finance,https://vnstocks.com/,2026-06-06T01:12:38+00:00,medium,gross_profit | Gross Profit | Lợi nhuận gộp,8754579246560.0,2025-Q4,vnstock_finance_wide_statement,FIELD_MAPPED,source value explicitly mapped; missing values remain missing
MWG,2026-Q1,quarter,operating_profit,3347123417867.0,VND,VND,vnstock,vnstock:vci:finance,https://vnstocks.com/,2026-06-06T01:12:38+00:00,medium,operating_profit_loss | Operating profit/(loss) | Lãi/(lỗ) từ hoạt động kinh doanh,3347123417867.0,2026-Q1,vnstock_finance_wide_statement,FIELD_MAPPED,source value explicitly mapped; missing values remain missing
MWG,2025-Q4,quarter,operating_profit,2492183508086.0,VND,VND,vnstock,vnstock:vci:finance,https://vnstocks.com/,2026-06-06T01:12:38+00:00,medium,operating_profit_loss | Operating profit/(loss) | Lãi/(lỗ) từ hoạt động kinh doanh,2492183508086.0,2025-Q4,vnstock_finance_wide_statement,FIELD_MAPPED,source value explicitly mapped; missing values remain missing
MWG,2026-Q1,quarter,net_profit,2757557020527.0,VND,VND,vnstock,vnstock:vci:finance,https://vnstocks.com/,2026-06-06T01:12:38+00:00,medium,net_profit_loss_after_tax | Net profit/(loss) after tax | Lãi/(lỗ) thuần sau thuế,2757557020527.0,2026-Q1,vnstock_finance_wide_statement,FIELD_MAPPED,source value explicitly mapped; missing values remain missing
MWG,2025-Q4,quarter,net_profit,2083594362304.0,VND,VND,vnstock,vnstock:vci:finance,https://vnstocks.com/,2026-06-06T01:12:38+00:00,medium,net_profit_loss_after_tax | Net profit/(loss) after tax | Lãi/(lỗ) thuần sau thuế,2083594362304.0,2025-Q4,vnstock_finance_wide_statement,FIELD_MAPPED,source value explicitly mapped; missing values remain missing
MWG,2026-Q1,quarter,cash,4553652582201.0,VND,VND,vnstock,vnstock:vci:finance,https://vnstocks.com/,2026-06-06T01:12:38+00:00,medium,cash_and_cash_equivalents | Cash and cash equivalents | Tiền và tương đương tiền,4553652582201.0,2026-Q1,vnstock_finance_wide_statement,FIELD_MAPPED,source value explicitly mapped; missing values remain missing; BANK_CASH_SCHEMA_EXPLICITLY_MAPPED
MWG,2025-Q4,quarter,cash,4999925717187.0,VND,VND,vnstock,vnstock:vci:finance,https://vnstocks.com/,2026-06-06T01:12:38+00:00,medium,cash_and_cash_equivalents | Cash and cash equivalents | Tiền và tương đương tiền,4999925717187.0,2025-Q4,vnstock_finance_wide_statement,FIELD_MAPPED,source value explicitly mapped; missing values remain missing; BANK_CASH_SCHEMA_EXPLICITLY_MAPPED
MWG,2026-Q1,quarter,inventory,27600707843304.0,VND,VND,vnstock,vnstock:vci:finance,https://vnstocks.com/,2026-06-06T01:12:38+00:00,medium,"inventories_net | Inventories, Net | Hàng tồn kho, ròng",27600707843304.0,2026-Q1,vnstock_finance_wide_statement,FIELD_MAPPED,source value explicitly mapped; missing values remain missing
MWG,2025-Q4,quarter,inventory,27266851974258.0,VND,VND,vnstock,vnstock:vci:finance,https://vnstocks.com/,2026-06-06T01:12:38+00:00,medium,"inventories_net | Inventories, Net | Hàng tồn kho, ròng",27266851974258.0,2025-Q4,vnstock_finance_wide_statement,FIELD_MAPPED,source value explicitly mapped; missing values remain missing
MWG,2026-Q1,quarter,total_assets,83994558472327.0,VND,VND,vnstock,vnstock:vci:finance,https://vnstocks.com/,2026-06-06T01:12:38+00:00,medium,total_assets | Total Assets | TỔNG CỘNG TÀI SẢN,83994558472327.0,2026-Q1,vnstock_finance_wide_statement,FIELD_MAPPED,source value explicitly mapped; missing values remain missing
MWG,2025-Q4,quarter,total_assets,83945619612034.0,VND,VND,vnstock,vnstock:vci:finance,https://vnstocks.com/,2026-06-06T01:12:38+00:00,medium,total_assets | Total Assets | TỔNG CỘNG TÀI SẢN,83945619612034.0,2025-Q4,vnstock_finance_wide_statement,FIELD_MAPPED,source value explicitly mapped; missing values remain missing
MWG,2026-Q1,quarter,total_liabilities,48061216417223.0,VND,VND,vnstock,vnstock:vci:finance,https://vnstocks.com/,2026-06-06T01:12:38+00:00,medium,liabilities | Liabilities | NỢ PHẢI TRẢ,48061216417223.0,2026-Q1,vnstock_finance_wide_statement,FIELD_MAPPED,source value explicitly mapped; missing values remain missing
MWG,2025-Q4,quarter,total_liabilities,50769502237457.0,VND,VND,vnstock,vnstock:vci:finance,https://vnstocks.com/,2026-06-06T01:12:38+00:00,medium,liabilities | Liabilities | NỢ PHẢI TRẢ,50769502237457.0,2025-Q4,vnstock_finance_wide_statement,FIELD_MAPPED,source value explicitly mapped; missing values remain missing
MWG,2026-Q1,quarter,short_term_debt,28100653169211.0,VND,VND,vnstock,vnstock:vci:finance,https://vnstocks.com/,2026-06-06T01:12:38+00:00,low,short_term_borrowings | Short-term borrowings | Vay ngắn hạn,28100653169211.0,2026-Q1,vnstock_finance_wide_statement,FIELD_MAPPED,source value explicitly mapped; missing values remain missing; BANK_DEBT_SCHEMA_DIFFERENT
MWG,2025-Q4,quarter,short_term_debt,29930942961668.0,VND,VND,vnstock,vnstock:vci:finance,https://vnstocks.com/,2026-06-06T01:12:38+00:00,low,short_term_borrowings | Short-term borrowings | Vay ngắn hạn,29930942961668.0,2025-Q4,vnstock_finance_wide_statement,FIELD_MAPPED,source value explicitly mapped; missing values remain missing; BANK_DEBT_SCHEMA_DIFFERENT
MWG,2026-Q1,quarter,long_term_debt,0.0,VND,VND,vnstock,vnstock:vci:finance,https://vnstocks.com/,2026-06-06T01:12:38+00:00,low,long_term_borrowings | Long-term borrowings | Vay dài hạn,0.0,2026-Q1,vnstock_finance_wide_statement,FIELD_MAPPED,source value explicitly mapped; missing values remain missing; BANK_DEBT_SCHEMA_DIFFERENT
MWG,2025-Q4,quarter,long_term_debt,0.0,VND,VND,vnstock,vnstock:vci:finance,https://vnstocks.com/,2026-06-06T01:12:38+00:00,low,long_term_borrowings | Long-term borrowings | Vay dài hạn,0.0,2025-Q4,vnstock_finance_wide_statement,FIELD_MAPPED,source value explicitly mapped; missing values remain missing; BANK_DEBT_SCHEMA_DIFFERENT
MWG,2026-Q1,quarter,equity,35933342055104.0,VND,VND,vnstock,vnstock:vci:finance,https://vnstocks.com/,2026-06-06T01:12:38+00:00,medium,owners_equity | Owner's Equity | Vốn chủ sở hữu,35933342055104.0,2026-Q1,vnstock_finance_wide_statement,FIELD_MAPPED,source value explicitly mapped; missing values remain missing
MWG,2025-Q4,quarter,equity,33176117374577.0,VND,VND,vnstock,vnstock:vci:finance,https://vnstocks.com/,2026-06-06T01:12:38+00:00,medium,owners_equity | Owner's Equity | Vốn chủ sở hữu,33176117374577.0,2025-Q4,vnstock_finance_wide_statement,FIELD_MAPPED,source value explicitly mapped; missing values remain missing
MWG,2026-Q1,quarter,operating_cash_flow,1193254573697.0,VND,VND,vnstock,vnstock:vci:finance,https://vnstocks.com/,2026-06-06T01:12:38+00:00,medium,net_cash_inflows_outflows_from_operating_activities | Net cash inflows/(outflows) from operating activities | Lưu chuyển tiền tệ ròng từ các hoạt động sản xuất kinh doanh,1193254573697.0,2026-Q1,vnstock_finance_wide_statement,FIELD_MAPPED,source value explicitly mapped; missing values remain missing; BANK_CFO_SCHEMA_EXPLICITLY_MAPPED
MWG,2025-Q4,quarter,operating_cash_flow,-611871679908.0,VND,VND,vnstock,vnstock:vci:finance,https://vnstocks.com/,2026-06-06T01:12:38+00:00,medium,net_cash_inflows_outflows_from_operating_activities | Net cash inflows/(outflows) from operating activities | Lưu chuyển tiền tệ ròng từ các hoạt động sản xuất kinh doanh,-611871679908.0,2025-Q4,vnstock_finance_wide_statement,FIELD_MAPPED,source value explicitly mapped; missing values remain missing; BANK_CFO_SCHEMA_EXPLICITLY_MAPPED
VGC,2026-Q1,quarter,revenue,3329315065004.0,VND,VND,vnstock,vnstock:vci:finance,https://vnstocks.com/,2026-06-06T01:13:05+00:00,medium,sales | Sales | Doanh thu bán hàng và cung cấp dịch vụ,3329315065004.0,2026-Q1,vnstock_finance_wide_statement,FIELD_MAPPED,source value explicitly mapped; missing values remain missing; BANK_REVENUE_SCHEMA_EXPLICITLY_MAPPED
VGC,2025-Q4,quarter,revenue,4054002218097.0,VND,VND,vnstock,vnstock:vci:finance,https://vnstocks.com/,2026-06-06T01:13:05+00:00,medium,sales | Sales | Doanh thu bán hàng và cung cấp dịch vụ,4054002218097.0,2025-Q4,vnstock_finance_wide_statement,FIELD_MAPPED,source value explicitly mapped; missing values remain missing; BANK_REVENUE_SCHEMA_EXPLICITLY_MAPPED
VGC,2026-Q1,quarter,gross_profit,849472665566.0,VND,VND,vnstock,vnstock:vci:finance,https://vnstocks.com/,2026-06-06T01:13:05+00:00,medium,gross_profit | Gross Profit | Lợi nhuận gộp,849472665566.0,2026-Q1,vnstock_finance_wide_statement,FIELD_MAPPED,source value explicitly mapped; missing values remain missing
VGC,2025-Q4,quarter,gross_profit,1315033978210.0,VND,VND,vnstock,vnstock:vci:finance,https://vnstocks.com/,2026-06-06T01:13:05+00:00,medium,gross_profit | Gross Profit | Lợi nhuận gộp,1315033978210.0,2025-Q4,vnstock_finance_wide_statement,FIELD_MAPPED,source value explicitly mapped; missing values remain missing
VGC,2026-Q1,quarter,operating_profit,413899347919.0,VND,VND,vnstock,vnstock:vci:finance,https://vnstocks.com/,2026-06-06T01:13:05+00:00,medium,operating_profit_loss | Operating profit/(loss) | Lãi/(lỗ) từ hoạt động kinh doanh,413899347919.0,2026-Q1,vnstock_finance_wide_statement,FIELD_MAPPED,source value explicitly mapped; missing values remain missing
VGC,2025-Q4,quarter,operating_profit,816152180583.0,VND,VND,vnstock,vnstock:vci:finance,https://vnstocks.com/,2026-06-06T01:13:05+00:00,medium,operating_profit_loss | Operating profit/(loss) | Lãi/(lỗ) từ hoạt động kinh doanh,816152180583.0,2025-Q4,vnstock_finance_wide_statement,FIELD_MAPPED,source value explicitly mapped; missing values remain missing
VGC,2026-Q1,quarter,net_profit,321136019989.0,VND,VND,vnstock,vnstock:vci:finance,https://vnstocks.com/,2026-06-06T01:13:05+00:00,medium,net_profit_loss_after_tax | Net profit/(loss) after tax | Lãi/(lỗ) thuần sau thuế,321136019989.0,2026-Q1,vnstock_finance_wide_statement,FIELD_MAPPED,source value explicitly mapped; missing values remain missing
VGC,2025-Q4,quarter,net_profit,638610091477.0,VND,VND,vnstock,vnstock:vci:finance,https://vnstocks.com/,2026-06-06T01:13:05+00:00,medium,net_profit_loss_after_tax | Net profit/(loss) after tax | Lãi/(lỗ) thuần sau thuế,638610091477.0,2025-Q4,vnstock_finance_wide_statement,FIELD_MAPPED,source value explicitly mapped; missing values remain missing
VGC,2026-Q1,quarter,cash,1685853367770.0,VND,VND,vnstock,vnstock:vci:finance,https://vnstocks.com/,2026-06-06T01:13:05+00:00,medium,cash_and_cash_equivalents | Cash and cash equivalents | Tiền và tương đương tiền,1685853367770.0,2026-Q1,vnstock_finance_wide_statement,FIELD_MAPPED,source value explicitly mapped; missing values remain missing; BANK_CASH_SCHEMA_EXPLICITLY_MAPPED
VGC,2025-Q4,quarter,cash,2424918695150.0,VND,VND,vnstock,vnstock:vci:finance,https://vnstocks.com/,2026-06-06T01:13:05+00:00,medium,cash_and_cash_equivalents | Cash and cash equivalents | Tiền và tương đương tiền,2424918695150.0,2025-Q4,vnstock_finance_wide_statement,FIELD_MAPPED,source value explicitly mapped; missing values remain missing; BANK_CASH_SCHEMA_EXPLICITLY_MAPPED
VGC,2026-Q1,quarter,inventory,9451142991185.0,VND,VND,vnstock,vnstock:vci:finance,https://vnstocks.com/,2026-06-06T01:13:05+00:00,medium,"inventories_net | Inventories, Net | Hàng tồn kho, ròng",9451142991185.0,2026-Q1,vnstock_finance_wide_statement,FIELD_MAPPED,source value explicitly mapped; missing values remain missing
VGC,2025-Q4,quarter,inventory,4019362393872.0,VND,VND,vnstock,vnstock:vci:finance,https://vnstocks.com/,2026-06-06T01:13:05+00:00,medium,"inventories_net | Inventories, Net | Hàng tồn kho, ròng",4019362393872.0,2025-Q4,vnstock_finance_wide_statement,FIELD_MAPPED,source value explicitly mapped; missing values remain missing
VGC,2026-Q1,quarter,total_assets,26867609929688.0,VND,VND,vnstock,vnstock:vci:finance,https://vnstocks.com/,2026-06-06T01:13:05+00:00,medium,total_assets | Total Assets | TỔNG CỘNG TÀI SẢN,26867609929688.0,2026-Q1,vnstock_finance_wide_statement,FIELD_MAPPED,source value explicitly mapped; missing values remain missing
VGC,2025-Q4,quarter,total_assets,26436634618157.0,VND,VND,vnstock,vnstock:vci:finance,https://vnstocks.com/,2026-06-06T01:13:05+00:00,medium,total_assets | Total Assets | TỔNG CỘNG TÀI SẢN,26436634618157.0,2025-Q4,vnstock_finance_wide_statement,FIELD_MAPPED,source value explicitly mapped; missing values remain missing
VGC,2026-Q1,quarter,total_liabilities,14790125905105.0,VND,VND,vnstock,vnstock:vci:finance,https://vnstocks.com/,2026-06-06T01:13:05+00:00,medium,liabilities | Liabilities | NỢ PHẢI TRẢ,14790125905105.0,2026-Q1,vnstock_finance_wide_statement,FIELD_MAPPED,source value explicitly mapped; missing values remain missing
VGC,2025-Q4,quarter,total_liabilities,14865741722704.0,VND,VND,vnstock,vnstock:vci:finance,https://vnstocks.com/,2026-06-06T01:13:05+00:00,medium,liabilities | Liabilities | NỢ PHẢI TRẢ,14865741722704.0,2025-Q4,vnstock_finance_wide_statement,FIELD_MAPPED,source value explicitly mapped; missing values remain missing
VGC,2026-Q1,quarter,short_term_debt,2719276822795.0,VND,VND,vnstock,vnstock:vci:finance,https://vnstocks.com/,2026-06-06T01:13:05+00:00,low,short_term_borrowings | Short-term borrowings | Vay ngắn hạn,2719276822795.0,2026-Q1,vnstock_finance_wide_statement,FIELD_MAPPED,source value explicitly mapped; missing values remain missing; BANK_DEBT_SCHEMA_DIFFERENT
VGC,2025-Q4,quarter,short_term_debt,2713004905443.0,VND,VND,vnstock,vnstock:vci:finance,https://vnstocks.com/,2026-06-06T01:13:05+00:00,low,short_term_borrowings | Short-term borrowings | Vay ngắn hạn,2713004905443.0,2025-Q4,vnstock_finance_wide_statement,FIELD_MAPPED,source value explicitly mapped; missing values remain missing; BANK_DEBT_SCHEMA_DIFFERENT
VGC,2026-Q1,quarter,long_term_debt,3048096123642.0,VND,VND,vnstock,vnstock:vci:finance,https://vnstocks.com/,2026-06-06T01:13:05+00:00,low,long_term_borrowings | Long-term borrowings | Vay dài hạn,3048096123642.0,2026-Q1,vnstock_finance_wide_statement,FIELD_MAPPED,source value explicitly mapped; missing values remain missing; BANK_DEBT_SCHEMA_DIFFERENT
VGC,2025-Q4,quarter,long_term_debt,2872392766465.0,VND,VND,vnstock,vnstock:vci:finance,https://vnstocks.com/,2026-06-06T01:13:05+00:00,low,long_term_borrowings | Long-term borrowings | Vay dài hạn,2872392766465.0,2025-Q4,vnstock_finance_wide_statement,FIELD_MAPPED,source value explicitly mapped; missing values remain missing; BANK_DEBT_SCHEMA_DIFFERENT
VGC,2026-Q1,quarter,equity,12077484024583.0,VND,VND,vnstock,vnstock:vci:finance,https://vnstocks.com/,2026-06-06T01:13:05+00:00,medium,owners_equity | Owner's Equity | Vốn chủ sở hữu,12077484024583.0,2026-Q1,vnstock_finance_wide_statement,FIELD_MAPPED,source value explicitly mapped; missing values remain missing
VGC,2025-Q4,quarter,equity,11570892895453.0,VND,VND,vnstock,vnstock:vci:finance,https://vnstocks.com/,2026-06-06T01:13:05+00:00,medium,owners_equity | Owner's Equity | Vốn chủ sở hữu,11570892895453.0,2025-Q4,vnstock_finance_wide_statement,FIELD_MAPPED,source value explicitly mapped; missing values remain missing
VGC,2026-Q1,quarter,operating_cash_flow,67632572652.0,VND,VND,vnstock,vnstock:vci:finance,https://vnstocks.com/,2026-06-06T01:13:05+00:00,medium,net_cash_inflows_outflows_from_operating_activities | Net cash inflows/(outflows) from operating activities | Lưu chuyển tiền tệ ròng từ các hoạt động sản xuất kinh doanh,67632572652.0,2026-Q1,vnstock_finance_wide_statement,FIELD_MAPPED,source value explicitly mapped; missing values remain missing; BANK_CFO_SCHEMA_EXPLICITLY_MAPPED
VGC,2025-Q4,quarter,operating_cash_flow,1245959667235.0,VND,VND,vnstock,vnstock:vci:finance,https://vnstocks.com/,2026-06-06T01:13:05+00:00,medium,net_cash_inflows_outflows_from_operating_activities | Net cash inflows/(outflows) from operating activities | Lưu chuyển tiền tệ ròng từ các hoạt động sản xuất kinh doanh,1245959667235.0,2025-Q4,vnstock_finance_wide_statement,FIELD_MAPPED,source value explicitly mapped; missing values remain missing; BANK_CFO_SCHEMA_EXPLICITLY_MAPPED
GMD,2026-Q1,quarter,revenue,1452406917275.0,VND,VND,vnstock,vnstock:vci:finance,https://vnstocks.com/,2026-06-06T01:13:33+00:00,medium,sales | Sales | Doanh thu bán hàng và cung cấp dịch vụ,1452406917275.0,2026-Q1,vnstock_finance_wide_statement,FIELD_MAPPED,source value explicitly mapped; missing values remain missing; BANK_REVENUE_SCHEMA_EXPLICITLY_MAPPED
GMD,2025-Q4,quarter,revenue,1624851616060.0,VND,VND,vnstock,vnstock:vci:finance,https://vnstocks.com/,2026-06-06T01:13:33+00:00,medium,sales | Sales | Doanh thu bán hàng và cung cấp dịch vụ,1624851616060.0,2025-Q4,vnstock_finance_wide_statement,FIELD_MAPPED,source value explicitly mapped; missing values remain missing; BANK_REVENUE_SCHEMA_EXPLICITLY_MAPPED
GMD,2026-Q1,quarter,gross_profit,636495561398.0,VND,VND,vnstock,vnstock:vci:finance,https://vnstocks.com/,2026-06-06T01:13:33+00:00,medium,gross_profit | Gross Profit | Lợi nhuận gộp,636495561398.0,2026-Q1,vnstock_finance_wide_statement,FIELD_MAPPED,source value explicitly mapped; missing values remain missing
GMD,2025-Q4,quarter,gross_profit,789617620387.0,VND,VND,vnstock,vnstock:vci:finance,https://vnstocks.com/,2026-06-06T01:13:33+00:00,medium,gross_profit | Gross Profit | Lợi nhuận gộp,789617620387.0,2025-Q4,vnstock_finance_wide_statement,FIELD_MAPPED,source value explicitly mapped; missing values remain missing
GMD,2026-Q1,quarter,operating_profit,716255717110.0,VND,VND,vnstock,vnstock:vci:finance,https://vnstocks.com/,2026-06-06T01:13:33+00:00,medium,operating_profit_loss | Operating profit/(loss) | Lãi/(lỗ) từ hoạt động kinh doanh,716255717110.0,2026-Q1,vnstock_finance_wide_statement,FIELD_MAPPED,source value explicitly mapped; missing values remain missing
GMD,2025-Q4,quarter,operating_profit,916868196491.0,VND,VND,vnstock,vnstock:vci:finance,https://vnstocks.com/,2026-06-06T01:13:33+00:00,medium,operating_profit_loss | Operating profit/(loss) | Lãi/(lỗ) từ hoạt động kinh doanh,916868196491.0,2025-Q4,vnstock_finance_wide_statement,FIELD_MAPPED,source value explicitly mapped; missing values remain missing
GMD,2026-Q1,quarter,net_profit,650228328157.0,VND,VND,vnstock,vnstock:vci:finance,https://vnstocks.com/,2026-06-06T01:13:33+00:00,medium,net_profit_loss_after_tax | Net profit/(loss) after tax | Lãi/(lỗ) thuần sau thuế,650228328157.0,2026-Q1,vnstock_finance_wide_statement,FIELD_MAPPED,source value explicitly mapped; missing values remain missing
GMD,2025-Q4,quarter,net_profit,738310431573.0,VND,VND,vnstock,vnstock:vci:finance,https://vnstocks.com/,2026-06-06T01:13:33+00:00,medium,net_profit_loss_after_tax | Net profit/(loss) after tax | Lãi/(lỗ) thuần sau thuế,738310431573.0,2025-Q4,vnstock_finance_wide_statement,FIELD_MAPPED,source value explicitly mapped; missing values remain missing
GMD,2026-Q1,quarter,cash,1889737882920.0,VND,VND,vnstock,vnstock:vci:finance,https://vnstocks.com/,2026-06-06T01:13:33+00:00,medium,cash_and_cash_equivalents | Cash and cash equivalents | Tiền và tương đương tiền,1889737882920.0,2026-Q1,vnstock_finance_wide_statement,FIELD_MAPPED,source value explicitly mapped; missing values remain missing; BANK_CASH_SCHEMA_EXPLICITLY_MAPPED
GMD,2025-Q4,quarter,cash,1622294838770.0,VND,VND,vnstock,vnstock:vci:finance,https://vnstocks.com/,2026-06-06T01:13:33+00:00,medium,cash_and_cash_equivalents | Cash and cash equivalents | Tiền và tương đương tiền,1622294838770.0,2025-Q4,vnstock_finance_wide_statement,FIELD_MAPPED,source value explicitly mapped; missing values remain missing; BANK_CASH_SCHEMA_EXPLICITLY_MAPPED
GMD,2026-Q1,quarter,inventory,102175670375.0,VND,VND,vnstock,vnstock:vci:finance,https://vnstocks.com/,2026-06-06T01:13:33+00:00,medium,"inventories_net | Inventories, Net | Hàng tồn kho, ròng",102175670375.0,2026-Q1,vnstock_finance_wide_statement,FIELD_MAPPED,source value explicitly mapped; missing values remain missing
GMD,2025-Q4,quarter,inventory,92477952063.0,VND,VND,vnstock,vnstock:vci:finance,https://vnstocks.com/,2026-06-06T01:13:33+00:00,medium,"inventories_net | Inventories, Net | Hàng tồn kho, ròng",92477952063.0,2025-Q4,vnstock_finance_wide_statement,FIELD_MAPPED,source value explicitly mapped; missing values remain missing
GMD,2026-Q1,quarter,total_assets,20181526187664.0,VND,VND,vnstock,vnstock:vci:finance,https://vnstocks.com/,2026-06-06T01:13:33+00:00,medium,total_assets | Total Assets | TỔNG CỘNG TÀI SẢN,20181526187664.0,2026-Q1,vnstock_finance_wide_statement,FIELD_MAPPED,source value explicitly mapped; missing values remain missing
GMD,2025-Q4,quarter,total_assets,19826401375577.0,VND,VND,vnstock,vnstock:vci:finance,https://vnstocks.com/,2026-06-06T01:13:33+00:00,medium,total_assets | Total Assets | TỔNG CỘNG TÀI SẢN,19826401375577.0,2025-Q4,vnstock_finance_wide_statement,FIELD_MAPPED,source value explicitly mapped; missing values remain missing
GMD,2026-Q1,quarter,total_liabilities,4612640039661.0,VND,VND,vnstock,vnstock:vci:finance,https://vnstocks.com/,2026-06-06T01:13:33+00:00,medium,liabilities | Liabilities | NỢ PHẢI TRẢ,4612640039661.0,2026-Q1,vnstock_finance_wide_statement,FIELD_MAPPED,source value explicitly mapped; missing values remain missing
GMD,2025-Q4,quarter,total_liabilities,4908147222414.0,VND,VND,vnstock,vnstock:vci:finance,https://vnstocks.com/,2026-06-06T01:13:33+00:00,medium,liabilities | Liabilities | NỢ PHẢI TRẢ,4908147222414.0,2025-Q4,vnstock_finance_wide_statement,FIELD_MAPPED,source value explicitly mapped; missing values remain missing
GMD,2026-Q1,quarter,short_term_debt,365700723432.0,VND,VND,vnstock,vnstock:vci:finance,https://vnstocks.com/,2026-06-06T01:13:33+00:00,low,short_term_borrowings | Short-term borrowings | Vay ngắn hạn,365700723432.0,2026-Q1,vnstock_finance_wide_statement,FIELD_MAPPED,source value explicitly mapped; missing values remain missing; BANK_DEBT_SCHEMA_DIFFERENT
GMD,2025-Q4,quarter,short_term_debt,307522460143.0,VND,VND,vnstock,vnstock:vci:finance,https://vnstocks.com/,2026-06-06T01:13:33+00:00,low,short_term_borrowings | Short-term borrowings | Vay ngắn hạn,307522460143.0,2025-Q4,vnstock_finance_wide_statement,FIELD_MAPPED,source value explicitly mapped; missing values remain missing; BANK_DEBT_SCHEMA_DIFFERENT
GMD,2026-Q1,quarter,long_term_debt,2036088361210.0,VND,VND,vnstock,vnstock:vci:finance,https://vnstocks.com/,2026-06-06T01:13:33+00:00,low,long_term_borrowings | Long-term borrowings | Vay dài hạn,2036088361210.0,2026-Q1,vnstock_finance_wide_statement,FIELD_MAPPED,source value explicitly mapped; missing values remain missing; BANK_DEBT_SCHEMA_DIFFERENT
GMD,2025-Q4,quarter,long_term_debt,2081640014993.0,VND,VND,vnstock,vnstock:vci:finance,https://vnstocks.com/,2026-06-06T01:13:33+00:00,low,long_term_borrowings | Long-term borrowings | Vay dài hạn,2081640014993.0,2025-Q4,vnstock_finance_wide_statement,FIELD_MAPPED,source value explicitly mapped; missing values remain missing; BANK_DEBT_SCHEMA_DIFFERENT
GMD,2026-Q1,quarter,equity,15568886148003.0,VND,VND,vnstock,vnstock:vci:finance,https://vnstocks.com/,2026-06-06T01:13:33+00:00,medium,owners_equity | Owner's Equity | Vốn chủ sở hữu,15568886148003.0,2026-Q1,vnstock_finance_wide_statement,FIELD_MAPPED,source value explicitly mapped; missing values remain missing
GMD,2025-Q4,quarter,equity,14918254153163.0,VND,VND,vnstock,vnstock:vci:finance,https://vnstocks.com/,2026-06-06T01:13:33+00:00,medium,owners_equity | Owner's Equity | Vốn chủ sở hữu,14918254153163.0,2025-Q4,vnstock_finance_wide_statement,FIELD_MAPPED,source value explicitly mapped; missing values remain missing
GMD,2026-Q1,quarter,operating_cash_flow,392935286773.0,VND,VND,vnstock,vnstock:vci:finance,https://vnstocks.com/,2026-06-06T01:13:33+00:00,medium,net_cash_inflows_outflows_from_operating_activities | Net cash inflows/(outflows) from operating activities | Lưu chuyển tiền tệ ròng từ các hoạt động sản xuất kinh doanh,392935286773.0,2026-Q1,vnstock_finance_wide_statement,FIELD_MAPPED,source value explicitly mapped; missing values remain missing; BANK_CFO_SCHEMA_EXPLICITLY_MAPPED
GMD,2025-Q4,quarter,operating_cash_flow,533381121550.0,VND,VND,vnstock,vnstock:vci:finance,https://vnstocks.com/,2026-06-06T01:13:33+00:00,medium,net_cash_inflows_outflows_from_operating_activities | Net cash inflows/(outflows) from operating activities | Lưu chuyển tiền tệ ròng từ các hoạt động sản xuất kinh doanh,533381121550.0,2025-Q4,vnstock_finance_wide_statement,FIELD_MAPPED,source value explicitly mapped; missing values remain missing; BANK_CFO_SCHEMA_EXPLICITLY_MAPPED
VHC,2026-Q1,quarter,revenue,2962735982895.0,VND,VND,vnstock,vnstock:vci:finance,https://vnstocks.com/,2026-06-06T01:14:01+00:00,medium,sales | Sales | Doanh thu bán hàng và cung cấp dịch vụ,2962735982895.0,2026-Q1,vnstock_finance_wide_statement,FIELD_MAPPED,source value explicitly mapped; missing values remain missing; BANK_REVENUE_SCHEMA_EXPLICITLY_MAPPED
VHC,2025-Q4,quarter,revenue,2726343969285.0,VND,VND,vnstock,vnstock:vci:finance,https://vnstocks.com/,2026-06-06T01:14:01+00:00,medium,sales | Sales | Doanh thu bán hàng và cung cấp dịch vụ,2726343969285.0,2025-Q4,vnstock_finance_wide_statement,FIELD_MAPPED,source value explicitly mapped; missing values remain missing; BANK_REVENUE_SCHEMA_EXPLICITLY_MAPPED
VHC,2026-Q1,quarter,gross_profit,431450489814.0,VND,VND,vnstock,vnstock:vci:finance,https://vnstocks.com/,2026-06-06T01:14:01+00:00,medium,gross_profit | Gross Profit | Lợi nhuận gộp,431450489814.0,2026-Q1,vnstock_finance_wide_statement,FIELD_MAPPED,source value explicitly mapped; missing values remain missing
VHC,2025-Q4,quarter,gross_profit,485824096364.0,VND,VND,vnstock,vnstock:vci:finance,https://vnstocks.com/,2026-06-06T01:14:01+00:00,medium,gross_profit | Gross Profit | Lợi nhuận gộp,485824096364.0,2025-Q4,vnstock_finance_wide_statement,FIELD_MAPPED,source value explicitly mapped; missing values remain missing
VHC,2026-Q1,quarter,operating_profit,337395356524.0,VND,VND,vnstock,vnstock:vci:finance,https://vnstocks.com/,2026-06-06T01:14:01+00:00,medium,operating_profit_loss | Operating profit/(loss) | Lãi/(lỗ) từ hoạt động kinh doanh,337395356524.0,2026-Q1,vnstock_finance_wide_statement,FIELD_MAPPED,source value explicitly mapped; missing values remain missing
VHC,2025-Q4,quarter,operating_profit,352684853708.0,VND,VND,vnstock,vnstock:vci:finance,https://vnstocks.com/,2026-06-06T01:14:01+00:00,medium,operating_profit_loss | Operating profit/(loss) | Lãi/(lỗ) từ hoạt động kinh doanh,352684853708.0,2025-Q4,vnstock_finance_wide_statement,FIELD_MAPPED,source value explicitly mapped; missing values remain missing
VHC,2026-Q1,quarter,net_profit,285960744289.0,VND,VND,vnstock,vnstock:vci:finance,https://vnstocks.com/,2026-06-06T01:14:01+00:00,medium,net_profit_loss_after_tax | Net profit/(loss) after tax | Lãi/(lỗ) thuần sau thuế,285960744289.0,2026-Q1,vnstock_finance_wide_statement,FIELD_MAPPED,source value explicitly mapped; missing values remain missing
VHC,2025-Q4,quarter,net_profit,300669886477.0,VND,VND,vnstock,vnstock:vci:finance,https://vnstocks.com/,2026-06-06T01:14:01+00:00,medium,net_profit_loss_after_tax | Net profit/(loss) after tax | Lãi/(lỗ) thuần sau thuế,300669886477.0,2025-Q4,vnstock_finance_wide_statement,FIELD_MAPPED,source value explicitly mapped; missing values remain missing
VHC,2026-Q1,quarter,cash,2093771897470.0,VND,VND,vnstock,vnstock:vci:finance,https://vnstocks.com/,2026-06-06T01:14:01+00:00,medium,cash_and_cash_equivalents | Cash and cash equivalents | Tiền và tương đương tiền,2093771897470.0,2026-Q1,vnstock_finance_wide_statement,FIELD_MAPPED,source value explicitly mapped; missing values remain missing; BANK_CASH_SCHEMA_EXPLICITLY_MAPPED
VHC,2025-Q4,quarter,cash,2008261260343.0,VND,VND,vnstock,vnstock:vci:finance,https://vnstocks.com/,2026-06-06T01:14:01+00:00,medium,cash_and_cash_equivalents | Cash and cash equivalents | Tiền và tương đương tiền,2008261260343.0,2025-Q4,vnstock_finance_wide_statement,FIELD_MAPPED,source value explicitly mapped; missing values remain missing; BANK_CASH_SCHEMA_EXPLICITLY_MAPPED
VHC,2026-Q1,quarter,inventory,2883391131367.0,VND,VND,vnstock,vnstock:vci:finance,https://vnstocks.com/,2026-06-06T01:14:01+00:00,medium,"inventories_net | Inventories, Net | Hàng tồn kho, ròng",2883391131367.0,2026-Q1,vnstock_finance_wide_statement,FIELD_MAPPED,source value explicitly mapped; missing values remain missing
VHC,2025-Q4,quarter,inventory,2784994459066.0,VND,VND,vnstock,vnstock:vci:finance,https://vnstocks.com/,2026-06-06T01:14:01+00:00,medium,"inventories_net | Inventories, Net | Hàng tồn kho, ròng",2784994459066.0,2025-Q4,vnstock_finance_wide_statement,FIELD_MAPPED,source value explicitly mapped; missing values remain missing
VHC,2026-Q1,quarter,total_assets,13755884214851.0,VND,VND,vnstock,vnstock:vci:finance,https://vnstocks.com/,2026-06-06T01:14:01+00:00,medium,total_assets | Total Assets | TỔNG CỘNG TÀI SẢN,13755884214851.0,2026-Q1,vnstock_finance_wide_statement,FIELD_MAPPED,source value explicitly mapped; missing values remain missing
VHC,2025-Q4,quarter,total_assets,13408288560345.0,VND,VND,vnstock,vnstock:vci:finance,https://vnstocks.com/,2026-06-06T01:14:01+00:00,medium,total_assets | Total Assets | TỔNG CỘNG TÀI SẢN,13408288560345.0,2025-Q4,vnstock_finance_wide_statement,FIELD_MAPPED,source value explicitly mapped; missing values remain missing
VHC,2026-Q1,quarter,total_liabilities,3425056091310.0,VND,VND,vnstock,vnstock:vci:finance,https://vnstocks.com/,2026-06-06T01:14:01+00:00,medium,liabilities | Liabilities | NỢ PHẢI TRẢ,3425056091310.0,2026-Q1,vnstock_finance_wide_statement,FIELD_MAPPED,source value explicitly mapped; missing values remain missing
VHC,2025-Q4,quarter,total_liabilities,3363415011779.0,VND,VND,vnstock,vnstock:vci:finance,https://vnstocks.com/,2026-06-06T01:14:01+00:00,medium,liabilities | Liabilities | NỢ PHẢI TRẢ,3363415011779.0,2025-Q4,vnstock_finance_wide_statement,FIELD_MAPPED,source value explicitly mapped; missing values remain missing
VHC,2026-Q1,quarter,short_term_debt,2300004103471.0,VND,VND,vnstock,vnstock:vci:finance,https://vnstocks.com/,2026-06-06T01:14:01+00:00,low,short_term_borrowings | Short-term borrowings | Vay ngắn hạn,2300004103471.0,2026-Q1,vnstock_finance_wide_statement,FIELD_MAPPED,source value explicitly mapped; missing values remain missing; BANK_DEBT_SCHEMA_DIFFERENT
VHC,2025-Q4,quarter,short_term_debt,2046146063429.0,VND,VND,vnstock,vnstock:vci:finance,https://vnstocks.com/,2026-06-06T01:14:01+00:00,low,short_term_borrowings | Short-term borrowings | Vay ngắn hạn,2046146063429.0,2025-Q4,vnstock_finance_wide_statement,FIELD_MAPPED,source value explicitly mapped; missing values remain missing; BANK_DEBT_SCHEMA_DIFFERENT
VHC,2026-Q1,quarter,long_term_debt,0.0,VND,VND,vnstock,vnstock:vci:finance,https://vnstocks.com/,2026-06-06T01:14:01+00:00,low,long_term_borrowings | Long-term borrowings | Vay dài hạn,0.0,2026-Q1,vnstock_finance_wide_statement,FIELD_MAPPED,source value explicitly mapped; missing values remain missing; BANK_DEBT_SCHEMA_DIFFERENT
VHC,2025-Q4,quarter,long_term_debt,0.0,VND,VND,vnstock,vnstock:vci:finance,https://vnstocks.com/,2026-06-06T01:14:01+00:00,low,long_term_borrowings | Long-term borrowings | Vay dài hạn,0.0,2025-Q4,vnstock_finance_wide_statement,FIELD_MAPPED,source value explicitly mapped; missing values remain missing; BANK_DEBT_SCHEMA_DIFFERENT
VHC,2026-Q1,quarter,equity,10330828123541.0,VND,VND,vnstock,vnstock:vci:finance,https://vnstocks.com/,2026-06-06T01:14:01+00:00,medium,owners_equity | Owner's Equity | Vốn chủ sở hữu,10330828123541.0,2026-Q1,vnstock_finance_wide_statement,FIELD_MAPPED,source value explicitly mapped; missing values remain missing
VHC,2025-Q4,quarter,equity,10044873548566.0,VND,VND,vnstock,vnstock:vci:finance,https://vnstocks.com/,2026-06-06T01:14:01+00:00,medium,owners_equity | Owner's Equity | Vốn chủ sở hữu,10044873548566.0,2025-Q4,vnstock_finance_wide_statement,FIELD_MAPPED,source value explicitly mapped; missing values remain missing
VHC,2026-Q1,quarter,operating_cash_flow,-388990018779.0,VND,VND,vnstock,vnstock:vci:finance,https://vnstocks.com/,2026-06-06T01:14:01+00:00,medium,net_cash_inflows_outflows_from_operating_activities | Net cash inflows/(outflows) from operating activities | Lưu chuyển tiền tệ ròng từ các hoạt động sản xuất kinh doanh,-388990018779.0,2026-Q1,vnstock_finance_wide_statement,FIELD_MAPPED,source value explicitly mapped; missing values remain missing; BANK_CFO_SCHEMA_EXPLICITLY_MAPPED
VHC,2025-Q4,quarter,operating_cash_flow,425282092706.0,VND,VND,vnstock,vnstock:vci:finance,https://vnstocks.com/,2026-06-06T01:14:01+00:00,medium,net_cash_inflows_outflows_from_operating_activities | Net cash inflows/(outflows) from operating activities | Lưu chuyển tiền tệ ròng từ các hoạt động sản xuất kinh doanh,425282092706.0,2025-Q4,vnstock_finance_wide_statement,FIELD_MAPPED,source value explicitly mapped; missing values remain missing; BANK_CFO_SCHEMA_EXPLICITLY_MAPPED
TCM,2026-Q1,quarter,revenue,1010211348944.0,VND,VND,vnstock,vnstock:vci:finance,https://vnstocks.com/,2026-06-06T01:14:29+00:00,medium,sales | Sales | Doanh thu bán hàng và cung cấp dịch vụ,1010211348944.0,2026-Q1,vnstock_finance_wide_statement,FIELD_MAPPED,source value explicitly mapped; missing values remain missing; BANK_REVENUE_SCHEMA_EXPLICITLY_MAPPED
TCM,2025-Q4,quarter,revenue,858973002394.0,VND,VND,vnstock,vnstock:vci:finance,https://vnstocks.com/,2026-06-06T01:14:29+00:00,medium,sales | Sales | Doanh thu bán hàng và cung cấp dịch vụ,858973002394.0,2025-Q4,vnstock_finance_wide_statement,FIELD_MAPPED,source value explicitly mapped; missing values remain missing; BANK_REVENUE_SCHEMA_EXPLICITLY_MAPPED
TCM,2026-Q1,quarter,gross_profit,152568477350.0,VND,VND,vnstock,vnstock:vci:finance,https://vnstocks.com/,2026-06-06T01:14:29+00:00,medium,gross_profit | Gross Profit | Lợi nhuận gộp,152568477350.0,2026-Q1,vnstock_finance_wide_statement,FIELD_MAPPED,source value explicitly mapped; missing values remain missing
TCM,2025-Q4,quarter,gross_profit,136312931313.0,VND,VND,vnstock,vnstock:vci:finance,https://vnstocks.com/,2026-06-06T01:14:29+00:00,medium,gross_profit | Gross Profit | Lợi nhuận gộp,136312931313.0,2025-Q4,vnstock_finance_wide_statement,FIELD_MAPPED,source value explicitly mapped; missing values remain missing
TCM,2026-Q1,quarter,operating_profit,80004803374.0,VND,VND,vnstock,vnstock:vci:finance,https://vnstocks.com/,2026-06-06T01:14:29+00:00,medium,operating_profit_loss | Operating profit/(loss) | Lãi/(lỗ) từ hoạt động kinh doanh,80004803374.0,2026-Q1,vnstock_finance_wide_statement,FIELD_MAPPED,source value explicitly mapped; missing values remain missing
TCM,2025-Q4,quarter,operating_profit,57792933438.0,VND,VND,vnstock,vnstock:vci:finance,https://vnstocks.com/,2026-06-06T01:14:29+00:00,medium,operating_profit_loss | Operating profit/(loss) | Lãi/(lỗ) từ hoạt động kinh doanh,57792933438.0,2025-Q4,vnstock_finance_wide_statement,FIELD_MAPPED,source value explicitly mapped; missing values remain missing
TCM,2026-Q1,quarter,net_profit,65998367320.0,VND,VND,vnstock,vnstock:vci:finance,https://vnstocks.com/,2026-06-06T01:14:29+00:00,medium,net_profit_loss_after_tax | Net profit/(loss) after tax | Lãi/(lỗ) thuần sau thuế,65998367320.0,2026-Q1,vnstock_finance_wide_statement,FIELD_MAPPED,source value explicitly mapped; missing values remain missing
TCM,2025-Q4,quarter,net_profit,46740968977.0,VND,VND,vnstock,vnstock:vci:finance,https://vnstocks.com/,2026-06-06T01:14:29+00:00,medium,net_profit_loss_after_tax | Net profit/(loss) after tax | Lãi/(lỗ) thuần sau thuế,46740968977.0,2025-Q4,vnstock_finance_wide_statement,FIELD_MAPPED,source value explicitly mapped; missing values remain missing
TCM,2026-Q1,quarter,cash,781180775259.0,VND,VND,vnstock,vnstock:vci:finance,https://vnstocks.com/,2026-06-06T01:14:29+00:00,medium,cash_and_cash_equivalents | Cash and cash equivalents | Tiền và tương đương tiền,781180775259.0,2026-Q1,vnstock_finance_wide_statement,FIELD_MAPPED,source value explicitly mapped; missing values remain missing; BANK_CASH_SCHEMA_EXPLICITLY_MAPPED
TCM,2025-Q4,quarter,cash,814328555629.0,VND,VND,vnstock,vnstock:vci:finance,https://vnstocks.com/,2026-06-06T01:14:29+00:00,medium,cash_and_cash_equivalents | Cash and cash equivalents | Tiền và tương đương tiền,814328555629.0,2025-Q4,vnstock_finance_wide_statement,FIELD_MAPPED,source value explicitly mapped; missing values remain missing; BANK_CASH_SCHEMA_EXPLICITLY_MAPPED
TCM,2026-Q1,quarter,inventory,949413053743.0,VND,VND,vnstock,vnstock:vci:finance,https://vnstocks.com/,2026-06-06T01:14:29+00:00,medium,"inventories_net | Inventories, Net | Hàng tồn kho, ròng",949413053743.0,2026-Q1,vnstock_finance_wide_statement,FIELD_MAPPED,source value explicitly mapped; missing values remain missing
TCM,2025-Q4,quarter,inventory,987343611157.0,VND,VND,vnstock,vnstock:vci:finance,https://vnstocks.com/,2026-06-06T01:14:29+00:00,medium,"inventories_net | Inventories, Net | Hàng tồn kho, ròng",987343611157.0,2025-Q4,vnstock_finance_wide_statement,FIELD_MAPPED,source value explicitly mapped; missing values remain missing
TCM,2026-Q1,quarter,total_assets,4235607769989.0,VND,VND,vnstock,vnstock:vci:finance,https://vnstocks.com/,2026-06-06T01:14:29+00:00,medium,total_assets | Total Assets | TỔNG CỘNG TÀI SẢN,4235607769989.0,2026-Q1,vnstock_finance_wide_statement,FIELD_MAPPED,source value explicitly mapped; missing values remain missing
TCM,2025-Q4,quarter,total_assets,4171199741030.0,VND,VND,vnstock,vnstock:vci:finance,https://vnstocks.com/,2026-06-06T01:14:29+00:00,medium,total_assets | Total Assets | TỔNG CỘNG TÀI SẢN,4171199741030.0,2025-Q4,vnstock_finance_wide_statement,FIELD_MAPPED,source value explicitly mapped; missing values remain missing
TCM,2026-Q1,quarter,total_liabilities,1778556781056.0,VND,VND,vnstock,vnstock:vci:finance,https://vnstocks.com/,2026-06-06T01:14:29+00:00,medium,liabilities | Liabilities | NỢ PHẢI TRẢ,1778556781056.0,2026-Q1,vnstock_finance_wide_statement,FIELD_MAPPED,source value explicitly mapped; missing values remain missing
TCM,2025-Q4,quarter,total_liabilities,1724014815517.0,VND,VND,vnstock,vnstock:vci:finance,https://vnstocks.com/,2026-06-06T01:14:29+00:00,medium,liabilities | Liabilities | NỢ PHẢI TRẢ,1724014815517.0,2025-Q4,vnstock_finance_wide_statement,FIELD_MAPPED,source value explicitly mapped; missing values remain missing
TCM,2026-Q1,quarter,short_term_debt,907518097642.0,VND,VND,vnstock,vnstock:vci:finance,https://vnstocks.com/,2026-06-06T01:14:29+00:00,low,short_term_borrowings | Short-term borrowings | Vay ngắn hạn,907518097642.0,2026-Q1,vnstock_finance_wide_statement,FIELD_MAPPED,source value explicitly mapped; missing values remain missing; BANK_DEBT_SCHEMA_DIFFERENT
TCM,2025-Q4,quarter,short_term_debt,743401346105.0,VND,VND,vnstock,vnstock:vci:finance,https://vnstocks.com/,2026-06-06T01:14:29+00:00,low,short_term_borrowings | Short-term borrowings | Vay ngắn hạn,743401346105.0,2025-Q4,vnstock_finance_wide_statement,FIELD_MAPPED,source value explicitly mapped; missing values remain missing; BANK_DEBT_SCHEMA_DIFFERENT
TCM,2026-Q1,quarter,long_term_debt,166357883944.0,VND,VND,vnstock,vnstock:vci:finance,https://vnstocks.com/,2026-06-06T01:14:29+00:00,low,long_term_borrowings | Long-term borrowings | Vay dài hạn,166357883944.0,2026-Q1,vnstock_finance_wide_statement,FIELD_MAPPED,source value explicitly mapped; missing values remain missing; BANK_DEBT_SCHEMA_DIFFERENT
TCM,2025-Q4,quarter,long_term_debt,166357883944.0,VND,VND,vnstock,vnstock:vci:finance,https://vnstocks.com/,2026-06-06T01:14:29+00:00,low,long_term_borrowings | Long-term borrowings | Vay dài hạn,166357883944.0,2025-Q4,vnstock_finance_wide_statement,FIELD_MAPPED,source value explicitly mapped; missing values remain missing; BANK_DEBT_SCHEMA_DIFFERENT
TCM,2026-Q1,quarter,equity,2457050988933.0,VND,VND,vnstock,vnstock:vci:finance,https://vnstocks.com/,2026-06-06T01:14:29+00:00,medium,owners_equity | Owner's Equity | Vốn chủ sở hữu,2457050988933.0,2026-Q1,vnstock_finance_wide_statement,FIELD_MAPPED,source value explicitly mapped; missing values remain missing
TCM,2025-Q4,quarter,equity,2447184925513.0,VND,VND,vnstock,vnstock:vci:finance,https://vnstocks.com/,2026-06-06T01:14:29+00:00,medium,owners_equity | Owner's Equity | Vốn chủ sở hữu,2447184925513.0,2025-Q4,vnstock_finance_wide_statement,FIELD_MAPPED,source value explicitly mapped; missing values remain missing
TCM,2026-Q1,quarter,operating_cash_flow,-70357696603.0,VND,VND,vnstock,vnstock:vci:finance,https://vnstocks.com/,2026-06-06T01:14:29+00:00,medium,net_cash_inflows_outflows_from_operating_activities | Net cash inflows/(outflows) from operating activities | Lưu chuyển tiền tệ ròng từ các hoạt động sản xuất kinh doanh,-70357696603.0,2026-Q1,vnstock_finance_wide_statement,FIELD_MAPPED,source value explicitly mapped; missing values remain missing; BANK_CFO_SCHEMA_EXPLICITLY_MAPPED
TCM,2025-Q4,quarter,operating_cash_flow,329663931569.0,VND,VND,vnstock,vnstock:vci:finance,https://vnstocks.com/,2026-06-06T01:14:29+00:00,medium,net_cash_inflows_outflows_from_operating_activities | Net cash inflows/(outflows) from operating activities | Lưu chuyển tiền tệ ròng từ các hoạt động sản xuất kinh doanh,329663931569.0,2025-Q4,vnstock_finance_wide_statement,FIELD_MAPPED,source value explicitly mapped; missing values remain missing; BANK_CFO_SCHEMA_EXPLICITLY_MAPPED
