ticker,as_of_date,source_event_date,market,source_category,source_name,source_url,source_checked,appears_in_warning_list,appears_in_control_list,appears_in_supervision_list,appears_in_restriction_list,appears_in_suspension_list,appears_in_delisting_warning_list,appears_in_delisting_list,appears_in_late_financial_report_list,appears_in_audit_qualified_list,appears_in_disclosure_violation_list,appears_in_sanction_list,event_type,severity,evidence_status,confidence_raw,raw_list_type,raw_title,raw_text,fetch_time,notes
PTL,2026-06-05,2026-05-05,,hose,hose:warning_list,https://api.hsx.vn/l/api/v1/1/securities/stock-status?pageIndex=1&pageSize=500&statusListId=33,True,True,False,False,False,False,False,False,False,False,False,False,WARNING_LIST,medium,POSITIVE_CONTROL_CONFIRMED,high,WARNING_LIST,Công ty Cổ phần Victory Group,Tổ chức kiểm toán có ý kiến kiểm toán ngoại trừ đối với báo cáo tài chính hợp nhất năm 2025 đã được kiểm toán của tổ chức niêm yết.,2026-06-05T04:41:52+00:00,parsed from official/public status list; no disclosure fact fabricated
VMD,2026-06-05,2026-04-24,,hose,hose:warning_list,https://api.hsx.vn/l/api/v1/1/securities/stock-status?pageIndex=1&pageSize=500&statusListId=33,True,True,False,False,False,False,False,False,False,False,False,False,WARNING_LIST,medium,POSITIVE_CONTROL_CONFIRMED,high,WARNING_LIST,Công ty Cổ phần Y Dược phẩm Vimedimex,Tổ chức niêm yết vi phạm quy định công bố thông tin từ 04 lần trở lên trong vòng 1 năm.,2026-06-05T04:41:52+00:00,parsed from official/public status list; no disclosure fact fabricated
VMD,2026-06-05,2026-04-24,,hose,hose:warning_list,https://api.hsx.vn/l/api/v1/1/securities/stock-status?pageIndex=1&pageSize=500&statusListId=33,True,True,False,False,False,False,False,False,False,False,False,False,WARNING_LIST,medium,POSITIVE_CONTROL_CONFIRMED,high,WARNING_LIST,Công ty Cổ phần Y Dược phẩm Vimedimex,Tổ chức kiểm toán có ý kiến kiểm toán ngoại trừ đối với báo cáo tài chính hợp nhất năm 2025 đã được kiểm toán của tổ chức niêm yết.,2026-06-05T04:41:52+00:00,parsed from official/public status list; no disclosure fact fabricated
PTL,2026-06-05,2026-04-23,,hose,hose:warning_list,https://api.hsx.vn/l/api/v1/1/securities/stock-status?pageIndex=1&pageSize=500&statusListId=33,True,True,False,False,False,False,False,False,False,False,False,False,WARNING_LIST,medium,POSITIVE_CONTROL_CONFIRMED,high,WARNING_LIST,Công ty Cổ phần Victory Group,Tổ chức niêm yết chậm nộp báo cáo tài chính năm 2025 đã được kiểm toán quá 15 ngày so với thời hạn quy định.,2026-06-05T04:41:52+00:00,parsed from official/public status list; no disclosure fact fabricated
ABS,2026-06-05,2026-04-10,,hose,hose:warning_list,https://api.hsx.vn/l/api/v1/1/securities/stock-status?pageIndex=1&pageSize=500&statusListId=33,True,True,False,False,False,False,False,False,False,False,False,False,WARNING_LIST,medium,POSITIVE_CONTROL_CONFIRMED,high,WARNING_LIST,Công ty Cổ phần Dịch vụ Nông nghiệp Bình Thuận,Lợi nhuận sau thuế chưa phân phối trên BCTC kiểm toán năm 2025 là số âm.,2026-06-05T04:41:52+00:00,parsed from official/public status list; no disclosure fact fabricated
APG,2026-06-05,2026-04-09,,hose,hose:warning_list,https://api.hsx.vn/l/api/v1/1/securities/stock-status?pageIndex=1&pageSize=500&statusListId=33,True,True,False,False,False,False,False,False,False,False,False,False,WARNING_LIST,medium,POSITIVE_CONTROL_CONFIRMED,high,WARNING_LIST,Công ty Cổ phần Chứng khoán APG,Tổ chức kiểm toán có ý kiến kiểm toán ngoại trừ đối với báo cáo tài chính năm 2025 đã được kiểm toán của tổ chức niêm yết.,2026-06-05T04:41:52+00:00,parsed from official/public status list; no disclosure fact fabricated
YBM,2026-06-05,2026-04-09,,hose,hose:warning_list,https://api.hsx.vn/l/api/v1/1/securities/stock-status?pageIndex=1&pageSize=500&statusListId=33,True,True,False,False,False,False,False,False,False,False,False,False,WARNING_LIST,medium,POSITIVE_CONTROL_CONFIRMED,high,WARNING_LIST,Công ty Cổ phần YBM,Tổ chức kiểm toán có ý kiến kiểm toán ngoại trừ đối với báo cáo tài chính năm 2025 đã được kiểm toán của tổ chức niêm yết.,2026-06-05T04:41:52+00:00,parsed from official/public status list; no disclosure fact fabricated
DRH,2026-06-05,2024-09-19,,hose,hose:warning_list,https://api.hsx.vn/l/api/v1/1/securities/stock-status?pageIndex=1&pageSize=500&statusListId=33,True,True,False,False,False,False,False,False,False,False,False,False,WARNING_LIST,medium,POSITIVE_CONTROL_CONFIRMED,high,WARNING_LIST,Công ty Cổ phần DRH Holdings,Lợi nhuận sau thuế chưa phân phối đến ngày 31/12/2024 là số âm căn cứ BCTC Hợp nhất kiểm toán năm 2024.,2026-06-05T04:41:52+00:00,parsed from official/public status list; no disclosure fact fabricated
DQC,2026-06-05,2025-04-17,,hose,hose:warning_list,https://api.hsx.vn/l/api/v1/1/securities/stock-status?pageIndex=1&pageSize=500&statusListId=33,True,True,False,False,False,False,False,False,False,False,False,False,WARNING_LIST,medium,POSITIVE_CONTROL_CONFIRMED,high,WARNING_LIST,Công ty Cổ phần Tập đoàn Điện Quang,Lợi nhuận sau thuế chưa phân phối đến ngày 31/12/2025 là số âm căn cứ BCTC Hợp nhất kiểm toán năm 2025.,2026-06-05T04:41:52+00:00,parsed from official/public status list; no disclosure fact fabricated
TDH,2026-06-05,2025-04-09,,hose,hose:warning_list,https://api.hsx.vn/l/api/v1/1/securities/stock-status?pageIndex=1&pageSize=500&statusListId=33,True,True,False,False,False,False,False,False,False,False,False,False,WARNING_LIST,medium,POSITIVE_CONTROL_CONFIRMED,high,WARNING_LIST,Công ty Cổ phần Phát triển Nhà Thủ Đức,"Lợi nhuận sau thuế chưa phân phối đến ngày 31/12/2025 là -947,65 tỷ đồng căn cứ BCTC Hợp nhất kiểm toán năm 2025.",2026-06-05T04:41:52+00:00,parsed from official/public status list; no disclosure fact fabricated
PTL,2026-06-05,2024-08-21,,hose,hose:warning_list,https://api.hsx.vn/l/api/v1/1/securities/stock-status?pageIndex=1&pageSize=500&statusListId=33,True,False,False,False,False,False,False,False,False,True,False,False,AUDIT_QUALIFIED_OPINION,high,POSITIVE_CONTROL_CONFIRMED,high,WARNING_LIST,Công ty Cổ phần Victory Group,"Lợi nhuận sau thuế chưa phân phối trên BCTC hợp nhất năm 2025 là số âm, có ý kiến ngoại trừ của kiểm toán.",2026-06-05T04:41:52+00:00,parsed from official/public status list; no disclosure fact fabricated
BCG,2026-06-05,2025-07-09,,hose,hose:warning_list,https://api.hsx.vn/l/api/v1/1/securities/stock-status?pageIndex=1&pageSize=500&statusListId=33,True,True,False,False,False,False,False,False,False,False,False,False,WARNING_LIST,medium,POSITIVE_CONTROL_CONFIRMED,high,WARNING_LIST,Công ty Cổ phần Tập đoàn Bamboo Capital,Tổ chức niêm yết chưa họp ĐHĐCĐ thường niên quá 6 tháng kể từ ngày kết thúc năm tài chính.,2026-06-05T04:41:52+00:00,parsed from official/public status list; no disclosure fact fabricated
TCD,2026-06-05,2025-07-09,,hose,hose:warning_list,https://api.hsx.vn/l/api/v1/1/securities/stock-status?pageIndex=1&pageSize=500&statusListId=33,True,True,False,False,False,False,False,False,False,False,False,False,WARNING_LIST,medium,POSITIVE_CONTROL_CONFIRMED,high,WARNING_LIST,Công ty Cổ phần Tập đoàn Xây dựng Tracodi,Tổ chức niêm yết chưa họp ĐHĐCĐ thường niên quá 6 tháng kể từ ngày kết thúc năm tài chính.,2026-06-05T04:41:52+00:00,parsed from official/public status list; no disclosure fact fabricated
VNE,2026-06-05,2024-04-11,,hose,hose:warning_list,https://api.hsx.vn/l/api/v1/1/securities/stock-status?pageIndex=1&pageSize=500&statusListId=33,True,True,False,False,False,False,False,False,False,False,False,False,WARNING_LIST,medium,POSITIVE_CONTROL_CONFIRMED,high,WARNING_LIST,Tổng Công ty Cổ phần Xây dựng Điện Việt Nam,Lợi nhuận sau thuế chưa phân phối trên BCTC hợp nhất kiểm toán năm 2024 là số âm.,2026-06-05T04:41:52+00:00,parsed from official/public status list; no disclosure fact fabricated
HAS,2026-06-05,2025-04-11,,hose,hose:warning_list,https://api.hsx.vn/l/api/v1/1/securities/stock-status?pageIndex=1&pageSize=500&statusListId=33,True,True,False,False,False,False,False,False,False,False,False,False,WARNING_LIST,medium,POSITIVE_CONTROL_CONFIRMED,high,WARNING_LIST,Công ty Cổ phần HACISCO,Lợi nhuận sau thuế chưa phân phối đến ngày 31/12/2025 là số âm căn cứ BCTC Hợp nhất kiểm toán năm 2025.,2026-06-05T04:41:52+00:00,parsed from official/public status list; no disclosure fact fabricated
VNE,2026-06-05,2026-04-24,,hose,hose:control_list,https://api.hsx.vn/l/api/v1/1/securities/stock-status?pageIndex=1&pageSize=500&statusListId=34,True,False,True,False,False,False,False,False,False,False,False,False,CONTROL_LIST,high,POSITIVE_CONTROL_CONFIRMED,high,CONTROL_LIST,Tổng Công ty Cổ phần Xây dựng Điện Việt Nam,Tổ chức niêm yết chậm nộp báo cáo tài chính năm 2025 đã được kiểm toán quá 30 ngày so với thời hạn quy định.,2026-06-05T04:41:56+00:00,parsed from official/public status list; no disclosure fact fabricated
SBV,2026-06-05,2026-04-24,,hose,hose:control_list,https://api.hsx.vn/l/api/v1/1/securities/stock-status?pageIndex=1&pageSize=500&statusListId=34,True,False,True,False,False,False,False,False,False,False,False,False,CONTROL_LIST,high,POSITIVE_CONTROL_CONFIRMED,high,CONTROL_LIST,Công ty Cổ phần Siam Brothers Việt Nam,Lợi nhuận sau thuế trên BCTC Hợp nhất kiểm toán trong 02 năm gần nhất (2024 và 2025) của tổ chức niêm yết là số âm.,2026-06-05T04:41:56+00:00,parsed from official/public status list; no disclosure fact fabricated
HAS,2026-06-05,2026-04-13,,hose,hose:control_list,https://api.hsx.vn/l/api/v1/1/securities/stock-status?pageIndex=1&pageSize=500&statusListId=34,True,False,True,False,False,False,False,False,False,False,False,False,CONTROL_LIST,high,POSITIVE_CONTROL_CONFIRMED,high,CONTROL_LIST,Công ty Cổ phần HACISCO,Lợi nhuận sau thuế của cổ đông công ty mẹ trên BCTC Hợp nhất kiểm toán năm 2024 và năm 2025 là số âm.,2026-06-05T04:41:56+00:00,parsed from official/public status list; no disclosure fact fabricated
ABS,2026-06-05,2025-04-10,,hose,hose:control_list,https://api.hsx.vn/l/api/v1/1/securities/stock-status?pageIndex=1&pageSize=500&statusListId=34,True,False,True,False,False,False,False,False,False,False,False,False,CONTROL_LIST,high,POSITIVE_CONTROL_CONFIRMED,high,CONTROL_LIST,Công ty Cổ phần Dịch vụ Nông nghiệp Bình Thuận,Tổ chức kiểm toán có ý kiến kiểm toán ngoại trừ đối với báo cáo tài chính năm đã được kiểm toán trong 2 năm liên tiếp (năm 2024 và năm 2025) của tổ chức niêm yết.,2026-06-05T04:41:56+00:00,parsed from official/public status list; no disclosure fact fabricated
SBV,2026-06-05,2026-04-10,,hose,hose:control_list,https://api.hsx.vn/l/api/v1/1/securities/stock-status?pageIndex=1&pageSize=500&statusListId=34,True,False,True,False,False,False,False,False,False,False,False,False,CONTROL_LIST,high,POSITIVE_CONTROL_CONFIRMED,high,CONTROL_LIST,Công ty Cổ phần Siam Brothers Việt Nam,"Tổ chức niêm yết vi phạm chậm nộp báo cáo tài chính kiểm toán năm (2024, 2025) đã được kiểm toán trong 2 năm liên tiếp",2026-06-05T04:41:56+00:00,parsed from official/public status list; no disclosure fact fabricated
DQC,2026-06-05,2025-04-17,,hose,hose:control_list,https://api.hsx.vn/l/api/v1/1/securities/stock-status?pageIndex=1&pageSize=500&statusListId=34,True,False,True,False,False,False,False,False,False,False,False,False,CONTROL_LIST,high,POSITIVE_CONTROL_CONFIRMED,high,CONTROL_LIST,Công ty Cổ phần Tập đoàn Điện Quang,Tổ chức kiểm toán có ý kiến kiểm toán ngoại trừ đối với báo cáo tài chính năm đã được kiểm toán trong 2 năm liên tiếp (năm 2024 và năm 2025) của tổ chức niêm yết.,2026-06-05T04:41:56+00:00,parsed from official/public status list; no disclosure fact fabricated
DRH,2026-06-05,2025-04-15,,hose,hose:control_list,https://api.hsx.vn/l/api/v1/1/securities/stock-status?pageIndex=1&pageSize=500&statusListId=34,True,False,True,False,False,False,False,False,False,False,False,False,CONTROL_LIST,high,POSITIVE_CONTROL_CONFIRMED,high,CONTROL_LIST,Công ty Cổ phần DRH Holdings,"Lợi nhuận sau thuế của cổ đông công ty mẹ trên BCTC Hợp nhất kiểm toán trong 02 năm gần nhất (2023, 2024) của tổ chức niêm yết là số âm.",2026-06-05T04:41:56+00:00,parsed from official/public status list; no disclosure fact fabricated
DRH,2026-06-05,2025-04-15,,hose,hose:control_list,https://api.hsx.vn/l/api/v1/1/securities/stock-status?pageIndex=1&pageSize=500&statusListId=34,True,False,True,False,False,False,False,False,False,False,False,False,CONTROL_LIST,high,POSITIVE_CONTROL_CONFIRMED,high,CONTROL_LIST,Công ty Cổ phần DRH Holdings,Tổ chức kiểm toán có ý kiến kiểm toán ngoại trừ đối với báo cáo tài chính năm đã được kiểm toán trong 2 năm liên tiếp (năm 2023 và năm 2024) của tổ chức niêm yết.,2026-06-05T04:41:56+00:00,parsed from official/public status list; no disclosure fact fabricated
DQC,2026-06-05,2025-04-17,,hose,hose:control_list,https://api.hsx.vn/l/api/v1/1/securities/stock-status?pageIndex=1&pageSize=500&statusListId=34,True,False,True,False,False,False,False,False,False,False,False,False,CONTROL_LIST,high,POSITIVE_CONTROL_CONFIRMED,high,CONTROL_LIST,Công ty Cổ phần Tập đoàn Điện Quang,Tổ chức kiểm toán có ý kiến ngoại trừ đối với báo cáo tài chính hợp nhất kiểm toán năm 2025.,2026-06-05T04:41:56+00:00,parsed from official/public status list; no disclosure fact fabricated
VNE,2026-06-05,2025-09-08,,hose,hose:control_list,https://api.hsx.vn/l/api/v1/1/securities/stock-status?pageIndex=1&pageSize=500&statusListId=34,True,False,True,False,False,False,False,False,False,False,False,False,CONTROL_LIST,high,POSITIVE_CONTROL_CONFIRMED,high,CONTROL_LIST,Tổng Công ty Cổ phần Xây dựng Điện Việt Nam,Lợi nhuận sau thuế của cổ đông công ty mẹ trên báo cáo tài chính hợp nhất kiểm toán năm 2023 và năm 2024 là số âm.,2026-06-05T04:41:56+00:00,parsed from official/public status list; no disclosure fact fabricated
VNE,2026-06-05,2025-09-08,,hose,hose:control_list,https://api.hsx.vn/l/api/v1/1/securities/stock-status?pageIndex=1&pageSize=500&statusListId=34,True,False,True,False,False,False,False,False,False,False,False,False,CONTROL_LIST,high,POSITIVE_CONTROL_CONFIRMED,high,CONTROL_LIST,Tổng Công ty Cổ phần Xây dựng Điện Việt Nam,Tổ chức kiểm toán có ý kiến kiểm toán ngoại trừ đối với báo cáo tài chính hợp nhất năm đã được kiểm toán trong 2 năm liên tiếp (năm 2023 và năm 2024) của tổ chức niêm yết.,2026-06-05T04:41:56+00:00,parsed from official/public status list; no disclosure fact fabricated
TDH,2026-06-05,2023-04-13,,hose,hose:control_list,https://api.hsx.vn/l/api/v1/1/securities/stock-status?pageIndex=1&pageSize=500&statusListId=34,True,False,True,False,False,False,False,False,False,False,False,False,CONTROL_LIST,high,POSITIVE_CONTROL_CONFIRMED,high,CONTROL_LIST,Công ty Cổ phần Phát triển Nhà Thủ Đức,"Lợi nhuận sau thuế của công ty mẹ trên báo cáo tài chính hợp nhất kiểm toán trong 02 năm gần nhất (2023, 2024) của tổ chức niêm yết là số âm.",2026-06-05T04:41:56+00:00,parsed from official/public status list; no disclosure fact fabricated
VNE,2026-06-05,2025-09-08,,hose,hose:control_list,https://api.hsx.vn/l/api/v1/1/securities/stock-status?pageIndex=1&pageSize=500&statusListId=34,True,False,True,False,False,False,False,False,False,False,False,False,CONTROL_LIST,high,POSITIVE_CONTROL_CONFIRMED,high,CONTROL_LIST,Tổng Công ty Cổ phần Xây dựng Điện Việt Nam,Tổ chức niêm yết vi phạm chậm nộp báo cáo tài chính năm đã được kiểm toán trong 2 năm liên tiếp.,2026-06-05T04:41:56+00:00,parsed from official/public status list; no disclosure fact fabricated
HVN,2026-06-05,2025-12-10,,hose,hose:control_list,https://api.hsx.vn/l/api/v1/1/securities/stock-status?pageIndex=1&pageSize=500&statusListId=34,True,False,True,False,False,False,False,False,False,False,False,False,CONTROL_LIST,high,POSITIVE_CONTROL_CONFIRMED,high,CONTROL_LIST,Tổng Công ty Hàng không Việt Nam - CTCP,"Tổ chức niêm yết có kết quả kinh doanh thua lỗ trong 02 năm liên tục (2020, 2021).",2026-06-05T04:41:56+00:00,parsed from official/public status list; no disclosure fact fabricated
DRH,2026-06-05,2026-04-24,,hose,hose:trading_restriction_list,https://api.hsx.vn/l/api/v1/1/securities/stock-status?pageIndex=1&pageSize=500&statusListId=38,True,False,False,False,True,False,False,False,False,False,False,False,TRADING_RESTRICTION,high,POSITIVE_CONTROL_CONFIRMED,high,TRADING_RESTRICTION_LIST,Công ty Cổ phần DRH Holdings,Tổ chức niêm yết chậm nộp báo cáo tài chính năm 2025 đã được kiểm toán quá 45 ngày so với thời hạn quy định.,2026-06-05T04:42:09+00:00,parsed from official/public status list; no disclosure fact fabricated
DGC,2026-06-05,2026-04-23,,hose,hose:trading_restriction_list,https://api.hsx.vn/l/api/v1/1/securities/stock-status?pageIndex=1&pageSize=500&statusListId=38,True,False,False,False,True,False,False,False,False,False,False,False,TRADING_RESTRICTION,high,POSITIVE_CONTROL_CONFIRMED,high,TRADING_RESTRICTION_LIST,Công ty Cổ phần Tập đoàn Hóa chất Đức Giang,Tổ chức niêm yết chậm nộp báo cáo tài chính năm 2025 đã được kiểm toán quá 45 ngày so với thời hạn quy định.,2026-06-05T04:42:09+00:00,parsed from official/public status list; no disclosure fact fabricated
BCG,2026-06-05,2025-04-23,,hose,hose:trading_restriction_list,https://api.hsx.vn/l/api/v1/1/securities/stock-status?pageIndex=1&pageSize=500&statusListId=38,True,False,False,False,True,False,False,False,False,False,False,False,TRADING_RESTRICTION,high,POSITIVE_CONTROL_CONFIRMED,high,TRADING_RESTRICTION_LIST,Công ty Cổ phần Tập đoàn Bamboo Capital,Tổ chức niêm yết chậm nộp báo cáo tài chính soát xét bán niên năm 2025 quá 45 ngày so với thời hạn quy định.,2026-06-05T04:42:09+00:00,parsed from official/public status list; no disclosure fact fabricated
TCD,2026-06-05,2025-09-22,,hose,hose:trading_restriction_list,https://api.hsx.vn/l/api/v1/1/securities/stock-status?pageIndex=1&pageSize=500&statusListId=38,True,False,False,False,True,False,False,False,False,False,False,False,TRADING_RESTRICTION,high,POSITIVE_CONTROL_CONFIRMED,high,TRADING_RESTRICTION_LIST,Công ty Cổ phần Tập đoàn Xây dựng Tracodi,Tổ chức niêm yết chậm nộp báo cáo tài chính soát xét bán niên năm 2025 quá 45 ngày so với thời hạn quy định.,2026-06-05T04:42:09+00:00,parsed from official/public status list; no disclosure fact fabricated
VMD,2026-06-05,2025-09-23,,hose,hose:trading_restriction_list,https://api.hsx.vn/l/api/v1/1/securities/stock-status?pageIndex=1&pageSize=500&statusListId=38,True,False,False,False,True,False,False,False,False,False,False,False,TRADING_RESTRICTION,high,POSITIVE_CONTROL_CONFIRMED,high,TRADING_RESTRICTION_LIST,Công ty Cổ phần Y Dược phẩm Vimedimex,Tổ chức niêm yết tiếp tục vi phạm quy định về công bố thông tin sau khi đã bị đưa vào diện hạn chế giao dịch.,2026-06-05T04:42:09+00:00,parsed from official/public status list; no disclosure fact fabricated
HVN,2026-06-05,2025-12-10,,hose,hose:trading_restriction_list,https://api.hsx.vn/l/api/v1/1/securities/stock-status?pageIndex=1&pageSize=500&statusListId=38,True,False,False,False,True,False,False,False,False,False,False,False,TRADING_RESTRICTION,high,POSITIVE_CONTROL_CONFIRMED,high,TRADING_RESTRICTION_LIST,Tổng Công ty Hàng không Việt Nam - CTCP,Tổ chức niêm yết chậm nộp BCTC năm 2022 đã được kiểm toán quá 45 ngày so với thời hạn quy định.,2026-06-05T04:42:09+00:00,parsed from official/public status list; no disclosure fact fabricated
BCG,2026-06-05,2026-05-13,,hose,hose:disclosure_violation_list,https://api.hsx.vn/l/api/v1/1/securities/violating?pageIndex=1&pageSize=500&year=2026&regType=1,True,False,False,False,False,False,False,False,False,False,True,False,DISCLOSURE_VIOLATION,medium,POSITIVE_CONTROL_CONFIRMED,high,DISCLOSURE_VIOLATION_LIST,Công ty Cổ phần Tập đoàn Bamboo Capital,Chậm công bố thông tin Báo cáo tài chính quý 1 năm 2026 lần 2.,2026-06-05T04:42:52+00:00,parsed from official/public status list; no disclosure fact fabricated
TCD,2026-06-05,2026-05-13,,hose,hose:disclosure_violation_list,https://api.hsx.vn/l/api/v1/1/securities/violating?pageIndex=1&pageSize=500&year=2026&regType=1,True,False,False,False,False,False,False,False,False,False,True,False,DISCLOSURE_VIOLATION,medium,POSITIVE_CONTROL_CONFIRMED,high,DISCLOSURE_VIOLATION_LIST,Công ty Cổ phần Tập đoàn Xây dựng Tracodi,Chậm công bố thông tin Báo cáo tài chính quý 1 năm 2026 lần 2.,2026-06-05T04:42:52+00:00,parsed from official/public status list; no disclosure fact fabricated
VNE,2026-06-05,2026-05-13,,hose,hose:disclosure_violation_list,https://api.hsx.vn/l/api/v1/1/securities/violating?pageIndex=1&pageSize=500&year=2026&regType=1,True,False,False,False,False,False,False,False,False,False,True,False,DISCLOSURE_VIOLATION,medium,POSITIVE_CONTROL_CONFIRMED,high,DISCLOSURE_VIOLATION_LIST,Tổng Công ty Cổ phần Xây dựng Điện Việt Nam,Chậm công bố thông tin Báo cáo tài chính quý 1 năm 2026 lần 2.,2026-06-05T04:42:52+00:00,parsed from official/public status list; no disclosure fact fabricated
PTL,2026-06-05,2026-05-06,,hose,hose:disclosure_violation_list,https://api.hsx.vn/l/api/v1/1/securities/violating?pageIndex=1&pageSize=500&year=2026&regType=1,True,False,False,False,False,False,False,False,False,False,True,False,DISCLOSURE_VIOLATION,medium,POSITIVE_CONTROL_CONFIRMED,high,DISCLOSURE_VIOLATION_LIST,Công ty Cổ phần Victory Group,Chậm công bố thông tin thay đổi nhân sự.,2026-06-05T04:42:52+00:00,parsed from official/public status list; no disclosure fact fabricated
VMD,2026-06-05,2026-05-06,,hose,hose:disclosure_violation_list,https://api.hsx.vn/l/api/v1/1/securities/violating?pageIndex=1&pageSize=500&year=2026&regType=1,True,False,False,False,False,False,False,False,False,False,True,False,DISCLOSURE_VIOLATION,medium,POSITIVE_CONTROL_CONFIRMED,high,DISCLOSURE_VIOLATION_LIST,Công ty Cổ phần Y Dược phẩm Vimedimex,Chậm công bố thông tin Báo cáo tài chính quý 1 năm 2026.,2026-06-05T04:42:52+00:00,parsed from official/public status list; no disclosure fact fabricated
BCG,2026-06-05,2026-05-05,,hose,hose:disclosure_violation_list,https://api.hsx.vn/l/api/v1/1/securities/violating?pageIndex=1&pageSize=500&year=2026&regType=1,True,False,False,False,False,False,False,False,False,False,True,False,DISCLOSURE_VIOLATION,medium,POSITIVE_CONTROL_CONFIRMED,high,DISCLOSURE_VIOLATION_LIST,Công ty Cổ phần Tập đoàn Bamboo Capital,Chậm công bố thông tin Báo cáo tài chính quý 1 năm 2026.,2026-06-05T04:42:52+00:00,parsed from official/public status list; no disclosure fact fabricated
TCD,2026-06-05,2026-05-05,,hose,hose:disclosure_violation_list,https://api.hsx.vn/l/api/v1/1/securities/violating?pageIndex=1&pageSize=500&year=2026&regType=1,True,False,False,False,False,False,False,False,False,False,True,False,DISCLOSURE_VIOLATION,medium,POSITIVE_CONTROL_CONFIRMED,high,DISCLOSURE_VIOLATION_LIST,Công ty Cổ phần Tập đoàn Xây dựng Tracodi,Chậm công bố thông tin Báo cáo tài chính quý 1 năm 2026.,2026-06-05T04:42:52+00:00,parsed from official/public status list; no disclosure fact fabricated
VNE,2026-06-05,2026-05-05,,hose,hose:disclosure_violation_list,https://api.hsx.vn/l/api/v1/1/securities/violating?pageIndex=1&pageSize=500&year=2026&regType=1,True,False,False,False,False,False,False,False,False,False,True,False,DISCLOSURE_VIOLATION,medium,POSITIVE_CONTROL_CONFIRMED,high,DISCLOSURE_VIOLATION_LIST,Tổng Công ty Cổ phần Xây dựng Điện Việt Nam,Chậm công bố thông tin Báo cáo tài chính quý 1 năm 2026.,2026-06-05T04:42:52+00:00,parsed from official/public status list; no disclosure fact fabricated
BCG,2026-06-05,2026-05-04,,hose,hose:disclosure_violation_list,https://api.hsx.vn/l/api/v1/1/securities/violating?pageIndex=1&pageSize=500&year=2026&regType=1,True,False,False,False,False,False,False,False,False,False,True,False,DISCLOSURE_VIOLATION,medium,POSITIVE_CONTROL_CONFIRMED,high,DISCLOSURE_VIOLATION_LIST,Công ty Cổ phần Tập đoàn Bamboo Capital,Chậm công bố thông tin Báo cáo thường niên năm 2025 lần 2.,2026-06-05T04:42:52+00:00,parsed from official/public status list; no disclosure fact fabricated
DRH,2026-06-05,2026-05-04,,hose,hose:disclosure_violation_list,https://api.hsx.vn/l/api/v1/1/securities/violating?pageIndex=1&pageSize=500&year=2026&regType=1,True,False,False,False,False,False,False,False,False,False,True,False,DISCLOSURE_VIOLATION,medium,POSITIVE_CONTROL_CONFIRMED,high,DISCLOSURE_VIOLATION_LIST,Công ty Cổ phần DRH Holdings,Chậm công bố thông tin Báo cáo thường niên năm 2025 lần 2.,2026-06-05T04:42:52+00:00,parsed from official/public status list; no disclosure fact fabricated
TCD,2026-06-05,2026-05-04,,hose,hose:disclosure_violation_list,https://api.hsx.vn/l/api/v1/1/securities/violating?pageIndex=1&pageSize=500&year=2026&regType=1,True,False,False,False,False,False,False,False,False,False,True,False,DISCLOSURE_VIOLATION,medium,POSITIVE_CONTROL_CONFIRMED,high,DISCLOSURE_VIOLATION_LIST,Công ty Cổ phần Tập đoàn Xây dựng Tracodi,Chậm công bố thông tin Báo cáo thường niên năm 2025 lần 2.,2026-06-05T04:42:52+00:00,parsed from official/public status list; no disclosure fact fabricated
VNE,2026-06-05,2026-05-04,,hose,hose:disclosure_violation_list,https://api.hsx.vn/l/api/v1/1/securities/violating?pageIndex=1&pageSize=500&year=2026&regType=1,True,False,False,False,False,False,False,False,False,False,True,False,DISCLOSURE_VIOLATION,medium,POSITIVE_CONTROL_CONFIRMED,high,DISCLOSURE_VIOLATION_LIST,Tổng Công ty Cổ phần Xây dựng Điện Việt Nam,Chậm công bố thông tin Báo cáo thường niên năm 2025 lần 2.,2026-06-05T04:42:52+00:00,parsed from official/public status list; no disclosure fact fabricated
BCG,2026-06-05,2026-04-22,,hose,hose:disclosure_violation_list,https://api.hsx.vn/l/api/v1/1/securities/violating?pageIndex=1&pageSize=500&year=2026&regType=1,True,False,False,False,False,False,False,False,False,False,True,False,DISCLOSURE_VIOLATION,medium,POSITIVE_CONTROL_CONFIRMED,high,DISCLOSURE_VIOLATION_LIST,Công ty Cổ phần Tập đoàn Bamboo Capital,Chậm công bố thông tin Báo cáo thường niên năm 2025.,2026-06-05T04:42:52+00:00,parsed from official/public status list; no disclosure fact fabricated
DRH,2026-06-05,2026-04-22,,hose,hose:disclosure_violation_list,https://api.hsx.vn/l/api/v1/1/securities/violating?pageIndex=1&pageSize=500&year=2026&regType=1,True,False,False,False,False,False,False,False,False,False,True,False,DISCLOSURE_VIOLATION,medium,POSITIVE_CONTROL_CONFIRMED,high,DISCLOSURE_VIOLATION_LIST,Công ty Cổ phần DRH Holdings,Chậm công bố thông tin Báo cáo thường niên năm 2025.,2026-06-05T04:42:52+00:00,parsed from official/public status list; no disclosure fact fabricated
PTL,2026-06-05,2026-04-22,,hose,hose:disclosure_violation_list,https://api.hsx.vn/l/api/v1/1/securities/violating?pageIndex=1&pageSize=500&year=2026&regType=1,True,False,False,False,False,False,False,False,False,False,True,False,DISCLOSURE_VIOLATION,medium,POSITIVE_CONTROL_CONFIRMED,high,DISCLOSURE_VIOLATION_LIST,Công ty Cổ phần Victory Group,Chậm giải trình BCTC năm 2025.,2026-06-05T04:42:52+00:00,parsed from official/public status list; no disclosure fact fabricated
TCD,2026-06-05,2026-04-22,,hose,hose:disclosure_violation_list,https://api.hsx.vn/l/api/v1/1/securities/violating?pageIndex=1&pageSize=500&year=2026&regType=1,True,False,False,False,False,False,False,False,False,False,True,False,DISCLOSURE_VIOLATION,medium,POSITIVE_CONTROL_CONFIRMED,high,DISCLOSURE_VIOLATION_LIST,Công ty Cổ phần Tập đoàn Xây dựng Tracodi,Chậm công bố thông tin Báo cáo thường niên năm 2025.,2026-06-05T04:42:52+00:00,parsed from official/public status list; no disclosure fact fabricated
VMD,2026-06-05,2026-04-22,,hose,hose:disclosure_violation_list,https://api.hsx.vn/l/api/v1/1/securities/violating?pageIndex=1&pageSize=500&year=2026&regType=1,True,False,False,False,False,False,False,False,False,False,True,False,DISCLOSURE_VIOLATION,medium,POSITIVE_CONTROL_CONFIRMED,high,DISCLOSURE_VIOLATION_LIST,Công ty Cổ phần Y Dược phẩm Vimedimex,Chậm công bố thông tin Báo cáo thường niên năm 2025.,2026-06-05T04:42:52+00:00,parsed from official/public status list; no disclosure fact fabricated
VNE,2026-06-05,2026-04-21,,hose,hose:disclosure_violation_list,https://api.hsx.vn/l/api/v1/1/securities/violating?pageIndex=1&pageSize=500&year=2026&regType=1,True,False,False,False,False,False,False,False,False,False,True,False,DISCLOSURE_VIOLATION,medium,POSITIVE_CONTROL_CONFIRMED,high,DISCLOSURE_VIOLATION_LIST,Tổng Công ty Cổ phần Xây dựng Điện Việt Nam,Chậm công bố thông tin Báo cáo thường niên năm 2025.,2026-06-05T04:42:52+00:00,parsed from official/public status list; no disclosure fact fabricated
ABR,2026-06-05,2026-04-16,,hose,hose:disclosure_violation_list,https://api.hsx.vn/l/api/v1/1/securities/violating?pageIndex=1&pageSize=500&year=2026&regType=1,True,False,False,False,False,False,False,False,False,False,True,False,DISCLOSURE_VIOLATION,medium,POSITIVE_CONTROL_CONFIRMED,high,DISCLOSURE_VIOLATION_LIST,Công ty Cổ phần Đầu tư Nhãn hiệu Việt,Nhắc nhở chậm công bố thông tin.,2026-06-05T04:42:52+00:00,parsed from official/public status list; no disclosure fact fabricated
SBV,2026-06-05,2026-04-16,,hose,hose:disclosure_violation_list,https://api.hsx.vn/l/api/v1/1/securities/violating?pageIndex=1&pageSize=500&year=2026&regType=1,True,False,False,False,False,False,False,False,False,False,True,False,DISCLOSURE_VIOLATION,medium,POSITIVE_CONTROL_CONFIRMED,high,DISCLOSURE_VIOLATION_LIST,Công ty Cổ phần Siam Brothers Việt Nam,Chậm công bố thông tin BCTC riêng kiểm toán năm 2025 so với ngày ký kiểm toán.,2026-06-05T04:42:52+00:00,parsed from official/public status list; no disclosure fact fabricated
VMD,2026-06-05,2026-04-15,,hose,hose:disclosure_violation_list,https://api.hsx.vn/l/api/v1/1/securities/violating?pageIndex=1&pageSize=500&year=2026&regType=1,True,False,False,False,False,False,False,False,False,False,True,False,DISCLOSURE_VIOLATION,medium,POSITIVE_CONTROL_CONFIRMED,high,DISCLOSURE_VIOLATION_LIST,Công ty Cổ phần Y Dược phẩm Vimedimex,Chậm giải trình BCTC kiểm toán năm 2025.,2026-06-05T04:42:52+00:00,parsed from official/public status list; no disclosure fact fabricated
AAT,2026-06-05,2026-04-07,,hose,hose:disclosure_violation_list,https://api.hsx.vn/l/api/v1/1/securities/violating?pageIndex=1&pageSize=500&year=2026&regType=1,True,False,False,False,False,False,False,False,False,False,True,False,DISCLOSURE_VIOLATION,medium,POSITIVE_CONTROL_CONFIRMED,high,DISCLOSURE_VIOLATION_LIST,Công ty Cổ phần Tập đoàn Tiên Sơn Thanh Hóa,Chậm công bố thông tin giải trình BCTC năm 2025.,2026-06-05T04:42:52+00:00,parsed from official/public status list; no disclosure fact fabricated
APG,2026-06-05,2026-04-02,,hose,hose:disclosure_violation_list,https://api.hsx.vn/l/api/v1/1/securities/violating?pageIndex=1&pageSize=500&year=2026&regType=1,True,False,False,False,False,False,False,False,False,True,False,False,AUDIT_QUALIFIED_OPINION,high,POSITIVE_CONTROL_CONFIRMED,high,DISCLOSURE_VIOLATION_LIST,Công ty Cổ phần Chứng khoán APG,Chậm công bố thông tin giải trình ý kiến ngoại trừ đối với Báo cáo tài chính năm 2025.,2026-06-05T04:42:52+00:00,parsed from official/public status list; no disclosure fact fabricated
PTL,2026-06-05,2026-04-02,,hose,hose:disclosure_violation_list,https://api.hsx.vn/l/api/v1/1/securities/violating?pageIndex=1&pageSize=500&year=2026&regType=1,True,False,False,False,False,False,False,False,False,False,True,False,DISCLOSURE_VIOLATION,medium,POSITIVE_CONTROL_CONFIRMED,high,DISCLOSURE_VIOLATION_LIST,Công ty Cổ phần Victory Group,Chậm công bố thông tin BCTC kiểm toán năm 2025.,2026-06-05T04:42:52+00:00,parsed from official/public status list; no disclosure fact fabricated
VMD,2026-06-05,2026-04-02,,hose,hose:disclosure_violation_list,https://api.hsx.vn/l/api/v1/1/securities/violating?pageIndex=1&pageSize=500&year=2026&regType=1,True,False,False,False,False,False,False,False,False,False,True,False,DISCLOSURE_VIOLATION,medium,POSITIVE_CONTROL_CONFIRMED,high,DISCLOSURE_VIOLATION_LIST,Công ty Cổ phần Y Dược phẩm Vimedimex,Chậm công bố thông tin BCTC kiểm toán năm 2025.,2026-06-05T04:42:52+00:00,parsed from official/public status list; no disclosure fact fabricated
VNE,2026-06-05,2026-04-02,,hose,hose:disclosure_violation_list,https://api.hsx.vn/l/api/v1/1/securities/violating?pageIndex=1&pageSize=500&year=2026&regType=1,True,False,False,False,False,False,False,False,False,False,True,False,DISCLOSURE_VIOLATION,medium,POSITIVE_CONTROL_CONFIRMED,high,DISCLOSURE_VIOLATION_LIST,Tổng Công ty Cổ phần Xây dựng Điện Việt Nam,Chậm công bố thông tin BCTC kiểm toán năm 2025.,2026-06-05T04:42:52+00:00,parsed from official/public status list; no disclosure fact fabricated
YBM,2026-06-05,2026-04-02,,hose,hose:disclosure_violation_list,https://api.hsx.vn/l/api/v1/1/securities/violating?pageIndex=1&pageSize=500&year=2026&regType=1,True,False,False,False,False,False,False,False,False,True,False,False,AUDIT_QUALIFIED_OPINION,high,POSITIVE_CONTROL_CONFIRMED,high,DISCLOSURE_VIOLATION_LIST,Công ty Cổ phần YBM,Chậm công bố thông tin giải trình ý kiến ngoại trừ đối với Báo cáo tài chính năm 2025.,2026-06-05T04:42:52+00:00,parsed from official/public status list; no disclosure fact fabricated
ASM,2026-06-05,2026-04-01,,hose,hose:disclosure_violation_list,https://api.hsx.vn/l/api/v1/1/securities/violating?pageIndex=1&pageSize=500&year=2026&regType=1,True,False,False,False,False,False,False,False,False,False,True,False,DISCLOSURE_VIOLATION,medium,POSITIVE_CONTROL_CONFIRMED,high,DISCLOSURE_VIOLATION_LIST,Công ty Cổ phần Tập đoàn Sao Mai,Chậm công bố thông tin giải trình số liệu BCTC năm 2025.,2026-06-05T04:42:52+00:00,parsed from official/public status list; no disclosure fact fabricated
DGC,2026-06-05,2026-04-01,,hose,hose:disclosure_violation_list,https://api.hsx.vn/l/api/v1/1/securities/violating?pageIndex=1&pageSize=500&year=2026&regType=1,True,False,False,False,False,False,False,False,False,False,True,False,DISCLOSURE_VIOLATION,medium,POSITIVE_CONTROL_CONFIRMED,high,DISCLOSURE_VIOLATION_LIST,Công ty Cổ phần Tập đoàn Hóa chất Đức Giang,Chậm công bố thông tin BCTC kiểm toán năm 2025.,2026-06-05T04:42:52+00:00,parsed from official/public status list; no disclosure fact fabricated
DRH,2026-06-05,2026-04-01,,hose,hose:disclosure_violation_list,https://api.hsx.vn/l/api/v1/1/securities/violating?pageIndex=1&pageSize=500&year=2026&regType=1,True,False,False,False,False,False,False,False,False,False,True,False,DISCLOSURE_VIOLATION,medium,POSITIVE_CONTROL_CONFIRMED,high,DISCLOSURE_VIOLATION_LIST,Công ty Cổ phần DRH Holdings,Chậm công bố thông tin BCTC kiểm toán năm 2025.,2026-06-05T04:42:52+00:00,parsed from official/public status list; no disclosure fact fabricated
SBV,2026-06-05,2026-04-01,,hose,hose:disclosure_violation_list,https://api.hsx.vn/l/api/v1/1/securities/violating?pageIndex=1&pageSize=500&year=2026&regType=1,True,False,False,False,False,False,False,False,False,False,True,False,DISCLOSURE_VIOLATION,medium,POSITIVE_CONTROL_CONFIRMED,high,DISCLOSURE_VIOLATION_LIST,Công ty Cổ phần Siam Brothers Việt Nam,Chậm công bố thông tin BCTC kiểm toán năm 2025.,2026-06-05T04:42:52+00:00,parsed from official/public status list; no disclosure fact fabricated
YBM,2026-06-05,2026-03-12,,hose,hose:disclosure_violation_list,https://api.hsx.vn/l/api/v1/1/securities/violating?pageIndex=1&pageSize=500&year=2026&regType=1,True,False,False,False,False,False,False,False,False,False,True,False,DISCLOSURE_VIOLATION,medium,POSITIVE_CONTROL_CONFIRMED,high,DISCLOSURE_VIOLATION_LIST,Công ty Cổ phần YBM,Chậm công bố thông tin báo cáo kết quả chào bán cổ phiếu ra công chúng.,2026-06-05T04:42:52+00:00,parsed from official/public status list; no disclosure fact fabricated
BCG,2026-06-05,2026-02-03,,hose,hose:disclosure_violation_list,https://api.hsx.vn/l/api/v1/1/securities/violating?pageIndex=1&pageSize=500&year=2026&regType=1,True,False,False,False,False,False,False,False,False,False,True,False,DISCLOSURE_VIOLATION,medium,POSITIVE_CONTROL_CONFIRMED,high,DISCLOSURE_VIOLATION_LIST,Công ty Cổ phần Tập đoàn Bamboo Capital,Nhắc nhở chậm nộp BCTC quý 4.2025.,2026-06-05T04:42:52+00:00,parsed from official/public status list; no disclosure fact fabricated
TCD,2026-06-05,2026-02-03,,hose,hose:disclosure_violation_list,https://api.hsx.vn/l/api/v1/1/securities/violating?pageIndex=1&pageSize=500&year=2026&regType=1,True,False,False,False,False,False,False,False,False,False,True,False,DISCLOSURE_VIOLATION,medium,POSITIVE_CONTROL_CONFIRMED,high,DISCLOSURE_VIOLATION_LIST,Công ty Cổ phần Tập đoàn Xây dựng Tracodi,Nhắc nhở chậm nộp BCTC quý 4.2025.,2026-06-05T04:42:52+00:00,parsed from official/public status list; no disclosure fact fabricated
VMD,2026-06-05,2026-02-03,,hose,hose:disclosure_violation_list,https://api.hsx.vn/l/api/v1/1/securities/violating?pageIndex=1&pageSize=500&year=2026&regType=1,True,False,False,False,False,False,False,False,False,False,True,False,DISCLOSURE_VIOLATION,medium,POSITIVE_CONTROL_CONFIRMED,high,DISCLOSURE_VIOLATION_LIST,Công ty Cổ phần Y Dược phẩm Vimedimex,"Nhắc nhở chậm công bố Quyết định thu hồi Giấy chứng nhận đủ điều kiện kinh doanh dược. Nhắc nhở chậm báo cáo, công bố BCTC quý 4/2025, Báo cáo tình hình quản trị công ty năm 2025, Bảng cung cấp thông tin về quản trị công ty năm 2025.",2026-06-05T04:42:52+00:00,parsed from official/public status list; no disclosure fact fabricated
SBV,2026-06-05,2026-01-13,,hose,hose:disclosure_violation_list,https://api.hsx.vn/l/api/v1/1/securities/violating?pageIndex=1&pageSize=500&year=2026&regType=1,True,False,False,False,False,False,False,False,False,False,True,False,DISCLOSURE_VIOLATION,medium,POSITIVE_CONTROL_CONFIRMED,high,DISCLOSURE_VIOLATION_LIST,Công ty Cổ phần Siam Brothers Việt Nam,Chậm công bố thông tin thay đổi số lượng cổ phiếu có quyền biểu quyết.,2026-06-05T04:42:52+00:00,parsed from official/public status list; no disclosure fact fabricated
APG,2026-06-05,2026-04-09,,hose,hose:ssc_sanction_list,https://api.hsx.vn/l/api/v1/1/securities/violating?pageIndex=1&pageSize=500&year=2026&regType=2,True,False,False,False,False,False,False,False,False,False,False,True,SSC_SANCTION,high,POSITIVE_CONTROL_CONFIRMED,high,SSC_SANCTION_LIST,Công ty Cổ phần Chứng khoán APG,Quyết định số 185/QĐ-XPHC ngày 09/04/2026 của Ủy ban Chứng khoán Nhà nước về việc xử phạt vi phạm hành chính.,2026-06-05T04:42:57+00:00,parsed from official/public status list; no disclosure fact fabricated
TCX,2026-06-05,2026-02-13,,hose,hose:ssc_sanction_list,https://api.hsx.vn/l/api/v1/1/securities/violating?pageIndex=1&pageSize=500&year=2026&regType=2,True,False,False,False,False,False,False,False,False,False,False,True,SSC_SANCTION,high,POSITIVE_CONTROL_CONFIRMED,high,SSC_SANCTION_LIST,Công ty Cổ phần Chứng khoán Kỹ Thương,Quyết định số 135/QĐ-XPHC ngày 13/02/2026 của Ủy ban Chứng khoán Nhà nước về việc xử phạt vi phạm hành chính.,2026-06-05T04:42:57+00:00,parsed from official/public status list; no disclosure fact fabricated
DSC,2026-06-05,2026-02-04,,hose,hose:ssc_sanction_list,https://api.hsx.vn/l/api/v1/1/securities/violating?pageIndex=1&pageSize=500&year=2026&regType=2,True,False,False,False,False,False,False,False,False,False,False,True,SSC_SANCTION,high,POSITIVE_CONTROL_CONFIRMED,high,SSC_SANCTION_LIST,Công ty Cổ phần Chứng khoán DSC,Quyết định số 90/QĐ-XPHC ngày 04/02/2026 của Ủy ban Chứng khoán Nhà nước về việc xử phạt vi phạm hành chính.,2026-06-05T04:42:57+00:00,parsed from official/public status list; no disclosure fact fabricated
VCB,2026-06-05,2026-06-05,HOSE,hose,hose:warning_list,https://api.hsx.vn/l/api/v1/1/securities/stock-status?pageIndex=1&pageSize=500&statusListId=33,True,False,False,False,False,False,False,False,False,False,False,False,NO_MATERIAL_DISCLOSURE_FOUND_SOURCE_CHECKED,unknown,SOURCE_CHECKED_NOT_FOUND,medium,WARNING_LIST,Not found in parsed WARNING_LIST,,2026-06-05T04:41:52+00:00,Absence from parsed list is not a guarantee of clean disclosure; it only means this ticker was not found in this parsed source/list.
BID,2026-06-05,2026-06-05,HOSE,hose,hose:warning_list,https://api.hsx.vn/l/api/v1/1/securities/stock-status?pageIndex=1&pageSize=500&statusListId=33,True,False,False,False,False,False,False,False,False,False,False,False,NO_MATERIAL_DISCLOSURE_FOUND_SOURCE_CHECKED,unknown,SOURCE_CHECKED_NOT_FOUND,medium,WARNING_LIST,Not found in parsed WARNING_LIST,,2026-06-05T04:41:52+00:00,Absence from parsed list is not a guarantee of clean disclosure; it only means this ticker was not found in this parsed source/list.
CTG,2026-06-05,2026-06-05,HOSE,hose,hose:warning_list,https://api.hsx.vn/l/api/v1/1/securities/stock-status?pageIndex=1&pageSize=500&statusListId=33,True,False,False,False,False,False,False,False,False,False,False,False,NO_MATERIAL_DISCLOSURE_FOUND_SOURCE_CHECKED,unknown,SOURCE_CHECKED_NOT_FOUND,medium,WARNING_LIST,Not found in parsed WARNING_LIST,,2026-06-05T04:41:52+00:00,Absence from parsed list is not a guarantee of clean disclosure; it only means this ticker was not found in this parsed source/list.
MBB,2026-06-05,2026-06-05,HOSE,hose,hose:warning_list,https://api.hsx.vn/l/api/v1/1/securities/stock-status?pageIndex=1&pageSize=500&statusListId=33,True,False,False,False,False,False,False,False,False,False,False,False,NO_MATERIAL_DISCLOSURE_FOUND_SOURCE_CHECKED,unknown,SOURCE_CHECKED_NOT_FOUND,medium,WARNING_LIST,Not found in parsed WARNING_LIST,,2026-06-05T04:41:52+00:00,Absence from parsed list is not a guarantee of clean disclosure; it only means this ticker was not found in this parsed source/list.
ACB,2026-06-05,2026-06-05,HOSE,hose,hose:warning_list,https://api.hsx.vn/l/api/v1/1/securities/stock-status?pageIndex=1&pageSize=500&statusListId=33,True,False,False,False,False,False,False,False,False,False,False,False,NO_MATERIAL_DISCLOSURE_FOUND_SOURCE_CHECKED,unknown,SOURCE_CHECKED_NOT_FOUND,medium,WARNING_LIST,Not found in parsed WARNING_LIST,,2026-06-05T04:41:52+00:00,Absence from parsed list is not a guarantee of clean disclosure; it only means this ticker was not found in this parsed source/list.
HPG,2026-06-05,2026-06-05,HOSE,hose,hose:warning_list,https://api.hsx.vn/l/api/v1/1/securities/stock-status?pageIndex=1&pageSize=500&statusListId=33,True,False,False,False,False,False,False,False,False,False,False,False,NO_MATERIAL_DISCLOSURE_FOUND_SOURCE_CHECKED,unknown,SOURCE_CHECKED_NOT_FOUND,medium,WARNING_LIST,Not found in parsed WARNING_LIST,,2026-06-05T04:41:52+00:00,Absence from parsed list is not a guarantee of clean disclosure; it only means this ticker was not found in this parsed source/list.
HSG,2026-06-05,2026-06-05,HOSE,hose,hose:warning_list,https://api.hsx.vn/l/api/v1/1/securities/stock-status?pageIndex=1&pageSize=500&statusListId=33,True,False,False,False,False,False,False,False,False,False,False,False,NO_MATERIAL_DISCLOSURE_FOUND_SOURCE_CHECKED,unknown,SOURCE_CHECKED_NOT_FOUND,medium,WARNING_LIST,Not found in parsed WARNING_LIST,,2026-06-05T04:41:52+00:00,Absence from parsed list is not a guarantee of clean disclosure; it only means this ticker was not found in this parsed source/list.
VHM,2026-06-05,2026-06-05,HOSE,hose,hose:warning_list,https://api.hsx.vn/l/api/v1/1/securities/stock-status?pageIndex=1&pageSize=500&statusListId=33,True,False,False,False,False,False,False,False,False,False,False,False,NO_MATERIAL_DISCLOSURE_FOUND_SOURCE_CHECKED,unknown,SOURCE_CHECKED_NOT_FOUND,medium,WARNING_LIST,Not found in parsed WARNING_LIST,,2026-06-05T04:41:52+00:00,Absence from parsed list is not a guarantee of clean disclosure; it only means this ticker was not found in this parsed source/list.
KDH,2026-06-05,2026-06-05,HOSE,hose,hose:warning_list,https://api.hsx.vn/l/api/v1/1/securities/stock-status?pageIndex=1&pageSize=500&statusListId=33,True,False,False,False,False,False,False,False,False,False,False,False,NO_MATERIAL_DISCLOSURE_FOUND_SOURCE_CHECKED,unknown,SOURCE_CHECKED_NOT_FOUND,medium,WARNING_LIST,Not found in parsed WARNING_LIST,,2026-06-05T04:41:52+00:00,Absence from parsed list is not a guarantee of clean disclosure; it only means this ticker was not found in this parsed source/list.
NLG,2026-06-05,2026-06-05,HOSE,hose,hose:warning_list,https://api.hsx.vn/l/api/v1/1/securities/stock-status?pageIndex=1&pageSize=500&statusListId=33,True,False,False,False,False,False,False,False,False,False,False,False,NO_MATERIAL_DISCLOSURE_FOUND_SOURCE_CHECKED,unknown,SOURCE_CHECKED_NOT_FOUND,medium,WARNING_LIST,Not found in parsed WARNING_LIST,,2026-06-05T04:41:52+00:00,Absence from parsed list is not a guarantee of clean disclosure; it only means this ticker was not found in this parsed source/list.
SSI,2026-06-05,2026-06-05,HOSE,hose,hose:warning_list,https://api.hsx.vn/l/api/v1/1/securities/stock-status?pageIndex=1&pageSize=500&statusListId=33,True,False,False,False,False,False,False,False,False,False,False,False,NO_MATERIAL_DISCLOSURE_FOUND_SOURCE_CHECKED,unknown,SOURCE_CHECKED_NOT_FOUND,medium,WARNING_LIST,Not found in parsed WARNING_LIST,,2026-06-05T04:41:52+00:00,Absence from parsed list is not a guarantee of clean disclosure; it only means this ticker was not found in this parsed source/list.
VND,2026-06-05,2026-06-05,HOSE,hose,hose:warning_list,https://api.hsx.vn/l/api/v1/1/securities/stock-status?pageIndex=1&pageSize=500&statusListId=33,True,False,False,False,False,False,False,False,False,False,False,False,NO_MATERIAL_DISCLOSURE_FOUND_SOURCE_CHECKED,unknown,SOURCE_CHECKED_NOT_FOUND,medium,WARNING_LIST,Not found in parsed WARNING_LIST,,2026-06-05T04:41:52+00:00,Absence from parsed list is not a guarantee of clean disclosure; it only means this ticker was not found in this parsed source/list.
GAS,2026-06-05,2026-06-05,HOSE,hose,hose:warning_list,https://api.hsx.vn/l/api/v1/1/securities/stock-status?pageIndex=1&pageSize=500&statusListId=33,True,False,False,False,False,False,False,False,False,False,False,False,NO_MATERIAL_DISCLOSURE_FOUND_SOURCE_CHECKED,unknown,SOURCE_CHECKED_NOT_FOUND,medium,WARNING_LIST,Not found in parsed WARNING_LIST,,2026-06-05T04:41:52+00:00,Absence from parsed list is not a guarantee of clean disclosure; it only means this ticker was not found in this parsed source/list.
PVS,2026-06-05,2026-06-05,HOSE,hose,hose:warning_list,https://api.hsx.vn/l/api/v1/1/securities/stock-status?pageIndex=1&pageSize=500&statusListId=33,True,False,False,False,False,False,False,False,False,False,False,False,NO_MATERIAL_DISCLOSURE_FOUND_SOURCE_CHECKED,unknown,SOURCE_CHECKED_NOT_FOUND,medium,WARNING_LIST,Not found in parsed WARNING_LIST,,2026-06-05T04:41:52+00:00,Absence from parsed list is not a guarantee of clean disclosure; it only means this ticker was not found in this parsed source/list.
FPT,2026-06-05,2026-06-05,HOSE,hose,hose:warning_list,https://api.hsx.vn/l/api/v1/1/securities/stock-status?pageIndex=1&pageSize=500&statusListId=33,True,False,False,False,False,False,False,False,False,False,False,False,NO_MATERIAL_DISCLOSURE_FOUND_SOURCE_CHECKED,unknown,SOURCE_CHECKED_NOT_FOUND,medium,WARNING_LIST,Not found in parsed WARNING_LIST,,2026-06-05T04:41:52+00:00,Absence from parsed list is not a guarantee of clean disclosure; it only means this ticker was not found in this parsed source/list.
MWG,2026-06-05,2026-06-05,HOSE,hose,hose:warning_list,https://api.hsx.vn/l/api/v1/1/securities/stock-status?pageIndex=1&pageSize=500&statusListId=33,True,False,False,False,False,False,False,False,False,False,False,False,NO_MATERIAL_DISCLOSURE_FOUND_SOURCE_CHECKED,unknown,SOURCE_CHECKED_NOT_FOUND,medium,WARNING_LIST,Not found in parsed WARNING_LIST,,2026-06-05T04:41:52+00:00,Absence from parsed list is not a guarantee of clean disclosure; it only means this ticker was not found in this parsed source/list.
VGC,2026-06-05,2026-06-05,HOSE,hose,hose:warning_list,https://api.hsx.vn/l/api/v1/1/securities/stock-status?pageIndex=1&pageSize=500&statusListId=33,True,False,False,False,False,False,False,False,False,False,False,False,NO_MATERIAL_DISCLOSURE_FOUND_SOURCE_CHECKED,unknown,SOURCE_CHECKED_NOT_FOUND,medium,WARNING_LIST,Not found in parsed WARNING_LIST,,2026-06-05T04:41:52+00:00,Absence from parsed list is not a guarantee of clean disclosure; it only means this ticker was not found in this parsed source/list.
GMD,2026-06-05,2026-06-05,HOSE,hose,hose:warning_list,https://api.hsx.vn/l/api/v1/1/securities/stock-status?pageIndex=1&pageSize=500&statusListId=33,True,False,False,False,False,False,False,False,False,False,False,False,NO_MATERIAL_DISCLOSURE_FOUND_SOURCE_CHECKED,unknown,SOURCE_CHECKED_NOT_FOUND,medium,WARNING_LIST,Not found in parsed WARNING_LIST,,2026-06-05T04:41:52+00:00,Absence from parsed list is not a guarantee of clean disclosure; it only means this ticker was not found in this parsed source/list.
VHC,2026-06-05,2026-06-05,HOSE,hose,hose:warning_list,https://api.hsx.vn/l/api/v1/1/securities/stock-status?pageIndex=1&pageSize=500&statusListId=33,True,False,False,False,False,False,False,False,False,False,False,False,NO_MATERIAL_DISCLOSURE_FOUND_SOURCE_CHECKED,unknown,SOURCE_CHECKED_NOT_FOUND,medium,WARNING_LIST,Not found in parsed WARNING_LIST,,2026-06-05T04:41:52+00:00,Absence from parsed list is not a guarantee of clean disclosure; it only means this ticker was not found in this parsed source/list.
TCM,2026-06-05,2026-06-05,HOSE,hose,hose:warning_list,https://api.hsx.vn/l/api/v1/1/securities/stock-status?pageIndex=1&pageSize=500&statusListId=33,True,False,False,False,False,False,False,False,False,False,False,False,NO_MATERIAL_DISCLOSURE_FOUND_SOURCE_CHECKED,unknown,SOURCE_CHECKED_NOT_FOUND,medium,WARNING_LIST,Not found in parsed WARNING_LIST,,2026-06-05T04:41:52+00:00,Absence from parsed list is not a guarantee of clean disclosure; it only means this ticker was not found in this parsed source/list.
VCB,2026-06-05,2026-06-05,HOSE,hose,hose:control_list,https://api.hsx.vn/l/api/v1/1/securities/stock-status?pageIndex=1&pageSize=500&statusListId=34,True,False,False,False,False,False,False,False,False,False,False,False,NO_MATERIAL_DISCLOSURE_FOUND_SOURCE_CHECKED,unknown,SOURCE_CHECKED_NOT_FOUND,medium,CONTROL_LIST,Not found in parsed CONTROL_LIST,,2026-06-05T04:41:56+00:00,Absence from parsed list is not a guarantee of clean disclosure; it only means this ticker was not found in this parsed source/list.
BID,2026-06-05,2026-06-05,HOSE,hose,hose:control_list,https://api.hsx.vn/l/api/v1/1/securities/stock-status?pageIndex=1&pageSize=500&statusListId=34,True,False,False,False,False,False,False,False,False,False,False,False,NO_MATERIAL_DISCLOSURE_FOUND_SOURCE_CHECKED,unknown,SOURCE_CHECKED_NOT_FOUND,medium,CONTROL_LIST,Not found in parsed CONTROL_LIST,,2026-06-05T04:41:56+00:00,Absence from parsed list is not a guarantee of clean disclosure; it only means this ticker was not found in this parsed source/list.
CTG,2026-06-05,2026-06-05,HOSE,hose,hose:control_list,https://api.hsx.vn/l/api/v1/1/securities/stock-status?pageIndex=1&pageSize=500&statusListId=34,True,False,False,False,False,False,False,False,False,False,False,False,NO_MATERIAL_DISCLOSURE_FOUND_SOURCE_CHECKED,unknown,SOURCE_CHECKED_NOT_FOUND,medium,CONTROL_LIST,Not found in parsed CONTROL_LIST,,2026-06-05T04:41:56+00:00,Absence from parsed list is not a guarantee of clean disclosure; it only means this ticker was not found in this parsed source/list.
MBB,2026-06-05,2026-06-05,HOSE,hose,hose:control_list,https://api.hsx.vn/l/api/v1/1/securities/stock-status?pageIndex=1&pageSize=500&statusListId=34,True,False,False,False,False,False,False,False,False,False,False,False,NO_MATERIAL_DISCLOSURE_FOUND_SOURCE_CHECKED,unknown,SOURCE_CHECKED_NOT_FOUND,medium,CONTROL_LIST,Not found in parsed CONTROL_LIST,,2026-06-05T04:41:56+00:00,Absence from parsed list is not a guarantee of clean disclosure; it only means this ticker was not found in this parsed source/list.
ACB,2026-06-05,2026-06-05,HOSE,hose,hose:control_list,https://api.hsx.vn/l/api/v1/1/securities/stock-status?pageIndex=1&pageSize=500&statusListId=34,True,False,False,False,False,False,False,False,False,False,False,False,NO_MATERIAL_DISCLOSURE_FOUND_SOURCE_CHECKED,unknown,SOURCE_CHECKED_NOT_FOUND,medium,CONTROL_LIST,Not found in parsed CONTROL_LIST,,2026-06-05T04:41:56+00:00,Absence from parsed list is not a guarantee of clean disclosure; it only means this ticker was not found in this parsed source/list.
HPG,2026-06-05,2026-06-05,HOSE,hose,hose:control_list,https://api.hsx.vn/l/api/v1/1/securities/stock-status?pageIndex=1&pageSize=500&statusListId=34,True,False,False,False,False,False,False,False,False,False,False,False,NO_MATERIAL_DISCLOSURE_FOUND_SOURCE_CHECKED,unknown,SOURCE_CHECKED_NOT_FOUND,medium,CONTROL_LIST,Not found in parsed CONTROL_LIST,,2026-06-05T04:41:56+00:00,Absence from parsed list is not a guarantee of clean disclosure; it only means this ticker was not found in this parsed source/list.
HSG,2026-06-05,2026-06-05,HOSE,hose,hose:control_list,https://api.hsx.vn/l/api/v1/1/securities/stock-status?pageIndex=1&pageSize=500&statusListId=34,True,False,False,False,False,False,False,False,False,False,False,False,NO_MATERIAL_DISCLOSURE_FOUND_SOURCE_CHECKED,unknown,SOURCE_CHECKED_NOT_FOUND,medium,CONTROL_LIST,Not found in parsed CONTROL_LIST,,2026-06-05T04:41:56+00:00,Absence from parsed list is not a guarantee of clean disclosure; it only means this ticker was not found in this parsed source/list.
VHM,2026-06-05,2026-06-05,HOSE,hose,hose:control_list,https://api.hsx.vn/l/api/v1/1/securities/stock-status?pageIndex=1&pageSize=500&statusListId=34,True,False,False,False,False,False,False,False,False,False,False,False,NO_MATERIAL_DISCLOSURE_FOUND_SOURCE_CHECKED,unknown,SOURCE_CHECKED_NOT_FOUND,medium,CONTROL_LIST,Not found in parsed CONTROL_LIST,,2026-06-05T04:41:56+00:00,Absence from parsed list is not a guarantee of clean disclosure; it only means this ticker was not found in this parsed source/list.
KDH,2026-06-05,2026-06-05,HOSE,hose,hose:control_list,https://api.hsx.vn/l/api/v1/1/securities/stock-status?pageIndex=1&pageSize=500&statusListId=34,True,False,False,False,False,False,False,False,False,False,False,False,NO_MATERIAL_DISCLOSURE_FOUND_SOURCE_CHECKED,unknown,SOURCE_CHECKED_NOT_FOUND,medium,CONTROL_LIST,Not found in parsed CONTROL_LIST,,2026-06-05T04:41:56+00:00,Absence from parsed list is not a guarantee of clean disclosure; it only means this ticker was not found in this parsed source/list.
NLG,2026-06-05,2026-06-05,HOSE,hose,hose:control_list,https://api.hsx.vn/l/api/v1/1/securities/stock-status?pageIndex=1&pageSize=500&statusListId=34,True,False,False,False,False,False,False,False,False,False,False,False,NO_MATERIAL_DISCLOSURE_FOUND_SOURCE_CHECKED,unknown,SOURCE_CHECKED_NOT_FOUND,medium,CONTROL_LIST,Not found in parsed CONTROL_LIST,,2026-06-05T04:41:56+00:00,Absence from parsed list is not a guarantee of clean disclosure; it only means this ticker was not found in this parsed source/list.
SSI,2026-06-05,2026-06-05,HOSE,hose,hose:control_list,https://api.hsx.vn/l/api/v1/1/securities/stock-status?pageIndex=1&pageSize=500&statusListId=34,True,False,False,False,False,False,False,False,False,False,False,False,NO_MATERIAL_DISCLOSURE_FOUND_SOURCE_CHECKED,unknown,SOURCE_CHECKED_NOT_FOUND,medium,CONTROL_LIST,Not found in parsed CONTROL_LIST,,2026-06-05T04:41:56+00:00,Absence from parsed list is not a guarantee of clean disclosure; it only means this ticker was not found in this parsed source/list.
VND,2026-06-05,2026-06-05,HOSE,hose,hose:control_list,https://api.hsx.vn/l/api/v1/1/securities/stock-status?pageIndex=1&pageSize=500&statusListId=34,True,False,False,False,False,False,False,False,False,False,False,False,NO_MATERIAL_DISCLOSURE_FOUND_SOURCE_CHECKED,unknown,SOURCE_CHECKED_NOT_FOUND,medium,CONTROL_LIST,Not found in parsed CONTROL_LIST,,2026-06-05T04:41:56+00:00,Absence from parsed list is not a guarantee of clean disclosure; it only means this ticker was not found in this parsed source/list.
GAS,2026-06-05,2026-06-05,HOSE,hose,hose:control_list,https://api.hsx.vn/l/api/v1/1/securities/stock-status?pageIndex=1&pageSize=500&statusListId=34,True,False,False,False,False,False,False,False,False,False,False,False,NO_MATERIAL_DISCLOSURE_FOUND_SOURCE_CHECKED,unknown,SOURCE_CHECKED_NOT_FOUND,medium,CONTROL_LIST,Not found in parsed CONTROL_LIST,,2026-06-05T04:41:56+00:00,Absence from parsed list is not a guarantee of clean disclosure; it only means this ticker was not found in this parsed source/list.
PVS,2026-06-05,2026-06-05,HOSE,hose,hose:control_list,https://api.hsx.vn/l/api/v1/1/securities/stock-status?pageIndex=1&pageSize=500&statusListId=34,True,False,False,False,False,False,False,False,False,False,False,False,NO_MATERIAL_DISCLOSURE_FOUND_SOURCE_CHECKED,unknown,SOURCE_CHECKED_NOT_FOUND,medium,CONTROL_LIST,Not found in parsed CONTROL_LIST,,2026-06-05T04:41:56+00:00,Absence from parsed list is not a guarantee of clean disclosure; it only means this ticker was not found in this parsed source/list.
FPT,2026-06-05,2026-06-05,HOSE,hose,hose:control_list,https://api.hsx.vn/l/api/v1/1/securities/stock-status?pageIndex=1&pageSize=500&statusListId=34,True,False,False,False,False,False,False,False,False,False,False,False,NO_MATERIAL_DISCLOSURE_FOUND_SOURCE_CHECKED,unknown,SOURCE_CHECKED_NOT_FOUND,medium,CONTROL_LIST,Not found in parsed CONTROL_LIST,,2026-06-05T04:41:56+00:00,Absence from parsed list is not a guarantee of clean disclosure; it only means this ticker was not found in this parsed source/list.
MWG,2026-06-05,2026-06-05,HOSE,hose,hose:control_list,https://api.hsx.vn/l/api/v1/1/securities/stock-status?pageIndex=1&pageSize=500&statusListId=34,True,False,False,False,False,False,False,False,False,False,False,False,NO_MATERIAL_DISCLOSURE_FOUND_SOURCE_CHECKED,unknown,SOURCE_CHECKED_NOT_FOUND,medium,CONTROL_LIST,Not found in parsed CONTROL_LIST,,2026-06-05T04:41:56+00:00,Absence from parsed list is not a guarantee of clean disclosure; it only means this ticker was not found in this parsed source/list.
VGC,2026-06-05,2026-06-05,HOSE,hose,hose:control_list,https://api.hsx.vn/l/api/v1/1/securities/stock-status?pageIndex=1&pageSize=500&statusListId=34,True,False,False,False,False,False,False,False,False,False,False,False,NO_MATERIAL_DISCLOSURE_FOUND_SOURCE_CHECKED,unknown,SOURCE_CHECKED_NOT_FOUND,medium,CONTROL_LIST,Not found in parsed CONTROL_LIST,,2026-06-05T04:41:56+00:00,Absence from parsed list is not a guarantee of clean disclosure; it only means this ticker was not found in this parsed source/list.
GMD,2026-06-05,2026-06-05,HOSE,hose,hose:control_list,https://api.hsx.vn/l/api/v1/1/securities/stock-status?pageIndex=1&pageSize=500&statusListId=34,True,False,False,False,False,False,False,False,False,False,False,False,NO_MATERIAL_DISCLOSURE_FOUND_SOURCE_CHECKED,unknown,SOURCE_CHECKED_NOT_FOUND,medium,CONTROL_LIST,Not found in parsed CONTROL_LIST,,2026-06-05T04:41:56+00:00,Absence from parsed list is not a guarantee of clean disclosure; it only means this ticker was not found in this parsed source/list.
VHC,2026-06-05,2026-06-05,HOSE,hose,hose:control_list,https://api.hsx.vn/l/api/v1/1/securities/stock-status?pageIndex=1&pageSize=500&statusListId=34,True,False,False,False,False,False,False,False,False,False,False,False,NO_MATERIAL_DISCLOSURE_FOUND_SOURCE_CHECKED,unknown,SOURCE_CHECKED_NOT_FOUND,medium,CONTROL_LIST,Not found in parsed CONTROL_LIST,,2026-06-05T04:41:56+00:00,Absence from parsed list is not a guarantee of clean disclosure; it only means this ticker was not found in this parsed source/list.
TCM,2026-06-05,2026-06-05,HOSE,hose,hose:control_list,https://api.hsx.vn/l/api/v1/1/securities/stock-status?pageIndex=1&pageSize=500&statusListId=34,True,False,False,False,False,False,False,False,False,False,False,False,NO_MATERIAL_DISCLOSURE_FOUND_SOURCE_CHECKED,unknown,SOURCE_CHECKED_NOT_FOUND,medium,CONTROL_LIST,Not found in parsed CONTROL_LIST,,2026-06-05T04:41:56+00:00,Absence from parsed list is not a guarantee of clean disclosure; it only means this ticker was not found in this parsed source/list.
VCB,2026-06-05,2026-06-05,HOSE,hose,hose:trading_suspension_list,https://api.hsx.vn/l/api/v1/1/securities/stock-status?pageIndex=1&pageSize=500&statusListId=35,True,False,False,False,False,False,False,False,False,False,False,False,NO_MATERIAL_DISCLOSURE_FOUND_SOURCE_CHECKED,unknown,SOURCE_CHECKED_NOT_FOUND,medium,TRADING_SUSPENSION_LIST,Not found in parsed TRADING_SUSPENSION_LIST,,2026-06-05T04:42:00+00:00,Absence from parsed list is not a guarantee of clean disclosure; it only means this ticker was not found in this parsed source/list.
BID,2026-06-05,2026-06-05,HOSE,hose,hose:trading_suspension_list,https://api.hsx.vn/l/api/v1/1/securities/stock-status?pageIndex=1&pageSize=500&statusListId=35,True,False,False,False,False,False,False,False,False,False,False,False,NO_MATERIAL_DISCLOSURE_FOUND_SOURCE_CHECKED,unknown,SOURCE_CHECKED_NOT_FOUND,medium,TRADING_SUSPENSION_LIST,Not found in parsed TRADING_SUSPENSION_LIST,,2026-06-05T04:42:00+00:00,Absence from parsed list is not a guarantee of clean disclosure; it only means this ticker was not found in this parsed source/list.
CTG,2026-06-05,2026-06-05,HOSE,hose,hose:trading_suspension_list,https://api.hsx.vn/l/api/v1/1/securities/stock-status?pageIndex=1&pageSize=500&statusListId=35,True,False,False,False,False,False,False,False,False,False,False,False,NO_MATERIAL_DISCLOSURE_FOUND_SOURCE_CHECKED,unknown,SOURCE_CHECKED_NOT_FOUND,medium,TRADING_SUSPENSION_LIST,Not found in parsed TRADING_SUSPENSION_LIST,,2026-06-05T04:42:00+00:00,Absence from parsed list is not a guarantee of clean disclosure; it only means this ticker was not found in this parsed source/list.
MBB,2026-06-05,2026-06-05,HOSE,hose,hose:trading_suspension_list,https://api.hsx.vn/l/api/v1/1/securities/stock-status?pageIndex=1&pageSize=500&statusListId=35,True,False,False,False,False,False,False,False,False,False,False,False,NO_MATERIAL_DISCLOSURE_FOUND_SOURCE_CHECKED,unknown,SOURCE_CHECKED_NOT_FOUND,medium,TRADING_SUSPENSION_LIST,Not found in parsed TRADING_SUSPENSION_LIST,,2026-06-05T04:42:00+00:00,Absence from parsed list is not a guarantee of clean disclosure; it only means this ticker was not found in this parsed source/list.
ACB,2026-06-05,2026-06-05,HOSE,hose,hose:trading_suspension_list,https://api.hsx.vn/l/api/v1/1/securities/stock-status?pageIndex=1&pageSize=500&statusListId=35,True,False,False,False,False,False,False,False,False,False,False,False,NO_MATERIAL_DISCLOSURE_FOUND_SOURCE_CHECKED,unknown,SOURCE_CHECKED_NOT_FOUND,medium,TRADING_SUSPENSION_LIST,Not found in parsed TRADING_SUSPENSION_LIST,,2026-06-05T04:42:00+00:00,Absence from parsed list is not a guarantee of clean disclosure; it only means this ticker was not found in this parsed source/list.
HPG,2026-06-05,2026-06-05,HOSE,hose,hose:trading_suspension_list,https://api.hsx.vn/l/api/v1/1/securities/stock-status?pageIndex=1&pageSize=500&statusListId=35,True,False,False,False,False,False,False,False,False,False,False,False,NO_MATERIAL_DISCLOSURE_FOUND_SOURCE_CHECKED,unknown,SOURCE_CHECKED_NOT_FOUND,medium,TRADING_SUSPENSION_LIST,Not found in parsed TRADING_SUSPENSION_LIST,,2026-06-05T04:42:00+00:00,Absence from parsed list is not a guarantee of clean disclosure; it only means this ticker was not found in this parsed source/list.
HSG,2026-06-05,2026-06-05,HOSE,hose,hose:trading_suspension_list,https://api.hsx.vn/l/api/v1/1/securities/stock-status?pageIndex=1&pageSize=500&statusListId=35,True,False,False,False,False,False,False,False,False,False,False,False,NO_MATERIAL_DISCLOSURE_FOUND_SOURCE_CHECKED,unknown,SOURCE_CHECKED_NOT_FOUND,medium,TRADING_SUSPENSION_LIST,Not found in parsed TRADING_SUSPENSION_LIST,,2026-06-05T04:42:00+00:00,Absence from parsed list is not a guarantee of clean disclosure; it only means this ticker was not found in this parsed source/list.
VHM,2026-06-05,2026-06-05,HOSE,hose,hose:trading_suspension_list,https://api.hsx.vn/l/api/v1/1/securities/stock-status?pageIndex=1&pageSize=500&statusListId=35,True,False,False,False,False,False,False,False,False,False,False,False,NO_MATERIAL_DISCLOSURE_FOUND_SOURCE_CHECKED,unknown,SOURCE_CHECKED_NOT_FOUND,medium,TRADING_SUSPENSION_LIST,Not found in parsed TRADING_SUSPENSION_LIST,,2026-06-05T04:42:00+00:00,Absence from parsed list is not a guarantee of clean disclosure; it only means this ticker was not found in this parsed source/list.
KDH,2026-06-05,2026-06-05,HOSE,hose,hose:trading_suspension_list,https://api.hsx.vn/l/api/v1/1/securities/stock-status?pageIndex=1&pageSize=500&statusListId=35,True,False,False,False,False,False,False,False,False,False,False,False,NO_MATERIAL_DISCLOSURE_FOUND_SOURCE_CHECKED,unknown,SOURCE_CHECKED_NOT_FOUND,medium,TRADING_SUSPENSION_LIST,Not found in parsed TRADING_SUSPENSION_LIST,,2026-06-05T04:42:00+00:00,Absence from parsed list is not a guarantee of clean disclosure; it only means this ticker was not found in this parsed source/list.
NLG,2026-06-05,2026-06-05,HOSE,hose,hose:trading_suspension_list,https://api.hsx.vn/l/api/v1/1/securities/stock-status?pageIndex=1&pageSize=500&statusListId=35,True,False,False,False,False,False,False,False,False,False,False,False,NO_MATERIAL_DISCLOSURE_FOUND_SOURCE_CHECKED,unknown,SOURCE_CHECKED_NOT_FOUND,medium,TRADING_SUSPENSION_LIST,Not found in parsed TRADING_SUSPENSION_LIST,,2026-06-05T04:42:00+00:00,Absence from parsed list is not a guarantee of clean disclosure; it only means this ticker was not found in this parsed source/list.
SSI,2026-06-05,2026-06-05,HOSE,hose,hose:trading_suspension_list,https://api.hsx.vn/l/api/v1/1/securities/stock-status?pageIndex=1&pageSize=500&statusListId=35,True,False,False,False,False,False,False,False,False,False,False,False,NO_MATERIAL_DISCLOSURE_FOUND_SOURCE_CHECKED,unknown,SOURCE_CHECKED_NOT_FOUND,medium,TRADING_SUSPENSION_LIST,Not found in parsed TRADING_SUSPENSION_LIST,,2026-06-05T04:42:00+00:00,Absence from parsed list is not a guarantee of clean disclosure; it only means this ticker was not found in this parsed source/list.
VND,2026-06-05,2026-06-05,HOSE,hose,hose:trading_suspension_list,https://api.hsx.vn/l/api/v1/1/securities/stock-status?pageIndex=1&pageSize=500&statusListId=35,True,False,False,False,False,False,False,False,False,False,False,False,NO_MATERIAL_DISCLOSURE_FOUND_SOURCE_CHECKED,unknown,SOURCE_CHECKED_NOT_FOUND,medium,TRADING_SUSPENSION_LIST,Not found in parsed TRADING_SUSPENSION_LIST,,2026-06-05T04:42:00+00:00,Absence from parsed list is not a guarantee of clean disclosure; it only means this ticker was not found in this parsed source/list.
GAS,2026-06-05,2026-06-05,HOSE,hose,hose:trading_suspension_list,https://api.hsx.vn/l/api/v1/1/securities/stock-status?pageIndex=1&pageSize=500&statusListId=35,True,False,False,False,False,False,False,False,False,False,False,False,NO_MATERIAL_DISCLOSURE_FOUND_SOURCE_CHECKED,unknown,SOURCE_CHECKED_NOT_FOUND,medium,TRADING_SUSPENSION_LIST,Not found in parsed TRADING_SUSPENSION_LIST,,2026-06-05T04:42:00+00:00,Absence from parsed list is not a guarantee of clean disclosure; it only means this ticker was not found in this parsed source/list.
PVS,2026-06-05,2026-06-05,HOSE,hose,hose:trading_suspension_list,https://api.hsx.vn/l/api/v1/1/securities/stock-status?pageIndex=1&pageSize=500&statusListId=35,True,False,False,False,False,False,False,False,False,False,False,False,NO_MATERIAL_DISCLOSURE_FOUND_SOURCE_CHECKED,unknown,SOURCE_CHECKED_NOT_FOUND,medium,TRADING_SUSPENSION_LIST,Not found in parsed TRADING_SUSPENSION_LIST,,2026-06-05T04:42:00+00:00,Absence from parsed list is not a guarantee of clean disclosure; it only means this ticker was not found in this parsed source/list.
FPT,2026-06-05,2026-06-05,HOSE,hose,hose:trading_suspension_list,https://api.hsx.vn/l/api/v1/1/securities/stock-status?pageIndex=1&pageSize=500&statusListId=35,True,False,False,False,False,False,False,False,False,False,False,False,NO_MATERIAL_DISCLOSURE_FOUND_SOURCE_CHECKED,unknown,SOURCE_CHECKED_NOT_FOUND,medium,TRADING_SUSPENSION_LIST,Not found in parsed TRADING_SUSPENSION_LIST,,2026-06-05T04:42:00+00:00,Absence from parsed list is not a guarantee of clean disclosure; it only means this ticker was not found in this parsed source/list.
MWG,2026-06-05,2026-06-05,HOSE,hose,hose:trading_suspension_list,https://api.hsx.vn/l/api/v1/1/securities/stock-status?pageIndex=1&pageSize=500&statusListId=35,True,False,False,False,False,False,False,False,False,False,False,False,NO_MATERIAL_DISCLOSURE_FOUND_SOURCE_CHECKED,unknown,SOURCE_CHECKED_NOT_FOUND,medium,TRADING_SUSPENSION_LIST,Not found in parsed TRADING_SUSPENSION_LIST,,2026-06-05T04:42:00+00:00,Absence from parsed list is not a guarantee of clean disclosure; it only means this ticker was not found in this parsed source/list.
VGC,2026-06-05,2026-06-05,HOSE,hose,hose:trading_suspension_list,https://api.hsx.vn/l/api/v1/1/securities/stock-status?pageIndex=1&pageSize=500&statusListId=35,True,False,False,False,False,False,False,False,False,False,False,False,NO_MATERIAL_DISCLOSURE_FOUND_SOURCE_CHECKED,unknown,SOURCE_CHECKED_NOT_FOUND,medium,TRADING_SUSPENSION_LIST,Not found in parsed TRADING_SUSPENSION_LIST,,2026-06-05T04:42:00+00:00,Absence from parsed list is not a guarantee of clean disclosure; it only means this ticker was not found in this parsed source/list.
GMD,2026-06-05,2026-06-05,HOSE,hose,hose:trading_suspension_list,https://api.hsx.vn/l/api/v1/1/securities/stock-status?pageIndex=1&pageSize=500&statusListId=35,True,False,False,False,False,False,False,False,False,False,False,False,NO_MATERIAL_DISCLOSURE_FOUND_SOURCE_CHECKED,unknown,SOURCE_CHECKED_NOT_FOUND,medium,TRADING_SUSPENSION_LIST,Not found in parsed TRADING_SUSPENSION_LIST,,2026-06-05T04:42:00+00:00,Absence from parsed list is not a guarantee of clean disclosure; it only means this ticker was not found in this parsed source/list.
VHC,2026-06-05,2026-06-05,HOSE,hose,hose:trading_suspension_list,https://api.hsx.vn/l/api/v1/1/securities/stock-status?pageIndex=1&pageSize=500&statusListId=35,True,False,False,False,False,False,False,False,False,False,False,False,NO_MATERIAL_DISCLOSURE_FOUND_SOURCE_CHECKED,unknown,SOURCE_CHECKED_NOT_FOUND,medium,TRADING_SUSPENSION_LIST,Not found in parsed TRADING_SUSPENSION_LIST,,2026-06-05T04:42:00+00:00,Absence from parsed list is not a guarantee of clean disclosure; it only means this ticker was not found in this parsed source/list.
TCM,2026-06-05,2026-06-05,HOSE,hose,hose:trading_suspension_list,https://api.hsx.vn/l/api/v1/1/securities/stock-status?pageIndex=1&pageSize=500&statusListId=35,True,False,False,False,False,False,False,False,False,False,False,False,NO_MATERIAL_DISCLOSURE_FOUND_SOURCE_CHECKED,unknown,SOURCE_CHECKED_NOT_FOUND,medium,TRADING_SUSPENSION_LIST,Not found in parsed TRADING_SUSPENSION_LIST,,2026-06-05T04:42:00+00:00,Absence from parsed list is not a guarantee of clean disclosure; it only means this ticker was not found in this parsed source/list.
VCB,2026-06-05,2026-06-05,HOSE,hose,hose:trading_suspension_list,https://api.hsx.vn/l/api/v1/1/securities/stock-status?pageIndex=1&pageSize=500&statusListId=37,True,False,False,False,False,False,False,False,False,False,False,False,NO_MATERIAL_DISCLOSURE_FOUND_SOURCE_CHECKED,unknown,SOURCE_CHECKED_NOT_FOUND,medium,TRADING_SUSPENSION_LIST,Not found in parsed TRADING_SUSPENSION_LIST,,2026-06-05T04:42:05+00:00,Absence from parsed list is not a guarantee of clean disclosure; it only means this ticker was not found in this parsed source/list.
BID,2026-06-05,2026-06-05,HOSE,hose,hose:trading_suspension_list,https://api.hsx.vn/l/api/v1/1/securities/stock-status?pageIndex=1&pageSize=500&statusListId=37,True,False,False,False,False,False,False,False,False,False,False,False,NO_MATERIAL_DISCLOSURE_FOUND_SOURCE_CHECKED,unknown,SOURCE_CHECKED_NOT_FOUND,medium,TRADING_SUSPENSION_LIST,Not found in parsed TRADING_SUSPENSION_LIST,,2026-06-05T04:42:05+00:00,Absence from parsed list is not a guarantee of clean disclosure; it only means this ticker was not found in this parsed source/list.
CTG,2026-06-05,2026-06-05,HOSE,hose,hose:trading_suspension_list,https://api.hsx.vn/l/api/v1/1/securities/stock-status?pageIndex=1&pageSize=500&statusListId=37,True,False,False,False,False,False,False,False,False,False,False,False,NO_MATERIAL_DISCLOSURE_FOUND_SOURCE_CHECKED,unknown,SOURCE_CHECKED_NOT_FOUND,medium,TRADING_SUSPENSION_LIST,Not found in parsed TRADING_SUSPENSION_LIST,,2026-06-05T04:42:05+00:00,Absence from parsed list is not a guarantee of clean disclosure; it only means this ticker was not found in this parsed source/list.
MBB,2026-06-05,2026-06-05,HOSE,hose,hose:trading_suspension_list,https://api.hsx.vn/l/api/v1/1/securities/stock-status?pageIndex=1&pageSize=500&statusListId=37,True,False,False,False,False,False,False,False,False,False,False,False,NO_MATERIAL_DISCLOSURE_FOUND_SOURCE_CHECKED,unknown,SOURCE_CHECKED_NOT_FOUND,medium,TRADING_SUSPENSION_LIST,Not found in parsed TRADING_SUSPENSION_LIST,,2026-06-05T04:42:05+00:00,Absence from parsed list is not a guarantee of clean disclosure; it only means this ticker was not found in this parsed source/list.
ACB,2026-06-05,2026-06-05,HOSE,hose,hose:trading_suspension_list,https://api.hsx.vn/l/api/v1/1/securities/stock-status?pageIndex=1&pageSize=500&statusListId=37,True,False,False,False,False,False,False,False,False,False,False,False,NO_MATERIAL_DISCLOSURE_FOUND_SOURCE_CHECKED,unknown,SOURCE_CHECKED_NOT_FOUND,medium,TRADING_SUSPENSION_LIST,Not found in parsed TRADING_SUSPENSION_LIST,,2026-06-05T04:42:05+00:00,Absence from parsed list is not a guarantee of clean disclosure; it only means this ticker was not found in this parsed source/list.
HPG,2026-06-05,2026-06-05,HOSE,hose,hose:trading_suspension_list,https://api.hsx.vn/l/api/v1/1/securities/stock-status?pageIndex=1&pageSize=500&statusListId=37,True,False,False,False,False,False,False,False,False,False,False,False,NO_MATERIAL_DISCLOSURE_FOUND_SOURCE_CHECKED,unknown,SOURCE_CHECKED_NOT_FOUND,medium,TRADING_SUSPENSION_LIST,Not found in parsed TRADING_SUSPENSION_LIST,,2026-06-05T04:42:05+00:00,Absence from parsed list is not a guarantee of clean disclosure; it only means this ticker was not found in this parsed source/list.
HSG,2026-06-05,2026-06-05,HOSE,hose,hose:trading_suspension_list,https://api.hsx.vn/l/api/v1/1/securities/stock-status?pageIndex=1&pageSize=500&statusListId=37,True,False,False,False,False,False,False,False,False,False,False,False,NO_MATERIAL_DISCLOSURE_FOUND_SOURCE_CHECKED,unknown,SOURCE_CHECKED_NOT_FOUND,medium,TRADING_SUSPENSION_LIST,Not found in parsed TRADING_SUSPENSION_LIST,,2026-06-05T04:42:05+00:00,Absence from parsed list is not a guarantee of clean disclosure; it only means this ticker was not found in this parsed source/list.
VHM,2026-06-05,2026-06-05,HOSE,hose,hose:trading_suspension_list,https://api.hsx.vn/l/api/v1/1/securities/stock-status?pageIndex=1&pageSize=500&statusListId=37,True,False,False,False,False,False,False,False,False,False,False,False,NO_MATERIAL_DISCLOSURE_FOUND_SOURCE_CHECKED,unknown,SOURCE_CHECKED_NOT_FOUND,medium,TRADING_SUSPENSION_LIST,Not found in parsed TRADING_SUSPENSION_LIST,,2026-06-05T04:42:05+00:00,Absence from parsed list is not a guarantee of clean disclosure; it only means this ticker was not found in this parsed source/list.
KDH,2026-06-05,2026-06-05,HOSE,hose,hose:trading_suspension_list,https://api.hsx.vn/l/api/v1/1/securities/stock-status?pageIndex=1&pageSize=500&statusListId=37,True,False,False,False,False,False,False,False,False,False,False,False,NO_MATERIAL_DISCLOSURE_FOUND_SOURCE_CHECKED,unknown,SOURCE_CHECKED_NOT_FOUND,medium,TRADING_SUSPENSION_LIST,Not found in parsed TRADING_SUSPENSION_LIST,,2026-06-05T04:42:05+00:00,Absence from parsed list is not a guarantee of clean disclosure; it only means this ticker was not found in this parsed source/list.
NLG,2026-06-05,2026-06-05,HOSE,hose,hose:trading_suspension_list,https://api.hsx.vn/l/api/v1/1/securities/stock-status?pageIndex=1&pageSize=500&statusListId=37,True,False,False,False,False,False,False,False,False,False,False,False,NO_MATERIAL_DISCLOSURE_FOUND_SOURCE_CHECKED,unknown,SOURCE_CHECKED_NOT_FOUND,medium,TRADING_SUSPENSION_LIST,Not found in parsed TRADING_SUSPENSION_LIST,,2026-06-05T04:42:05+00:00,Absence from parsed list is not a guarantee of clean disclosure; it only means this ticker was not found in this parsed source/list.
SSI,2026-06-05,2026-06-05,HOSE,hose,hose:trading_suspension_list,https://api.hsx.vn/l/api/v1/1/securities/stock-status?pageIndex=1&pageSize=500&statusListId=37,True,False,False,False,False,False,False,False,False,False,False,False,NO_MATERIAL_DISCLOSURE_FOUND_SOURCE_CHECKED,unknown,SOURCE_CHECKED_NOT_FOUND,medium,TRADING_SUSPENSION_LIST,Not found in parsed TRADING_SUSPENSION_LIST,,2026-06-05T04:42:05+00:00,Absence from parsed list is not a guarantee of clean disclosure; it only means this ticker was not found in this parsed source/list.
VND,2026-06-05,2026-06-05,HOSE,hose,hose:trading_suspension_list,https://api.hsx.vn/l/api/v1/1/securities/stock-status?pageIndex=1&pageSize=500&statusListId=37,True,False,False,False,False,False,False,False,False,False,False,False,NO_MATERIAL_DISCLOSURE_FOUND_SOURCE_CHECKED,unknown,SOURCE_CHECKED_NOT_FOUND,medium,TRADING_SUSPENSION_LIST,Not found in parsed TRADING_SUSPENSION_LIST,,2026-06-05T04:42:05+00:00,Absence from parsed list is not a guarantee of clean disclosure; it only means this ticker was not found in this parsed source/list.
GAS,2026-06-05,2026-06-05,HOSE,hose,hose:trading_suspension_list,https://api.hsx.vn/l/api/v1/1/securities/stock-status?pageIndex=1&pageSize=500&statusListId=37,True,False,False,False,False,False,False,False,False,False,False,False,NO_MATERIAL_DISCLOSURE_FOUND_SOURCE_CHECKED,unknown,SOURCE_CHECKED_NOT_FOUND,medium,TRADING_SUSPENSION_LIST,Not found in parsed TRADING_SUSPENSION_LIST,,2026-06-05T04:42:05+00:00,Absence from parsed list is not a guarantee of clean disclosure; it only means this ticker was not found in this parsed source/list.
PVS,2026-06-05,2026-06-05,HOSE,hose,hose:trading_suspension_list,https://api.hsx.vn/l/api/v1/1/securities/stock-status?pageIndex=1&pageSize=500&statusListId=37,True,False,False,False,False,False,False,False,False,False,False,False,NO_MATERIAL_DISCLOSURE_FOUND_SOURCE_CHECKED,unknown,SOURCE_CHECKED_NOT_FOUND,medium,TRADING_SUSPENSION_LIST,Not found in parsed TRADING_SUSPENSION_LIST,,2026-06-05T04:42:05+00:00,Absence from parsed list is not a guarantee of clean disclosure; it only means this ticker was not found in this parsed source/list.
FPT,2026-06-05,2026-06-05,HOSE,hose,hose:trading_suspension_list,https://api.hsx.vn/l/api/v1/1/securities/stock-status?pageIndex=1&pageSize=500&statusListId=37,True,False,False,False,False,False,False,False,False,False,False,False,NO_MATERIAL_DISCLOSURE_FOUND_SOURCE_CHECKED,unknown,SOURCE_CHECKED_NOT_FOUND,medium,TRADING_SUSPENSION_LIST,Not found in parsed TRADING_SUSPENSION_LIST,,2026-06-05T04:42:05+00:00,Absence from parsed list is not a guarantee of clean disclosure; it only means this ticker was not found in this parsed source/list.
MWG,2026-06-05,2026-06-05,HOSE,hose,hose:trading_suspension_list,https://api.hsx.vn/l/api/v1/1/securities/stock-status?pageIndex=1&pageSize=500&statusListId=37,True,False,False,False,False,False,False,False,False,False,False,False,NO_MATERIAL_DISCLOSURE_FOUND_SOURCE_CHECKED,unknown,SOURCE_CHECKED_NOT_FOUND,medium,TRADING_SUSPENSION_LIST,Not found in parsed TRADING_SUSPENSION_LIST,,2026-06-05T04:42:05+00:00,Absence from parsed list is not a guarantee of clean disclosure; it only means this ticker was not found in this parsed source/list.
VGC,2026-06-05,2026-06-05,HOSE,hose,hose:trading_suspension_list,https://api.hsx.vn/l/api/v1/1/securities/stock-status?pageIndex=1&pageSize=500&statusListId=37,True,False,False,False,False,False,False,False,False,False,False,False,NO_MATERIAL_DISCLOSURE_FOUND_SOURCE_CHECKED,unknown,SOURCE_CHECKED_NOT_FOUND,medium,TRADING_SUSPENSION_LIST,Not found in parsed TRADING_SUSPENSION_LIST,,2026-06-05T04:42:05+00:00,Absence from parsed list is not a guarantee of clean disclosure; it only means this ticker was not found in this parsed source/list.
GMD,2026-06-05,2026-06-05,HOSE,hose,hose:trading_suspension_list,https://api.hsx.vn/l/api/v1/1/securities/stock-status?pageIndex=1&pageSize=500&statusListId=37,True,False,False,False,False,False,False,False,False,False,False,False,NO_MATERIAL_DISCLOSURE_FOUND_SOURCE_CHECKED,unknown,SOURCE_CHECKED_NOT_FOUND,medium,TRADING_SUSPENSION_LIST,Not found in parsed TRADING_SUSPENSION_LIST,,2026-06-05T04:42:05+00:00,Absence from parsed list is not a guarantee of clean disclosure; it only means this ticker was not found in this parsed source/list.
VHC,2026-06-05,2026-06-05,HOSE,hose,hose:trading_suspension_list,https://api.hsx.vn/l/api/v1/1/securities/stock-status?pageIndex=1&pageSize=500&statusListId=37,True,False,False,False,False,False,False,False,False,False,False,False,NO_MATERIAL_DISCLOSURE_FOUND_SOURCE_CHECKED,unknown,SOURCE_CHECKED_NOT_FOUND,medium,TRADING_SUSPENSION_LIST,Not found in parsed TRADING_SUSPENSION_LIST,,2026-06-05T04:42:05+00:00,Absence from parsed list is not a guarantee of clean disclosure; it only means this ticker was not found in this parsed source/list.
TCM,2026-06-05,2026-06-05,HOSE,hose,hose:trading_suspension_list,https://api.hsx.vn/l/api/v1/1/securities/stock-status?pageIndex=1&pageSize=500&statusListId=37,True,False,False,False,False,False,False,False,False,False,False,False,NO_MATERIAL_DISCLOSURE_FOUND_SOURCE_CHECKED,unknown,SOURCE_CHECKED_NOT_FOUND,medium,TRADING_SUSPENSION_LIST,Not found in parsed TRADING_SUSPENSION_LIST,,2026-06-05T04:42:05+00:00,Absence from parsed list is not a guarantee of clean disclosure; it only means this ticker was not found in this parsed source/list.
VCB,2026-06-05,2026-06-05,HOSE,hose,hose:trading_restriction_list,https://api.hsx.vn/l/api/v1/1/securities/stock-status?pageIndex=1&pageSize=500&statusListId=38,True,False,False,False,False,False,False,False,False,False,False,False,NO_MATERIAL_DISCLOSURE_FOUND_SOURCE_CHECKED,unknown,SOURCE_CHECKED_NOT_FOUND,medium,TRADING_RESTRICTION_LIST,Not found in parsed TRADING_RESTRICTION_LIST,,2026-06-05T04:42:09+00:00,Absence from parsed list is not a guarantee of clean disclosure; it only means this ticker was not found in this parsed source/list.
BID,2026-06-05,2026-06-05,HOSE,hose,hose:trading_restriction_list,https://api.hsx.vn/l/api/v1/1/securities/stock-status?pageIndex=1&pageSize=500&statusListId=38,True,False,False,False,False,False,False,False,False,False,False,False,NO_MATERIAL_DISCLOSURE_FOUND_SOURCE_CHECKED,unknown,SOURCE_CHECKED_NOT_FOUND,medium,TRADING_RESTRICTION_LIST,Not found in parsed TRADING_RESTRICTION_LIST,,2026-06-05T04:42:09+00:00,Absence from parsed list is not a guarantee of clean disclosure; it only means this ticker was not found in this parsed source/list.
CTG,2026-06-05,2026-06-05,HOSE,hose,hose:trading_restriction_list,https://api.hsx.vn/l/api/v1/1/securities/stock-status?pageIndex=1&pageSize=500&statusListId=38,True,False,False,False,False,False,False,False,False,False,False,False,NO_MATERIAL_DISCLOSURE_FOUND_SOURCE_CHECKED,unknown,SOURCE_CHECKED_NOT_FOUND,medium,TRADING_RESTRICTION_LIST,Not found in parsed TRADING_RESTRICTION_LIST,,2026-06-05T04:42:09+00:00,Absence from parsed list is not a guarantee of clean disclosure; it only means this ticker was not found in this parsed source/list.
MBB,2026-06-05,2026-06-05,HOSE,hose,hose:trading_restriction_list,https://api.hsx.vn/l/api/v1/1/securities/stock-status?pageIndex=1&pageSize=500&statusListId=38,True,False,False,False,False,False,False,False,False,False,False,False,NO_MATERIAL_DISCLOSURE_FOUND_SOURCE_CHECKED,unknown,SOURCE_CHECKED_NOT_FOUND,medium,TRADING_RESTRICTION_LIST,Not found in parsed TRADING_RESTRICTION_LIST,,2026-06-05T04:42:09+00:00,Absence from parsed list is not a guarantee of clean disclosure; it only means this ticker was not found in this parsed source/list.
ACB,2026-06-05,2026-06-05,HOSE,hose,hose:trading_restriction_list,https://api.hsx.vn/l/api/v1/1/securities/stock-status?pageIndex=1&pageSize=500&statusListId=38,True,False,False,False,False,False,False,False,False,False,False,False,NO_MATERIAL_DISCLOSURE_FOUND_SOURCE_CHECKED,unknown,SOURCE_CHECKED_NOT_FOUND,medium,TRADING_RESTRICTION_LIST,Not found in parsed TRADING_RESTRICTION_LIST,,2026-06-05T04:42:09+00:00,Absence from parsed list is not a guarantee of clean disclosure; it only means this ticker was not found in this parsed source/list.
HPG,2026-06-05,2026-06-05,HOSE,hose,hose:trading_restriction_list,https://api.hsx.vn/l/api/v1/1/securities/stock-status?pageIndex=1&pageSize=500&statusListId=38,True,False,False,False,False,False,False,False,False,False,False,False,NO_MATERIAL_DISCLOSURE_FOUND_SOURCE_CHECKED,unknown,SOURCE_CHECKED_NOT_FOUND,medium,TRADING_RESTRICTION_LIST,Not found in parsed TRADING_RESTRICTION_LIST,,2026-06-05T04:42:09+00:00,Absence from parsed list is not a guarantee of clean disclosure; it only means this ticker was not found in this parsed source/list.
HSG,2026-06-05,2026-06-05,HOSE,hose,hose:trading_restriction_list,https://api.hsx.vn/l/api/v1/1/securities/stock-status?pageIndex=1&pageSize=500&statusListId=38,True,False,False,False,False,False,False,False,False,False,False,False,NO_MATERIAL_DISCLOSURE_FOUND_SOURCE_CHECKED,unknown,SOURCE_CHECKED_NOT_FOUND,medium,TRADING_RESTRICTION_LIST,Not found in parsed TRADING_RESTRICTION_LIST,,2026-06-05T04:42:09+00:00,Absence from parsed list is not a guarantee of clean disclosure; it only means this ticker was not found in this parsed source/list.
VHM,2026-06-05,2026-06-05,HOSE,hose,hose:trading_restriction_list,https://api.hsx.vn/l/api/v1/1/securities/stock-status?pageIndex=1&pageSize=500&statusListId=38,True,False,False,False,False,False,False,False,False,False,False,False,NO_MATERIAL_DISCLOSURE_FOUND_SOURCE_CHECKED,unknown,SOURCE_CHECKED_NOT_FOUND,medium,TRADING_RESTRICTION_LIST,Not found in parsed TRADING_RESTRICTION_LIST,,2026-06-05T04:42:09+00:00,Absence from parsed list is not a guarantee of clean disclosure; it only means this ticker was not found in this parsed source/list.
KDH,2026-06-05,2026-06-05,HOSE,hose,hose:trading_restriction_list,https://api.hsx.vn/l/api/v1/1/securities/stock-status?pageIndex=1&pageSize=500&statusListId=38,True,False,False,False,False,False,False,False,False,False,False,False,NO_MATERIAL_DISCLOSURE_FOUND_SOURCE_CHECKED,unknown,SOURCE_CHECKED_NOT_FOUND,medium,TRADING_RESTRICTION_LIST,Not found in parsed TRADING_RESTRICTION_LIST,,2026-06-05T04:42:09+00:00,Absence from parsed list is not a guarantee of clean disclosure; it only means this ticker was not found in this parsed source/list.
NLG,2026-06-05,2026-06-05,HOSE,hose,hose:trading_restriction_list,https://api.hsx.vn/l/api/v1/1/securities/stock-status?pageIndex=1&pageSize=500&statusListId=38,True,False,False,False,False,False,False,False,False,False,False,False,NO_MATERIAL_DISCLOSURE_FOUND_SOURCE_CHECKED,unknown,SOURCE_CHECKED_NOT_FOUND,medium,TRADING_RESTRICTION_LIST,Not found in parsed TRADING_RESTRICTION_LIST,,2026-06-05T04:42:09+00:00,Absence from parsed list is not a guarantee of clean disclosure; it only means this ticker was not found in this parsed source/list.
SSI,2026-06-05,2026-06-05,HOSE,hose,hose:trading_restriction_list,https://api.hsx.vn/l/api/v1/1/securities/stock-status?pageIndex=1&pageSize=500&statusListId=38,True,False,False,False,False,False,False,False,False,False,False,False,NO_MATERIAL_DISCLOSURE_FOUND_SOURCE_CHECKED,unknown,SOURCE_CHECKED_NOT_FOUND,medium,TRADING_RESTRICTION_LIST,Not found in parsed TRADING_RESTRICTION_LIST,,2026-06-05T04:42:09+00:00,Absence from parsed list is not a guarantee of clean disclosure; it only means this ticker was not found in this parsed source/list.
VND,2026-06-05,2026-06-05,HOSE,hose,hose:trading_restriction_list,https://api.hsx.vn/l/api/v1/1/securities/stock-status?pageIndex=1&pageSize=500&statusListId=38,True,False,False,False,False,False,False,False,False,False,False,False,NO_MATERIAL_DISCLOSURE_FOUND_SOURCE_CHECKED,unknown,SOURCE_CHECKED_NOT_FOUND,medium,TRADING_RESTRICTION_LIST,Not found in parsed TRADING_RESTRICTION_LIST,,2026-06-05T04:42:09+00:00,Absence from parsed list is not a guarantee of clean disclosure; it only means this ticker was not found in this parsed source/list.
GAS,2026-06-05,2026-06-05,HOSE,hose,hose:trading_restriction_list,https://api.hsx.vn/l/api/v1/1/securities/stock-status?pageIndex=1&pageSize=500&statusListId=38,True,False,False,False,False,False,False,False,False,False,False,False,NO_MATERIAL_DISCLOSURE_FOUND_SOURCE_CHECKED,unknown,SOURCE_CHECKED_NOT_FOUND,medium,TRADING_RESTRICTION_LIST,Not found in parsed TRADING_RESTRICTION_LIST,,2026-06-05T04:42:09+00:00,Absence from parsed list is not a guarantee of clean disclosure; it only means this ticker was not found in this parsed source/list.
PVS,2026-06-05,2026-06-05,HOSE,hose,hose:trading_restriction_list,https://api.hsx.vn/l/api/v1/1/securities/stock-status?pageIndex=1&pageSize=500&statusListId=38,True,False,False,False,False,False,False,False,False,False,False,False,NO_MATERIAL_DISCLOSURE_FOUND_SOURCE_CHECKED,unknown,SOURCE_CHECKED_NOT_FOUND,medium,TRADING_RESTRICTION_LIST,Not found in parsed TRADING_RESTRICTION_LIST,,2026-06-05T04:42:09+00:00,Absence from parsed list is not a guarantee of clean disclosure; it only means this ticker was not found in this parsed source/list.
FPT,2026-06-05,2026-06-05,HOSE,hose,hose:trading_restriction_list,https://api.hsx.vn/l/api/v1/1/securities/stock-status?pageIndex=1&pageSize=500&statusListId=38,True,False,False,False,False,False,False,False,False,False,False,False,NO_MATERIAL_DISCLOSURE_FOUND_SOURCE_CHECKED,unknown,SOURCE_CHECKED_NOT_FOUND,medium,TRADING_RESTRICTION_LIST,Not found in parsed TRADING_RESTRICTION_LIST,,2026-06-05T04:42:09+00:00,Absence from parsed list is not a guarantee of clean disclosure; it only means this ticker was not found in this parsed source/list.
MWG,2026-06-05,2026-06-05,HOSE,hose,hose:trading_restriction_list,https://api.hsx.vn/l/api/v1/1/securities/stock-status?pageIndex=1&pageSize=500&statusListId=38,True,False,False,False,False,False,False,False,False,False,False,False,NO_MATERIAL_DISCLOSURE_FOUND_SOURCE_CHECKED,unknown,SOURCE_CHECKED_NOT_FOUND,medium,TRADING_RESTRICTION_LIST,Not found in parsed TRADING_RESTRICTION_LIST,,2026-06-05T04:42:09+00:00,Absence from parsed list is not a guarantee of clean disclosure; it only means this ticker was not found in this parsed source/list.
VGC,2026-06-05,2026-06-05,HOSE,hose,hose:trading_restriction_list,https://api.hsx.vn/l/api/v1/1/securities/stock-status?pageIndex=1&pageSize=500&statusListId=38,True,False,False,False,False,False,False,False,False,False,False,False,NO_MATERIAL_DISCLOSURE_FOUND_SOURCE_CHECKED,unknown,SOURCE_CHECKED_NOT_FOUND,medium,TRADING_RESTRICTION_LIST,Not found in parsed TRADING_RESTRICTION_LIST,,2026-06-05T04:42:09+00:00,Absence from parsed list is not a guarantee of clean disclosure; it only means this ticker was not found in this parsed source/list.
GMD,2026-06-05,2026-06-05,HOSE,hose,hose:trading_restriction_list,https://api.hsx.vn/l/api/v1/1/securities/stock-status?pageIndex=1&pageSize=500&statusListId=38,True,False,False,False,False,False,False,False,False,False,False,False,NO_MATERIAL_DISCLOSURE_FOUND_SOURCE_CHECKED,unknown,SOURCE_CHECKED_NOT_FOUND,medium,TRADING_RESTRICTION_LIST,Not found in parsed TRADING_RESTRICTION_LIST,,2026-06-05T04:42:09+00:00,Absence from parsed list is not a guarantee of clean disclosure; it only means this ticker was not found in this parsed source/list.
VHC,2026-06-05,2026-06-05,HOSE,hose,hose:trading_restriction_list,https://api.hsx.vn/l/api/v1/1/securities/stock-status?pageIndex=1&pageSize=500&statusListId=38,True,False,False,False,False,False,False,False,False,False,False,False,NO_MATERIAL_DISCLOSURE_FOUND_SOURCE_CHECKED,unknown,SOURCE_CHECKED_NOT_FOUND,medium,TRADING_RESTRICTION_LIST,Not found in parsed TRADING_RESTRICTION_LIST,,2026-06-05T04:42:09+00:00,Absence from parsed list is not a guarantee of clean disclosure; it only means this ticker was not found in this parsed source/list.
TCM,2026-06-05,2026-06-05,HOSE,hose,hose:trading_restriction_list,https://api.hsx.vn/l/api/v1/1/securities/stock-status?pageIndex=1&pageSize=500&statusListId=38,True,False,False,False,False,False,False,False,False,False,False,False,NO_MATERIAL_DISCLOSURE_FOUND_SOURCE_CHECKED,unknown,SOURCE_CHECKED_NOT_FOUND,medium,TRADING_RESTRICTION_LIST,Not found in parsed TRADING_RESTRICTION_LIST,,2026-06-05T04:42:09+00:00,Absence from parsed list is not a guarantee of clean disclosure; it only means this ticker was not found in this parsed source/list.
VCB,2026-06-05,2026-06-05,HOSE,hose,hose:disclosure_violation_list,https://api.hsx.vn/l/api/v1/1/securities/stock-status?pageIndex=1&pageSize=500&statusListId=47,True,False,False,False,False,False,False,False,False,False,False,False,NO_MATERIAL_DISCLOSURE_FOUND_SOURCE_CHECKED,unknown,SOURCE_CHECKED_NOT_FOUND,medium,DISCLOSURE_VIOLATION_LIST,Not found in parsed DISCLOSURE_VIOLATION_LIST,,2026-06-05T04:42:13+00:00,Absence from parsed list is not a guarantee of clean disclosure; it only means this ticker was not found in this parsed source/list.
BID,2026-06-05,2026-06-05,HOSE,hose,hose:disclosure_violation_list,https://api.hsx.vn/l/api/v1/1/securities/stock-status?pageIndex=1&pageSize=500&statusListId=47,True,False,False,False,False,False,False,False,False,False,False,False,NO_MATERIAL_DISCLOSURE_FOUND_SOURCE_CHECKED,unknown,SOURCE_CHECKED_NOT_FOUND,medium,DISCLOSURE_VIOLATION_LIST,Not found in parsed DISCLOSURE_VIOLATION_LIST,,2026-06-05T04:42:13+00:00,Absence from parsed list is not a guarantee of clean disclosure; it only means this ticker was not found in this parsed source/list.
CTG,2026-06-05,2026-06-05,HOSE,hose,hose:disclosure_violation_list,https://api.hsx.vn/l/api/v1/1/securities/stock-status?pageIndex=1&pageSize=500&statusListId=47,True,False,False,False,False,False,False,False,False,False,False,False,NO_MATERIAL_DISCLOSURE_FOUND_SOURCE_CHECKED,unknown,SOURCE_CHECKED_NOT_FOUND,medium,DISCLOSURE_VIOLATION_LIST,Not found in parsed DISCLOSURE_VIOLATION_LIST,,2026-06-05T04:42:13+00:00,Absence from parsed list is not a guarantee of clean disclosure; it only means this ticker was not found in this parsed source/list.
MBB,2026-06-05,2026-06-05,HOSE,hose,hose:disclosure_violation_list,https://api.hsx.vn/l/api/v1/1/securities/stock-status?pageIndex=1&pageSize=500&statusListId=47,True,False,False,False,False,False,False,False,False,False,False,False,NO_MATERIAL_DISCLOSURE_FOUND_SOURCE_CHECKED,unknown,SOURCE_CHECKED_NOT_FOUND,medium,DISCLOSURE_VIOLATION_LIST,Not found in parsed DISCLOSURE_VIOLATION_LIST,,2026-06-05T04:42:13+00:00,Absence from parsed list is not a guarantee of clean disclosure; it only means this ticker was not found in this parsed source/list.
ACB,2026-06-05,2026-06-05,HOSE,hose,hose:disclosure_violation_list,https://api.hsx.vn/l/api/v1/1/securities/stock-status?pageIndex=1&pageSize=500&statusListId=47,True,False,False,False,False,False,False,False,False,False,False,False,NO_MATERIAL_DISCLOSURE_FOUND_SOURCE_CHECKED,unknown,SOURCE_CHECKED_NOT_FOUND,medium,DISCLOSURE_VIOLATION_LIST,Not found in parsed DISCLOSURE_VIOLATION_LIST,,2026-06-05T04:42:13+00:00,Absence from parsed list is not a guarantee of clean disclosure; it only means this ticker was not found in this parsed source/list.
HPG,2026-06-05,2026-06-05,HOSE,hose,hose:disclosure_violation_list,https://api.hsx.vn/l/api/v1/1/securities/stock-status?pageIndex=1&pageSize=500&statusListId=47,True,False,False,False,False,False,False,False,False,False,False,False,NO_MATERIAL_DISCLOSURE_FOUND_SOURCE_CHECKED,unknown,SOURCE_CHECKED_NOT_FOUND,medium,DISCLOSURE_VIOLATION_LIST,Not found in parsed DISCLOSURE_VIOLATION_LIST,,2026-06-05T04:42:13+00:00,Absence from parsed list is not a guarantee of clean disclosure; it only means this ticker was not found in this parsed source/list.
HSG,2026-06-05,2026-06-05,HOSE,hose,hose:disclosure_violation_list,https://api.hsx.vn/l/api/v1/1/securities/stock-status?pageIndex=1&pageSize=500&statusListId=47,True,False,False,False,False,False,False,False,False,False,False,False,NO_MATERIAL_DISCLOSURE_FOUND_SOURCE_CHECKED,unknown,SOURCE_CHECKED_NOT_FOUND,medium,DISCLOSURE_VIOLATION_LIST,Not found in parsed DISCLOSURE_VIOLATION_LIST,,2026-06-05T04:42:13+00:00,Absence from parsed list is not a guarantee of clean disclosure; it only means this ticker was not found in this parsed source/list.
VHM,2026-06-05,2026-06-05,HOSE,hose,hose:disclosure_violation_list,https://api.hsx.vn/l/api/v1/1/securities/stock-status?pageIndex=1&pageSize=500&statusListId=47,True,False,False,False,False,False,False,False,False,False,False,False,NO_MATERIAL_DISCLOSURE_FOUND_SOURCE_CHECKED,unknown,SOURCE_CHECKED_NOT_FOUND,medium,DISCLOSURE_VIOLATION_LIST,Not found in parsed DISCLOSURE_VIOLATION_LIST,,2026-06-05T04:42:13+00:00,Absence from parsed list is not a guarantee of clean disclosure; it only means this ticker was not found in this parsed source/list.
KDH,2026-06-05,2026-06-05,HOSE,hose,hose:disclosure_violation_list,https://api.hsx.vn/l/api/v1/1/securities/stock-status?pageIndex=1&pageSize=500&statusListId=47,True,False,False,False,False,False,False,False,False,False,False,False,NO_MATERIAL_DISCLOSURE_FOUND_SOURCE_CHECKED,unknown,SOURCE_CHECKED_NOT_FOUND,medium,DISCLOSURE_VIOLATION_LIST,Not found in parsed DISCLOSURE_VIOLATION_LIST,,2026-06-05T04:42:13+00:00,Absence from parsed list is not a guarantee of clean disclosure; it only means this ticker was not found in this parsed source/list.
NLG,2026-06-05,2026-06-05,HOSE,hose,hose:disclosure_violation_list,https://api.hsx.vn/l/api/v1/1/securities/stock-status?pageIndex=1&pageSize=500&statusListId=47,True,False,False,False,False,False,False,False,False,False,False,False,NO_MATERIAL_DISCLOSURE_FOUND_SOURCE_CHECKED,unknown,SOURCE_CHECKED_NOT_FOUND,medium,DISCLOSURE_VIOLATION_LIST,Not found in parsed DISCLOSURE_VIOLATION_LIST,,2026-06-05T04:42:13+00:00,Absence from parsed list is not a guarantee of clean disclosure; it only means this ticker was not found in this parsed source/list.
SSI,2026-06-05,2026-06-05,HOSE,hose,hose:disclosure_violation_list,https://api.hsx.vn/l/api/v1/1/securities/stock-status?pageIndex=1&pageSize=500&statusListId=47,True,False,False,False,False,False,False,False,False,False,False,False,NO_MATERIAL_DISCLOSURE_FOUND_SOURCE_CHECKED,unknown,SOURCE_CHECKED_NOT_FOUND,medium,DISCLOSURE_VIOLATION_LIST,Not found in parsed DISCLOSURE_VIOLATION_LIST,,2026-06-05T04:42:13+00:00,Absence from parsed list is not a guarantee of clean disclosure; it only means this ticker was not found in this parsed source/list.
VND,2026-06-05,2026-06-05,HOSE,hose,hose:disclosure_violation_list,https://api.hsx.vn/l/api/v1/1/securities/stock-status?pageIndex=1&pageSize=500&statusListId=47,True,False,False,False,False,False,False,False,False,False,False,False,NO_MATERIAL_DISCLOSURE_FOUND_SOURCE_CHECKED,unknown,SOURCE_CHECKED_NOT_FOUND,medium,DISCLOSURE_VIOLATION_LIST,Not found in parsed DISCLOSURE_VIOLATION_LIST,,2026-06-05T04:42:13+00:00,Absence from parsed list is not a guarantee of clean disclosure; it only means this ticker was not found in this parsed source/list.
GAS,2026-06-05,2026-06-05,HOSE,hose,hose:disclosure_violation_list,https://api.hsx.vn/l/api/v1/1/securities/stock-status?pageIndex=1&pageSize=500&statusListId=47,True,False,False,False,False,False,False,False,False,False,False,False,NO_MATERIAL_DISCLOSURE_FOUND_SOURCE_CHECKED,unknown,SOURCE_CHECKED_NOT_FOUND,medium,DISCLOSURE_VIOLATION_LIST,Not found in parsed DISCLOSURE_VIOLATION_LIST,,2026-06-05T04:42:13+00:00,Absence from parsed list is not a guarantee of clean disclosure; it only means this ticker was not found in this parsed source/list.
PVS,2026-06-05,2026-06-05,HOSE,hose,hose:disclosure_violation_list,https://api.hsx.vn/l/api/v1/1/securities/stock-status?pageIndex=1&pageSize=500&statusListId=47,True,False,False,False,False,False,False,False,False,False,False,False,NO_MATERIAL_DISCLOSURE_FOUND_SOURCE_CHECKED,unknown,SOURCE_CHECKED_NOT_FOUND,medium,DISCLOSURE_VIOLATION_LIST,Not found in parsed DISCLOSURE_VIOLATION_LIST,,2026-06-05T04:42:13+00:00,Absence from parsed list is not a guarantee of clean disclosure; it only means this ticker was not found in this parsed source/list.
FPT,2026-06-05,2026-06-05,HOSE,hose,hose:disclosure_violation_list,https://api.hsx.vn/l/api/v1/1/securities/stock-status?pageIndex=1&pageSize=500&statusListId=47,True,False,False,False,False,False,False,False,False,False,False,False,NO_MATERIAL_DISCLOSURE_FOUND_SOURCE_CHECKED,unknown,SOURCE_CHECKED_NOT_FOUND,medium,DISCLOSURE_VIOLATION_LIST,Not found in parsed DISCLOSURE_VIOLATION_LIST,,2026-06-05T04:42:13+00:00,Absence from parsed list is not a guarantee of clean disclosure; it only means this ticker was not found in this parsed source/list.
MWG,2026-06-05,2026-06-05,HOSE,hose,hose:disclosure_violation_list,https://api.hsx.vn/l/api/v1/1/securities/stock-status?pageIndex=1&pageSize=500&statusListId=47,True,False,False,False,False,False,False,False,False,False,False,False,NO_MATERIAL_DISCLOSURE_FOUND_SOURCE_CHECKED,unknown,SOURCE_CHECKED_NOT_FOUND,medium,DISCLOSURE_VIOLATION_LIST,Not found in parsed DISCLOSURE_VIOLATION_LIST,,2026-06-05T04:42:13+00:00,Absence from parsed list is not a guarantee of clean disclosure; it only means this ticker was not found in this parsed source/list.
VGC,2026-06-05,2026-06-05,HOSE,hose,hose:disclosure_violation_list,https://api.hsx.vn/l/api/v1/1/securities/stock-status?pageIndex=1&pageSize=500&statusListId=47,True,False,False,False,False,False,False,False,False,False,False,False,NO_MATERIAL_DISCLOSURE_FOUND_SOURCE_CHECKED,unknown,SOURCE_CHECKED_NOT_FOUND,medium,DISCLOSURE_VIOLATION_LIST,Not found in parsed DISCLOSURE_VIOLATION_LIST,,2026-06-05T04:42:13+00:00,Absence from parsed list is not a guarantee of clean disclosure; it only means this ticker was not found in this parsed source/list.
GMD,2026-06-05,2026-06-05,HOSE,hose,hose:disclosure_violation_list,https://api.hsx.vn/l/api/v1/1/securities/stock-status?pageIndex=1&pageSize=500&statusListId=47,True,False,False,False,False,False,False,False,False,False,False,False,NO_MATERIAL_DISCLOSURE_FOUND_SOURCE_CHECKED,unknown,SOURCE_CHECKED_NOT_FOUND,medium,DISCLOSURE_VIOLATION_LIST,Not found in parsed DISCLOSURE_VIOLATION_LIST,,2026-06-05T04:42:13+00:00,Absence from parsed list is not a guarantee of clean disclosure; it only means this ticker was not found in this parsed source/list.
VHC,2026-06-05,2026-06-05,HOSE,hose,hose:disclosure_violation_list,https://api.hsx.vn/l/api/v1/1/securities/stock-status?pageIndex=1&pageSize=500&statusListId=47,True,False,False,False,False,False,False,False,False,False,False,False,NO_MATERIAL_DISCLOSURE_FOUND_SOURCE_CHECKED,unknown,SOURCE_CHECKED_NOT_FOUND,medium,DISCLOSURE_VIOLATION_LIST,Not found in parsed DISCLOSURE_VIOLATION_LIST,,2026-06-05T04:42:13+00:00,Absence from parsed list is not a guarantee of clean disclosure; it only means this ticker was not found in this parsed source/list.
TCM,2026-06-05,2026-06-05,HOSE,hose,hose:disclosure_violation_list,https://api.hsx.vn/l/api/v1/1/securities/stock-status?pageIndex=1&pageSize=500&statusListId=47,True,False,False,False,False,False,False,False,False,False,False,False,NO_MATERIAL_DISCLOSURE_FOUND_SOURCE_CHECKED,unknown,SOURCE_CHECKED_NOT_FOUND,medium,DISCLOSURE_VIOLATION_LIST,Not found in parsed DISCLOSURE_VIOLATION_LIST,,2026-06-05T04:42:13+00:00,Absence from parsed list is not a guarantee of clean disclosure; it only means this ticker was not found in this parsed source/list.
VCB,2026-06-05,2026-06-05,HOSE,hose,hose:late_financial_report_list,https://api.hsx.vn/l/api/v1/1/securities/stock-status?pageIndex=1&pageSize=500&statusListId=48,True,False,False,False,False,False,False,False,False,False,False,False,NO_MATERIAL_DISCLOSURE_FOUND_SOURCE_CHECKED,unknown,SOURCE_CHECKED_NOT_FOUND,medium,LATE_FINANCIAL_REPORT_LIST,Not found in parsed LATE_FINANCIAL_REPORT_LIST,,2026-06-05T04:42:18+00:00,Absence from parsed list is not a guarantee of clean disclosure; it only means this ticker was not found in this parsed source/list.
BID,2026-06-05,2026-06-05,HOSE,hose,hose:late_financial_report_list,https://api.hsx.vn/l/api/v1/1/securities/stock-status?pageIndex=1&pageSize=500&statusListId=48,True,False,False,False,False,False,False,False,False,False,False,False,NO_MATERIAL_DISCLOSURE_FOUND_SOURCE_CHECKED,unknown,SOURCE_CHECKED_NOT_FOUND,medium,LATE_FINANCIAL_REPORT_LIST,Not found in parsed LATE_FINANCIAL_REPORT_LIST,,2026-06-05T04:42:18+00:00,Absence from parsed list is not a guarantee of clean disclosure; it only means this ticker was not found in this parsed source/list.
CTG,2026-06-05,2026-06-05,HOSE,hose,hose:late_financial_report_list,https://api.hsx.vn/l/api/v1/1/securities/stock-status?pageIndex=1&pageSize=500&statusListId=48,True,False,False,False,False,False,False,False,False,False,False,False,NO_MATERIAL_DISCLOSURE_FOUND_SOURCE_CHECKED,unknown,SOURCE_CHECKED_NOT_FOUND,medium,LATE_FINANCIAL_REPORT_LIST,Not found in parsed LATE_FINANCIAL_REPORT_LIST,,2026-06-05T04:42:18+00:00,Absence from parsed list is not a guarantee of clean disclosure; it only means this ticker was not found in this parsed source/list.
MBB,2026-06-05,2026-06-05,HOSE,hose,hose:late_financial_report_list,https://api.hsx.vn/l/api/v1/1/securities/stock-status?pageIndex=1&pageSize=500&statusListId=48,True,False,False,False,False,False,False,False,False,False,False,False,NO_MATERIAL_DISCLOSURE_FOUND_SOURCE_CHECKED,unknown,SOURCE_CHECKED_NOT_FOUND,medium,LATE_FINANCIAL_REPORT_LIST,Not found in parsed LATE_FINANCIAL_REPORT_LIST,,2026-06-05T04:42:18+00:00,Absence from parsed list is not a guarantee of clean disclosure; it only means this ticker was not found in this parsed source/list.
ACB,2026-06-05,2026-06-05,HOSE,hose,hose:late_financial_report_list,https://api.hsx.vn/l/api/v1/1/securities/stock-status?pageIndex=1&pageSize=500&statusListId=48,True,False,False,False,False,False,False,False,False,False,False,False,NO_MATERIAL_DISCLOSURE_FOUND_SOURCE_CHECKED,unknown,SOURCE_CHECKED_NOT_FOUND,medium,LATE_FINANCIAL_REPORT_LIST,Not found in parsed LATE_FINANCIAL_REPORT_LIST,,2026-06-05T04:42:18+00:00,Absence from parsed list is not a guarantee of clean disclosure; it only means this ticker was not found in this parsed source/list.
HPG,2026-06-05,2026-06-05,HOSE,hose,hose:late_financial_report_list,https://api.hsx.vn/l/api/v1/1/securities/stock-status?pageIndex=1&pageSize=500&statusListId=48,True,False,False,False,False,False,False,False,False,False,False,False,NO_MATERIAL_DISCLOSURE_FOUND_SOURCE_CHECKED,unknown,SOURCE_CHECKED_NOT_FOUND,medium,LATE_FINANCIAL_REPORT_LIST,Not found in parsed LATE_FINANCIAL_REPORT_LIST,,2026-06-05T04:42:18+00:00,Absence from parsed list is not a guarantee of clean disclosure; it only means this ticker was not found in this parsed source/list.
HSG,2026-06-05,2026-06-05,HOSE,hose,hose:late_financial_report_list,https://api.hsx.vn/l/api/v1/1/securities/stock-status?pageIndex=1&pageSize=500&statusListId=48,True,False,False,False,False,False,False,False,False,False,False,False,NO_MATERIAL_DISCLOSURE_FOUND_SOURCE_CHECKED,unknown,SOURCE_CHECKED_NOT_FOUND,medium,LATE_FINANCIAL_REPORT_LIST,Not found in parsed LATE_FINANCIAL_REPORT_LIST,,2026-06-05T04:42:18+00:00,Absence from parsed list is not a guarantee of clean disclosure; it only means this ticker was not found in this parsed source/list.
VHM,2026-06-05,2026-06-05,HOSE,hose,hose:late_financial_report_list,https://api.hsx.vn/l/api/v1/1/securities/stock-status?pageIndex=1&pageSize=500&statusListId=48,True,False,False,False,False,False,False,False,False,False,False,False,NO_MATERIAL_DISCLOSURE_FOUND_SOURCE_CHECKED,unknown,SOURCE_CHECKED_NOT_FOUND,medium,LATE_FINANCIAL_REPORT_LIST,Not found in parsed LATE_FINANCIAL_REPORT_LIST,,2026-06-05T04:42:18+00:00,Absence from parsed list is not a guarantee of clean disclosure; it only means this ticker was not found in this parsed source/list.
KDH,2026-06-05,2026-06-05,HOSE,hose,hose:late_financial_report_list,https://api.hsx.vn/l/api/v1/1/securities/stock-status?pageIndex=1&pageSize=500&statusListId=48,True,False,False,False,False,False,False,False,False,False,False,False,NO_MATERIAL_DISCLOSURE_FOUND_SOURCE_CHECKED,unknown,SOURCE_CHECKED_NOT_FOUND,medium,LATE_FINANCIAL_REPORT_LIST,Not found in parsed LATE_FINANCIAL_REPORT_LIST,,2026-06-05T04:42:18+00:00,Absence from parsed list is not a guarantee of clean disclosure; it only means this ticker was not found in this parsed source/list.
NLG,2026-06-05,2026-06-05,HOSE,hose,hose:late_financial_report_list,https://api.hsx.vn/l/api/v1/1/securities/stock-status?pageIndex=1&pageSize=500&statusListId=48,True,False,False,False,False,False,False,False,False,False,False,False,NO_MATERIAL_DISCLOSURE_FOUND_SOURCE_CHECKED,unknown,SOURCE_CHECKED_NOT_FOUND,medium,LATE_FINANCIAL_REPORT_LIST,Not found in parsed LATE_FINANCIAL_REPORT_LIST,,2026-06-05T04:42:18+00:00,Absence from parsed list is not a guarantee of clean disclosure; it only means this ticker was not found in this parsed source/list.
SSI,2026-06-05,2026-06-05,HOSE,hose,hose:late_financial_report_list,https://api.hsx.vn/l/api/v1/1/securities/stock-status?pageIndex=1&pageSize=500&statusListId=48,True,False,False,False,False,False,False,False,False,False,False,False,NO_MATERIAL_DISCLOSURE_FOUND_SOURCE_CHECKED,unknown,SOURCE_CHECKED_NOT_FOUND,medium,LATE_FINANCIAL_REPORT_LIST,Not found in parsed LATE_FINANCIAL_REPORT_LIST,,2026-06-05T04:42:18+00:00,Absence from parsed list is not a guarantee of clean disclosure; it only means this ticker was not found in this parsed source/list.
VND,2026-06-05,2026-06-05,HOSE,hose,hose:late_financial_report_list,https://api.hsx.vn/l/api/v1/1/securities/stock-status?pageIndex=1&pageSize=500&statusListId=48,True,False,False,False,False,False,False,False,False,False,False,False,NO_MATERIAL_DISCLOSURE_FOUND_SOURCE_CHECKED,unknown,SOURCE_CHECKED_NOT_FOUND,medium,LATE_FINANCIAL_REPORT_LIST,Not found in parsed LATE_FINANCIAL_REPORT_LIST,,2026-06-05T04:42:18+00:00,Absence from parsed list is not a guarantee of clean disclosure; it only means this ticker was not found in this parsed source/list.
GAS,2026-06-05,2026-06-05,HOSE,hose,hose:late_financial_report_list,https://api.hsx.vn/l/api/v1/1/securities/stock-status?pageIndex=1&pageSize=500&statusListId=48,True,False,False,False,False,False,False,False,False,False,False,False,NO_MATERIAL_DISCLOSURE_FOUND_SOURCE_CHECKED,unknown,SOURCE_CHECKED_NOT_FOUND,medium,LATE_FINANCIAL_REPORT_LIST,Not found in parsed LATE_FINANCIAL_REPORT_LIST,,2026-06-05T04:42:18+00:00,Absence from parsed list is not a guarantee of clean disclosure; it only means this ticker was not found in this parsed source/list.
PVS,2026-06-05,2026-06-05,HOSE,hose,hose:late_financial_report_list,https://api.hsx.vn/l/api/v1/1/securities/stock-status?pageIndex=1&pageSize=500&statusListId=48,True,False,False,False,False,False,False,False,False,False,False,False,NO_MATERIAL_DISCLOSURE_FOUND_SOURCE_CHECKED,unknown,SOURCE_CHECKED_NOT_FOUND,medium,LATE_FINANCIAL_REPORT_LIST,Not found in parsed LATE_FINANCIAL_REPORT_LIST,,2026-06-05T04:42:18+00:00,Absence from parsed list is not a guarantee of clean disclosure; it only means this ticker was not found in this parsed source/list.
FPT,2026-06-05,2026-06-05,HOSE,hose,hose:late_financial_report_list,https://api.hsx.vn/l/api/v1/1/securities/stock-status?pageIndex=1&pageSize=500&statusListId=48,True,False,False,False,False,False,False,False,False,False,False,False,NO_MATERIAL_DISCLOSURE_FOUND_SOURCE_CHECKED,unknown,SOURCE_CHECKED_NOT_FOUND,medium,LATE_FINANCIAL_REPORT_LIST,Not found in parsed LATE_FINANCIAL_REPORT_LIST,,2026-06-05T04:42:18+00:00,Absence from parsed list is not a guarantee of clean disclosure; it only means this ticker was not found in this parsed source/list.
MWG,2026-06-05,2026-06-05,HOSE,hose,hose:late_financial_report_list,https://api.hsx.vn/l/api/v1/1/securities/stock-status?pageIndex=1&pageSize=500&statusListId=48,True,False,False,False,False,False,False,False,False,False,False,False,NO_MATERIAL_DISCLOSURE_FOUND_SOURCE_CHECKED,unknown,SOURCE_CHECKED_NOT_FOUND,medium,LATE_FINANCIAL_REPORT_LIST,Not found in parsed LATE_FINANCIAL_REPORT_LIST,,2026-06-05T04:42:18+00:00,Absence from parsed list is not a guarantee of clean disclosure; it only means this ticker was not found in this parsed source/list.
VGC,2026-06-05,2026-06-05,HOSE,hose,hose:late_financial_report_list,https://api.hsx.vn/l/api/v1/1/securities/stock-status?pageIndex=1&pageSize=500&statusListId=48,True,False,False,False,False,False,False,False,False,False,False,False,NO_MATERIAL_DISCLOSURE_FOUND_SOURCE_CHECKED,unknown,SOURCE_CHECKED_NOT_FOUND,medium,LATE_FINANCIAL_REPORT_LIST,Not found in parsed LATE_FINANCIAL_REPORT_LIST,,2026-06-05T04:42:18+00:00,Absence from parsed list is not a guarantee of clean disclosure; it only means this ticker was not found in this parsed source/list.
GMD,2026-06-05,2026-06-05,HOSE,hose,hose:late_financial_report_list,https://api.hsx.vn/l/api/v1/1/securities/stock-status?pageIndex=1&pageSize=500&statusListId=48,True,False,False,False,False,False,False,False,False,False,False,False,NO_MATERIAL_DISCLOSURE_FOUND_SOURCE_CHECKED,unknown,SOURCE_CHECKED_NOT_FOUND,medium,LATE_FINANCIAL_REPORT_LIST,Not found in parsed LATE_FINANCIAL_REPORT_LIST,,2026-06-05T04:42:18+00:00,Absence from parsed list is not a guarantee of clean disclosure; it only means this ticker was not found in this parsed source/list.
VHC,2026-06-05,2026-06-05,HOSE,hose,hose:late_financial_report_list,https://api.hsx.vn/l/api/v1/1/securities/stock-status?pageIndex=1&pageSize=500&statusListId=48,True,False,False,False,False,False,False,False,False,False,False,False,NO_MATERIAL_DISCLOSURE_FOUND_SOURCE_CHECKED,unknown,SOURCE_CHECKED_NOT_FOUND,medium,LATE_FINANCIAL_REPORT_LIST,Not found in parsed LATE_FINANCIAL_REPORT_LIST,,2026-06-05T04:42:18+00:00,Absence from parsed list is not a guarantee of clean disclosure; it only means this ticker was not found in this parsed source/list.
TCM,2026-06-05,2026-06-05,HOSE,hose,hose:late_financial_report_list,https://api.hsx.vn/l/api/v1/1/securities/stock-status?pageIndex=1&pageSize=500&statusListId=48,True,False,False,False,False,False,False,False,False,False,False,False,NO_MATERIAL_DISCLOSURE_FOUND_SOURCE_CHECKED,unknown,SOURCE_CHECKED_NOT_FOUND,medium,LATE_FINANCIAL_REPORT_LIST,Not found in parsed LATE_FINANCIAL_REPORT_LIST,,2026-06-05T04:42:18+00:00,Absence from parsed list is not a guarantee of clean disclosure; it only means this ticker was not found in this parsed source/list.
VCB,2026-06-05,2026-06-05,HOSE,hose,hose:warning_list,https://api.hsx.vn/l/api/v1/1/securities/stock-status?pageIndex=1&pageSize=500&statusListId=49,True,False,False,False,False,False,False,False,False,False,False,False,NO_MATERIAL_DISCLOSURE_FOUND_SOURCE_CHECKED,unknown,SOURCE_CHECKED_NOT_FOUND,medium,WARNING_LIST,Not found in parsed WARNING_LIST,,2026-06-05T04:42:22+00:00,Absence from parsed list is not a guarantee of clean disclosure; it only means this ticker was not found in this parsed source/list.
BID,2026-06-05,2026-06-05,HOSE,hose,hose:warning_list,https://api.hsx.vn/l/api/v1/1/securities/stock-status?pageIndex=1&pageSize=500&statusListId=49,True,False,False,False,False,False,False,False,False,False,False,False,NO_MATERIAL_DISCLOSURE_FOUND_SOURCE_CHECKED,unknown,SOURCE_CHECKED_NOT_FOUND,medium,WARNING_LIST,Not found in parsed WARNING_LIST,,2026-06-05T04:42:22+00:00,Absence from parsed list is not a guarantee of clean disclosure; it only means this ticker was not found in this parsed source/list.
CTG,2026-06-05,2026-06-05,HOSE,hose,hose:warning_list,https://api.hsx.vn/l/api/v1/1/securities/stock-status?pageIndex=1&pageSize=500&statusListId=49,True,False,False,False,False,False,False,False,False,False,False,False,NO_MATERIAL_DISCLOSURE_FOUND_SOURCE_CHECKED,unknown,SOURCE_CHECKED_NOT_FOUND,medium,WARNING_LIST,Not found in parsed WARNING_LIST,,2026-06-05T04:42:22+00:00,Absence from parsed list is not a guarantee of clean disclosure; it only means this ticker was not found in this parsed source/list.
MBB,2026-06-05,2026-06-05,HOSE,hose,hose:warning_list,https://api.hsx.vn/l/api/v1/1/securities/stock-status?pageIndex=1&pageSize=500&statusListId=49,True,False,False,False,False,False,False,False,False,False,False,False,NO_MATERIAL_DISCLOSURE_FOUND_SOURCE_CHECKED,unknown,SOURCE_CHECKED_NOT_FOUND,medium,WARNING_LIST,Not found in parsed WARNING_LIST,,2026-06-05T04:42:22+00:00,Absence from parsed list is not a guarantee of clean disclosure; it only means this ticker was not found in this parsed source/list.
ACB,2026-06-05,2026-06-05,HOSE,hose,hose:warning_list,https://api.hsx.vn/l/api/v1/1/securities/stock-status?pageIndex=1&pageSize=500&statusListId=49,True,False,False,False,False,False,False,False,False,False,False,False,NO_MATERIAL_DISCLOSURE_FOUND_SOURCE_CHECKED,unknown,SOURCE_CHECKED_NOT_FOUND,medium,WARNING_LIST,Not found in parsed WARNING_LIST,,2026-06-05T04:42:22+00:00,Absence from parsed list is not a guarantee of clean disclosure; it only means this ticker was not found in this parsed source/list.
HPG,2026-06-05,2026-06-05,HOSE,hose,hose:warning_list,https://api.hsx.vn/l/api/v1/1/securities/stock-status?pageIndex=1&pageSize=500&statusListId=49,True,False,False,False,False,False,False,False,False,False,False,False,NO_MATERIAL_DISCLOSURE_FOUND_SOURCE_CHECKED,unknown,SOURCE_CHECKED_NOT_FOUND,medium,WARNING_LIST,Not found in parsed WARNING_LIST,,2026-06-05T04:42:22+00:00,Absence from parsed list is not a guarantee of clean disclosure; it only means this ticker was not found in this parsed source/list.
HSG,2026-06-05,2026-06-05,HOSE,hose,hose:warning_list,https://api.hsx.vn/l/api/v1/1/securities/stock-status?pageIndex=1&pageSize=500&statusListId=49,True,False,False,False,False,False,False,False,False,False,False,False,NO_MATERIAL_DISCLOSURE_FOUND_SOURCE_CHECKED,unknown,SOURCE_CHECKED_NOT_FOUND,medium,WARNING_LIST,Not found in parsed WARNING_LIST,,2026-06-05T04:42:22+00:00,Absence from parsed list is not a guarantee of clean disclosure; it only means this ticker was not found in this parsed source/list.
VHM,2026-06-05,2026-06-05,HOSE,hose,hose:warning_list,https://api.hsx.vn/l/api/v1/1/securities/stock-status?pageIndex=1&pageSize=500&statusListId=49,True,False,False,False,False,False,False,False,False,False,False,False,NO_MATERIAL_DISCLOSURE_FOUND_SOURCE_CHECKED,unknown,SOURCE_CHECKED_NOT_FOUND,medium,WARNING_LIST,Not found in parsed WARNING_LIST,,2026-06-05T04:42:22+00:00,Absence from parsed list is not a guarantee of clean disclosure; it only means this ticker was not found in this parsed source/list.
KDH,2026-06-05,2026-06-05,HOSE,hose,hose:warning_list,https://api.hsx.vn/l/api/v1/1/securities/stock-status?pageIndex=1&pageSize=500&statusListId=49,True,False,False,False,False,False,False,False,False,False,False,False,NO_MATERIAL_DISCLOSURE_FOUND_SOURCE_CHECKED,unknown,SOURCE_CHECKED_NOT_FOUND,medium,WARNING_LIST,Not found in parsed WARNING_LIST,,2026-06-05T04:42:22+00:00,Absence from parsed list is not a guarantee of clean disclosure; it only means this ticker was not found in this parsed source/list.
NLG,2026-06-05,2026-06-05,HOSE,hose,hose:warning_list,https://api.hsx.vn/l/api/v1/1/securities/stock-status?pageIndex=1&pageSize=500&statusListId=49,True,False,False,False,False,False,False,False,False,False,False,False,NO_MATERIAL_DISCLOSURE_FOUND_SOURCE_CHECKED,unknown,SOURCE_CHECKED_NOT_FOUND,medium,WARNING_LIST,Not found in parsed WARNING_LIST,,2026-06-05T04:42:22+00:00,Absence from parsed list is not a guarantee of clean disclosure; it only means this ticker was not found in this parsed source/list.
SSI,2026-06-05,2026-06-05,HOSE,hose,hose:warning_list,https://api.hsx.vn/l/api/v1/1/securities/stock-status?pageIndex=1&pageSize=500&statusListId=49,True,False,False,False,False,False,False,False,False,False,False,False,NO_MATERIAL_DISCLOSURE_FOUND_SOURCE_CHECKED,unknown,SOURCE_CHECKED_NOT_FOUND,medium,WARNING_LIST,Not found in parsed WARNING_LIST,,2026-06-05T04:42:22+00:00,Absence from parsed list is not a guarantee of clean disclosure; it only means this ticker was not found in this parsed source/list.
VND,2026-06-05,2026-06-05,HOSE,hose,hose:warning_list,https://api.hsx.vn/l/api/v1/1/securities/stock-status?pageIndex=1&pageSize=500&statusListId=49,True,False,False,False,False,False,False,False,False,False,False,False,NO_MATERIAL_DISCLOSURE_FOUND_SOURCE_CHECKED,unknown,SOURCE_CHECKED_NOT_FOUND,medium,WARNING_LIST,Not found in parsed WARNING_LIST,,2026-06-05T04:42:22+00:00,Absence from parsed list is not a guarantee of clean disclosure; it only means this ticker was not found in this parsed source/list.
GAS,2026-06-05,2026-06-05,HOSE,hose,hose:warning_list,https://api.hsx.vn/l/api/v1/1/securities/stock-status?pageIndex=1&pageSize=500&statusListId=49,True,False,False,False,False,False,False,False,False,False,False,False,NO_MATERIAL_DISCLOSURE_FOUND_SOURCE_CHECKED,unknown,SOURCE_CHECKED_NOT_FOUND,medium,WARNING_LIST,Not found in parsed WARNING_LIST,,2026-06-05T04:42:22+00:00,Absence from parsed list is not a guarantee of clean disclosure; it only means this ticker was not found in this parsed source/list.
PVS,2026-06-05,2026-06-05,HOSE,hose,hose:warning_list,https://api.hsx.vn/l/api/v1/1/securities/stock-status?pageIndex=1&pageSize=500&statusListId=49,True,False,False,False,False,False,False,False,False,False,False,False,NO_MATERIAL_DISCLOSURE_FOUND_SOURCE_CHECKED,unknown,SOURCE_CHECKED_NOT_FOUND,medium,WARNING_LIST,Not found in parsed WARNING_LIST,,2026-06-05T04:42:22+00:00,Absence from parsed list is not a guarantee of clean disclosure; it only means this ticker was not found in this parsed source/list.
FPT,2026-06-05,2026-06-05,HOSE,hose,hose:warning_list,https://api.hsx.vn/l/api/v1/1/securities/stock-status?pageIndex=1&pageSize=500&statusListId=49,True,False,False,False,False,False,False,False,False,False,False,False,NO_MATERIAL_DISCLOSURE_FOUND_SOURCE_CHECKED,unknown,SOURCE_CHECKED_NOT_FOUND,medium,WARNING_LIST,Not found in parsed WARNING_LIST,,2026-06-05T04:42:22+00:00,Absence from parsed list is not a guarantee of clean disclosure; it only means this ticker was not found in this parsed source/list.
MWG,2026-06-05,2026-06-05,HOSE,hose,hose:warning_list,https://api.hsx.vn/l/api/v1/1/securities/stock-status?pageIndex=1&pageSize=500&statusListId=49,True,False,False,False,False,False,False,False,False,False,False,False,NO_MATERIAL_DISCLOSURE_FOUND_SOURCE_CHECKED,unknown,SOURCE_CHECKED_NOT_FOUND,medium,WARNING_LIST,Not found in parsed WARNING_LIST,,2026-06-05T04:42:22+00:00,Absence from parsed list is not a guarantee of clean disclosure; it only means this ticker was not found in this parsed source/list.
VGC,2026-06-05,2026-06-05,HOSE,hose,hose:warning_list,https://api.hsx.vn/l/api/v1/1/securities/stock-status?pageIndex=1&pageSize=500&statusListId=49,True,False,False,False,False,False,False,False,False,False,False,False,NO_MATERIAL_DISCLOSURE_FOUND_SOURCE_CHECKED,unknown,SOURCE_CHECKED_NOT_FOUND,medium,WARNING_LIST,Not found in parsed WARNING_LIST,,2026-06-05T04:42:22+00:00,Absence from parsed list is not a guarantee of clean disclosure; it only means this ticker was not found in this parsed source/list.
GMD,2026-06-05,2026-06-05,HOSE,hose,hose:warning_list,https://api.hsx.vn/l/api/v1/1/securities/stock-status?pageIndex=1&pageSize=500&statusListId=49,True,False,False,False,False,False,False,False,False,False,False,False,NO_MATERIAL_DISCLOSURE_FOUND_SOURCE_CHECKED,unknown,SOURCE_CHECKED_NOT_FOUND,medium,WARNING_LIST,Not found in parsed WARNING_LIST,,2026-06-05T04:42:22+00:00,Absence from parsed list is not a guarantee of clean disclosure; it only means this ticker was not found in this parsed source/list.
VHC,2026-06-05,2026-06-05,HOSE,hose,hose:warning_list,https://api.hsx.vn/l/api/v1/1/securities/stock-status?pageIndex=1&pageSize=500&statusListId=49,True,False,False,False,False,False,False,False,False,False,False,False,NO_MATERIAL_DISCLOSURE_FOUND_SOURCE_CHECKED,unknown,SOURCE_CHECKED_NOT_FOUND,medium,WARNING_LIST,Not found in parsed WARNING_LIST,,2026-06-05T04:42:22+00:00,Absence from parsed list is not a guarantee of clean disclosure; it only means this ticker was not found in this parsed source/list.
TCM,2026-06-05,2026-06-05,HOSE,hose,hose:warning_list,https://api.hsx.vn/l/api/v1/1/securities/stock-status?pageIndex=1&pageSize=500&statusListId=49,True,False,False,False,False,False,False,False,False,False,False,False,NO_MATERIAL_DISCLOSURE_FOUND_SOURCE_CHECKED,unknown,SOURCE_CHECKED_NOT_FOUND,medium,WARNING_LIST,Not found in parsed WARNING_LIST,,2026-06-05T04:42:22+00:00,Absence from parsed list is not a guarantee of clean disclosure; it only means this ticker was not found in this parsed source/list.
VCB,2026-06-05,2026-06-05,HOSE,hose,hose:control_list,https://api.hsx.vn/l/api/v1/1/securities/stock-status?pageIndex=1&pageSize=500&statusListId=50,True,False,False,False,False,False,False,False,False,False,False,False,NO_MATERIAL_DISCLOSURE_FOUND_SOURCE_CHECKED,unknown,SOURCE_CHECKED_NOT_FOUND,medium,CONTROL_LIST,Not found in parsed CONTROL_LIST,,2026-06-05T04:42:26+00:00,Absence from parsed list is not a guarantee of clean disclosure; it only means this ticker was not found in this parsed source/list.
BID,2026-06-05,2026-06-05,HOSE,hose,hose:control_list,https://api.hsx.vn/l/api/v1/1/securities/stock-status?pageIndex=1&pageSize=500&statusListId=50,True,False,False,False,False,False,False,False,False,False,False,False,NO_MATERIAL_DISCLOSURE_FOUND_SOURCE_CHECKED,unknown,SOURCE_CHECKED_NOT_FOUND,medium,CONTROL_LIST,Not found in parsed CONTROL_LIST,,2026-06-05T04:42:26+00:00,Absence from parsed list is not a guarantee of clean disclosure; it only means this ticker was not found in this parsed source/list.
CTG,2026-06-05,2026-06-05,HOSE,hose,hose:control_list,https://api.hsx.vn/l/api/v1/1/securities/stock-status?pageIndex=1&pageSize=500&statusListId=50,True,False,False,False,False,False,False,False,False,False,False,False,NO_MATERIAL_DISCLOSURE_FOUND_SOURCE_CHECKED,unknown,SOURCE_CHECKED_NOT_FOUND,medium,CONTROL_LIST,Not found in parsed CONTROL_LIST,,2026-06-05T04:42:26+00:00,Absence from parsed list is not a guarantee of clean disclosure; it only means this ticker was not found in this parsed source/list.
MBB,2026-06-05,2026-06-05,HOSE,hose,hose:control_list,https://api.hsx.vn/l/api/v1/1/securities/stock-status?pageIndex=1&pageSize=500&statusListId=50,True,False,False,False,False,False,False,False,False,False,False,False,NO_MATERIAL_DISCLOSURE_FOUND_SOURCE_CHECKED,unknown,SOURCE_CHECKED_NOT_FOUND,medium,CONTROL_LIST,Not found in parsed CONTROL_LIST,,2026-06-05T04:42:26+00:00,Absence from parsed list is not a guarantee of clean disclosure; it only means this ticker was not found in this parsed source/list.
ACB,2026-06-05,2026-06-05,HOSE,hose,hose:control_list,https://api.hsx.vn/l/api/v1/1/securities/stock-status?pageIndex=1&pageSize=500&statusListId=50,True,False,False,False,False,False,False,False,False,False,False,False,NO_MATERIAL_DISCLOSURE_FOUND_SOURCE_CHECKED,unknown,SOURCE_CHECKED_NOT_FOUND,medium,CONTROL_LIST,Not found in parsed CONTROL_LIST,,2026-06-05T04:42:26+00:00,Absence from parsed list is not a guarantee of clean disclosure; it only means this ticker was not found in this parsed source/list.
HPG,2026-06-05,2026-06-05,HOSE,hose,hose:control_list,https://api.hsx.vn/l/api/v1/1/securities/stock-status?pageIndex=1&pageSize=500&statusListId=50,True,False,False,False,False,False,False,False,False,False,False,False,NO_MATERIAL_DISCLOSURE_FOUND_SOURCE_CHECKED,unknown,SOURCE_CHECKED_NOT_FOUND,medium,CONTROL_LIST,Not found in parsed CONTROL_LIST,,2026-06-05T04:42:26+00:00,Absence from parsed list is not a guarantee of clean disclosure; it only means this ticker was not found in this parsed source/list.
HSG,2026-06-05,2026-06-05,HOSE,hose,hose:control_list,https://api.hsx.vn/l/api/v1/1/securities/stock-status?pageIndex=1&pageSize=500&statusListId=50,True,False,False,False,False,False,False,False,False,False,False,False,NO_MATERIAL_DISCLOSURE_FOUND_SOURCE_CHECKED,unknown,SOURCE_CHECKED_NOT_FOUND,medium,CONTROL_LIST,Not found in parsed CONTROL_LIST,,2026-06-05T04:42:26+00:00,Absence from parsed list is not a guarantee of clean disclosure; it only means this ticker was not found in this parsed source/list.
VHM,2026-06-05,2026-06-05,HOSE,hose,hose:control_list,https://api.hsx.vn/l/api/v1/1/securities/stock-status?pageIndex=1&pageSize=500&statusListId=50,True,False,False,False,False,False,False,False,False,False,False,False,NO_MATERIAL_DISCLOSURE_FOUND_SOURCE_CHECKED,unknown,SOURCE_CHECKED_NOT_FOUND,medium,CONTROL_LIST,Not found in parsed CONTROL_LIST,,2026-06-05T04:42:26+00:00,Absence from parsed list is not a guarantee of clean disclosure; it only means this ticker was not found in this parsed source/list.
KDH,2026-06-05,2026-06-05,HOSE,hose,hose:control_list,https://api.hsx.vn/l/api/v1/1/securities/stock-status?pageIndex=1&pageSize=500&statusListId=50,True,False,False,False,False,False,False,False,False,False,False,False,NO_MATERIAL_DISCLOSURE_FOUND_SOURCE_CHECKED,unknown,SOURCE_CHECKED_NOT_FOUND,medium,CONTROL_LIST,Not found in parsed CONTROL_LIST,,2026-06-05T04:42:26+00:00,Absence from parsed list is not a guarantee of clean disclosure; it only means this ticker was not found in this parsed source/list.
NLG,2026-06-05,2026-06-05,HOSE,hose,hose:control_list,https://api.hsx.vn/l/api/v1/1/securities/stock-status?pageIndex=1&pageSize=500&statusListId=50,True,False,False,False,False,False,False,False,False,False,False,False,NO_MATERIAL_DISCLOSURE_FOUND_SOURCE_CHECKED,unknown,SOURCE_CHECKED_NOT_FOUND,medium,CONTROL_LIST,Not found in parsed CONTROL_LIST,,2026-06-05T04:42:26+00:00,Absence from parsed list is not a guarantee of clean disclosure; it only means this ticker was not found in this parsed source/list.
SSI,2026-06-05,2026-06-05,HOSE,hose,hose:control_list,https://api.hsx.vn/l/api/v1/1/securities/stock-status?pageIndex=1&pageSize=500&statusListId=50,True,False,False,False,False,False,False,False,False,False,False,False,NO_MATERIAL_DISCLOSURE_FOUND_SOURCE_CHECKED,unknown,SOURCE_CHECKED_NOT_FOUND,medium,CONTROL_LIST,Not found in parsed CONTROL_LIST,,2026-06-05T04:42:26+00:00,Absence from parsed list is not a guarantee of clean disclosure; it only means this ticker was not found in this parsed source/list.
VND,2026-06-05,2026-06-05,HOSE,hose,hose:control_list,https://api.hsx.vn/l/api/v1/1/securities/stock-status?pageIndex=1&pageSize=500&statusListId=50,True,False,False,False,False,False,False,False,False,False,False,False,NO_MATERIAL_DISCLOSURE_FOUND_SOURCE_CHECKED,unknown,SOURCE_CHECKED_NOT_FOUND,medium,CONTROL_LIST,Not found in parsed CONTROL_LIST,,2026-06-05T04:42:26+00:00,Absence from parsed list is not a guarantee of clean disclosure; it only means this ticker was not found in this parsed source/list.
GAS,2026-06-05,2026-06-05,HOSE,hose,hose:control_list,https://api.hsx.vn/l/api/v1/1/securities/stock-status?pageIndex=1&pageSize=500&statusListId=50,True,False,False,False,False,False,False,False,False,False,False,False,NO_MATERIAL_DISCLOSURE_FOUND_SOURCE_CHECKED,unknown,SOURCE_CHECKED_NOT_FOUND,medium,CONTROL_LIST,Not found in parsed CONTROL_LIST,,2026-06-05T04:42:26+00:00,Absence from parsed list is not a guarantee of clean disclosure; it only means this ticker was not found in this parsed source/list.
PVS,2026-06-05,2026-06-05,HOSE,hose,hose:control_list,https://api.hsx.vn/l/api/v1/1/securities/stock-status?pageIndex=1&pageSize=500&statusListId=50,True,False,False,False,False,False,False,False,False,False,False,False,NO_MATERIAL_DISCLOSURE_FOUND_SOURCE_CHECKED,unknown,SOURCE_CHECKED_NOT_FOUND,medium,CONTROL_LIST,Not found in parsed CONTROL_LIST,,2026-06-05T04:42:26+00:00,Absence from parsed list is not a guarantee of clean disclosure; it only means this ticker was not found in this parsed source/list.
FPT,2026-06-05,2026-06-05,HOSE,hose,hose:control_list,https://api.hsx.vn/l/api/v1/1/securities/stock-status?pageIndex=1&pageSize=500&statusListId=50,True,False,False,False,False,False,False,False,False,False,False,False,NO_MATERIAL_DISCLOSURE_FOUND_SOURCE_CHECKED,unknown,SOURCE_CHECKED_NOT_FOUND,medium,CONTROL_LIST,Not found in parsed CONTROL_LIST,,2026-06-05T04:42:26+00:00,Absence from parsed list is not a guarantee of clean disclosure; it only means this ticker was not found in this parsed source/list.
MWG,2026-06-05,2026-06-05,HOSE,hose,hose:control_list,https://api.hsx.vn/l/api/v1/1/securities/stock-status?pageIndex=1&pageSize=500&statusListId=50,True,False,False,False,False,False,False,False,False,False,False,False,NO_MATERIAL_DISCLOSURE_FOUND_SOURCE_CHECKED,unknown,SOURCE_CHECKED_NOT_FOUND,medium,CONTROL_LIST,Not found in parsed CONTROL_LIST,,2026-06-05T04:42:26+00:00,Absence from parsed list is not a guarantee of clean disclosure; it only means this ticker was not found in this parsed source/list.
VGC,2026-06-05,2026-06-05,HOSE,hose,hose:control_list,https://api.hsx.vn/l/api/v1/1/securities/stock-status?pageIndex=1&pageSize=500&statusListId=50,True,False,False,False,False,False,False,False,False,False,False,False,NO_MATERIAL_DISCLOSURE_FOUND_SOURCE_CHECKED,unknown,SOURCE_CHECKED_NOT_FOUND,medium,CONTROL_LIST,Not found in parsed CONTROL_LIST,,2026-06-05T04:42:26+00:00,Absence from parsed list is not a guarantee of clean disclosure; it only means this ticker was not found in this parsed source/list.
GMD,2026-06-05,2026-06-05,HOSE,hose,hose:control_list,https://api.hsx.vn/l/api/v1/1/securities/stock-status?pageIndex=1&pageSize=500&statusListId=50,True,False,False,False,False,False,False,False,False,False,False,False,NO_MATERIAL_DISCLOSURE_FOUND_SOURCE_CHECKED,unknown,SOURCE_CHECKED_NOT_FOUND,medium,CONTROL_LIST,Not found in parsed CONTROL_LIST,,2026-06-05T04:42:26+00:00,Absence from parsed list is not a guarantee of clean disclosure; it only means this ticker was not found in this parsed source/list.
VHC,2026-06-05,2026-06-05,HOSE,hose,hose:control_list,https://api.hsx.vn/l/api/v1/1/securities/stock-status?pageIndex=1&pageSize=500&statusListId=50,True,False,False,False,False,False,False,False,False,False,False,False,NO_MATERIAL_DISCLOSURE_FOUND_SOURCE_CHECKED,unknown,SOURCE_CHECKED_NOT_FOUND,medium,CONTROL_LIST,Not found in parsed CONTROL_LIST,,2026-06-05T04:42:26+00:00,Absence from parsed list is not a guarantee of clean disclosure; it only means this ticker was not found in this parsed source/list.
TCM,2026-06-05,2026-06-05,HOSE,hose,hose:control_list,https://api.hsx.vn/l/api/v1/1/securities/stock-status?pageIndex=1&pageSize=500&statusListId=50,True,False,False,False,False,False,False,False,False,False,False,False,NO_MATERIAL_DISCLOSURE_FOUND_SOURCE_CHECKED,unknown,SOURCE_CHECKED_NOT_FOUND,medium,CONTROL_LIST,Not found in parsed CONTROL_LIST,,2026-06-05T04:42:26+00:00,Absence from parsed list is not a guarantee of clean disclosure; it only means this ticker was not found in this parsed source/list.
VCB,2026-06-05,2026-06-05,HOSE,hose,hose:trading_restriction_list,https://api.hsx.vn/l/api/v1/1/securities/stock-status?pageIndex=1&pageSize=500&statusListId=51,True,False,False,False,False,False,False,False,False,False,False,False,NO_MATERIAL_DISCLOSURE_FOUND_SOURCE_CHECKED,unknown,SOURCE_CHECKED_NOT_FOUND,medium,TRADING_RESTRICTION_LIST,Not found in parsed TRADING_RESTRICTION_LIST,,2026-06-05T04:42:31+00:00,Absence from parsed list is not a guarantee of clean disclosure; it only means this ticker was not found in this parsed source/list.
BID,2026-06-05,2026-06-05,HOSE,hose,hose:trading_restriction_list,https://api.hsx.vn/l/api/v1/1/securities/stock-status?pageIndex=1&pageSize=500&statusListId=51,True,False,False,False,False,False,False,False,False,False,False,False,NO_MATERIAL_DISCLOSURE_FOUND_SOURCE_CHECKED,unknown,SOURCE_CHECKED_NOT_FOUND,medium,TRADING_RESTRICTION_LIST,Not found in parsed TRADING_RESTRICTION_LIST,,2026-06-05T04:42:31+00:00,Absence from parsed list is not a guarantee of clean disclosure; it only means this ticker was not found in this parsed source/list.
CTG,2026-06-05,2026-06-05,HOSE,hose,hose:trading_restriction_list,https://api.hsx.vn/l/api/v1/1/securities/stock-status?pageIndex=1&pageSize=500&statusListId=51,True,False,False,False,False,False,False,False,False,False,False,False,NO_MATERIAL_DISCLOSURE_FOUND_SOURCE_CHECKED,unknown,SOURCE_CHECKED_NOT_FOUND,medium,TRADING_RESTRICTION_LIST,Not found in parsed TRADING_RESTRICTION_LIST,,2026-06-05T04:42:31+00:00,Absence from parsed list is not a guarantee of clean disclosure; it only means this ticker was not found in this parsed source/list.
MBB,2026-06-05,2026-06-05,HOSE,hose,hose:trading_restriction_list,https://api.hsx.vn/l/api/v1/1/securities/stock-status?pageIndex=1&pageSize=500&statusListId=51,True,False,False,False,False,False,False,False,False,False,False,False,NO_MATERIAL_DISCLOSURE_FOUND_SOURCE_CHECKED,unknown,SOURCE_CHECKED_NOT_FOUND,medium,TRADING_RESTRICTION_LIST,Not found in parsed TRADING_RESTRICTION_LIST,,2026-06-05T04:42:31+00:00,Absence from parsed list is not a guarantee of clean disclosure; it only means this ticker was not found in this parsed source/list.
ACB,2026-06-05,2026-06-05,HOSE,hose,hose:trading_restriction_list,https://api.hsx.vn/l/api/v1/1/securities/stock-status?pageIndex=1&pageSize=500&statusListId=51,True,False,False,False,False,False,False,False,False,False,False,False,NO_MATERIAL_DISCLOSURE_FOUND_SOURCE_CHECKED,unknown,SOURCE_CHECKED_NOT_FOUND,medium,TRADING_RESTRICTION_LIST,Not found in parsed TRADING_RESTRICTION_LIST,,2026-06-05T04:42:31+00:00,Absence from parsed list is not a guarantee of clean disclosure; it only means this ticker was not found in this parsed source/list.
HPG,2026-06-05,2026-06-05,HOSE,hose,hose:trading_restriction_list,https://api.hsx.vn/l/api/v1/1/securities/stock-status?pageIndex=1&pageSize=500&statusListId=51,True,False,False,False,False,False,False,False,False,False,False,False,NO_MATERIAL_DISCLOSURE_FOUND_SOURCE_CHECKED,unknown,SOURCE_CHECKED_NOT_FOUND,medium,TRADING_RESTRICTION_LIST,Not found in parsed TRADING_RESTRICTION_LIST,,2026-06-05T04:42:31+00:00,Absence from parsed list is not a guarantee of clean disclosure; it only means this ticker was not found in this parsed source/list.
HSG,2026-06-05,2026-06-05,HOSE,hose,hose:trading_restriction_list,https://api.hsx.vn/l/api/v1/1/securities/stock-status?pageIndex=1&pageSize=500&statusListId=51,True,False,False,False,False,False,False,False,False,False,False,False,NO_MATERIAL_DISCLOSURE_FOUND_SOURCE_CHECKED,unknown,SOURCE_CHECKED_NOT_FOUND,medium,TRADING_RESTRICTION_LIST,Not found in parsed TRADING_RESTRICTION_LIST,,2026-06-05T04:42:31+00:00,Absence from parsed list is not a guarantee of clean disclosure; it only means this ticker was not found in this parsed source/list.
VHM,2026-06-05,2026-06-05,HOSE,hose,hose:trading_restriction_list,https://api.hsx.vn/l/api/v1/1/securities/stock-status?pageIndex=1&pageSize=500&statusListId=51,True,False,False,False,False,False,False,False,False,False,False,False,NO_MATERIAL_DISCLOSURE_FOUND_SOURCE_CHECKED,unknown,SOURCE_CHECKED_NOT_FOUND,medium,TRADING_RESTRICTION_LIST,Not found in parsed TRADING_RESTRICTION_LIST,,2026-06-05T04:42:31+00:00,Absence from parsed list is not a guarantee of clean disclosure; it only means this ticker was not found in this parsed source/list.
KDH,2026-06-05,2026-06-05,HOSE,hose,hose:trading_restriction_list,https://api.hsx.vn/l/api/v1/1/securities/stock-status?pageIndex=1&pageSize=500&statusListId=51,True,False,False,False,False,False,False,False,False,False,False,False,NO_MATERIAL_DISCLOSURE_FOUND_SOURCE_CHECKED,unknown,SOURCE_CHECKED_NOT_FOUND,medium,TRADING_RESTRICTION_LIST,Not found in parsed TRADING_RESTRICTION_LIST,,2026-06-05T04:42:31+00:00,Absence from parsed list is not a guarantee of clean disclosure; it only means this ticker was not found in this parsed source/list.
NLG,2026-06-05,2026-06-05,HOSE,hose,hose:trading_restriction_list,https://api.hsx.vn/l/api/v1/1/securities/stock-status?pageIndex=1&pageSize=500&statusListId=51,True,False,False,False,False,False,False,False,False,False,False,False,NO_MATERIAL_DISCLOSURE_FOUND_SOURCE_CHECKED,unknown,SOURCE_CHECKED_NOT_FOUND,medium,TRADING_RESTRICTION_LIST,Not found in parsed TRADING_RESTRICTION_LIST,,2026-06-05T04:42:31+00:00,Absence from parsed list is not a guarantee of clean disclosure; it only means this ticker was not found in this parsed source/list.
SSI,2026-06-05,2026-06-05,HOSE,hose,hose:trading_restriction_list,https://api.hsx.vn/l/api/v1/1/securities/stock-status?pageIndex=1&pageSize=500&statusListId=51,True,False,False,False,False,False,False,False,False,False,False,False,NO_MATERIAL_DISCLOSURE_FOUND_SOURCE_CHECKED,unknown,SOURCE_CHECKED_NOT_FOUND,medium,TRADING_RESTRICTION_LIST,Not found in parsed TRADING_RESTRICTION_LIST,,2026-06-05T04:42:31+00:00,Absence from parsed list is not a guarantee of clean disclosure; it only means this ticker was not found in this parsed source/list.
VND,2026-06-05,2026-06-05,HOSE,hose,hose:trading_restriction_list,https://api.hsx.vn/l/api/v1/1/securities/stock-status?pageIndex=1&pageSize=500&statusListId=51,True,False,False,False,False,False,False,False,False,False,False,False,NO_MATERIAL_DISCLOSURE_FOUND_SOURCE_CHECKED,unknown,SOURCE_CHECKED_NOT_FOUND,medium,TRADING_RESTRICTION_LIST,Not found in parsed TRADING_RESTRICTION_LIST,,2026-06-05T04:42:31+00:00,Absence from parsed list is not a guarantee of clean disclosure; it only means this ticker was not found in this parsed source/list.
GAS,2026-06-05,2026-06-05,HOSE,hose,hose:trading_restriction_list,https://api.hsx.vn/l/api/v1/1/securities/stock-status?pageIndex=1&pageSize=500&statusListId=51,True,False,False,False,False,False,False,False,False,False,False,False,NO_MATERIAL_DISCLOSURE_FOUND_SOURCE_CHECKED,unknown,SOURCE_CHECKED_NOT_FOUND,medium,TRADING_RESTRICTION_LIST,Not found in parsed TRADING_RESTRICTION_LIST,,2026-06-05T04:42:31+00:00,Absence from parsed list is not a guarantee of clean disclosure; it only means this ticker was not found in this parsed source/list.
PVS,2026-06-05,2026-06-05,HOSE,hose,hose:trading_restriction_list,https://api.hsx.vn/l/api/v1/1/securities/stock-status?pageIndex=1&pageSize=500&statusListId=51,True,False,False,False,False,False,False,False,False,False,False,False,NO_MATERIAL_DISCLOSURE_FOUND_SOURCE_CHECKED,unknown,SOURCE_CHECKED_NOT_FOUND,medium,TRADING_RESTRICTION_LIST,Not found in parsed TRADING_RESTRICTION_LIST,,2026-06-05T04:42:31+00:00,Absence from parsed list is not a guarantee of clean disclosure; it only means this ticker was not found in this parsed source/list.
FPT,2026-06-05,2026-06-05,HOSE,hose,hose:trading_restriction_list,https://api.hsx.vn/l/api/v1/1/securities/stock-status?pageIndex=1&pageSize=500&statusListId=51,True,False,False,False,False,False,False,False,False,False,False,False,NO_MATERIAL_DISCLOSURE_FOUND_SOURCE_CHECKED,unknown,SOURCE_CHECKED_NOT_FOUND,medium,TRADING_RESTRICTION_LIST,Not found in parsed TRADING_RESTRICTION_LIST,,2026-06-05T04:42:31+00:00,Absence from parsed list is not a guarantee of clean disclosure; it only means this ticker was not found in this parsed source/list.
MWG,2026-06-05,2026-06-05,HOSE,hose,hose:trading_restriction_list,https://api.hsx.vn/l/api/v1/1/securities/stock-status?pageIndex=1&pageSize=500&statusListId=51,True,False,False,False,False,False,False,False,False,False,False,False,NO_MATERIAL_DISCLOSURE_FOUND_SOURCE_CHECKED,unknown,SOURCE_CHECKED_NOT_FOUND,medium,TRADING_RESTRICTION_LIST,Not found in parsed TRADING_RESTRICTION_LIST,,2026-06-05T04:42:31+00:00,Absence from parsed list is not a guarantee of clean disclosure; it only means this ticker was not found in this parsed source/list.
VGC,2026-06-05,2026-06-05,HOSE,hose,hose:trading_restriction_list,https://api.hsx.vn/l/api/v1/1/securities/stock-status?pageIndex=1&pageSize=500&statusListId=51,True,False,False,False,False,False,False,False,False,False,False,False,NO_MATERIAL_DISCLOSURE_FOUND_SOURCE_CHECKED,unknown,SOURCE_CHECKED_NOT_FOUND,medium,TRADING_RESTRICTION_LIST,Not found in parsed TRADING_RESTRICTION_LIST,,2026-06-05T04:42:31+00:00,Absence from parsed list is not a guarantee of clean disclosure; it only means this ticker was not found in this parsed source/list.
GMD,2026-06-05,2026-06-05,HOSE,hose,hose:trading_restriction_list,https://api.hsx.vn/l/api/v1/1/securities/stock-status?pageIndex=1&pageSize=500&statusListId=51,True,False,False,False,False,False,False,False,False,False,False,False,NO_MATERIAL_DISCLOSURE_FOUND_SOURCE_CHECKED,unknown,SOURCE_CHECKED_NOT_FOUND,medium,TRADING_RESTRICTION_LIST,Not found in parsed TRADING_RESTRICTION_LIST,,2026-06-05T04:42:31+00:00,Absence from parsed list is not a guarantee of clean disclosure; it only means this ticker was not found in this parsed source/list.
VHC,2026-06-05,2026-06-05,HOSE,hose,hose:trading_restriction_list,https://api.hsx.vn/l/api/v1/1/securities/stock-status?pageIndex=1&pageSize=500&statusListId=51,True,False,False,False,False,False,False,False,False,False,False,False,NO_MATERIAL_DISCLOSURE_FOUND_SOURCE_CHECKED,unknown,SOURCE_CHECKED_NOT_FOUND,medium,TRADING_RESTRICTION_LIST,Not found in parsed TRADING_RESTRICTION_LIST,,2026-06-05T04:42:31+00:00,Absence from parsed list is not a guarantee of clean disclosure; it only means this ticker was not found in this parsed source/list.
TCM,2026-06-05,2026-06-05,HOSE,hose,hose:trading_restriction_list,https://api.hsx.vn/l/api/v1/1/securities/stock-status?pageIndex=1&pageSize=500&statusListId=51,True,False,False,False,False,False,False,False,False,False,False,False,NO_MATERIAL_DISCLOSURE_FOUND_SOURCE_CHECKED,unknown,SOURCE_CHECKED_NOT_FOUND,medium,TRADING_RESTRICTION_LIST,Not found in parsed TRADING_RESTRICTION_LIST,,2026-06-05T04:42:31+00:00,Absence from parsed list is not a guarantee of clean disclosure; it only means this ticker was not found in this parsed source/list.
VCB,2026-06-05,2026-06-05,HOSE,hose,hose:trading_restriction_list,https://api.hsx.vn/l/api/v1/1/securities/stock-status?pageIndex=1&pageSize=500&statusListId=52,True,False,False,False,False,False,False,False,False,False,False,False,NO_MATERIAL_DISCLOSURE_FOUND_SOURCE_CHECKED,unknown,SOURCE_CHECKED_NOT_FOUND,medium,TRADING_RESTRICTION_LIST,Not found in parsed TRADING_RESTRICTION_LIST,,2026-06-05T04:42:35+00:00,Absence from parsed list is not a guarantee of clean disclosure; it only means this ticker was not found in this parsed source/list.
BID,2026-06-05,2026-06-05,HOSE,hose,hose:trading_restriction_list,https://api.hsx.vn/l/api/v1/1/securities/stock-status?pageIndex=1&pageSize=500&statusListId=52,True,False,False,False,False,False,False,False,False,False,False,False,NO_MATERIAL_DISCLOSURE_FOUND_SOURCE_CHECKED,unknown,SOURCE_CHECKED_NOT_FOUND,medium,TRADING_RESTRICTION_LIST,Not found in parsed TRADING_RESTRICTION_LIST,,2026-06-05T04:42:35+00:00,Absence from parsed list is not a guarantee of clean disclosure; it only means this ticker was not found in this parsed source/list.
CTG,2026-06-05,2026-06-05,HOSE,hose,hose:trading_restriction_list,https://api.hsx.vn/l/api/v1/1/securities/stock-status?pageIndex=1&pageSize=500&statusListId=52,True,False,False,False,False,False,False,False,False,False,False,False,NO_MATERIAL_DISCLOSURE_FOUND_SOURCE_CHECKED,unknown,SOURCE_CHECKED_NOT_FOUND,medium,TRADING_RESTRICTION_LIST,Not found in parsed TRADING_RESTRICTION_LIST,,2026-06-05T04:42:35+00:00,Absence from parsed list is not a guarantee of clean disclosure; it only means this ticker was not found in this parsed source/list.
MBB,2026-06-05,2026-06-05,HOSE,hose,hose:trading_restriction_list,https://api.hsx.vn/l/api/v1/1/securities/stock-status?pageIndex=1&pageSize=500&statusListId=52,True,False,False,False,False,False,False,False,False,False,False,False,NO_MATERIAL_DISCLOSURE_FOUND_SOURCE_CHECKED,unknown,SOURCE_CHECKED_NOT_FOUND,medium,TRADING_RESTRICTION_LIST,Not found in parsed TRADING_RESTRICTION_LIST,,2026-06-05T04:42:35+00:00,Absence from parsed list is not a guarantee of clean disclosure; it only means this ticker was not found in this parsed source/list.
ACB,2026-06-05,2026-06-05,HOSE,hose,hose:trading_restriction_list,https://api.hsx.vn/l/api/v1/1/securities/stock-status?pageIndex=1&pageSize=500&statusListId=52,True,False,False,False,False,False,False,False,False,False,False,False,NO_MATERIAL_DISCLOSURE_FOUND_SOURCE_CHECKED,unknown,SOURCE_CHECKED_NOT_FOUND,medium,TRADING_RESTRICTION_LIST,Not found in parsed TRADING_RESTRICTION_LIST,,2026-06-05T04:42:35+00:00,Absence from parsed list is not a guarantee of clean disclosure; it only means this ticker was not found in this parsed source/list.
HPG,2026-06-05,2026-06-05,HOSE,hose,hose:trading_restriction_list,https://api.hsx.vn/l/api/v1/1/securities/stock-status?pageIndex=1&pageSize=500&statusListId=52,True,False,False,False,False,False,False,False,False,False,False,False,NO_MATERIAL_DISCLOSURE_FOUND_SOURCE_CHECKED,unknown,SOURCE_CHECKED_NOT_FOUND,medium,TRADING_RESTRICTION_LIST,Not found in parsed TRADING_RESTRICTION_LIST,,2026-06-05T04:42:35+00:00,Absence from parsed list is not a guarantee of clean disclosure; it only means this ticker was not found in this parsed source/list.
HSG,2026-06-05,2026-06-05,HOSE,hose,hose:trading_restriction_list,https://api.hsx.vn/l/api/v1/1/securities/stock-status?pageIndex=1&pageSize=500&statusListId=52,True,False,False,False,False,False,False,False,False,False,False,False,NO_MATERIAL_DISCLOSURE_FOUND_SOURCE_CHECKED,unknown,SOURCE_CHECKED_NOT_FOUND,medium,TRADING_RESTRICTION_LIST,Not found in parsed TRADING_RESTRICTION_LIST,,2026-06-05T04:42:35+00:00,Absence from parsed list is not a guarantee of clean disclosure; it only means this ticker was not found in this parsed source/list.
VHM,2026-06-05,2026-06-05,HOSE,hose,hose:trading_restriction_list,https://api.hsx.vn/l/api/v1/1/securities/stock-status?pageIndex=1&pageSize=500&statusListId=52,True,False,False,False,False,False,False,False,False,False,False,False,NO_MATERIAL_DISCLOSURE_FOUND_SOURCE_CHECKED,unknown,SOURCE_CHECKED_NOT_FOUND,medium,TRADING_RESTRICTION_LIST,Not found in parsed TRADING_RESTRICTION_LIST,,2026-06-05T04:42:35+00:00,Absence from parsed list is not a guarantee of clean disclosure; it only means this ticker was not found in this parsed source/list.
KDH,2026-06-05,2026-06-05,HOSE,hose,hose:trading_restriction_list,https://api.hsx.vn/l/api/v1/1/securities/stock-status?pageIndex=1&pageSize=500&statusListId=52,True,False,False,False,False,False,False,False,False,False,False,False,NO_MATERIAL_DISCLOSURE_FOUND_SOURCE_CHECKED,unknown,SOURCE_CHECKED_NOT_FOUND,medium,TRADING_RESTRICTION_LIST,Not found in parsed TRADING_RESTRICTION_LIST,,2026-06-05T04:42:35+00:00,Absence from parsed list is not a guarantee of clean disclosure; it only means this ticker was not found in this parsed source/list.
NLG,2026-06-05,2026-06-05,HOSE,hose,hose:trading_restriction_list,https://api.hsx.vn/l/api/v1/1/securities/stock-status?pageIndex=1&pageSize=500&statusListId=52,True,False,False,False,False,False,False,False,False,False,False,False,NO_MATERIAL_DISCLOSURE_FOUND_SOURCE_CHECKED,unknown,SOURCE_CHECKED_NOT_FOUND,medium,TRADING_RESTRICTION_LIST,Not found in parsed TRADING_RESTRICTION_LIST,,2026-06-05T04:42:35+00:00,Absence from parsed list is not a guarantee of clean disclosure; it only means this ticker was not found in this parsed source/list.
SSI,2026-06-05,2026-06-05,HOSE,hose,hose:trading_restriction_list,https://api.hsx.vn/l/api/v1/1/securities/stock-status?pageIndex=1&pageSize=500&statusListId=52,True,False,False,False,False,False,False,False,False,False,False,False,NO_MATERIAL_DISCLOSURE_FOUND_SOURCE_CHECKED,unknown,SOURCE_CHECKED_NOT_FOUND,medium,TRADING_RESTRICTION_LIST,Not found in parsed TRADING_RESTRICTION_LIST,,2026-06-05T04:42:35+00:00,Absence from parsed list is not a guarantee of clean disclosure; it only means this ticker was not found in this parsed source/list.
VND,2026-06-05,2026-06-05,HOSE,hose,hose:trading_restriction_list,https://api.hsx.vn/l/api/v1/1/securities/stock-status?pageIndex=1&pageSize=500&statusListId=52,True,False,False,False,False,False,False,False,False,False,False,False,NO_MATERIAL_DISCLOSURE_FOUND_SOURCE_CHECKED,unknown,SOURCE_CHECKED_NOT_FOUND,medium,TRADING_RESTRICTION_LIST,Not found in parsed TRADING_RESTRICTION_LIST,,2026-06-05T04:42:35+00:00,Absence from parsed list is not a guarantee of clean disclosure; it only means this ticker was not found in this parsed source/list.
GAS,2026-06-05,2026-06-05,HOSE,hose,hose:trading_restriction_list,https://api.hsx.vn/l/api/v1/1/securities/stock-status?pageIndex=1&pageSize=500&statusListId=52,True,False,False,False,False,False,False,False,False,False,False,False,NO_MATERIAL_DISCLOSURE_FOUND_SOURCE_CHECKED,unknown,SOURCE_CHECKED_NOT_FOUND,medium,TRADING_RESTRICTION_LIST,Not found in parsed TRADING_RESTRICTION_LIST,,2026-06-05T04:42:35+00:00,Absence from parsed list is not a guarantee of clean disclosure; it only means this ticker was not found in this parsed source/list.
PVS,2026-06-05,2026-06-05,HOSE,hose,hose:trading_restriction_list,https://api.hsx.vn/l/api/v1/1/securities/stock-status?pageIndex=1&pageSize=500&statusListId=52,True,False,False,False,False,False,False,False,False,False,False,False,NO_MATERIAL_DISCLOSURE_FOUND_SOURCE_CHECKED,unknown,SOURCE_CHECKED_NOT_FOUND,medium,TRADING_RESTRICTION_LIST,Not found in parsed TRADING_RESTRICTION_LIST,,2026-06-05T04:42:35+00:00,Absence from parsed list is not a guarantee of clean disclosure; it only means this ticker was not found in this parsed source/list.
FPT,2026-06-05,2026-06-05,HOSE,hose,hose:trading_restriction_list,https://api.hsx.vn/l/api/v1/1/securities/stock-status?pageIndex=1&pageSize=500&statusListId=52,True,False,False,False,False,False,False,False,False,False,False,False,NO_MATERIAL_DISCLOSURE_FOUND_SOURCE_CHECKED,unknown,SOURCE_CHECKED_NOT_FOUND,medium,TRADING_RESTRICTION_LIST,Not found in parsed TRADING_RESTRICTION_LIST,,2026-06-05T04:42:35+00:00,Absence from parsed list is not a guarantee of clean disclosure; it only means this ticker was not found in this parsed source/list.
MWG,2026-06-05,2026-06-05,HOSE,hose,hose:trading_restriction_list,https://api.hsx.vn/l/api/v1/1/securities/stock-status?pageIndex=1&pageSize=500&statusListId=52,True,False,False,False,False,False,False,False,False,False,False,False,NO_MATERIAL_DISCLOSURE_FOUND_SOURCE_CHECKED,unknown,SOURCE_CHECKED_NOT_FOUND,medium,TRADING_RESTRICTION_LIST,Not found in parsed TRADING_RESTRICTION_LIST,,2026-06-05T04:42:35+00:00,Absence from parsed list is not a guarantee of clean disclosure; it only means this ticker was not found in this parsed source/list.
VGC,2026-06-05,2026-06-05,HOSE,hose,hose:trading_restriction_list,https://api.hsx.vn/l/api/v1/1/securities/stock-status?pageIndex=1&pageSize=500&statusListId=52,True,False,False,False,False,False,False,False,False,False,False,False,NO_MATERIAL_DISCLOSURE_FOUND_SOURCE_CHECKED,unknown,SOURCE_CHECKED_NOT_FOUND,medium,TRADING_RESTRICTION_LIST,Not found in parsed TRADING_RESTRICTION_LIST,,2026-06-05T04:42:35+00:00,Absence from parsed list is not a guarantee of clean disclosure; it only means this ticker was not found in this parsed source/list.
GMD,2026-06-05,2026-06-05,HOSE,hose,hose:trading_restriction_list,https://api.hsx.vn/l/api/v1/1/securities/stock-status?pageIndex=1&pageSize=500&statusListId=52,True,False,False,False,False,False,False,False,False,False,False,False,NO_MATERIAL_DISCLOSURE_FOUND_SOURCE_CHECKED,unknown,SOURCE_CHECKED_NOT_FOUND,medium,TRADING_RESTRICTION_LIST,Not found in parsed TRADING_RESTRICTION_LIST,,2026-06-05T04:42:35+00:00,Absence from parsed list is not a guarantee of clean disclosure; it only means this ticker was not found in this parsed source/list.
VHC,2026-06-05,2026-06-05,HOSE,hose,hose:trading_restriction_list,https://api.hsx.vn/l/api/v1/1/securities/stock-status?pageIndex=1&pageSize=500&statusListId=52,True,False,False,False,False,False,False,False,False,False,False,False,NO_MATERIAL_DISCLOSURE_FOUND_SOURCE_CHECKED,unknown,SOURCE_CHECKED_NOT_FOUND,medium,TRADING_RESTRICTION_LIST,Not found in parsed TRADING_RESTRICTION_LIST,,2026-06-05T04:42:35+00:00,Absence from parsed list is not a guarantee of clean disclosure; it only means this ticker was not found in this parsed source/list.
TCM,2026-06-05,2026-06-05,HOSE,hose,hose:trading_restriction_list,https://api.hsx.vn/l/api/v1/1/securities/stock-status?pageIndex=1&pageSize=500&statusListId=52,True,False,False,False,False,False,False,False,False,False,False,False,NO_MATERIAL_DISCLOSURE_FOUND_SOURCE_CHECKED,unknown,SOURCE_CHECKED_NOT_FOUND,medium,TRADING_RESTRICTION_LIST,Not found in parsed TRADING_RESTRICTION_LIST,,2026-06-05T04:42:35+00:00,Absence from parsed list is not a guarantee of clean disclosure; it only means this ticker was not found in this parsed source/list.
VCB,2026-06-05,2026-06-05,HOSE,hose,hose:trading_suspension_list,https://api.hsx.vn/l/api/v1/1/securities/stock-status?pageIndex=1&pageSize=500&statusListId=53,True,False,False,False,False,False,False,False,False,False,False,False,NO_MATERIAL_DISCLOSURE_FOUND_SOURCE_CHECKED,unknown,SOURCE_CHECKED_NOT_FOUND,medium,TRADING_SUSPENSION_LIST,Not found in parsed TRADING_SUSPENSION_LIST,,2026-06-05T04:42:40+00:00,Absence from parsed list is not a guarantee of clean disclosure; it only means this ticker was not found in this parsed source/list.
BID,2026-06-05,2026-06-05,HOSE,hose,hose:trading_suspension_list,https://api.hsx.vn/l/api/v1/1/securities/stock-status?pageIndex=1&pageSize=500&statusListId=53,True,False,False,False,False,False,False,False,False,False,False,False,NO_MATERIAL_DISCLOSURE_FOUND_SOURCE_CHECKED,unknown,SOURCE_CHECKED_NOT_FOUND,medium,TRADING_SUSPENSION_LIST,Not found in parsed TRADING_SUSPENSION_LIST,,2026-06-05T04:42:40+00:00,Absence from parsed list is not a guarantee of clean disclosure; it only means this ticker was not found in this parsed source/list.
CTG,2026-06-05,2026-06-05,HOSE,hose,hose:trading_suspension_list,https://api.hsx.vn/l/api/v1/1/securities/stock-status?pageIndex=1&pageSize=500&statusListId=53,True,False,False,False,False,False,False,False,False,False,False,False,NO_MATERIAL_DISCLOSURE_FOUND_SOURCE_CHECKED,unknown,SOURCE_CHECKED_NOT_FOUND,medium,TRADING_SUSPENSION_LIST,Not found in parsed TRADING_SUSPENSION_LIST,,2026-06-05T04:42:40+00:00,Absence from parsed list is not a guarantee of clean disclosure; it only means this ticker was not found in this parsed source/list.
MBB,2026-06-05,2026-06-05,HOSE,hose,hose:trading_suspension_list,https://api.hsx.vn/l/api/v1/1/securities/stock-status?pageIndex=1&pageSize=500&statusListId=53,True,False,False,False,False,False,False,False,False,False,False,False,NO_MATERIAL_DISCLOSURE_FOUND_SOURCE_CHECKED,unknown,SOURCE_CHECKED_NOT_FOUND,medium,TRADING_SUSPENSION_LIST,Not found in parsed TRADING_SUSPENSION_LIST,,2026-06-05T04:42:40+00:00,Absence from parsed list is not a guarantee of clean disclosure; it only means this ticker was not found in this parsed source/list.
ACB,2026-06-05,2026-06-05,HOSE,hose,hose:trading_suspension_list,https://api.hsx.vn/l/api/v1/1/securities/stock-status?pageIndex=1&pageSize=500&statusListId=53,True,False,False,False,False,False,False,False,False,False,False,False,NO_MATERIAL_DISCLOSURE_FOUND_SOURCE_CHECKED,unknown,SOURCE_CHECKED_NOT_FOUND,medium,TRADING_SUSPENSION_LIST,Not found in parsed TRADING_SUSPENSION_LIST,,2026-06-05T04:42:40+00:00,Absence from parsed list is not a guarantee of clean disclosure; it only means this ticker was not found in this parsed source/list.
HPG,2026-06-05,2026-06-05,HOSE,hose,hose:trading_suspension_list,https://api.hsx.vn/l/api/v1/1/securities/stock-status?pageIndex=1&pageSize=500&statusListId=53,True,False,False,False,False,False,False,False,False,False,False,False,NO_MATERIAL_DISCLOSURE_FOUND_SOURCE_CHECKED,unknown,SOURCE_CHECKED_NOT_FOUND,medium,TRADING_SUSPENSION_LIST,Not found in parsed TRADING_SUSPENSION_LIST,,2026-06-05T04:42:40+00:00,Absence from parsed list is not a guarantee of clean disclosure; it only means this ticker was not found in this parsed source/list.
HSG,2026-06-05,2026-06-05,HOSE,hose,hose:trading_suspension_list,https://api.hsx.vn/l/api/v1/1/securities/stock-status?pageIndex=1&pageSize=500&statusListId=53,True,False,False,False,False,False,False,False,False,False,False,False,NO_MATERIAL_DISCLOSURE_FOUND_SOURCE_CHECKED,unknown,SOURCE_CHECKED_NOT_FOUND,medium,TRADING_SUSPENSION_LIST,Not found in parsed TRADING_SUSPENSION_LIST,,2026-06-05T04:42:40+00:00,Absence from parsed list is not a guarantee of clean disclosure; it only means this ticker was not found in this parsed source/list.
VHM,2026-06-05,2026-06-05,HOSE,hose,hose:trading_suspension_list,https://api.hsx.vn/l/api/v1/1/securities/stock-status?pageIndex=1&pageSize=500&statusListId=53,True,False,False,False,False,False,False,False,False,False,False,False,NO_MATERIAL_DISCLOSURE_FOUND_SOURCE_CHECKED,unknown,SOURCE_CHECKED_NOT_FOUND,medium,TRADING_SUSPENSION_LIST,Not found in parsed TRADING_SUSPENSION_LIST,,2026-06-05T04:42:40+00:00,Absence from parsed list is not a guarantee of clean disclosure; it only means this ticker was not found in this parsed source/list.
KDH,2026-06-05,2026-06-05,HOSE,hose,hose:trading_suspension_list,https://api.hsx.vn/l/api/v1/1/securities/stock-status?pageIndex=1&pageSize=500&statusListId=53,True,False,False,False,False,False,False,False,False,False,False,False,NO_MATERIAL_DISCLOSURE_FOUND_SOURCE_CHECKED,unknown,SOURCE_CHECKED_NOT_FOUND,medium,TRADING_SUSPENSION_LIST,Not found in parsed TRADING_SUSPENSION_LIST,,2026-06-05T04:42:40+00:00,Absence from parsed list is not a guarantee of clean disclosure; it only means this ticker was not found in this parsed source/list.
NLG,2026-06-05,2026-06-05,HOSE,hose,hose:trading_suspension_list,https://api.hsx.vn/l/api/v1/1/securities/stock-status?pageIndex=1&pageSize=500&statusListId=53,True,False,False,False,False,False,False,False,False,False,False,False,NO_MATERIAL_DISCLOSURE_FOUND_SOURCE_CHECKED,unknown,SOURCE_CHECKED_NOT_FOUND,medium,TRADING_SUSPENSION_LIST,Not found in parsed TRADING_SUSPENSION_LIST,,2026-06-05T04:42:40+00:00,Absence from parsed list is not a guarantee of clean disclosure; it only means this ticker was not found in this parsed source/list.
SSI,2026-06-05,2026-06-05,HOSE,hose,hose:trading_suspension_list,https://api.hsx.vn/l/api/v1/1/securities/stock-status?pageIndex=1&pageSize=500&statusListId=53,True,False,False,False,False,False,False,False,False,False,False,False,NO_MATERIAL_DISCLOSURE_FOUND_SOURCE_CHECKED,unknown,SOURCE_CHECKED_NOT_FOUND,medium,TRADING_SUSPENSION_LIST,Not found in parsed TRADING_SUSPENSION_LIST,,2026-06-05T04:42:40+00:00,Absence from parsed list is not a guarantee of clean disclosure; it only means this ticker was not found in this parsed source/list.
VND,2026-06-05,2026-06-05,HOSE,hose,hose:trading_suspension_list,https://api.hsx.vn/l/api/v1/1/securities/stock-status?pageIndex=1&pageSize=500&statusListId=53,True,False,False,False,False,False,False,False,False,False,False,False,NO_MATERIAL_DISCLOSURE_FOUND_SOURCE_CHECKED,unknown,SOURCE_CHECKED_NOT_FOUND,medium,TRADING_SUSPENSION_LIST,Not found in parsed TRADING_SUSPENSION_LIST,,2026-06-05T04:42:40+00:00,Absence from parsed list is not a guarantee of clean disclosure; it only means this ticker was not found in this parsed source/list.
GAS,2026-06-05,2026-06-05,HOSE,hose,hose:trading_suspension_list,https://api.hsx.vn/l/api/v1/1/securities/stock-status?pageIndex=1&pageSize=500&statusListId=53,True,False,False,False,False,False,False,False,False,False,False,False,NO_MATERIAL_DISCLOSURE_FOUND_SOURCE_CHECKED,unknown,SOURCE_CHECKED_NOT_FOUND,medium,TRADING_SUSPENSION_LIST,Not found in parsed TRADING_SUSPENSION_LIST,,2026-06-05T04:42:40+00:00,Absence from parsed list is not a guarantee of clean disclosure; it only means this ticker was not found in this parsed source/list.
PVS,2026-06-05,2026-06-05,HOSE,hose,hose:trading_suspension_list,https://api.hsx.vn/l/api/v1/1/securities/stock-status?pageIndex=1&pageSize=500&statusListId=53,True,False,False,False,False,False,False,False,False,False,False,False,NO_MATERIAL_DISCLOSURE_FOUND_SOURCE_CHECKED,unknown,SOURCE_CHECKED_NOT_FOUND,medium,TRADING_SUSPENSION_LIST,Not found in parsed TRADING_SUSPENSION_LIST,,2026-06-05T04:42:40+00:00,Absence from parsed list is not a guarantee of clean disclosure; it only means this ticker was not found in this parsed source/list.
FPT,2026-06-05,2026-06-05,HOSE,hose,hose:trading_suspension_list,https://api.hsx.vn/l/api/v1/1/securities/stock-status?pageIndex=1&pageSize=500&statusListId=53,True,False,False,False,False,False,False,False,False,False,False,False,NO_MATERIAL_DISCLOSURE_FOUND_SOURCE_CHECKED,unknown,SOURCE_CHECKED_NOT_FOUND,medium,TRADING_SUSPENSION_LIST,Not found in parsed TRADING_SUSPENSION_LIST,,2026-06-05T04:42:40+00:00,Absence from parsed list is not a guarantee of clean disclosure; it only means this ticker was not found in this parsed source/list.
MWG,2026-06-05,2026-06-05,HOSE,hose,hose:trading_suspension_list,https://api.hsx.vn/l/api/v1/1/securities/stock-status?pageIndex=1&pageSize=500&statusListId=53,True,False,False,False,False,False,False,False,False,False,False,False,NO_MATERIAL_DISCLOSURE_FOUND_SOURCE_CHECKED,unknown,SOURCE_CHECKED_NOT_FOUND,medium,TRADING_SUSPENSION_LIST,Not found in parsed TRADING_SUSPENSION_LIST,,2026-06-05T04:42:40+00:00,Absence from parsed list is not a guarantee of clean disclosure; it only means this ticker was not found in this parsed source/list.
VGC,2026-06-05,2026-06-05,HOSE,hose,hose:trading_suspension_list,https://api.hsx.vn/l/api/v1/1/securities/stock-status?pageIndex=1&pageSize=500&statusListId=53,True,False,False,False,False,False,False,False,False,False,False,False,NO_MATERIAL_DISCLOSURE_FOUND_SOURCE_CHECKED,unknown,SOURCE_CHECKED_NOT_FOUND,medium,TRADING_SUSPENSION_LIST,Not found in parsed TRADING_SUSPENSION_LIST,,2026-06-05T04:42:40+00:00,Absence from parsed list is not a guarantee of clean disclosure; it only means this ticker was not found in this parsed source/list.
GMD,2026-06-05,2026-06-05,HOSE,hose,hose:trading_suspension_list,https://api.hsx.vn/l/api/v1/1/securities/stock-status?pageIndex=1&pageSize=500&statusListId=53,True,False,False,False,False,False,False,False,False,False,False,False,NO_MATERIAL_DISCLOSURE_FOUND_SOURCE_CHECKED,unknown,SOURCE_CHECKED_NOT_FOUND,medium,TRADING_SUSPENSION_LIST,Not found in parsed TRADING_SUSPENSION_LIST,,2026-06-05T04:42:40+00:00,Absence from parsed list is not a guarantee of clean disclosure; it only means this ticker was not found in this parsed source/list.
VHC,2026-06-05,2026-06-05,HOSE,hose,hose:trading_suspension_list,https://api.hsx.vn/l/api/v1/1/securities/stock-status?pageIndex=1&pageSize=500&statusListId=53,True,False,False,False,False,False,False,False,False,False,False,False,NO_MATERIAL_DISCLOSURE_FOUND_SOURCE_CHECKED,unknown,SOURCE_CHECKED_NOT_FOUND,medium,TRADING_SUSPENSION_LIST,Not found in parsed TRADING_SUSPENSION_LIST,,2026-06-05T04:42:40+00:00,Absence from parsed list is not a guarantee of clean disclosure; it only means this ticker was not found in this parsed source/list.
TCM,2026-06-05,2026-06-05,HOSE,hose,hose:trading_suspension_list,https://api.hsx.vn/l/api/v1/1/securities/stock-status?pageIndex=1&pageSize=500&statusListId=53,True,False,False,False,False,False,False,False,False,False,False,False,NO_MATERIAL_DISCLOSURE_FOUND_SOURCE_CHECKED,unknown,SOURCE_CHECKED_NOT_FOUND,medium,TRADING_SUSPENSION_LIST,Not found in parsed TRADING_SUSPENSION_LIST,,2026-06-05T04:42:40+00:00,Absence from parsed list is not a guarantee of clean disclosure; it only means this ticker was not found in this parsed source/list.
VCB,2026-06-05,2026-06-05,HOSE,hose,hose:trading_restriction_list,https://api.hsx.vn/l/api/v1/1/securities/stock-status?pageIndex=1&pageSize=500&statusListId=57,True,False,False,False,False,False,False,False,False,False,False,False,NO_MATERIAL_DISCLOSURE_FOUND_SOURCE_CHECKED,unknown,SOURCE_CHECKED_NOT_FOUND,medium,TRADING_RESTRICTION_LIST,Not found in parsed TRADING_RESTRICTION_LIST,,2026-06-05T04:42:44+00:00,Absence from parsed list is not a guarantee of clean disclosure; it only means this ticker was not found in this parsed source/list.
BID,2026-06-05,2026-06-05,HOSE,hose,hose:trading_restriction_list,https://api.hsx.vn/l/api/v1/1/securities/stock-status?pageIndex=1&pageSize=500&statusListId=57,True,False,False,False,False,False,False,False,False,False,False,False,NO_MATERIAL_DISCLOSURE_FOUND_SOURCE_CHECKED,unknown,SOURCE_CHECKED_NOT_FOUND,medium,TRADING_RESTRICTION_LIST,Not found in parsed TRADING_RESTRICTION_LIST,,2026-06-05T04:42:44+00:00,Absence from parsed list is not a guarantee of clean disclosure; it only means this ticker was not found in this parsed source/list.
CTG,2026-06-05,2026-06-05,HOSE,hose,hose:trading_restriction_list,https://api.hsx.vn/l/api/v1/1/securities/stock-status?pageIndex=1&pageSize=500&statusListId=57,True,False,False,False,False,False,False,False,False,False,False,False,NO_MATERIAL_DISCLOSURE_FOUND_SOURCE_CHECKED,unknown,SOURCE_CHECKED_NOT_FOUND,medium,TRADING_RESTRICTION_LIST,Not found in parsed TRADING_RESTRICTION_LIST,,2026-06-05T04:42:44+00:00,Absence from parsed list is not a guarantee of clean disclosure; it only means this ticker was not found in this parsed source/list.
MBB,2026-06-05,2026-06-05,HOSE,hose,hose:trading_restriction_list,https://api.hsx.vn/l/api/v1/1/securities/stock-status?pageIndex=1&pageSize=500&statusListId=57,True,False,False,False,False,False,False,False,False,False,False,False,NO_MATERIAL_DISCLOSURE_FOUND_SOURCE_CHECKED,unknown,SOURCE_CHECKED_NOT_FOUND,medium,TRADING_RESTRICTION_LIST,Not found in parsed TRADING_RESTRICTION_LIST,,2026-06-05T04:42:44+00:00,Absence from parsed list is not a guarantee of clean disclosure; it only means this ticker was not found in this parsed source/list.
ACB,2026-06-05,2026-06-05,HOSE,hose,hose:trading_restriction_list,https://api.hsx.vn/l/api/v1/1/securities/stock-status?pageIndex=1&pageSize=500&statusListId=57,True,False,False,False,False,False,False,False,False,False,False,False,NO_MATERIAL_DISCLOSURE_FOUND_SOURCE_CHECKED,unknown,SOURCE_CHECKED_NOT_FOUND,medium,TRADING_RESTRICTION_LIST,Not found in parsed TRADING_RESTRICTION_LIST,,2026-06-05T04:42:44+00:00,Absence from parsed list is not a guarantee of clean disclosure; it only means this ticker was not found in this parsed source/list.
HPG,2026-06-05,2026-06-05,HOSE,hose,hose:trading_restriction_list,https://api.hsx.vn/l/api/v1/1/securities/stock-status?pageIndex=1&pageSize=500&statusListId=57,True,False,False,False,False,False,False,False,False,False,False,False,NO_MATERIAL_DISCLOSURE_FOUND_SOURCE_CHECKED,unknown,SOURCE_CHECKED_NOT_FOUND,medium,TRADING_RESTRICTION_LIST,Not found in parsed TRADING_RESTRICTION_LIST,,2026-06-05T04:42:44+00:00,Absence from parsed list is not a guarantee of clean disclosure; it only means this ticker was not found in this parsed source/list.
HSG,2026-06-05,2026-06-05,HOSE,hose,hose:trading_restriction_list,https://api.hsx.vn/l/api/v1/1/securities/stock-status?pageIndex=1&pageSize=500&statusListId=57,True,False,False,False,False,False,False,False,False,False,False,False,NO_MATERIAL_DISCLOSURE_FOUND_SOURCE_CHECKED,unknown,SOURCE_CHECKED_NOT_FOUND,medium,TRADING_RESTRICTION_LIST,Not found in parsed TRADING_RESTRICTION_LIST,,2026-06-05T04:42:44+00:00,Absence from parsed list is not a guarantee of clean disclosure; it only means this ticker was not found in this parsed source/list.
VHM,2026-06-05,2026-06-05,HOSE,hose,hose:trading_restriction_list,https://api.hsx.vn/l/api/v1/1/securities/stock-status?pageIndex=1&pageSize=500&statusListId=57,True,False,False,False,False,False,False,False,False,False,False,False,NO_MATERIAL_DISCLOSURE_FOUND_SOURCE_CHECKED,unknown,SOURCE_CHECKED_NOT_FOUND,medium,TRADING_RESTRICTION_LIST,Not found in parsed TRADING_RESTRICTION_LIST,,2026-06-05T04:42:44+00:00,Absence from parsed list is not a guarantee of clean disclosure; it only means this ticker was not found in this parsed source/list.
KDH,2026-06-05,2026-06-05,HOSE,hose,hose:trading_restriction_list,https://api.hsx.vn/l/api/v1/1/securities/stock-status?pageIndex=1&pageSize=500&statusListId=57,True,False,False,False,False,False,False,False,False,False,False,False,NO_MATERIAL_DISCLOSURE_FOUND_SOURCE_CHECKED,unknown,SOURCE_CHECKED_NOT_FOUND,medium,TRADING_RESTRICTION_LIST,Not found in parsed TRADING_RESTRICTION_LIST,,2026-06-05T04:42:44+00:00,Absence from parsed list is not a guarantee of clean disclosure; it only means this ticker was not found in this parsed source/list.
NLG,2026-06-05,2026-06-05,HOSE,hose,hose:trading_restriction_list,https://api.hsx.vn/l/api/v1/1/securities/stock-status?pageIndex=1&pageSize=500&statusListId=57,True,False,False,False,False,False,False,False,False,False,False,False,NO_MATERIAL_DISCLOSURE_FOUND_SOURCE_CHECKED,unknown,SOURCE_CHECKED_NOT_FOUND,medium,TRADING_RESTRICTION_LIST,Not found in parsed TRADING_RESTRICTION_LIST,,2026-06-05T04:42:44+00:00,Absence from parsed list is not a guarantee of clean disclosure; it only means this ticker was not found in this parsed source/list.
SSI,2026-06-05,2026-06-05,HOSE,hose,hose:trading_restriction_list,https://api.hsx.vn/l/api/v1/1/securities/stock-status?pageIndex=1&pageSize=500&statusListId=57,True,False,False,False,False,False,False,False,False,False,False,False,NO_MATERIAL_DISCLOSURE_FOUND_SOURCE_CHECKED,unknown,SOURCE_CHECKED_NOT_FOUND,medium,TRADING_RESTRICTION_LIST,Not found in parsed TRADING_RESTRICTION_LIST,,2026-06-05T04:42:44+00:00,Absence from parsed list is not a guarantee of clean disclosure; it only means this ticker was not found in this parsed source/list.
VND,2026-06-05,2026-06-05,HOSE,hose,hose:trading_restriction_list,https://api.hsx.vn/l/api/v1/1/securities/stock-status?pageIndex=1&pageSize=500&statusListId=57,True,False,False,False,False,False,False,False,False,False,False,False,NO_MATERIAL_DISCLOSURE_FOUND_SOURCE_CHECKED,unknown,SOURCE_CHECKED_NOT_FOUND,medium,TRADING_RESTRICTION_LIST,Not found in parsed TRADING_RESTRICTION_LIST,,2026-06-05T04:42:44+00:00,Absence from parsed list is not a guarantee of clean disclosure; it only means this ticker was not found in this parsed source/list.
GAS,2026-06-05,2026-06-05,HOSE,hose,hose:trading_restriction_list,https://api.hsx.vn/l/api/v1/1/securities/stock-status?pageIndex=1&pageSize=500&statusListId=57,True,False,False,False,False,False,False,False,False,False,False,False,NO_MATERIAL_DISCLOSURE_FOUND_SOURCE_CHECKED,unknown,SOURCE_CHECKED_NOT_FOUND,medium,TRADING_RESTRICTION_LIST,Not found in parsed TRADING_RESTRICTION_LIST,,2026-06-05T04:42:44+00:00,Absence from parsed list is not a guarantee of clean disclosure; it only means this ticker was not found in this parsed source/list.
PVS,2026-06-05,2026-06-05,HOSE,hose,hose:trading_restriction_list,https://api.hsx.vn/l/api/v1/1/securities/stock-status?pageIndex=1&pageSize=500&statusListId=57,True,False,False,False,False,False,False,False,False,False,False,False,NO_MATERIAL_DISCLOSURE_FOUND_SOURCE_CHECKED,unknown,SOURCE_CHECKED_NOT_FOUND,medium,TRADING_RESTRICTION_LIST,Not found in parsed TRADING_RESTRICTION_LIST,,2026-06-05T04:42:44+00:00,Absence from parsed list is not a guarantee of clean disclosure; it only means this ticker was not found in this parsed source/list.
FPT,2026-06-05,2026-06-05,HOSE,hose,hose:trading_restriction_list,https://api.hsx.vn/l/api/v1/1/securities/stock-status?pageIndex=1&pageSize=500&statusListId=57,True,False,False,False,False,False,False,False,False,False,False,False,NO_MATERIAL_DISCLOSURE_FOUND_SOURCE_CHECKED,unknown,SOURCE_CHECKED_NOT_FOUND,medium,TRADING_RESTRICTION_LIST,Not found in parsed TRADING_RESTRICTION_LIST,,2026-06-05T04:42:44+00:00,Absence from parsed list is not a guarantee of clean disclosure; it only means this ticker was not found in this parsed source/list.
MWG,2026-06-05,2026-06-05,HOSE,hose,hose:trading_restriction_list,https://api.hsx.vn/l/api/v1/1/securities/stock-status?pageIndex=1&pageSize=500&statusListId=57,True,False,False,False,False,False,False,False,False,False,False,False,NO_MATERIAL_DISCLOSURE_FOUND_SOURCE_CHECKED,unknown,SOURCE_CHECKED_NOT_FOUND,medium,TRADING_RESTRICTION_LIST,Not found in parsed TRADING_RESTRICTION_LIST,,2026-06-05T04:42:44+00:00,Absence from parsed list is not a guarantee of clean disclosure; it only means this ticker was not found in this parsed source/list.
VGC,2026-06-05,2026-06-05,HOSE,hose,hose:trading_restriction_list,https://api.hsx.vn/l/api/v1/1/securities/stock-status?pageIndex=1&pageSize=500&statusListId=57,True,False,False,False,False,False,False,False,False,False,False,False,NO_MATERIAL_DISCLOSURE_FOUND_SOURCE_CHECKED,unknown,SOURCE_CHECKED_NOT_FOUND,medium,TRADING_RESTRICTION_LIST,Not found in parsed TRADING_RESTRICTION_LIST,,2026-06-05T04:42:44+00:00,Absence from parsed list is not a guarantee of clean disclosure; it only means this ticker was not found in this parsed source/list.
GMD,2026-06-05,2026-06-05,HOSE,hose,hose:trading_restriction_list,https://api.hsx.vn/l/api/v1/1/securities/stock-status?pageIndex=1&pageSize=500&statusListId=57,True,False,False,False,False,False,False,False,False,False,False,False,NO_MATERIAL_DISCLOSURE_FOUND_SOURCE_CHECKED,unknown,SOURCE_CHECKED_NOT_FOUND,medium,TRADING_RESTRICTION_LIST,Not found in parsed TRADING_RESTRICTION_LIST,,2026-06-05T04:42:44+00:00,Absence from parsed list is not a guarantee of clean disclosure; it only means this ticker was not found in this parsed source/list.
VHC,2026-06-05,2026-06-05,HOSE,hose,hose:trading_restriction_list,https://api.hsx.vn/l/api/v1/1/securities/stock-status?pageIndex=1&pageSize=500&statusListId=57,True,False,False,False,False,False,False,False,False,False,False,False,NO_MATERIAL_DISCLOSURE_FOUND_SOURCE_CHECKED,unknown,SOURCE_CHECKED_NOT_FOUND,medium,TRADING_RESTRICTION_LIST,Not found in parsed TRADING_RESTRICTION_LIST,,2026-06-05T04:42:44+00:00,Absence from parsed list is not a guarantee of clean disclosure; it only means this ticker was not found in this parsed source/list.
TCM,2026-06-05,2026-06-05,HOSE,hose,hose:trading_restriction_list,https://api.hsx.vn/l/api/v1/1/securities/stock-status?pageIndex=1&pageSize=500&statusListId=57,True,False,False,False,False,False,False,False,False,False,False,False,NO_MATERIAL_DISCLOSURE_FOUND_SOURCE_CHECKED,unknown,SOURCE_CHECKED_NOT_FOUND,medium,TRADING_RESTRICTION_LIST,Not found in parsed TRADING_RESTRICTION_LIST,,2026-06-05T04:42:44+00:00,Absence from parsed list is not a guarantee of clean disclosure; it only means this ticker was not found in this parsed source/list.
VCB,2026-06-05,2026-06-05,HOSE,hose,hose:trading_suspension_list,https://api.hsx.vn/l/api/v1/1/securities/stock-status?pageIndex=1&pageSize=500&statusListId=54,True,False,False,False,False,False,False,False,False,False,False,False,NO_MATERIAL_DISCLOSURE_FOUND_SOURCE_CHECKED,unknown,SOURCE_CHECKED_NOT_FOUND,medium,TRADING_SUSPENSION_LIST,Not found in parsed TRADING_SUSPENSION_LIST,,2026-06-05T04:42:48+00:00,Absence from parsed list is not a guarantee of clean disclosure; it only means this ticker was not found in this parsed source/list.
BID,2026-06-05,2026-06-05,HOSE,hose,hose:trading_suspension_list,https://api.hsx.vn/l/api/v1/1/securities/stock-status?pageIndex=1&pageSize=500&statusListId=54,True,False,False,False,False,False,False,False,False,False,False,False,NO_MATERIAL_DISCLOSURE_FOUND_SOURCE_CHECKED,unknown,SOURCE_CHECKED_NOT_FOUND,medium,TRADING_SUSPENSION_LIST,Not found in parsed TRADING_SUSPENSION_LIST,,2026-06-05T04:42:48+00:00,Absence from parsed list is not a guarantee of clean disclosure; it only means this ticker was not found in this parsed source/list.
CTG,2026-06-05,2026-06-05,HOSE,hose,hose:trading_suspension_list,https://api.hsx.vn/l/api/v1/1/securities/stock-status?pageIndex=1&pageSize=500&statusListId=54,True,False,False,False,False,False,False,False,False,False,False,False,NO_MATERIAL_DISCLOSURE_FOUND_SOURCE_CHECKED,unknown,SOURCE_CHECKED_NOT_FOUND,medium,TRADING_SUSPENSION_LIST,Not found in parsed TRADING_SUSPENSION_LIST,,2026-06-05T04:42:48+00:00,Absence from parsed list is not a guarantee of clean disclosure; it only means this ticker was not found in this parsed source/list.
MBB,2026-06-05,2026-06-05,HOSE,hose,hose:trading_suspension_list,https://api.hsx.vn/l/api/v1/1/securities/stock-status?pageIndex=1&pageSize=500&statusListId=54,True,False,False,False,False,False,False,False,False,False,False,False,NO_MATERIAL_DISCLOSURE_FOUND_SOURCE_CHECKED,unknown,SOURCE_CHECKED_NOT_FOUND,medium,TRADING_SUSPENSION_LIST,Not found in parsed TRADING_SUSPENSION_LIST,,2026-06-05T04:42:48+00:00,Absence from parsed list is not a guarantee of clean disclosure; it only means this ticker was not found in this parsed source/list.
ACB,2026-06-05,2026-06-05,HOSE,hose,hose:trading_suspension_list,https://api.hsx.vn/l/api/v1/1/securities/stock-status?pageIndex=1&pageSize=500&statusListId=54,True,False,False,False,False,False,False,False,False,False,False,False,NO_MATERIAL_DISCLOSURE_FOUND_SOURCE_CHECKED,unknown,SOURCE_CHECKED_NOT_FOUND,medium,TRADING_SUSPENSION_LIST,Not found in parsed TRADING_SUSPENSION_LIST,,2026-06-05T04:42:48+00:00,Absence from parsed list is not a guarantee of clean disclosure; it only means this ticker was not found in this parsed source/list.
HPG,2026-06-05,2026-06-05,HOSE,hose,hose:trading_suspension_list,https://api.hsx.vn/l/api/v1/1/securities/stock-status?pageIndex=1&pageSize=500&statusListId=54,True,False,False,False,False,False,False,False,False,False,False,False,NO_MATERIAL_DISCLOSURE_FOUND_SOURCE_CHECKED,unknown,SOURCE_CHECKED_NOT_FOUND,medium,TRADING_SUSPENSION_LIST,Not found in parsed TRADING_SUSPENSION_LIST,,2026-06-05T04:42:48+00:00,Absence from parsed list is not a guarantee of clean disclosure; it only means this ticker was not found in this parsed source/list.
HSG,2026-06-05,2026-06-05,HOSE,hose,hose:trading_suspension_list,https://api.hsx.vn/l/api/v1/1/securities/stock-status?pageIndex=1&pageSize=500&statusListId=54,True,False,False,False,False,False,False,False,False,False,False,False,NO_MATERIAL_DISCLOSURE_FOUND_SOURCE_CHECKED,unknown,SOURCE_CHECKED_NOT_FOUND,medium,TRADING_SUSPENSION_LIST,Not found in parsed TRADING_SUSPENSION_LIST,,2026-06-05T04:42:48+00:00,Absence from parsed list is not a guarantee of clean disclosure; it only means this ticker was not found in this parsed source/list.
VHM,2026-06-05,2026-06-05,HOSE,hose,hose:trading_suspension_list,https://api.hsx.vn/l/api/v1/1/securities/stock-status?pageIndex=1&pageSize=500&statusListId=54,True,False,False,False,False,False,False,False,False,False,False,False,NO_MATERIAL_DISCLOSURE_FOUND_SOURCE_CHECKED,unknown,SOURCE_CHECKED_NOT_FOUND,medium,TRADING_SUSPENSION_LIST,Not found in parsed TRADING_SUSPENSION_LIST,,2026-06-05T04:42:48+00:00,Absence from parsed list is not a guarantee of clean disclosure; it only means this ticker was not found in this parsed source/list.
KDH,2026-06-05,2026-06-05,HOSE,hose,hose:trading_suspension_list,https://api.hsx.vn/l/api/v1/1/securities/stock-status?pageIndex=1&pageSize=500&statusListId=54,True,False,False,False,False,False,False,False,False,False,False,False,NO_MATERIAL_DISCLOSURE_FOUND_SOURCE_CHECKED,unknown,SOURCE_CHECKED_NOT_FOUND,medium,TRADING_SUSPENSION_LIST,Not found in parsed TRADING_SUSPENSION_LIST,,2026-06-05T04:42:48+00:00,Absence from parsed list is not a guarantee of clean disclosure; it only means this ticker was not found in this parsed source/list.
NLG,2026-06-05,2026-06-05,HOSE,hose,hose:trading_suspension_list,https://api.hsx.vn/l/api/v1/1/securities/stock-status?pageIndex=1&pageSize=500&statusListId=54,True,False,False,False,False,False,False,False,False,False,False,False,NO_MATERIAL_DISCLOSURE_FOUND_SOURCE_CHECKED,unknown,SOURCE_CHECKED_NOT_FOUND,medium,TRADING_SUSPENSION_LIST,Not found in parsed TRADING_SUSPENSION_LIST,,2026-06-05T04:42:48+00:00,Absence from parsed list is not a guarantee of clean disclosure; it only means this ticker was not found in this parsed source/list.
SSI,2026-06-05,2026-06-05,HOSE,hose,hose:trading_suspension_list,https://api.hsx.vn/l/api/v1/1/securities/stock-status?pageIndex=1&pageSize=500&statusListId=54,True,False,False,False,False,False,False,False,False,False,False,False,NO_MATERIAL_DISCLOSURE_FOUND_SOURCE_CHECKED,unknown,SOURCE_CHECKED_NOT_FOUND,medium,TRADING_SUSPENSION_LIST,Not found in parsed TRADING_SUSPENSION_LIST,,2026-06-05T04:42:48+00:00,Absence from parsed list is not a guarantee of clean disclosure; it only means this ticker was not found in this parsed source/list.
VND,2026-06-05,2026-06-05,HOSE,hose,hose:trading_suspension_list,https://api.hsx.vn/l/api/v1/1/securities/stock-status?pageIndex=1&pageSize=500&statusListId=54,True,False,False,False,False,False,False,False,False,False,False,False,NO_MATERIAL_DISCLOSURE_FOUND_SOURCE_CHECKED,unknown,SOURCE_CHECKED_NOT_FOUND,medium,TRADING_SUSPENSION_LIST,Not found in parsed TRADING_SUSPENSION_LIST,,2026-06-05T04:42:48+00:00,Absence from parsed list is not a guarantee of clean disclosure; it only means this ticker was not found in this parsed source/list.
GAS,2026-06-05,2026-06-05,HOSE,hose,hose:trading_suspension_list,https://api.hsx.vn/l/api/v1/1/securities/stock-status?pageIndex=1&pageSize=500&statusListId=54,True,False,False,False,False,False,False,False,False,False,False,False,NO_MATERIAL_DISCLOSURE_FOUND_SOURCE_CHECKED,unknown,SOURCE_CHECKED_NOT_FOUND,medium,TRADING_SUSPENSION_LIST,Not found in parsed TRADING_SUSPENSION_LIST,,2026-06-05T04:42:48+00:00,Absence from parsed list is not a guarantee of clean disclosure; it only means this ticker was not found in this parsed source/list.
PVS,2026-06-05,2026-06-05,HOSE,hose,hose:trading_suspension_list,https://api.hsx.vn/l/api/v1/1/securities/stock-status?pageIndex=1&pageSize=500&statusListId=54,True,False,False,False,False,False,False,False,False,False,False,False,NO_MATERIAL_DISCLOSURE_FOUND_SOURCE_CHECKED,unknown,SOURCE_CHECKED_NOT_FOUND,medium,TRADING_SUSPENSION_LIST,Not found in parsed TRADING_SUSPENSION_LIST,,2026-06-05T04:42:48+00:00,Absence from parsed list is not a guarantee of clean disclosure; it only means this ticker was not found in this parsed source/list.
FPT,2026-06-05,2026-06-05,HOSE,hose,hose:trading_suspension_list,https://api.hsx.vn/l/api/v1/1/securities/stock-status?pageIndex=1&pageSize=500&statusListId=54,True,False,False,False,False,False,False,False,False,False,False,False,NO_MATERIAL_DISCLOSURE_FOUND_SOURCE_CHECKED,unknown,SOURCE_CHECKED_NOT_FOUND,medium,TRADING_SUSPENSION_LIST,Not found in parsed TRADING_SUSPENSION_LIST,,2026-06-05T04:42:48+00:00,Absence from parsed list is not a guarantee of clean disclosure; it only means this ticker was not found in this parsed source/list.
MWG,2026-06-05,2026-06-05,HOSE,hose,hose:trading_suspension_list,https://api.hsx.vn/l/api/v1/1/securities/stock-status?pageIndex=1&pageSize=500&statusListId=54,True,False,False,False,False,False,False,False,False,False,False,False,NO_MATERIAL_DISCLOSURE_FOUND_SOURCE_CHECKED,unknown,SOURCE_CHECKED_NOT_FOUND,medium,TRADING_SUSPENSION_LIST,Not found in parsed TRADING_SUSPENSION_LIST,,2026-06-05T04:42:48+00:00,Absence from parsed list is not a guarantee of clean disclosure; it only means this ticker was not found in this parsed source/list.
VGC,2026-06-05,2026-06-05,HOSE,hose,hose:trading_suspension_list,https://api.hsx.vn/l/api/v1/1/securities/stock-status?pageIndex=1&pageSize=500&statusListId=54,True,False,False,False,False,False,False,False,False,False,False,False,NO_MATERIAL_DISCLOSURE_FOUND_SOURCE_CHECKED,unknown,SOURCE_CHECKED_NOT_FOUND,medium,TRADING_SUSPENSION_LIST,Not found in parsed TRADING_SUSPENSION_LIST,,2026-06-05T04:42:48+00:00,Absence from parsed list is not a guarantee of clean disclosure; it only means this ticker was not found in this parsed source/list.
GMD,2026-06-05,2026-06-05,HOSE,hose,hose:trading_suspension_list,https://api.hsx.vn/l/api/v1/1/securities/stock-status?pageIndex=1&pageSize=500&statusListId=54,True,False,False,False,False,False,False,False,False,False,False,False,NO_MATERIAL_DISCLOSURE_FOUND_SOURCE_CHECKED,unknown,SOURCE_CHECKED_NOT_FOUND,medium,TRADING_SUSPENSION_LIST,Not found in parsed TRADING_SUSPENSION_LIST,,2026-06-05T04:42:48+00:00,Absence from parsed list is not a guarantee of clean disclosure; it only means this ticker was not found in this parsed source/list.
VHC,2026-06-05,2026-06-05,HOSE,hose,hose:trading_suspension_list,https://api.hsx.vn/l/api/v1/1/securities/stock-status?pageIndex=1&pageSize=500&statusListId=54,True,False,False,False,False,False,False,False,False,False,False,False,NO_MATERIAL_DISCLOSURE_FOUND_SOURCE_CHECKED,unknown,SOURCE_CHECKED_NOT_FOUND,medium,TRADING_SUSPENSION_LIST,Not found in parsed TRADING_SUSPENSION_LIST,,2026-06-05T04:42:48+00:00,Absence from parsed list is not a guarantee of clean disclosure; it only means this ticker was not found in this parsed source/list.
TCM,2026-06-05,2026-06-05,HOSE,hose,hose:trading_suspension_list,https://api.hsx.vn/l/api/v1/1/securities/stock-status?pageIndex=1&pageSize=500&statusListId=54,True,False,False,False,False,False,False,False,False,False,False,False,NO_MATERIAL_DISCLOSURE_FOUND_SOURCE_CHECKED,unknown,SOURCE_CHECKED_NOT_FOUND,medium,TRADING_SUSPENSION_LIST,Not found in parsed TRADING_SUSPENSION_LIST,,2026-06-05T04:42:48+00:00,Absence from parsed list is not a guarantee of clean disclosure; it only means this ticker was not found in this parsed source/list.
VCB,2026-06-05,2026-06-05,HOSE,hose,hose:disclosure_violation_list,https://api.hsx.vn/l/api/v1/1/securities/violating?pageIndex=1&pageSize=500&year=2026&regType=1,True,False,False,False,False,False,False,False,False,False,False,False,NO_MATERIAL_DISCLOSURE_FOUND_SOURCE_CHECKED,unknown,SOURCE_CHECKED_NOT_FOUND,medium,DISCLOSURE_VIOLATION_LIST,Not found in parsed DISCLOSURE_VIOLATION_LIST,,2026-06-05T04:42:52+00:00,Absence from parsed list is not a guarantee of clean disclosure; it only means this ticker was not found in this parsed source/list.
BID,2026-06-05,2026-06-05,HOSE,hose,hose:disclosure_violation_list,https://api.hsx.vn/l/api/v1/1/securities/violating?pageIndex=1&pageSize=500&year=2026&regType=1,True,False,False,False,False,False,False,False,False,False,False,False,NO_MATERIAL_DISCLOSURE_FOUND_SOURCE_CHECKED,unknown,SOURCE_CHECKED_NOT_FOUND,medium,DISCLOSURE_VIOLATION_LIST,Not found in parsed DISCLOSURE_VIOLATION_LIST,,2026-06-05T04:42:52+00:00,Absence from parsed list is not a guarantee of clean disclosure; it only means this ticker was not found in this parsed source/list.
CTG,2026-06-05,2026-06-05,HOSE,hose,hose:disclosure_violation_list,https://api.hsx.vn/l/api/v1/1/securities/violating?pageIndex=1&pageSize=500&year=2026&regType=1,True,False,False,False,False,False,False,False,False,False,False,False,NO_MATERIAL_DISCLOSURE_FOUND_SOURCE_CHECKED,unknown,SOURCE_CHECKED_NOT_FOUND,medium,DISCLOSURE_VIOLATION_LIST,Not found in parsed DISCLOSURE_VIOLATION_LIST,,2026-06-05T04:42:52+00:00,Absence from parsed list is not a guarantee of clean disclosure; it only means this ticker was not found in this parsed source/list.
MBB,2026-06-05,2026-06-05,HOSE,hose,hose:disclosure_violation_list,https://api.hsx.vn/l/api/v1/1/securities/violating?pageIndex=1&pageSize=500&year=2026&regType=1,True,False,False,False,False,False,False,False,False,False,False,False,NO_MATERIAL_DISCLOSURE_FOUND_SOURCE_CHECKED,unknown,SOURCE_CHECKED_NOT_FOUND,medium,DISCLOSURE_VIOLATION_LIST,Not found in parsed DISCLOSURE_VIOLATION_LIST,,2026-06-05T04:42:52+00:00,Absence from parsed list is not a guarantee of clean disclosure; it only means this ticker was not found in this parsed source/list.
ACB,2026-06-05,2026-06-05,HOSE,hose,hose:disclosure_violation_list,https://api.hsx.vn/l/api/v1/1/securities/violating?pageIndex=1&pageSize=500&year=2026&regType=1,True,False,False,False,False,False,False,False,False,False,False,False,NO_MATERIAL_DISCLOSURE_FOUND_SOURCE_CHECKED,unknown,SOURCE_CHECKED_NOT_FOUND,medium,DISCLOSURE_VIOLATION_LIST,Not found in parsed DISCLOSURE_VIOLATION_LIST,,2026-06-05T04:42:52+00:00,Absence from parsed list is not a guarantee of clean disclosure; it only means this ticker was not found in this parsed source/list.
HPG,2026-06-05,2026-06-05,HOSE,hose,hose:disclosure_violation_list,https://api.hsx.vn/l/api/v1/1/securities/violating?pageIndex=1&pageSize=500&year=2026&regType=1,True,False,False,False,False,False,False,False,False,False,False,False,NO_MATERIAL_DISCLOSURE_FOUND_SOURCE_CHECKED,unknown,SOURCE_CHECKED_NOT_FOUND,medium,DISCLOSURE_VIOLATION_LIST,Not found in parsed DISCLOSURE_VIOLATION_LIST,,2026-06-05T04:42:52+00:00,Absence from parsed list is not a guarantee of clean disclosure; it only means this ticker was not found in this parsed source/list.
HSG,2026-06-05,2026-06-05,HOSE,hose,hose:disclosure_violation_list,https://api.hsx.vn/l/api/v1/1/securities/violating?pageIndex=1&pageSize=500&year=2026&regType=1,True,False,False,False,False,False,False,False,False,False,False,False,NO_MATERIAL_DISCLOSURE_FOUND_SOURCE_CHECKED,unknown,SOURCE_CHECKED_NOT_FOUND,medium,DISCLOSURE_VIOLATION_LIST,Not found in parsed DISCLOSURE_VIOLATION_LIST,,2026-06-05T04:42:52+00:00,Absence from parsed list is not a guarantee of clean disclosure; it only means this ticker was not found in this parsed source/list.
VHM,2026-06-05,2026-06-05,HOSE,hose,hose:disclosure_violation_list,https://api.hsx.vn/l/api/v1/1/securities/violating?pageIndex=1&pageSize=500&year=2026&regType=1,True,False,False,False,False,False,False,False,False,False,False,False,NO_MATERIAL_DISCLOSURE_FOUND_SOURCE_CHECKED,unknown,SOURCE_CHECKED_NOT_FOUND,medium,DISCLOSURE_VIOLATION_LIST,Not found in parsed DISCLOSURE_VIOLATION_LIST,,2026-06-05T04:42:52+00:00,Absence from parsed list is not a guarantee of clean disclosure; it only means this ticker was not found in this parsed source/list.
KDH,2026-06-05,2026-06-05,HOSE,hose,hose:disclosure_violation_list,https://api.hsx.vn/l/api/v1/1/securities/violating?pageIndex=1&pageSize=500&year=2026&regType=1,True,False,False,False,False,False,False,False,False,False,False,False,NO_MATERIAL_DISCLOSURE_FOUND_SOURCE_CHECKED,unknown,SOURCE_CHECKED_NOT_FOUND,medium,DISCLOSURE_VIOLATION_LIST,Not found in parsed DISCLOSURE_VIOLATION_LIST,,2026-06-05T04:42:52+00:00,Absence from parsed list is not a guarantee of clean disclosure; it only means this ticker was not found in this parsed source/list.
NLG,2026-06-05,2026-06-05,HOSE,hose,hose:disclosure_violation_list,https://api.hsx.vn/l/api/v1/1/securities/violating?pageIndex=1&pageSize=500&year=2026&regType=1,True,False,False,False,False,False,False,False,False,False,False,False,NO_MATERIAL_DISCLOSURE_FOUND_SOURCE_CHECKED,unknown,SOURCE_CHECKED_NOT_FOUND,medium,DISCLOSURE_VIOLATION_LIST,Not found in parsed DISCLOSURE_VIOLATION_LIST,,2026-06-05T04:42:52+00:00,Absence from parsed list is not a guarantee of clean disclosure; it only means this ticker was not found in this parsed source/list.
SSI,2026-06-05,2026-06-05,HOSE,hose,hose:disclosure_violation_list,https://api.hsx.vn/l/api/v1/1/securities/violating?pageIndex=1&pageSize=500&year=2026&regType=1,True,False,False,False,False,False,False,False,False,False,False,False,NO_MATERIAL_DISCLOSURE_FOUND_SOURCE_CHECKED,unknown,SOURCE_CHECKED_NOT_FOUND,medium,DISCLOSURE_VIOLATION_LIST,Not found in parsed DISCLOSURE_VIOLATION_LIST,,2026-06-05T04:42:52+00:00,Absence from parsed list is not a guarantee of clean disclosure; it only means this ticker was not found in this parsed source/list.
VND,2026-06-05,2026-06-05,HOSE,hose,hose:disclosure_violation_list,https://api.hsx.vn/l/api/v1/1/securities/violating?pageIndex=1&pageSize=500&year=2026&regType=1,True,False,False,False,False,False,False,False,False,False,False,False,NO_MATERIAL_DISCLOSURE_FOUND_SOURCE_CHECKED,unknown,SOURCE_CHECKED_NOT_FOUND,medium,DISCLOSURE_VIOLATION_LIST,Not found in parsed DISCLOSURE_VIOLATION_LIST,,2026-06-05T04:42:52+00:00,Absence from parsed list is not a guarantee of clean disclosure; it only means this ticker was not found in this parsed source/list.
GAS,2026-06-05,2026-06-05,HOSE,hose,hose:disclosure_violation_list,https://api.hsx.vn/l/api/v1/1/securities/violating?pageIndex=1&pageSize=500&year=2026&regType=1,True,False,False,False,False,False,False,False,False,False,False,False,NO_MATERIAL_DISCLOSURE_FOUND_SOURCE_CHECKED,unknown,SOURCE_CHECKED_NOT_FOUND,medium,DISCLOSURE_VIOLATION_LIST,Not found in parsed DISCLOSURE_VIOLATION_LIST,,2026-06-05T04:42:52+00:00,Absence from parsed list is not a guarantee of clean disclosure; it only means this ticker was not found in this parsed source/list.
PVS,2026-06-05,2026-06-05,HOSE,hose,hose:disclosure_violation_list,https://api.hsx.vn/l/api/v1/1/securities/violating?pageIndex=1&pageSize=500&year=2026&regType=1,True,False,False,False,False,False,False,False,False,False,False,False,NO_MATERIAL_DISCLOSURE_FOUND_SOURCE_CHECKED,unknown,SOURCE_CHECKED_NOT_FOUND,medium,DISCLOSURE_VIOLATION_LIST,Not found in parsed DISCLOSURE_VIOLATION_LIST,,2026-06-05T04:42:52+00:00,Absence from parsed list is not a guarantee of clean disclosure; it only means this ticker was not found in this parsed source/list.
FPT,2026-06-05,2026-06-05,HOSE,hose,hose:disclosure_violation_list,https://api.hsx.vn/l/api/v1/1/securities/violating?pageIndex=1&pageSize=500&year=2026&regType=1,True,False,False,False,False,False,False,False,False,False,False,False,NO_MATERIAL_DISCLOSURE_FOUND_SOURCE_CHECKED,unknown,SOURCE_CHECKED_NOT_FOUND,medium,DISCLOSURE_VIOLATION_LIST,Not found in parsed DISCLOSURE_VIOLATION_LIST,,2026-06-05T04:42:52+00:00,Absence from parsed list is not a guarantee of clean disclosure; it only means this ticker was not found in this parsed source/list.
MWG,2026-06-05,2026-06-05,HOSE,hose,hose:disclosure_violation_list,https://api.hsx.vn/l/api/v1/1/securities/violating?pageIndex=1&pageSize=500&year=2026&regType=1,True,False,False,False,False,False,False,False,False,False,False,False,NO_MATERIAL_DISCLOSURE_FOUND_SOURCE_CHECKED,unknown,SOURCE_CHECKED_NOT_FOUND,medium,DISCLOSURE_VIOLATION_LIST,Not found in parsed DISCLOSURE_VIOLATION_LIST,,2026-06-05T04:42:52+00:00,Absence from parsed list is not a guarantee of clean disclosure; it only means this ticker was not found in this parsed source/list.
VGC,2026-06-05,2026-06-05,HOSE,hose,hose:disclosure_violation_list,https://api.hsx.vn/l/api/v1/1/securities/violating?pageIndex=1&pageSize=500&year=2026&regType=1,True,False,False,False,False,False,False,False,False,False,False,False,NO_MATERIAL_DISCLOSURE_FOUND_SOURCE_CHECKED,unknown,SOURCE_CHECKED_NOT_FOUND,medium,DISCLOSURE_VIOLATION_LIST,Not found in parsed DISCLOSURE_VIOLATION_LIST,,2026-06-05T04:42:52+00:00,Absence from parsed list is not a guarantee of clean disclosure; it only means this ticker was not found in this parsed source/list.
GMD,2026-06-05,2026-06-05,HOSE,hose,hose:disclosure_violation_list,https://api.hsx.vn/l/api/v1/1/securities/violating?pageIndex=1&pageSize=500&year=2026&regType=1,True,False,False,False,False,False,False,False,False,False,False,False,NO_MATERIAL_DISCLOSURE_FOUND_SOURCE_CHECKED,unknown,SOURCE_CHECKED_NOT_FOUND,medium,DISCLOSURE_VIOLATION_LIST,Not found in parsed DISCLOSURE_VIOLATION_LIST,,2026-06-05T04:42:52+00:00,Absence from parsed list is not a guarantee of clean disclosure; it only means this ticker was not found in this parsed source/list.
VHC,2026-06-05,2026-06-05,HOSE,hose,hose:disclosure_violation_list,https://api.hsx.vn/l/api/v1/1/securities/violating?pageIndex=1&pageSize=500&year=2026&regType=1,True,False,False,False,False,False,False,False,False,False,False,False,NO_MATERIAL_DISCLOSURE_FOUND_SOURCE_CHECKED,unknown,SOURCE_CHECKED_NOT_FOUND,medium,DISCLOSURE_VIOLATION_LIST,Not found in parsed DISCLOSURE_VIOLATION_LIST,,2026-06-05T04:42:52+00:00,Absence from parsed list is not a guarantee of clean disclosure; it only means this ticker was not found in this parsed source/list.
TCM,2026-06-05,2026-06-05,HOSE,hose,hose:disclosure_violation_list,https://api.hsx.vn/l/api/v1/1/securities/violating?pageIndex=1&pageSize=500&year=2026&regType=1,True,False,False,False,False,False,False,False,False,False,False,False,NO_MATERIAL_DISCLOSURE_FOUND_SOURCE_CHECKED,unknown,SOURCE_CHECKED_NOT_FOUND,medium,DISCLOSURE_VIOLATION_LIST,Not found in parsed DISCLOSURE_VIOLATION_LIST,,2026-06-05T04:42:52+00:00,Absence from parsed list is not a guarantee of clean disclosure; it only means this ticker was not found in this parsed source/list.
VCB,2026-06-05,2026-06-05,HOSE,hose,hose:ssc_sanction_list,https://api.hsx.vn/l/api/v1/1/securities/violating?pageIndex=1&pageSize=500&year=2026&regType=2,True,False,False,False,False,False,False,False,False,False,False,False,NO_MATERIAL_DISCLOSURE_FOUND_SOURCE_CHECKED,unknown,SOURCE_CHECKED_NOT_FOUND,medium,SSC_SANCTION_LIST,Not found in parsed SSC_SANCTION_LIST,,2026-06-05T04:42:57+00:00,Absence from parsed list is not a guarantee of clean disclosure; it only means this ticker was not found in this parsed source/list.
BID,2026-06-05,2026-06-05,HOSE,hose,hose:ssc_sanction_list,https://api.hsx.vn/l/api/v1/1/securities/violating?pageIndex=1&pageSize=500&year=2026&regType=2,True,False,False,False,False,False,False,False,False,False,False,False,NO_MATERIAL_DISCLOSURE_FOUND_SOURCE_CHECKED,unknown,SOURCE_CHECKED_NOT_FOUND,medium,SSC_SANCTION_LIST,Not found in parsed SSC_SANCTION_LIST,,2026-06-05T04:42:57+00:00,Absence from parsed list is not a guarantee of clean disclosure; it only means this ticker was not found in this parsed source/list.
CTG,2026-06-05,2026-06-05,HOSE,hose,hose:ssc_sanction_list,https://api.hsx.vn/l/api/v1/1/securities/violating?pageIndex=1&pageSize=500&year=2026&regType=2,True,False,False,False,False,False,False,False,False,False,False,False,NO_MATERIAL_DISCLOSURE_FOUND_SOURCE_CHECKED,unknown,SOURCE_CHECKED_NOT_FOUND,medium,SSC_SANCTION_LIST,Not found in parsed SSC_SANCTION_LIST,,2026-06-05T04:42:57+00:00,Absence from parsed list is not a guarantee of clean disclosure; it only means this ticker was not found in this parsed source/list.
MBB,2026-06-05,2026-06-05,HOSE,hose,hose:ssc_sanction_list,https://api.hsx.vn/l/api/v1/1/securities/violating?pageIndex=1&pageSize=500&year=2026&regType=2,True,False,False,False,False,False,False,False,False,False,False,False,NO_MATERIAL_DISCLOSURE_FOUND_SOURCE_CHECKED,unknown,SOURCE_CHECKED_NOT_FOUND,medium,SSC_SANCTION_LIST,Not found in parsed SSC_SANCTION_LIST,,2026-06-05T04:42:57+00:00,Absence from parsed list is not a guarantee of clean disclosure; it only means this ticker was not found in this parsed source/list.
ACB,2026-06-05,2026-06-05,HOSE,hose,hose:ssc_sanction_list,https://api.hsx.vn/l/api/v1/1/securities/violating?pageIndex=1&pageSize=500&year=2026&regType=2,True,False,False,False,False,False,False,False,False,False,False,False,NO_MATERIAL_DISCLOSURE_FOUND_SOURCE_CHECKED,unknown,SOURCE_CHECKED_NOT_FOUND,medium,SSC_SANCTION_LIST,Not found in parsed SSC_SANCTION_LIST,,2026-06-05T04:42:57+00:00,Absence from parsed list is not a guarantee of clean disclosure; it only means this ticker was not found in this parsed source/list.
HPG,2026-06-05,2026-06-05,HOSE,hose,hose:ssc_sanction_list,https://api.hsx.vn/l/api/v1/1/securities/violating?pageIndex=1&pageSize=500&year=2026&regType=2,True,False,False,False,False,False,False,False,False,False,False,False,NO_MATERIAL_DISCLOSURE_FOUND_SOURCE_CHECKED,unknown,SOURCE_CHECKED_NOT_FOUND,medium,SSC_SANCTION_LIST,Not found in parsed SSC_SANCTION_LIST,,2026-06-05T04:42:57+00:00,Absence from parsed list is not a guarantee of clean disclosure; it only means this ticker was not found in this parsed source/list.
HSG,2026-06-05,2026-06-05,HOSE,hose,hose:ssc_sanction_list,https://api.hsx.vn/l/api/v1/1/securities/violating?pageIndex=1&pageSize=500&year=2026&regType=2,True,False,False,False,False,False,False,False,False,False,False,False,NO_MATERIAL_DISCLOSURE_FOUND_SOURCE_CHECKED,unknown,SOURCE_CHECKED_NOT_FOUND,medium,SSC_SANCTION_LIST,Not found in parsed SSC_SANCTION_LIST,,2026-06-05T04:42:57+00:00,Absence from parsed list is not a guarantee of clean disclosure; it only means this ticker was not found in this parsed source/list.
VHM,2026-06-05,2026-06-05,HOSE,hose,hose:ssc_sanction_list,https://api.hsx.vn/l/api/v1/1/securities/violating?pageIndex=1&pageSize=500&year=2026&regType=2,True,False,False,False,False,False,False,False,False,False,False,False,NO_MATERIAL_DISCLOSURE_FOUND_SOURCE_CHECKED,unknown,SOURCE_CHECKED_NOT_FOUND,medium,SSC_SANCTION_LIST,Not found in parsed SSC_SANCTION_LIST,,2026-06-05T04:42:57+00:00,Absence from parsed list is not a guarantee of clean disclosure; it only means this ticker was not found in this parsed source/list.
KDH,2026-06-05,2026-06-05,HOSE,hose,hose:ssc_sanction_list,https://api.hsx.vn/l/api/v1/1/securities/violating?pageIndex=1&pageSize=500&year=2026&regType=2,True,False,False,False,False,False,False,False,False,False,False,False,NO_MATERIAL_DISCLOSURE_FOUND_SOURCE_CHECKED,unknown,SOURCE_CHECKED_NOT_FOUND,medium,SSC_SANCTION_LIST,Not found in parsed SSC_SANCTION_LIST,,2026-06-05T04:42:57+00:00,Absence from parsed list is not a guarantee of clean disclosure; it only means this ticker was not found in this parsed source/list.
NLG,2026-06-05,2026-06-05,HOSE,hose,hose:ssc_sanction_list,https://api.hsx.vn/l/api/v1/1/securities/violating?pageIndex=1&pageSize=500&year=2026&regType=2,True,False,False,False,False,False,False,False,False,False,False,False,NO_MATERIAL_DISCLOSURE_FOUND_SOURCE_CHECKED,unknown,SOURCE_CHECKED_NOT_FOUND,medium,SSC_SANCTION_LIST,Not found in parsed SSC_SANCTION_LIST,,2026-06-05T04:42:57+00:00,Absence from parsed list is not a guarantee of clean disclosure; it only means this ticker was not found in this parsed source/list.
SSI,2026-06-05,2026-06-05,HOSE,hose,hose:ssc_sanction_list,https://api.hsx.vn/l/api/v1/1/securities/violating?pageIndex=1&pageSize=500&year=2026&regType=2,True,False,False,False,False,False,False,False,False,False,False,False,NO_MATERIAL_DISCLOSURE_FOUND_SOURCE_CHECKED,unknown,SOURCE_CHECKED_NOT_FOUND,medium,SSC_SANCTION_LIST,Not found in parsed SSC_SANCTION_LIST,,2026-06-05T04:42:57+00:00,Absence from parsed list is not a guarantee of clean disclosure; it only means this ticker was not found in this parsed source/list.
VND,2026-06-05,2026-06-05,HOSE,hose,hose:ssc_sanction_list,https://api.hsx.vn/l/api/v1/1/securities/violating?pageIndex=1&pageSize=500&year=2026&regType=2,True,False,False,False,False,False,False,False,False,False,False,False,NO_MATERIAL_DISCLOSURE_FOUND_SOURCE_CHECKED,unknown,SOURCE_CHECKED_NOT_FOUND,medium,SSC_SANCTION_LIST,Not found in parsed SSC_SANCTION_LIST,,2026-06-05T04:42:57+00:00,Absence from parsed list is not a guarantee of clean disclosure; it only means this ticker was not found in this parsed source/list.
GAS,2026-06-05,2026-06-05,HOSE,hose,hose:ssc_sanction_list,https://api.hsx.vn/l/api/v1/1/securities/violating?pageIndex=1&pageSize=500&year=2026&regType=2,True,False,False,False,False,False,False,False,False,False,False,False,NO_MATERIAL_DISCLOSURE_FOUND_SOURCE_CHECKED,unknown,SOURCE_CHECKED_NOT_FOUND,medium,SSC_SANCTION_LIST,Not found in parsed SSC_SANCTION_LIST,,2026-06-05T04:42:57+00:00,Absence from parsed list is not a guarantee of clean disclosure; it only means this ticker was not found in this parsed source/list.
PVS,2026-06-05,2026-06-05,HOSE,hose,hose:ssc_sanction_list,https://api.hsx.vn/l/api/v1/1/securities/violating?pageIndex=1&pageSize=500&year=2026&regType=2,True,False,False,False,False,False,False,False,False,False,False,False,NO_MATERIAL_DISCLOSURE_FOUND_SOURCE_CHECKED,unknown,SOURCE_CHECKED_NOT_FOUND,medium,SSC_SANCTION_LIST,Not found in parsed SSC_SANCTION_LIST,,2026-06-05T04:42:57+00:00,Absence from parsed list is not a guarantee of clean disclosure; it only means this ticker was not found in this parsed source/list.
FPT,2026-06-05,2026-06-05,HOSE,hose,hose:ssc_sanction_list,https://api.hsx.vn/l/api/v1/1/securities/violating?pageIndex=1&pageSize=500&year=2026&regType=2,True,False,False,False,False,False,False,False,False,False,False,False,NO_MATERIAL_DISCLOSURE_FOUND_SOURCE_CHECKED,unknown,SOURCE_CHECKED_NOT_FOUND,medium,SSC_SANCTION_LIST,Not found in parsed SSC_SANCTION_LIST,,2026-06-05T04:42:57+00:00,Absence from parsed list is not a guarantee of clean disclosure; it only means this ticker was not found in this parsed source/list.
MWG,2026-06-05,2026-06-05,HOSE,hose,hose:ssc_sanction_list,https://api.hsx.vn/l/api/v1/1/securities/violating?pageIndex=1&pageSize=500&year=2026&regType=2,True,False,False,False,False,False,False,False,False,False,False,False,NO_MATERIAL_DISCLOSURE_FOUND_SOURCE_CHECKED,unknown,SOURCE_CHECKED_NOT_FOUND,medium,SSC_SANCTION_LIST,Not found in parsed SSC_SANCTION_LIST,,2026-06-05T04:42:57+00:00,Absence from parsed list is not a guarantee of clean disclosure; it only means this ticker was not found in this parsed source/list.
VGC,2026-06-05,2026-06-05,HOSE,hose,hose:ssc_sanction_list,https://api.hsx.vn/l/api/v1/1/securities/violating?pageIndex=1&pageSize=500&year=2026&regType=2,True,False,False,False,False,False,False,False,False,False,False,False,NO_MATERIAL_DISCLOSURE_FOUND_SOURCE_CHECKED,unknown,SOURCE_CHECKED_NOT_FOUND,medium,SSC_SANCTION_LIST,Not found in parsed SSC_SANCTION_LIST,,2026-06-05T04:42:57+00:00,Absence from parsed list is not a guarantee of clean disclosure; it only means this ticker was not found in this parsed source/list.
GMD,2026-06-05,2026-06-05,HOSE,hose,hose:ssc_sanction_list,https://api.hsx.vn/l/api/v1/1/securities/violating?pageIndex=1&pageSize=500&year=2026&regType=2,True,False,False,False,False,False,False,False,False,False,False,False,NO_MATERIAL_DISCLOSURE_FOUND_SOURCE_CHECKED,unknown,SOURCE_CHECKED_NOT_FOUND,medium,SSC_SANCTION_LIST,Not found in parsed SSC_SANCTION_LIST,,2026-06-05T04:42:57+00:00,Absence from parsed list is not a guarantee of clean disclosure; it only means this ticker was not found in this parsed source/list.
VHC,2026-06-05,2026-06-05,HOSE,hose,hose:ssc_sanction_list,https://api.hsx.vn/l/api/v1/1/securities/violating?pageIndex=1&pageSize=500&year=2026&regType=2,True,False,False,False,False,False,False,False,False,False,False,False,NO_MATERIAL_DISCLOSURE_FOUND_SOURCE_CHECKED,unknown,SOURCE_CHECKED_NOT_FOUND,medium,SSC_SANCTION_LIST,Not found in parsed SSC_SANCTION_LIST,,2026-06-05T04:42:57+00:00,Absence from parsed list is not a guarantee of clean disclosure; it only means this ticker was not found in this parsed source/list.
TCM,2026-06-05,2026-06-05,HOSE,hose,hose:ssc_sanction_list,https://api.hsx.vn/l/api/v1/1/securities/violating?pageIndex=1&pageSize=500&year=2026&regType=2,True,False,False,False,False,False,False,False,False,False,False,False,NO_MATERIAL_DISCLOSURE_FOUND_SOURCE_CHECKED,unknown,SOURCE_CHECKED_NOT_FOUND,medium,SSC_SANCTION_LIST,Not found in parsed SSC_SANCTION_LIST,,2026-06-05T04:42:57+00:00,Absence from parsed list is not a guarantee of clean disclosure; it only means this ticker was not found in this parsed source/list.
VCB,2026-06-05,2026-06-05,,hnx,hnx,https://www.hnx.vn/co-phieu-etfs/chung-khoan-uc-canh-bao-ndt.html,False,False,False,False,False,False,False,False,False,False,False,False,DISCLOSURE_SOURCE_UNAVAILABLE,unknown,SOURCE_UNAVAILABLE,low,WARNING_LIST,SOURCE_SSL_FAILED,public HTML table probe for official disclosure/status list,,source/list could not be checked; do not treat as no-warning
BID,2026-06-05,2026-06-05,,hnx,hnx,https://www.hnx.vn/co-phieu-etfs/chung-khoan-uc-canh-bao-ndt.html,False,False,False,False,False,False,False,False,False,False,False,False,DISCLOSURE_SOURCE_UNAVAILABLE,unknown,SOURCE_UNAVAILABLE,low,WARNING_LIST,SOURCE_SSL_FAILED,public HTML table probe for official disclosure/status list,,source/list could not be checked; do not treat as no-warning
CTG,2026-06-05,2026-06-05,,hnx,hnx,https://www.hnx.vn/co-phieu-etfs/chung-khoan-uc-canh-bao-ndt.html,False,False,False,False,False,False,False,False,False,False,False,False,DISCLOSURE_SOURCE_UNAVAILABLE,unknown,SOURCE_UNAVAILABLE,low,WARNING_LIST,SOURCE_SSL_FAILED,public HTML table probe for official disclosure/status list,,source/list could not be checked; do not treat as no-warning
MBB,2026-06-05,2026-06-05,,hnx,hnx,https://www.hnx.vn/co-phieu-etfs/chung-khoan-uc-canh-bao-ndt.html,False,False,False,False,False,False,False,False,False,False,False,False,DISCLOSURE_SOURCE_UNAVAILABLE,unknown,SOURCE_UNAVAILABLE,low,WARNING_LIST,SOURCE_SSL_FAILED,public HTML table probe for official disclosure/status list,,source/list could not be checked; do not treat as no-warning
ACB,2026-06-05,2026-06-05,,hnx,hnx,https://www.hnx.vn/co-phieu-etfs/chung-khoan-uc-canh-bao-ndt.html,False,False,False,False,False,False,False,False,False,False,False,False,DISCLOSURE_SOURCE_UNAVAILABLE,unknown,SOURCE_UNAVAILABLE,low,WARNING_LIST,SOURCE_SSL_FAILED,public HTML table probe for official disclosure/status list,,source/list could not be checked; do not treat as no-warning
HPG,2026-06-05,2026-06-05,,hnx,hnx,https://www.hnx.vn/co-phieu-etfs/chung-khoan-uc-canh-bao-ndt.html,False,False,False,False,False,False,False,False,False,False,False,False,DISCLOSURE_SOURCE_UNAVAILABLE,unknown,SOURCE_UNAVAILABLE,low,WARNING_LIST,SOURCE_SSL_FAILED,public HTML table probe for official disclosure/status list,,source/list could not be checked; do not treat as no-warning
HSG,2026-06-05,2026-06-05,,hnx,hnx,https://www.hnx.vn/co-phieu-etfs/chung-khoan-uc-canh-bao-ndt.html,False,False,False,False,False,False,False,False,False,False,False,False,DISCLOSURE_SOURCE_UNAVAILABLE,unknown,SOURCE_UNAVAILABLE,low,WARNING_LIST,SOURCE_SSL_FAILED,public HTML table probe for official disclosure/status list,,source/list could not be checked; do not treat as no-warning
VHM,2026-06-05,2026-06-05,,hnx,hnx,https://www.hnx.vn/co-phieu-etfs/chung-khoan-uc-canh-bao-ndt.html,False,False,False,False,False,False,False,False,False,False,False,False,DISCLOSURE_SOURCE_UNAVAILABLE,unknown,SOURCE_UNAVAILABLE,low,WARNING_LIST,SOURCE_SSL_FAILED,public HTML table probe for official disclosure/status list,,source/list could not be checked; do not treat as no-warning
KDH,2026-06-05,2026-06-05,,hnx,hnx,https://www.hnx.vn/co-phieu-etfs/chung-khoan-uc-canh-bao-ndt.html,False,False,False,False,False,False,False,False,False,False,False,False,DISCLOSURE_SOURCE_UNAVAILABLE,unknown,SOURCE_UNAVAILABLE,low,WARNING_LIST,SOURCE_SSL_FAILED,public HTML table probe for official disclosure/status list,,source/list could not be checked; do not treat as no-warning
NLG,2026-06-05,2026-06-05,,hnx,hnx,https://www.hnx.vn/co-phieu-etfs/chung-khoan-uc-canh-bao-ndt.html,False,False,False,False,False,False,False,False,False,False,False,False,DISCLOSURE_SOURCE_UNAVAILABLE,unknown,SOURCE_UNAVAILABLE,low,WARNING_LIST,SOURCE_SSL_FAILED,public HTML table probe for official disclosure/status list,,source/list could not be checked; do not treat as no-warning
SSI,2026-06-05,2026-06-05,,hnx,hnx,https://www.hnx.vn/co-phieu-etfs/chung-khoan-uc-canh-bao-ndt.html,False,False,False,False,False,False,False,False,False,False,False,False,DISCLOSURE_SOURCE_UNAVAILABLE,unknown,SOURCE_UNAVAILABLE,low,WARNING_LIST,SOURCE_SSL_FAILED,public HTML table probe for official disclosure/status list,,source/list could not be checked; do not treat as no-warning
VND,2026-06-05,2026-06-05,,hnx,hnx,https://www.hnx.vn/co-phieu-etfs/chung-khoan-uc-canh-bao-ndt.html,False,False,False,False,False,False,False,False,False,False,False,False,DISCLOSURE_SOURCE_UNAVAILABLE,unknown,SOURCE_UNAVAILABLE,low,WARNING_LIST,SOURCE_SSL_FAILED,public HTML table probe for official disclosure/status list,,source/list could not be checked; do not treat as no-warning
GAS,2026-06-05,2026-06-05,,hnx,hnx,https://www.hnx.vn/co-phieu-etfs/chung-khoan-uc-canh-bao-ndt.html,False,False,False,False,False,False,False,False,False,False,False,False,DISCLOSURE_SOURCE_UNAVAILABLE,unknown,SOURCE_UNAVAILABLE,low,WARNING_LIST,SOURCE_SSL_FAILED,public HTML table probe for official disclosure/status list,,source/list could not be checked; do not treat as no-warning
PVS,2026-06-05,2026-06-05,,hnx,hnx,https://www.hnx.vn/co-phieu-etfs/chung-khoan-uc-canh-bao-ndt.html,False,False,False,False,False,False,False,False,False,False,False,False,DISCLOSURE_SOURCE_UNAVAILABLE,unknown,SOURCE_UNAVAILABLE,low,WARNING_LIST,SOURCE_SSL_FAILED,public HTML table probe for official disclosure/status list,,source/list could not be checked; do not treat as no-warning
FPT,2026-06-05,2026-06-05,,hnx,hnx,https://www.hnx.vn/co-phieu-etfs/chung-khoan-uc-canh-bao-ndt.html,False,False,False,False,False,False,False,False,False,False,False,False,DISCLOSURE_SOURCE_UNAVAILABLE,unknown,SOURCE_UNAVAILABLE,low,WARNING_LIST,SOURCE_SSL_FAILED,public HTML table probe for official disclosure/status list,,source/list could not be checked; do not treat as no-warning
MWG,2026-06-05,2026-06-05,,hnx,hnx,https://www.hnx.vn/co-phieu-etfs/chung-khoan-uc-canh-bao-ndt.html,False,False,False,False,False,False,False,False,False,False,False,False,DISCLOSURE_SOURCE_UNAVAILABLE,unknown,SOURCE_UNAVAILABLE,low,WARNING_LIST,SOURCE_SSL_FAILED,public HTML table probe for official disclosure/status list,,source/list could not be checked; do not treat as no-warning
VGC,2026-06-05,2026-06-05,,hnx,hnx,https://www.hnx.vn/co-phieu-etfs/chung-khoan-uc-canh-bao-ndt.html,False,False,False,False,False,False,False,False,False,False,False,False,DISCLOSURE_SOURCE_UNAVAILABLE,unknown,SOURCE_UNAVAILABLE,low,WARNING_LIST,SOURCE_SSL_FAILED,public HTML table probe for official disclosure/status list,,source/list could not be checked; do not treat as no-warning
GMD,2026-06-05,2026-06-05,,hnx,hnx,https://www.hnx.vn/co-phieu-etfs/chung-khoan-uc-canh-bao-ndt.html,False,False,False,False,False,False,False,False,False,False,False,False,DISCLOSURE_SOURCE_UNAVAILABLE,unknown,SOURCE_UNAVAILABLE,low,WARNING_LIST,SOURCE_SSL_FAILED,public HTML table probe for official disclosure/status list,,source/list could not be checked; do not treat as no-warning
VHC,2026-06-05,2026-06-05,,hnx,hnx,https://www.hnx.vn/co-phieu-etfs/chung-khoan-uc-canh-bao-ndt.html,False,False,False,False,False,False,False,False,False,False,False,False,DISCLOSURE_SOURCE_UNAVAILABLE,unknown,SOURCE_UNAVAILABLE,low,WARNING_LIST,SOURCE_SSL_FAILED,public HTML table probe for official disclosure/status list,,source/list could not be checked; do not treat as no-warning
TCM,2026-06-05,2026-06-05,,hnx,hnx,https://www.hnx.vn/co-phieu-etfs/chung-khoan-uc-canh-bao-ndt.html,False,False,False,False,False,False,False,False,False,False,False,False,DISCLOSURE_SOURCE_UNAVAILABLE,unknown,SOURCE_UNAVAILABLE,low,WARNING_LIST,SOURCE_SSL_FAILED,public HTML table probe for official disclosure/status list,,source/list could not be checked; do not treat as no-warning
VCB,2026-06-05,2026-06-05,,hnx,hnx,https://www.upboard.hnx.vn/co-phieu-etfs/chung-khoan-ny-khong-ky-quy.html,False,False,False,False,False,False,False,False,False,False,False,False,DISCLOSURE_SOURCE_UNAVAILABLE,unknown,SOURCE_UNAVAILABLE,low,TRADING_RESTRICTION_LIST,SOURCE_SSL_FAILED,public HTML table probe for official disclosure/status list,,source/list could not be checked; do not treat as no-warning
BID,2026-06-05,2026-06-05,,hnx,hnx,https://www.upboard.hnx.vn/co-phieu-etfs/chung-khoan-ny-khong-ky-quy.html,False,False,False,False,False,False,False,False,False,False,False,False,DISCLOSURE_SOURCE_UNAVAILABLE,unknown,SOURCE_UNAVAILABLE,low,TRADING_RESTRICTION_LIST,SOURCE_SSL_FAILED,public HTML table probe for official disclosure/status list,,source/list could not be checked; do not treat as no-warning
CTG,2026-06-05,2026-06-05,,hnx,hnx,https://www.upboard.hnx.vn/co-phieu-etfs/chung-khoan-ny-khong-ky-quy.html,False,False,False,False,False,False,False,False,False,False,False,False,DISCLOSURE_SOURCE_UNAVAILABLE,unknown,SOURCE_UNAVAILABLE,low,TRADING_RESTRICTION_LIST,SOURCE_SSL_FAILED,public HTML table probe for official disclosure/status list,,source/list could not be checked; do not treat as no-warning
MBB,2026-06-05,2026-06-05,,hnx,hnx,https://www.upboard.hnx.vn/co-phieu-etfs/chung-khoan-ny-khong-ky-quy.html,False,False,False,False,False,False,False,False,False,False,False,False,DISCLOSURE_SOURCE_UNAVAILABLE,unknown,SOURCE_UNAVAILABLE,low,TRADING_RESTRICTION_LIST,SOURCE_SSL_FAILED,public HTML table probe for official disclosure/status list,,source/list could not be checked; do not treat as no-warning
ACB,2026-06-05,2026-06-05,,hnx,hnx,https://www.upboard.hnx.vn/co-phieu-etfs/chung-khoan-ny-khong-ky-quy.html,False,False,False,False,False,False,False,False,False,False,False,False,DISCLOSURE_SOURCE_UNAVAILABLE,unknown,SOURCE_UNAVAILABLE,low,TRADING_RESTRICTION_LIST,SOURCE_SSL_FAILED,public HTML table probe for official disclosure/status list,,source/list could not be checked; do not treat as no-warning
HPG,2026-06-05,2026-06-05,,hnx,hnx,https://www.upboard.hnx.vn/co-phieu-etfs/chung-khoan-ny-khong-ky-quy.html,False,False,False,False,False,False,False,False,False,False,False,False,DISCLOSURE_SOURCE_UNAVAILABLE,unknown,SOURCE_UNAVAILABLE,low,TRADING_RESTRICTION_LIST,SOURCE_SSL_FAILED,public HTML table probe for official disclosure/status list,,source/list could not be checked; do not treat as no-warning
HSG,2026-06-05,2026-06-05,,hnx,hnx,https://www.upboard.hnx.vn/co-phieu-etfs/chung-khoan-ny-khong-ky-quy.html,False,False,False,False,False,False,False,False,False,False,False,False,DISCLOSURE_SOURCE_UNAVAILABLE,unknown,SOURCE_UNAVAILABLE,low,TRADING_RESTRICTION_LIST,SOURCE_SSL_FAILED,public HTML table probe for official disclosure/status list,,source/list could not be checked; do not treat as no-warning
VHM,2026-06-05,2026-06-05,,hnx,hnx,https://www.upboard.hnx.vn/co-phieu-etfs/chung-khoan-ny-khong-ky-quy.html,False,False,False,False,False,False,False,False,False,False,False,False,DISCLOSURE_SOURCE_UNAVAILABLE,unknown,SOURCE_UNAVAILABLE,low,TRADING_RESTRICTION_LIST,SOURCE_SSL_FAILED,public HTML table probe for official disclosure/status list,,source/list could not be checked; do not treat as no-warning
KDH,2026-06-05,2026-06-05,,hnx,hnx,https://www.upboard.hnx.vn/co-phieu-etfs/chung-khoan-ny-khong-ky-quy.html,False,False,False,False,False,False,False,False,False,False,False,False,DISCLOSURE_SOURCE_UNAVAILABLE,unknown,SOURCE_UNAVAILABLE,low,TRADING_RESTRICTION_LIST,SOURCE_SSL_FAILED,public HTML table probe for official disclosure/status list,,source/list could not be checked; do not treat as no-warning
NLG,2026-06-05,2026-06-05,,hnx,hnx,https://www.upboard.hnx.vn/co-phieu-etfs/chung-khoan-ny-khong-ky-quy.html,False,False,False,False,False,False,False,False,False,False,False,False,DISCLOSURE_SOURCE_UNAVAILABLE,unknown,SOURCE_UNAVAILABLE,low,TRADING_RESTRICTION_LIST,SOURCE_SSL_FAILED,public HTML table probe for official disclosure/status list,,source/list could not be checked; do not treat as no-warning
SSI,2026-06-05,2026-06-05,,hnx,hnx,https://www.upboard.hnx.vn/co-phieu-etfs/chung-khoan-ny-khong-ky-quy.html,False,False,False,False,False,False,False,False,False,False,False,False,DISCLOSURE_SOURCE_UNAVAILABLE,unknown,SOURCE_UNAVAILABLE,low,TRADING_RESTRICTION_LIST,SOURCE_SSL_FAILED,public HTML table probe for official disclosure/status list,,source/list could not be checked; do not treat as no-warning
VND,2026-06-05,2026-06-05,,hnx,hnx,https://www.upboard.hnx.vn/co-phieu-etfs/chung-khoan-ny-khong-ky-quy.html,False,False,False,False,False,False,False,False,False,False,False,False,DISCLOSURE_SOURCE_UNAVAILABLE,unknown,SOURCE_UNAVAILABLE,low,TRADING_RESTRICTION_LIST,SOURCE_SSL_FAILED,public HTML table probe for official disclosure/status list,,source/list could not be checked; do not treat as no-warning
GAS,2026-06-05,2026-06-05,,hnx,hnx,https://www.upboard.hnx.vn/co-phieu-etfs/chung-khoan-ny-khong-ky-quy.html,False,False,False,False,False,False,False,False,False,False,False,False,DISCLOSURE_SOURCE_UNAVAILABLE,unknown,SOURCE_UNAVAILABLE,low,TRADING_RESTRICTION_LIST,SOURCE_SSL_FAILED,public HTML table probe for official disclosure/status list,,source/list could not be checked; do not treat as no-warning
PVS,2026-06-05,2026-06-05,,hnx,hnx,https://www.upboard.hnx.vn/co-phieu-etfs/chung-khoan-ny-khong-ky-quy.html,False,False,False,False,False,False,False,False,False,False,False,False,DISCLOSURE_SOURCE_UNAVAILABLE,unknown,SOURCE_UNAVAILABLE,low,TRADING_RESTRICTION_LIST,SOURCE_SSL_FAILED,public HTML table probe for official disclosure/status list,,source/list could not be checked; do not treat as no-warning
FPT,2026-06-05,2026-06-05,,hnx,hnx,https://www.upboard.hnx.vn/co-phieu-etfs/chung-khoan-ny-khong-ky-quy.html,False,False,False,False,False,False,False,False,False,False,False,False,DISCLOSURE_SOURCE_UNAVAILABLE,unknown,SOURCE_UNAVAILABLE,low,TRADING_RESTRICTION_LIST,SOURCE_SSL_FAILED,public HTML table probe for official disclosure/status list,,source/list could not be checked; do not treat as no-warning
MWG,2026-06-05,2026-06-05,,hnx,hnx,https://www.upboard.hnx.vn/co-phieu-etfs/chung-khoan-ny-khong-ky-quy.html,False,False,False,False,False,False,False,False,False,False,False,False,DISCLOSURE_SOURCE_UNAVAILABLE,unknown,SOURCE_UNAVAILABLE,low,TRADING_RESTRICTION_LIST,SOURCE_SSL_FAILED,public HTML table probe for official disclosure/status list,,source/list could not be checked; do not treat as no-warning
VGC,2026-06-05,2026-06-05,,hnx,hnx,https://www.upboard.hnx.vn/co-phieu-etfs/chung-khoan-ny-khong-ky-quy.html,False,False,False,False,False,False,False,False,False,False,False,False,DISCLOSURE_SOURCE_UNAVAILABLE,unknown,SOURCE_UNAVAILABLE,low,TRADING_RESTRICTION_LIST,SOURCE_SSL_FAILED,public HTML table probe for official disclosure/status list,,source/list could not be checked; do not treat as no-warning
GMD,2026-06-05,2026-06-05,,hnx,hnx,https://www.upboard.hnx.vn/co-phieu-etfs/chung-khoan-ny-khong-ky-quy.html,False,False,False,False,False,False,False,False,False,False,False,False,DISCLOSURE_SOURCE_UNAVAILABLE,unknown,SOURCE_UNAVAILABLE,low,TRADING_RESTRICTION_LIST,SOURCE_SSL_FAILED,public HTML table probe for official disclosure/status list,,source/list could not be checked; do not treat as no-warning
VHC,2026-06-05,2026-06-05,,hnx,hnx,https://www.upboard.hnx.vn/co-phieu-etfs/chung-khoan-ny-khong-ky-quy.html,False,False,False,False,False,False,False,False,False,False,False,False,DISCLOSURE_SOURCE_UNAVAILABLE,unknown,SOURCE_UNAVAILABLE,low,TRADING_RESTRICTION_LIST,SOURCE_SSL_FAILED,public HTML table probe for official disclosure/status list,,source/list could not be checked; do not treat as no-warning
TCM,2026-06-05,2026-06-05,,hnx,hnx,https://www.upboard.hnx.vn/co-phieu-etfs/chung-khoan-ny-khong-ky-quy.html,False,False,False,False,False,False,False,False,False,False,False,False,DISCLOSURE_SOURCE_UNAVAILABLE,unknown,SOURCE_UNAVAILABLE,low,TRADING_RESTRICTION_LIST,SOURCE_SSL_FAILED,public HTML table probe for official disclosure/status list,,source/list could not be checked; do not treat as no-warning
VCB,2026-06-05,2026-06-05,,hnx,hnx,https://www.hnx.vn/co-phieu-etfs/chung-khoan-ny-thong-tin.html,False,False,False,False,False,False,False,False,False,False,False,False,DISCLOSURE_SOURCE_UNAVAILABLE,unknown,SOURCE_UNAVAILABLE,low,CONTROL_LIST,SOURCE_SSL_FAILED,public HTML table probe for official disclosure/status list,,source/list could not be checked; do not treat as no-warning
BID,2026-06-05,2026-06-05,,hnx,hnx,https://www.hnx.vn/co-phieu-etfs/chung-khoan-ny-thong-tin.html,False,False,False,False,False,False,False,False,False,False,False,False,DISCLOSURE_SOURCE_UNAVAILABLE,unknown,SOURCE_UNAVAILABLE,low,CONTROL_LIST,SOURCE_SSL_FAILED,public HTML table probe for official disclosure/status list,,source/list could not be checked; do not treat as no-warning
CTG,2026-06-05,2026-06-05,,hnx,hnx,https://www.hnx.vn/co-phieu-etfs/chung-khoan-ny-thong-tin.html,False,False,False,False,False,False,False,False,False,False,False,False,DISCLOSURE_SOURCE_UNAVAILABLE,unknown,SOURCE_UNAVAILABLE,low,CONTROL_LIST,SOURCE_SSL_FAILED,public HTML table probe for official disclosure/status list,,source/list could not be checked; do not treat as no-warning
MBB,2026-06-05,2026-06-05,,hnx,hnx,https://www.hnx.vn/co-phieu-etfs/chung-khoan-ny-thong-tin.html,False,False,False,False,False,False,False,False,False,False,False,False,DISCLOSURE_SOURCE_UNAVAILABLE,unknown,SOURCE_UNAVAILABLE,low,CONTROL_LIST,SOURCE_SSL_FAILED,public HTML table probe for official disclosure/status list,,source/list could not be checked; do not treat as no-warning
ACB,2026-06-05,2026-06-05,,hnx,hnx,https://www.hnx.vn/co-phieu-etfs/chung-khoan-ny-thong-tin.html,False,False,False,False,False,False,False,False,False,False,False,False,DISCLOSURE_SOURCE_UNAVAILABLE,unknown,SOURCE_UNAVAILABLE,low,CONTROL_LIST,SOURCE_SSL_FAILED,public HTML table probe for official disclosure/status list,,source/list could not be checked; do not treat as no-warning
HPG,2026-06-05,2026-06-05,,hnx,hnx,https://www.hnx.vn/co-phieu-etfs/chung-khoan-ny-thong-tin.html,False,False,False,False,False,False,False,False,False,False,False,False,DISCLOSURE_SOURCE_UNAVAILABLE,unknown,SOURCE_UNAVAILABLE,low,CONTROL_LIST,SOURCE_SSL_FAILED,public HTML table probe for official disclosure/status list,,source/list could not be checked; do not treat as no-warning
HSG,2026-06-05,2026-06-05,,hnx,hnx,https://www.hnx.vn/co-phieu-etfs/chung-khoan-ny-thong-tin.html,False,False,False,False,False,False,False,False,False,False,False,False,DISCLOSURE_SOURCE_UNAVAILABLE,unknown,SOURCE_UNAVAILABLE,low,CONTROL_LIST,SOURCE_SSL_FAILED,public HTML table probe for official disclosure/status list,,source/list could not be checked; do not treat as no-warning
VHM,2026-06-05,2026-06-05,,hnx,hnx,https://www.hnx.vn/co-phieu-etfs/chung-khoan-ny-thong-tin.html,False,False,False,False,False,False,False,False,False,False,False,False,DISCLOSURE_SOURCE_UNAVAILABLE,unknown,SOURCE_UNAVAILABLE,low,CONTROL_LIST,SOURCE_SSL_FAILED,public HTML table probe for official disclosure/status list,,source/list could not be checked; do not treat as no-warning
KDH,2026-06-05,2026-06-05,,hnx,hnx,https://www.hnx.vn/co-phieu-etfs/chung-khoan-ny-thong-tin.html,False,False,False,False,False,False,False,False,False,False,False,False,DISCLOSURE_SOURCE_UNAVAILABLE,unknown,SOURCE_UNAVAILABLE,low,CONTROL_LIST,SOURCE_SSL_FAILED,public HTML table probe for official disclosure/status list,,source/list could not be checked; do not treat as no-warning
NLG,2026-06-05,2026-06-05,,hnx,hnx,https://www.hnx.vn/co-phieu-etfs/chung-khoan-ny-thong-tin.html,False,False,False,False,False,False,False,False,False,False,False,False,DISCLOSURE_SOURCE_UNAVAILABLE,unknown,SOURCE_UNAVAILABLE,low,CONTROL_LIST,SOURCE_SSL_FAILED,public HTML table probe for official disclosure/status list,,source/list could not be checked; do not treat as no-warning
SSI,2026-06-05,2026-06-05,,hnx,hnx,https://www.hnx.vn/co-phieu-etfs/chung-khoan-ny-thong-tin.html,False,False,False,False,False,False,False,False,False,False,False,False,DISCLOSURE_SOURCE_UNAVAILABLE,unknown,SOURCE_UNAVAILABLE,low,CONTROL_LIST,SOURCE_SSL_FAILED,public HTML table probe for official disclosure/status list,,source/list could not be checked; do not treat as no-warning
VND,2026-06-05,2026-06-05,,hnx,hnx,https://www.hnx.vn/co-phieu-etfs/chung-khoan-ny-thong-tin.html,False,False,False,False,False,False,False,False,False,False,False,False,DISCLOSURE_SOURCE_UNAVAILABLE,unknown,SOURCE_UNAVAILABLE,low,CONTROL_LIST,SOURCE_SSL_FAILED,public HTML table probe for official disclosure/status list,,source/list could not be checked; do not treat as no-warning
GAS,2026-06-05,2026-06-05,,hnx,hnx,https://www.hnx.vn/co-phieu-etfs/chung-khoan-ny-thong-tin.html,False,False,False,False,False,False,False,False,False,False,False,False,DISCLOSURE_SOURCE_UNAVAILABLE,unknown,SOURCE_UNAVAILABLE,low,CONTROL_LIST,SOURCE_SSL_FAILED,public HTML table probe for official disclosure/status list,,source/list could not be checked; do not treat as no-warning
PVS,2026-06-05,2026-06-05,,hnx,hnx,https://www.hnx.vn/co-phieu-etfs/chung-khoan-ny-thong-tin.html,False,False,False,False,False,False,False,False,False,False,False,False,DISCLOSURE_SOURCE_UNAVAILABLE,unknown,SOURCE_UNAVAILABLE,low,CONTROL_LIST,SOURCE_SSL_FAILED,public HTML table probe for official disclosure/status list,,source/list could not be checked; do not treat as no-warning
FPT,2026-06-05,2026-06-05,,hnx,hnx,https://www.hnx.vn/co-phieu-etfs/chung-khoan-ny-thong-tin.html,False,False,False,False,False,False,False,False,False,False,False,False,DISCLOSURE_SOURCE_UNAVAILABLE,unknown,SOURCE_UNAVAILABLE,low,CONTROL_LIST,SOURCE_SSL_FAILED,public HTML table probe for official disclosure/status list,,source/list could not be checked; do not treat as no-warning
MWG,2026-06-05,2026-06-05,,hnx,hnx,https://www.hnx.vn/co-phieu-etfs/chung-khoan-ny-thong-tin.html,False,False,False,False,False,False,False,False,False,False,False,False,DISCLOSURE_SOURCE_UNAVAILABLE,unknown,SOURCE_UNAVAILABLE,low,CONTROL_LIST,SOURCE_SSL_FAILED,public HTML table probe for official disclosure/status list,,source/list could not be checked; do not treat as no-warning
VGC,2026-06-05,2026-06-05,,hnx,hnx,https://www.hnx.vn/co-phieu-etfs/chung-khoan-ny-thong-tin.html,False,False,False,False,False,False,False,False,False,False,False,False,DISCLOSURE_SOURCE_UNAVAILABLE,unknown,SOURCE_UNAVAILABLE,low,CONTROL_LIST,SOURCE_SSL_FAILED,public HTML table probe for official disclosure/status list,,source/list could not be checked; do not treat as no-warning
GMD,2026-06-05,2026-06-05,,hnx,hnx,https://www.hnx.vn/co-phieu-etfs/chung-khoan-ny-thong-tin.html,False,False,False,False,False,False,False,False,False,False,False,False,DISCLOSURE_SOURCE_UNAVAILABLE,unknown,SOURCE_UNAVAILABLE,low,CONTROL_LIST,SOURCE_SSL_FAILED,public HTML table probe for official disclosure/status list,,source/list could not be checked; do not treat as no-warning
VHC,2026-06-05,2026-06-05,,hnx,hnx,https://www.hnx.vn/co-phieu-etfs/chung-khoan-ny-thong-tin.html,False,False,False,False,False,False,False,False,False,False,False,False,DISCLOSURE_SOURCE_UNAVAILABLE,unknown,SOURCE_UNAVAILABLE,low,CONTROL_LIST,SOURCE_SSL_FAILED,public HTML table probe for official disclosure/status list,,source/list could not be checked; do not treat as no-warning
TCM,2026-06-05,2026-06-05,,hnx,hnx,https://www.hnx.vn/co-phieu-etfs/chung-khoan-ny-thong-tin.html,False,False,False,False,False,False,False,False,False,False,False,False,DISCLOSURE_SOURCE_UNAVAILABLE,unknown,SOURCE_UNAVAILABLE,low,CONTROL_LIST,SOURCE_SSL_FAILED,public HTML table probe for official disclosure/status list,,source/list could not be checked; do not treat as no-warning
VCB,2026-06-05,2026-06-05,,ssc,ssc,https://www.ssc.gov.vn/,False,False,False,False,False,False,False,False,False,False,False,False,DISCLOSURE_SOURCE_UNAVAILABLE,unknown,SOURCE_UNAVAILABLE,low,SSC_SANCTION_LIST,SOURCE_BLOCKED_OR_JS_REQUIRED,secondary/discovery-only source; no official status-list parser selected,,source/list could not be checked; do not treat as no-warning
BID,2026-06-05,2026-06-05,,ssc,ssc,https://www.ssc.gov.vn/,False,False,False,False,False,False,False,False,False,False,False,False,DISCLOSURE_SOURCE_UNAVAILABLE,unknown,SOURCE_UNAVAILABLE,low,SSC_SANCTION_LIST,SOURCE_BLOCKED_OR_JS_REQUIRED,secondary/discovery-only source; no official status-list parser selected,,source/list could not be checked; do not treat as no-warning
CTG,2026-06-05,2026-06-05,,ssc,ssc,https://www.ssc.gov.vn/,False,False,False,False,False,False,False,False,False,False,False,False,DISCLOSURE_SOURCE_UNAVAILABLE,unknown,SOURCE_UNAVAILABLE,low,SSC_SANCTION_LIST,SOURCE_BLOCKED_OR_JS_REQUIRED,secondary/discovery-only source; no official status-list parser selected,,source/list could not be checked; do not treat as no-warning
MBB,2026-06-05,2026-06-05,,ssc,ssc,https://www.ssc.gov.vn/,False,False,False,False,False,False,False,False,False,False,False,False,DISCLOSURE_SOURCE_UNAVAILABLE,unknown,SOURCE_UNAVAILABLE,low,SSC_SANCTION_LIST,SOURCE_BLOCKED_OR_JS_REQUIRED,secondary/discovery-only source; no official status-list parser selected,,source/list could not be checked; do not treat as no-warning
ACB,2026-06-05,2026-06-05,,ssc,ssc,https://www.ssc.gov.vn/,False,False,False,False,False,False,False,False,False,False,False,False,DISCLOSURE_SOURCE_UNAVAILABLE,unknown,SOURCE_UNAVAILABLE,low,SSC_SANCTION_LIST,SOURCE_BLOCKED_OR_JS_REQUIRED,secondary/discovery-only source; no official status-list parser selected,,source/list could not be checked; do not treat as no-warning
HPG,2026-06-05,2026-06-05,,ssc,ssc,https://www.ssc.gov.vn/,False,False,False,False,False,False,False,False,False,False,False,False,DISCLOSURE_SOURCE_UNAVAILABLE,unknown,SOURCE_UNAVAILABLE,low,SSC_SANCTION_LIST,SOURCE_BLOCKED_OR_JS_REQUIRED,secondary/discovery-only source; no official status-list parser selected,,source/list could not be checked; do not treat as no-warning
HSG,2026-06-05,2026-06-05,,ssc,ssc,https://www.ssc.gov.vn/,False,False,False,False,False,False,False,False,False,False,False,False,DISCLOSURE_SOURCE_UNAVAILABLE,unknown,SOURCE_UNAVAILABLE,low,SSC_SANCTION_LIST,SOURCE_BLOCKED_OR_JS_REQUIRED,secondary/discovery-only source; no official status-list parser selected,,source/list could not be checked; do not treat as no-warning
VHM,2026-06-05,2026-06-05,,ssc,ssc,https://www.ssc.gov.vn/,False,False,False,False,False,False,False,False,False,False,False,False,DISCLOSURE_SOURCE_UNAVAILABLE,unknown,SOURCE_UNAVAILABLE,low,SSC_SANCTION_LIST,SOURCE_BLOCKED_OR_JS_REQUIRED,secondary/discovery-only source; no official status-list parser selected,,source/list could not be checked; do not treat as no-warning
KDH,2026-06-05,2026-06-05,,ssc,ssc,https://www.ssc.gov.vn/,False,False,False,False,False,False,False,False,False,False,False,False,DISCLOSURE_SOURCE_UNAVAILABLE,unknown,SOURCE_UNAVAILABLE,low,SSC_SANCTION_LIST,SOURCE_BLOCKED_OR_JS_REQUIRED,secondary/discovery-only source; no official status-list parser selected,,source/list could not be checked; do not treat as no-warning
NLG,2026-06-05,2026-06-05,,ssc,ssc,https://www.ssc.gov.vn/,False,False,False,False,False,False,False,False,False,False,False,False,DISCLOSURE_SOURCE_UNAVAILABLE,unknown,SOURCE_UNAVAILABLE,low,SSC_SANCTION_LIST,SOURCE_BLOCKED_OR_JS_REQUIRED,secondary/discovery-only source; no official status-list parser selected,,source/list could not be checked; do not treat as no-warning
SSI,2026-06-05,2026-06-05,,ssc,ssc,https://www.ssc.gov.vn/,False,False,False,False,False,False,False,False,False,False,False,False,DISCLOSURE_SOURCE_UNAVAILABLE,unknown,SOURCE_UNAVAILABLE,low,SSC_SANCTION_LIST,SOURCE_BLOCKED_OR_JS_REQUIRED,secondary/discovery-only source; no official status-list parser selected,,source/list could not be checked; do not treat as no-warning
VND,2026-06-05,2026-06-05,,ssc,ssc,https://www.ssc.gov.vn/,False,False,False,False,False,False,False,False,False,False,False,False,DISCLOSURE_SOURCE_UNAVAILABLE,unknown,SOURCE_UNAVAILABLE,low,SSC_SANCTION_LIST,SOURCE_BLOCKED_OR_JS_REQUIRED,secondary/discovery-only source; no official status-list parser selected,,source/list could not be checked; do not treat as no-warning
GAS,2026-06-05,2026-06-05,,ssc,ssc,https://www.ssc.gov.vn/,False,False,False,False,False,False,False,False,False,False,False,False,DISCLOSURE_SOURCE_UNAVAILABLE,unknown,SOURCE_UNAVAILABLE,low,SSC_SANCTION_LIST,SOURCE_BLOCKED_OR_JS_REQUIRED,secondary/discovery-only source; no official status-list parser selected,,source/list could not be checked; do not treat as no-warning
PVS,2026-06-05,2026-06-05,,ssc,ssc,https://www.ssc.gov.vn/,False,False,False,False,False,False,False,False,False,False,False,False,DISCLOSURE_SOURCE_UNAVAILABLE,unknown,SOURCE_UNAVAILABLE,low,SSC_SANCTION_LIST,SOURCE_BLOCKED_OR_JS_REQUIRED,secondary/discovery-only source; no official status-list parser selected,,source/list could not be checked; do not treat as no-warning
FPT,2026-06-05,2026-06-05,,ssc,ssc,https://www.ssc.gov.vn/,False,False,False,False,False,False,False,False,False,False,False,False,DISCLOSURE_SOURCE_UNAVAILABLE,unknown,SOURCE_UNAVAILABLE,low,SSC_SANCTION_LIST,SOURCE_BLOCKED_OR_JS_REQUIRED,secondary/discovery-only source; no official status-list parser selected,,source/list could not be checked; do not treat as no-warning
MWG,2026-06-05,2026-06-05,,ssc,ssc,https://www.ssc.gov.vn/,False,False,False,False,False,False,False,False,False,False,False,False,DISCLOSURE_SOURCE_UNAVAILABLE,unknown,SOURCE_UNAVAILABLE,low,SSC_SANCTION_LIST,SOURCE_BLOCKED_OR_JS_REQUIRED,secondary/discovery-only source; no official status-list parser selected,,source/list could not be checked; do not treat as no-warning
VGC,2026-06-05,2026-06-05,,ssc,ssc,https://www.ssc.gov.vn/,False,False,False,False,False,False,False,False,False,False,False,False,DISCLOSURE_SOURCE_UNAVAILABLE,unknown,SOURCE_UNAVAILABLE,low,SSC_SANCTION_LIST,SOURCE_BLOCKED_OR_JS_REQUIRED,secondary/discovery-only source; no official status-list parser selected,,source/list could not be checked; do not treat as no-warning
GMD,2026-06-05,2026-06-05,,ssc,ssc,https://www.ssc.gov.vn/,False,False,False,False,False,False,False,False,False,False,False,False,DISCLOSURE_SOURCE_UNAVAILABLE,unknown,SOURCE_UNAVAILABLE,low,SSC_SANCTION_LIST,SOURCE_BLOCKED_OR_JS_REQUIRED,secondary/discovery-only source; no official status-list parser selected,,source/list could not be checked; do not treat as no-warning
VHC,2026-06-05,2026-06-05,,ssc,ssc,https://www.ssc.gov.vn/,False,False,False,False,False,False,False,False,False,False,False,False,DISCLOSURE_SOURCE_UNAVAILABLE,unknown,SOURCE_UNAVAILABLE,low,SSC_SANCTION_LIST,SOURCE_BLOCKED_OR_JS_REQUIRED,secondary/discovery-only source; no official status-list parser selected,,source/list could not be checked; do not treat as no-warning
TCM,2026-06-05,2026-06-05,,ssc,ssc,https://www.ssc.gov.vn/,False,False,False,False,False,False,False,False,False,False,False,False,DISCLOSURE_SOURCE_UNAVAILABLE,unknown,SOURCE_UNAVAILABLE,low,SSC_SANCTION_LIST,SOURCE_BLOCKED_OR_JS_REQUIRED,secondary/discovery-only source; no official status-list parser selected,,source/list could not be checked; do not treat as no-warning
