ticker,date,close,volume,trading_value,source,source_url,fetch_time,confidence_raw,notes
SDA,2025-09-12,3.1,94500.0,292950.0,vnstock:vci:quote_history,https://vnstocks.com/,2026-06-04T02:26:27+00:00,medium,real market row from vnstock Quote.history; trading_value derived from fetched close*volume
SDA,2025-09-19,3.2,183500.0,587200.0,vnstock:vci:quote_history,https://vnstocks.com/,2026-06-04T02:26:27+00:00,medium,real market row from vnstock Quote.history; trading_value derived from fetched close*volume
SDA,2025-09-26,3.2,210100.0,672320.0,vnstock:vci:quote_history,https://vnstocks.com/,2026-06-04T02:26:27+00:00,medium,real market row from vnstock Quote.history; trading_value derived from fetched close*volume
SDA,2025-10-03,3.0,417900.0,1253700.0,vnstock:vci:quote_history,https://vnstocks.com/,2026-06-04T02:26:27+00:00,medium,real market row from vnstock Quote.history; trading_value derived from fetched close*volume
SDA,2025-10-10,2.8,182100.0,509879.99999999994,vnstock:vci:quote_history,https://vnstocks.com/,2026-06-04T02:26:27+00:00,medium,real market row from vnstock Quote.history; trading_value derived from fetched close*volume
SDA,2025-10-17,2.9,269500.0,781550.0,vnstock:vci:quote_history,https://vnstocks.com/,2026-06-04T02:26:27+00:00,medium,real market row from vnstock Quote.history; trading_value derived from fetched close*volume
SDA,2025-10-24,2.7,85500.0,230850.00000000003,vnstock:vci:quote_history,https://vnstocks.com/,2026-06-04T02:26:27+00:00,medium,real market row from vnstock Quote.history; trading_value derived from fetched close*volume
SDA,2025-10-31,2.7,40400.0,109080.0,vnstock:vci:quote_history,https://vnstocks.com/,2026-06-04T02:26:27+00:00,medium,real market row from vnstock Quote.history; trading_value derived from fetched close*volume
SDA,2025-11-07,2.5,101800.0,254500.0,vnstock:vci:quote_history,https://vnstocks.com/,2026-06-04T02:26:27+00:00,medium,real market row from vnstock Quote.history; trading_value derived from fetched close*volume
SDA,2025-11-14,2.7,60400.0,163080.0,vnstock:vci:quote_history,https://vnstocks.com/,2026-06-04T02:26:27+00:00,medium,real market row from vnstock Quote.history; trading_value derived from fetched close*volume
SDA,2025-11-21,2.9,179900.0,521710.0,vnstock:vci:quote_history,https://vnstocks.com/,2026-06-04T02:26:27+00:00,medium,real market row from vnstock Quote.history; trading_value derived from fetched close*volume
SDA,2025-11-28,2.8,43600.0,122079.99999999999,vnstock:vci:quote_history,https://vnstocks.com/,2026-06-04T02:26:27+00:00,medium,real market row from vnstock Quote.history; trading_value derived from fetched close*volume
SDA,2025-12-05,2.7,78200.0,211140.0,vnstock:vci:quote_history,https://vnstocks.com/,2026-06-04T02:26:27+00:00,medium,real market row from vnstock Quote.history; trading_value derived from fetched close*volume
SDA,2025-12-12,2.6,198800.0,516880.0,vnstock:vci:quote_history,https://vnstocks.com/,2026-06-04T02:26:27+00:00,medium,real market row from vnstock Quote.history; trading_value derived from fetched close*volume
SDA,2025-12-19,2.4,232600.0,558240.0,vnstock:vci:quote_history,https://vnstocks.com/,2026-06-04T02:26:27+00:00,medium,real market row from vnstock Quote.history; trading_value derived from fetched close*volume
SDA,2025-12-26,2.3,36100.0,83030.0,vnstock:vci:quote_history,https://vnstocks.com/,2026-06-04T02:26:27+00:00,medium,real market row from vnstock Quote.history; trading_value derived from fetched close*volume
SDA,2026-01-09,2.1,127400.0,267540.0,vnstock:vci:quote_history,https://vnstocks.com/,2026-06-04T02:26:27+00:00,medium,real market row from vnstock Quote.history; trading_value derived from fetched close*volume
SDA,2026-01-16,2.1,47700.0,100170.0,vnstock:vci:quote_history,https://vnstocks.com/,2026-06-04T02:26:27+00:00,medium,real market row from vnstock Quote.history; trading_value derived from fetched close*volume
SDA,2026-01-23,2.3,72800.0,167440.0,vnstock:vci:quote_history,https://vnstocks.com/,2026-06-04T02:26:27+00:00,medium,real market row from vnstock Quote.history; trading_value derived from fetched close*volume
SDA,2026-01-30,2.2,220700.0,485540.00000000006,vnstock:vci:quote_history,https://vnstocks.com/,2026-06-04T02:26:27+00:00,medium,real market row from vnstock Quote.history; trading_value derived from fetched close*volume
SDA,2026-02-06,2.2,25300.0,55660.00000000001,vnstock:vci:quote_history,https://vnstocks.com/,2026-06-04T02:26:27+00:00,medium,real market row from vnstock Quote.history; trading_value derived from fetched close*volume
SDA,2026-02-13,2.2,36500.0,80300.0,vnstock:vci:quote_history,https://vnstocks.com/,2026-06-04T02:26:27+00:00,medium,real market row from vnstock Quote.history; trading_value derived from fetched close*volume
SDA,2026-02-27,2.1,32000.0,67200.0,vnstock:vci:quote_history,https://vnstocks.com/,2026-06-04T02:26:27+00:00,medium,real market row from vnstock Quote.history; trading_value derived from fetched close*volume
SDA,2026-03-06,1.9,108900.0,206910.0,vnstock:vci:quote_history,https://vnstocks.com/,2026-06-04T02:26:27+00:00,medium,real market row from vnstock Quote.history; trading_value derived from fetched close*volume
SDA,2026-03-13,2.0,52500.0,105000.0,vnstock:vci:quote_history,https://vnstocks.com/,2026-06-04T02:26:27+00:00,medium,real market row from vnstock Quote.history; trading_value derived from fetched close*volume
SDA,2026-03-20,1.9,50100.0,95190.0,vnstock:vci:quote_history,https://vnstocks.com/,2026-06-04T02:26:27+00:00,medium,real market row from vnstock Quote.history; trading_value derived from fetched close*volume
SDA,2026-03-27,1.9,40700.0,77330.0,vnstock:vci:quote_history,https://vnstocks.com/,2026-06-04T02:26:27+00:00,medium,real market row from vnstock Quote.history; trading_value derived from fetched close*volume
SDA,2026-04-03,2.0,140200.0,280400.0,vnstock:vci:quote_history,https://vnstocks.com/,2026-06-04T02:26:27+00:00,medium,real market row from vnstock Quote.history; trading_value derived from fetched close*volume
SDA,2026-04-10,1.8,724100.0,1303380.0,vnstock:vci:quote_history,https://vnstocks.com/,2026-06-04T02:26:27+00:00,medium,real market row from vnstock Quote.history; trading_value derived from fetched close*volume
SDA,2026-04-17,1.7,196400.0,333880.0,vnstock:vci:quote_history,https://vnstocks.com/,2026-06-04T02:26:27+00:00,medium,real market row from vnstock Quote.history; trading_value derived from fetched close*volume
SDA,2026-04-24,1.6,234400.0,375040.0,vnstock:vci:quote_history,https://vnstocks.com/,2026-06-04T02:26:27+00:00,medium,real market row from vnstock Quote.history; trading_value derived from fetched close*volume
SDA,2026-05-08,1.5,287200.0,430800.0,vnstock:vci:quote_history,https://vnstocks.com/,2026-06-04T02:26:27+00:00,medium,real market row from vnstock Quote.history; trading_value derived from fetched close*volume
SDA,2026-05-15,1.5,771300.0,1156950.0,vnstock:vci:quote_history,https://vnstocks.com/,2026-06-04T02:26:27+00:00,medium,real market row from vnstock Quote.history; trading_value derived from fetched close*volume
SDA,2026-06-02,2.1,442300.0,928830.0,vnstock:vci:quote_history,https://vnstocks.com/,2026-06-04T02:26:27+00:00,medium,real market row from vnstock Quote.history; trading_value derived from fetched close*volume
SDA,2026-06-03,2.0,240200.0,480400.0,vnstock:vci:quote_history,https://vnstocks.com/,2026-06-04T02:26:27+00:00,medium,real market row from vnstock Quote.history; trading_value derived from fetched close*volume
SDA,2026-06-04,2.0,15400.0,30800.0,vnstock:vci:quote_history,https://vnstocks.com/,2026-06-04T02:26:27+00:00,medium,real market row from vnstock Quote.history; trading_value derived from fetched close*volume
CLH,2026-04-10,19.6,11900.0,233240.00000000003,vnstock:vci:quote_history,https://vnstocks.com/,2026-06-04T02:26:27+00:00,medium,real market row from vnstock Quote.history; trading_value derived from fetched close*volume
CLH,2026-04-13,19.78,9260.0,183162.80000000002,vnstock:vci:quote_history,https://vnstocks.com/,2026-06-04T02:26:27+00:00,medium,real market row from vnstock Quote.history; trading_value derived from fetched close*volume
CLH,2026-04-14,19.69,2535.0,49914.15,vnstock:vci:quote_history,https://vnstocks.com/,2026-06-04T02:26:27+00:00,medium,real market row from vnstock Quote.history; trading_value derived from fetched close*volume
CLH,2026-04-15,19.69,1710.0,33669.9,vnstock:vci:quote_history,https://vnstocks.com/,2026-06-04T02:26:27+00:00,medium,real market row from vnstock Quote.history; trading_value derived from fetched close*volume
CLH,2026-04-16,19.69,1907.0,37548.83,vnstock:vci:quote_history,https://vnstocks.com/,2026-06-04T02:26:27+00:00,medium,real market row from vnstock Quote.history; trading_value derived from fetched close*volume
CLH,2026-04-17,19.69,3900.0,76791.0,vnstock:vci:quote_history,https://vnstocks.com/,2026-06-04T02:26:27+00:00,medium,real market row from vnstock Quote.history; trading_value derived from fetched close*volume
CLH,2026-04-20,19.69,0.0,0.0,vnstock:vci:quote_history,https://vnstocks.com/,2026-06-04T02:26:27+00:00,medium,real market row from vnstock Quote.history; trading_value derived from fetched close*volume
CLH,2026-04-21,20.31,4102.0,83311.62,vnstock:vci:quote_history,https://vnstocks.com/,2026-06-04T02:26:27+00:00,medium,real market row from vnstock Quote.history; trading_value derived from fetched close*volume
CLH,2026-04-22,20.31,12.0,243.71999999999997,vnstock:vci:quote_history,https://vnstocks.com/,2026-06-04T02:26:27+00:00,medium,real market row from vnstock Quote.history; trading_value derived from fetched close*volume
CLH,2026-04-23,20.04,7100.0,142284.0,vnstock:vci:quote_history,https://vnstocks.com/,2026-06-04T02:26:27+00:00,medium,real market row from vnstock Quote.history; trading_value derived from fetched close*volume
CLH,2026-04-24,20.04,600.0,12024.0,vnstock:vci:quote_history,https://vnstocks.com/,2026-06-04T02:26:27+00:00,medium,real market row from vnstock Quote.history; trading_value derived from fetched close*volume
CLH,2026-04-28,19.95,2700.0,53865.0,vnstock:vci:quote_history,https://vnstocks.com/,2026-06-04T02:26:27+00:00,medium,real market row from vnstock Quote.history; trading_value derived from fetched close*volume
CLH,2026-04-29,20.13,2300.0,46299.0,vnstock:vci:quote_history,https://vnstocks.com/,2026-06-04T02:26:27+00:00,medium,real market row from vnstock Quote.history; trading_value derived from fetched close*volume
CLH,2026-05-04,20.13,500.0,10065.0,vnstock:vci:quote_history,https://vnstocks.com/,2026-06-04T02:26:27+00:00,medium,real market row from vnstock Quote.history; trading_value derived from fetched close*volume
CLH,2026-05-05,20.4,663.0,13525.199999999999,vnstock:vci:quote_history,https://vnstocks.com/,2026-06-04T02:26:27+00:00,medium,real market row from vnstock Quote.history; trading_value derived from fetched close*volume
CLH,2026-05-06,20.4,400.0,8159.999999999999,vnstock:vci:quote_history,https://vnstocks.com/,2026-06-04T02:26:27+00:00,medium,real market row from vnstock Quote.history; trading_value derived from fetched close*volume
CLH,2026-05-07,20.31,700.0,14217.0,vnstock:vci:quote_history,https://vnstocks.com/,2026-06-04T02:26:27+00:00,medium,real market row from vnstock Quote.history; trading_value derived from fetched close*volume
CLH,2026-05-08,20.31,0.0,0.0,vnstock:vci:quote_history,https://vnstocks.com/,2026-06-04T02:26:27+00:00,medium,real market row from vnstock Quote.history; trading_value derived from fetched close*volume
CLH,2026-05-11,20.58,16920.0,348213.6,vnstock:vci:quote_history,https://vnstocks.com/,2026-06-04T02:26:27+00:00,medium,real market row from vnstock Quote.history; trading_value derived from fetched close*volume
CLH,2026-05-12,20.58,200.0,4116.0,vnstock:vci:quote_history,https://vnstocks.com/,2026-06-04T02:26:27+00:00,medium,real market row from vnstock Quote.history; trading_value derived from fetched close*volume
CLH,2026-05-13,20.4,5300.0,108119.99999999999,vnstock:vci:quote_history,https://vnstocks.com/,2026-06-04T02:26:27+00:00,medium,real market row from vnstock Quote.history; trading_value derived from fetched close*volume
CLH,2026-05-14,20.49,9462.0,193876.37999999998,vnstock:vci:quote_history,https://vnstocks.com/,2026-06-04T02:26:27+00:00,medium,real market row from vnstock Quote.history; trading_value derived from fetched close*volume
CLH,2026-05-15,20.76,3200.0,66432.0,vnstock:vci:quote_history,https://vnstocks.com/,2026-06-04T02:26:27+00:00,medium,real market row from vnstock Quote.history; trading_value derived from fetched close*volume
CLH,2026-05-18,20.58,18400.0,378671.99999999994,vnstock:vci:quote_history,https://vnstocks.com/,2026-06-04T02:26:27+00:00,medium,real market row from vnstock Quote.history; trading_value derived from fetched close*volume
CLH,2026-05-19,20.4,24700.0,503879.99999999994,vnstock:vci:quote_history,https://vnstocks.com/,2026-06-04T02:26:27+00:00,medium,real market row from vnstock Quote.history; trading_value derived from fetched close*volume
CLH,2026-05-20,20.5,13806.0,283023.0,vnstock:vci:quote_history,https://vnstocks.com/,2026-06-04T02:26:27+00:00,medium,real market row from vnstock Quote.history; trading_value derived from fetched close*volume
CLH,2026-05-21,20.5,1600.0,32800.0,vnstock:vci:quote_history,https://vnstocks.com/,2026-06-04T02:26:27+00:00,medium,real market row from vnstock Quote.history; trading_value derived from fetched close*volume
CLH,2026-05-22,20.5,6700.0,137350.0,vnstock:vci:quote_history,https://vnstocks.com/,2026-06-04T02:26:27+00:00,medium,real market row from vnstock Quote.history; trading_value derived from fetched close*volume
CLH,2026-05-25,20.5,2200.0,45100.0,vnstock:vci:quote_history,https://vnstocks.com/,2026-06-04T02:26:27+00:00,medium,real market row from vnstock Quote.history; trading_value derived from fetched close*volume
CLH,2026-05-26,20.1,5300.0,106530.00000000001,vnstock:vci:quote_history,https://vnstocks.com/,2026-06-04T02:26:27+00:00,medium,real market row from vnstock Quote.history; trading_value derived from fetched close*volume
CLH,2026-05-27,20.2,310.0,6262.0,vnstock:vci:quote_history,https://vnstocks.com/,2026-06-04T02:26:27+00:00,medium,real market row from vnstock Quote.history; trading_value derived from fetched close*volume
CLH,2026-05-28,20.2,400.0,8080.0,vnstock:vci:quote_history,https://vnstocks.com/,2026-06-04T02:26:27+00:00,medium,real market row from vnstock Quote.history; trading_value derived from fetched close*volume
CLH,2026-05-29,20.3,4700.0,95410.0,vnstock:vci:quote_history,https://vnstocks.com/,2026-06-04T02:26:27+00:00,medium,real market row from vnstock Quote.history; trading_value derived from fetched close*volume
CLH,2026-06-01,20.4,300.0,6120.0,vnstock:vci:quote_history,https://vnstocks.com/,2026-06-04T02:26:27+00:00,medium,real market row from vnstock Quote.history; trading_value derived from fetched close*volume
CLH,2026-06-02,20.0,700.0,14000.0,vnstock:vci:quote_history,https://vnstocks.com/,2026-06-04T02:26:27+00:00,medium,real market row from vnstock Quote.history; trading_value derived from fetched close*volume
CLH,2026-06-03,20.2,400.0,8080.0,vnstock:vci:quote_history,https://vnstocks.com/,2026-06-04T02:26:27+00:00,medium,real market row from vnstock Quote.history; trading_value derived from fetched close*volume
DND,2025-12-30,8.0,200.0,1600.0,vnstock:vci:quote_history,https://vnstocks.com/,2026-06-04T02:26:27+00:00,medium,real market row from vnstock Quote.history; trading_value derived from fetched close*volume
DND,2025-12-31,9.2,100.0,919.9999999999999,vnstock:vci:quote_history,https://vnstocks.com/,2026-06-04T02:26:27+00:00,medium,real market row from vnstock Quote.history; trading_value derived from fetched close*volume
DND,2026-01-05,9.2,500.0,4600.0,vnstock:vci:quote_history,https://vnstocks.com/,2026-06-04T02:26:27+00:00,medium,real market row from vnstock Quote.history; trading_value derived from fetched close*volume
DND,2026-01-07,9.9,300.0,2970.0,vnstock:vci:quote_history,https://vnstocks.com/,2026-06-04T02:26:27+00:00,medium,real market row from vnstock Quote.history; trading_value derived from fetched close*volume
DND,2026-01-08,10.0,100.0,1000.0,vnstock:vci:quote_history,https://vnstocks.com/,2026-06-04T02:26:27+00:00,medium,real market row from vnstock Quote.history; trading_value derived from fetched close*volume
DND,2026-01-14,11.5,100.0,1150.0,vnstock:vci:quote_history,https://vnstocks.com/,2026-06-04T02:26:27+00:00,medium,real market row from vnstock Quote.history; trading_value derived from fetched close*volume
DND,2026-01-15,12.9,100.0,1290.0,vnstock:vci:quote_history,https://vnstocks.com/,2026-06-04T02:26:27+00:00,medium,real market row from vnstock Quote.history; trading_value derived from fetched close*volume
DND,2026-02-05,12.9,100.0,1290.0,vnstock:vci:quote_history,https://vnstocks.com/,2026-06-04T02:26:27+00:00,medium,real market row from vnstock Quote.history; trading_value derived from fetched close*volume
DND,2026-02-10,11.0,900.0,9900.0,vnstock:vci:quote_history,https://vnstocks.com/,2026-06-04T02:26:27+00:00,medium,real market row from vnstock Quote.history; trading_value derived from fetched close*volume
DND,2026-02-25,9.5,2900.0,27550.0,vnstock:vci:quote_history,https://vnstocks.com/,2026-06-04T02:26:27+00:00,medium,real market row from vnstock Quote.history; trading_value derived from fetched close*volume
DND,2026-02-26,8.1,13300.0,107730.0,vnstock:vci:quote_history,https://vnstocks.com/,2026-06-04T02:26:27+00:00,medium,real market row from vnstock Quote.history; trading_value derived from fetched close*volume
DND,2026-03-03,9.6,100.0,960.0,vnstock:vci:quote_history,https://vnstocks.com/,2026-06-04T02:26:27+00:00,medium,real market row from vnstock Quote.history; trading_value derived from fetched close*volume
DND,2026-03-10,10.9,100.0,1090.0,vnstock:vci:quote_history,https://vnstocks.com/,2026-06-04T02:26:27+00:00,medium,real market row from vnstock Quote.history; trading_value derived from fetched close*volume
DND,2026-03-12,10.9,200.0,2180.0,vnstock:vci:quote_history,https://vnstocks.com/,2026-06-04T02:26:27+00:00,medium,real market row from vnstock Quote.history; trading_value derived from fetched close*volume
DND,2026-03-13,10.7,1000.0,10700.0,vnstock:vci:quote_history,https://vnstocks.com/,2026-06-04T02:26:27+00:00,medium,real market row from vnstock Quote.history; trading_value derived from fetched close*volume
DND,2026-03-19,12.2,1700.0,20740.0,vnstock:vci:quote_history,https://vnstocks.com/,2026-06-04T02:26:27+00:00,medium,real market row from vnstock Quote.history; trading_value derived from fetched close*volume
DND,2026-04-02,10.4,2700.0,28080.0,vnstock:vci:quote_history,https://vnstocks.com/,2026-06-04T02:26:27+00:00,medium,real market row from vnstock Quote.history; trading_value derived from fetched close*volume
DND,2026-04-03,9.0,1400.0,12600.0,vnstock:vci:quote_history,https://vnstocks.com/,2026-06-04T02:26:27+00:00,medium,real market row from vnstock Quote.history; trading_value derived from fetched close*volume
DND,2026-04-06,7.7,2400.0,18480.0,vnstock:vci:quote_history,https://vnstocks.com/,2026-06-04T02:26:27+00:00,medium,real market row from vnstock Quote.history; trading_value derived from fetched close*volume
DND,2026-04-08,8.7,200.0,1739.9999999999998,vnstock:vci:quote_history,https://vnstocks.com/,2026-06-04T02:26:27+00:00,medium,real market row from vnstock Quote.history; trading_value derived from fetched close*volume
DND,2026-04-09,8.7,200.0,1739.9999999999998,vnstock:vci:quote_history,https://vnstocks.com/,2026-06-04T02:26:27+00:00,medium,real market row from vnstock Quote.history; trading_value derived from fetched close*volume
DND,2026-04-10,9.5,100.0,950.0,vnstock:vci:quote_history,https://vnstocks.com/,2026-06-04T02:26:27+00:00,medium,real market row from vnstock Quote.history; trading_value derived from fetched close*volume
DND,2026-04-13,8.4,1300.0,10920.0,vnstock:vci:quote_history,https://vnstocks.com/,2026-06-04T02:26:27+00:00,medium,real market row from vnstock Quote.history; trading_value derived from fetched close*volume
DND,2026-04-14,7.3,26600.0,194180.0,vnstock:vci:quote_history,https://vnstocks.com/,2026-06-04T02:26:27+00:00,medium,real market row from vnstock Quote.history; trading_value derived from fetched close*volume
DND,2026-04-20,7.6,200.0,1520.0,vnstock:vci:quote_history,https://vnstocks.com/,2026-06-04T02:26:27+00:00,medium,real market row from vnstock Quote.history; trading_value derived from fetched close*volume
DND,2026-04-23,7.0,100.0,700.0,vnstock:vci:quote_history,https://vnstocks.com/,2026-06-04T02:26:27+00:00,medium,real market row from vnstock Quote.history; trading_value derived from fetched close*volume
DND,2026-04-24,7.0,2100.0,14700.0,vnstock:vci:quote_history,https://vnstocks.com/,2026-06-04T02:26:27+00:00,medium,real market row from vnstock Quote.history; trading_value derived from fetched close*volume
DND,2026-04-28,7.0,800.0,5600.0,vnstock:vci:quote_history,https://vnstocks.com/,2026-06-04T02:26:27+00:00,medium,real market row from vnstock Quote.history; trading_value derived from fetched close*volume
DND,2026-05-07,6.9,100.0,690.0,vnstock:vci:quote_history,https://vnstocks.com/,2026-06-04T02:26:27+00:00,medium,real market row from vnstock Quote.history; trading_value derived from fetched close*volume
DND,2026-05-08,6.9,600.0,4140.0,vnstock:vci:quote_history,https://vnstocks.com/,2026-06-04T02:26:27+00:00,medium,real market row from vnstock Quote.history; trading_value derived from fetched close*volume
DND,2026-05-11,7.4,600.0,4440.0,vnstock:vci:quote_history,https://vnstocks.com/,2026-06-04T02:26:27+00:00,medium,real market row from vnstock Quote.history; trading_value derived from fetched close*volume
DND,2026-05-12,7.9,200.0,1580.0,vnstock:vci:quote_history,https://vnstocks.com/,2026-06-04T02:26:27+00:00,medium,real market row from vnstock Quote.history; trading_value derived from fetched close*volume
DND,2026-05-19,8.0,100.0,800.0,vnstock:vci:quote_history,https://vnstocks.com/,2026-06-04T02:26:27+00:00,medium,real market row from vnstock Quote.history; trading_value derived from fetched close*volume
DND,2026-05-20,7.9,200.0,1580.0,vnstock:vci:quote_history,https://vnstocks.com/,2026-06-04T02:26:27+00:00,medium,real market row from vnstock Quote.history; trading_value derived from fetched close*volume
DND,2026-05-25,7.9,2200.0,17380.0,vnstock:vci:quote_history,https://vnstocks.com/,2026-06-04T02:26:27+00:00,medium,real market row from vnstock Quote.history; trading_value derived from fetched close*volume
DND,2026-06-02,7.9,200.0,1580.0,vnstock:vci:quote_history,https://vnstocks.com/,2026-06-04T02:26:27+00:00,medium,real market row from vnstock Quote.history; trading_value derived from fetched close*volume
DBT,2026-04-10,10.9,300.0,3270.0,vnstock:vci:quote_history,https://vnstocks.com/,2026-06-04T02:26:27+00:00,medium,real market row from vnstock Quote.history; trading_value derived from fetched close*volume
DBT,2026-04-13,10.85,57800.0,627130.0,vnstock:vci:quote_history,https://vnstocks.com/,2026-06-04T02:26:27+00:00,medium,real market row from vnstock Quote.history; trading_value derived from fetched close*volume
DBT,2026-04-14,10.95,10900.0,119354.99999999999,vnstock:vci:quote_history,https://vnstocks.com/,2026-06-04T02:26:27+00:00,medium,real market row from vnstock Quote.history; trading_value derived from fetched close*volume
DBT,2026-04-15,10.95,9000.0,98550.0,vnstock:vci:quote_history,https://vnstocks.com/,2026-06-04T02:26:27+00:00,medium,real market row from vnstock Quote.history; trading_value derived from fetched close*volume
DBT,2026-04-16,10.9,200.0,2180.0,vnstock:vci:quote_history,https://vnstocks.com/,2026-06-04T02:26:27+00:00,medium,real market row from vnstock Quote.history; trading_value derived from fetched close*volume
DBT,2026-04-17,10.4,500.0,5200.0,vnstock:vci:quote_history,https://vnstocks.com/,2026-06-04T02:26:27+00:00,medium,real market row from vnstock Quote.history; trading_value derived from fetched close*volume
DBT,2026-04-20,10.85,200.0,2170.0,vnstock:vci:quote_history,https://vnstocks.com/,2026-06-04T02:26:27+00:00,medium,real market row from vnstock Quote.history; trading_value derived from fetched close*volume
DBT,2026-04-21,10.8,16100.0,173880.0,vnstock:vci:quote_history,https://vnstocks.com/,2026-06-04T02:26:27+00:00,medium,real market row from vnstock Quote.history; trading_value derived from fetched close*volume
DBT,2026-04-22,11.4,49300.0,562020.0,vnstock:vci:quote_history,https://vnstocks.com/,2026-06-04T02:26:27+00:00,medium,real market row from vnstock Quote.history; trading_value derived from fetched close*volume
DBT,2026-04-23,11.35,10800.0,122580.0,vnstock:vci:quote_history,https://vnstocks.com/,2026-06-04T02:26:27+00:00,medium,real market row from vnstock Quote.history; trading_value derived from fetched close*volume
DBT,2026-04-24,11.15,13000.0,144950.0,vnstock:vci:quote_history,https://vnstocks.com/,2026-06-04T02:26:27+00:00,medium,real market row from vnstock Quote.history; trading_value derived from fetched close*volume
DBT,2026-04-28,11.4,4700.0,53580.0,vnstock:vci:quote_history,https://vnstocks.com/,2026-06-04T02:26:27+00:00,medium,real market row from vnstock Quote.history; trading_value derived from fetched close*volume
DBT,2026-04-29,11.4,5400.0,61560.0,vnstock:vci:quote_history,https://vnstocks.com/,2026-06-04T02:26:27+00:00,medium,real market row from vnstock Quote.history; trading_value derived from fetched close*volume
DBT,2026-05-04,11.4,10200.0,116280.0,vnstock:vci:quote_history,https://vnstocks.com/,2026-06-04T02:26:27+00:00,medium,real market row from vnstock Quote.history; trading_value derived from fetched close*volume
DBT,2026-05-05,11.4,21300.0,242820.0,vnstock:vci:quote_history,https://vnstocks.com/,2026-06-04T02:26:27+00:00,medium,real market row from vnstock Quote.history; trading_value derived from fetched close*volume
DBT,2026-05-06,11.35,13100.0,148685.0,vnstock:vci:quote_history,https://vnstocks.com/,2026-06-04T02:26:27+00:00,medium,real market row from vnstock Quote.history; trading_value derived from fetched close*volume
DBT,2026-05-07,11.3,11200.0,126560.00000000001,vnstock:vci:quote_history,https://vnstocks.com/,2026-06-04T02:26:27+00:00,medium,real market row from vnstock Quote.history; trading_value derived from fetched close*volume
DBT,2026-05-08,11.3,10000.0,113000.0,vnstock:vci:quote_history,https://vnstocks.com/,2026-06-04T02:26:27+00:00,medium,real market row from vnstock Quote.history; trading_value derived from fetched close*volume
DBT,2026-05-11,11.5,59300.0,681950.0,vnstock:vci:quote_history,https://vnstocks.com/,2026-06-04T02:26:27+00:00,medium,real market row from vnstock Quote.history; trading_value derived from fetched close*volume
DBT,2026-05-12,11.5,43600.0,501400.0,vnstock:vci:quote_history,https://vnstocks.com/,2026-06-04T02:26:27+00:00,medium,real market row from vnstock Quote.history; trading_value derived from fetched close*volume
DBT,2026-05-13,11.8,32700.0,385860.0,vnstock:vci:quote_history,https://vnstocks.com/,2026-06-04T02:26:27+00:00,medium,real market row from vnstock Quote.history; trading_value derived from fetched close*volume
DBT,2026-05-14,11.8,106900.0,1261420.0,vnstock:vci:quote_history,https://vnstocks.com/,2026-06-04T02:26:27+00:00,medium,real market row from vnstock Quote.history; trading_value derived from fetched close*volume
DBT,2026-05-15,12.6,230000.0,2898000.0,vnstock:vci:quote_history,https://vnstocks.com/,2026-06-04T02:26:27+00:00,medium,real market row from vnstock Quote.history; trading_value derived from fetched close*volume
DBT,2026-05-18,12.5,33900.0,423750.0,vnstock:vci:quote_history,https://vnstocks.com/,2026-06-04T02:26:27+00:00,medium,real market row from vnstock Quote.history; trading_value derived from fetched close*volume
DBT,2026-05-19,12.5,32900.0,411250.0,vnstock:vci:quote_history,https://vnstocks.com/,2026-06-04T02:26:27+00:00,medium,real market row from vnstock Quote.history; trading_value derived from fetched close*volume
DBT,2026-05-20,12.6,56700.0,714420.0,vnstock:vci:quote_history,https://vnstocks.com/,2026-06-04T02:26:27+00:00,medium,real market row from vnstock Quote.history; trading_value derived from fetched close*volume
DBT,2026-05-21,12.5,6900.0,86250.0,vnstock:vci:quote_history,https://vnstocks.com/,2026-06-04T02:26:27+00:00,medium,real market row from vnstock Quote.history; trading_value derived from fetched close*volume
DBT,2026-05-22,12.5,18600.0,232500.0,vnstock:vci:quote_history,https://vnstocks.com/,2026-06-04T02:26:27+00:00,medium,real market row from vnstock Quote.history; trading_value derived from fetched close*volume
DBT,2026-05-25,12.6,64000.0,806400.0,vnstock:vci:quote_history,https://vnstocks.com/,2026-06-04T02:26:27+00:00,medium,real market row from vnstock Quote.history; trading_value derived from fetched close*volume
DBT,2026-05-26,12.6,1700.0,21420.0,vnstock:vci:quote_history,https://vnstocks.com/,2026-06-04T02:26:27+00:00,medium,real market row from vnstock Quote.history; trading_value derived from fetched close*volume
DBT,2026-05-27,12.6,53200.0,670320.0,vnstock:vci:quote_history,https://vnstocks.com/,2026-06-04T02:26:27+00:00,medium,real market row from vnstock Quote.history; trading_value derived from fetched close*volume
DBT,2026-05-28,12.6,2000.0,25200.0,vnstock:vci:quote_history,https://vnstocks.com/,2026-06-04T02:26:27+00:00,medium,real market row from vnstock Quote.history; trading_value derived from fetched close*volume
DBT,2026-05-29,12.6,5000.0,63000.0,vnstock:vci:quote_history,https://vnstocks.com/,2026-06-04T02:26:27+00:00,medium,real market row from vnstock Quote.history; trading_value derived from fetched close*volume
DBT,2026-06-01,12.6,100.0,1260.0,vnstock:vci:quote_history,https://vnstocks.com/,2026-06-04T02:26:27+00:00,medium,real market row from vnstock Quote.history; trading_value derived from fetched close*volume
DBT,2026-06-02,11.95,2700.0,32264.999999999996,vnstock:vci:quote_history,https://vnstocks.com/,2026-06-04T02:26:27+00:00,medium,real market row from vnstock Quote.history; trading_value derived from fetched close*volume
DBT,2026-06-03,11.5,800.0,9200.0,vnstock:vci:quote_history,https://vnstocks.com/,2026-06-04T02:26:27+00:00,medium,real market row from vnstock Quote.history; trading_value derived from fetched close*volume
CCR,2026-04-01,13.6,3300.0,44880.0,vnstock:vci:quote_history,https://vnstocks.com/,2026-06-04T02:26:27+00:00,medium,real market row from vnstock Quote.history; trading_value derived from fetched close*volume
CCR,2026-04-03,12.8,100.0,1280.0,vnstock:vci:quote_history,https://vnstocks.com/,2026-06-04T02:26:27+00:00,medium,real market row from vnstock Quote.history; trading_value derived from fetched close*volume
CCR,2026-04-06,13.8,100.0,1380.0,vnstock:vci:quote_history,https://vnstocks.com/,2026-06-04T02:26:27+00:00,medium,real market row from vnstock Quote.history; trading_value derived from fetched close*volume
CCR,2026-04-07,13.7,300.0,4110.0,vnstock:vci:quote_history,https://vnstocks.com/,2026-06-04T02:26:27+00:00,medium,real market row from vnstock Quote.history; trading_value derived from fetched close*volume
CCR,2026-04-08,13.7,500.0,6850.0,vnstock:vci:quote_history,https://vnstocks.com/,2026-06-04T02:26:27+00:00,medium,real market row from vnstock Quote.history; trading_value derived from fetched close*volume
CCR,2026-04-09,13.7,200.0,2740.0,vnstock:vci:quote_history,https://vnstocks.com/,2026-06-04T02:26:27+00:00,medium,real market row from vnstock Quote.history; trading_value derived from fetched close*volume
CCR,2026-04-10,13.9,200.0,2780.0,vnstock:vci:quote_history,https://vnstocks.com/,2026-06-04T02:26:27+00:00,medium,real market row from vnstock Quote.history; trading_value derived from fetched close*volume
CCR,2026-04-13,13.9,100.0,1390.0,vnstock:vci:quote_history,https://vnstocks.com/,2026-06-04T02:26:27+00:00,medium,real market row from vnstock Quote.history; trading_value derived from fetched close*volume
CCR,2026-04-14,13.9,1500.0,20850.0,vnstock:vci:quote_history,https://vnstocks.com/,2026-06-04T02:26:27+00:00,medium,real market row from vnstock Quote.history; trading_value derived from fetched close*volume
CCR,2026-04-15,13.9,1800.0,25020.0,vnstock:vci:quote_history,https://vnstocks.com/,2026-06-04T02:26:27+00:00,medium,real market row from vnstock Quote.history; trading_value derived from fetched close*volume
CCR,2026-04-17,13.9,400.0,5560.0,vnstock:vci:quote_history,https://vnstocks.com/,2026-06-04T02:26:27+00:00,medium,real market row from vnstock Quote.history; trading_value derived from fetched close*volume
CCR,2026-04-20,13.8,11700.0,161460.0,vnstock:vci:quote_history,https://vnstocks.com/,2026-06-04T02:26:27+00:00,medium,real market row from vnstock Quote.history; trading_value derived from fetched close*volume
CCR,2026-04-21,14.0,15300.0,214200.0,vnstock:vci:quote_history,https://vnstocks.com/,2026-06-04T02:26:27+00:00,medium,real market row from vnstock Quote.history; trading_value derived from fetched close*volume
CCR,2026-04-22,14.0,300.0,4200.0,vnstock:vci:quote_history,https://vnstocks.com/,2026-06-04T02:26:27+00:00,medium,real market row from vnstock Quote.history; trading_value derived from fetched close*volume
CCR,2026-04-23,13.5,1000.0,13500.0,vnstock:vci:quote_history,https://vnstocks.com/,2026-06-04T02:26:27+00:00,medium,real market row from vnstock Quote.history; trading_value derived from fetched close*volume
CCR,2026-04-29,13.6,400.0,5440.0,vnstock:vci:quote_history,https://vnstocks.com/,2026-06-04T02:26:27+00:00,medium,real market row from vnstock Quote.history; trading_value derived from fetched close*volume
CCR,2026-05-04,13.7,200.0,2740.0,vnstock:vci:quote_history,https://vnstocks.com/,2026-06-04T02:26:27+00:00,medium,real market row from vnstock Quote.history; trading_value derived from fetched close*volume
CCR,2026-05-05,14.0,2000.0,28000.0,vnstock:vci:quote_history,https://vnstocks.com/,2026-06-04T02:26:27+00:00,medium,real market row from vnstock Quote.history; trading_value derived from fetched close*volume
CCR,2026-05-06,14.0,300.0,4200.0,vnstock:vci:quote_history,https://vnstocks.com/,2026-06-04T02:26:27+00:00,medium,real market row from vnstock Quote.history; trading_value derived from fetched close*volume
CCR,2026-05-07,13.5,200.0,2700.0,vnstock:vci:quote_history,https://vnstocks.com/,2026-06-04T02:26:27+00:00,medium,real market row from vnstock Quote.history; trading_value derived from fetched close*volume
CCR,2026-05-11,14.1,1700.0,23970.0,vnstock:vci:quote_history,https://vnstocks.com/,2026-06-04T02:26:27+00:00,medium,real market row from vnstock Quote.history; trading_value derived from fetched close*volume
CCR,2026-05-12,14.1,4500.0,63450.0,vnstock:vci:quote_history,https://vnstocks.com/,2026-06-04T02:26:27+00:00,medium,real market row from vnstock Quote.history; trading_value derived from fetched close*volume
CCR,2026-05-13,14.1,1100.0,15510.0,vnstock:vci:quote_history,https://vnstocks.com/,2026-06-04T02:26:27+00:00,medium,real market row from vnstock Quote.history; trading_value derived from fetched close*volume
CCR,2026-05-14,14.1,500.0,7050.0,vnstock:vci:quote_history,https://vnstocks.com/,2026-06-04T02:26:27+00:00,medium,real market row from vnstock Quote.history; trading_value derived from fetched close*volume
CCR,2026-05-18,14.2,1100.0,15620.0,vnstock:vci:quote_history,https://vnstocks.com/,2026-06-04T02:26:27+00:00,medium,real market row from vnstock Quote.history; trading_value derived from fetched close*volume
CCR,2026-05-20,14.0,1500.0,21000.0,vnstock:vci:quote_history,https://vnstocks.com/,2026-06-04T02:26:27+00:00,medium,real market row from vnstock Quote.history; trading_value derived from fetched close*volume
CCR,2026-05-21,14.0,1000.0,14000.0,vnstock:vci:quote_history,https://vnstocks.com/,2026-06-04T02:26:27+00:00,medium,real market row from vnstock Quote.history; trading_value derived from fetched close*volume
CCR,2026-05-22,14.0,400.0,5600.0,vnstock:vci:quote_history,https://vnstocks.com/,2026-06-04T02:26:27+00:00,medium,real market row from vnstock Quote.history; trading_value derived from fetched close*volume
CCR,2026-05-25,14.0,1100.0,15400.0,vnstock:vci:quote_history,https://vnstocks.com/,2026-06-04T02:26:27+00:00,medium,real market row from vnstock Quote.history; trading_value derived from fetched close*volume
CCR,2026-05-26,14.0,100.0,1400.0,vnstock:vci:quote_history,https://vnstocks.com/,2026-06-04T02:26:27+00:00,medium,real market row from vnstock Quote.history; trading_value derived from fetched close*volume
CCR,2026-05-27,14.4,1100.0,15840.0,vnstock:vci:quote_history,https://vnstocks.com/,2026-06-04T02:26:27+00:00,medium,real market row from vnstock Quote.history; trading_value derived from fetched close*volume
CCR,2026-05-28,14.8,100.0,1480.0,vnstock:vci:quote_history,https://vnstocks.com/,2026-06-04T02:26:27+00:00,medium,real market row from vnstock Quote.history; trading_value derived from fetched close*volume
CCR,2026-05-29,14.4,100.0,1440.0,vnstock:vci:quote_history,https://vnstocks.com/,2026-06-04T02:26:27+00:00,medium,real market row from vnstock Quote.history; trading_value derived from fetched close*volume
CCR,2026-06-01,14.9,100.0,1490.0,vnstock:vci:quote_history,https://vnstocks.com/,2026-06-04T02:26:27+00:00,medium,real market row from vnstock Quote.history; trading_value derived from fetched close*volume
CCR,2026-06-02,14.5,200.0,2900.0,vnstock:vci:quote_history,https://vnstocks.com/,2026-06-04T02:26:27+00:00,medium,real market row from vnstock Quote.history; trading_value derived from fetched close*volume
CCR,2026-06-03,14.6,200.0,2920.0,vnstock:vci:quote_history,https://vnstocks.com/,2026-06-04T02:26:27+00:00,medium,real market row from vnstock Quote.history; trading_value derived from fetched close*volume
NOS,2025-08-08,0.8,20000.0,16000.0,vnstock:vci:quote_history,https://vnstocks.com/,2026-06-04T02:26:27+00:00,medium,real market row from vnstock Quote.history; trading_value derived from fetched close*volume
NOS,2025-08-15,0.8,6900.0,5520.0,vnstock:vci:quote_history,https://vnstocks.com/,2026-06-04T02:26:27+00:00,medium,real market row from vnstock Quote.history; trading_value derived from fetched close*volume
NOS,2025-08-22,0.8,1200.0,960.0,vnstock:vci:quote_history,https://vnstocks.com/,2026-06-04T02:26:27+00:00,medium,real market row from vnstock Quote.history; trading_value derived from fetched close*volume
NOS,2025-08-29,0.7,13900.0,9730.0,vnstock:vci:quote_history,https://vnstocks.com/,2026-06-04T02:26:27+00:00,medium,real market row from vnstock Quote.history; trading_value derived from fetched close*volume
NOS,2025-09-05,0.7,2400.0,1680.0,vnstock:vci:quote_history,https://vnstocks.com/,2026-06-04T02:26:27+00:00,medium,real market row from vnstock Quote.history; trading_value derived from fetched close*volume
NOS,2025-09-12,0.7,18900.0,13230.0,vnstock:vci:quote_history,https://vnstocks.com/,2026-06-04T02:26:27+00:00,medium,real market row from vnstock Quote.history; trading_value derived from fetched close*volume
NOS,2025-09-19,0.6,15500.0,9300.0,vnstock:vci:quote_history,https://vnstocks.com/,2026-06-04T02:26:27+00:00,medium,real market row from vnstock Quote.history; trading_value derived from fetched close*volume
NOS,2025-09-26,0.7,4700.0,3290.0,vnstock:vci:quote_history,https://vnstocks.com/,2026-06-04T02:26:27+00:00,medium,real market row from vnstock Quote.history; trading_value derived from fetched close*volume
NOS,2025-10-03,0.8,8100.0,6480.0,vnstock:vci:quote_history,https://vnstocks.com/,2026-06-04T02:26:27+00:00,medium,real market row from vnstock Quote.history; trading_value derived from fetched close*volume
NOS,2025-10-10,0.8,26900.0,21520.0,vnstock:vci:quote_history,https://vnstocks.com/,2026-06-04T02:26:27+00:00,medium,real market row from vnstock Quote.history; trading_value derived from fetched close*volume
NOS,2025-10-17,0.9,2600.0,2340.0,vnstock:vci:quote_history,https://vnstocks.com/,2026-06-04T02:26:27+00:00,medium,real market row from vnstock Quote.history; trading_value derived from fetched close*volume
NOS,2025-10-24,0.9,16200.0,14580.0,vnstock:vci:quote_history,https://vnstocks.com/,2026-06-04T02:26:27+00:00,medium,real market row from vnstock Quote.history; trading_value derived from fetched close*volume
NOS,2025-10-31,1.1,20000.0,22000.0,vnstock:vci:quote_history,https://vnstocks.com/,2026-06-04T02:26:27+00:00,medium,real market row from vnstock Quote.history; trading_value derived from fetched close*volume
NOS,2025-11-07,1.0,20000.0,20000.0,vnstock:vci:quote_history,https://vnstocks.com/,2026-06-04T02:26:27+00:00,medium,real market row from vnstock Quote.history; trading_value derived from fetched close*volume
NOS,2025-11-14,1.0,6700.0,6700.0,vnstock:vci:quote_history,https://vnstocks.com/,2026-06-04T02:26:27+00:00,medium,real market row from vnstock Quote.history; trading_value derived from fetched close*volume
NOS,2025-11-21,1.1,1400.0,1540.0000000000002,vnstock:vci:quote_history,https://vnstocks.com/,2026-06-04T02:26:27+00:00,medium,real market row from vnstock Quote.history; trading_value derived from fetched close*volume
NOS,2025-11-28,1.1,4200.0,4620.0,vnstock:vci:quote_history,https://vnstocks.com/,2026-06-04T02:26:27+00:00,medium,real market row from vnstock Quote.history; trading_value derived from fetched close*volume
NOS,2025-12-05,1.1,1000.0,1100.0,vnstock:vci:quote_history,https://vnstocks.com/,2026-06-04T02:26:27+00:00,medium,real market row from vnstock Quote.history; trading_value derived from fetched close*volume
NOS,2025-12-12,1.0,19500.0,19500.0,vnstock:vci:quote_history,https://vnstocks.com/,2026-06-04T02:26:27+00:00,medium,real market row from vnstock Quote.history; trading_value derived from fetched close*volume
NOS,2025-12-19,1.1,4000.0,4400.0,vnstock:vci:quote_history,https://vnstocks.com/,2026-06-04T02:26:27+00:00,medium,real market row from vnstock Quote.history; trading_value derived from fetched close*volume
NOS,2025-12-26,1.0,3600.0,3600.0,vnstock:vci:quote_history,https://vnstocks.com/,2026-06-04T02:26:27+00:00,medium,real market row from vnstock Quote.history; trading_value derived from fetched close*volume
NOS,2026-01-09,1.0,14300.0,14300.0,vnstock:vci:quote_history,https://vnstocks.com/,2026-06-04T02:26:27+00:00,medium,real market row from vnstock Quote.history; trading_value derived from fetched close*volume
NOS,2026-01-16,1.1,15200.0,16720.0,vnstock:vci:quote_history,https://vnstocks.com/,2026-06-04T02:26:27+00:00,medium,real market row from vnstock Quote.history; trading_value derived from fetched close*volume
NOS,2026-01-23,1.0,1400.0,1400.0,vnstock:vci:quote_history,https://vnstocks.com/,2026-06-04T02:26:27+00:00,medium,real market row from vnstock Quote.history; trading_value derived from fetched close*volume
NOS,2026-01-30,1.0,1200.0,1200.0,vnstock:vci:quote_history,https://vnstocks.com/,2026-06-04T02:26:27+00:00,medium,real market row from vnstock Quote.history; trading_value derived from fetched close*volume
NOS,2026-02-27,1.0,2000.0,2000.0,vnstock:vci:quote_history,https://vnstocks.com/,2026-06-04T02:26:27+00:00,medium,real market row from vnstock Quote.history; trading_value derived from fetched close*volume
NOS,2026-03-06,1.0,300.0,300.0,vnstock:vci:quote_history,https://vnstocks.com/,2026-06-04T02:26:27+00:00,medium,real market row from vnstock Quote.history; trading_value derived from fetched close*volume
NOS,2026-03-13,1.1,2300.0,2530.0,vnstock:vci:quote_history,https://vnstocks.com/,2026-06-04T02:26:27+00:00,medium,real market row from vnstock Quote.history; trading_value derived from fetched close*volume
NOS,2026-03-20,1.0,3500.0,3500.0,vnstock:vci:quote_history,https://vnstocks.com/,2026-06-04T02:26:27+00:00,medium,real market row from vnstock Quote.history; trading_value derived from fetched close*volume
NOS,2026-04-03,0.9,4400.0,3960.0,vnstock:vci:quote_history,https://vnstocks.com/,2026-06-04T02:26:27+00:00,medium,real market row from vnstock Quote.history; trading_value derived from fetched close*volume
NOS,2026-04-10,0.9,1500.0,1350.0,vnstock:vci:quote_history,https://vnstocks.com/,2026-06-04T02:26:27+00:00,medium,real market row from vnstock Quote.history; trading_value derived from fetched close*volume
NOS,2026-04-17,0.8,14500.0,11600.0,vnstock:vci:quote_history,https://vnstocks.com/,2026-06-04T02:26:27+00:00,medium,real market row from vnstock Quote.history; trading_value derived from fetched close*volume
NOS,2026-04-24,0.8,5800.0,4640.0,vnstock:vci:quote_history,https://vnstocks.com/,2026-06-04T02:26:27+00:00,medium,real market row from vnstock Quote.history; trading_value derived from fetched close*volume
NOS,2026-05-08,0.9,800.0,720.0,vnstock:vci:quote_history,https://vnstocks.com/,2026-06-04T02:26:27+00:00,medium,real market row from vnstock Quote.history; trading_value derived from fetched close*volume
NOS,2026-05-15,1.0,1500.0,1500.0,vnstock:vci:quote_history,https://vnstocks.com/,2026-06-04T02:26:27+00:00,medium,real market row from vnstock Quote.history; trading_value derived from fetched close*volume
NOS,2026-05-22,0.9,10400.0,9360.0,vnstock:vci:quote_history,https://vnstocks.com/,2026-06-04T02:26:27+00:00,medium,real market row from vnstock Quote.history; trading_value derived from fetched close*volume
DPH,2026-01-05,41.63,0.0,0.0,vnstock:vci:quote_history,https://vnstocks.com/,2026-06-04T02:26:27+00:00,medium,real market row from vnstock Quote.history; trading_value derived from fetched close*volume
DPH,2026-01-06,41.63,0.0,0.0,vnstock:vci:quote_history,https://vnstocks.com/,2026-06-04T02:26:27+00:00,medium,real market row from vnstock Quote.history; trading_value derived from fetched close*volume
DPH,2026-01-07,41.63,1.0,41.63,vnstock:vci:quote_history,https://vnstocks.com/,2026-06-04T02:26:27+00:00,medium,real market row from vnstock Quote.history; trading_value derived from fetched close*volume
DPH,2026-01-08,41.63,0.0,0.0,vnstock:vci:quote_history,https://vnstocks.com/,2026-06-04T02:26:27+00:00,medium,real market row from vnstock Quote.history; trading_value derived from fetched close*volume
DPH,2026-01-09,41.63,0.0,0.0,vnstock:vci:quote_history,https://vnstocks.com/,2026-06-04T02:26:27+00:00,medium,real market row from vnstock Quote.history; trading_value derived from fetched close*volume
DPH,2026-01-12,41.63,0.0,0.0,vnstock:vci:quote_history,https://vnstocks.com/,2026-06-04T02:26:27+00:00,medium,real market row from vnstock Quote.history; trading_value derived from fetched close*volume
DPH,2026-01-13,47.81,201.0,9609.810000000001,vnstock:vci:quote_history,https://vnstocks.com/,2026-06-04T02:26:27+00:00,medium,real market row from vnstock Quote.history; trading_value derived from fetched close*volume
DPH,2026-01-14,47.81,0.0,0.0,vnstock:vci:quote_history,https://vnstocks.com/,2026-06-04T02:26:27+00:00,medium,real market row from vnstock Quote.history; trading_value derived from fetched close*volume
DPH,2026-01-15,47.81,0.0,0.0,vnstock:vci:quote_history,https://vnstocks.com/,2026-06-04T02:26:27+00:00,medium,real market row from vnstock Quote.history; trading_value derived from fetched close*volume
DPH,2026-01-16,54.95,200.0,10990.0,vnstock:vci:quote_history,https://vnstocks.com/,2026-06-04T02:26:27+00:00,medium,real market row from vnstock Quote.history; trading_value derived from fetched close*volume
DPH,2026-01-19,49.26,0.0,0.0,vnstock:vci:quote_history,https://vnstocks.com/,2026-06-04T02:26:27+00:00,medium,real market row from vnstock Quote.history; trading_value derived from fetched close*volume
DPH,2026-01-20,49.26,0.0,0.0,vnstock:vci:quote_history,https://vnstocks.com/,2026-06-04T02:26:27+00:00,medium,real market row from vnstock Quote.history; trading_value derived from fetched close*volume
DPH,2026-01-21,49.26,9.0,443.34,vnstock:vci:quote_history,https://vnstocks.com/,2026-06-04T02:26:27+00:00,medium,real market row from vnstock Quote.history; trading_value derived from fetched close*volume
DPH,2026-01-22,49.26,10.0,492.59999999999997,vnstock:vci:quote_history,https://vnstocks.com/,2026-06-04T02:26:27+00:00,medium,real market row from vnstock Quote.history; trading_value derived from fetched close*volume
DPH,2026-01-23,56.5,110.0,6215.0,vnstock:vci:quote_history,https://vnstocks.com/,2026-06-04T02:26:27+00:00,medium,real market row from vnstock Quote.history; trading_value derived from fetched close*volume
DPH,2026-01-26,56.5,142.0,8023.0,vnstock:vci:quote_history,https://vnstocks.com/,2026-06-04T02:26:27+00:00,medium,real market row from vnstock Quote.history; trading_value derived from fetched close*volume
DPH,2026-01-27,56.5,9.0,508.5,vnstock:vci:quote_history,https://vnstocks.com/,2026-06-04T02:26:27+00:00,medium,real market row from vnstock Quote.history; trading_value derived from fetched close*volume
DPH,2026-01-28,56.5,0.0,0.0,vnstock:vci:quote_history,https://vnstocks.com/,2026-06-04T02:26:27+00:00,medium,real market row from vnstock Quote.history; trading_value derived from fetched close*volume
DPH,2026-01-29,56.5,0.0,0.0,vnstock:vci:quote_history,https://vnstocks.com/,2026-06-04T02:26:27+00:00,medium,real market row from vnstock Quote.history; trading_value derived from fetched close*volume
DPH,2026-01-30,56.5,6.0,339.0,vnstock:vci:quote_history,https://vnstocks.com/,2026-06-04T02:26:27+00:00,medium,real market row from vnstock Quote.history; trading_value derived from fetched close*volume
DPH,2026-02-02,56.5,0.0,0.0,vnstock:vci:quote_history,https://vnstocks.com/,2026-06-04T02:26:27+00:00,medium,real market row from vnstock Quote.history; trading_value derived from fetched close*volume
DPH,2026-02-03,56.5,0.0,0.0,vnstock:vci:quote_history,https://vnstocks.com/,2026-06-04T02:26:27+00:00,medium,real market row from vnstock Quote.history; trading_value derived from fetched close*volume
DPH,2026-02-04,56.5,109.0,6158.5,vnstock:vci:quote_history,https://vnstocks.com/,2026-06-04T02:26:27+00:00,medium,real market row from vnstock Quote.history; trading_value derived from fetched close*volume
DPH,2026-02-05,56.5,0.0,0.0,vnstock:vci:quote_history,https://vnstocks.com/,2026-06-04T02:26:27+00:00,medium,real market row from vnstock Quote.history; trading_value derived from fetched close*volume
DPH,2026-02-06,56.5,0.0,0.0,vnstock:vci:quote_history,https://vnstocks.com/,2026-06-04T02:26:27+00:00,medium,real market row from vnstock Quote.history; trading_value derived from fetched close*volume
DPH,2026-02-23,54.0,100.0,5400.0,vnstock:vci:quote_history,https://vnstocks.com/,2026-06-04T02:26:27+00:00,medium,real market row from vnstock Quote.history; trading_value derived from fetched close*volume
DPH,2026-03-18,60.0,2000.0,120000.0,vnstock:vci:quote_history,https://vnstocks.com/,2026-06-04T02:26:27+00:00,medium,real market row from vnstock Quote.history; trading_value derived from fetched close*volume
DPH,2026-03-20,58.0,200.0,11600.0,vnstock:vci:quote_history,https://vnstocks.com/,2026-06-04T02:26:27+00:00,medium,real market row from vnstock Quote.history; trading_value derived from fetched close*volume
DPH,2026-03-23,57.0,2300.0,131100.0,vnstock:vci:quote_history,https://vnstocks.com/,2026-06-04T02:26:27+00:00,medium,real market row from vnstock Quote.history; trading_value derived from fetched close*volume
DPH,2026-03-24,57.1,1600.0,91360.0,vnstock:vci:quote_history,https://vnstocks.com/,2026-06-04T02:26:27+00:00,medium,real market row from vnstock Quote.history; trading_value derived from fetched close*volume
DPH,2026-03-27,57.0,200.0,11400.0,vnstock:vci:quote_history,https://vnstocks.com/,2026-06-04T02:26:27+00:00,medium,real market row from vnstock Quote.history; trading_value derived from fetched close*volume
DPH,2026-03-30,57.0,200.0,11400.0,vnstock:vci:quote_history,https://vnstocks.com/,2026-06-04T02:26:27+00:00,medium,real market row from vnstock Quote.history; trading_value derived from fetched close*volume
DPH,2026-04-06,57.0,400.0,22800.0,vnstock:vci:quote_history,https://vnstocks.com/,2026-06-04T02:26:27+00:00,medium,real market row from vnstock Quote.history; trading_value derived from fetched close*volume
DPH,2026-04-10,57.0,1300.0,74100.0,vnstock:vci:quote_history,https://vnstocks.com/,2026-06-04T02:26:27+00:00,medium,real market row from vnstock Quote.history; trading_value derived from fetched close*volume
DPH,2026-04-23,57.0,1000.0,57000.0,vnstock:vci:quote_history,https://vnstocks.com/,2026-06-04T02:26:27+00:00,medium,real market row from vnstock Quote.history; trading_value derived from fetched close*volume
DPH,2026-04-29,51.0,100.0,5100.0,vnstock:vci:quote_history,https://vnstocks.com/,2026-06-04T02:26:27+00:00,medium,real market row from vnstock Quote.history; trading_value derived from fetched close*volume
DSN,2026-04-13,36.75,8116.0,298263.0,vnstock:vci:quote_history,https://vnstocks.com/,2026-06-04T02:26:27+00:00,medium,real market row from vnstock Quote.history; trading_value derived from fetched close*volume
DSN,2026-04-14,37.09,4367.0,161972.03000000003,vnstock:vci:quote_history,https://vnstocks.com/,2026-06-04T02:26:27+00:00,medium,real market row from vnstock Quote.history; trading_value derived from fetched close*volume
DSN,2026-04-15,37.09,670.0,24850.300000000003,vnstock:vci:quote_history,https://vnstocks.com/,2026-06-04T02:26:27+00:00,medium,real market row from vnstock Quote.history; trading_value derived from fetched close*volume
DSN,2026-04-16,36.42,6246.0,227479.32,vnstock:vci:quote_history,https://vnstocks.com/,2026-06-04T02:26:27+00:00,medium,real market row from vnstock Quote.history; trading_value derived from fetched close*volume
DSN,2026-04-17,36.71,4444.0,163139.24,vnstock:vci:quote_history,https://vnstocks.com/,2026-06-04T02:26:27+00:00,medium,real market row from vnstock Quote.history; trading_value derived from fetched close*volume
DSN,2026-04-20,36.56,7231.0,264365.36000000004,vnstock:vci:quote_history,https://vnstocks.com/,2026-06-04T02:26:27+00:00,medium,real market row from vnstock Quote.history; trading_value derived from fetched close*volume
DSN,2026-04-21,37.09,2613.0,96916.17000000001,vnstock:vci:quote_history,https://vnstocks.com/,2026-06-04T02:26:27+00:00,medium,real market row from vnstock Quote.history; trading_value derived from fetched close*volume
DSN,2026-04-22,37.09,1766.0,65500.94000000001,vnstock:vci:quote_history,https://vnstocks.com/,2026-06-04T02:26:27+00:00,medium,real market row from vnstock Quote.history; trading_value derived from fetched close*volume
DSN,2026-04-23,36.71,1742.0,63948.82,vnstock:vci:quote_history,https://vnstocks.com/,2026-06-04T02:26:27+00:00,medium,real market row from vnstock Quote.history; trading_value derived from fetched close*volume
DSN,2026-04-24,37.38,3146.0,117597.48000000001,vnstock:vci:quote_history,https://vnstocks.com/,2026-06-04T02:26:27+00:00,medium,real market row from vnstock Quote.history; trading_value derived from fetched close*volume
DSN,2026-04-28,36.95,1721.0,63590.950000000004,vnstock:vci:quote_history,https://vnstocks.com/,2026-06-04T02:26:27+00:00,medium,real market row from vnstock Quote.history; trading_value derived from fetched close*volume
DSN,2026-04-29,36.66,3836.0,140627.75999999998,vnstock:vci:quote_history,https://vnstocks.com/,2026-06-04T02:26:27+00:00,medium,real market row from vnstock Quote.history; trading_value derived from fetched close*volume
DSN,2026-05-04,37.09,5140.0,190642.6,vnstock:vci:quote_history,https://vnstocks.com/,2026-06-04T02:26:27+00:00,medium,real market row from vnstock Quote.history; trading_value derived from fetched close*volume
DSN,2026-05-05,36.66,7692.0,281988.72,vnstock:vci:quote_history,https://vnstocks.com/,2026-06-04T02:26:27+00:00,medium,real market row from vnstock Quote.history; trading_value derived from fetched close*volume
DSN,2026-05-06,36.52,7434.0,271489.68000000005,vnstock:vci:quote_history,https://vnstocks.com/,2026-06-04T02:26:27+00:00,medium,real market row from vnstock Quote.history; trading_value derived from fetched close*volume
DSN,2026-05-07,36.71,2380.0,87369.8,vnstock:vci:quote_history,https://vnstocks.com/,2026-06-04T02:26:27+00:00,medium,real market row from vnstock Quote.history; trading_value derived from fetched close*volume
DSN,2026-05-08,37.14,6847.0,254297.58000000002,vnstock:vci:quote_history,https://vnstocks.com/,2026-06-04T02:26:27+00:00,medium,real market row from vnstock Quote.history; trading_value derived from fetched close*volume
DSN,2026-05-11,37.04,4130.0,152975.19999999998,vnstock:vci:quote_history,https://vnstocks.com/,2026-06-04T02:26:27+00:00,medium,real market row from vnstock Quote.history; trading_value derived from fetched close*volume
DSN,2026-05-12,37.04,4263.0,157901.52,vnstock:vci:quote_history,https://vnstocks.com/,2026-06-04T02:26:27+00:00,medium,real market row from vnstock Quote.history; trading_value derived from fetched close*volume
DSN,2026-05-13,36.9,9306.0,343391.39999999997,vnstock:vci:quote_history,https://vnstocks.com/,2026-06-04T02:26:27+00:00,medium,real market row from vnstock Quote.history; trading_value derived from fetched close*volume
DSN,2026-05-14,37.04,2475.0,91674.0,vnstock:vci:quote_history,https://vnstocks.com/,2026-06-04T02:26:27+00:00,medium,real market row from vnstock Quote.history; trading_value derived from fetched close*volume
DSN,2026-05-15,36.85,5057.0,186350.45,vnstock:vci:quote_history,https://vnstocks.com/,2026-06-04T02:26:27+00:00,medium,real market row from vnstock Quote.history; trading_value derived from fetched close*volume
DSN,2026-05-18,37.5,11133.0,417487.5,vnstock:vci:quote_history,https://vnstocks.com/,2026-06-04T02:26:27+00:00,medium,real market row from vnstock Quote.history; trading_value derived from fetched close*volume
DSN,2026-05-19,37.2,3459.0,128674.8,vnstock:vci:quote_history,https://vnstocks.com/,2026-06-04T02:26:27+00:00,medium,real market row from vnstock Quote.history; trading_value derived from fetched close*volume
DSN,2026-05-20,37.2,4210.0,156612.0,vnstock:vci:quote_history,https://vnstocks.com/,2026-06-04T02:26:27+00:00,medium,real market row from vnstock Quote.history; trading_value derived from fetched close*volume
DSN,2026-05-21,37.2,6256.0,232723.2,vnstock:vci:quote_history,https://vnstocks.com/,2026-06-04T02:26:27+00:00,medium,real market row from vnstock Quote.history; trading_value derived from fetched close*volume
DSN,2026-05-22,37.4,1017.0,38035.799999999996,vnstock:vci:quote_history,https://vnstocks.com/,2026-06-04T02:26:27+00:00,medium,real market row from vnstock Quote.history; trading_value derived from fetched close*volume
DSN,2026-05-25,37.6,4321.0,162469.6,vnstock:vci:quote_history,https://vnstocks.com/,2026-06-04T02:26:27+00:00,medium,real market row from vnstock Quote.history; trading_value derived from fetched close*volume
DSN,2026-05-26,37.8,4508.0,170402.4,vnstock:vci:quote_history,https://vnstocks.com/,2026-06-04T02:26:27+00:00,medium,real market row from vnstock Quote.history; trading_value derived from fetched close*volume
DSN,2026-05-27,37.9,1303.0,49383.7,vnstock:vci:quote_history,https://vnstocks.com/,2026-06-04T02:26:27+00:00,medium,real market row from vnstock Quote.history; trading_value derived from fetched close*volume
DSN,2026-05-28,37.75,3979.0,150207.25,vnstock:vci:quote_history,https://vnstocks.com/,2026-06-04T02:26:27+00:00,medium,real market row from vnstock Quote.history; trading_value derived from fetched close*volume
DSN,2026-05-29,37.15,6400.0,237760.0,vnstock:vci:quote_history,https://vnstocks.com/,2026-06-04T02:26:27+00:00,medium,real market row from vnstock Quote.history; trading_value derived from fetched close*volume
DSN,2026-06-01,37.6,4000.0,150400.0,vnstock:vci:quote_history,https://vnstocks.com/,2026-06-04T02:26:27+00:00,medium,real market row from vnstock Quote.history; trading_value derived from fetched close*volume
DSN,2026-06-02,37.7,2200.0,82940.0,vnstock:vci:quote_history,https://vnstocks.com/,2026-06-04T02:26:27+00:00,medium,real market row from vnstock Quote.history; trading_value derived from fetched close*volume
DSN,2026-06-03,37.15,4900.0,182035.0,vnstock:vci:quote_history,https://vnstocks.com/,2026-06-04T02:26:27+00:00,medium,real market row from vnstock Quote.history; trading_value derived from fetched close*volume
DSN,2026-06-04,37.7,100.0,3770.0000000000005,vnstock:vci:quote_history,https://vnstocks.com/,2026-06-04T02:26:27+00:00,medium,real market row from vnstock Quote.history; trading_value derived from fetched close*volume
WSS,2026-04-13,6.4,7400.0,47360.0,vnstock:vci:quote_history,https://vnstocks.com/,2026-06-04T02:26:27+00:00,medium,real market row from vnstock Quote.history; trading_value derived from fetched close*volume
WSS,2026-04-14,6.3,6000.0,37800.0,vnstock:vci:quote_history,https://vnstocks.com/,2026-06-04T02:26:27+00:00,medium,real market row from vnstock Quote.history; trading_value derived from fetched close*volume
WSS,2026-04-15,6.3,13100.0,82530.0,vnstock:vci:quote_history,https://vnstocks.com/,2026-06-04T02:26:27+00:00,medium,real market row from vnstock Quote.history; trading_value derived from fetched close*volume
WSS,2026-04-16,6.3,1300.0,8190.0,vnstock:vci:quote_history,https://vnstocks.com/,2026-06-04T02:26:27+00:00,medium,real market row from vnstock Quote.history; trading_value derived from fetched close*volume
WSS,2026-04-17,6.3,7800.0,49140.0,vnstock:vci:quote_history,https://vnstocks.com/,2026-06-04T02:26:27+00:00,medium,real market row from vnstock Quote.history; trading_value derived from fetched close*volume
WSS,2026-04-20,6.3,38800.0,244440.0,vnstock:vci:quote_history,https://vnstocks.com/,2026-06-04T02:26:27+00:00,medium,real market row from vnstock Quote.history; trading_value derived from fetched close*volume
WSS,2026-04-21,6.2,22300.0,138260.0,vnstock:vci:quote_history,https://vnstocks.com/,2026-06-04T02:26:27+00:00,medium,real market row from vnstock Quote.history; trading_value derived from fetched close*volume
WSS,2026-04-22,6.3,3800.0,23940.0,vnstock:vci:quote_history,https://vnstocks.com/,2026-06-04T02:26:27+00:00,medium,real market row from vnstock Quote.history; trading_value derived from fetched close*volume
WSS,2026-04-23,6.2,43800.0,271560.0,vnstock:vci:quote_history,https://vnstocks.com/,2026-06-04T02:26:27+00:00,medium,real market row from vnstock Quote.history; trading_value derived from fetched close*volume
WSS,2026-04-24,6.2,6900.0,42780.0,vnstock:vci:quote_history,https://vnstocks.com/,2026-06-04T02:26:27+00:00,medium,real market row from vnstock Quote.history; trading_value derived from fetched close*volume
WSS,2026-04-28,6.3,11300.0,71190.0,vnstock:vci:quote_history,https://vnstocks.com/,2026-06-04T02:26:27+00:00,medium,real market row from vnstock Quote.history; trading_value derived from fetched close*volume
WSS,2026-04-29,6.3,24300.0,153090.0,vnstock:vci:quote_history,https://vnstocks.com/,2026-06-04T02:26:27+00:00,medium,real market row from vnstock Quote.history; trading_value derived from fetched close*volume
WSS,2026-05-04,6.4,6100.0,39040.0,vnstock:vci:quote_history,https://vnstocks.com/,2026-06-04T02:26:27+00:00,medium,real market row from vnstock Quote.history; trading_value derived from fetched close*volume
WSS,2026-05-05,6.3,4400.0,27720.0,vnstock:vci:quote_history,https://vnstocks.com/,2026-06-04T02:26:27+00:00,medium,real market row from vnstock Quote.history; trading_value derived from fetched close*volume
WSS,2026-05-06,6.4,16000.0,102400.0,vnstock:vci:quote_history,https://vnstocks.com/,2026-06-04T02:26:27+00:00,medium,real market row from vnstock Quote.history; trading_value derived from fetched close*volume
WSS,2026-05-07,6.3,7000.0,44100.0,vnstock:vci:quote_history,https://vnstocks.com/,2026-06-04T02:26:27+00:00,medium,real market row from vnstock Quote.history; trading_value derived from fetched close*volume
WSS,2026-05-08,6.3,2600.0,16380.0,vnstock:vci:quote_history,https://vnstocks.com/,2026-06-04T02:26:27+00:00,medium,real market row from vnstock Quote.history; trading_value derived from fetched close*volume
WSS,2026-05-11,6.1,8900.0,54290.0,vnstock:vci:quote_history,https://vnstocks.com/,2026-06-04T02:26:27+00:00,medium,real market row from vnstock Quote.history; trading_value derived from fetched close*volume
WSS,2026-05-12,6.3,9500.0,59850.0,vnstock:vci:quote_history,https://vnstocks.com/,2026-06-04T02:26:27+00:00,medium,real market row from vnstock Quote.history; trading_value derived from fetched close*volume
WSS,2026-05-13,6.4,29500.0,188800.0,vnstock:vci:quote_history,https://vnstocks.com/,2026-06-04T02:26:27+00:00,medium,real market row from vnstock Quote.history; trading_value derived from fetched close*volume
WSS,2026-05-14,6.5,18200.0,118300.0,vnstock:vci:quote_history,https://vnstocks.com/,2026-06-04T02:26:27+00:00,medium,real market row from vnstock Quote.history; trading_value derived from fetched close*volume
WSS,2026-05-15,6.5,29100.0,189150.0,vnstock:vci:quote_history,https://vnstocks.com/,2026-06-04T02:26:27+00:00,medium,real market row from vnstock Quote.history; trading_value derived from fetched close*volume
WSS,2026-05-18,6.5,300.0,1950.0,vnstock:vci:quote_history,https://vnstocks.com/,2026-06-04T02:26:27+00:00,medium,real market row from vnstock Quote.history; trading_value derived from fetched close*volume
WSS,2026-05-19,6.5,8800.0,57200.0,vnstock:vci:quote_history,https://vnstocks.com/,2026-06-04T02:26:27+00:00,medium,real market row from vnstock Quote.history; trading_value derived from fetched close*volume
WSS,2026-05-20,6.3,6500.0,40950.0,vnstock:vci:quote_history,https://vnstocks.com/,2026-06-04T02:26:27+00:00,medium,real market row from vnstock Quote.history; trading_value derived from fetched close*volume
WSS,2026-05-21,6.3,17400.0,109620.0,vnstock:vci:quote_history,https://vnstocks.com/,2026-06-04T02:26:27+00:00,medium,real market row from vnstock Quote.history; trading_value derived from fetched close*volume
WSS,2026-05-22,6.5,14500.0,94250.0,vnstock:vci:quote_history,https://vnstocks.com/,2026-06-04T02:26:27+00:00,medium,real market row from vnstock Quote.history; trading_value derived from fetched close*volume
WSS,2026-05-25,6.4,10700.0,68480.0,vnstock:vci:quote_history,https://vnstocks.com/,2026-06-04T02:26:27+00:00,medium,real market row from vnstock Quote.history; trading_value derived from fetched close*volume
WSS,2026-05-26,6.5,20100.0,130650.0,vnstock:vci:quote_history,https://vnstocks.com/,2026-06-04T02:26:27+00:00,medium,real market row from vnstock Quote.history; trading_value derived from fetched close*volume
WSS,2026-05-27,6.5,13900.0,90350.0,vnstock:vci:quote_history,https://vnstocks.com/,2026-06-04T02:26:27+00:00,medium,real market row from vnstock Quote.history; trading_value derived from fetched close*volume
WSS,2026-05-28,6.6,39700.0,262020.0,vnstock:vci:quote_history,https://vnstocks.com/,2026-06-04T02:26:27+00:00,medium,real market row from vnstock Quote.history; trading_value derived from fetched close*volume
WSS,2026-05-29,6.7,17300.0,115910.0,vnstock:vci:quote_history,https://vnstocks.com/,2026-06-04T02:26:27+00:00,medium,real market row from vnstock Quote.history; trading_value derived from fetched close*volume
WSS,2026-06-01,6.6,17700.0,116820.0,vnstock:vci:quote_history,https://vnstocks.com/,2026-06-04T02:26:27+00:00,medium,real market row from vnstock Quote.history; trading_value derived from fetched close*volume
WSS,2026-06-02,6.6,6300.0,41580.0,vnstock:vci:quote_history,https://vnstocks.com/,2026-06-04T02:26:27+00:00,medium,real market row from vnstock Quote.history; trading_value derived from fetched close*volume
WSS,2026-06-03,6.6,16400.0,108240.0,vnstock:vci:quote_history,https://vnstocks.com/,2026-06-04T02:26:27+00:00,medium,real market row from vnstock Quote.history; trading_value derived from fetched close*volume
WSS,2026-06-04,6.4,4200.0,26880.0,vnstock:vci:quote_history,https://vnstocks.com/,2026-06-04T02:26:27+00:00,medium,real market row from vnstock Quote.history; trading_value derived from fetched close*volume
STC,2026-03-16,14.7,400.0,5880.0,vnstock:vci:quote_history,https://vnstocks.com/,2026-06-04T02:26:27+00:00,medium,real market row from vnstock Quote.history; trading_value derived from fetched close*volume
STC,2026-03-18,14.8,100.0,1480.0,vnstock:vci:quote_history,https://vnstocks.com/,2026-06-04T02:26:27+00:00,medium,real market row from vnstock Quote.history; trading_value derived from fetched close*volume
STC,2026-03-19,14.7,200.0,2940.0,vnstock:vci:quote_history,https://vnstocks.com/,2026-06-04T02:26:27+00:00,medium,real market row from vnstock Quote.history; trading_value derived from fetched close*volume
STC,2026-03-20,14.0,2400.0,33600.0,vnstock:vci:quote_history,https://vnstocks.com/,2026-06-04T02:26:27+00:00,medium,real market row from vnstock Quote.history; trading_value derived from fetched close*volume
STC,2026-03-25,14.6,1300.0,18980.0,vnstock:vci:quote_history,https://vnstocks.com/,2026-06-04T02:26:27+00:00,medium,real market row from vnstock Quote.history; trading_value derived from fetched close*volume
STC,2026-03-26,14.2,1600.0,22720.0,vnstock:vci:quote_history,https://vnstocks.com/,2026-06-04T02:26:27+00:00,medium,real market row from vnstock Quote.history; trading_value derived from fetched close*volume
STC,2026-03-30,14.1,1700.0,23970.0,vnstock:vci:quote_history,https://vnstocks.com/,2026-06-04T02:26:27+00:00,medium,real market row from vnstock Quote.history; trading_value derived from fetched close*volume
STC,2026-03-31,14.1,200.0,2820.0,vnstock:vci:quote_history,https://vnstocks.com/,2026-06-04T02:26:27+00:00,medium,real market row from vnstock Quote.history; trading_value derived from fetched close*volume
STC,2026-04-01,14.1,900.0,12690.0,vnstock:vci:quote_history,https://vnstocks.com/,2026-06-04T02:26:27+00:00,medium,real market row from vnstock Quote.history; trading_value derived from fetched close*volume
STC,2026-04-02,14.1,500.0,7050.0,vnstock:vci:quote_history,https://vnstocks.com/,2026-06-04T02:26:27+00:00,medium,real market row from vnstock Quote.history; trading_value derived from fetched close*volume
STC,2026-04-07,12.7,2800.0,35560.0,vnstock:vci:quote_history,https://vnstocks.com/,2026-06-04T02:26:27+00:00,medium,real market row from vnstock Quote.history; trading_value derived from fetched close*volume
STC,2026-04-08,13.9,300.0,4170.0,vnstock:vci:quote_history,https://vnstocks.com/,2026-06-04T02:26:27+00:00,medium,real market row from vnstock Quote.history; trading_value derived from fetched close*volume
STC,2026-04-09,14.1,2700.0,38070.0,vnstock:vci:quote_history,https://vnstocks.com/,2026-06-04T02:26:27+00:00,medium,real market row from vnstock Quote.history; trading_value derived from fetched close*volume
STC,2026-04-10,14.1,100.0,1410.0,vnstock:vci:quote_history,https://vnstocks.com/,2026-06-04T02:26:27+00:00,medium,real market row from vnstock Quote.history; trading_value derived from fetched close*volume
STC,2026-04-13,14.3,100.0,1430.0,vnstock:vci:quote_history,https://vnstocks.com/,2026-06-04T02:26:27+00:00,medium,real market row from vnstock Quote.history; trading_value derived from fetched close*volume
STC,2026-04-14,14.5,1300.0,18850.0,vnstock:vci:quote_history,https://vnstocks.com/,2026-06-04T02:26:27+00:00,medium,real market row from vnstock Quote.history; trading_value derived from fetched close*volume
STC,2026-04-16,14.5,500.0,7250.0,vnstock:vci:quote_history,https://vnstocks.com/,2026-06-04T02:26:27+00:00,medium,real market row from vnstock Quote.history; trading_value derived from fetched close*volume
STC,2026-04-17,14.8,100.0,1480.0,vnstock:vci:quote_history,https://vnstocks.com/,2026-06-04T02:26:27+00:00,medium,real market row from vnstock Quote.history; trading_value derived from fetched close*volume
STC,2026-04-21,14.5,400.0,5800.0,vnstock:vci:quote_history,https://vnstocks.com/,2026-06-04T02:26:27+00:00,medium,real market row from vnstock Quote.history; trading_value derived from fetched close*volume
STC,2026-04-28,14.4,100.0,1440.0,vnstock:vci:quote_history,https://vnstocks.com/,2026-06-04T02:26:27+00:00,medium,real market row from vnstock Quote.history; trading_value derived from fetched close*volume
STC,2026-05-04,14.4,100.0,1440.0,vnstock:vci:quote_history,https://vnstocks.com/,2026-06-04T02:26:27+00:00,medium,real market row from vnstock Quote.history; trading_value derived from fetched close*volume
STC,2026-05-06,14.0,100.0,1400.0,vnstock:vci:quote_history,https://vnstocks.com/,2026-06-04T02:26:27+00:00,medium,real market row from vnstock Quote.history; trading_value derived from fetched close*volume
STC,2026-05-11,14.4,100.0,1440.0,vnstock:vci:quote_history,https://vnstocks.com/,2026-06-04T02:26:27+00:00,medium,real market row from vnstock Quote.history; trading_value derived from fetched close*volume
STC,2026-05-14,14.4,2300.0,33120.0,vnstock:vci:quote_history,https://vnstocks.com/,2026-06-04T02:26:27+00:00,medium,real market row from vnstock Quote.history; trading_value derived from fetched close*volume
STC,2026-05-15,13.2,1900.0,25080.0,vnstock:vci:quote_history,https://vnstocks.com/,2026-06-04T02:26:27+00:00,medium,real market row from vnstock Quote.history; trading_value derived from fetched close*volume
STC,2026-05-18,13.2,1100.0,14520.0,vnstock:vci:quote_history,https://vnstocks.com/,2026-06-04T02:26:27+00:00,medium,real market row from vnstock Quote.history; trading_value derived from fetched close*volume
STC,2026-05-20,13.9,400.0,5560.0,vnstock:vci:quote_history,https://vnstocks.com/,2026-06-04T02:26:27+00:00,medium,real market row from vnstock Quote.history; trading_value derived from fetched close*volume
STC,2026-05-21,13.6,1200.0,16320.0,vnstock:vci:quote_history,https://vnstocks.com/,2026-06-04T02:26:27+00:00,medium,real market row from vnstock Quote.history; trading_value derived from fetched close*volume
STC,2026-05-22,13.5,300.0,4050.0,vnstock:vci:quote_history,https://vnstocks.com/,2026-06-04T02:26:27+00:00,medium,real market row from vnstock Quote.history; trading_value derived from fetched close*volume
STC,2026-05-25,14.1,500.0,7050.0,vnstock:vci:quote_history,https://vnstocks.com/,2026-06-04T02:26:27+00:00,medium,real market row from vnstock Quote.history; trading_value derived from fetched close*volume
STC,2026-05-27,13.0,300.0,3900.0,vnstock:vci:quote_history,https://vnstocks.com/,2026-06-04T02:26:27+00:00,medium,real market row from vnstock Quote.history; trading_value derived from fetched close*volume
STC,2026-05-28,13.8,200.0,2760.0,vnstock:vci:quote_history,https://vnstocks.com/,2026-06-04T02:26:27+00:00,medium,real market row from vnstock Quote.history; trading_value derived from fetched close*volume
STC,2026-05-29,13.6,400.0,5440.0,vnstock:vci:quote_history,https://vnstocks.com/,2026-06-04T02:26:27+00:00,medium,real market row from vnstock Quote.history; trading_value derived from fetched close*volume
STC,2026-06-01,13.5,100.0,1350.0,vnstock:vci:quote_history,https://vnstocks.com/,2026-06-04T02:26:27+00:00,medium,real market row from vnstock Quote.history; trading_value derived from fetched close*volume
STC,2026-06-02,14.3,100.0,1430.0,vnstock:vci:quote_history,https://vnstocks.com/,2026-06-04T02:26:27+00:00,medium,real market row from vnstock Quote.history; trading_value derived from fetched close*volume
STC,2026-06-04,14.2,200.0,2840.0,vnstock:vci:quote_history,https://vnstocks.com/,2026-06-04T02:26:27+00:00,medium,real market row from vnstock Quote.history; trading_value derived from fetched close*volume
CFM,2025-12-01,8.1,0.0,0.0,vnstock:vci:quote_history,https://vnstocks.com/,2026-06-04T02:26:27+00:00,medium,real market row from vnstock Quote.history; trading_value derived from fetched close*volume
CFM,2025-12-02,8.0,1100.0,8800.0,vnstock:vci:quote_history,https://vnstocks.com/,2026-06-04T02:26:27+00:00,medium,real market row from vnstock Quote.history; trading_value derived from fetched close*volume
CFM,2025-12-03,8.0,0.0,0.0,vnstock:vci:quote_history,https://vnstocks.com/,2026-06-04T02:26:27+00:00,medium,real market row from vnstock Quote.history; trading_value derived from fetched close*volume
CFM,2025-12-04,8.0,0.0,0.0,vnstock:vci:quote_history,https://vnstocks.com/,2026-06-04T02:26:27+00:00,medium,real market row from vnstock Quote.history; trading_value derived from fetched close*volume
CFM,2025-12-11,9.2,100.0,919.9999999999999,vnstock:vci:quote_history,https://vnstocks.com/,2026-06-04T02:26:27+00:00,medium,real market row from vnstock Quote.history; trading_value derived from fetched close*volume
CFM,2025-12-22,8.5,900.0,7650.0,vnstock:vci:quote_history,https://vnstocks.com/,2026-06-04T02:26:27+00:00,medium,real market row from vnstock Quote.history; trading_value derived from fetched close*volume
CFM,2026-01-05,8.5,100.0,850.0,vnstock:vci:quote_history,https://vnstocks.com/,2026-06-04T02:26:27+00:00,medium,real market row from vnstock Quote.history; trading_value derived from fetched close*volume
CFM,2026-01-08,9.0,100.0,900.0,vnstock:vci:quote_history,https://vnstocks.com/,2026-06-04T02:26:27+00:00,medium,real market row from vnstock Quote.history; trading_value derived from fetched close*volume
CFM,2026-01-09,9.0,400.0,3600.0,vnstock:vci:quote_history,https://vnstocks.com/,2026-06-04T02:26:27+00:00,medium,real market row from vnstock Quote.history; trading_value derived from fetched close*volume
CFM,2026-01-12,9.0,1700.0,15300.0,vnstock:vci:quote_history,https://vnstocks.com/,2026-06-04T02:26:27+00:00,medium,real market row from vnstock Quote.history; trading_value derived from fetched close*volume
CFM,2026-01-13,9.0,200.0,1800.0,vnstock:vci:quote_history,https://vnstocks.com/,2026-06-04T02:26:27+00:00,medium,real market row from vnstock Quote.history; trading_value derived from fetched close*volume
CFM,2026-01-14,9.5,1000.0,9500.0,vnstock:vci:quote_history,https://vnstocks.com/,2026-06-04T02:26:27+00:00,medium,real market row from vnstock Quote.history; trading_value derived from fetched close*volume
CFM,2026-01-16,9.5,500.0,4750.0,vnstock:vci:quote_history,https://vnstocks.com/,2026-06-04T02:26:27+00:00,medium,real market row from vnstock Quote.history; trading_value derived from fetched close*volume
CFM,2026-01-19,9.0,500.0,4500.0,vnstock:vci:quote_history,https://vnstocks.com/,2026-06-04T02:26:27+00:00,medium,real market row from vnstock Quote.history; trading_value derived from fetched close*volume
CFM,2026-01-20,9.0,200.0,1800.0,vnstock:vci:quote_history,https://vnstocks.com/,2026-06-04T02:26:27+00:00,medium,real market row from vnstock Quote.history; trading_value derived from fetched close*volume
CFM,2026-01-21,9.0,500.0,4500.0,vnstock:vci:quote_history,https://vnstocks.com/,2026-06-04T02:26:27+00:00,medium,real market row from vnstock Quote.history; trading_value derived from fetched close*volume
CFM,2026-01-26,9.4,700.0,6580.0,vnstock:vci:quote_history,https://vnstocks.com/,2026-06-04T02:26:27+00:00,medium,real market row from vnstock Quote.history; trading_value derived from fetched close*volume
CFM,2026-01-28,9.2,100.0,919.9999999999999,vnstock:vci:quote_history,https://vnstocks.com/,2026-06-04T02:26:27+00:00,medium,real market row from vnstock Quote.history; trading_value derived from fetched close*volume
CFM,2026-01-29,8.5,500.0,4250.0,vnstock:vci:quote_history,https://vnstocks.com/,2026-06-04T02:26:27+00:00,medium,real market row from vnstock Quote.history; trading_value derived from fetched close*volume
CFM,2026-02-03,8.5,500.0,4250.0,vnstock:vci:quote_history,https://vnstocks.com/,2026-06-04T02:26:27+00:00,medium,real market row from vnstock Quote.history; trading_value derived from fetched close*volume
CFM,2026-02-27,8.5,400.0,3400.0,vnstock:vci:quote_history,https://vnstocks.com/,2026-06-04T02:26:27+00:00,medium,real market row from vnstock Quote.history; trading_value derived from fetched close*volume
CFM,2026-03-03,8.5,1100.0,9350.0,vnstock:vci:quote_history,https://vnstocks.com/,2026-06-04T02:26:27+00:00,medium,real market row from vnstock Quote.history; trading_value derived from fetched close*volume
CFM,2026-03-04,8.5,1500.0,12750.0,vnstock:vci:quote_history,https://vnstocks.com/,2026-06-04T02:26:27+00:00,medium,real market row from vnstock Quote.history; trading_value derived from fetched close*volume
CFM,2026-03-10,8.5,3100.0,26350.0,vnstock:vci:quote_history,https://vnstocks.com/,2026-06-04T02:26:27+00:00,medium,real market row from vnstock Quote.history; trading_value derived from fetched close*volume
CFM,2026-04-08,9.2,100.0,919.9999999999999,vnstock:vci:quote_history,https://vnstocks.com/,2026-06-04T02:26:27+00:00,medium,real market row from vnstock Quote.history; trading_value derived from fetched close*volume
CFM,2026-04-16,8.0,900.0,7200.0,vnstock:vci:quote_history,https://vnstocks.com/,2026-06-04T02:26:27+00:00,medium,real market row from vnstock Quote.history; trading_value derived from fetched close*volume
CFM,2026-04-20,8.1,200.0,1620.0,vnstock:vci:quote_history,https://vnstocks.com/,2026-06-04T02:26:27+00:00,medium,real market row from vnstock Quote.history; trading_value derived from fetched close*volume
CFM,2026-04-21,9.3,200.0,1860.0000000000002,vnstock:vci:quote_history,https://vnstocks.com/,2026-06-04T02:26:27+00:00,medium,real market row from vnstock Quote.history; trading_value derived from fetched close*volume
CFM,2026-04-24,9.0,500.0,4500.0,vnstock:vci:quote_history,https://vnstocks.com/,2026-06-04T02:26:27+00:00,medium,real market row from vnstock Quote.history; trading_value derived from fetched close*volume
CFM,2026-04-29,9.0,100.0,900.0,vnstock:vci:quote_history,https://vnstocks.com/,2026-06-04T02:26:27+00:00,medium,real market row from vnstock Quote.history; trading_value derived from fetched close*volume
CFM,2026-05-06,10.3,100.0,1030.0,vnstock:vci:quote_history,https://vnstocks.com/,2026-06-04T02:26:27+00:00,medium,real market row from vnstock Quote.history; trading_value derived from fetched close*volume
CFM,2026-05-13,10.7,100.0,1070.0,vnstock:vci:quote_history,https://vnstocks.com/,2026-06-04T02:26:27+00:00,medium,real market row from vnstock Quote.history; trading_value derived from fetched close*volume
CFM,2026-05-14,9.3,200.0,1860.0000000000002,vnstock:vci:quote_history,https://vnstocks.com/,2026-06-04T02:26:27+00:00,medium,real market row from vnstock Quote.history; trading_value derived from fetched close*volume
CFM,2026-05-15,9.3,100.0,930.0000000000001,vnstock:vci:quote_history,https://vnstocks.com/,2026-06-04T02:26:27+00:00,medium,real market row from vnstock Quote.history; trading_value derived from fetched close*volume
CFM,2026-05-28,10.5,100.0,1050.0,vnstock:vci:quote_history,https://vnstocks.com/,2026-06-04T02:26:27+00:00,medium,real market row from vnstock Quote.history; trading_value derived from fetched close*volume
CFM,2026-05-29,11.9,100.0,1190.0,vnstock:vci:quote_history,https://vnstocks.com/,2026-06-04T02:26:27+00:00,medium,real market row from vnstock Quote.history; trading_value derived from fetched close*volume
VPG,2026-04-13,3.73,287600.0,1072748.0,vnstock:vci:quote_history,https://vnstocks.com/,2026-06-04T02:26:27+00:00,medium,real market row from vnstock Quote.history; trading_value derived from fetched close*volume
VPG,2026-04-14,3.72,316900.0,1178868.0,vnstock:vci:quote_history,https://vnstocks.com/,2026-06-04T02:26:27+00:00,medium,real market row from vnstock Quote.history; trading_value derived from fetched close*volume
VPG,2026-04-15,3.63,621100.0,2254593.0,vnstock:vci:quote_history,https://vnstocks.com/,2026-06-04T02:26:27+00:00,medium,real market row from vnstock Quote.history; trading_value derived from fetched close*volume
VPG,2026-04-16,3.62,177000.0,640740.0,vnstock:vci:quote_history,https://vnstocks.com/,2026-06-04T02:26:27+00:00,medium,real market row from vnstock Quote.history; trading_value derived from fetched close*volume
VPG,2026-04-17,3.62,217700.0,788074.0,vnstock:vci:quote_history,https://vnstocks.com/,2026-06-04T02:26:27+00:00,medium,real market row from vnstock Quote.history; trading_value derived from fetched close*volume
VPG,2026-04-20,3.62,316800.0,1146816.0,vnstock:vci:quote_history,https://vnstocks.com/,2026-06-04T02:26:27+00:00,medium,real market row from vnstock Quote.history; trading_value derived from fetched close*volume
VPG,2026-04-21,3.87,268800.0,1040256.0,vnstock:vci:quote_history,https://vnstocks.com/,2026-06-04T02:26:27+00:00,medium,real market row from vnstock Quote.history; trading_value derived from fetched close*volume
VPG,2026-04-22,3.8,1220000.0,4636000.0,vnstock:vci:quote_history,https://vnstocks.com/,2026-06-04T02:26:27+00:00,medium,real market row from vnstock Quote.history; trading_value derived from fetched close*volume
VPG,2026-04-23,3.73,156200.0,582626.0,vnstock:vci:quote_history,https://vnstocks.com/,2026-06-04T02:26:27+00:00,medium,real market row from vnstock Quote.history; trading_value derived from fetched close*volume
VPG,2026-04-24,3.49,570000.0,1989300.0000000002,vnstock:vci:quote_history,https://vnstocks.com/,2026-06-04T02:26:27+00:00,medium,real market row from vnstock Quote.history; trading_value derived from fetched close*volume
VPG,2026-04-28,3.49,276900.0,966381.0000000001,vnstock:vci:quote_history,https://vnstocks.com/,2026-06-04T02:26:27+00:00,medium,real market row from vnstock Quote.history; trading_value derived from fetched close*volume
VPG,2026-04-29,3.49,156100.0,544789.0,vnstock:vci:quote_history,https://vnstocks.com/,2026-06-04T02:26:27+00:00,medium,real market row from vnstock Quote.history; trading_value derived from fetched close*volume
VPG,2026-05-04,3.48,209900.0,730452.0,vnstock:vci:quote_history,https://vnstocks.com/,2026-06-04T02:26:27+00:00,medium,real market row from vnstock Quote.history; trading_value derived from fetched close*volume
VPG,2026-05-05,3.5,338000.0,1183000.0,vnstock:vci:quote_history,https://vnstocks.com/,2026-06-04T02:26:27+00:00,medium,real market row from vnstock Quote.history; trading_value derived from fetched close*volume
VPG,2026-05-06,3.49,162600.0,567474.0,vnstock:vci:quote_history,https://vnstocks.com/,2026-06-04T02:26:27+00:00,medium,real market row from vnstock Quote.history; trading_value derived from fetched close*volume
VPG,2026-05-07,3.56,217900.0,775724.0,vnstock:vci:quote_history,https://vnstocks.com/,2026-06-04T02:26:27+00:00,medium,real market row from vnstock Quote.history; trading_value derived from fetched close*volume
VPG,2026-05-08,3.5,181700.0,635950.0,vnstock:vci:quote_history,https://vnstocks.com/,2026-06-04T02:26:27+00:00,medium,real market row from vnstock Quote.history; trading_value derived from fetched close*volume
VPG,2026-05-11,3.54,193200.0,683928.0,vnstock:vci:quote_history,https://vnstocks.com/,2026-06-04T02:26:27+00:00,medium,real market row from vnstock Quote.history; trading_value derived from fetched close*volume
VPG,2026-05-12,3.6,186800.0,672480.0,vnstock:vci:quote_history,https://vnstocks.com/,2026-06-04T02:26:27+00:00,medium,real market row from vnstock Quote.history; trading_value derived from fetched close*volume
VPG,2026-05-13,3.85,728900.0,2806265.0,vnstock:vci:quote_history,https://vnstocks.com/,2026-06-04T02:26:27+00:00,medium,real market row from vnstock Quote.history; trading_value derived from fetched close*volume
VPG,2026-05-14,3.86,408400.0,1576424.0,vnstock:vci:quote_history,https://vnstocks.com/,2026-06-04T02:26:27+00:00,medium,real market row from vnstock Quote.history; trading_value derived from fetched close*volume
VPG,2026-05-15,3.6,882700.0,3177720.0,vnstock:vci:quote_history,https://vnstocks.com/,2026-06-04T02:26:27+00:00,medium,real market row from vnstock Quote.history; trading_value derived from fetched close*volume
VPG,2026-05-18,3.59,74800.0,268532.0,vnstock:vci:quote_history,https://vnstocks.com/,2026-06-04T02:26:27+00:00,medium,real market row from vnstock Quote.history; trading_value derived from fetched close*volume
VPG,2026-05-19,3.5,171900.0,601650.0,vnstock:vci:quote_history,https://vnstocks.com/,2026-06-04T02:26:27+00:00,medium,real market row from vnstock Quote.history; trading_value derived from fetched close*volume
VPG,2026-05-20,3.46,183200.0,633872.0,vnstock:vci:quote_history,https://vnstocks.com/,2026-06-04T02:26:27+00:00,medium,real market row from vnstock Quote.history; trading_value derived from fetched close*volume
VPG,2026-05-21,3.43,107600.0,369068.0,vnstock:vci:quote_history,https://vnstocks.com/,2026-06-04T02:26:27+00:00,medium,real market row from vnstock Quote.history; trading_value derived from fetched close*volume
VPG,2026-05-22,3.35,197400.0,661290.0,vnstock:vci:quote_history,https://vnstocks.com/,2026-06-04T02:26:27+00:00,medium,real market row from vnstock Quote.history; trading_value derived from fetched close*volume
VPG,2026-05-25,3.34,127700.0,426518.0,vnstock:vci:quote_history,https://vnstocks.com/,2026-06-04T02:26:27+00:00,medium,real market row from vnstock Quote.history; trading_value derived from fetched close*volume
VPG,2026-05-26,3.3,82000.0,270600.0,vnstock:vci:quote_history,https://vnstocks.com/,2026-06-04T02:26:27+00:00,medium,real market row from vnstock Quote.history; trading_value derived from fetched close*volume
VPG,2026-05-27,3.26,134900.0,439774.0,vnstock:vci:quote_history,https://vnstocks.com/,2026-06-04T02:26:27+00:00,medium,real market row from vnstock Quote.history; trading_value derived from fetched close*volume
VPG,2026-05-28,3.29,101500.0,333935.0,vnstock:vci:quote_history,https://vnstocks.com/,2026-06-04T02:26:27+00:00,medium,real market row from vnstock Quote.history; trading_value derived from fetched close*volume
VPG,2026-05-29,3.21,110600.0,355026.0,vnstock:vci:quote_history,https://vnstocks.com/,2026-06-04T02:26:27+00:00,medium,real market row from vnstock Quote.history; trading_value derived from fetched close*volume
VPG,2026-06-01,3.14,187000.0,587180.0,vnstock:vci:quote_history,https://vnstocks.com/,2026-06-04T02:26:27+00:00,medium,real market row from vnstock Quote.history; trading_value derived from fetched close*volume
VPG,2026-06-02,3.04,470300.0,1429712.0,vnstock:vci:quote_history,https://vnstocks.com/,2026-06-04T02:26:27+00:00,medium,real market row from vnstock Quote.history; trading_value derived from fetched close*volume
VPG,2026-06-03,3.01,201700.0,607117.0,vnstock:vci:quote_history,https://vnstocks.com/,2026-06-04T02:26:27+00:00,medium,real market row from vnstock Quote.history; trading_value derived from fetched close*volume
VPG,2026-06-04,3.0,1900.0,5700.0,vnstock:vci:quote_history,https://vnstocks.com/,2026-06-04T02:26:27+00:00,medium,real market row from vnstock Quote.history; trading_value derived from fetched close*volume
DST,2026-04-13,7.9,1200.0,9480.0,vnstock:vci:quote_history,https://vnstocks.com/,2026-06-04T02:26:27+00:00,medium,real market row from vnstock Quote.history; trading_value derived from fetched close*volume
DST,2026-04-14,8.0,2300.0,18400.0,vnstock:vci:quote_history,https://vnstocks.com/,2026-06-04T02:26:27+00:00,medium,real market row from vnstock Quote.history; trading_value derived from fetched close*volume
DST,2026-04-15,8.0,1300.0,10400.0,vnstock:vci:quote_history,https://vnstocks.com/,2026-06-04T02:26:27+00:00,medium,real market row from vnstock Quote.history; trading_value derived from fetched close*volume
DST,2026-04-16,7.4,105700.0,782180.0,vnstock:vci:quote_history,https://vnstocks.com/,2026-06-04T02:26:27+00:00,medium,real market row from vnstock Quote.history; trading_value derived from fetched close*volume
DST,2026-04-17,7.4,3000.0,22200.0,vnstock:vci:quote_history,https://vnstocks.com/,2026-06-04T02:26:27+00:00,medium,real market row from vnstock Quote.history; trading_value derived from fetched close*volume
DST,2026-04-20,7.4,47600.0,352240.0,vnstock:vci:quote_history,https://vnstocks.com/,2026-06-04T02:26:27+00:00,medium,real market row from vnstock Quote.history; trading_value derived from fetched close*volume
DST,2026-04-21,6.8,57900.0,393720.0,vnstock:vci:quote_history,https://vnstocks.com/,2026-06-04T02:26:27+00:00,medium,real market row from vnstock Quote.history; trading_value derived from fetched close*volume
DST,2026-04-22,6.2,30100.0,186620.0,vnstock:vci:quote_history,https://vnstocks.com/,2026-06-04T02:26:27+00:00,medium,real market row from vnstock Quote.history; trading_value derived from fetched close*volume
DST,2026-04-23,5.8,51700.0,299860.0,vnstock:vci:quote_history,https://vnstocks.com/,2026-06-04T02:26:27+00:00,medium,real market row from vnstock Quote.history; trading_value derived from fetched close*volume
DST,2026-04-24,5.4,49400.0,266760.0,vnstock:vci:quote_history,https://vnstocks.com/,2026-06-04T02:26:27+00:00,medium,real market row from vnstock Quote.history; trading_value derived from fetched close*volume
DST,2026-04-28,4.9,274500.0,1345050.0,vnstock:vci:quote_history,https://vnstocks.com/,2026-06-04T02:26:27+00:00,medium,real market row from vnstock Quote.history; trading_value derived from fetched close*volume
DST,2026-04-29,5.0,9100.0,45500.0,vnstock:vci:quote_history,https://vnstocks.com/,2026-06-04T02:26:27+00:00,medium,real market row from vnstock Quote.history; trading_value derived from fetched close*volume
DST,2026-05-04,4.8,61000.0,292800.0,vnstock:vci:quote_history,https://vnstocks.com/,2026-06-04T02:26:27+00:00,medium,real market row from vnstock Quote.history; trading_value derived from fetched close*volume
DST,2026-05-05,4.9,53000.0,259700.00000000003,vnstock:vci:quote_history,https://vnstocks.com/,2026-06-04T02:26:27+00:00,medium,real market row from vnstock Quote.history; trading_value derived from fetched close*volume
DST,2026-05-06,4.8,73200.0,351360.0,vnstock:vci:quote_history,https://vnstocks.com/,2026-06-04T02:26:27+00:00,medium,real market row from vnstock Quote.history; trading_value derived from fetched close*volume
DST,2026-05-07,4.8,35500.0,170400.0,vnstock:vci:quote_history,https://vnstocks.com/,2026-06-04T02:26:27+00:00,medium,real market row from vnstock Quote.history; trading_value derived from fetched close*volume
DST,2026-05-08,4.6,25800.0,118679.99999999999,vnstock:vci:quote_history,https://vnstocks.com/,2026-06-04T02:26:27+00:00,medium,real market row from vnstock Quote.history; trading_value derived from fetched close*volume
DST,2026-05-11,4.2,23200.0,97440.0,vnstock:vci:quote_history,https://vnstocks.com/,2026-06-04T02:26:27+00:00,medium,real market row from vnstock Quote.history; trading_value derived from fetched close*volume
DST,2026-05-12,4.0,35400.0,141600.0,vnstock:vci:quote_history,https://vnstocks.com/,2026-06-04T02:26:27+00:00,medium,real market row from vnstock Quote.history; trading_value derived from fetched close*volume
DST,2026-05-13,4.0,29200.0,116800.0,vnstock:vci:quote_history,https://vnstocks.com/,2026-06-04T02:26:27+00:00,medium,real market row from vnstock Quote.history; trading_value derived from fetched close*volume
DST,2026-05-14,4.4,1383800.0,6088720.000000001,vnstock:vci:quote_history,https://vnstocks.com/,2026-06-04T02:26:27+00:00,medium,real market row from vnstock Quote.history; trading_value derived from fetched close*volume
DST,2026-05-15,4.8,897500.0,4308000.0,vnstock:vci:quote_history,https://vnstocks.com/,2026-06-04T02:26:27+00:00,medium,real market row from vnstock Quote.history; trading_value derived from fetched close*volume
DST,2026-05-18,5.2,278100.0,1446120.0,vnstock:vci:quote_history,https://vnstocks.com/,2026-06-04T02:26:27+00:00,medium,real market row from vnstock Quote.history; trading_value derived from fetched close*volume
DST,2026-05-19,4.7,816000.0,3835200.0,vnstock:vci:quote_history,https://vnstocks.com/,2026-06-04T02:26:27+00:00,medium,real market row from vnstock Quote.history; trading_value derived from fetched close*volume
DST,2026-05-20,4.4,483000.0,2125200.0,vnstock:vci:quote_history,https://vnstocks.com/,2026-06-04T02:26:27+00:00,medium,real market row from vnstock Quote.history; trading_value derived from fetched close*volume
DST,2026-05-21,4.5,69100.0,310950.0,vnstock:vci:quote_history,https://vnstocks.com/,2026-06-04T02:26:27+00:00,medium,real market row from vnstock Quote.history; trading_value derived from fetched close*volume
DST,2026-05-22,4.5,146300.0,658350.0,vnstock:vci:quote_history,https://vnstocks.com/,2026-06-04T02:26:27+00:00,medium,real market row from vnstock Quote.history; trading_value derived from fetched close*volume
DST,2026-05-25,4.9,284300.0,1393070.0,vnstock:vci:quote_history,https://vnstocks.com/,2026-06-04T02:26:27+00:00,medium,real market row from vnstock Quote.history; trading_value derived from fetched close*volume
DST,2026-05-26,5.3,182000.0,964600.0,vnstock:vci:quote_history,https://vnstocks.com/,2026-06-04T02:26:27+00:00,medium,real market row from vnstock Quote.history; trading_value derived from fetched close*volume
DST,2026-05-27,5.8,358500.0,2079300.0,vnstock:vci:quote_history,https://vnstocks.com/,2026-06-04T02:26:27+00:00,medium,real market row from vnstock Quote.history; trading_value derived from fetched close*volume
DST,2026-05-28,6.3,1052900.0,6633270.0,vnstock:vci:quote_history,https://vnstocks.com/,2026-06-04T02:26:27+00:00,medium,real market row from vnstock Quote.history; trading_value derived from fetched close*volume
DST,2026-05-29,6.9,368000.0,2539200.0,vnstock:vci:quote_history,https://vnstocks.com/,2026-06-04T02:26:27+00:00,medium,real market row from vnstock Quote.history; trading_value derived from fetched close*volume
DST,2026-06-01,7.5,135800.0,1018500.0,vnstock:vci:quote_history,https://vnstocks.com/,2026-06-04T02:26:27+00:00,medium,real market row from vnstock Quote.history; trading_value derived from fetched close*volume
DST,2026-06-02,8.2,264200.0,2166440.0,vnstock:vci:quote_history,https://vnstocks.com/,2026-06-04T02:26:27+00:00,medium,real market row from vnstock Quote.history; trading_value derived from fetched close*volume
DST,2026-06-03,9.0,128400.0,1155600.0,vnstock:vci:quote_history,https://vnstocks.com/,2026-06-04T02:26:27+00:00,medium,real market row from vnstock Quote.history; trading_value derived from fetched close*volume
DST,2026-06-04,9.9,154400.0,1528560.0,vnstock:vci:quote_history,https://vnstocks.com/,2026-06-04T02:26:27+00:00,medium,real market row from vnstock Quote.history; trading_value derived from fetched close*volume
DCV,2026-03-24,138.0,1600.0,220800.0,vnstock:vci:quote_history,https://vnstocks.com/,2026-06-04T02:26:27+00:00,medium,real market row from vnstock Quote.history; trading_value derived from fetched close*volume
DCV,2026-03-25,148.0,100.0,14800.0,vnstock:vci:quote_history,https://vnstocks.com/,2026-06-04T02:26:27+00:00,medium,real market row from vnstock Quote.history; trading_value derived from fetched close*volume
DCV,2026-03-26,147.7,100.0,14769.999999999998,vnstock:vci:quote_history,https://vnstocks.com/,2026-06-04T02:26:27+00:00,medium,real market row from vnstock Quote.history; trading_value derived from fetched close*volume
DCV,2026-03-27,140.0,1100.0,154000.0,vnstock:vci:quote_history,https://vnstocks.com/,2026-06-04T02:26:27+00:00,medium,real market row from vnstock Quote.history; trading_value derived from fetched close*volume
DCV,2026-03-30,139.4,200.0,27880.0,vnstock:vci:quote_history,https://vnstocks.com/,2026-06-04T02:26:27+00:00,medium,real market row from vnstock Quote.history; trading_value derived from fetched close*volume
DCV,2026-03-31,148.0,200.0,29600.0,vnstock:vci:quote_history,https://vnstocks.com/,2026-06-04T02:26:27+00:00,medium,real market row from vnstock Quote.history; trading_value derived from fetched close*volume
DCV,2026-04-01,148.0,1200.0,177600.0,vnstock:vci:quote_history,https://vnstocks.com/,2026-06-04T02:26:27+00:00,medium,real market row from vnstock Quote.history; trading_value derived from fetched close*volume
DCV,2026-04-02,159.8,300.0,47940.0,vnstock:vci:quote_history,https://vnstocks.com/,2026-06-04T02:26:27+00:00,medium,real market row from vnstock Quote.history; trading_value derived from fetched close*volume
DCV,2026-04-03,153.0,100.0,15300.0,vnstock:vci:quote_history,https://vnstocks.com/,2026-06-04T02:26:27+00:00,medium,real market row from vnstock Quote.history; trading_value derived from fetched close*volume
DCV,2026-04-08,163.0,2900.0,472700.0,vnstock:vci:quote_history,https://vnstocks.com/,2026-06-04T02:26:27+00:00,medium,real market row from vnstock Quote.history; trading_value derived from fetched close*volume
DCV,2026-04-09,158.8,200.0,31760.000000000004,vnstock:vci:quote_history,https://vnstocks.com/,2026-06-04T02:26:27+00:00,medium,real market row from vnstock Quote.history; trading_value derived from fetched close*volume
DCV,2026-04-10,169.0,200.0,33800.0,vnstock:vci:quote_history,https://vnstocks.com/,2026-06-04T02:26:27+00:00,medium,real market row from vnstock Quote.history; trading_value derived from fetched close*volume
DCV,2026-04-13,159.5,200.0,31900.0,vnstock:vci:quote_history,https://vnstocks.com/,2026-06-04T02:26:27+00:00,medium,real market row from vnstock Quote.history; trading_value derived from fetched close*volume
DCV,2026-04-14,159.5,400.0,63800.0,vnstock:vci:quote_history,https://vnstocks.com/,2026-06-04T02:26:27+00:00,medium,real market row from vnstock Quote.history; trading_value derived from fetched close*volume
DCV,2026-04-15,176.0,800.0,140800.0,vnstock:vci:quote_history,https://vnstocks.com/,2026-06-04T02:26:27+00:00,medium,real market row from vnstock Quote.history; trading_value derived from fetched close*volume
DCV,2026-04-16,154.1,200.0,30820.0,vnstock:vci:quote_history,https://vnstocks.com/,2026-06-04T02:26:27+00:00,medium,real market row from vnstock Quote.history; trading_value derived from fetched close*volume
DCV,2026-04-17,140.0,1700.0,238000.0,vnstock:vci:quote_history,https://vnstocks.com/,2026-06-04T02:26:27+00:00,medium,real market row from vnstock Quote.history; trading_value derived from fetched close*volume
DCV,2026-04-20,159.0,100.0,15900.0,vnstock:vci:quote_history,https://vnstocks.com/,2026-06-04T02:26:27+00:00,medium,real market row from vnstock Quote.history; trading_value derived from fetched close*volume
DCV,2026-04-21,159.0,300.0,47700.0,vnstock:vci:quote_history,https://vnstocks.com/,2026-06-04T02:26:27+00:00,medium,real market row from vnstock Quote.history; trading_value derived from fetched close*volume
DCV,2026-04-22,160.0,300.0,48000.0,vnstock:vci:quote_history,https://vnstocks.com/,2026-06-04T02:26:27+00:00,medium,real market row from vnstock Quote.history; trading_value derived from fetched close*volume
DCV,2026-04-23,160.3,100.0,16030.000000000002,vnstock:vci:quote_history,https://vnstocks.com/,2026-06-04T02:26:27+00:00,medium,real market row from vnstock Quote.history; trading_value derived from fetched close*volume
DCV,2026-04-28,158.9,500.0,79450.0,vnstock:vci:quote_history,https://vnstocks.com/,2026-06-04T02:26:27+00:00,medium,real market row from vnstock Quote.history; trading_value derived from fetched close*volume
DCV,2026-04-29,150.0,600.0,90000.0,vnstock:vci:quote_history,https://vnstocks.com/,2026-06-04T02:26:27+00:00,medium,real market row from vnstock Quote.history; trading_value derived from fetched close*volume
DCV,2026-05-05,164.8,300.0,49440.0,vnstock:vci:quote_history,https://vnstocks.com/,2026-06-04T02:26:27+00:00,medium,real market row from vnstock Quote.history; trading_value derived from fetched close*volume
DCV,2026-05-07,150.0,300.0,45000.0,vnstock:vci:quote_history,https://vnstocks.com/,2026-06-04T02:26:27+00:00,medium,real market row from vnstock Quote.history; trading_value derived from fetched close*volume
DCV,2026-05-12,150.0,300.0,45000.0,vnstock:vci:quote_history,https://vnstocks.com/,2026-06-04T02:26:27+00:00,medium,real market row from vnstock Quote.history; trading_value derived from fetched close*volume
DCV,2026-05-14,154.0,100.0,15400.0,vnstock:vci:quote_history,https://vnstocks.com/,2026-06-04T02:26:27+00:00,medium,real market row from vnstock Quote.history; trading_value derived from fetched close*volume
DCV,2026-05-18,145.0,200.0,29000.0,vnstock:vci:quote_history,https://vnstocks.com/,2026-06-04T02:26:27+00:00,medium,real market row from vnstock Quote.history; trading_value derived from fetched close*volume
DCV,2026-05-21,145.0,500.0,72500.0,vnstock:vci:quote_history,https://vnstocks.com/,2026-06-04T02:26:27+00:00,medium,real market row from vnstock Quote.history; trading_value derived from fetched close*volume
DCV,2026-05-22,126.1,300.0,37830.0,vnstock:vci:quote_history,https://vnstocks.com/,2026-06-04T02:26:27+00:00,medium,real market row from vnstock Quote.history; trading_value derived from fetched close*volume
DCV,2026-05-25,140.0,500.0,70000.0,vnstock:vci:quote_history,https://vnstocks.com/,2026-06-04T02:26:27+00:00,medium,real market row from vnstock Quote.history; trading_value derived from fetched close*volume
DCV,2026-05-26,139.0,200.0,27800.0,vnstock:vci:quote_history,https://vnstocks.com/,2026-06-04T02:26:27+00:00,medium,real market row from vnstock Quote.history; trading_value derived from fetched close*volume
DCV,2026-05-27,152.0,500.0,76000.0,vnstock:vci:quote_history,https://vnstocks.com/,2026-06-04T02:26:27+00:00,medium,real market row from vnstock Quote.history; trading_value derived from fetched close*volume
DCV,2026-05-28,140.0,100.0,14000.0,vnstock:vci:quote_history,https://vnstocks.com/,2026-06-04T02:26:27+00:00,medium,real market row from vnstock Quote.history; trading_value derived from fetched close*volume
DCV,2026-06-02,145.0,500.0,72500.0,vnstock:vci:quote_history,https://vnstocks.com/,2026-06-04T02:26:27+00:00,medium,real market row from vnstock Quote.history; trading_value derived from fetched close*volume
DCV,2026-06-03,148.5,5100.0,757350.0,vnstock:vci:quote_history,https://vnstocks.com/,2026-06-04T02:26:27+00:00,medium,real market row from vnstock Quote.history; trading_value derived from fetched close*volume
MBN,2024-06-06,7.9,0.0,0.0,vnstock:vci:quote_history,https://vnstocks.com/,2026-06-04T02:26:27+00:00,medium,real market row from vnstock Quote.history; trading_value derived from fetched close*volume
MBN,2024-06-07,7.9,0.0,0.0,vnstock:vci:quote_history,https://vnstocks.com/,2026-06-04T02:26:27+00:00,medium,real market row from vnstock Quote.history; trading_value derived from fetched close*volume
MBN,2024-06-10,7.9,0.0,0.0,vnstock:vci:quote_history,https://vnstocks.com/,2026-06-04T02:26:27+00:00,medium,real market row from vnstock Quote.history; trading_value derived from fetched close*volume
MBN,2024-06-11,7.9,0.0,0.0,vnstock:vci:quote_history,https://vnstocks.com/,2026-06-04T02:26:27+00:00,medium,real market row from vnstock Quote.history; trading_value derived from fetched close*volume
MBN,2024-06-12,7.9,0.0,0.0,vnstock:vci:quote_history,https://vnstocks.com/,2026-06-04T02:26:27+00:00,medium,real market row from vnstock Quote.history; trading_value derived from fetched close*volume
MBN,2024-06-13,7.9,0.0,0.0,vnstock:vci:quote_history,https://vnstocks.com/,2026-06-04T02:26:27+00:00,medium,real market row from vnstock Quote.history; trading_value derived from fetched close*volume
MBN,2024-06-14,7.9,0.0,0.0,vnstock:vci:quote_history,https://vnstocks.com/,2026-06-04T02:26:27+00:00,medium,real market row from vnstock Quote.history; trading_value derived from fetched close*volume
MBN,2024-06-17,7.9,0.0,0.0,vnstock:vci:quote_history,https://vnstocks.com/,2026-06-04T02:26:27+00:00,medium,real market row from vnstock Quote.history; trading_value derived from fetched close*volume
MBN,2024-06-18,7.9,0.0,0.0,vnstock:vci:quote_history,https://vnstocks.com/,2026-06-04T02:26:27+00:00,medium,real market row from vnstock Quote.history; trading_value derived from fetched close*volume
MBN,2024-06-19,7.9,0.0,0.0,vnstock:vci:quote_history,https://vnstocks.com/,2026-06-04T02:26:27+00:00,medium,real market row from vnstock Quote.history; trading_value derived from fetched close*volume
MBN,2024-06-20,7.9,0.0,0.0,vnstock:vci:quote_history,https://vnstocks.com/,2026-06-04T02:26:27+00:00,medium,real market row from vnstock Quote.history; trading_value derived from fetched close*volume
MBN,2024-06-21,7.9,0.0,0.0,vnstock:vci:quote_history,https://vnstocks.com/,2026-06-04T02:26:27+00:00,medium,real market row from vnstock Quote.history; trading_value derived from fetched close*volume
MBN,2024-06-24,7.9,0.0,0.0,vnstock:vci:quote_history,https://vnstocks.com/,2026-06-04T02:26:27+00:00,medium,real market row from vnstock Quote.history; trading_value derived from fetched close*volume
MBN,2024-06-25,7.9,0.0,0.0,vnstock:vci:quote_history,https://vnstocks.com/,2026-06-04T02:26:27+00:00,medium,real market row from vnstock Quote.history; trading_value derived from fetched close*volume
MBN,2024-06-26,7.9,0.0,0.0,vnstock:vci:quote_history,https://vnstocks.com/,2026-06-04T02:26:27+00:00,medium,real market row from vnstock Quote.history; trading_value derived from fetched close*volume
MBN,2024-06-27,7.9,0.0,0.0,vnstock:vci:quote_history,https://vnstocks.com/,2026-06-04T02:26:27+00:00,medium,real market row from vnstock Quote.history; trading_value derived from fetched close*volume
MBN,2024-06-28,7.9,0.0,0.0,vnstock:vci:quote_history,https://vnstocks.com/,2026-06-04T02:26:27+00:00,medium,real market row from vnstock Quote.history; trading_value derived from fetched close*volume
MBN,2024-07-01,7.9,0.0,0.0,vnstock:vci:quote_history,https://vnstocks.com/,2026-06-04T02:26:27+00:00,medium,real market row from vnstock Quote.history; trading_value derived from fetched close*volume
MBN,2024-07-02,7.9,0.0,0.0,vnstock:vci:quote_history,https://vnstocks.com/,2026-06-04T02:26:27+00:00,medium,real market row from vnstock Quote.history; trading_value derived from fetched close*volume
MBN,2024-07-03,7.9,0.0,0.0,vnstock:vci:quote_history,https://vnstocks.com/,2026-06-04T02:26:27+00:00,medium,real market row from vnstock Quote.history; trading_value derived from fetched close*volume
MBN,2024-07-04,7.9,0.0,0.0,vnstock:vci:quote_history,https://vnstocks.com/,2026-06-04T02:26:27+00:00,medium,real market row from vnstock Quote.history; trading_value derived from fetched close*volume
MBN,2024-07-05,7.9,0.0,0.0,vnstock:vci:quote_history,https://vnstocks.com/,2026-06-04T02:26:27+00:00,medium,real market row from vnstock Quote.history; trading_value derived from fetched close*volume
MBN,2024-07-08,7.9,0.0,0.0,vnstock:vci:quote_history,https://vnstocks.com/,2026-06-04T02:26:27+00:00,medium,real market row from vnstock Quote.history; trading_value derived from fetched close*volume
MBN,2024-07-09,7.9,0.0,0.0,vnstock:vci:quote_history,https://vnstocks.com/,2026-06-04T02:26:27+00:00,medium,real market row from vnstock Quote.history; trading_value derived from fetched close*volume
MBN,2024-07-10,7.9,0.0,0.0,vnstock:vci:quote_history,https://vnstocks.com/,2026-06-04T02:26:27+00:00,medium,real market row from vnstock Quote.history; trading_value derived from fetched close*volume
MBN,2024-07-11,7.9,0.0,0.0,vnstock:vci:quote_history,https://vnstocks.com/,2026-06-04T02:26:27+00:00,medium,real market row from vnstock Quote.history; trading_value derived from fetched close*volume
MBN,2024-07-12,7.9,0.0,0.0,vnstock:vci:quote_history,https://vnstocks.com/,2026-06-04T02:26:27+00:00,medium,real market row from vnstock Quote.history; trading_value derived from fetched close*volume
MBN,2024-07-15,7.9,0.0,0.0,vnstock:vci:quote_history,https://vnstocks.com/,2026-06-04T02:26:27+00:00,medium,real market row from vnstock Quote.history; trading_value derived from fetched close*volume
MBN,2024-07-16,7.9,0.0,0.0,vnstock:vci:quote_history,https://vnstocks.com/,2026-06-04T02:26:27+00:00,medium,real market row from vnstock Quote.history; trading_value derived from fetched close*volume
MBN,2024-07-17,7.9,0.0,0.0,vnstock:vci:quote_history,https://vnstocks.com/,2026-06-04T02:26:27+00:00,medium,real market row from vnstock Quote.history; trading_value derived from fetched close*volume
MBN,2024-07-18,7.9,0.0,0.0,vnstock:vci:quote_history,https://vnstocks.com/,2026-06-04T02:26:27+00:00,medium,real market row from vnstock Quote.history; trading_value derived from fetched close*volume
MBN,2024-07-19,7.9,0.0,0.0,vnstock:vci:quote_history,https://vnstocks.com/,2026-06-04T02:26:27+00:00,medium,real market row from vnstock Quote.history; trading_value derived from fetched close*volume
MBN,2024-07-22,7.9,0.0,0.0,vnstock:vci:quote_history,https://vnstocks.com/,2026-06-04T02:26:27+00:00,medium,real market row from vnstock Quote.history; trading_value derived from fetched close*volume
MBN,2024-07-23,7.9,0.0,0.0,vnstock:vci:quote_history,https://vnstocks.com/,2026-06-04T02:26:27+00:00,medium,real market row from vnstock Quote.history; trading_value derived from fetched close*volume
MBN,2024-07-24,7.9,0.0,0.0,vnstock:vci:quote_history,https://vnstocks.com/,2026-06-04T02:26:27+00:00,medium,real market row from vnstock Quote.history; trading_value derived from fetched close*volume
MBN,2024-07-25,7.9,0.0,0.0,vnstock:vci:quote_history,https://vnstocks.com/,2026-06-04T02:26:27+00:00,medium,real market row from vnstock Quote.history; trading_value derived from fetched close*volume
HPG,2026-04-13,24.82,23037424.0,571788863.68,vnstock:vci:quote_history,https://vnstocks.com/,2026-06-04T02:26:27+00:00,medium,real market row from vnstock Quote.history; trading_value derived from fetched close*volume
HPG,2026-04-14,25.49,62006470.0,1580544920.3,vnstock:vci:quote_history,https://vnstocks.com/,2026-06-04T02:26:27+00:00,medium,real market row from vnstock Quote.history; trading_value derived from fetched close*volume
HPG,2026-04-15,25.04,29790490.0,745953869.6,vnstock:vci:quote_history,https://vnstocks.com/,2026-06-04T02:26:27+00:00,medium,real market row from vnstock Quote.history; trading_value derived from fetched close*volume
HPG,2026-04-16,24.95,28012198.0,698904340.1,vnstock:vci:quote_history,https://vnstocks.com/,2026-06-04T02:26:27+00:00,medium,real market row from vnstock Quote.history; trading_value derived from fetched close*volume
HPG,2026-04-17,25.0,21420449.0,535511225.0,vnstock:vci:quote_history,https://vnstocks.com/,2026-06-04T02:26:27+00:00,medium,real market row from vnstock Quote.history; trading_value derived from fetched close*volume
HPG,2026-04-20,25.4,26468808.0,672307723.1999999,vnstock:vci:quote_history,https://vnstocks.com/,2026-06-04T02:26:27+00:00,medium,real market row from vnstock Quote.history; trading_value derived from fetched close*volume
HPG,2026-04-21,25.49,99722634.0,2541929940.66,vnstock:vci:quote_history,https://vnstocks.com/,2026-06-04T02:26:27+00:00,medium,real market row from vnstock Quote.history; trading_value derived from fetched close*volume
HPG,2026-04-22,25.18,27776563.0,699413856.34,vnstock:vci:quote_history,https://vnstocks.com/,2026-06-04T02:26:27+00:00,medium,real market row from vnstock Quote.history; trading_value derived from fetched close*volume
HPG,2026-04-23,24.82,41183372.0,1022171293.04,vnstock:vci:quote_history,https://vnstocks.com/,2026-06-04T02:26:27+00:00,medium,real market row from vnstock Quote.history; trading_value derived from fetched close*volume
HPG,2026-04-24,24.91,23427585.0,583581142.35,vnstock:vci:quote_history,https://vnstocks.com/,2026-06-04T02:26:27+00:00,medium,real market row from vnstock Quote.history; trading_value derived from fetched close*volume
HPG,2026-04-28,24.77,14097091.0,349184944.07,vnstock:vci:quote_history,https://vnstocks.com/,2026-06-04T02:26:27+00:00,medium,real market row from vnstock Quote.history; trading_value derived from fetched close*volume
HPG,2026-04-29,24.77,17258827.0,427501144.79,vnstock:vci:quote_history,https://vnstocks.com/,2026-06-04T02:26:27+00:00,medium,real market row from vnstock Quote.history; trading_value derived from fetched close*volume
HPG,2026-05-04,24.64,32415715.0,798723217.6,vnstock:vci:quote_history,https://vnstocks.com/,2026-06-04T02:26:27+00:00,medium,real market row from vnstock Quote.history; trading_value derived from fetched close*volume
HPG,2026-05-05,24.37,30720861.0,748667382.57,vnstock:vci:quote_history,https://vnstocks.com/,2026-06-04T02:26:27+00:00,medium,real market row from vnstock Quote.history; trading_value derived from fetched close*volume
HPG,2026-05-06,24.64,27689609.0,682271965.76,vnstock:vci:quote_history,https://vnstocks.com/,2026-06-04T02:26:27+00:00,medium,real market row from vnstock Quote.history; trading_value derived from fetched close*volume
HPG,2026-05-07,24.77,20376023.0,504714089.71,vnstock:vci:quote_history,https://vnstocks.com/,2026-06-04T02:26:27+00:00,medium,real market row from vnstock Quote.history; trading_value derived from fetched close*volume
HPG,2026-05-08,24.86,20700430.0,514612689.8,vnstock:vci:quote_history,https://vnstocks.com/,2026-06-04T02:26:27+00:00,medium,real market row from vnstock Quote.history; trading_value derived from fetched close*volume
HPG,2026-05-11,24.55,23702974.0,581908011.7,vnstock:vci:quote_history,https://vnstocks.com/,2026-06-04T02:26:27+00:00,medium,real market row from vnstock Quote.history; trading_value derived from fetched close*volume
HPG,2026-05-12,24.45,19197160.0,469370562.0,vnstock:vci:quote_history,https://vnstocks.com/,2026-06-04T02:26:27+00:00,medium,real market row from vnstock Quote.history; trading_value derived from fetched close*volume
HPG,2026-05-13,24.64,21568148.0,531439166.72,vnstock:vci:quote_history,https://vnstocks.com/,2026-06-04T02:26:27+00:00,medium,real market row from vnstock Quote.history; trading_value derived from fetched close*volume
HPG,2026-05-14,24.59,14068257.0,345938439.63,vnstock:vci:quote_history,https://vnstocks.com/,2026-06-04T02:26:27+00:00,medium,real market row from vnstock Quote.history; trading_value derived from fetched close*volume
HPG,2026-05-15,24.14,75912487.0,1832527436.18,vnstock:vci:quote_history,https://vnstocks.com/,2026-06-04T02:26:27+00:00,medium,real market row from vnstock Quote.history; trading_value derived from fetched close*volume
HPG,2026-05-18,24.05,27528757.0,662066605.85,vnstock:vci:quote_history,https://vnstocks.com/,2026-06-04T02:26:27+00:00,medium,real market row from vnstock Quote.history; trading_value derived from fetched close*volume
HPG,2026-05-19,23.86,25163815.0,600408625.9,vnstock:vci:quote_history,https://vnstocks.com/,2026-06-04T02:26:27+00:00,medium,real market row from vnstock Quote.history; trading_value derived from fetched close*volume
HPG,2026-05-20,23.82,41052048.0,977859783.36,vnstock:vci:quote_history,https://vnstocks.com/,2026-06-04T02:26:27+00:00,medium,real market row from vnstock Quote.history; trading_value derived from fetched close*volume
HPG,2026-05-21,24.14,30595854.0,738583915.5600001,vnstock:vci:quote_history,https://vnstocks.com/,2026-06-04T02:26:27+00:00,medium,real market row from vnstock Quote.history; trading_value derived from fetched close*volume
HPG,2026-05-22,23.95,25827721.0,618573917.9499999,vnstock:vci:quote_history,https://vnstocks.com/,2026-06-04T02:26:27+00:00,medium,real market row from vnstock Quote.history; trading_value derived from fetched close*volume
HPG,2026-05-25,24.1,27074403.0,652493112.3000001,vnstock:vci:quote_history,https://vnstocks.com/,2026-06-04T02:26:27+00:00,medium,real market row from vnstock Quote.history; trading_value derived from fetched close*volume
HPG,2026-05-26,24.25,20759854.0,503426459.5,vnstock:vci:quote_history,https://vnstocks.com/,2026-06-04T02:26:27+00:00,medium,real market row from vnstock Quote.history; trading_value derived from fetched close*volume
HPG,2026-05-27,24.15,23173011.0,559628215.65,vnstock:vci:quote_history,https://vnstocks.com/,2026-06-04T02:26:27+00:00,medium,real market row from vnstock Quote.history; trading_value derived from fetched close*volume
HPG,2026-05-28,24.0,15705421.0,376930104.0,vnstock:vci:quote_history,https://vnstocks.com/,2026-06-04T02:26:27+00:00,medium,real market row from vnstock Quote.history; trading_value derived from fetched close*volume
HPG,2026-05-29,24.0,16397908.0,393549792.0,vnstock:vci:quote_history,https://vnstocks.com/,2026-06-04T02:26:27+00:00,medium,real market row from vnstock Quote.history; trading_value derived from fetched close*volume
HPG,2026-06-01,24.05,9694955.0,233163667.75,vnstock:vci:quote_history,https://vnstocks.com/,2026-06-04T02:26:27+00:00,medium,real market row from vnstock Quote.history; trading_value derived from fetched close*volume
HPG,2026-06-02,23.7,25598352.0,606680942.4,vnstock:vci:quote_history,https://vnstocks.com/,2026-06-04T02:26:27+00:00,medium,real market row from vnstock Quote.history; trading_value derived from fetched close*volume
HPG,2026-06-03,24.15,20599837.0,497486063.54999995,vnstock:vci:quote_history,https://vnstocks.com/,2026-06-04T02:26:27+00:00,medium,real market row from vnstock Quote.history; trading_value derived from fetched close*volume
HPG,2026-06-04,24.1,928200.0,22369620.0,vnstock:vci:quote_history,https://vnstocks.com/,2026-06-04T02:26:27+00:00,medium,real market row from vnstock Quote.history; trading_value derived from fetched close*volume
